paper_id,claim_id,claim_type,node_id,statement,ae_confidence,node_type,article_type_family,template_version,environment_variable,outcome_variable,environment_candidates,outcome_candidates,environment_candidate_scores,outcome_candidate_scores,environment_canonical_id,outcome_canonical_id,environment_resolution_confidence,outcome_resolution_confidence,environment_resolution_match_type,outcome_resolution_match_type,translation_status,translation_confidence,translation_warnings,environment_node_id,outcome_node_id,effect_direction,edge_id,edge_type,source_node_id,target_node_id,weight,evidence_basis,needs_verification,justification,relation_type_hint,relation_strength_hint,relation_provenance_hint,argument_relation_type,causal_level,argument_scheme,theory_name,target_paper_id,citation_text,citation_doi,citation_context,citation_match_confidence,citation_match_type,source_section,source_page_start,source_page_end,source_quote,source_quote_hash,source_table_id,source_table_row,quality_flag,source,evidence_level,provenance_tier,requires_pdf_confirmation,source_zone,extraction_difficulty,processed_at,article_type_needs_review
doi:10.18419/opus-9385,doi:10.18419/opus-9385-TBL-C001,finding,doi:10.18419/opus-9385-TBL-C001,: T I: THE CONCEPTUAL STUDY,0.6,EMPIRICAL_FINDING,unknown,unknown_with_reason:runtime_table_extractor,conceptual conceptual,conceptual conceptual,['conceptual conceptual'],['conceptual conceptual'],"['stone concrete:0.571', 'concealed viewpoint:0.550']",[],UNRESOLVED:environment:conceptual_conceptual,UNRESOLVED:outcome:conceptual_conceptual,0.0,0.0,unresolved,unresolved,inferred,0.5714,environment_unresolved|outcome_unresolved,env.unresolved.conceptual_conceptual,out.unresolved.conceptual_conceptual,positive,edge:doi:10.18419/opus-9385-TBL-C001,COHERENCE_SUPPORT,env.unresolved.conceptual_conceptual,out.unresolved.conceptual_conceptual,0.4,explicit_statement,true,: T I: THE CONCEPTUAL STUDY,explains,0.4,argument:default_contextual,table_claim,association,causal_argument,,,,,,,,table,29,29,: T I: THE CONCEPTUAL STUDY,feb128a5982f4c49,TBL-20260216235812-001,0,needs_article_type_verification|translation_inferred|environment_unresolved|outcome_unresolved,codex_pdfplumber,pdf_table_extracted,pdf_confirmed,no,table,moderate,2026-02-16T22:58:39.977305+00:00,true
doi:10.18419/opus-9385,doi:10.18419/opus-9385-TBL-C002,finding,doi:10.18419/opus-9385-TBL-C002,: pter I,0.6,EMPIRICAL_FINDING,unknown,unknown_with_reason:runtime_table_extractor,pter pter,pter pter,['pter pter'],['pter pter'],"['wallpaper patterned:0.571', 'planters present:0.560', 'potted plants:0.545', 'water feature:0.545', 'temple:0.533']",[],UNRESOLVED:environment:pter_pter,UNRESOLVED:outcome:pter_pter,0.0,0.0,unresolved,unresolved,inferred,0.5714,environment_unresolved|outcome_unresolved,env.unresolved.pter_pter,out.unresolved.pter_pter,positive,edge:doi:10.18419/opus-9385-TBL-C002,COHERENCE_SUPPORT,env.unresolved.pter_pter,out.unresolved.pter_pter,0.4,explicit_statement,true,: pter I,explains,0.4,argument:default_contextual,table_claim,association,causal_argument,,,,,,,,table,31,31,: pter I,d8b55724744261bb,TBL-20260216235812-002,0,needs_article_type_verification|translation_inferred|environment_unresolved|outcome_unresolved,codex_pdfplumber,pdf_table_extracted,pdf_confirmed,no,table,moderate,2026-02-16T22:58:40.027420+00:00,true
doi:10.18419/opus-9385,doi:10.18419/opus-9385-TBL-C003,finding,doi:10.18419/opus-9385-TBL-C003,: Research Introduction,0.6,EMPIRICAL_FINDING,unknown,unknown_with_reason:runtime_table_extractor,introduction,research introduction research,['research introduction research'],['research introduction research'],['solar penetration depth:0.528'],[],env.ae.hazard_indicators,UNRESOLVED:outcome:research_introduction_research,0.75,0.0,fuzzy,unresolved,inferred,0.75,outcome_unresolved,env.ae.hazard_indicators,out.unresolved.research_introduction_research,positive,edge:doi:10.18419/opus-9385-TBL-C003,COHERENCE_SUPPORT,env.ae.hazard_indicators,out.unresolved.research_introduction_research,0.4,explicit_statement,true,: Research Introduction,explains,0.4,argument:default_contextual,table_claim,association,causal_argument,,,,,,,,table,31,31,: Research Introduction,cb82137ba6ce0c6f,TBL-20260216235812-002,2,needs_article_type_verification|translation_inferred|outcome_unresolved,codex_pdfplumber,pdf_table_extracted,pdf_confirmed,no,table,moderate,2026-02-16T22:58:40.206576+00:00,true
doi:10.18419/opus-9385,doi:10.18419/opus-9385-TBL-C004,finding,doi:10.18419/opus-9385-TBL-C004,"Profile (A): Typical Egyptian
office space profile",0.6,EMPIRICAL_FINDING,unknown,unknown_with_reason:runtime_table_extractor,profile typical egyptian,profile typical egyptian,['profile typical egyptian'],['profile typical egyptian'],[],[],UNRESOLVED:environment:profile_typical_egyptian,UNRESOLVED:outcome:profile_typical_egyptian,0.0,0.0,unresolved,unresolved,inferred,0.0,environment_unresolved|outcome_unresolved,env.unresolved.profile_typical_egyptian,out.unresolved.profile_typical_egyptian,positive,edge:doi:10.18419/opus-9385-TBL-C004,COHERENCE_SUPPORT,env.unresolved.profile_typical_egyptian,out.unresolved.profile_typical_egyptian,0.4,explicit_statement,true,Profile (A): Typical Egyptian office space profile,explains,0.4,argument:default_contextual,table_claim,association,causal_argument,,,,,,,,table,45,45,Profile (A): Typical Egyptian office space profile,c70bce1592afb195,TBL-20260216235813-003,0,needs_article_type_verification|translation_inferred|environment_unresolved|outcome_unresolved,codex_pdfplumber,pdf_table_extracted,pdf_confirmed,no,table,moderate,2026-02-16T22:58:40.379458+00:00,true
doi:10.18419/opus-9385,doi:10.18419/opus-9385-TBL-C005,finding,doi:10.18419/opus-9385-TBL-C005,"Profile (B): ASHRAE standards
based profile",0.6,EMPIRICAL_FINDING,unknown,unknown_with_reason:runtime_table_extractor,profile ashrae standards,profile ashrae standards,['profile ashrae standards'],['profile ashrae standards'],[],[],UNRESOLVED:environment:profile_ashrae_standards,UNRESOLVED:outcome:profile_ashrae_standards,0.0,0.0,unresolved,unresolved,inferred,0.0,environment_unresolved|outcome_unresolved,env.unresolved.profile_ashrae_standards,out.unresolved.profile_ashrae_standards,positive,edge:doi:10.18419/opus-9385-TBL-C005,COHERENCE_SUPPORT,env.unresolved.profile_ashrae_standards,out.unresolved.profile_ashrae_standards,0.4,explicit_statement,true,Profile (B): ASHRAE standards based profile,explains,0.4,argument:default_contextual,table_claim,association,causal_argument,,,,,,,,table,45,45,Profile (B): ASHRAE standards based profile,9fbca1016cef040a,TBL-20260216235813-004,0,needs_article_type_verification|translation_inferred|environment_unresolved|outcome_unresolved,codex_pdfplumber,pdf_table_extracted,pdf_confirmed,no,table,moderate,2026-02-16T22:58:40.556206+00:00,true
doi:10.18419/opus-9385,doi:10.18419/opus-9385-TBL-C006,methodology,doi:10.18419/opus-9385-TBL-C006,: Unknown study,0.9,KNOWLEDGE_GAP,unknown,unknown_with_reason:runtime_table_extractor,unknown unknown,unknown unknown,['unknown unknown'],['unknown unknown'],[],[],UNRESOLVED:environment:unknown_unknown,UNRESOLVED:outcome:unknown_unknown,0.0,0.0,unresolved,unresolved,noncausal,0.0,noncausal_claim_type,env.unresolved.unknown_unknown,out.unresolved.unknown_unknown,positive,edge:doi:10.18419/opus-9385-TBL-C006,COHERENCE_SUPPORT,env.unresolved.unknown_unknown,out.unresolved.unknown_unknown,0.45,consensus,true,: Unknown study,explains,0.45,argument:method_or_sample_context,table_claim,association,causal_argument,,,,,,,,table,45,45,: Unknown study,6e6bc11e8a69b826,TBL-20260216235813-005,0,needs_article_type_verification|translation_noncausal|noncausal_claim_type,codex_pdfplumber,pdf_table_extracted,pdf_confirmed,no,table,moderate,2026-02-16T22:58:40.617736+00:00,true
doi:10.18419/opus-9385,doi:10.18419/opus-9385-TBL-C008,finding,doi:10.18419/opus-9385-TBL-C008,: T II: THE THEORETICAL STUDY,0.6,EMPIRICAL_FINDING,unknown,unknown_with_reason:runtime_table_extractor,theoretical theoretical,theoretical theoretical,['theoretical theoretical'],['theoretical theoretical'],"['natural materials:0.550', 'high vertical clearance:0.522']",[],UNRESOLVED:environment:theoretical_theoretical,UNRESOLVED:outcome:theoretical_theoretical,0.0,0.0,unresolved,unresolved,inferred,0.55,environment_unresolved|outcome_unresolved,env.unresolved.theoretical_theoretical,out.unresolved.theoretical_theoretical,positive,edge:doi:10.18419/opus-9385-TBL-C008,COHERENCE_SUPPORT,env.unresolved.theoretical_theoretical,out.unresolved.theoretical_theoretical,0.4,explicit_statement,true,: T II: THE THEORETICAL STUDY,explains,0.4,argument:default_contextual,table_claim,association,causal_argument,,,,,,,,table,47,47,: T II: THE THEORETICAL STUDY,0538539cb3a13cdc,TBL-20260216235813-006,0,needs_article_type_verification|translation_inferred|environment_unresolved|outcome_unresolved,codex_pdfplumber,pdf_table_extracted,pdf_confirmed,no,table,moderate,2026-02-16T22:58:40.718059+00:00,true
doi:10.18419/opus-9385,doi:10.18419/opus-9385-TBL-C009,finding,doi:10.18419/opus-9385-TBL-C009,: pter II,0.6,EMPIRICAL_FINDING,unknown,unknown_with_reason:runtime_table_extractor,pter pter,pter pter,['pter pter'],['pter pter'],"['wallpaper patterned:0.571', 'planters present:0.560', 'potted plants:0.545', 'water feature:0.545', 'temple:0.533']",[],UNRESOLVED:environment:pter_pter,UNRESOLVED:outcome:pter_pter,0.0,0.0,unresolved,unresolved,inferred,0.5714,environment_unresolved|outcome_unresolved,env.unresolved.pter_pter,out.unresolved.pter_pter,positive,edge:doi:10.18419/opus-9385-TBL-C009,COHERENCE_SUPPORT,env.unresolved.pter_pter,out.unresolved.pter_pter,0.4,explicit_statement,true,: pter II,explains,0.4,argument:default_contextual,table_claim,association,causal_argument,,,,,,,,table,49,49,: pter II,55ec0acef5ee6105,TBL-20260216235813-007,0,needs_article_type_verification|translation_inferred|environment_unresolved|outcome_unresolved,codex_pdfplumber,pdf_table_extracted,pdf_confirmed,no,table,moderate,2026-02-16T22:58:40.769185+00:00,true
doi:10.18419/opus-9385,doi:10.18419/opus-9385-TBL-C010,finding,doi:10.18419/opus-9385-TBL-C010,: Worldwide Energy Predicaments,0.6,EMPIRICAL_FINDING,unknown,unknown_with_reason:runtime_table_extractor,worldwide energy predicaments,worldwide energy predicaments,['worldwide energy predicaments'],['worldwide energy predicaments'],"['wood stone prominent:0.531', 'absorptive treatments:0.520']",[],UNRESOLVED:environment:worldwide_energy_predicaments,UNRESOLVED:outcome:worldwide_energy_predicaments,0.0,0.0,unresolved,unresolved,inferred,0.5306,environment_unresolved|outcome_unresolved,env.unresolved.worldwide_energy_predicaments,out.unresolved.worldwide_energy_predicaments,positive,edge:doi:10.18419/opus-9385-TBL-C010,COHERENCE_SUPPORT,env.unresolved.worldwide_energy_predicaments,out.unresolved.worldwide_energy_predicaments,0.4,explicit_statement,true,: Worldwide Energy Predicaments,explains,0.4,argument:default_contextual,table_claim,association,causal_argument,,,,,,,,table,49,49,: Worldwide Energy Predicaments,d5b255ba428c6a10,TBL-20260216235813-007,2,needs_article_type_verification|translation_inferred|environment_unresolved|outcome_unresolved,codex_pdfplumber,pdf_table_extracted,pdf_confirmed,no,table,moderate,2026-02-16T22:58:40.964030+00:00,true
doi:10.18419/opus-9385,doi:10.18419/opus-9385-TBL-C011,finding,doi:10.18419/opus-9385-TBL-C011,: pter III,0.6,EMPIRICAL_FINDING,unknown,unknown_with_reason:runtime_table_extractor,pter iii pter,pter iii pter,['pter iii pter'],['pter iii pter'],[],[],UNRESOLVED:environment:pter_iii_pter,UNRESOLVED:outcome:pter_iii_pter,0.0,0.0,unresolved,unresolved,inferred,0.0,environment_unresolved|outcome_unresolved,env.unresolved.pter_iii_pter,out.unresolved.pter_iii_pter,positive,edge:doi:10.18419/opus-9385-TBL-C011,COHERENCE_SUPPORT,env.unresolved.pter_iii_pter,out.unresolved.pter_iii_pter,0.4,explicit_statement,true,: pter III,explains,0.4,argument:default_contextual,table_claim,association,causal_argument,,,,,,,,table,59,59,: pter III,48cd507d96765240,TBL-20260216235814-008,0,needs_article_type_verification|translation_inferred|environment_unresolved|outcome_unresolved,codex_pdfplumber,pdf_table_extracted,pdf_confirmed,no,table,moderate,2026-02-16T22:58:41.070765+00:00,true
doi:10.18419/opus-9385,doi:10.18419/opus-9385-TBL-C012,finding,doi:10.18419/opus-9385-TBL-C012,: Review on Glazing in Architecture,0.6,EMPIRICAL_FINDING,unknown,unknown_with_reason:runtime_table_extractor,review glazing architecture,review glazing architecture,['review glazing architecture'],['review glazing architecture'],"['flowing architecture:0.723', 'revelation rate:0.571', 'repeating pattern:0.545', 'visible glazing:0.524']",[],env.ae.curvilinear_forms,UNRESOLVED:outcome:review_glazing_architecture,0.7234,0.0,fuzzy,unresolved,inferred,0.7234,outcome_unresolved,env.ae.curvilinear_forms,out.unresolved.review_glazing_architecture,positive,edge:doi:10.18419/opus-9385-TBL-C012,COHERENCE_SUPPORT,env.ae.curvilinear_forms,out.unresolved.review_glazing_architecture,0.4,explicit_statement,true,: Review on Glazing in Architecture,explains,0.4,argument:default_contextual,table_claim,association,causal_argument,,,,,,,,table,59,59,: Review on Glazing in Architecture,de680bf4bbfaa54f,TBL-20260216235814-008,2,needs_article_type_verification|translation_inferred|outcome_unresolved,codex_pdfplumber,pdf_table_extracted,pdf_confirmed,no,table,moderate,2026-02-16T22:58:41.151275+00:00,true
doi:10.18419/opus-9385,doi:10.18419/opus-9385-TBL-C013,finding,doi:10.18419/opus-9385-TBL-C013,: pter IV,0.6,EMPIRICAL_FINDING,unknown,unknown_with_reason:runtime_table_extractor,pter pter,pter pter,['pter pter'],['pter pter'],"['wallpaper patterned:0.571', 'planters present:0.560', 'potted plants:0.545', 'water feature:0.545', 'temple:0.533']",[],UNRESOLVED:environment:pter_pter,UNRESOLVED:outcome:pter_pter,0.0,0.0,unresolved,unresolved,inferred,0.5714,environment_unresolved|outcome_unresolved,env.unresolved.pter_pter,out.unresolved.pter_pter,positive,edge:doi:10.18419/opus-9385-TBL-C013,COHERENCE_SUPPORT,env.unresolved.pter_pter,out.unresolved.pter_pter,0.4,explicit_statement,true,: pter IV,explains,0.4,argument:default_contextual,table_claim,association,causal_argument,,,,,,,,table,75,75,: pter IV,af3b3bab07fe3533,TBL-20260216235815-010,0,needs_article_type_verification|translation_inferred|environment_unresolved|outcome_unresolved,codex_pdfplumber,pdf_table_extracted,pdf_confirmed,no,table,moderate,2026-02-16T22:58:41.201189+00:00,true
doi:10.18419/opus-9385,doi:10.18419/opus-9385-TBL-C014,finding,doi:10.18419/opus-9385-TBL-C014,": PSYCHOLOGICAL VALUES
OF TRANSPARENCY",0.6,EMPIRICAL_FINDING,unknown,unknown_with_reason:runtime_table_extractor,values,psychological values,['psychological values transparency'],['psychological values transparency'],[],['psychological stress:0.642'],env.ae.cool_color_palette,affect.stress,0.7273,0.8,fuzzy,fuzzy,fuzzy,0.8,,env.ae.cool_color_palette,out.affect.stress,positive,edge:doi:10.18419/opus-9385-TBL-C014,COHERENCE_SUPPORT,env.ae.cool_color_palette,out.affect.stress,0.4,explicit_statement,true,: PSYCHOLOGICAL VALUES OF TRANSPARENCY,explains,0.4,argument:default_contextual,table_claim,association,causal_argument,,,,,,,,table,75,75,: PSYCHOLOGICAL VALUES OF TRANSPARENCY,45accae927285d2c,TBL-20260216235815-010,2,needs_article_type_verification,codex_pdfplumber,pdf_table_extracted,pdf_confirmed,no,table,moderate,2026-02-16T22:58:41.385120+00:00,true
doi:10.18419/opus-9385,doi:10.18419/opus-9385-TBL-C015,finding,doi:10.18419/opus-9385-TBL-C015,"Needs: External
View; Benefits: Access to Environmental Information
Access to Sensory Change
Connection to the World Outside
Restoration and Recovery",0.6,EMPIRICAL_FINDING,unknown,unknown_with_reason:runtime_table_extractor,restoration,needs external view,['restoration'],['needs external view'],"['restoration:1.000', 'cognitive.restoration:0.940', 'saturation:0.762', 'color.saturation:0.667', 'proportion:0.667']",[],cognitive.restoration,out.generic.restoration,1.0,0.42,exact,generic_keyword,inferred,1.0,,env.cognitive.restoration,out.generic.restoration,positive,edge:doi:10.18419/opus-9385-TBL-C015,COHERENCE_SUPPORT,env.cognitive.restoration,out.generic.restoration,0.4,explicit_statement,true,Needs: External View; Benefits: Access to Environmental Information Access to Sensory Change Connection to the World Outside Restoration and Recovery,explains,0.4,argument:default_contextual,table_claim,association,causal_argument,,,,,,,,table,81,81,Needs: External View; Benefits: Access to Environmental Information Access to Sensory Change Connection to the World Outside Restoration and Recovery,306f91ff29f78f37,TBL-20260216235815-011,0,needs_article_type_verification|translation_inferred,codex_pdfplumber,pdf_table_extracted,pdf_confirmed,no,table,moderate,2026-02-16T22:58:41.411774+00:00,true
doi:10.18419/opus-9385,doi:10.18419/opus-9385-TBL-C016,finding,doi:10.18419/opus-9385-TBL-C016,"Needs: Natural
Daylighting; Benefits: Eliminates Seasonal Affective Disorders
Enhancing Productivity
Effect on Stress, Depression and Alertness",0.6,EMPIRICAL_FINDING,unknown,unknown_with_reason:runtime_table_extractor,daylighting,productivity,['daylighting'],"['productivity', 'affective', 'alertness', 'stress']","['daylighting:1.000', 'env.ae.daylighting:0.940', 'dim lighting:0.783', 'daylight-lit:0.783', 'warm lighting:0.750']",['productivity:1.000'],env.ae.daylighting,behav.productivity,1.0,1.0,exact,exact,exact,1.0,,env.ae.daylighting,out.behav.productivity,positive,edge:doi:10.18419/opus-9385-TBL-C016,COHERENCE_SUPPORT,env.ae.daylighting,out.behav.productivity,0.4,explicit_statement,true,"Needs: Natural Daylighting; Benefits: Eliminates Seasonal Affective Disorders Enhancing Productivity Effect on Stress, Depression and Alertness",explains,0.4,argument:default_contextual,table_claim,association,causal_argument,,,,,,,,table,81,81,"Needs: Natural Daylighting; Benefits: Eliminates Seasonal Affective Disorders Enhancing Productivity Effect on Stress, Depression and Alertness",4dba42f00f58a8e6,TBL-20260216235815-011,2,needs_article_type_verification,codex_pdfplumber,pdf_table_extracted,pdf_confirmed,no,table,moderate,2026-02-16T22:58:41.433525+00:00,true
doi:10.18419/opus-9385,doi:10.18419/opus-9385-TBL-C017,finding,doi:10.18419/opus-9385-TBL-C017,"Needs: Perception of
Glazed
Building
Facades; Benefits: Impact of Modern Architecture
Aesthetics of Glazed Buildings
Architecture Expressing Power and Money",0.6,EMPIRICAL_FINDING,unknown,unknown_with_reason:runtime_table_extractor,modern,needs perception glazed,['modern'],['needs perception glazed'],"['modern:1.000', 'mid century modern:0.940', 'style.modern:0.940', 'modernity:0.800', 'worn:0.600']",[],style.modern,UNRESOLVED:outcome:needs_perception_glazed,1.0,0.0,exact,unresolved,inferred,1.0,outcome_unresolved,env.style.modern,out.unresolved.needs_perception_glazed,positive,edge:doi:10.18419/opus-9385-TBL-C017,COHERENCE_SUPPORT,env.style.modern,out.unresolved.needs_perception_glazed,0.4,explicit_statement,true,Needs: Perception of Glazed Building Facades; Benefits: Impact of Modern Architecture Aesthetics of Glazed Buildings Architecture Expressing Power and Money,explains,0.4,argument:default_contextual,table_claim,association,causal_argument,,,,,,,,table,81,81,Needs: Perception of Glazed Building Facades; Benefits: Impact of Modern Architecture Aesthetics of Glazed Buildings Architecture Expressing Power and Money,b9b20da4192bdf51,TBL-20260216235815-011,4,needs_article_type_verification|translation_inferred|outcome_unresolved,codex_pdfplumber,pdf_table_extracted,pdf_confirmed,no,table,moderate,2026-02-16T22:58:41.455218+00:00,true
doi:10.18419/opus-9385,doi:10.18419/opus-9385-TBL-C018,finding,doi:10.18419/opus-9385-TBL-C018,Connection to the World Outside: Restoration and Recovery,0.6,EMPIRICAL_FINDING,unknown,unknown_with_reason:runtime_table_extractor,restoration,connection world outside,['restoration'],['connection world outside'],"['restoration:1.000', 'cognitive.restoration:0.940', 'saturation:0.762', 'color.saturation:0.667', 'proportion:0.667']",[],cognitive.restoration,out.generic.restoration,1.0,0.42,exact,generic_keyword,inferred,1.0,,env.cognitive.restoration,out.generic.restoration,positive,edge:doi:10.18419/opus-9385-TBL-C018,COHERENCE_SUPPORT,env.cognitive.restoration,out.generic.restoration,0.4,explicit_statement,true,Connection to the World Outside: Restoration and Recovery,explains,0.4,argument:default_contextual,table_claim,association,causal_argument,,,,,,,,table,81,81,Connection to the World Outside: Restoration and Recovery,fcd336667e96fff6,TBL-20260216235815-012,0,needs_article_type_verification|translation_inferred,codex_pdfplumber,pdf_table_extracted,pdf_confirmed,no,table,moderate,2026-02-16T22:58:41.482022+00:00,true
doi:10.18419/opus-9385,doi:10.18419/opus-9385-TBL-C019,finding,doi:10.18419/opus-9385-TBL-C019,"Enhancing Productivity: Effect on Stress, Depression and Alertness",0.6,EMPIRICAL_FINDING,unknown,unknown_with_reason:runtime_table_extractor,enhancing productivity stress,productivity,['enhancing productivity stress'],"['productivity', 'alertness', 'stress']",['seating provided:0.533'],['productivity:1.000'],UNRESOLVED:environment:enhancing_productivity_stress,behav.productivity,0.0,1.0,unresolved,exact,inferred,1.0,environment_unresolved,env.unresolved.enhancing_productivity_stress,out.behav.productivity,positive,edge:doi:10.18419/opus-9385-TBL-C019,COHERENCE_SUPPORT,env.unresolved.enhancing_productivity_stress,out.behav.productivity,0.4,explicit_statement,true,"Enhancing Productivity: Effect on Stress, Depression and Alertness",explains,0.4,argument:default_contextual,table_claim,association,causal_argument,,,,,,,,table,81,81,"Enhancing Productivity: Effect on Stress, Depression and Alertness",73bd349feeda7610,TBL-20260216235815-013,0,needs_article_type_verification|translation_inferred|environment_unresolved,codex_pdfplumber,pdf_table_extracted,pdf_confirmed,no,table,moderate,2026-02-16T22:58:41.676337+00:00,true
doi:10.18419/opus-9385,doi:10.18419/opus-9385-TBL-C020,finding,doi:10.18419/opus-9385-TBL-C020,Impact of Modern Architecture: Aesthetics of Glazed Buildings,0.6,EMPIRICAL_FINDING,unknown,unknown_with_reason:runtime_table_extractor,modern,modern architecture aesthetics,['modern'],['modern architecture aesthetics'],"['modern:1.000', 'mid century modern:0.940', 'style.modern:0.940', 'modernity:0.800', 'worn:0.600']",[],style.modern,UNRESOLVED:outcome:modern_architecture_aesthetics,1.0,0.0,exact,unresolved,inferred,1.0,outcome_unresolved,env.style.modern,out.unresolved.modern_architecture_aesthetics,positive,edge:doi:10.18419/opus-9385-TBL-C020,COHERENCE_SUPPORT,env.style.modern,out.unresolved.modern_architecture_aesthetics,0.4,explicit_statement,true,Impact of Modern Architecture: Aesthetics of Glazed Buildings,explains,0.4,argument:default_contextual,table_claim,association,causal_argument,,,,,,,,table,81,81,Impact of Modern Architecture: Aesthetics of Glazed Buildings,b3e986f44aac9bf3,TBL-20260216235815-014,0,needs_article_type_verification|translation_inferred|outcome_unresolved,codex_pdfplumber,pdf_table_extracted,pdf_confirmed,no,table,moderate,2026-02-16T22:58:41.698613+00:00,true
doi:10.18419/opus-9385,doi:10.18419/opus-9385-TBL-C021,finding,doi:10.18419/opus-9385-TBL-C021,Factor: For psychological comfort; Daylight Better: 88; Electric Light better: 3; No Difference: 3; No opinion: 6,0.6,EMPIRICAL_FINDING,unknown,unknown_with_reason:runtime_table_extractor,factor psychological comfort,psychological,['factor psychological comfort'],['factor psychological comfort'],[],['psychological stress:0.625'],env.generic.daylight,affect.stress,0.42,0.7879,generic_keyword,fuzzy,inferred,0.7879,,env.generic.daylight,out.affect.stress,positive,edge:doi:10.18419/opus-9385-TBL-C021,COHERENCE_SUPPORT,env.generic.daylight,out.affect.stress,0.4,explicit_statement,true,Factor: For psychological comfort; Daylight Better: 88; Electric Light better: 3; No Difference: 3; No opinion: 6,explains,0.4,argument:default_contextual,table_claim,association,causal_argument,,,,,,,,table,89,89,Factor: For psychological comfort; Daylight Better: 88; Electric Light better: 3; No Difference: 3; No opinion: 6,e816ee1a1a2bfc94,TBL-20260216235816-015,0,needs_article_type_verification|translation_inferred,codex_pdfplumber,pdf_table_extracted,pdf_confirmed,no,table,moderate,2026-02-16T22:58:41.885217+00:00,true
doi:10.18419/opus-9385,doi:10.18419/opus-9385-TBL-C022,finding,doi:10.18419/opus-9385-TBL-C022,Factor: For office appearance and,0.6,EMPIRICAL_FINDING,unknown,unknown_with_reason:runtime_table_extractor,factor office appearance,factor office appearance,['factor office appearance'],['factor office appearance'],['flat material appearance:0.667'],[],UNRESOLVED:environment:factor_office_appearance,UNRESOLVED:outcome:factor_office_appearance,0.0,0.0,unresolved,unresolved,inferred,0.6667,environment_unresolved|outcome_unresolved,env.unresolved.factor_office_appearance,out.unresolved.factor_office_appearance,positive,edge:doi:10.18419/opus-9385-TBL-C022,COHERENCE_SUPPORT,env.unresolved.factor_office_appearance,out.unresolved.factor_office_appearance,0.4,explicit_statement,true,Factor: For office appearance and,explains,0.4,argument:default_contextual,table_claim,association,causal_argument,,,,,,,,table,89,89,Factor: For office appearance and,0a863f9fcacd0ad4,TBL-20260216235816-015,1,needs_article_type_verification|translation_inferred|environment_unresolved|outcome_unresolved,codex_pdfplumber,pdf_table_extracted,pdf_confirmed,no,table,moderate,2026-02-16T22:58:42.059641+00:00,true
doi:10.18419/opus-9385,doi:10.18419/opus-9385-TBL-C023,finding,doi:10.18419/opus-9385-TBL-C023,Factor: pleasantness,0.6,EMPIRICAL_FINDING,unknown,unknown_with_reason:runtime_table_extractor,pleasantness factor,factor pleasantness factor,['factor pleasantness factor'],['factor pleasantness factor'],"['pleasantness rating:0.667', 'smell.pleasantness_rating:0.549', 'naturalness of materials:0.520']",[],smell.pleasantness_rating,UNRESOLVED:outcome:factor_pleasantness_factor,0.7895,0.0,fuzzy,unresolved,inferred,0.7895,outcome_unresolved,env.smell.pleasantness_rating,out.unresolved.factor_pleasantness_factor,positive,edge:doi:10.18419/opus-9385-TBL-C023,COHERENCE_SUPPORT,env.smell.pleasantness_rating,out.unresolved.factor_pleasantness_factor,0.4,explicit_statement,true,Factor: pleasantness,explains,0.4,argument:default_contextual,table_claim,association,causal_argument,,,,,,,,table,89,89,Factor: pleasantness,26a71c3fccce8628,TBL-20260216235816-015,2,needs_article_type_verification|translation_inferred|outcome_unresolved,codex_pdfplumber,pdf_table_extracted,pdf_confirmed,no,table,moderate,2026-02-16T22:58:42.200990+00:00,true
doi:10.18419/opus-9385,doi:10.18419/opus-9385-TBL-C024,finding,doi:10.18419/opus-9385-TBL-C024,Factor: For general health; Daylight Better: 73; Electric Light better: 3; No Difference: 15; No opinion: 8,0.6,EMPIRICAL_FINDING,unknown,unknown_with_reason:runtime_table_extractor,general health,health,['factor general health'],['health'],"['central hearth:0.686', 'soft neutral palette:0.585', 'arch.pattern.central_hearth:0.583', 'central feature:0.556', 'solar penetration depth:0.545']",['health:1.000'],arch.pattern.central_hearth,health,0.7857,1.0,fuzzy,exact,fuzzy,1.0,,env.arch.pattern.central_hearth,out.health,positive,edge:doi:10.18419/opus-9385-TBL-C024,COHERENCE_SUPPORT,env.arch.pattern.central_hearth,out.health,0.4,explicit_statement,true,Factor: For general health; Daylight Better: 73; Electric Light better: 3; No Difference: 15; No opinion: 8,explains,0.4,argument:default_contextual,table_claim,association,causal_argument,,,,,,,,table,89,89,Factor: For general health; Daylight Better: 73; Electric Light better: 3; No Difference: 15; No opinion: 8,ed867c5935577fd1,TBL-20260216235816-015,3,needs_article_type_verification,codex_pdfplumber,pdf_table_extracted,pdf_confirmed,no,table,moderate,2026-02-16T22:58:42.314601+00:00,true
doi:10.18419/opus-9385,doi:10.18419/opus-9385-TBL-C025,finding,doi:10.18419/opus-9385-TBL-C025,Daylight Better: 73; Electric Light better: 9; No Difference: 9; No opinion: 9,0.6,EMPIRICAL_FINDING,unknown,unknown_with_reason:runtime_table_extractor,daylight better,daylight better electric,['daylight better electric'],['daylight better electric'],"['daylight factor:0.615', 'daylight-white lighting:0.596', 'daylight hard:0.541', 'daylight soft:0.541', 'sunlight entering:0.537']",[],env.v1_006.daylight_factor,UNRESOLVED:outcome:daylight_better_electric,0.7333,0.0,fuzzy,unresolved,inferred,0.7333,outcome_unresolved,env.v1_006.daylight_factor,out.unresolved.daylight_better_electric,positive,edge:doi:10.18419/opus-9385-TBL-C025,COHERENCE_SUPPORT,env.v1_006.daylight_factor,out.unresolved.daylight_better_electric,0.4,explicit_statement,true,Daylight Better: 73; Electric Light better: 9; No Difference: 9; No opinion: 9,explains,0.4,argument:default_contextual,table_claim,association,causal_argument,,,,,,,,table,89,89,Daylight Better: 73; Electric Light better: 9; No Difference: 9; No opinion: 9,d21546293029e0c0,TBL-20260216235816-015,4,needs_article_type_verification|translation_inferred|outcome_unresolved,codex_pdfplumber,pdf_table_extracted,pdf_confirmed,no,table,moderate,2026-02-16T22:58:42.412451+00:00,true
doi:10.18419/opus-9385,doi:10.18419/opus-9385-TBL-C026,finding,doi:10.18419/opus-9385-TBL-C026,Factor: For color appearance of people,0.6,EMPIRICAL_FINDING,unknown,unknown_with_reason:runtime_table_extractor,factor color appearance,factor color appearance,['factor color appearance'],['factor color appearance'],"['flat material appearance:0.681', 'warm color temperature:0.622', 'warm color palette:0.585', 'cool color palette:0.585', 'organic color palette:0.545']",[],UNRESOLVED:environment:factor_color_appearance,UNRESOLVED:outcome:factor_color_appearance,0.0,0.0,unresolved,unresolved,inferred,0.6809,environment_unresolved|outcome_unresolved,env.unresolved.factor_color_appearance,out.unresolved.factor_color_appearance,positive,edge:doi:10.18419/opus-9385-TBL-C026,COHERENCE_SUPPORT,env.unresolved.factor_color_appearance,out.unresolved.factor_color_appearance,0.4,explicit_statement,true,Factor: For color appearance of people,explains,0.4,argument:default_contextual,table_claim,association,causal_argument,,,,,,,,table,89,89,Factor: For color appearance of people,504315f75e6c023a,TBL-20260216235816-015,5,needs_article_type_verification|translation_inferred|environment_unresolved|outcome_unresolved,codex_pdfplumber,pdf_table_extracted,pdf_confirmed,no,table,moderate,2026-02-16T22:58:42.604852+00:00,true
doi:10.18419/opus-9385,doi:10.18419/opus-9385-TBL-C027,finding,doi:10.18419/opus-9385-TBL-C027,Factor: and furnishing,0.6,EMPIRICAL_FINDING,unknown,unknown_with_reason:runtime_table_extractor,factor furnishing,factor furnishing factor,['factor furnishing factor'],['factor furnishing factor'],"['soft furnishings:0.650', 'confusing paths:0.564', 'standardized furnishings:0.542', 'textiles/soft furnishings:0.531', 'warning indicators:0.524']",[],env.ae.textiles/soft_furnishings,UNRESOLVED:outcome:factor_furnishing_factor,0.7879,0.0,fuzzy,unresolved,inferred,0.7879,outcome_unresolved,env.ae.textiles_soft_furnishings,out.unresolved.factor_furnishing_factor,positive,edge:doi:10.18419/opus-9385-TBL-C027,COHERENCE_SUPPORT,env.ae.textiles_soft_furnishings,out.unresolved.factor_furnishing_factor,0.4,explicit_statement,true,Factor: and furnishing,explains,0.4,argument:default_contextual,table_claim,association,causal_argument,,,,,,,,table,89,89,Factor: and furnishing,087306b17cfdabde,TBL-20260216235816-015,6,needs_article_type_verification|translation_inferred|outcome_unresolved,codex_pdfplumber,pdf_table_extracted,pdf_confirmed,no,table,moderate,2026-02-16T22:58:42.734648+00:00,true
doi:10.18419/opus-9385,doi:10.18419/opus-9385-TBL-C028,finding,doi:10.18419/opus-9385-TBL-C028,Factor: For work performance; Daylight Better: 49; Electric Light better: 21; No Difference: 27; No opinion: 3,0.6,EMPIRICAL_FINDING,unknown,unknown_with_reason:runtime_table_extractor,work,work performance,['factor work performance'],['work performance'],[],"['work performance:1.000', 'task performance:0.812', 'mental performance:0.706', 'cognitive performance:0.703', 'working memory:0.533']",env.ae.worn/degraded,behav.productivity,0.75,1.0,fuzzy,exact,fuzzy,1.0,,env.ae.worn_degraded,out.behav.productivity,positive,edge:doi:10.18419/opus-9385-TBL-C028,COHERENCE_SUPPORT,env.ae.worn_degraded,out.behav.productivity,0.4,explicit_statement,true,Factor: For work performance; Daylight Better: 49; Electric Light better: 21; No Difference: 27; No opinion: 3,explains,0.4,argument:default_contextual,table_claim,association,causal_argument,,,,,,,,table,89,89,Factor: For work performance; Daylight Better: 49; Electric Light better: 21; No Difference: 27; No opinion: 3,ffb084bf3314c293,TBL-20260216235816-015,7,needs_article_type_verification,codex_pdfplumber,pdf_table_extracted,pdf_confirmed,no,table,moderate,2026-02-16T22:58:42.874041+00:00,true
doi:10.18419/opus-9385,doi:10.18419/opus-9385-TBL-C029,finding,doi:10.18419/opus-9385-TBL-C029,Daylight Better: 46; Electric Light better: 30; No Difference: 18; No opinion: 6,0.6,EMPIRICAL_FINDING,unknown,unknown_with_reason:runtime_table_extractor,daylight better,daylight better electric,['daylight better electric'],['daylight better electric'],"['daylight factor:0.615', 'daylight-white lighting:0.596', 'daylight hard:0.541', 'daylight soft:0.541', 'sunlight entering:0.537']",[],env.v1_006.daylight_factor,UNRESOLVED:outcome:daylight_better_electric,0.7333,0.0,fuzzy,unresolved,inferred,0.7333,outcome_unresolved,env.v1_006.daylight_factor,out.unresolved.daylight_better_electric,positive,edge:doi:10.18419/opus-9385-TBL-C029,COHERENCE_SUPPORT,env.v1_006.daylight_factor,out.unresolved.daylight_better_electric,0.4,explicit_statement,true,Daylight Better: 46; Electric Light better: 30; No Difference: 18; No opinion: 6,explains,0.4,argument:default_contextual,table_claim,association,causal_argument,,,,,,,,table,89,89,Daylight Better: 46; Electric Light better: 30; No Difference: 18; No opinion: 6,9d174fe7d82f38fe,TBL-20260216235816-015,8,needs_article_type_verification|translation_inferred|outcome_unresolved,codex_pdfplumber,pdf_table_extracted,pdf_confirmed,no,table,moderate,2026-02-16T22:58:42.971986+00:00,true
doi:10.18419/opus-9385,doi:10.18419/opus-9385-TBL-C030,finding,doi:10.18419/opus-9385-TBL-C030,: pter V,0.6,EMPIRICAL_FINDING,unknown,unknown_with_reason:runtime_table_extractor,pter pter,pter pter,['pter pter'],['pter pter'],"['wallpaper patterned:0.571', 'planters present:0.560', 'potted plants:0.545', 'water feature:0.545', 'temple:0.533']",[],UNRESOLVED:environment:pter_pter,UNRESOLVED:outcome:pter_pter,0.0,0.0,unresolved,unresolved,inferred,0.5714,environment_unresolved|outcome_unresolved,env.unresolved.pter_pter,out.unresolved.pter_pter,positive,edge:doi:10.18419/opus-9385-TBL-C030,COHERENCE_SUPPORT,env.unresolved.pter_pter,out.unresolved.pter_pter,0.4,explicit_statement,true,: pter V,explains,0.4,argument:default_contextual,table_claim,association,causal_argument,,,,,,,,table,101,101,: pter V,7a02e1ebf8950a8e,TBL-20260216235817-016,0,needs_article_type_verification|translation_inferred|environment_unresolved|outcome_unresolved,codex_pdfplumber,pdf_table_extracted,pdf_confirmed,no,table,moderate,2026-02-16T22:58:43.022098+00:00,true
doi:10.18419/opus-9385,doi:10.18419/opus-9385-TBL-C031,finding,doi:10.18419/opus-9385-TBL-C031,": Solar – Thermal Performance
of Glazing",0.6,EMPIRICAL_FINDING,unknown,unknown_with_reason:runtime_table_extractor,solar thermal performance,thermal performance,['solar thermal performance'],['solar thermal performance'],"['flat material appearance:0.653', 'control over thermal: fans:0.588', 'specular hard surfaces:0.553', 'low vertical clearance:0.553', 'orthogonal forms:0.537']","['mental performance:0.698', 'work performance:0.683', 'cognitive performance:0.652', 'task performance:0.634', 'short-term memory:0.524']",env.generic.thermal,cog.performance,0.42,0.8108,generic_keyword,fuzzy,inferred,0.8108,,env.generic.thermal,out.cog.performance,positive,edge:doi:10.18419/opus-9385-TBL-C031,COHERENCE_SUPPORT,env.generic.thermal,out.cog.performance,0.4,explicit_statement,true,: Solar – Thermal Performance of Glazing,explains,0.4,argument:default_contextual,table_claim,association,causal_argument,,,,,,,,table,101,101,: Solar – Thermal Performance of Glazing,cdcb39501055657a,TBL-20260216235817-016,2,needs_article_type_verification|translation_inferred,codex_pdfplumber,pdf_table_extracted,pdf_confirmed,no,table,moderate,2026-02-16T22:58:43.199921+00:00,true
doi:10.18419/opus-9385,doi:10.18419/opus-9385-TBL-C032,finding,doi:10.18419/opus-9385-TBL-C032,: pter VI,0.6,EMPIRICAL_FINDING,unknown,unknown_with_reason:runtime_table_extractor,pter pter,pter pter,['pter pter'],['pter pter'],"['wallpaper patterned:0.571', 'planters present:0.560', 'potted plants:0.545', 'water feature:0.545', 'temple:0.533']",[],UNRESOLVED:environment:pter_pter,UNRESOLVED:outcome:pter_pter,0.0,0.0,unresolved,unresolved,inferred,0.5714,environment_unresolved|outcome_unresolved,env.unresolved.pter_pter,out.unresolved.pter_pter,positive,edge:doi:10.18419/opus-9385-TBL-C032,COHERENCE_SUPPORT,env.unresolved.pter_pter,out.unresolved.pter_pter,0.4,explicit_statement,true,: pter VI,explains,0.4,argument:default_contextual,table_claim,association,causal_argument,,,,,,,,table,121,121,: pter VI,b1ea3e50437751c6,TBL-20260216235818-017,0,needs_article_type_verification|translation_inferred|environment_unresolved|outcome_unresolved,codex_pdfplumber,pdf_table_extracted,pdf_confirmed,no,table,moderate,2026-02-16T22:58:43.250238+00:00,true
doi:10.18419/opus-9385,doi:10.18419/opus-9385-TBL-C033,finding,doi:10.18419/opus-9385-TBL-C033,": Thermal and Visual Physical
Comfort Modes",0.6,EMPIRICAL_FINDING,unknown,unknown_with_reason:runtime_table_extractor,visual,physical,['thermal visual physical'],['thermal visual physical'],"['visual entropy spatial:0.578', 'smooth visual field:0.571']",[],env.ae.view_to_outdoors,physio,0.7273,0.7619,fuzzy,fuzzy,fuzzy,0.7619,,env.ae.view_to_outdoors,out.physio,positive,edge:doi:10.18419/opus-9385-TBL-C033,COHERENCE_SUPPORT,env.ae.view_to_outdoors,out.physio,0.4,explicit_statement,true,: Thermal and Visual Physical Comfort Modes,explains,0.4,argument:default_contextual,table_claim,association,causal_argument,,,,,,,,table,121,121,: Thermal and Visual Physical Comfort Modes,071001512ce7a32b,TBL-20260216235818-017,2,needs_article_type_verification,codex_pdfplumber,pdf_table_extracted,pdf_confirmed,no,table,moderate,2026-02-16T22:58:43.393859+00:00,true
doi:10.18419/opus-9385,doi:10.18419/opus-9385-TBL-C034,finding,doi:10.18419/opus-9385-TBL-C034,"Comfort Types: Thermal Comfort; Comfort Determinants: Internal air temperature
Mean radiant temperature
Internal air humidity
Air movements",0.6,EMPIRICAL_FINDING,unknown,unknown_with_reason:runtime_table_extractor,comfort types thermal,comfort types thermal,['comfort types thermal'],['comfort types thermal'],[],[],env.generic.thermal,out.generic.comfort,0.42,0.42,generic_keyword,generic_keyword,inferred,0.42,,env.generic.thermal,out.generic.comfort,positive,edge:doi:10.18419/opus-9385-TBL-C034,COHERENCE_SUPPORT,env.generic.thermal,out.generic.comfort,0.4,explicit_statement,true,Comfort Types: Thermal Comfort; Comfort Determinants: Internal air temperature Mean radiant temperature Internal air humidity Air movements,explains,0.4,argument:default_contextual,table_claim,association,causal_argument,,,,,,,,table,123,123,Comfort Types: Thermal Comfort; Comfort Determinants: Internal air temperature Mean radiant temperature Internal air humidity Air movements,2411d8242981596a,TBL-20260216235818-018,0,needs_article_type_verification|translation_inferred,codex_pdfplumber,pdf_table_extracted,pdf_confirmed,no,table,moderate,2026-02-16T22:58:43.539989+00:00,true
doi:10.18419/opus-9385,doi:10.18419/opus-9385-TBL-C035,finding,doi:10.18419/opus-9385-TBL-C035,"Comfort Types: Visual Comfort; Comfort Determinants: Lighting, contrast, angle of lighting
Glare, luminous distribution
Colors, scheme, color rendering
Reference to and view to outside world",0.6,EMPIRICAL_FINDING,unknown,unknown_with_reason:runtime_table_extractor,contrast,comfort types visual,"['contrast', 'glare']",['comfort types visual'],"['contrast:1.000', 'brightness gradients and brightness contrast ratios:0.940', 'high contrast ‘spotlight’ social exposure cues:0.940', 'strong light-shadow contrast:0.940', 'high contrast illumination:0.940']",[],texture.micro.contrast,out.generic.comfort,1.0,0.42,exact,generic_keyword,inferred,1.0,,env.texture.micro.contrast,out.generic.comfort,positive,edge:doi:10.18419/opus-9385-TBL-C035,COHERENCE_SUPPORT,env.texture.micro.contrast,out.generic.comfort,0.4,explicit_statement,true,"Comfort Types: Visual Comfort; Comfort Determinants: Lighting, contrast, angle of lighting Glare, luminous distribution Colors, scheme, color rendering Reference to and view to outside world",explains,0.4,argument:default_contextual,table_claim,association,causal_argument,,,,,,,,table,123,123,"Comfort Types: Visual Comfort; Comfort Determinants: Lighting, contrast, angle of lighting Glare, luminous distribution Colors, scheme, color rendering Reference to and view to outside world",c6d348a5fefd8ea0,TBL-20260216235818-018,2,needs_article_type_verification|translation_inferred,codex_pdfplumber,pdf_table_extracted,pdf_confirmed,no,table,moderate,2026-02-16T22:58:43.562557+00:00,true
doi:10.18419/opus-9385,doi:10.18419/opus-9385-TBL-C036,finding,doi:10.18419/opus-9385-TBL-C036,Cold: 1; Cool: 2; Slightly cool: 3; Neutral: 4; Slightly warm: 5,0.6,EMPIRICAL_FINDING,unknown,unknown_with_reason:runtime_table_extractor,cool slightly,cold cool slightly,['cold cool slightly'],['cold cool slightly'],"['cool light:0.714', 'led cool white:0.625', 'occluded sightlines:0.541', 'cool-white lighting:0.541', 'mold or rust:0.533']",[],env.ae.cool_lighting_(high_cct),UNRESOLVED:outcome:cold_cool_slightly,0.8696,0.0,fuzzy,unresolved,inferred,0.8696,outcome_unresolved,env.ae.cool_lighting_high_cct,out.unresolved.cold_cool_slightly,positive,edge:doi:10.18419/opus-9385-TBL-C036,COHERENCE_SUPPORT,env.ae.cool_lighting_high_cct,out.unresolved.cold_cool_slightly,0.4,explicit_statement,true,Cold: 1; Cool: 2; Slightly cool: 3; Neutral: 4; Slightly warm: 5,explains,0.4,argument:default_contextual,table_claim,association,causal_argument,,,,,,,,table,130,130,Cold: 1; Cool: 2; Slightly cool: 3; Neutral: 4; Slightly warm: 5,fa3edd09d50f9117,TBL-20260216235819-021,0,needs_article_type_verification|translation_inferred|outcome_unresolved,codex_pdfplumber,pdf_table_extracted,pdf_confirmed,no,table,moderate,2026-02-16T22:58:43.658529+00:00,true
doi:10.18419/opus-9385,doi:10.18419/opus-9385-TBL-C037,finding,doi:10.18419/opus-9385-TBL-C037,Cold: -3; Cool: -2; Slightly cool: -1; Neutral: 0; Slightly warm: 1,0.6,EMPIRICAL_FINDING,unknown,unknown_with_reason:runtime_table_extractor,cool slightly,cold cool slightly,['cold cool slightly'],['cold cool slightly'],"['cool light:0.714', 'led cool white:0.625', 'occluded sightlines:0.541', 'cool-white lighting:0.541', 'mold or rust:0.533']",[],env.ae.cool_lighting_(high_cct),UNRESOLVED:outcome:cold_cool_slightly,0.8696,0.0,fuzzy,unresolved,inferred,0.8696,outcome_unresolved,env.ae.cool_lighting_high_cct,out.unresolved.cold_cool_slightly,positive,edge:doi:10.18419/opus-9385-TBL-C037,COHERENCE_SUPPORT,env.ae.cool_lighting_high_cct,out.unresolved.cold_cool_slightly,0.4,explicit_statement,true,Cold: -3; Cool: -2; Slightly cool: -1; Neutral: 0; Slightly warm: 1,explains,0.4,argument:default_contextual,table_claim,association,causal_argument,,,,,,,,table,130,130,Cold: -3; Cool: -2; Slightly cool: -1; Neutral: 0; Slightly warm: 1,405d5f50cab8433b,TBL-20260216235819-021,1,needs_article_type_verification|translation_inferred|outcome_unresolved,codex_pdfplumber,pdf_table_extracted,pdf_confirmed,no,table,moderate,2026-02-16T22:58:43.753692+00:00,true
doi:10.18419/opus-9385,doi:10.18419/opus-9385-TBL-C038,finding,doi:10.18419/opus-9385-TBL-C038,: Re-strike,0.6,EMPIRICAL_FINDING,unknown,unknown_with_reason:runtime_table_extractor,re-strike re-strike,re-strike re-strike,['re-strike re-strike'],['re-strike re-strike'],"['restricted palette:0.595', 'restricted access:0.556']",[],UNRESOLVED:environment:re_strike_re_strike,UNRESOLVED:outcome:re_strike_re_strike,0.0,0.0,unresolved,unresolved,inferred,0.5946,environment_unresolved|outcome_unresolved,env.unresolved.re_strike_re_strike,out.unresolved.re_strike_re_strike,positive,edge:doi:10.18419/opus-9385-TBL-C038,COHERENCE_SUPPORT,env.unresolved.re_strike_re_strike,out.unresolved.re_strike_re_strike,0.4,explicit_statement,true,: Re-strike,explains,0.4,argument:default_contextual,table_claim,association,causal_argument,,,,,,,,table,144,144,: Re-strike,a0cae4e35cfa2993,TBL-20260216235820-024,0,needs_article_type_verification|translation_inferred|environment_unresolved|outcome_unresolved,codex_pdfplumber,pdf_table_extracted,pdf_confirmed,no,table,moderate,2026-02-16T22:58:43.853462+00:00,true
doi:10.18419/opus-9385,doi:10.18419/opus-9385-TBL-C039,finding,doi:10.18419/opus-9385-TBL-C039,Lumen: Maintenance; Color: rendering,0.6,EMPIRICAL_FINDING,unknown,unknown_with_reason:runtime_table_extractor,lumen maintenance color,lumen maintenance color,['lumen maintenance color'],['lumen maintenance color'],"['luminance:0.562', 'minimal colors:0.541', 'many colors:0.529']",[],UNRESOLVED:environment:lumen_maintenance_color,UNRESOLVED:outcome:lumen_maintenance_color,0.0,0.0,unresolved,unresolved,inferred,0.5625,environment_unresolved|outcome_unresolved,env.unresolved.lumen_maintenance_color,out.unresolved.lumen_maintenance_color,positive,edge:doi:10.18419/opus-9385-TBL-C039,COHERENCE_SUPPORT,env.unresolved.lumen_maintenance_color,out.unresolved.lumen_maintenance_color,0.4,explicit_statement,true,Lumen: Maintenance; Color: rendering,explains,0.4,argument:default_contextual,table_claim,association,causal_argument,,,,,,,,table,144,144,Lumen: Maintenance; Color: rendering,35375bd5f894dc1a,TBL-20260216235820-024,2,needs_article_type_verification|translation_inferred|environment_unresolved|outcome_unresolved,codex_pdfplumber,pdf_table_extracted,pdf_confirmed,no,table,moderate,2026-02-16T22:58:44.022286+00:00,true
doi:10.18419/opus-9385,doi:10.18419/opus-9385-TBL-C040,finding,doi:10.18419/opus-9385-TBL-C040,: time (min),0.6,EMPIRICAL_FINDING,unknown,unknown_with_reason:runtime_table_extractor,time min time,time min time,['time min time'],['time min time'],['well maintained:0.571'],[],UNRESOLVED:environment:time_min_time,UNRESOLVED:outcome:time_min_time,0.0,0.0,unresolved,unresolved,inferred,0.5714,environment_unresolved|outcome_unresolved,env.unresolved.time_min_time,out.unresolved.time_min_time,positive,edge:doi:10.18419/opus-9385-TBL-C040,COHERENCE_SUPPORT,env.unresolved.time_min_time,out.unresolved.time_min_time,0.4,explicit_statement,true,: time (min),explains,0.4,argument:default_contextual,table_claim,association,causal_argument,,,,,,,,table,144,144,: time (min),bb4445fa9b264ba7,TBL-20260216235820-024,3,needs_article_type_verification|translation_inferred|environment_unresolved|outcome_unresolved,codex_pdfplumber,pdf_table_extracted,pdf_confirmed,no,table,moderate,2026-02-16T22:58:44.124205+00:00,true
doi:10.18419/opus-9385,doi:10.18419/opus-9385-TBL-C041,finding,doi:10.18419/opus-9385-TBL-C041,Lumen: @50% life; Color: index,0.6,EMPIRICAL_FINDING,unknown,unknown_with_reason:runtime_table_extractor,lumen life color,lumen life color,['lumen life color'],['lumen life color'],"['many colors:0.593', 'home-like decor:0.581', 'muted colors:0.571', 'noise color beta:0.562', 'house-like decor:0.562']",[],UNRESOLVED:environment:lumen_life_color,UNRESOLVED:outcome:lumen_life_color,0.0,0.0,unresolved,unresolved,inferred,0.5926,environment_unresolved|outcome_unresolved,env.unresolved.lumen_life_color,out.unresolved.lumen_life_color,positive,edge:doi:10.18419/opus-9385-TBL-C041,COHERENCE_SUPPORT,env.unresolved.lumen_life_color,out.unresolved.lumen_life_color,0.4,explicit_statement,true,Lumen: @50% life; Color: index,explains,0.4,argument:default_contextual,table_claim,association,causal_argument,,,,,,,,table,144,144,Lumen: @50% life; Color: index,a176aa0c55d7c5c9,TBL-20260216235820-024,4,needs_article_type_verification|translation_inferred|environment_unresolved|outcome_unresolved,codex_pdfplumber,pdf_table_extracted,pdf_confirmed,no,table,moderate,2026-02-16T22:58:44.252313+00:00,true
doi:10.18419/opus-9385,doi:10.18419/opus-9385-TBL-C042,finding,doi:10.18419/opus-9385-TBL-C042,: Instant; Lumen: 80-90%; Color: 100,0.6,EMPIRICAL_FINDING,unknown,unknown_with_reason:runtime_table_extractor,lumen color,instant lumen color,['instant lumen color'],['instant lumen color'],"['minimal colors:0.606', 'highly saturated colors:0.571', 'subdued colors:0.545', 'warm colors:0.533', 'many colors:0.533']",['unpleasant mood:0.529'],env.ae.high_color_entropy,UNRESOLVED:outcome:instant_lumen_color,0.7273,0.0,fuzzy,unresolved,inferred,0.7273,outcome_unresolved,env.ae.high_color_entropy,out.unresolved.instant_lumen_color,positive,edge:doi:10.18419/opus-9385-TBL-C042,COHERENCE_SUPPORT,env.ae.high_color_entropy,out.unresolved.instant_lumen_color,0.4,explicit_statement,true,: Instant; Lumen: 80-90%; Color: 100,explains,0.4,argument:default_contextual,table_claim,association,causal_argument,,,,,,,,table,144,144,: Instant; Lumen: 80-90%; Color: 100,33a1696919951622,TBL-20260216235820-024,7,needs_article_type_verification|translation_inferred|outcome_unresolved,codex_pdfplumber,pdf_table_extracted,pdf_confirmed,no,table,moderate,2026-02-16T22:58:44.353243+00:00,true
doi:10.18419/opus-9385,doi:10.18419/opus-9385-TBL-C043,finding,doi:10.18419/opus-9385-TBL-C043,: Instant; Lumen: 95%; Color: 100,0.6,EMPIRICAL_FINDING,unknown,unknown_with_reason:runtime_table_extractor,lumen color,instant lumen color,['instant lumen color'],['instant lumen color'],"['minimal colors:0.606', 'highly saturated colors:0.571', 'subdued colors:0.545', 'warm colors:0.533', 'many colors:0.533']",['unpleasant mood:0.529'],env.ae.high_color_entropy,UNRESOLVED:outcome:instant_lumen_color,0.7273,0.0,fuzzy,unresolved,inferred,0.7273,outcome_unresolved,env.ae.high_color_entropy,out.unresolved.instant_lumen_color,positive,edge:doi:10.18419/opus-9385-TBL-C043,COHERENCE_SUPPORT,env.ae.high_color_entropy,out.unresolved.instant_lumen_color,0.4,explicit_statement,true,: Instant; Lumen: 95%; Color: 100,explains,0.4,argument:default_contextual,table_claim,association,causal_argument,,,,,,,,table,144,144,: Instant; Lumen: 95%; Color: 100,46966426962ce370,TBL-20260216235820-024,10,needs_article_type_verification|translation_inferred|outcome_unresolved,codex_pdfplumber,pdf_table_extracted,pdf_confirmed,no,table,moderate,2026-02-16T22:58:44.453544+00:00,true
doi:10.18419/opus-9385,doi:10.18419/opus-9385-TBL-C044,finding,doi:10.18419/opus-9385-TBL-C044,: Instant; Lumen: 85-90%; Color: 50 - 95,0.6,EMPIRICAL_FINDING,unknown,unknown_with_reason:runtime_table_extractor,lumen color,instant lumen color,['instant lumen color'],['instant lumen color'],"['minimal colors:0.606', 'highly saturated colors:0.571', 'subdued colors:0.545', 'warm colors:0.533', 'many colors:0.533']",['unpleasant mood:0.529'],env.ae.high_color_entropy,UNRESOLVED:outcome:instant_lumen_color,0.7273,0.0,fuzzy,unresolved,inferred,0.7273,outcome_unresolved,env.ae.high_color_entropy,out.unresolved.instant_lumen_color,positive,edge:doi:10.18419/opus-9385-TBL-C044,COHERENCE_SUPPORT,env.ae.high_color_entropy,out.unresolved.instant_lumen_color,0.4,explicit_statement,true,: Instant; Lumen: 85-90%; Color: 50 - 95,explains,0.4,argument:default_contextual,table_claim,association,causal_argument,,,,,,,,table,144,144,: Instant; Lumen: 85-90%; Color: 50 - 95,96162a2ee485171f,TBL-20260216235820-024,12,needs_article_type_verification|translation_inferred|outcome_unresolved,codex_pdfplumber,pdf_table_extracted,pdf_confirmed,no,table,moderate,2026-02-16T22:58:44.553552+00:00,true
doi:10.18419/opus-9385,doi:10.18419/opus-9385-TBL-C045,finding,doi:10.18419/opus-9385-TBL-C045,: Instant; Lumen: 85-90%; Color: 80 - 85,0.6,EMPIRICAL_FINDING,unknown,unknown_with_reason:runtime_table_extractor,lumen color,instant lumen color,['instant lumen color'],['instant lumen color'],"['minimal colors:0.606', 'highly saturated colors:0.571', 'subdued colors:0.545', 'warm colors:0.533', 'many colors:0.533']",['unpleasant mood:0.529'],env.ae.high_color_entropy,UNRESOLVED:outcome:instant_lumen_color,0.7273,0.0,fuzzy,unresolved,inferred,0.7273,outcome_unresolved,env.ae.high_color_entropy,out.unresolved.instant_lumen_color,positive,edge:doi:10.18419/opus-9385-TBL-C045,COHERENCE_SUPPORT,env.ae.high_color_entropy,out.unresolved.instant_lumen_color,0.4,explicit_statement,true,: Instant; Lumen: 85-90%; Color: 80 - 85,explains,0.4,argument:default_contextual,table_claim,association,causal_argument,,,,,,,,table,144,144,: Instant; Lumen: 85-90%; Color: 80 - 85,942213dee56829b8,TBL-20260216235820-024,14,needs_article_type_verification|translation_inferred|outcome_unresolved,codex_pdfplumber,pdf_table_extracted,pdf_confirmed,no,table,moderate,2026-02-16T22:58:44.654896+00:00,true
doi:10.18419/opus-9385,doi:10.18419/opus-9385-TBL-C046,finding,doi:10.18419/opus-9385-TBL-C046,: 3 - 10; Lumen: 70-80%; Color: 15 - 50,0.6,EMPIRICAL_FINDING,unknown,unknown_with_reason:runtime_table_extractor,lumen color,lumen color lumen,['lumen color lumen'],['lumen color lumen'],"['element count:0.600', 'busy color palette:0.571', 'warm color palette:0.571', 'cool color palette:0.571', 'many colors:0.571']",[],env.ae.high_color_entropy,UNRESOLVED:outcome:lumen_color_lumen,0.7273,0.0,fuzzy,unresolved,inferred,0.7273,outcome_unresolved,env.ae.high_color_entropy,out.unresolved.lumen_color_lumen,positive,edge:doi:10.18419/opus-9385-TBL-C046,COHERENCE_SUPPORT,env.ae.high_color_entropy,out.unresolved.lumen_color_lumen,0.4,explicit_statement,true,: 3 - 10; Lumen: 70-80%; Color: 15 - 50,explains,0.4,argument:default_contextual,table_claim,association,causal_argument,,,,,,,,table,144,144,: 3 - 10; Lumen: 70-80%; Color: 15 - 50,51b7d3ecb77a885f,TBL-20260216235820-024,16,needs_article_type_verification|translation_inferred|outcome_unresolved,codex_pdfplumber,pdf_table_extracted,pdf_confirmed,no,table,moderate,2026-02-16T22:58:44.731954+00:00,true
doi:10.18419/opus-9385,doi:10.18419/opus-9385-TBL-C047,finding,doi:10.18419/opus-9385-TBL-C047,: 5 - 20; Lumen: 75-85%; Color: 65 - 95,0.6,EMPIRICAL_FINDING,unknown,unknown_with_reason:runtime_table_extractor,lumen color,lumen color lumen,['lumen color lumen'],['lumen color lumen'],"['element count:0.600', 'busy color palette:0.571', 'warm color palette:0.571', 'cool color palette:0.571', 'many colors:0.571']",[],env.ae.high_color_entropy,UNRESOLVED:outcome:lumen_color_lumen,0.7273,0.0,fuzzy,unresolved,inferred,0.7273,outcome_unresolved,env.ae.high_color_entropy,out.unresolved.lumen_color_lumen,positive,edge:doi:10.18419/opus-9385-TBL-C047,COHERENCE_SUPPORT,env.ae.high_color_entropy,out.unresolved.lumen_color_lumen,0.4,explicit_statement,true,: 5 - 20; Lumen: 75-85%; Color: 65 - 95,explains,0.4,argument:default_contextual,table_claim,association,causal_argument,,,,,,,,table,144,144,: 5 - 20; Lumen: 75-85%; Color: 65 - 95,28156e91d2054e0c,TBL-20260216235820-024,19,needs_article_type_verification|translation_inferred|outcome_unresolved,codex_pdfplumber,pdf_table_extracted,pdf_confirmed,no,table,moderate,2026-02-16T22:58:44.809308+00:00,true
doi:10.18419/opus-9385,doi:10.18419/opus-9385-TBL-C048,finding,doi:10.18419/opus-9385-TBL-C048,: 0 - 1; Lumen: 80-90%; Color: 20 - 70,0.6,EMPIRICAL_FINDING,unknown,unknown_with_reason:runtime_table_extractor,lumen color,lumen color lumen,['lumen color lumen'],['lumen color lumen'],"['element count:0.600', 'busy color palette:0.571', 'warm color palette:0.571', 'cool color palette:0.571', 'many colors:0.571']",[],env.ae.high_color_entropy,UNRESOLVED:outcome:lumen_color_lumen,0.7273,0.0,fuzzy,unresolved,inferred,0.7273,outcome_unresolved,env.ae.high_color_entropy,out.unresolved.lumen_color_lumen,positive,edge:doi:10.18419/opus-9385-TBL-C048,COHERENCE_SUPPORT,env.ae.high_color_entropy,out.unresolved.lumen_color_lumen,0.4,explicit_statement,true,: 0 - 1; Lumen: 80-90%; Color: 20 - 70,explains,0.4,argument:default_contextual,table_claim,association,causal_argument,,,,,,,,table,144,144,: 0 - 1; Lumen: 80-90%; Color: 20 - 70,b3d1b5017d6bcce3,TBL-20260216235820-024,22,needs_article_type_verification|translation_inferred|outcome_unresolved,codex_pdfplumber,pdf_table_extracted,pdf_confirmed,no,table,moderate,2026-02-16T22:58:44.886339+00:00,true
doi:10.18419/opus-9385,doi:10.18419/opus-9385-TBL-C049,finding,doi:10.18419/opus-9385-TBL-C049,: 1; Lumen: -; Color: poor,0.6,EMPIRICAL_FINDING,unknown,unknown_with_reason:runtime_table_extractor,lumen color,lumen color poor,['lumen color poor'],['lumen color poor'],"['many colors:0.593', 'muted colors:0.571', 'strong color contrast:0.541', 'subdued colors:0.533', 'busy color palette:0.529']",[],env.ae.high_color_entropy,UNRESOLVED:outcome:lumen_color_poor,0.7273,0.0,fuzzy,unresolved,inferred,0.7273,outcome_unresolved,env.ae.high_color_entropy,out.unresolved.lumen_color_poor,positive,edge:doi:10.18419/opus-9385-TBL-C049,COHERENCE_SUPPORT,env.ae.high_color_entropy,out.unresolved.lumen_color_poor,0.4,explicit_statement,true,: 1; Lumen: -; Color: poor,explains,0.4,argument:default_contextual,table_claim,association,causal_argument,,,,,,,,table,144,144,: 1; Lumen: -; Color: poor,71359ed373952eeb,TBL-20260216235820-024,24,needs_article_type_verification|translation_inferred|outcome_unresolved,codex_pdfplumber,pdf_table_extracted,pdf_confirmed,no,table,moderate,2026-02-16T22:58:44.957884+00:00,true
doi:10.18419/opus-9385,doi:10.18419/opus-9385-TBL-C050,finding,doi:10.18419/opus-9385-TBL-C050,: Instant; Lumen: 95%; Color: 65-97,0.6,EMPIRICAL_FINDING,unknown,unknown_with_reason:runtime_table_extractor,lumen color,instant lumen color,['instant lumen color'],['instant lumen color'],"['minimal colors:0.606', 'highly saturated colors:0.571', 'subdued colors:0.545', 'warm colors:0.533', 'many colors:0.533']",['unpleasant mood:0.529'],env.ae.high_color_entropy,UNRESOLVED:outcome:instant_lumen_color,0.7273,0.0,fuzzy,unresolved,inferred,0.7273,outcome_unresolved,env.ae.high_color_entropy,out.unresolved.instant_lumen_color,positive,edge:doi:10.18419/opus-9385-TBL-C050,COHERENCE_SUPPORT,env.ae.high_color_entropy,out.unresolved.instant_lumen_color,0.4,explicit_statement,true,: Instant; Lumen: 95%; Color: 65-97,explains,0.4,argument:default_contextual,table_claim,association,causal_argument,,,,,,,,table,144,144,: Instant; Lumen: 95%; Color: 65-97,4686435c1ee282b9,TBL-20260216235820-024,26,needs_article_type_verification|translation_inferred|outcome_unresolved,codex_pdfplumber,pdf_table_extracted,pdf_confirmed,no,table,moderate,2026-02-16T22:58:45.058409+00:00,true
doi:10.18419/opus-9385,doi:10.18419/opus-9385-TBL-C051,finding,doi:10.18419/opus-9385-TBL-C051,: Distribution,0.6,EMPIRICAL_FINDING,unknown,unknown_with_reason:runtime_table_extractor,distribution distribution,distribution distribution,['distribution distribution'],['distribution distribution'],"['spectral power distribution:0.654', 'luminance distribution:0.638', 'public institution interior:0.577', 'institutional decor:0.545', 'institutional style:0.545']",[],UNRESOLVED:environment:distribution_distribution,UNRESOLVED:outcome:distribution_distribution,0.0,0.0,unresolved,unresolved,inferred,0.6538,environment_unresolved|outcome_unresolved,env.unresolved.distribution_distribution,out.unresolved.distribution_distribution,positive,edge:doi:10.18419/opus-9385-TBL-C051,COHERENCE_SUPPORT,env.unresolved.distribution_distribution,out.unresolved.distribution_distribution,0.4,explicit_statement,true,: Distribution,explains,0.4,argument:default_contextual,table_claim,association,causal_argument,,,,,,,,table,145,145,: Distribution,1dec91267a7f6dd0,TBL-20260216235820-025,0,needs_article_type_verification|translation_inferred|environment_unresolved|outcome_unresolved,codex_pdfplumber,pdf_table_extracted,pdf_confirmed,no,table,moderate,2026-02-16T22:58:45.148074+00:00,true
doi:10.18419/opus-9385,doi:10.18419/opus-9385-TBL-C052,finding,doi:10.18419/opus-9385-TBL-C052,Light: distribution,0.6,EMPIRICAL_FINDING,unknown,unknown_with_reason:runtime_table_extractor,light distribution light,light distribution light,['light distribution light'],['light distribution light'],"['light directionality:0.727', 'luminance distribution:0.652', 'public institution interior:0.588', 'blinding light:0.579', 'limited visibility:0.571']",[],env.v1_019.light_directionality,UNRESOLVED:outcome:light_distribution_light,0.7273,0.0,fuzzy,unresolved,inferred,0.7273,outcome_unresolved,env.v1_019.light_directionality,out.unresolved.light_distribution_light,positive,edge:doi:10.18419/opus-9385-TBL-C052,COHERENCE_SUPPORT,env.v1_019.light_directionality,out.unresolved.light_distribution_light,0.4,explicit_statement,true,Light: distribution,explains,0.4,argument:default_contextual,table_claim,association,causal_argument,,,,,,,,table,145,145,Light: distribution,a89ced96060d7d9d,TBL-20260216235820-025,1,needs_article_type_verification|translation_inferred|outcome_unresolved,codex_pdfplumber,pdf_table_extracted,pdf_confirmed,no,table,moderate,2026-02-16T22:58:45.218448+00:00,true
doi:10.18419/opus-9385,doi:10.18419/opus-9385-TBL-C053,finding,doi:10.18419/opus-9385-TBL-C053,"Type: Direct; Light: 0%−10%
90%−100%; : Most of the light is directed downward to the work plane. This
type is considered an efficient way to achieve high illumination
level on the work-plane. Direct glare, veiling reflections and
shadows are often a problem on the task, especially when the
spacing between fixtures is large.",0.6,EMPIRICAL_FINDING,unknown,unknown_with_reason:runtime_table_extractor,glare,type direct light,['glare'],['type direct light'],"['glare:1.000', 'unified glare rating (ugr):0.940', 'glare source count:0.940', 'path glare max:0.940', 'specular glare:0.940']",[],env.ae.glare_present,UNRESOLVED:outcome:type_direct_light,1.0,0.0,exact,unresolved,inferred,1.0,outcome_unresolved,env.ae.glare_present,out.unresolved.type_direct_light,positive,edge:doi:10.18419/opus-9385-TBL-C053,COHERENCE_SUPPORT,env.ae.glare_present,out.unresolved.type_direct_light,0.4,explicit_statement,true,"Type: Direct; Light: 0%−10% 90%−100%; : Most of the light is directed downward to the work plane. This type is considered an efficient way to achieve high illumination level on the work-plane. Direct glare, veiling reflections and shadows are often a problem on the task, especially when the spacing between fixtures is ",explains,0.4,argument:default_contextual,table_claim,association,causal_argument,,,,,,,,table,145,145,"Type: Direct; Light: 0%−10% 90%−100%; : Most of the light is directed downward to the work plane. This type is considered an efficient way to achieve high illumination level on the work-plane. Direct glare, veiling reflections and shadows are often a problem on the task, especially when the spacing between fixtures is ",b16e418c2793d2c3,TBL-20260216235820-025,3,needs_article_type_verification|translation_inferred|outcome_unresolved,codex_pdfplumber,pdf_table_extracted,pdf_confirmed,no,table,moderate,2026-02-16T22:58:45.238095+00:00,true
doi:10.18419/opus-9385,doi:10.18419/opus-9385-TBL-C054,finding,doi:10.18419/opus-9385-TBL-C054,"Type: Semi-
direct; Light: 10%−40%
60%−90%; : They are very similar to the direct type except that a small
amount of light is directed upward and then reflected off the
ceiling. Since this process creates some diffused light, shadows
and apparent brightness of the fixtures are then reduced,
however, veiling reflections can be still a problem",0.6,EMPIRICAL_FINDING,unknown,unknown_with_reason:runtime_table_extractor,direct,type semi- direct,['type semi- direct'],['type semi- direct'],[],[],env.ae.visible_dirt/decay,UNRESOLVED:outcome:type_semi_direct,0.7273,0.0,fuzzy,unresolved,inferred,0.7273,outcome_unresolved,env.ae.visible_dirt_decay,out.unresolved.type_semi_direct,negative,edge:doi:10.18419/opus-9385-TBL-C054,DISCONFIRMS_PREDICTION,env.ae.visible_dirt_decay,out.unresolved.type_semi_direct,0.62,explicit_statement,true,"Type: Semi- direct; Light: 10%−40% 60%−90%; : They are very similar to the direct type except that a small amount of light is directed upward and then reflected off the ceiling. Since this process creates some diffused light, shadows and apparent brightness of the fixtures are then reduced, however, veiling reflections",contradicts,0.62,argument:negative_direction_effect,table_claim,association,causal_argument,,,,,,,,table,145,145,"Type: Semi- direct; Light: 10%−40% 60%−90%; : They are very similar to the direct type except that a small amount of light is directed upward and then reflected off the ceiling. Since this process creates some diffused light, shadows and apparent brightness of the fixtures are then reduced, however, veiling reflections",89304b1590c9bdb4,TBL-20260216235820-025,4,needs_article_type_verification|translation_inferred|outcome_unresolved,codex_pdfplumber,pdf_table_extracted,pdf_confirmed,no,table,moderate,2026-02-16T22:58:45.394729+00:00,true
doi:10.18419/opus-9385,doi:10.18419/opus-9385-TBL-C055,finding,doi:10.18419/opus-9385-TBL-C055,"Type: General
diffuse; Light: 40%−60%
40%−60%; : The light is distributed equally in all directions. The horizontal
component of the light can cause severe glare. The large indirect
component minimizes shadows and veiling reflections",0.6,EMPIRICAL_FINDING,unknown,unknown_with_reason:runtime_table_extractor,glare,type general diffuse,['glare'],['type general diffuse'],"['glare:1.000', 'unified glare rating (ugr):0.940', 'glare source count:0.940', 'path glare max:0.940', 'specular glare:0.940']",[],env.ae.glare_present,UNRESOLVED:outcome:type_general_diffuse,1.0,0.0,exact,unresolved,inferred,1.0,outcome_unresolved,env.ae.glare_present,out.unresolved.type_general_diffuse,positive,edge:doi:10.18419/opus-9385-TBL-C055,COHERENCE_SUPPORT,env.ae.glare_present,out.unresolved.type_general_diffuse,0.4,explicit_statement,true,Type: General diffuse; Light: 40%−60% 40%−60%; : The light is distributed equally in all directions. The horizontal component of the light can cause severe glare. The large indirect component minimizes shadows and veiling reflections,explains,0.4,argument:default_contextual,table_claim,association,causal_argument,,,,,,,,table,145,145,Type: General diffuse; Light: 40%−60% 40%−60%; : The light is distributed equally in all directions. The horizontal component of the light can cause severe glare. The large indirect component minimizes shadows and veiling reflections,4a6389ab384ace33,TBL-20260216235820-025,5,needs_article_type_verification|translation_inferred|outcome_unresolved,codex_pdfplumber,pdf_table_extracted,pdf_confirmed,no,table,moderate,2026-02-16T22:58:45.414195+00:00,true
doi:10.18419/opus-9385,doi:10.18419/opus-9385-TBL-C056,finding,doi:10.18419/opus-9385-TBL-C056,"Type: Direct-
indirect; Light: 40%−60%
40%−60%; : This luminaire type divides the light equally upward and
downward. This type is preferable than the general diffuse as it
solve the horizontal component problem.",0.6,EMPIRICAL_FINDING,unknown,unknown_with_reason:runtime_table_extractor,direct indirect,type direct- indirect,['type direct- indirect'],['type direct- indirect'],"['direct/indirect ratio:0.667', 'light directionality:0.585', 'env.v1_018.direct_indirect_ratio:0.566', 'map/directory visible:0.524']",[],env.v1_018.direct_indirect_ratio,UNRESOLVED:outcome:type_direct_indirect,0.7778,0.0,fuzzy,unresolved,inferred,0.7778,outcome_unresolved,env.v1_018.direct_indirect_ratio,out.unresolved.type_direct_indirect,positive,edge:doi:10.18419/opus-9385-TBL-C056,COHERENCE_SUPPORT,env.v1_018.direct_indirect_ratio,out.unresolved.type_direct_indirect,0.4,explicit_statement,true,Type: Direct- indirect; Light: 40%−60% 40%−60%; : This luminaire type divides the light equally upward and downward. This type is preferable than the general diffuse as it solve the horizontal component problem.,explains,0.4,argument:default_contextual,table_claim,association,causal_argument,,,,,,,,table,145,145,Type: Direct- indirect; Light: 40%−60% 40%−60%; : This luminaire type divides the light equally upward and downward. This type is preferable than the general diffuse as it solve the horizontal component problem.,96f4044102aa78f0,TBL-20260216235820-025,6,needs_article_type_verification|translation_inferred|outcome_unresolved,codex_pdfplumber,pdf_table_extracted,pdf_confirmed,no,table,moderate,2026-02-16T22:58:45.557615+00:00,true
doi:10.18419/opus-9385,doi:10.18419/opus-9385-TBL-C057,finding,doi:10.18419/opus-9385-TBL-C057,"Type: Semi-
indirect; Light: 60%−90%
10%−40%; : Much of the light is reflected off the ceiling, and thus yields high
quality lighting. However, the efficiency is reduced, especially
when the ceiling and walls are nor of high reflectance.",0.6,EMPIRICAL_FINDING,unknown,unknown_with_reason:runtime_table_extractor,type semi- indirect,type semi- indirect,['type semi- indirect'],['type semi- indirect'],[],[],env.generic.daylight,out.generic.productivity,0.42,0.42,generic_keyword,generic_keyword,inferred,0.42,,env.generic.daylight,out.generic.productivity,negative,edge:doi:10.18419/opus-9385-TBL-C057,DISCONFIRMS_PREDICTION,env.generic.daylight,out.generic.productivity,0.62,explicit_statement,true,"Type: Semi- indirect; Light: 60%−90% 10%−40%; : Much of the light is reflected off the ceiling, and thus yields high quality lighting. However, the efficiency is reduced, especially when the ceiling and walls are nor of high reflectance.",contradicts,0.62,argument:negative_direction_effect,table_claim,association,causal_argument,,,,,,,,table,145,145,"Type: Semi- indirect; Light: 60%−90% 10%−40%; : Much of the light is reflected off the ceiling, and thus yields high quality lighting. However, the efficiency is reduced, especially when the ceiling and walls are nor of high reflectance.",16cea432db310ed5,TBL-20260216235820-025,7,needs_article_type_verification|translation_inferred,codex_pdfplumber,pdf_table_extracted,pdf_confirmed,no,table,moderate,2026-02-16T22:58:45.725637+00:00,true
doi:10.18419/opus-9385,doi:10.18419/opus-9385-TBL-C058,finding,doi:10.18419/opus-9385-TBL-C058,"Type: Indirect; Light: 90%−100%
0%−10%; : Almost all the emitted light is directed upward to the ceiling. The
walls and the ceiling should have high reflectance factor. The
diffused lighting almost eliminates glare, veiling reflections and
shadows.",0.6,EMPIRICAL_FINDING,unknown,unknown_with_reason:runtime_table_extractor,glare,type indirect light,['glare'],['type indirect light'],"['glare:1.000', 'unified glare rating (ugr):0.940', 'glare source count:0.940', 'path glare max:0.940', 'specular glare:0.940']",[],env.ae.glare_present,UNRESOLVED:outcome:type_indirect_light,1.0,0.0,exact,unresolved,inferred,1.0,outcome_unresolved,env.ae.glare_present,out.unresolved.type_indirect_light,positive,edge:doi:10.18419/opus-9385-TBL-C058,COHERENCE_SUPPORT,env.ae.glare_present,out.unresolved.type_indirect_light,0.4,explicit_statement,true,"Type: Indirect; Light: 90%−100% 0%−10%; : Almost all the emitted light is directed upward to the ceiling. The walls and the ceiling should have high reflectance factor. The diffused lighting almost eliminates glare, veiling reflections and shadows.",explains,0.4,argument:default_contextual,table_claim,association,causal_argument,,,,,,,,table,145,145,"Type: Indirect; Light: 90%−100% 0%−10%; : Almost all the emitted light is directed upward to the ceiling. The walls and the ceiling should have high reflectance factor. The diffused lighting almost eliminates glare, veiling reflections and shadows.",3dab22e457e5ce17,TBL-20260216235820-025,8,needs_article_type_verification|translation_inferred|outcome_unresolved,codex_pdfplumber,pdf_table_extracted,pdf_confirmed,no,table,moderate,2026-02-16T22:58:45.744869+00:00,true
doi:10.18419/opus-9385,doi:10.18419/opus-9385-TBL-C059,finding,doi:10.18419/opus-9385-TBL-C059,Semi-: direct,0.6,EMPIRICAL_FINDING,unknown,unknown_with_reason:runtime_table_extractor,direct,semi- direct semi-,['semi- direct semi-'],['semi- direct semi-'],['diffuse vs direct ratio:0.537'],[],env.ae.visible_dirt/decay,UNRESOLVED:outcome:semi_direct_semi_,0.7273,0.0,fuzzy,unresolved,inferred,0.7273,outcome_unresolved,env.ae.visible_dirt_decay,out.unresolved.semi_direct_semi,positive,edge:doi:10.18419/opus-9385-TBL-C059,COHERENCE_SUPPORT,env.ae.visible_dirt_decay,out.unresolved.semi_direct_semi,0.4,explicit_statement,true,Semi-: direct,explains,0.4,argument:default_contextual,table_claim,association,causal_argument,,,,,,,,table,145,145,Semi-: direct,521b86c6bae207b9,TBL-20260216235820-026,0,needs_article_type_verification|translation_inferred|outcome_unresolved,codex_pdfplumber,pdf_table_extracted,pdf_confirmed,no,table,moderate,2026-02-16T22:58:45.900899+00:00,true
doi:10.18419/opus-9385,doi:10.18419/opus-9385-TBL-C060,finding,doi:10.18419/opus-9385-TBL-C060,General: diffuse,0.6,EMPIRICAL_FINDING,unknown,unknown_with_reason:runtime_table_extractor,general diffuse general,general diffuse general,['general diffuse general'],['general diffuse general'],[],[],UNRESOLVED:environment:general_diffuse_general,UNRESOLVED:outcome:general_diffuse_general,0.0,0.0,unresolved,unresolved,inferred,0.0,environment_unresolved|outcome_unresolved,env.unresolved.general_diffuse_general,out.unresolved.general_diffuse_general,positive,edge:doi:10.18419/opus-9385-TBL-C060,COHERENCE_SUPPORT,env.unresolved.general_diffuse_general,out.unresolved.general_diffuse_general,0.4,explicit_statement,true,General: diffuse,explains,0.4,argument:default_contextual,table_claim,association,causal_argument,,,,,,,,table,145,145,General: diffuse,cba713071feb4b0f,TBL-20260216235820-027,0,needs_article_type_verification|translation_inferred|environment_unresolved|outcome_unresolved,codex_pdfplumber,pdf_table_extracted,pdf_confirmed,no,table,moderate,2026-02-16T22:58:46.051390+00:00,true
doi:10.18419/opus-9385,doi:10.18419/opus-9385-TBL-C061,finding,doi:10.18419/opus-9385-TBL-C061,Direct-: indirect,0.6,EMPIRICAL_FINDING,unknown,unknown_with_reason:runtime_table_extractor,direct indirect direct,direct- indirect direct-,['direct- indirect direct-'],['direct- indirect direct-'],"['direct/indirect ratio:0.711', 'env.v1_018.direct_indirect_ratio:0.536']",[],env.v1_018.direct_indirect_ratio,UNRESOLVED:outcome:direct_indirect_direct_,0.7442,0.0,fuzzy,unresolved,inferred,0.7442,outcome_unresolved,env.v1_018.direct_indirect_ratio,out.unresolved.direct_indirect_direct,positive,edge:doi:10.18419/opus-9385-TBL-C061,COHERENCE_SUPPORT,env.v1_018.direct_indirect_ratio,out.unresolved.direct_indirect_direct,0.4,explicit_statement,true,Direct-: indirect,explains,0.4,argument:default_contextual,table_claim,association,causal_argument,,,,,,,,table,145,145,Direct-: indirect,b7d79e3020e3b5b5,TBL-20260216235820-028,0,needs_article_type_verification|translation_inferred|outcome_unresolved,codex_pdfplumber,pdf_table_extracted,pdf_confirmed,no,table,moderate,2026-02-16T22:58:46.159753+00:00,true
doi:10.18419/opus-9385,doi:10.18419/opus-9385-TBL-C062,finding,doi:10.18419/opus-9385-TBL-C062,Semi-: indirect,0.6,EMPIRICAL_FINDING,unknown,unknown_with_reason:runtime_table_extractor,semi- indirect semi-,semi- indirect semi-,['semi- indirect semi-'],['semi- indirect semi-'],['direct/indirect ratio:0.537'],[],UNRESOLVED:environment:semi_indirect_semi_,UNRESOLVED:outcome:semi_indirect_semi_,0.0,0.0,unresolved,unresolved,inferred,0.5366,environment_unresolved|outcome_unresolved,env.unresolved.semi_indirect_semi,out.unresolved.semi_indirect_semi,positive,edge:doi:10.18419/opus-9385-TBL-C062,COHERENCE_SUPPORT,env.unresolved.semi_indirect_semi,out.unresolved.semi_indirect_semi,0.4,explicit_statement,true,Semi-: indirect,explains,0.4,argument:default_contextual,table_claim,association,causal_argument,,,,,,,,table,145,145,Semi-: indirect,7a4b9c0ccfd58b3e,TBL-20260216235820-029,0,needs_article_type_verification|translation_inferred|environment_unresolved|outcome_unresolved,codex_pdfplumber,pdf_table_extracted,pdf_confirmed,no,table,moderate,2026-02-16T22:58:46.330249+00:00,true
doi:10.18419/opus-9385,doi:10.18419/opus-9385-TBL-C063,finding,doi:10.18419/opus-9385-TBL-C063,: pter VII,0.6,EMPIRICAL_FINDING,unknown,unknown_with_reason:runtime_table_extractor,pter vii pter,pter vii pter,['pter vii pter'],['pter vii pter'],['open views:0.522'],[],UNRESOLVED:environment:pter_vii_pter,UNRESOLVED:outcome:pter_vii_pter,0.0,0.0,unresolved,unresolved,inferred,0.5217,environment_unresolved|outcome_unresolved,env.unresolved.pter_vii_pter,out.unresolved.pter_vii_pter,positive,edge:doi:10.18419/opus-9385-TBL-C063,COHERENCE_SUPPORT,env.unresolved.pter_vii_pter,out.unresolved.pter_vii_pter,0.4,explicit_statement,true,: pter VII,explains,0.4,argument:default_contextual,table_claim,association,causal_argument,,,,,,,,table,149,149,: pter VII,abf6a246a2693fbb,TBL-20260216235820-030,0,needs_article_type_verification|translation_inferred|environment_unresolved|outcome_unresolved,codex_pdfplumber,pdf_table_extracted,pdf_confirmed,no,table,moderate,2026-02-16T22:58:46.436066+00:00,true
doi:10.18419/opus-9385,doi:10.18419/opus-9385-TBL-C064,finding,doi:10.18419/opus-9385-TBL-C064,: Solar Protection,0.6,EMPIRICAL_FINDING,unknown,unknown_with_reason:runtime_table_extractor,solar protection solar,solar protection solar,['solar protection solar'],['solar protection solar'],"['glass partitions:0.579', 'solar penetration depth:0.578', 'harsh reflections:0.564', 'unprotected open area:0.558', 'protective barrier:0.550']",['social interaction:0.550'],UNRESOLVED:environment:solar_protection_solar,UNRESOLVED:outcome:solar_protection_solar,0.0,0.0,unresolved,unresolved,inferred,0.5789,environment_unresolved|outcome_unresolved,env.unresolved.solar_protection_solar,out.unresolved.solar_protection_solar,positive,edge:doi:10.18419/opus-9385-TBL-C064,COHERENCE_SUPPORT,env.unresolved.solar_protection_solar,out.unresolved.solar_protection_solar,0.4,explicit_statement,true,: Solar Protection,explains,0.4,argument:default_contextual,table_claim,association,causal_argument,,,,,,,,table,149,149,: Solar Protection,e888749a548635e7,TBL-20260216235820-030,2,needs_article_type_verification|translation_inferred|environment_unresolved|outcome_unresolved,codex_pdfplumber,pdf_table_extracted,pdf_confirmed,no,table,moderate,2026-02-16T22:58:46.591930+00:00,true
doi:10.18419/opus-9385,doi:10.18419/opus-9385-TBL-C065,methodology,doi:10.18419/opus-9385-TBL-C065,": Venetian Blinds
e
lb
Roller Blinds
a
e
v
o Awnings
M
Shutters
Horizontal Overhang
Horizontal Louvers
d Vertical Fins
e
x
iF Horizontal Overhang with Vertical Fins
Perforated Shadings
Light Shelves study",0.9,EMPIRICAL_FINDING,unknown,unknown_with_reason:runtime_table_extractor,venetian blinds roller,venetian blinds roller,['venetian blinds roller'],['venetian blinds roller'],['openable windows open:0.558'],[],UNRESOLVED:environment:venetian_blinds_roller,UNRESOLVED:outcome:venetian_blinds_roller,0.0,0.0,unresolved,unresolved,noncausal,0.5581,noncausal_claim_type,env.unresolved.venetian_blinds_roller,out.unresolved.venetian_blinds_roller,positive,edge:doi:10.18419/opus-9385-TBL-C065,COHERENCE_SUPPORT,env.unresolved.venetian_blinds_roller,out.unresolved.venetian_blinds_roller,0.45,explicit_statement,true,: Venetian Blinds e lb Roller Blinds a e v o Awnings M Shutters Horizontal Overhang Horizontal Louvers d Vertical Fins e x iF Horizontal Overhang with Vertical Fins Perforated Shadings Light Shelves study,explains,0.45,argument:method_or_sample_context,table_claim,association,causal_argument,,,,,,,,table,150,150,: Venetian Blinds e lb Roller Blinds a e v o Awnings M Shutters Horizontal Overhang Horizontal Louvers d Vertical Fins e x iF Horizontal Overhang with Vertical Fins Perforated Shadings Light Shelves study,0a289e14f2d92fe8,TBL-20260216235820-031,0,needs_article_type_verification|translation_noncausal|noncausal_claim_type,codex_pdfplumber,pdf_table_extracted,pdf_confirmed,no,table,moderate,2026-02-16T22:58:46.755728+00:00,true
doi:10.18419/opus-9385,doi:10.18419/opus-9385-TBL-C067,methodology,doi:10.18419/opus-9385-TBL-C067,": Tinted Glazing
Reflective Glazing
Low Emissivity Glass Coatings
Surface Treated Glazing
Switchable Glazing
Insulated Glazing
Angular Selective Glazing study",0.9,EMPIRICAL_FINDING,unknown,unknown_with_reason:runtime_table_extractor,glass,tinted glazing reflective,['glass'],['tinted glazing reflective'],"['glass:1.000', 'glass partitions:0.940', 'glass prominent:0.940', 'glass-dominant:0.940', 'glass coverage:0.940']",[],env.ae.glass_prominent,UNRESOLVED:outcome:tinted_glazing_reflective,1.0,0.0,exact,unresolved,noncausal,1.0,noncausal_claim_type,env.ae.glass_prominent,out.unresolved.tinted_glazing_reflective,positive,edge:doi:10.18419/opus-9385-TBL-C067,COHERENCE_SUPPORT,env.ae.glass_prominent,out.unresolved.tinted_glazing_reflective,0.45,explicit_statement,true,: Tinted Glazing Reflective Glazing Low Emissivity Glass Coatings Surface Treated Glazing Switchable Glazing Insulated Glazing Angular Selective Glazing study,explains,0.45,argument:method_or_sample_context,table_claim,association,causal_argument,,,,,,,,table,150,150,: Tinted Glazing Reflective Glazing Low Emissivity Glass Coatings Surface Treated Glazing Switchable Glazing Insulated Glazing Angular Selective Glazing study,0f8e3b1d3cb17954,TBL-20260216235820-031,2,needs_article_type_verification|translation_noncausal|noncausal_claim_type,codex_pdfplumber,pdf_table_extracted,pdf_confirmed,no,table,moderate,2026-02-16T22:58:46.774360+00:00,true
doi:10.18419/opus-9385,doi:10.18419/opus-9385-TBL-C069,finding,doi:10.18419/opus-9385-TBL-C069,Venetian Blinds: Roller Blinds,0.6,EMPIRICAL_FINDING,unknown,unknown_with_reason:runtime_table_extractor,venetian blinds roller,venetian blinds roller,['venetian blinds roller'],['venetian blinds roller'],['openable windows open:0.558'],[],UNRESOLVED:environment:venetian_blinds_roller,UNRESOLVED:outcome:venetian_blinds_roller,0.0,0.0,unresolved,unresolved,inferred,0.5581,environment_unresolved|outcome_unresolved,env.unresolved.venetian_blinds_roller,out.unresolved.venetian_blinds_roller,positive,edge:doi:10.18419/opus-9385-TBL-C069,COHERENCE_SUPPORT,env.unresolved.venetian_blinds_roller,out.unresolved.venetian_blinds_roller,0.4,explicit_statement,true,Venetian Blinds: Roller Blinds,explains,0.4,argument:default_contextual,table_claim,association,causal_argument,,,,,,,,table,150,150,Venetian Blinds: Roller Blinds,2e1f094950c8e8ac,TBL-20260216235820-032,0,needs_article_type_verification|translation_inferred|environment_unresolved|outcome_unresolved,codex_pdfplumber,pdf_table_extracted,pdf_confirmed,no,table,moderate,2026-02-16T22:58:46.938480+00:00,true
doi:10.18419/opus-9385,doi:10.18419/opus-9385-TBL-C070,finding,doi:10.18419/opus-9385-TBL-C070,Venetian Blinds: Awnings,0.6,EMPIRICAL_FINDING,unknown,unknown_with_reason:runtime_table_extractor,awnings,venetian blinds awnings,['venetian blinds awnings'],['venetian blinds awnings'],[],[],env.ae.artworks_prominent,UNRESOLVED:outcome:venetian_blinds_awnings,0.75,0.0,fuzzy,unresolved,inferred,0.75,outcome_unresolved,env.ae.artworks_prominent,out.unresolved.venetian_blinds_awnings,positive,edge:doi:10.18419/opus-9385-TBL-C070,COHERENCE_SUPPORT,env.ae.artworks_prominent,out.unresolved.venetian_blinds_awnings,0.4,explicit_statement,true,Venetian Blinds: Awnings,explains,0.4,argument:default_contextual,table_claim,association,causal_argument,,,,,,,,table,150,150,Venetian Blinds: Awnings,2b86e8285405304f,TBL-20260216235820-032,1,needs_article_type_verification|translation_inferred|outcome_unresolved,codex_pdfplumber,pdf_table_extracted,pdf_confirmed,no,table,moderate,2026-02-16T22:58:47.104466+00:00,true
doi:10.18419/opus-9385,doi:10.18419/opus-9385-TBL-C071,finding,doi:10.18419/opus-9385-TBL-C071,Venetian Blinds: Shutters,0.6,EMPIRICAL_FINDING,unknown,unknown_with_reason:runtime_table_extractor,venetian blinds shutters,venetian blinds shutters,['venetian blinds shutters'],['venetian blinds shutters'],"['visual clutter:0.526', 'metal finishes:0.526', 'natural light patterns:0.522']",[],UNRESOLVED:environment:venetian_blinds_shutters,UNRESOLVED:outcome:venetian_blinds_shutters,0.0,0.0,unresolved,unresolved,inferred,0.5263,environment_unresolved|outcome_unresolved,env.unresolved.venetian_blinds_shutters,out.unresolved.venetian_blinds_shutters,positive,edge:doi:10.18419/opus-9385-TBL-C071,COHERENCE_SUPPORT,env.unresolved.venetian_blinds_shutters,out.unresolved.venetian_blinds_shutters,0.4,explicit_statement,true,Venetian Blinds: Shutters,explains,0.4,argument:default_contextual,table_claim,association,causal_argument,,,,,,,,table,150,150,Venetian Blinds: Shutters,f17c7062c1eb92fc,TBL-20260216235820-032,2,needs_article_type_verification|translation_inferred|environment_unresolved|outcome_unresolved,codex_pdfplumber,pdf_table_extracted,pdf_confirmed,no,table,moderate,2026-02-16T22:58:47.277341+00:00,true
doi:10.18419/opus-9385,doi:10.18419/opus-9385-TBL-C072,finding,doi:10.18419/opus-9385-TBL-C072,Horizontal Overhang: Horizontal Louvers,0.6,EMPIRICAL_FINDING,unknown,unknown_with_reason:runtime_table_extractor,horizontal overhang,horizontal overhang horizontal,['horizontal overhang horizontal'],['horizontal overhang horizontal'],"['horizontal composition:0.615', 'horizontal emphasis:0.612', 'horizontal banding:0.583', 'strong horizontals:0.583', 'strong horizontality:0.560']",[],env.ae.strong_horizontality,UNRESOLVED:outcome:horizontal_overhang_horizontal,0.7568,0.0,fuzzy,unresolved,inferred,0.7568,outcome_unresolved,env.ae.strong_horizontality,out.unresolved.horizontal_overhang_horizontal,positive,edge:doi:10.18419/opus-9385-TBL-C072,COHERENCE_SUPPORT,env.ae.strong_horizontality,out.unresolved.horizontal_overhang_horizontal,0.4,explicit_statement,true,Horizontal Overhang: Horizontal Louvers,explains,0.4,argument:default_contextual,table_claim,association,causal_argument,,,,,,,,table,150,150,Horizontal Overhang: Horizontal Louvers,afc0ed8635a4faa8,TBL-20260216235820-033,0,needs_article_type_verification|translation_inferred|outcome_unresolved,codex_pdfplumber,pdf_table_extracted,pdf_confirmed,no,table,moderate,2026-02-16T22:58:47.389229+00:00,true
doi:10.18419/opus-9385,doi:10.18419/opus-9385-TBL-C073,finding,doi:10.18419/opus-9385-TBL-C073,Horizontal Overhang: Vertical Fins,0.6,EMPIRICAL_FINDING,unknown,unknown_with_reason:runtime_table_extractor,horizontal overhang,horizontal overhang vertical,['horizontal overhang vertical'],['horizontal overhang vertical'],"['horizontal emphasis:0.638', 'horizontal banding:0.609', 'horizontal composition:0.560', 'tall verticality:0.545', 'control over lighting: task lamps:0.525']",[],env.ae.strong_horizontality,UNRESOLVED:outcome:horizontal_overhang_vertical,0.7568,0.0,fuzzy,unresolved,inferred,0.7568,outcome_unresolved,env.ae.strong_horizontality,out.unresolved.horizontal_overhang_vertical,positive,edge:doi:10.18419/opus-9385-TBL-C073,COHERENCE_SUPPORT,env.ae.strong_horizontality,out.unresolved.horizontal_overhang_vertical,0.4,explicit_statement,true,Horizontal Overhang: Vertical Fins,explains,0.4,argument:default_contextual,table_claim,association,causal_argument,,,,,,,,table,150,150,Horizontal Overhang: Vertical Fins,a427cd5ceb062dd9,TBL-20260216235820-033,1,needs_article_type_verification|translation_inferred|outcome_unresolved,codex_pdfplumber,pdf_table_extracted,pdf_confirmed,no,table,moderate,2026-02-16T22:58:47.498100+00:00,true
doi:10.18419/opus-9385,doi:10.18419/opus-9385-TBL-C074,finding,doi:10.18419/opus-9385-TBL-C074,Horizontal Overhang: Horizontal Overhang with Vertical Fins,0.6,EMPIRICAL_FINDING,unknown,unknown_with_reason:runtime_table_extractor,horizontal overhang,horizontal overhang horizontal,['horizontal overhang horizontal'],['horizontal overhang horizontal'],"['horizontal composition:0.615', 'horizontal emphasis:0.612', 'horizontal banding:0.583', 'strong horizontals:0.583', 'strong horizontality:0.560']",[],env.ae.strong_horizontality,UNRESOLVED:outcome:horizontal_overhang_horizontal,0.7568,0.0,fuzzy,unresolved,inferred,0.7568,outcome_unresolved,env.ae.strong_horizontality,out.unresolved.horizontal_overhang_horizontal,positive,edge:doi:10.18419/opus-9385-TBL-C074,COHERENCE_SUPPORT,env.ae.strong_horizontality,out.unresolved.horizontal_overhang_horizontal,0.4,explicit_statement,true,Horizontal Overhang: Horizontal Overhang with Vertical Fins,explains,0.4,argument:default_contextual,table_claim,association,causal_argument,,,,,,,,table,150,150,Horizontal Overhang: Horizontal Overhang with Vertical Fins,2902b9f0e7b31b4b,TBL-20260216235820-033,2,needs_article_type_verification|translation_inferred|outcome_unresolved,codex_pdfplumber,pdf_table_extracted,pdf_confirmed,no,table,moderate,2026-02-16T22:58:47.610795+00:00,true
doi:10.18419/opus-9385,doi:10.18419/opus-9385-TBL-C075,finding,doi:10.18419/opus-9385-TBL-C075,Horizontal Overhang: Perforated Shadings,0.6,EMPIRICAL_FINDING,unknown,unknown_with_reason:runtime_table_extractor,horizontal overhang,horizontal overhang perforated,['horizontal overhang perforated'],['horizontal overhang perforated'],"['horizontal banding:0.583', 'horizontal emphasis:0.571']","['cognitive performance:0.549', 'mental performance:0.542']",env.ae.strong_horizontality,UNRESOLVED:outcome:horizontal_overhang_perforated,0.7568,0.0,fuzzy,unresolved,inferred,0.7568,outcome_unresolved,env.ae.strong_horizontality,out.unresolved.horizontal_overhang_perforated,positive,edge:doi:10.18419/opus-9385-TBL-C075,COHERENCE_SUPPORT,env.ae.strong_horizontality,out.unresolved.horizontal_overhang_perforated,0.4,explicit_statement,true,Horizontal Overhang: Perforated Shadings,explains,0.4,argument:default_contextual,table_claim,association,causal_argument,,,,,,,,table,150,150,Horizontal Overhang: Perforated Shadings,24a7bdd9934ce24b,TBL-20260216235820-033,3,needs_article_type_verification|translation_inferred|outcome_unresolved,codex_pdfplumber,pdf_table_extracted,pdf_confirmed,no,table,moderate,2026-02-16T22:58:47.724644+00:00,true
doi:10.18419/opus-9385,doi:10.18419/opus-9385-TBL-C076,finding,doi:10.18419/opus-9385-TBL-C076,Horizontal Overhang: Light Shelves,0.6,EMPIRICAL_FINDING,unknown,unknown_with_reason:runtime_table_extractor,horizontal overhang,horizontal overhang light,['horizontal overhang light'],['horizontal overhang light'],"['horizontal emphasis:0.682', 'horizontal banding:0.651', 'horizontal composition:0.553', 'intense lighting:0.537', 'tall verticality:0.537']",[],env.ae.strong_horizontality,UNRESOLVED:outcome:horizontal_overhang_light,0.7568,0.0,fuzzy,unresolved,inferred,0.7568,outcome_unresolved,env.ae.strong_horizontality,out.unresolved.horizontal_overhang_light,positive,edge:doi:10.18419/opus-9385-TBL-C076,COHERENCE_SUPPORT,env.ae.strong_horizontality,out.unresolved.horizontal_overhang_light,0.4,explicit_statement,true,Horizontal Overhang: Light Shelves,explains,0.4,argument:default_contextual,table_claim,association,causal_argument,,,,,,,,table,150,150,Horizontal Overhang: Light Shelves,d9307408384fda0b,TBL-20260216235820-033,4,needs_article_type_verification|translation_inferred|outcome_unresolved,codex_pdfplumber,pdf_table_extracted,pdf_confirmed,no,table,moderate,2026-02-16T22:58:47.823905+00:00,true
doi:10.18419/opus-9385,doi:10.18419/opus-9385-TBL-C077,finding,doi:10.18419/opus-9385-TBL-C077,Tinted Glazing: Reflective Glazing,0.6,EMPIRICAL_FINDING,unknown,unknown_with_reason:runtime_table_extractor,tinted glazing,tinted glazing reflective,['tinted glazing reflective'],['tinted glazing reflective'],[],[],env.ae.large_window_area,UNRESOLVED:outcome:tinted_glazing_reflective,0.72,0.0,fuzzy,unresolved,inferred,0.72,outcome_unresolved,env.ae.large_window_area,out.unresolved.tinted_glazing_reflective,positive,edge:doi:10.18419/opus-9385-TBL-C077,COHERENCE_SUPPORT,env.ae.large_window_area,out.unresolved.tinted_glazing_reflective,0.4,explicit_statement,true,Tinted Glazing: Reflective Glazing,explains,0.4,argument:default_contextual,table_claim,association,causal_argument,,,,,,,,table,150,150,Tinted Glazing: Reflective Glazing,43cf73e5d0009dfb,TBL-20260216235820-034,0,needs_article_type_verification|translation_inferred|outcome_unresolved,codex_pdfplumber,pdf_table_extracted,pdf_confirmed,no,table,moderate,2026-02-16T22:58:47.915984+00:00,true
doi:10.18419/opus-9385,doi:10.18419/opus-9385-TBL-C078,finding,doi:10.18419/opus-9385-TBL-C078,Tinted Glazing: Low Emissivity Glass Coatings,0.6,EMPIRICAL_FINDING,unknown,unknown_with_reason:runtime_table_extractor,glass,tinted glazing low,['glass'],['tinted glazing low'],"['glass:1.000', 'glass partitions:0.940', 'glass prominent:0.940', 'glass-dominant:0.940', 'glass coverage:0.940']",[],env.ae.glass_prominent,UNRESOLVED:outcome:tinted_glazing_low,1.0,0.0,exact,unresolved,inferred,1.0,outcome_unresolved,env.ae.glass_prominent,out.unresolved.tinted_glazing_low,positive,edge:doi:10.18419/opus-9385-TBL-C078,COHERENCE_SUPPORT,env.ae.glass_prominent,out.unresolved.tinted_glazing_low,0.4,explicit_statement,true,Tinted Glazing: Low Emissivity Glass Coatings,explains,0.4,argument:default_contextual,table_claim,association,causal_argument,,,,,,,,table,150,150,Tinted Glazing: Low Emissivity Glass Coatings,aab588a356321a04,TBL-20260216235820-034,1,needs_article_type_verification|translation_inferred|outcome_unresolved,codex_pdfplumber,pdf_table_extracted,pdf_confirmed,no,table,moderate,2026-02-16T22:58:47.933864+00:00,true
doi:10.18419/opus-9385,doi:10.18419/opus-9385-TBL-C079,finding,doi:10.18419/opus-9385-TBL-C079,Tinted Glazing: Surface Treated Glazing,0.6,EMPIRICAL_FINDING,unknown,unknown_with_reason:runtime_table_extractor,tinted glazing,tinted glazing surface,['tinted glazing surface'],['tinted glazing surface'],"['pristine surfaces:0.615', 'stone surfaces:0.611', 'smooth large surfaces:0.605', 'polished hard surfaces:0.591', 'task surfaces:0.571']",[],env.ae.large_window_area,UNRESOLVED:outcome:tinted_glazing_surface,0.72,0.0,fuzzy,unresolved,inferred,0.72,outcome_unresolved,env.ae.large_window_area,out.unresolved.tinted_glazing_surface,positive,edge:doi:10.18419/opus-9385-TBL-C079,COHERENCE_SUPPORT,env.ae.large_window_area,out.unresolved.tinted_glazing_surface,0.4,explicit_statement,true,Tinted Glazing: Surface Treated Glazing,explains,0.4,argument:default_contextual,table_claim,association,causal_argument,,,,,,,,table,150,150,Tinted Glazing: Surface Treated Glazing,dbee212ffa62f30d,TBL-20260216235820-034,2,needs_article_type_verification|translation_inferred|outcome_unresolved,codex_pdfplumber,pdf_table_extracted,pdf_confirmed,no,table,moderate,2026-02-16T22:58:48.020065+00:00,true
doi:10.18419/opus-9385,doi:10.18419/opus-9385-TBL-C080,finding,doi:10.18419/opus-9385-TBL-C080,Tinted Glazing: Switchable Glazing,0.6,EMPIRICAL_FINDING,unknown,unknown_with_reason:runtime_table_extractor,tinted glazing,tinted glazing switchable,['tinted glazing switchable'],['tinted glazing switchable'],[],[],env.ae.large_window_area,UNRESOLVED:outcome:tinted_glazing_switchable,0.72,0.0,fuzzy,unresolved,inferred,0.72,outcome_unresolved,env.ae.large_window_area,out.unresolved.tinted_glazing_switchable,positive,edge:doi:10.18419/opus-9385-TBL-C080,COHERENCE_SUPPORT,env.ae.large_window_area,out.unresolved.tinted_glazing_switchable,0.4,explicit_statement,true,Tinted Glazing: Switchable Glazing,explains,0.4,argument:default_contextual,table_claim,association,causal_argument,,,,,,,,table,150,150,Tinted Glazing: Switchable Glazing,2e8412acecf03252,TBL-20260216235820-034,3,needs_article_type_verification|translation_inferred|outcome_unresolved,codex_pdfplumber,pdf_table_extracted,pdf_confirmed,no,table,moderate,2026-02-16T22:58:48.112607+00:00,true
doi:10.18419/opus-9385,doi:10.18419/opus-9385-TBL-C081,finding,doi:10.18419/opus-9385-TBL-C081,Tinted Glazing: Insulated Glazing,0.6,EMPIRICAL_FINDING,unknown,unknown_with_reason:runtime_table_extractor,tinted glazing,tinted glazing insulated,['tinted glazing insulated'],['tinted glazing insulated'],['tight seating layout:0.545'],[],env.ae.large_window_area,UNRESOLVED:outcome:tinted_glazing_insulated,0.72,0.0,fuzzy,unresolved,inferred,0.72,outcome_unresolved,env.ae.large_window_area,out.unresolved.tinted_glazing_insulated,positive,edge:doi:10.18419/opus-9385-TBL-C081,COHERENCE_SUPPORT,env.ae.large_window_area,out.unresolved.tinted_glazing_insulated,0.4,explicit_statement,true,Tinted Glazing: Insulated Glazing,explains,0.4,argument:default_contextual,table_claim,association,causal_argument,,,,,,,,table,150,150,Tinted Glazing: Insulated Glazing,4a03e7ae43b15119,TBL-20260216235820-034,4,needs_article_type_verification|translation_inferred|outcome_unresolved,codex_pdfplumber,pdf_table_extracted,pdf_confirmed,no,table,moderate,2026-02-16T22:58:48.203819+00:00,true
doi:10.18419/opus-9385,doi:10.18419/opus-9385-TBL-C082,finding,doi:10.18419/opus-9385-TBL-C082,Tinted Glazing: Angular Selective Glazing,0.6,EMPIRICAL_FINDING,unknown,unknown_with_reason:runtime_table_extractor,tinted glazing,tinted glazing angular,['tinted glazing angular'],['tinted glazing angular'],"['big glazing:0.545', 'unified glare rating (ugr):0.542', 'visible glazing:0.541', 'tight seating layout:0.524']",[],env.ae.large_window_area,UNRESOLVED:outcome:tinted_glazing_angular,0.72,0.0,fuzzy,unresolved,inferred,0.72,outcome_unresolved,env.ae.large_window_area,out.unresolved.tinted_glazing_angular,positive,edge:doi:10.18419/opus-9385-TBL-C082,COHERENCE_SUPPORT,env.ae.large_window_area,out.unresolved.tinted_glazing_angular,0.4,explicit_statement,true,Tinted Glazing: Angular Selective Glazing,explains,0.4,argument:default_contextual,table_claim,association,causal_argument,,,,,,,,table,150,150,Tinted Glazing: Angular Selective Glazing,48ac0b87739611de,TBL-20260216235820-034,5,needs_article_type_verification|translation_inferred|outcome_unresolved,codex_pdfplumber,pdf_table_extracted,pdf_confirmed,no,table,moderate,2026-02-16T22:58:48.289110+00:00,true
doi:10.18419/opus-9385,doi:10.18419/opus-9385-TBL-C083,finding,doi:10.18419/opus-9385-TBL-C083,: VT; Single Glazed: SHGC; Double Glazed: SHGC,0.6,EMPIRICAL_FINDING,unknown,unknown_with_reason:runtime_table_extractor,glazed,single glazed shgc,['single glazed shgc'],['single glazed shgc'],"['visible glazing:0.606', 'big glazing:0.552', 'single-color scheme:0.541']",[],env.ae.glare_present,UNRESOLVED:outcome:single_glazed_shgc,0.7273,0.0,fuzzy,unresolved,inferred,0.7273,outcome_unresolved,env.ae.glare_present,out.unresolved.single_glazed_shgc,positive,edge:doi:10.18419/opus-9385-TBL-C083,COHERENCE_SUPPORT,env.ae.glare_present,out.unresolved.single_glazed_shgc,0.4,explicit_statement,true,: VT; Single Glazed: SHGC; Double Glazed: SHGC,explains,0.4,argument:default_contextual,table_claim,association,causal_argument,,,,,,,,table,173,173,: VT; Single Glazed: SHGC; Double Glazed: SHGC,9394c07eeca63d34,TBL-20260216235822-035,2,needs_article_type_verification|translation_inferred|outcome_unresolved,codex_pdfplumber,pdf_table_extracted,pdf_confirmed,no,table,moderate,2026-02-16T22:58:48.413191+00:00,true
doi:10.18419/opus-9385,doi:10.18419/opus-9385-TBL-C084,finding,doi:10.18419/opus-9385-TBL-C084,": 0.08
0.18
0.36; Single Glazed: 0.06
0.15
0.32; Double Glazed: 0.05
0.12
0.26",0.6,EMPIRICAL_FINDING,unknown,unknown_with_reason:runtime_table_extractor,glazed,single glazed double,['single glazed double'],['single glazed double'],"['glazed facade:0.545', 'seating available:0.541']",[],env.ae.glare_present,UNRESOLVED:outcome:single_glazed_double,0.7273,0.0,fuzzy,unresolved,inferred,0.7273,outcome_unresolved,env.ae.glare_present,out.unresolved.single_glazed_double,positive,edge:doi:10.18419/opus-9385-TBL-C084,COHERENCE_SUPPORT,env.ae.glare_present,out.unresolved.single_glazed_double,0.4,explicit_statement,true,: 0.08 0.18 0.36; Single Glazed: 0.06 0.15 0.32; Double Glazed: 0.05 0.12 0.26,explains,0.4,argument:default_contextual,table_claim,association,causal_argument,,,,,,,,table,173,173,: 0.08 0.18 0.36; Single Glazed: 0.06 0.15 0.32; Double Glazed: 0.05 0.12 0.26,dff926e056b9ad65,TBL-20260216235822-035,5,needs_article_type_verification|translation_inferred|outcome_unresolved,codex_pdfplumber,pdf_table_extracted,pdf_confirmed,no,table,moderate,2026-02-16T22:58:48.542852+00:00,true
doi:10.18419/opus-9385,doi:10.18419/opus-9385-TBL-C085,finding,doi:10.18419/opus-9385-TBL-C085,": 0.04
0.11
0.22; Single Glazed: 0.04
0.09
0.20; Double Glazed: 0.03
0.08
0.16",0.6,EMPIRICAL_FINDING,unknown,unknown_with_reason:runtime_table_extractor,glazed,single glazed double,['single glazed double'],['single glazed double'],"['glazed facade:0.545', 'seating available:0.541']",[],env.ae.glare_present,UNRESOLVED:outcome:single_glazed_double,0.7273,0.0,fuzzy,unresolved,inferred,0.7273,outcome_unresolved,env.ae.glare_present,out.unresolved.single_glazed_double,positive,edge:doi:10.18419/opus-9385-TBL-C085,COHERENCE_SUPPORT,env.ae.glare_present,out.unresolved.single_glazed_double,0.4,explicit_statement,true,: 0.04 0.11 0.22; Single Glazed: 0.04 0.09 0.20; Double Glazed: 0.03 0.08 0.16,explains,0.4,argument:default_contextual,table_claim,association,causal_argument,,,,,,,,table,173,173,: 0.04 0.11 0.22; Single Glazed: 0.04 0.09 0.20; Double Glazed: 0.03 0.08 0.16,419d1114cb12a79d,TBL-20260216235822-035,8,needs_article_type_verification|translation_inferred|outcome_unresolved,codex_pdfplumber,pdf_table_extracted,pdf_confirmed,no,table,moderate,2026-02-16T22:58:48.672577+00:00,true
doi:10.18419/opus-9385,doi:10.18419/opus-9385-TBL-C086,finding,doi:10.18419/opus-9385-TBL-C086,": 0.06
0.13
0.27; Single Glazed: 0.3
0.07
0.14; Double Glazed: 0.02
0.06
0.12",0.6,EMPIRICAL_FINDING,unknown,unknown_with_reason:runtime_table_extractor,glazed,single glazed double,['single glazed double'],['single glazed double'],"['glazed facade:0.545', 'seating available:0.541']",[],env.ae.glare_present,UNRESOLVED:outcome:single_glazed_double,0.7273,0.0,fuzzy,unresolved,inferred,0.7273,outcome_unresolved,env.ae.glare_present,out.unresolved.single_glazed_double,positive,edge:doi:10.18419/opus-9385-TBL-C086,COHERENCE_SUPPORT,env.ae.glare_present,out.unresolved.single_glazed_double,0.4,explicit_statement,true,: 0.06 0.13 0.27; Single Glazed: 0.3 0.07 0.14; Double Glazed: 0.02 0.06 0.12,explains,0.4,argument:default_contextual,table_claim,association,causal_argument,,,,,,,,table,173,173,: 0.06 0.13 0.27; Single Glazed: 0.3 0.07 0.14; Double Glazed: 0.02 0.06 0.12,37952bff02b07313,TBL-20260216235822-035,11,needs_article_type_verification|translation_inferred|outcome_unresolved,codex_pdfplumber,pdf_table_extracted,pdf_confirmed,no,table,moderate,2026-02-16T22:58:48.801901+00:00,true
doi:10.18419/opus-9385,doi:10.18419/opus-9385-TBL-C087,finding,doi:10.18419/opus-9385-TBL-C087,: T III: THE OPERATIONAL STUDY,0.6,EMPIRICAL_FINDING,unknown,unknown_with_reason:runtime_table_extractor,operational,iii operational iii,['iii operational iii'],['iii operational iii'],"['window operation:0.629', 'traditional:0.533', 'high vertical lines:0.526', 'directional signage:0.526']",[],style.traditional,UNRESOLVED:outcome:iii_operational_iii,0.7273,0.0,fuzzy,unresolved,inferred,0.7273,outcome_unresolved,env.style.traditional,out.unresolved.iii_operational_iii,positive,edge:doi:10.18419/opus-9385-TBL-C087,COHERENCE_SUPPORT,env.style.traditional,out.unresolved.iii_operational_iii,0.4,explicit_statement,true,: T III: THE OPERATIONAL STUDY,explains,0.4,argument:default_contextual,table_claim,association,causal_argument,,,,,,,,table,179,179,: T III: THE OPERATIONAL STUDY,38e53fcbc217febb,TBL-20260216235822-037,0,needs_article_type_verification|translation_inferred|outcome_unresolved,codex_pdfplumber,pdf_table_extracted,pdf_confirmed,no,table,moderate,2026-02-16T22:58:48.945406+00:00,true
doi:10.18419/opus-9385,doi:10.18419/opus-9385-TBL-C088,finding,doi:10.18419/opus-9385-TBL-C088,: pter VIII,0.6,EMPIRICAL_FINDING,unknown,unknown_with_reason:runtime_table_extractor,pter viii pter,pter viii pter,['pter viii pter'],['pter viii pter'],['poor visibility:0.552'],[],UNRESOLVED:environment:pter_viii_pter,UNRESOLVED:outcome:pter_viii_pter,0.0,0.0,unresolved,unresolved,inferred,0.5517,environment_unresolved|outcome_unresolved,env.unresolved.pter_viii_pter,out.unresolved.pter_viii_pter,positive,edge:doi:10.18419/opus-9385-TBL-C088,COHERENCE_SUPPORT,env.unresolved.pter_viii_pter,out.unresolved.pter_viii_pter,0.4,explicit_statement,true,: pter VIII,explains,0.4,argument:default_contextual,table_claim,association,causal_argument,,,,,,,,table,181,181,: pter VIII,7f40810a70a3ef9b,TBL-20260216235822-038,0,needs_article_type_verification|translation_inferred|environment_unresolved|outcome_unresolved,codex_pdfplumber,pdf_table_extracted,pdf_confirmed,no,table,moderate,2026-02-16T22:58:49.059041+00:00,true
doi:10.18419/opus-9385,doi:10.18419/opus-9385-TBL-C089,finding,doi:10.18419/opus-9385-TBL-C089,: Cairo: Contextual Study,0.6,EMPIRICAL_FINDING,unknown,unknown_with_reason:runtime_table_extractor,cairo contextual cairo,cairo contextual cairo,['cairo contextual cairo'],['cairo contextual cairo'],[],[],UNRESOLVED:environment:cairo_contextual_cairo,UNRESOLVED:outcome:cairo_contextual_cairo,0.0,0.0,unresolved,unresolved,inferred,0.0,environment_unresolved|outcome_unresolved,env.unresolved.cairo_contextual_cairo,out.unresolved.cairo_contextual_cairo,positive,edge:doi:10.18419/opus-9385-TBL-C089,COHERENCE_SUPPORT,env.unresolved.cairo_contextual_cairo,out.unresolved.cairo_contextual_cairo,0.4,explicit_statement,true,: Cairo: Contextual Study,explains,0.4,argument:default_contextual,table_claim,association,causal_argument,,,,,,,,table,181,181,: Cairo: Contextual Study,6e183a98d50ae44d,TBL-20260216235822-038,2,needs_article_type_verification|translation_inferred|environment_unresolved|outcome_unresolved,codex_pdfplumber,pdf_table_extracted,pdf_confirmed,no,table,moderate,2026-02-16T22:58:49.212308+00:00,true
doi:10.18419/opus-9385,doi:10.18419/opus-9385-TBL-C090,finding,doi:10.18419/opus-9385-TBL-C090,"Objectives: Provision of general description
and geographical location; To: Conceive an introduction to the research case
study",0.6,EMPIRICAL_FINDING,unknown,unknown_with_reason:runtime_table_extractor,objectives provision general,objectives provision general,['objectives provision general'],['objectives provision general'],"['object-dense scene:0.565', 'concrete prominent:0.522', 'protective barrier:0.522']",[],UNRESOLVED:environment:objectives_provision_general,UNRESOLVED:outcome:objectives_provision_general,0.0,0.0,unresolved,unresolved,inferred,0.5652,environment_unresolved|outcome_unresolved,env.unresolved.objectives_provision_general,out.unresolved.objectives_provision_general,positive,edge:doi:10.18419/opus-9385-TBL-C090,COHERENCE_SUPPORT,env.unresolved.objectives_provision_general,out.unresolved.objectives_provision_general,0.4,explicit_statement,true,Objectives: Provision of general description and geographical location; To: Conceive an introduction to the research case study,explains,0.4,argument:default_contextual,table_claim,association,causal_argument,,,,,,,,table,182,182,Objectives: Provision of general description and geographical location; To: Conceive an introduction to the research case study,cd130c1110ee5207,TBL-20260216235822-039,0,needs_article_type_verification|translation_inferred|environment_unresolved|outcome_unresolved,codex_pdfplumber,pdf_table_extracted,pdf_confirmed,no,table,moderate,2026-02-16T22:58:49.401588+00:00,true
doi:10.18419/opus-9385,doi:10.18419/opus-9385-TBL-C091,finding,doi:10.18419/opus-9385-TBL-C091,"Objectives: Study the prevailing climatic
conditions in Greater Cairo Region; To: Determine the passive potentials that could
reduce the buildings’ total energy consumption",0.6,EMPIRICAL_FINDING,unknown,unknown_with_reason:runtime_table_extractor,prevailing,objectives prevailing climatic,['objectives prevailing climatic'],['objectives prevailing climatic'],[],[],env.ae.barriers/guards_present,UNRESOLVED:outcome:objectives_prevailing_climatic,0.7778,0.0,fuzzy,unresolved,inferred,0.7778,outcome_unresolved,env.ae.barriers_guards_present,out.unresolved.objectives_prevailing_climatic,negative,edge:doi:10.18419/opus-9385-TBL-C091,DISCONFIRMS_PREDICTION,env.ae.barriers_guards_present,out.unresolved.objectives_prevailing_climatic,0.62,explicit_statement,true,Objectives: Study the prevailing climatic conditions in Greater Cairo Region; To: Determine the passive potentials that could reduce the buildings’ total energy consumption,contradicts,0.62,argument:negative_direction_effect,table_claim,association,causal_argument,,,,,,,,table,182,182,Objectives: Study the prevailing climatic conditions in Greater Cairo Region; To: Determine the passive potentials that could reduce the buildings’ total energy consumption,5d0626b392de28f8,TBL-20260216235822-039,2,needs_article_type_verification|translation_inferred|outcome_unresolved,codex_pdfplumber,pdf_table_extracted,pdf_confirmed,no,table,moderate,2026-02-16T22:58:49.588452+00:00,true
doi:10.18419/opus-9385,doi:10.18419/opus-9385-TBL-C092,finding,doi:10.18419/opus-9385-TBL-C092,"Objectives: Investigate the currently energetic
states in Egypt; To: Show the deficit in supplement and the urge for
efficient solutions",0.6,EMPIRICAL_FINDING,unknown,unknown_with_reason:runtime_table_extractor,objectives investigate currently,objectives investigate currently,['objectives investigate currently'],['objectives investigate currently'],['object-dense scene:0.520'],[],UNRESOLVED:environment:objectives_investigate_currently,UNRESOLVED:outcome:objectives_investigate_currently,0.0,0.0,unresolved,unresolved,inferred,0.52,environment_unresolved|outcome_unresolved,env.unresolved.objectives_investigate_currently,out.unresolved.objectives_investigate_currently,positive,edge:doi:10.18419/opus-9385-TBL-C092,COHERENCE_SUPPORT,env.unresolved.objectives_investigate_currently,out.unresolved.objectives_investigate_currently,0.4,explicit_statement,true,Objectives: Investigate the currently energetic states in Egypt; To: Show the deficit in supplement and the urge for efficient solutions,explains,0.4,argument:default_contextual,table_claim,association,causal_argument,,,,,,,,table,182,182,Objectives: Investigate the currently energetic states in Egypt; To: Show the deficit in supplement and the urge for efficient solutions,63d1cdb58cc5d17d,TBL-20260216235822-039,4,needs_article_type_verification|translation_inferred|environment_unresolved|outcome_unresolved,codex_pdfplumber,pdf_table_extracted,pdf_confirmed,no,table,moderate,2026-02-16T22:58:49.801428+00:00,true
doi:10.18419/opus-9385,doi:10.18419/opus-9385-TBL-C093,finding,doi:10.18419/opus-9385-TBL-C093,"Objectives: Investigate office buildings’ energy
consumption modes in Cairo; To: Provide a benchmark for the upcoming studies",0.6,EMPIRICAL_FINDING,unknown,unknown_with_reason:runtime_table_extractor,objectives investigate office,objectives investigate office,['objectives investigate office'],['objectives investigate office'],[],[],UNRESOLVED:environment:objectives_investigate_office,UNRESOLVED:outcome:objectives_investigate_office,0.0,0.0,unresolved,unresolved,inferred,0.0,environment_unresolved|outcome_unresolved,env.unresolved.objectives_investigate_office,out.unresolved.objectives_investigate_office,positive,edge:doi:10.18419/opus-9385-TBL-C093,COHERENCE_SUPPORT,env.unresolved.objectives_investigate_office,out.unresolved.objectives_investigate_office,0.4,explicit_statement,true,Objectives: Investigate office buildings’ energy consumption modes in Cairo; To: Provide a benchmark for the upcoming studies,explains,0.4,argument:default_contextual,table_claim,association,causal_argument,,,,,,,,table,182,182,Objectives: Investigate office buildings’ energy consumption modes in Cairo; To: Provide a benchmark for the upcoming studies,f79ab8aa628875e4,TBL-20260216235822-039,6,needs_article_type_verification|translation_inferred|environment_unresolved|outcome_unresolved,codex_pdfplumber,pdf_table_extracted,pdf_confirmed,no,table,moderate,2026-02-16T22:58:49.998611+00:00,true
doi:10.18419/opus-9385,doi:10.18419/opus-9385-TBL-C094,finding,doi:10.18419/opus-9385-TBL-C094,Month: Clear sky,0.6,EMPIRICAL_FINDING,unknown,unknown_with_reason:runtime_table_extractor,clear sky,month clear sky,['month clear sky'],['month clear sky'],"['clear walkway:0.571', 'smooth large surfaces:0.556', 'zoning clarity:0.552', 'many colors:0.538', 'soft chairs:0.538']",[],env.ae.clear_circulation_paths,UNRESOLVED:outcome:month_clear_sky,0.7273,0.0,fuzzy,unresolved,inferred,0.7273,outcome_unresolved,env.ae.clear_circulation_paths,out.unresolved.month_clear_sky,positive,edge:doi:10.18419/opus-9385-TBL-C094,COHERENCE_SUPPORT,env.ae.clear_circulation_paths,out.unresolved.month_clear_sky,0.4,explicit_statement,true,Month: Clear sky,explains,0.4,argument:default_contextual,table_claim,association,causal_argument,,,,,,,,table,188,188,Month: Clear sky,ae9e8ac683275537,TBL-20260216235822-040,0,needs_article_type_verification|translation_inferred|outcome_unresolved,codex_pdfplumber,pdf_table_extracted,pdf_confirmed,no,table,moderate,2026-02-16T22:58:50.088556+00:00,true
doi:10.18419/opus-9385,doi:10.18419/opus-9385-TBL-C095,finding,doi:10.18419/opus-9385-TBL-C095,Month: Cloudy sky,0.6,EMPIRICAL_FINDING,unknown,unknown_with_reason:runtime_table_extractor,month cloudy sky,month cloudy sky,['month cloudy sky'],['month cloudy sky'],['acoustic clouds:0.581'],[],UNRESOLVED:environment:month_cloudy_sky,UNRESOLVED:outcome:month_cloudy_sky,0.0,0.0,unresolved,unresolved,inferred,0.5806,environment_unresolved|outcome_unresolved,env.unresolved.month_cloudy_sky,out.unresolved.month_cloudy_sky,positive,edge:doi:10.18419/opus-9385-TBL-C095,COHERENCE_SUPPORT,env.unresolved.month_cloudy_sky,out.unresolved.month_cloudy_sky,0.4,explicit_statement,true,Month: Cloudy sky,explains,0.4,argument:default_contextual,table_claim,association,causal_argument,,,,,,,,table,188,188,Month: Cloudy sky,78a64a616ed5dd09,TBL-20260216235822-040,1,needs_article_type_verification|translation_inferred|environment_unresolved|outcome_unresolved,codex_pdfplumber,pdf_table_extracted,pdf_confirmed,no,table,moderate,2026-02-16T22:58:50.210982+00:00,true
doi:10.18419/opus-9385,doi:10.18419/opus-9385-TBL-C096,finding,doi:10.18419/opus-9385-TBL-C096,Month: Partial cloud sky,0.6,EMPIRICAL_FINDING,unknown,unknown_with_reason:runtime_table_extractor,month partial cloud,month partial cloud,['month partial cloud'],['month partial cloud'],"['smooth visual field:0.579', 'minimal crowd:0.562', 'minimal colors:0.545', 'symmetrical layout:0.541', 'acoustic clouds:0.529']",[],UNRESOLVED:environment:month_partial_cloud,UNRESOLVED:outcome:month_partial_cloud,0.0,0.0,unresolved,unresolved,inferred,0.5789,environment_unresolved|outcome_unresolved,env.unresolved.month_partial_cloud,out.unresolved.month_partial_cloud,positive,edge:doi:10.18419/opus-9385-TBL-C096,COHERENCE_SUPPORT,env.unresolved.month_partial_cloud,out.unresolved.month_partial_cloud,0.4,explicit_statement,true,Month: Partial cloud sky,explains,0.4,argument:default_contextual,table_claim,association,causal_argument,,,,,,,,table,188,188,Month: Partial cloud sky,5c4ac84510014202,TBL-20260216235822-040,2,needs_article_type_verification|translation_inferred|environment_unresolved|outcome_unresolved,codex_pdfplumber,pdf_table_extracted,pdf_confirmed,no,table,moderate,2026-02-16T22:58:50.356123+00:00,true
doi:10.18419/opus-9385,doi:10.18419/opus-9385-TBL-C097,finding,doi:10.18419/opus-9385-TBL-C097,Month: Season; Jan: Winter; Apr: Spring; Jul: Summer; Oct: Autumn,0.6,EMPIRICAL_FINDING,unknown,unknown_with_reason:runtime_table_extractor,month season jan,month season jan,['month season jan'],['month season jan'],[],[],UNRESOLVED:environment:month_season_jan,UNRESOLVED:outcome:month_season_jan,0.0,0.0,unresolved,unresolved,inferred,0.0,environment_unresolved|outcome_unresolved,env.unresolved.month_season_jan,out.unresolved.month_season_jan,positive,edge:doi:10.18419/opus-9385-TBL-C097,COHERENCE_SUPPORT,env.unresolved.month_season_jan,out.unresolved.month_season_jan,0.4,explicit_statement,true,Month: Season; Jan: Winter; Apr: Spring; Jul: Summer; Oct: Autumn,explains,0.4,argument:default_contextual,table_claim,association,causal_argument,,,,,,,,table,188,188,Month: Season; Jan: Winter; Apr: Spring; Jul: Summer; Oct: Autumn,0b5ed99b1d265b83,TBL-20260216235822-040,3,needs_article_type_verification|translation_inferred|environment_unresolved|outcome_unresolved,codex_pdfplumber,pdf_table_extracted,pdf_confirmed,no,table,moderate,2026-02-16T22:58:50.486937+00:00,true
doi:10.18419/opus-9385,doi:10.18419/opus-9385-TBL-C101,sample,doi:10.18419/opus-9385-TBL-C101,age: 19.3,0.85,EMPIRICAL_FINDING,unknown,unknown_with_reason:runtime_table_extractor,windows,age passive low-energy,['windows'],['age passive low-energy'],"['windows:1.000', 'floor-to-ceiling windows:0.940', 'openable windows open:0.940', 'open casement windows:0.940', 'visible windows:0.940']",[],env.ae.visible_windows,out.generic.comfort,1.0,0.42,exact,generic_keyword,noncausal,1.0,noncausal_claim_type,env.ae.visible_windows,out.generic.comfort,positive,edge:doi:10.18419/opus-9385-TBL-C101,COHERENCE_SUPPORT,env.ae.visible_windows,out.generic.comfort,0.45,explicit_statement,true,age: 19.3,explains,0.45,argument:method_or_sample_context,table_claim,association,causal_argument,,,,,,,,table,197,197,age: 19.3,a729461cfad91c05,TBL-20260216235823-041,0,needs_article_type_verification|translation_noncausal|noncausal_claim_type,codex_pdfplumber,pdf_table_extracted,pdf_confirmed,no,table,moderate,2026-02-16T22:58:50.510392+00:00,true
doi:10.18419/opus-9385,doi:10.18419/opus-9385-TBL-C102,sample,doi:10.18419/opus-9385-TBL-C102,age: 9.8,0.85,EMPIRICAL_FINDING,unknown,unknown_with_reason:runtime_table_extractor,age passive low-energy,age passive low-energy,['age passive low-energy'],['age passive low-energy'],['expansive enclosure:0.537'],[],env.generic.thermal,out.generic.comfort,0.42,0.42,generic_keyword,generic_keyword,noncausal,0.5366,noncausal_claim_type,env.generic.thermal,out.generic.comfort,positive,edge:doi:10.18419/opus-9385-TBL-C102,COHERENCE_SUPPORT,env.generic.thermal,out.generic.comfort,0.45,explicit_statement,true,age: 9.8,explains,0.45,argument:method_or_sample_context,table_claim,association,causal_argument,,,,,,,,table,197,197,age: 9.8,668e1edea37e9aac,TBL-20260216235823-041,1,needs_article_type_verification|translation_noncausal|noncausal_claim_type,codex_pdfplumber,pdf_table_extracted,pdf_confirmed,no,table,moderate,2026-02-16T22:58:50.776059+00:00,true
doi:10.18419/opus-9385,doi:10.18419/opus-9385-TBL-C103,sample,doi:10.18419/opus-9385-TBL-C103,age: 12.7,0.85,EMPIRICAL_FINDING,unknown,unknown_with_reason:runtime_table_extractor,age passive low-energy,age passive low-energy,['age passive low-energy'],['age passive low-energy'],['expansive enclosure:0.537'],[],env.generic.thermal,out.generic.comfort,0.42,0.42,generic_keyword,generic_keyword,noncausal,0.5366,noncausal_claim_type,env.generic.thermal,out.generic.comfort,positive,edge:doi:10.18419/opus-9385-TBL-C103,COHERENCE_SUPPORT,env.generic.thermal,out.generic.comfort,0.45,explicit_statement,true,age: 12.7,explains,0.45,argument:method_or_sample_context,table_claim,association,causal_argument,,,,,,,,table,197,197,age: 12.7,4720c8d63efb30e5,TBL-20260216235823-041,2,needs_article_type_verification|translation_noncausal|noncausal_claim_type,codex_pdfplumber,pdf_table_extracted,pdf_confirmed,no,table,moderate,2026-02-16T22:58:51.040792+00:00,true
doi:10.18419/opus-9385,doi:10.18419/opus-9385-TBL-C104,sample,doi:10.18419/opus-9385-TBL-C104,age: 9.0,0.85,EMPIRICAL_FINDING,unknown,unknown_with_reason:runtime_table_extractor,age passive low-energy,age passive low-energy,['age passive low-energy'],['age passive low-energy'],['expansive enclosure:0.537'],[],env.generic.thermal,out.generic.comfort,0.42,0.42,generic_keyword,generic_keyword,noncausal,0.5366,noncausal_claim_type,env.generic.thermal,out.generic.comfort,positive,edge:doi:10.18419/opus-9385-TBL-C104,COHERENCE_SUPPORT,env.generic.thermal,out.generic.comfort,0.45,explicit_statement,true,age: 9.0,explains,0.45,argument:method_or_sample_context,table_claim,association,causal_argument,,,,,,,,table,197,197,age: 9.0,172b08e2cbc597e4,TBL-20260216235823-041,3,needs_article_type_verification|translation_noncausal|noncausal_claim_type,codex_pdfplumber,pdf_table_extracted,pdf_confirmed,no,table,moderate,2026-02-16T22:58:51.306095+00:00,true
doi:10.18419/opus-9385,doi:10.18419/opus-9385-TBL-C105,sample,doi:10.18419/opus-9385-TBL-C105,age: 10.9,0.85,EMPIRICAL_FINDING,unknown,unknown_with_reason:runtime_table_extractor,age passive low-energy,age passive low-energy,['age passive low-energy'],['age passive low-energy'],['expansive enclosure:0.537'],[],env.generic.thermal,out.generic.comfort,0.42,0.42,generic_keyword,generic_keyword,noncausal,0.5366,noncausal_claim_type,env.generic.thermal,out.generic.comfort,positive,edge:doi:10.18419/opus-9385-TBL-C105,COHERENCE_SUPPORT,env.generic.thermal,out.generic.comfort,0.45,explicit_statement,true,age: 10.9,explains,0.45,argument:method_or_sample_context,table_claim,association,causal_argument,,,,,,,,table,197,197,age: 10.9,8017cb585b2ac19c,TBL-20260216235823-041,4,needs_article_type_verification|translation_noncausal|noncausal_claim_type,codex_pdfplumber,pdf_table_extracted,pdf_confirmed,no,table,moderate,2026-02-16T22:58:51.570192+00:00,true
doi:10.18419/opus-9385,doi:10.18419/opus-9385-TBL-C106,sample,doi:10.18419/opus-9385-TBL-C106,age: 4.7,0.85,EMPIRICAL_FINDING,unknown,unknown_with_reason:runtime_table_extractor,age passive low-energy,age passive low-energy,['age passive low-energy'],['age passive low-energy'],['expansive enclosure:0.537'],[],env.generic.air_quality,out.generic.comfort,0.42,0.42,generic_keyword,generic_keyword,noncausal,0.5366,noncausal_claim_type,env.generic.air_quality,out.generic.comfort,positive,edge:doi:10.18419/opus-9385-TBL-C106,COHERENCE_SUPPORT,env.generic.air_quality,out.generic.comfort,0.45,explicit_statement,true,age: 4.7,explains,0.45,argument:method_or_sample_context,table_claim,association,causal_argument,,,,,,,,table,197,197,age: 4.7,371c6f3049a168b8,TBL-20260216235823-041,5,needs_article_type_verification|translation_noncausal|noncausal_claim_type,codex_pdfplumber,pdf_table_extracted,pdf_confirmed,no,table,moderate,2026-02-16T22:58:51.834565+00:00,true
doi:10.18419/opus-9385,doi:10.18419/opus-9385-TBL-C107,sample,doi:10.18419/opus-9385-TBL-C107,age: 2.5,0.85,EMPIRICAL_FINDING,unknown,unknown_with_reason:runtime_table_extractor,age passive low-energy,age passive low-energy,['age passive low-energy'],['age passive low-energy'],['expansive enclosure:0.537'],[],env.generic.thermal,out.generic.comfort,0.42,0.42,generic_keyword,generic_keyword,noncausal,0.5366,noncausal_claim_type,env.generic.thermal,out.generic.comfort,positive,edge:doi:10.18419/opus-9385-TBL-C107,COHERENCE_SUPPORT,env.generic.thermal,out.generic.comfort,0.45,explicit_statement,true,age: 2.5,explains,0.45,argument:method_or_sample_context,table_claim,association,causal_argument,,,,,,,,table,197,197,age: 2.5,5099693b10fb55b2,TBL-20260216235823-041,6,needs_article_type_verification|translation_noncausal|noncausal_claim_type,codex_pdfplumber,pdf_table_extracted,pdf_confirmed,no,table,moderate,2026-02-16T22:58:52.098341+00:00,true
doi:10.18419/opus-9385,doi:10.18419/opus-9385-TBL-C108,sample,doi:10.18419/opus-9385-TBL-C108,age: 33.7,0.85,EMPIRICAL_FINDING,unknown,unknown_with_reason:runtime_table_extractor,age passive low-energy,age passive low-energy,['age passive low-energy'],['age passive low-energy'],['expansive enclosure:0.537'],[],env.generic.thermal,out.generic.comfort,0.42,0.42,generic_keyword,generic_keyword,noncausal,0.5366,noncausal_claim_type,env.generic.thermal,out.generic.comfort,positive,edge:doi:10.18419/opus-9385-TBL-C108,COHERENCE_SUPPORT,env.generic.thermal,out.generic.comfort,0.45,explicit_statement,true,age: 33.7,explains,0.45,argument:method_or_sample_context,table_claim,association,causal_argument,,,,,,,,table,197,197,age: 33.7,0708e1307d115bb6,TBL-20260216235823-041,7,needs_article_type_verification|translation_noncausal|noncausal_claim_type,codex_pdfplumber,pdf_table_extracted,pdf_confirmed,no,table,moderate,2026-02-16T22:58:52.363297+00:00,true
doi:10.18419/opus-9385,doi:10.18419/opus-9385-TBL-C109,sample,doi:10.18419/opus-9385-TBL-C109,age: 7.1,0.85,EMPIRICAL_FINDING,unknown,unknown_with_reason:runtime_table_extractor,age passive low-energy,age passive low-energy,['age passive low-energy'],['age passive low-energy'],['expansive enclosure:0.537'],[],env.generic.thermal,out.generic.comfort,0.42,0.42,generic_keyword,generic_keyword,noncausal,0.5366,noncausal_claim_type,env.generic.thermal,out.generic.comfort,positive,edge:doi:10.18419/opus-9385-TBL-C109,COHERENCE_SUPPORT,env.generic.thermal,out.generic.comfort,0.45,explicit_statement,true,age: 7.1,explains,0.45,argument:method_or_sample_context,table_claim,association,causal_argument,,,,,,,,table,197,197,age: 7.1,4df5bb9a1de2d581,TBL-20260216235823-041,8,needs_article_type_verification|translation_noncausal|noncausal_claim_type,codex_pdfplumber,pdf_table_extracted,pdf_confirmed,no,table,moderate,2026-02-16T22:58:52.628305+00:00,true
doi:10.18419/opus-9385,doi:10.18419/opus-9385-TBL-C110,sample,doi:10.18419/opus-9385-TBL-C110,age: 13.1,0.85,EMPIRICAL_FINDING,unknown,unknown_with_reason:runtime_table_extractor,age passive low-energy,age passive low-energy,['age passive low-energy'],['age passive low-energy'],['expansive enclosure:0.537'],[],env.generic.thermal,out.generic.comfort,0.42,0.42,generic_keyword,generic_keyword,noncausal,0.5366,noncausal_claim_type,env.generic.thermal,out.generic.comfort,positive,edge:doi:10.18419/opus-9385-TBL-C110,COHERENCE_SUPPORT,env.generic.thermal,out.generic.comfort,0.45,explicit_statement,true,age: 13.1,explains,0.45,argument:method_or_sample_context,table_claim,association,causal_argument,,,,,,,,table,197,197,age: 13.1,77f159d8acbafa5b,TBL-20260216235823-041,9,needs_article_type_verification|translation_noncausal|noncausal_claim_type,codex_pdfplumber,pdf_table_extracted,pdf_confirmed,no,table,moderate,2026-02-16T22:58:52.892785+00:00,true
doi:10.18419/opus-9385,doi:10.18419/opus-9385-TBL-C111,sample,doi:10.18419/opus-9385-TBL-C111,age: 14.6,0.85,EMPIRICAL_FINDING,unknown,unknown_with_reason:runtime_table_extractor,age passive low-energy,age passive low-energy,['age passive low-energy'],['age passive low-energy'],['expansive enclosure:0.537'],[],env.generic.thermal,out.generic.comfort,0.42,0.42,generic_keyword,generic_keyword,noncausal,0.5366,noncausal_claim_type,env.generic.thermal,out.generic.comfort,positive,edge:doi:10.18419/opus-9385-TBL-C111,COHERENCE_SUPPORT,env.generic.thermal,out.generic.comfort,0.45,explicit_statement,true,age: 14.6,explains,0.45,argument:method_or_sample_context,table_claim,association,causal_argument,,,,,,,,table,197,197,age: 14.6,a6888632585e31e2,TBL-20260216235823-041,10,needs_article_type_verification|translation_noncausal|noncausal_claim_type,codex_pdfplumber,pdf_table_extracted,pdf_confirmed,no,table,moderate,2026-02-16T22:58:53.157881+00:00,true
doi:10.18419/opus-9385,doi:10.18419/opus-9385-TBL-C112,sample,doi:10.18419/opus-9385-TBL-C112,age: 38.5,0.85,EMPIRICAL_FINDING,unknown,unknown_with_reason:runtime_table_extractor,windows,age passive low-energy,['windows'],['age passive low-energy'],"['windows:1.000', 'floor-to-ceiling windows:0.940', 'openable windows open:0.940', 'open casement windows:0.940', 'visible windows:0.940']",[],env.ae.visible_windows,out.generic.comfort,1.0,0.42,exact,generic_keyword,noncausal,1.0,noncausal_claim_type,env.ae.visible_windows,out.generic.comfort,positive,edge:doi:10.18419/opus-9385-TBL-C112,COHERENCE_SUPPORT,env.ae.visible_windows,out.generic.comfort,0.45,explicit_statement,true,age: 38.5,explains,0.45,argument:method_or_sample_context,table_claim,association,causal_argument,,,,,,,,table,198,198,age: 38.5,34c8d1fd67d9054b,TBL-20260216235823-042,0,needs_article_type_verification|translation_noncausal|noncausal_claim_type,codex_pdfplumber,pdf_table_extracted,pdf_confirmed,no,table,moderate,2026-02-16T22:58:53.181284+00:00,true
doi:10.18419/opus-9385,doi:10.18419/opus-9385-TBL-C113,sample,doi:10.18419/opus-9385-TBL-C113,age: 18.1,0.85,EMPIRICAL_FINDING,unknown,unknown_with_reason:runtime_table_extractor,age passive low-energy,age passive low-energy,['age passive low-energy'],['age passive low-energy'],['expansive enclosure:0.537'],[],env.generic.thermal,out.generic.comfort,0.42,0.42,generic_keyword,generic_keyword,noncausal,0.5366,noncausal_claim_type,env.generic.thermal,out.generic.comfort,positive,edge:doi:10.18419/opus-9385-TBL-C113,COHERENCE_SUPPORT,env.generic.thermal,out.generic.comfort,0.45,explicit_statement,true,age: 18.1,explains,0.45,argument:method_or_sample_context,table_claim,association,causal_argument,,,,,,,,table,198,198,age: 18.1,6e4cc83f0ffe5de7,TBL-20260216235823-042,1,needs_article_type_verification|translation_noncausal|noncausal_claim_type,codex_pdfplumber,pdf_table_extracted,pdf_confirmed,no,table,moderate,2026-02-16T22:58:53.446598+00:00,true
doi:10.18419/opus-9385,doi:10.18419/opus-9385-TBL-C114,sample,doi:10.18419/opus-9385-TBL-C114,age: 21.8,0.85,EMPIRICAL_FINDING,unknown,unknown_with_reason:runtime_table_extractor,age passive low-energy,age passive low-energy,['age passive low-energy'],['age passive low-energy'],['expansive enclosure:0.537'],[],env.generic.thermal,out.generic.comfort,0.42,0.42,generic_keyword,generic_keyword,noncausal,0.5366,noncausal_claim_type,env.generic.thermal,out.generic.comfort,positive,edge:doi:10.18419/opus-9385-TBL-C114,COHERENCE_SUPPORT,env.generic.thermal,out.generic.comfort,0.45,explicit_statement,true,age: 21.8,explains,0.45,argument:method_or_sample_context,table_claim,association,causal_argument,,,,,,,,table,198,198,age: 21.8,bc3dff393e094875,TBL-20260216235823-042,2,needs_article_type_verification|translation_noncausal|noncausal_claim_type,codex_pdfplumber,pdf_table_extracted,pdf_confirmed,no,table,moderate,2026-02-16T22:58:53.711767+00:00,true
doi:10.18419/opus-9385,doi:10.18419/opus-9385-TBL-C115,sample,doi:10.18419/opus-9385-TBL-C115,age: 13.8,0.85,EMPIRICAL_FINDING,unknown,unknown_with_reason:runtime_table_extractor,age passive low-energy,age passive low-energy,['age passive low-energy'],['age passive low-energy'],['expansive enclosure:0.537'],[],env.generic.thermal,out.generic.comfort,0.42,0.42,generic_keyword,generic_keyword,noncausal,0.5366,noncausal_claim_type,env.generic.thermal,out.generic.comfort,positive,edge:doi:10.18419/opus-9385-TBL-C115,COHERENCE_SUPPORT,env.generic.thermal,out.generic.comfort,0.45,explicit_statement,true,age: 13.8,explains,0.45,argument:method_or_sample_context,table_claim,association,causal_argument,,,,,,,,table,198,198,age: 13.8,5bc082d1315e7a5a,TBL-20260216235823-042,3,needs_article_type_verification|translation_noncausal|noncausal_claim_type,codex_pdfplumber,pdf_table_extracted,pdf_confirmed,no,table,moderate,2026-02-16T22:58:53.976151+00:00,true
doi:10.18419/opus-9385,doi:10.18419/opus-9385-TBL-C116,sample,doi:10.18419/opus-9385-TBL-C116,age: 17.2,0.85,EMPIRICAL_FINDING,unknown,unknown_with_reason:runtime_table_extractor,age passive low-energy,age passive low-energy,['age passive low-energy'],['age passive low-energy'],['expansive enclosure:0.537'],[],env.generic.thermal,out.generic.comfort,0.42,0.42,generic_keyword,generic_keyword,noncausal,0.5366,noncausal_claim_type,env.generic.thermal,out.generic.comfort,positive,edge:doi:10.18419/opus-9385-TBL-C116,COHERENCE_SUPPORT,env.generic.thermal,out.generic.comfort,0.45,explicit_statement,true,age: 17.2,explains,0.45,argument:method_or_sample_context,table_claim,association,causal_argument,,,,,,,,table,198,198,age: 17.2,6a0c50b2a875f803,TBL-20260216235823-042,4,needs_article_type_verification|translation_noncausal|noncausal_claim_type,codex_pdfplumber,pdf_table_extracted,pdf_confirmed,no,table,moderate,2026-02-16T22:58:54.238315+00:00,true
doi:10.18419/opus-9385,doi:10.18419/opus-9385-TBL-C117,sample,doi:10.18419/opus-9385-TBL-C117,age: 6.2,0.85,EMPIRICAL_FINDING,unknown,unknown_with_reason:runtime_table_extractor,age passive low-energy,age passive low-energy,['age passive low-energy'],['age passive low-energy'],['expansive enclosure:0.537'],[],env.generic.air_quality,out.generic.comfort,0.42,0.42,generic_keyword,generic_keyword,noncausal,0.5366,noncausal_claim_type,env.generic.air_quality,out.generic.comfort,positive,edge:doi:10.18419/opus-9385-TBL-C117,COHERENCE_SUPPORT,env.generic.air_quality,out.generic.comfort,0.45,explicit_statement,true,age: 6.2,explains,0.45,argument:method_or_sample_context,table_claim,association,causal_argument,,,,,,,,table,198,198,age: 6.2,412b742c453f9c11,TBL-20260216235823-042,5,needs_article_type_verification|translation_noncausal|noncausal_claim_type,codex_pdfplumber,pdf_table_extracted,pdf_confirmed,no,table,moderate,2026-02-16T22:58:54.498710+00:00,true
doi:10.18419/opus-9385,doi:10.18419/opus-9385-TBL-C118,sample,doi:10.18419/opus-9385-TBL-C118,age: 3.0,0.85,EMPIRICAL_FINDING,unknown,unknown_with_reason:runtime_table_extractor,age passive low-energy,age passive low-energy,['age passive low-energy'],['age passive low-energy'],['expansive enclosure:0.537'],[],env.generic.thermal,out.generic.comfort,0.42,0.42,generic_keyword,generic_keyword,noncausal,0.5366,noncausal_claim_type,env.generic.thermal,out.generic.comfort,positive,edge:doi:10.18419/opus-9385-TBL-C118,COHERENCE_SUPPORT,env.generic.thermal,out.generic.comfort,0.45,explicit_statement,true,age: 3.0,explains,0.45,argument:method_or_sample_context,table_claim,association,causal_argument,,,,,,,,table,198,198,age: 3.0,0baf22b64b7097ec,TBL-20260216235823-042,6,needs_article_type_verification|translation_noncausal|noncausal_claim_type,codex_pdfplumber,pdf_table_extracted,pdf_confirmed,no,table,moderate,2026-02-16T22:58:54.758222+00:00,true
doi:10.18419/opus-9385,doi:10.18419/opus-9385-TBL-C119,sample,doi:10.18419/opus-9385-TBL-C119,age: 29.7,0.85,EMPIRICAL_FINDING,unknown,unknown_with_reason:runtime_table_extractor,age passive low-energy,age passive low-energy,['age passive low-energy'],['age passive low-energy'],['expansive enclosure:0.537'],[],env.generic.thermal,out.generic.comfort,0.42,0.42,generic_keyword,generic_keyword,noncausal,0.5366,noncausal_claim_type,env.generic.thermal,out.generic.comfort,positive,edge:doi:10.18419/opus-9385-TBL-C119,COHERENCE_SUPPORT,env.generic.thermal,out.generic.comfort,0.45,explicit_statement,true,age: 29.7,explains,0.45,argument:method_or_sample_context,table_claim,association,causal_argument,,,,,,,,table,198,198,age: 29.7,b86277159256717e,TBL-20260216235823-042,7,needs_article_type_verification|translation_noncausal|noncausal_claim_type,codex_pdfplumber,pdf_table_extracted,pdf_confirmed,no,table,moderate,2026-02-16T22:58:55.018848+00:00,true
doi:10.18419/opus-9385,doi:10.18419/opus-9385-TBL-C120,sample,doi:10.18419/opus-9385-TBL-C120,age: 11.4,0.85,EMPIRICAL_FINDING,unknown,unknown_with_reason:runtime_table_extractor,age passive low-energy,age passive low-energy,['age passive low-energy'],['age passive low-energy'],['expansive enclosure:0.537'],[],env.generic.thermal,out.generic.comfort,0.42,0.42,generic_keyword,generic_keyword,noncausal,0.5366,noncausal_claim_type,env.generic.thermal,out.generic.comfort,positive,edge:doi:10.18419/opus-9385-TBL-C120,COHERENCE_SUPPORT,env.generic.thermal,out.generic.comfort,0.45,explicit_statement,true,age: 11.4,explains,0.45,argument:method_or_sample_context,table_claim,association,causal_argument,,,,,,,,table,198,198,age: 11.4,b075e2af819555ce,TBL-20260216235823-042,8,needs_article_type_verification|translation_noncausal|noncausal_claim_type,codex_pdfplumber,pdf_table_extracted,pdf_confirmed,no,table,moderate,2026-02-16T22:58:55.284059+00:00,true
doi:10.18419/opus-9385,doi:10.18419/opus-9385-TBL-C121,sample,doi:10.18419/opus-9385-TBL-C121,age: 7.3,0.85,EMPIRICAL_FINDING,unknown,unknown_with_reason:runtime_table_extractor,age passive low-energy,age passive low-energy,['age passive low-energy'],['age passive low-energy'],['expansive enclosure:0.537'],[],env.generic.thermal,out.generic.comfort,0.42,0.42,generic_keyword,generic_keyword,noncausal,0.5366,noncausal_claim_type,env.generic.thermal,out.generic.comfort,positive,edge:doi:10.18419/opus-9385-TBL-C121,COHERENCE_SUPPORT,env.generic.thermal,out.generic.comfort,0.45,explicit_statement,true,age: 7.3,explains,0.45,argument:method_or_sample_context,table_claim,association,causal_argument,,,,,,,,table,198,198,age: 7.3,474049b7d0277e1a,TBL-20260216235823-042,9,needs_article_type_verification|translation_noncausal|noncausal_claim_type,codex_pdfplumber,pdf_table_extracted,pdf_confirmed,no,table,moderate,2026-02-16T22:58:55.548276+00:00,true
doi:10.18419/opus-9385,doi:10.18419/opus-9385-TBL-C122,finding,doi:10.18419/opus-9385-TBL-C122,Monthly Electric Consumption Tariff: For Commercial Use,0.6,EMPIRICAL_FINDING,unknown,unknown_with_reason:runtime_table_extractor,consumption,monthly electric consumption,['monthly electric consumption'],['monthly electric consumption'],"['policy cues restricting control:0.542', 'horizontal composition:0.520']",[],env.ae.hazard_indicators,UNRESOLVED:outcome:monthly_electric_consumption,0.7826,0.0,fuzzy,unresolved,inferred,0.7826,outcome_unresolved,env.ae.hazard_indicators,out.unresolved.monthly_electric_consumption,positive,edge:doi:10.18419/opus-9385-TBL-C122,COHERENCE_SUPPORT,env.ae.hazard_indicators,out.unresolved.monthly_electric_consumption,0.4,explicit_statement,true,Monthly Electric Consumption Tariff: For Commercial Use,explains,0.4,argument:default_contextual,table_claim,association,causal_argument,,,,,,,,table,209,209,Monthly Electric Consumption Tariff: For Commercial Use,14499b5394b6cd38,TBL-20260216235824-043,0,needs_article_type_verification|translation_inferred|outcome_unresolved,codex_pdfplumber,pdf_table_extracted,pdf_confirmed,no,table,moderate,2026-02-16T22:58:55.738364+00:00,true
doi:10.18419/opus-9385,doi:10.18419/opus-9385-TBL-C123,finding,doi:10.18419/opus-9385-TBL-C123,Monthly Electric Consumption Tariff: For Residential Use,0.6,EMPIRICAL_FINDING,unknown,unknown_with_reason:runtime_table_extractor,consumption,monthly electric consumption,['monthly electric consumption'],['monthly electric consumption'],"['policy cues restricting control:0.542', 'horizontal composition:0.520']",[],env.ae.hazard_indicators,UNRESOLVED:outcome:monthly_electric_consumption,0.7826,0.0,fuzzy,unresolved,inferred,0.7826,outcome_unresolved,env.ae.hazard_indicators,out.unresolved.monthly_electric_consumption,positive,edge:doi:10.18419/opus-9385-TBL-C123,COHERENCE_SUPPORT,env.ae.hazard_indicators,out.unresolved.monthly_electric_consumption,0.4,explicit_statement,true,Monthly Electric Consumption Tariff: For Residential Use,explains,0.4,argument:default_contextual,table_claim,association,causal_argument,,,,,,,,table,209,209,Monthly Electric Consumption Tariff: For Residential Use,e34efb330a480c57,TBL-20260216235824-044,0,needs_article_type_verification|translation_inferred|outcome_unresolved,codex_pdfplumber,pdf_table_extracted,pdf_confirmed,no,table,moderate,2026-02-16T22:58:55.927473+00:00,true
doi:10.18419/opus-9385,doi:10.18419/opus-9385-TBL-C124,finding,doi:10.18419/opus-9385-TBL-C124,: pter IX,0.6,EMPIRICAL_FINDING,unknown,unknown_with_reason:runtime_table_extractor,pter pter,pter pter,['pter pter'],['pter pter'],"['wallpaper patterned:0.571', 'planters present:0.560', 'potted plants:0.545', 'water feature:0.545', 'temple:0.533']",[],UNRESOLVED:environment:pter_pter,UNRESOLVED:outcome:pter_pter,0.0,0.0,unresolved,unresolved,inferred,0.5714,environment_unresolved|outcome_unresolved,env.unresolved.pter_pter,out.unresolved.pter_pter,positive,edge:doi:10.18419/opus-9385-TBL-C124,COHERENCE_SUPPORT,env.unresolved.pter_pter,out.unresolved.pter_pter,0.4,explicit_statement,true,: pter IX,explains,0.4,argument:default_contextual,table_claim,association,causal_argument,,,,,,,,table,225,225,: pter IX,99dbabcab0d2389a,TBL-20260216235825-045,0,needs_article_type_verification|translation_inferred|environment_unresolved|outcome_unresolved,codex_pdfplumber,pdf_table_extracted,pdf_confirmed,no,table,moderate,2026-02-16T22:58:55.976957+00:00,true
doi:10.18419/opus-9385,doi:10.18419/opus-9385-TBL-C125,finding,doi:10.18419/opus-9385-TBL-C125,": Surveying the Psychological Preference
of Transparency",0.6,EMPIRICAL_FINDING,unknown,unknown_with_reason:runtime_table_extractor,surveying psychological preference,psychological,['surveying psychological preference'],['surveying psychological preference'],[],['psychological stress:0.593'],UNRESOLVED:environment:surveying_psychological_preference,affect.stress,0.0,0.7879,unresolved,fuzzy,inferred,0.7879,environment_unresolved,env.unresolved.surveying_psychological_preference,out.affect.stress,positive,edge:doi:10.18419/opus-9385-TBL-C125,COHERENCE_SUPPORT,env.unresolved.surveying_psychological_preference,out.affect.stress,0.4,explicit_statement,true,: Surveying the Psychological Preference of Transparency,explains,0.4,argument:default_contextual,table_claim,association,causal_argument,,,,,,,,table,225,225,: Surveying the Psychological Preference of Transparency,f1e587323e33282c,TBL-20260216235825-045,2,needs_article_type_verification|translation_inferred|environment_unresolved,codex_pdfplumber,pdf_table_extracted,pdf_confirmed,no,table,moderate,2026-02-16T22:58:56.187996+00:00,true
doi:10.18419/opus-9385,doi:10.18419/opus-9385-TBL-C126,finding,doi:10.18419/opus-9385-TBL-C126,"Part I: Demographic
Questions
▪ Age
▪ Gender
▪ Place of Work
▪ Profession
▪ Working Hours; Part II: Importance of
Transparency
▪ importance
▪ Functions
▪ Proximity; Part III: Interaction with
Transparency
▪ Thermal Satisfaction
▪ Operating HVAC
▪ Natural Ventilation
▪ Shading Devices
▪ View
▪ Lighting Conditions
(Natural / Artificial); Part IV: Preferred Design
Criteria
▪ Glazed Area
▪ Shape
▪ Transmittance
▪ Position
▪ Preferred view
▪ Ext. Reflection
▪ Access Level
▪ Ext. Perception
▪ Preferred Shading
devices
▪ View Importance
▪ Energy Efficiency &
View Balancing
Point",0.6,EMPIRICAL_FINDING,unknown,unknown_with_reason:runtime_table_extractor,part demographic questions,part demographic questions,['part demographic questions'],['part demographic questions'],[],[],env.generic.daylight,out.generic.productivity,0.42,0.42,generic_keyword,generic_keyword,inferred,0.42,,env.generic.daylight,out.generic.productivity,positive,edge:doi:10.18419/opus-9385-TBL-C126,COHERENCE_SUPPORT,env.generic.daylight,out.generic.productivity,0.4,explicit_statement,true,Part I: Demographic Questions ▪ Age ▪ Gender ▪ Place of Work ▪ Profession ▪ Working Hours; Part II: Importance of Transparency ▪ importance ▪ Functions ▪ Proximity; Part III: Interaction with Transparency ▪ Thermal Satisfaction ▪ Operating HVAC ▪ Natural Ventilation ▪ Shading Devices ▪ View ▪ Lighting Conditions (Natur,explains,0.4,argument:default_contextual,table_claim,association,causal_argument,,,,,,,,table,227,227,Part I: Demographic Questions ▪ Age ▪ Gender ▪ Place of Work ▪ Profession ▪ Working Hours; Part II: Importance of Transparency ▪ importance ▪ Functions ▪ Proximity; Part III: Interaction with Transparency ▪ Thermal Satisfaction ▪ Operating HVAC ▪ Natural Ventilation ▪ Shading Devices ▪ View ▪ Lighting Conditions (Natur,048cec60fc83408d,TBL-20260216235825-046,0,needs_article_type_verification|translation_inferred,codex_pdfplumber,pdf_table_extracted,pdf_confirmed,no,table,moderate,2026-02-16T22:58:56.375388+00:00,true
doi:10.18419/opus-9385,doi:10.18419/opus-9385-TBL-C127,finding,doi:10.18419/opus-9385-TBL-C127,: 2,0.6,EMPIRICAL_FINDING,unknown,unknown_with_reason:runtime_table_extractor,environment,unspecified_outcome,['unspecified_environment'],['unspecified_outcome'],"['dirty environment:0.600', 'immaculate environment:0.578', 'brand-heavy environment:0.565']",[],env.ae.visible_dirt/decay,UNRESOLVED:outcome:unspecified_outcome,0.7857,0.0,fuzzy,unresolved,untranslatable_noise,0.7857,outcome_unresolved|low_information_source,env.ae.visible_dirt_decay,out.unresolved.unspecified_outcome,positive,edge:doi:10.18419/opus-9385-TBL-C127,COHERENCE_SUPPORT,env.ae.visible_dirt_decay,out.unresolved.unspecified_outcome,0.4,explicit_statement,true,: 2,explains,0.4,argument:default_contextual,table_claim,association,causal_argument,,,,,,,,table,232,232,: 2,43c8e4953ba8429a,TBL-20260216235825-047,8,needs_article_type_verification|translation_untranslatable_noise|outcome_unresolved|low_information_source,codex_pdfplumber,pdf_table_extracted,pdf_confirmed,no,table,moderate,2026-02-16T22:58:56.516762+00:00,true
doi:10.18419/opus-9385,doi:10.18419/opus-9385-TBL-C128,finding,doi:10.18419/opus-9385-TBL-C128,: 20-29; Frequency: 137; Percent: 34.1; Valid Percent: 34.1; Cumulative Percent: 34.1,0.6,EMPIRICAL_FINDING,unknown,unknown_with_reason:runtime_table_extractor,frequency percent valid,frequency percent valid,['frequency percent valid'],['frequency percent valid'],"['low frequency texture:0.591', 'high frequency texture:0.578', 'low spatial frequency content:0.538', 'high spatial frequency content:0.528']",[],UNRESOLVED:environment:frequency_percent_valid,UNRESOLVED:outcome:frequency_percent_valid,0.0,0.0,unresolved,unresolved,inferred,0.5909,environment_unresolved|outcome_unresolved,env.unresolved.frequency_percent_valid,out.unresolved.frequency_percent_valid,positive,edge:doi:10.18419/opus-9385-TBL-C128,COHERENCE_SUPPORT,env.unresolved.frequency_percent_valid,out.unresolved.frequency_percent_valid,0.4,explicit_statement,true,: 20-29; Frequency: 137; Percent: 34.1; Valid Percent: 34.1; Cumulative Percent: 34.1,explains,0.4,argument:default_contextual,table_claim,association,causal_argument,,,,,,,,table,232,232,: 20-29; Frequency: 137; Percent: 34.1; Valid Percent: 34.1; Cumulative Percent: 34.1,8728ae535da64b2d,TBL-20260216235825-048,0,needs_article_type_verification|translation_inferred|environment_unresolved|outcome_unresolved,codex_pdfplumber,pdf_table_extracted,pdf_confirmed,no,table,moderate,2026-02-16T22:58:56.680371+00:00,true
doi:10.18419/opus-9385,doi:10.18419/opus-9385-TBL-C129,finding,doi:10.18419/opus-9385-TBL-C129,: 30-39; Frequency: 166; Percent: 41.3; Valid Percent: 41.3; Cumulative Percent: 75.4,0.6,EMPIRICAL_FINDING,unknown,unknown_with_reason:runtime_table_extractor,frequency percent valid,frequency percent valid,['frequency percent valid'],['frequency percent valid'],"['low frequency texture:0.591', 'high frequency texture:0.578', 'low spatial frequency content:0.538', 'high spatial frequency content:0.528']",[],UNRESOLVED:environment:frequency_percent_valid,UNRESOLVED:outcome:frequency_percent_valid,0.0,0.0,unresolved,unresolved,inferred,0.5909,environment_unresolved|outcome_unresolved,env.unresolved.frequency_percent_valid,out.unresolved.frequency_percent_valid,positive,edge:doi:10.18419/opus-9385-TBL-C129,COHERENCE_SUPPORT,env.unresolved.frequency_percent_valid,out.unresolved.frequency_percent_valid,0.4,explicit_statement,true,: 30-39; Frequency: 166; Percent: 41.3; Valid Percent: 41.3; Cumulative Percent: 75.4,explains,0.4,argument:default_contextual,table_claim,association,causal_argument,,,,,,,,table,232,232,: 30-39; Frequency: 166; Percent: 41.3; Valid Percent: 41.3; Cumulative Percent: 75.4,839f04a458edcc10,TBL-20260216235825-048,1,needs_article_type_verification|translation_inferred|environment_unresolved|outcome_unresolved,codex_pdfplumber,pdf_table_extracted,pdf_confirmed,no,table,moderate,2026-02-16T22:58:56.843889+00:00,true
doi:10.18419/opus-9385,doi:10.18419/opus-9385-TBL-C130,finding,doi:10.18419/opus-9385-TBL-C130,: 40-49; Frequency: 77; Percent: 19.2; Valid Percent: 19.2; Cumulative Percent: 94.5,0.6,EMPIRICAL_FINDING,unknown,unknown_with_reason:runtime_table_extractor,frequency percent valid,frequency percent valid,['frequency percent valid'],['frequency percent valid'],"['low frequency texture:0.591', 'high frequency texture:0.578', 'low spatial frequency content:0.538', 'high spatial frequency content:0.528']",[],UNRESOLVED:environment:frequency_percent_valid,UNRESOLVED:outcome:frequency_percent_valid,0.0,0.0,unresolved,unresolved,inferred,0.5909,environment_unresolved|outcome_unresolved,env.unresolved.frequency_percent_valid,out.unresolved.frequency_percent_valid,positive,edge:doi:10.18419/opus-9385-TBL-C130,COHERENCE_SUPPORT,env.unresolved.frequency_percent_valid,out.unresolved.frequency_percent_valid,0.4,explicit_statement,true,: 40-49; Frequency: 77; Percent: 19.2; Valid Percent: 19.2; Cumulative Percent: 94.5,explains,0.4,argument:default_contextual,table_claim,association,causal_argument,,,,,,,,table,232,232,: 40-49; Frequency: 77; Percent: 19.2; Valid Percent: 19.2; Cumulative Percent: 94.5,d335f566a6b71da0,TBL-20260216235825-048,2,needs_article_type_verification|translation_inferred|environment_unresolved|outcome_unresolved,codex_pdfplumber,pdf_table_extracted,pdf_confirmed,no,table,moderate,2026-02-16T22:58:57.007663+00:00,true
doi:10.18419/opus-9385,doi:10.18419/opus-9385-TBL-C131,finding,doi:10.18419/opus-9385-TBL-C131,: 50-59; Frequency: 17; Percent: 4.2; Valid Percent: 4.2; Cumulative Percent: 98.8,0.6,EMPIRICAL_FINDING,unknown,unknown_with_reason:runtime_table_extractor,frequency percent valid,frequency percent valid,['frequency percent valid'],['frequency percent valid'],"['low frequency texture:0.591', 'high frequency texture:0.578', 'low spatial frequency content:0.538', 'high spatial frequency content:0.528']",[],UNRESOLVED:environment:frequency_percent_valid,UNRESOLVED:outcome:frequency_percent_valid,0.0,0.0,unresolved,unresolved,inferred,0.5909,environment_unresolved|outcome_unresolved,env.unresolved.frequency_percent_valid,out.unresolved.frequency_percent_valid,positive,edge:doi:10.18419/opus-9385-TBL-C131,COHERENCE_SUPPORT,env.unresolved.frequency_percent_valid,out.unresolved.frequency_percent_valid,0.4,explicit_statement,true,: 50-59; Frequency: 17; Percent: 4.2; Valid Percent: 4.2; Cumulative Percent: 98.8,explains,0.4,argument:default_contextual,table_claim,association,causal_argument,,,,,,,,table,232,232,: 50-59; Frequency: 17; Percent: 4.2; Valid Percent: 4.2; Cumulative Percent: 98.8,6d47b82bcac286d3,TBL-20260216235825-048,4,needs_article_type_verification|translation_inferred|environment_unresolved|outcome_unresolved,codex_pdfplumber,pdf_table_extracted,pdf_confirmed,no,table,moderate,2026-02-16T22:58:57.170946+00:00,true
doi:10.18419/opus-9385,doi:10.18419/opus-9385-TBL-C132,finding,doi:10.18419/opus-9385-TBL-C132,: Over 59; Frequency: 5; Percent: 1.2; Valid Percent: 1.2; Cumulative Percent: 100.0,0.6,EMPIRICAL_FINDING,unknown,unknown_with_reason:runtime_table_extractor,over frequency,over frequency percent,['over frequency percent'],['over frequency percent'],"['low frequency texture:0.698', 'high frequency texture:0.636', 'low spatial frequency content:0.627', 'flicker frequency:0.615', 'high spatial frequency content:0.577']",[],env.v1_013.flicker_frequency,UNRESOLVED:outcome:over_frequency_percent,0.7742,0.0,fuzzy,unresolved,inferred,0.7742,outcome_unresolved,env.v1_013.flicker_frequency,out.unresolved.over_frequency_percent,positive,edge:doi:10.18419/opus-9385-TBL-C132,COHERENCE_SUPPORT,env.v1_013.flicker_frequency,out.unresolved.over_frequency_percent,0.4,explicit_statement,true,: Over 59; Frequency: 5; Percent: 1.2; Valid Percent: 1.2; Cumulative Percent: 100.0,explains,0.4,argument:default_contextual,table_claim,association,causal_argument,,,,,,,,table,232,232,: Over 59; Frequency: 5; Percent: 1.2; Valid Percent: 1.2; Cumulative Percent: 100.0,6de97dd89445c59e,TBL-20260216235825-048,6,needs_article_type_verification|translation_inferred|outcome_unresolved,codex_pdfplumber,pdf_table_extracted,pdf_confirmed,no,table,moderate,2026-02-16T22:58:57.264891+00:00,true
doi:10.18419/opus-9385,doi:10.18419/opus-9385-TBL-C133,finding,doi:10.18419/opus-9385-TBL-C133,: Total; Frequency: 402; Percent: 100.0; Valid Percent: 100.0,0.6,EMPIRICAL_FINDING,unknown,unknown_with_reason:runtime_table_extractor,total frequency percent,total frequency percent,['total frequency percent'],['total frequency percent'],"['low spatial frequency content:0.692', 'low frequency texture:0.682', 'high spatial frequency content:0.679', 'high frequency texture:0.622', 'flicker frequency:0.550']",[],UNRESOLVED:environment:total_frequency_percent,UNRESOLVED:outcome:total_frequency_percent,0.0,0.0,unresolved,unresolved,inferred,0.6923,environment_unresolved|outcome_unresolved,env.unresolved.total_frequency_percent,out.unresolved.total_frequency_percent,positive,edge:doi:10.18419/opus-9385-TBL-C133,COHERENCE_SUPPORT,env.unresolved.total_frequency_percent,out.unresolved.total_frequency_percent,0.4,explicit_statement,true,: Total; Frequency: 402; Percent: 100.0; Valid Percent: 100.0,explains,0.4,argument:default_contextual,table_claim,association,causal_argument,,,,,,,,table,232,232,: Total; Frequency: 402; Percent: 100.0; Valid Percent: 100.0,bbc68a2eabf889cd,TBL-20260216235825-048,7,needs_article_type_verification|translation_inferred|environment_unresolved|outcome_unresolved,codex_pdfplumber,pdf_table_extracted,pdf_confirmed,no,table,moderate,2026-02-16T22:58:57.434230+00:00,true
doi:10.18419/opus-9385,doi:10.18419/opus-9385-TBL-C134,finding,doi:10.18419/opus-9385-TBL-C134,: Male; Frequency: 209; Percent: 52.0; Valid Percent: 52.8; Cumulative Percent: 52.8,0.6,EMPIRICAL_FINDING,unknown,unknown_with_reason:runtime_table_extractor,male frequency,male frequency percent,['male frequency percent'],['male frequency percent'],"['low frequency texture:0.698', 'low spatial frequency content:0.667', 'high spatial frequency content:0.654', 'high frequency texture:0.636', 'flicker frequency:0.615']",[],env.v1_013.flicker_frequency,UNRESOLVED:outcome:male_frequency_percent,0.7742,0.0,fuzzy,unresolved,inferred,0.7742,outcome_unresolved,env.v1_013.flicker_frequency,out.unresolved.male_frequency_percent,positive,edge:doi:10.18419/opus-9385-TBL-C134,COHERENCE_SUPPORT,env.v1_013.flicker_frequency,out.unresolved.male_frequency_percent,0.4,explicit_statement,true,: Male; Frequency: 209; Percent: 52.0; Valid Percent: 52.8; Cumulative Percent: 52.8,explains,0.4,argument:default_contextual,table_claim,association,causal_argument,,,,,,,,table,233,233,: Male; Frequency: 209; Percent: 52.0; Valid Percent: 52.8; Cumulative Percent: 52.8,1277f71236179fb4,TBL-20260216235825-049,0,needs_article_type_verification|translation_inferred|outcome_unresolved,codex_pdfplumber,pdf_table_extracted,pdf_confirmed,no,table,moderate,2026-02-16T22:58:57.525244+00:00,true
doi:10.18419/opus-9385,doi:10.18419/opus-9385-TBL-C135,finding,doi:10.18419/opus-9385-TBL-C135,: Female; Frequency: 187; Percent: 46.5; Valid Percent: 47.2; Cumulative Percent: 100.0,0.6,EMPIRICAL_FINDING,unknown,unknown_with_reason:runtime_table_extractor,female frequency,female frequency percent,['female frequency percent'],['female frequency percent'],"['low frequency texture:0.667', 'low spatial frequency content:0.642', 'high spatial frequency content:0.630', 'high frequency texture:0.609', 'flicker frequency:0.585']",[],env.v1_013.flicker_frequency,UNRESOLVED:outcome:female_frequency_percent,0.7273,0.0,fuzzy,unresolved,inferred,0.7273,outcome_unresolved,env.v1_013.flicker_frequency,out.unresolved.female_frequency_percent,positive,edge:doi:10.18419/opus-9385-TBL-C135,COHERENCE_SUPPORT,env.v1_013.flicker_frequency,out.unresolved.female_frequency_percent,0.4,explicit_statement,true,: Female; Frequency: 187; Percent: 46.5; Valid Percent: 47.2; Cumulative Percent: 100.0,explains,0.4,argument:default_contextual,table_claim,association,causal_argument,,,,,,,,table,233,233,: Female; Frequency: 187; Percent: 46.5; Valid Percent: 47.2; Cumulative Percent: 100.0,496183898585070c,TBL-20260216235825-049,1,needs_article_type_verification|translation_inferred|outcome_unresolved,codex_pdfplumber,pdf_table_extracted,pdf_confirmed,no,table,moderate,2026-02-16T22:58:57.622550+00:00,true
doi:10.18419/opus-9385,doi:10.18419/opus-9385-TBL-C136,finding,doi:10.18419/opus-9385-TBL-C136,: Total; Frequency: 396; Percent: 98.5; Valid Percent: 100.0,0.6,EMPIRICAL_FINDING,unknown,unknown_with_reason:runtime_table_extractor,total frequency percent,total frequency percent,['total frequency percent'],['total frequency percent'],"['low spatial frequency content:0.692', 'low frequency texture:0.682', 'high spatial frequency content:0.679', 'high frequency texture:0.622', 'flicker frequency:0.550']",[],UNRESOLVED:environment:total_frequency_percent,UNRESOLVED:outcome:total_frequency_percent,0.0,0.0,unresolved,unresolved,inferred,0.6923,environment_unresolved|outcome_unresolved,env.unresolved.total_frequency_percent,out.unresolved.total_frequency_percent,positive,edge:doi:10.18419/opus-9385-TBL-C136,COHERENCE_SUPPORT,env.unresolved.total_frequency_percent,out.unresolved.total_frequency_percent,0.4,explicit_statement,true,: Total; Frequency: 396; Percent: 98.5; Valid Percent: 100.0,explains,0.4,argument:default_contextual,table_claim,association,causal_argument,,,,,,,,table,233,233,: Total; Frequency: 396; Percent: 98.5; Valid Percent: 100.0,3c68743d582e05ec,TBL-20260216235825-049,2,needs_article_type_verification|translation_inferred|environment_unresolved|outcome_unresolved,codex_pdfplumber,pdf_table_extracted,pdf_confirmed,no,table,moderate,2026-02-16T22:58:57.788361+00:00,true
doi:10.18419/opus-9385,doi:10.18419/opus-9385-TBL-C137,finding,doi:10.18419/opus-9385-TBL-C137,Frequency: 6; Percent: 1.5,0.6,EMPIRICAL_FINDING,unknown,unknown_with_reason:runtime_table_extractor,frequency percent percent,frequency percent percent,['frequency percent percent'],['frequency percent percent'],"['low frequency texture:0.565', 'high frequency texture:0.553']",[],UNRESOLVED:environment:frequency_percent_percent,UNRESOLVED:outcome:frequency_percent_percent,0.0,0.0,unresolved,unresolved,inferred,0.5652,environment_unresolved|outcome_unresolved,env.unresolved.frequency_percent_percent,out.unresolved.frequency_percent_percent,positive,edge:doi:10.18419/opus-9385-TBL-C137,COHERENCE_SUPPORT,env.unresolved.frequency_percent_percent,out.unresolved.frequency_percent_percent,0.4,explicit_statement,true,Frequency: 6; Percent: 1.5,explains,0.4,argument:default_contextual,table_claim,association,causal_argument,,,,,,,,table,233,233,Frequency: 6; Percent: 1.5,05abbd83a5d88c98,TBL-20260216235825-049,3,needs_article_type_verification|translation_inferred|environment_unresolved|outcome_unresolved,codex_pdfplumber,pdf_table_extracted,pdf_confirmed,no,table,moderate,2026-02-16T22:58:57.944388+00:00,true
doi:10.18419/opus-9385,doi:10.18419/opus-9385-TBL-C138,finding,doi:10.18419/opus-9385-TBL-C138,Frequency: 402; Percent: 100.0,0.6,EMPIRICAL_FINDING,unknown,unknown_with_reason:runtime_table_extractor,frequency percent frequency,frequency percent frequency,['frequency percent frequency'],['frequency percent frequency'],"['flicker frequency:0.636', 'low frequency texture:0.583', 'high frequency texture:0.571']",[],UNRESOLVED:environment:frequency_percent_frequency,UNRESOLVED:outcome:frequency_percent_frequency,0.0,0.0,unresolved,unresolved,inferred,0.6364,environment_unresolved|outcome_unresolved,env.unresolved.frequency_percent_frequency,out.unresolved.frequency_percent_frequency,positive,edge:doi:10.18419/opus-9385-TBL-C138,COHERENCE_SUPPORT,env.unresolved.frequency_percent_frequency,out.unresolved.frequency_percent_frequency,0.4,explicit_statement,true,Frequency: 402; Percent: 100.0,explains,0.4,argument:default_contextual,table_claim,association,causal_argument,,,,,,,,table,233,233,Frequency: 402; Percent: 100.0,f34a547de08a163c,TBL-20260216235825-049,4,needs_article_type_verification|translation_inferred|environment_unresolved|outcome_unresolved,codex_pdfplumber,pdf_table_extracted,pdf_confirmed,no,table,moderate,2026-02-16T22:58:58.104805+00:00,true
doi:10.18419/opus-9385,doi:10.18419/opus-9385-TBL-C139,finding,doi:10.18419/opus-9385-TBL-C139,: .8,0.6,EMPIRICAL_FINDING,unknown,unknown_with_reason:runtime_table_extractor,environment,unspecified_outcome,['unspecified_environment'],['unspecified_outcome'],"['dirty environment:0.600', 'immaculate environment:0.578', 'brand-heavy environment:0.565']",[],env.ae.visible_dirt/decay,UNRESOLVED:outcome:unspecified_outcome,0.7857,0.0,fuzzy,unresolved,untranslatable_noise,0.7857,outcome_unresolved|low_information_source,env.ae.visible_dirt_decay,out.unresolved.unspecified_outcome,positive,edge:doi:10.18419/opus-9385-TBL-C139,COHERENCE_SUPPORT,env.ae.visible_dirt_decay,out.unresolved.unspecified_outcome,0.4,explicit_statement,true,: .8,explains,0.4,argument:default_contextual,table_claim,association,causal_argument,,,,,,,,table,233,233,: .8,cf0d1e0ba489020b,TBL-20260216235825-050,0,needs_article_type_verification|translation_untranslatable_noise|outcome_unresolved|low_information_source,codex_pdfplumber,pdf_table_extracted,pdf_confirmed,no,table,moderate,2026-02-16T22:58:58.264290+00:00,true
doi:10.18419/opus-9385,doi:10.18419/opus-9385-TBL-C140,finding,doi:10.18419/opus-9385-TBL-C140,: 17.2,0.6,EMPIRICAL_FINDING,unknown,unknown_with_reason:runtime_table_extractor,environment,unspecified_outcome,['unspecified_environment'],['unspecified_outcome'],"['dirty environment:0.600', 'immaculate environment:0.578', 'brand-heavy environment:0.565']",[],env.ae.visible_dirt/decay,UNRESOLVED:outcome:unspecified_outcome,0.7857,0.0,fuzzy,unresolved,untranslatable_noise,0.7857,outcome_unresolved|low_information_source,env.ae.visible_dirt_decay,out.unresolved.unspecified_outcome,positive,edge:doi:10.18419/opus-9385-TBL-C140,COHERENCE_SUPPORT,env.ae.visible_dirt_decay,out.unresolved.unspecified_outcome,0.4,explicit_statement,true,: 17.2,explains,0.4,argument:default_contextual,table_claim,association,causal_argument,,,,,,,,table,233,233,: 17.2,b3aee48bb46cd254,TBL-20260216235825-050,1,needs_article_type_verification|translation_untranslatable_noise|outcome_unresolved|low_information_source,codex_pdfplumber,pdf_table_extracted,pdf_confirmed,no,table,moderate,2026-02-16T22:58:58.448961+00:00,true
doi:10.18419/opus-9385,doi:10.18419/opus-9385-TBL-C141,finding,doi:10.18419/opus-9385-TBL-C141,: 39.6,0.6,EMPIRICAL_FINDING,unknown,unknown_with_reason:runtime_table_extractor,environment,unspecified_outcome,['unspecified_environment'],['unspecified_outcome'],"['dirty environment:0.600', 'immaculate environment:0.578', 'brand-heavy environment:0.565']",[],env.ae.visible_dirt/decay,UNRESOLVED:outcome:unspecified_outcome,0.7857,0.0,fuzzy,unresolved,untranslatable_noise,0.7857,outcome_unresolved|low_information_source,env.ae.visible_dirt_decay,out.unresolved.unspecified_outcome,positive,edge:doi:10.18419/opus-9385-TBL-C141,COHERENCE_SUPPORT,env.ae.visible_dirt_decay,out.unresolved.unspecified_outcome,0.4,explicit_statement,true,: 39.6,explains,0.4,argument:default_contextual,table_claim,association,causal_argument,,,,,,,,table,233,233,: 39.6,c9d4ba97b2a712c6,TBL-20260216235825-050,2,needs_article_type_verification|translation_untranslatable_noise|outcome_unresolved|low_information_source,codex_pdfplumber,pdf_table_extracted,pdf_confirmed,no,table,moderate,2026-02-16T22:58:58.591035+00:00,true
doi:10.18419/opus-9385,doi:10.18419/opus-9385-TBL-C142,finding,doi:10.18419/opus-9385-TBL-C142,: 76.5,0.6,EMPIRICAL_FINDING,unknown,unknown_with_reason:runtime_table_extractor,environment,unspecified_outcome,['unspecified_environment'],['unspecified_outcome'],"['dirty environment:0.600', 'immaculate environment:0.578', 'brand-heavy environment:0.565']",[],env.ae.visible_dirt/decay,UNRESOLVED:outcome:unspecified_outcome,0.7857,0.0,fuzzy,unresolved,untranslatable_noise,0.7857,outcome_unresolved|low_information_source,env.ae.visible_dirt_decay,out.unresolved.unspecified_outcome,positive,edge:doi:10.18419/opus-9385-TBL-C142,COHERENCE_SUPPORT,env.ae.visible_dirt_decay,out.unresolved.unspecified_outcome,0.4,explicit_statement,true,: 76.5,explains,0.4,argument:default_contextual,table_claim,association,causal_argument,,,,,,,,table,233,233,: 76.5,1c8121acd28ba41d,TBL-20260216235825-050,3,needs_article_type_verification|translation_untranslatable_noise|outcome_unresolved|low_information_source,codex_pdfplumber,pdf_table_extracted,pdf_confirmed,no,table,moderate,2026-02-16T22:58:58.733030+00:00,true
doi:10.18419/opus-9385,doi:10.18419/opus-9385-TBL-C143,finding,doi:10.18419/opus-9385-TBL-C143,: 77.0,0.6,EMPIRICAL_FINDING,unknown,unknown_with_reason:runtime_table_extractor,environment,unspecified_outcome,['unspecified_environment'],['unspecified_outcome'],"['dirty environment:0.600', 'immaculate environment:0.578', 'brand-heavy environment:0.565']",[],env.ae.visible_dirt/decay,UNRESOLVED:outcome:unspecified_outcome,0.7857,0.0,fuzzy,unresolved,untranslatable_noise,0.7857,outcome_unresolved|low_information_source,env.ae.visible_dirt_decay,out.unresolved.unspecified_outcome,positive,edge:doi:10.18419/opus-9385-TBL-C143,COHERENCE_SUPPORT,env.ae.visible_dirt_decay,out.unresolved.unspecified_outcome,0.4,explicit_statement,true,: 77.0,explains,0.4,argument:default_contextual,table_claim,association,causal_argument,,,,,,,,table,233,233,: 77.0,cfe6051a533c4a3f,TBL-20260216235825-050,4,needs_article_type_verification|translation_untranslatable_noise|outcome_unresolved|low_information_source,codex_pdfplumber,pdf_table_extracted,pdf_confirmed,no,table,moderate,2026-02-16T22:58:58.874338+00:00,true
doi:10.18419/opus-9385,doi:10.18419/opus-9385-TBL-C144,finding,doi:10.18419/opus-9385-TBL-C144,: 94.9,0.6,EMPIRICAL_FINDING,unknown,unknown_with_reason:runtime_table_extractor,environment,unspecified_outcome,['unspecified_environment'],['unspecified_outcome'],"['dirty environment:0.600', 'immaculate environment:0.578', 'brand-heavy environment:0.565']",[],env.ae.visible_dirt/decay,UNRESOLVED:outcome:unspecified_outcome,0.7857,0.0,fuzzy,unresolved,untranslatable_noise,0.7857,outcome_unresolved|low_information_source,env.ae.visible_dirt_decay,out.unresolved.unspecified_outcome,positive,edge:doi:10.18419/opus-9385-TBL-C144,COHERENCE_SUPPORT,env.ae.visible_dirt_decay,out.unresolved.unspecified_outcome,0.4,explicit_statement,true,: 94.9,explains,0.4,argument:default_contextual,table_claim,association,causal_argument,,,,,,,,table,233,233,: 94.9,e327785e979c3870,TBL-20260216235825-050,5,needs_article_type_verification|translation_untranslatable_noise|outcome_unresolved|low_information_source,codex_pdfplumber,pdf_table_extracted,pdf_confirmed,no,table,moderate,2026-02-16T22:58:59.015253+00:00,true
doi:10.18419/opus-9385,doi:10.18419/opus-9385-TBL-C145,finding,doi:10.18419/opus-9385-TBL-C145,Frequency: 2; Percent: .5; Valid Percent: .5; Cumulative Percent: 95.5,0.6,EMPIRICAL_FINDING,unknown,unknown_with_reason:runtime_table_extractor,frequency percent valid,frequency percent valid,['frequency percent valid'],['frequency percent valid'],"['low frequency texture:0.591', 'high frequency texture:0.578', 'low spatial frequency content:0.538', 'high spatial frequency content:0.528']",[],UNRESOLVED:environment:frequency_percent_valid,UNRESOLVED:outcome:frequency_percent_valid,0.0,0.0,unresolved,unresolved,inferred,0.5909,environment_unresolved|outcome_unresolved,env.unresolved.frequency_percent_valid,out.unresolved.frequency_percent_valid,positive,edge:doi:10.18419/opus-9385-TBL-C145,COHERENCE_SUPPORT,env.unresolved.frequency_percent_valid,out.unresolved.frequency_percent_valid,0.4,explicit_statement,true,Frequency: 2; Percent: .5; Valid Percent: .5; Cumulative Percent: 95.5,explains,0.4,argument:default_contextual,table_claim,association,causal_argument,,,,,,,,table,233,233,Frequency: 2; Percent: .5; Valid Percent: .5; Cumulative Percent: 95.5,2f13f04256f6b040,TBL-20260216235825-050,6,needs_article_type_verification|translation_inferred|environment_unresolved|outcome_unresolved,codex_pdfplumber,pdf_table_extracted,pdf_confirmed,no,table,moderate,2026-02-16T22:58:59.179572+00:00,true
doi:10.18419/opus-9385,doi:10.18419/opus-9385-TBL-C146,finding,doi:10.18419/opus-9385-TBL-C146,Frequency: 15; Percent: 3.7; Valid Percent: 3.8; Cumulative Percent: 99.2,0.6,EMPIRICAL_FINDING,unknown,unknown_with_reason:runtime_table_extractor,frequency percent valid,frequency percent valid,['frequency percent valid'],['frequency percent valid'],"['low frequency texture:0.591', 'high frequency texture:0.578', 'low spatial frequency content:0.538', 'high spatial frequency content:0.528']",[],UNRESOLVED:environment:frequency_percent_valid,UNRESOLVED:outcome:frequency_percent_valid,0.0,0.0,unresolved,unresolved,inferred,0.5909,environment_unresolved|outcome_unresolved,env.unresolved.frequency_percent_valid,out.unresolved.frequency_percent_valid,positive,edge:doi:10.18419/opus-9385-TBL-C146,COHERENCE_SUPPORT,env.unresolved.frequency_percent_valid,out.unresolved.frequency_percent_valid,0.4,explicit_statement,true,Frequency: 15; Percent: 3.7; Valid Percent: 3.8; Cumulative Percent: 99.2,explains,0.4,argument:default_contextual,table_claim,association,causal_argument,,,,,,,,table,233,233,Frequency: 15; Percent: 3.7; Valid Percent: 3.8; Cumulative Percent: 99.2,9f77fa11f69d9c00,TBL-20260216235825-050,7,needs_article_type_verification|translation_inferred|environment_unresolved|outcome_unresolved,codex_pdfplumber,pdf_table_extracted,pdf_confirmed,no,table,moderate,2026-02-16T22:58:59.343298+00:00,true
doi:10.18419/opus-9385,doi:10.18419/opus-9385-TBL-C147,finding,doi:10.18419/opus-9385-TBL-C147,Frequency: 3; Percent: .7; Valid Percent: .8; Cumulative Percent: 100.0,0.6,EMPIRICAL_FINDING,unknown,unknown_with_reason:runtime_table_extractor,frequency percent valid,frequency percent valid,['frequency percent valid'],['frequency percent valid'],"['low frequency texture:0.591', 'high frequency texture:0.578', 'low spatial frequency content:0.538', 'high spatial frequency content:0.528']",[],UNRESOLVED:environment:frequency_percent_valid,UNRESOLVED:outcome:frequency_percent_valid,0.0,0.0,unresolved,unresolved,inferred,0.5909,environment_unresolved|outcome_unresolved,env.unresolved.frequency_percent_valid,out.unresolved.frequency_percent_valid,positive,edge:doi:10.18419/opus-9385-TBL-C147,COHERENCE_SUPPORT,env.unresolved.frequency_percent_valid,out.unresolved.frequency_percent_valid,0.4,explicit_statement,true,Frequency: 3; Percent: .7; Valid Percent: .8; Cumulative Percent: 100.0,explains,0.4,argument:default_contextual,table_claim,association,causal_argument,,,,,,,,table,233,233,Frequency: 3; Percent: .7; Valid Percent: .8; Cumulative Percent: 100.0,2d78d6c5edd815ef,TBL-20260216235825-050,8,needs_article_type_verification|translation_inferred|environment_unresolved|outcome_unresolved,codex_pdfplumber,pdf_table_extracted,pdf_confirmed,no,table,moderate,2026-02-16T22:58:59.507391+00:00,true
doi:10.18419/opus-9385,doi:10.18419/opus-9385-TBL-C148,finding,doi:10.18419/opus-9385-TBL-C148,Frequency: 396; Percent: 98.5; Valid Percent: 100.0,0.6,EMPIRICAL_FINDING,unknown,unknown_with_reason:runtime_table_extractor,frequency percent valid,frequency percent valid,['frequency percent valid'],['frequency percent valid'],"['low frequency texture:0.591', 'high frequency texture:0.578', 'low spatial frequency content:0.538', 'high spatial frequency content:0.528']",[],UNRESOLVED:environment:frequency_percent_valid,UNRESOLVED:outcome:frequency_percent_valid,0.0,0.0,unresolved,unresolved,inferred,0.5909,environment_unresolved|outcome_unresolved,env.unresolved.frequency_percent_valid,out.unresolved.frequency_percent_valid,positive,edge:doi:10.18419/opus-9385-TBL-C148,COHERENCE_SUPPORT,env.unresolved.frequency_percent_valid,out.unresolved.frequency_percent_valid,0.4,explicit_statement,true,Frequency: 396; Percent: 98.5; Valid Percent: 100.0,explains,0.4,argument:default_contextual,table_claim,association,causal_argument,,,,,,,,table,233,233,Frequency: 396; Percent: 98.5; Valid Percent: 100.0,ade5ed19dd81e9fb,TBL-20260216235825-050,9,needs_article_type_verification|translation_inferred|environment_unresolved|outcome_unresolved,codex_pdfplumber,pdf_table_extracted,pdf_confirmed,no,table,moderate,2026-02-16T22:58:59.671135+00:00,true
doi:10.18419/opus-9385,doi:10.18419/opus-9385-TBL-C151,finding,doi:10.18419/opus-9385-TBL-C151,: 1.0; Percent: 1.0,0.6,EMPIRICAL_FINDING,unknown,unknown_with_reason:runtime_table_extractor,percent percent,percent percent,['percent percent'],['percent percent'],"['primary centerpiece:0.588', 'periodic pattern:0.581', 'element count:0.571', 'perimeter seating:0.562', 'central hearth:0.552']",['mental performance:0.545'],UNRESOLVED:environment:percent_percent,UNRESOLVED:outcome:percent_percent,0.0,0.0,unresolved,unresolved,inferred,0.5882,environment_unresolved|outcome_unresolved,env.unresolved.percent_percent,out.unresolved.percent_percent,positive,edge:doi:10.18419/opus-9385-TBL-C151,COHERENCE_SUPPORT,env.unresolved.percent_percent,out.unresolved.percent_percent,0.4,explicit_statement,true,: 1.0; Percent: 1.0,explains,0.4,argument:default_contextual,table_claim,association,causal_argument,,,,,,,,table,234,234,: 1.0; Percent: 1.0,922cb8cd7d90d5d7,TBL-20260216235826-051,0,needs_article_type_verification|translation_inferred|environment_unresolved|outcome_unresolved,codex_pdfplumber,pdf_table_extracted,pdf_confirmed,no,table,moderate,2026-02-16T22:58:59.738336+00:00,true
doi:10.18419/opus-9385,doi:10.18419/opus-9385-TBL-C152,finding,doi:10.18419/opus-9385-TBL-C152,Frequency: 24; Percent: 6.0; Valid Percent: 6.1; Cumulative Percen: 7.1,0.6,EMPIRICAL_FINDING,unknown,unknown_with_reason:runtime_table_extractor,frequency percent valid,frequency percent valid,['frequency percent valid'],['frequency percent valid'],"['low frequency texture:0.591', 'high frequency texture:0.578', 'low spatial frequency content:0.538', 'high spatial frequency content:0.528']",[],UNRESOLVED:environment:frequency_percent_valid,UNRESOLVED:outcome:frequency_percent_valid,0.0,0.0,unresolved,unresolved,inferred,0.5909,environment_unresolved|outcome_unresolved,env.unresolved.frequency_percent_valid,out.unresolved.frequency_percent_valid,positive,edge:doi:10.18419/opus-9385-TBL-C152,COHERENCE_SUPPORT,env.unresolved.frequency_percent_valid,out.unresolved.frequency_percent_valid,0.4,explicit_statement,true,Frequency: 24; Percent: 6.0; Valid Percent: 6.1; Cumulative Percen: 7.1,explains,0.4,argument:default_contextual,table_claim,association,causal_argument,,,,,,,,table,234,234,Frequency: 24; Percent: 6.0; Valid Percent: 6.1; Cumulative Percen: 7.1,d0b1f41a228c1053,TBL-20260216235826-051,1,needs_article_type_verification|translation_inferred|environment_unresolved|outcome_unresolved,codex_pdfplumber,pdf_table_extracted,pdf_confirmed,no,table,moderate,2026-02-16T22:58:59.902216+00:00,true
doi:10.18419/opus-9385,doi:10.18419/opus-9385-TBL-C153,finding,doi:10.18419/opus-9385-TBL-C153,Frequency: 2; Percent: .5; Valid Percent: .5; Cumulative Percen: 7.6,0.6,EMPIRICAL_FINDING,unknown,unknown_with_reason:runtime_table_extractor,frequency percent valid,frequency percent valid,['frequency percent valid'],['frequency percent valid'],"['low frequency texture:0.591', 'high frequency texture:0.578', 'low spatial frequency content:0.538', 'high spatial frequency content:0.528']",[],UNRESOLVED:environment:frequency_percent_valid,UNRESOLVED:outcome:frequency_percent_valid,0.0,0.0,unresolved,unresolved,inferred,0.5909,environment_unresolved|outcome_unresolved,env.unresolved.frequency_percent_valid,out.unresolved.frequency_percent_valid,positive,edge:doi:10.18419/opus-9385-TBL-C153,COHERENCE_SUPPORT,env.unresolved.frequency_percent_valid,out.unresolved.frequency_percent_valid,0.4,explicit_statement,true,Frequency: 2; Percent: .5; Valid Percent: .5; Cumulative Percen: 7.6,explains,0.4,argument:default_contextual,table_claim,association,causal_argument,,,,,,,,table,234,234,Frequency: 2; Percent: .5; Valid Percent: .5; Cumulative Percen: 7.6,df173b62c9b1305c,TBL-20260216235826-051,2,needs_article_type_verification|translation_inferred|environment_unresolved|outcome_unresolved,codex_pdfplumber,pdf_table_extracted,pdf_confirmed,no,table,moderate,2026-02-16T22:59:00.065654+00:00,true
doi:10.18419/opus-9385,doi:10.18419/opus-9385-TBL-C154,finding,doi:10.18419/opus-9385-TBL-C154,Frequency: 44; Percent: 10.9; Valid Percent: 11.1; Cumulative Percen: 18.7,0.6,EMPIRICAL_FINDING,unknown,unknown_with_reason:runtime_table_extractor,frequency percent valid,frequency percent valid,['frequency percent valid'],['frequency percent valid'],"['low frequency texture:0.591', 'high frequency texture:0.578', 'low spatial frequency content:0.538', 'high spatial frequency content:0.528']",[],UNRESOLVED:environment:frequency_percent_valid,UNRESOLVED:outcome:frequency_percent_valid,0.0,0.0,unresolved,unresolved,inferred,0.5909,environment_unresolved|outcome_unresolved,env.unresolved.frequency_percent_valid,out.unresolved.frequency_percent_valid,positive,edge:doi:10.18419/opus-9385-TBL-C154,COHERENCE_SUPPORT,env.unresolved.frequency_percent_valid,out.unresolved.frequency_percent_valid,0.4,explicit_statement,true,Frequency: 44; Percent: 10.9; Valid Percent: 11.1; Cumulative Percen: 18.7,explains,0.4,argument:default_contextual,table_claim,association,causal_argument,,,,,,,,table,234,234,Frequency: 44; Percent: 10.9; Valid Percent: 11.1; Cumulative Percen: 18.7,38526f5f2edae808,TBL-20260216235826-051,3,needs_article_type_verification|translation_inferred|environment_unresolved|outcome_unresolved,codex_pdfplumber,pdf_table_extracted,pdf_confirmed,no,table,moderate,2026-02-16T22:59:00.229327+00:00,true
doi:10.18419/opus-9385,doi:10.18419/opus-9385-TBL-C155,finding,doi:10.18419/opus-9385-TBL-C155,Frequency: 50; Percent: 12.4; Valid Percent: 12.6; Cumulative Percen: 31.3,0.6,EMPIRICAL_FINDING,unknown,unknown_with_reason:runtime_table_extractor,frequency percent valid,frequency percent valid,['frequency percent valid'],['frequency percent valid'],"['low frequency texture:0.591', 'high frequency texture:0.578', 'low spatial frequency content:0.538', 'high spatial frequency content:0.528']",[],UNRESOLVED:environment:frequency_percent_valid,UNRESOLVED:outcome:frequency_percent_valid,0.0,0.0,unresolved,unresolved,inferred,0.5909,environment_unresolved|outcome_unresolved,env.unresolved.frequency_percent_valid,out.unresolved.frequency_percent_valid,positive,edge:doi:10.18419/opus-9385-TBL-C155,COHERENCE_SUPPORT,env.unresolved.frequency_percent_valid,out.unresolved.frequency_percent_valid,0.4,explicit_statement,true,Frequency: 50; Percent: 12.4; Valid Percent: 12.6; Cumulative Percen: 31.3,explains,0.4,argument:default_contextual,table_claim,association,causal_argument,,,,,,,,table,234,234,Frequency: 50; Percent: 12.4; Valid Percent: 12.6; Cumulative Percen: 31.3,7ad1a2076e8b72f4,TBL-20260216235826-051,4,needs_article_type_verification|translation_inferred|environment_unresolved|outcome_unresolved,codex_pdfplumber,pdf_table_extracted,pdf_confirmed,no,table,moderate,2026-02-16T22:59:00.392997+00:00,true
doi:10.18419/opus-9385,doi:10.18419/opus-9385-TBL-C156,finding,doi:10.18419/opus-9385-TBL-C156,Frequency: 3; Percent: .7; Valid Percent: .8; Cumulative Percen: 32.1,0.6,EMPIRICAL_FINDING,unknown,unknown_with_reason:runtime_table_extractor,frequency percent valid,frequency percent valid,['frequency percent valid'],['frequency percent valid'],"['low frequency texture:0.591', 'high frequency texture:0.578', 'low spatial frequency content:0.538', 'high spatial frequency content:0.528']",[],UNRESOLVED:environment:frequency_percent_valid,UNRESOLVED:outcome:frequency_percent_valid,0.0,0.0,unresolved,unresolved,inferred,0.5909,environment_unresolved|outcome_unresolved,env.unresolved.frequency_percent_valid,out.unresolved.frequency_percent_valid,positive,edge:doi:10.18419/opus-9385-TBL-C156,COHERENCE_SUPPORT,env.unresolved.frequency_percent_valid,out.unresolved.frequency_percent_valid,0.4,explicit_statement,true,Frequency: 3; Percent: .7; Valid Percent: .8; Cumulative Percen: 32.1,explains,0.4,argument:default_contextual,table_claim,association,causal_argument,,,,,,,,table,234,234,Frequency: 3; Percent: .7; Valid Percent: .8; Cumulative Percen: 32.1,70551d4a9dddc234,TBL-20260216235826-051,5,needs_article_type_verification|translation_inferred|environment_unresolved|outcome_unresolved,codex_pdfplumber,pdf_table_extracted,pdf_confirmed,no,table,moderate,2026-02-16T22:59:00.556064+00:00,true
doi:10.18419/opus-9385,doi:10.18419/opus-9385-TBL-C157,finding,doi:10.18419/opus-9385-TBL-C157,Frequency: 148; Percent: 36.8; Valid Percent: 37.4; Cumulative Percen: 69.4,0.6,EMPIRICAL_FINDING,unknown,unknown_with_reason:runtime_table_extractor,frequency percent valid,frequency percent valid,['frequency percent valid'],['frequency percent valid'],"['low frequency texture:0.591', 'high frequency texture:0.578', 'low spatial frequency content:0.538', 'high spatial frequency content:0.528']",[],UNRESOLVED:environment:frequency_percent_valid,UNRESOLVED:outcome:frequency_percent_valid,0.0,0.0,unresolved,unresolved,inferred,0.5909,environment_unresolved|outcome_unresolved,env.unresolved.frequency_percent_valid,out.unresolved.frequency_percent_valid,positive,edge:doi:10.18419/opus-9385-TBL-C157,COHERENCE_SUPPORT,env.unresolved.frequency_percent_valid,out.unresolved.frequency_percent_valid,0.4,explicit_statement,true,Frequency: 148; Percent: 36.8; Valid Percent: 37.4; Cumulative Percen: 69.4,explains,0.4,argument:default_contextual,table_claim,association,causal_argument,,,,,,,,table,234,234,Frequency: 148; Percent: 36.8; Valid Percent: 37.4; Cumulative Percen: 69.4,5173ec7fd3e2d3b1,TBL-20260216235826-051,6,needs_article_type_verification|translation_inferred|environment_unresolved|outcome_unresolved,codex_pdfplumber,pdf_table_extracted,pdf_confirmed,no,table,moderate,2026-02-16T22:59:00.720139+00:00,true
doi:10.18419/opus-9385,doi:10.18419/opus-9385-TBL-C158,finding,doi:10.18419/opus-9385-TBL-C158,Frequency: 67; Percent: 16.7; Valid Percent: 16.9; Cumulative Percen: 86.4,0.6,EMPIRICAL_FINDING,unknown,unknown_with_reason:runtime_table_extractor,frequency percent valid,frequency percent valid,['frequency percent valid'],['frequency percent valid'],"['low frequency texture:0.591', 'high frequency texture:0.578', 'low spatial frequency content:0.538', 'high spatial frequency content:0.528']",[],UNRESOLVED:environment:frequency_percent_valid,UNRESOLVED:outcome:frequency_percent_valid,0.0,0.0,unresolved,unresolved,inferred,0.5909,environment_unresolved|outcome_unresolved,env.unresolved.frequency_percent_valid,out.unresolved.frequency_percent_valid,positive,edge:doi:10.18419/opus-9385-TBL-C158,COHERENCE_SUPPORT,env.unresolved.frequency_percent_valid,out.unresolved.frequency_percent_valid,0.4,explicit_statement,true,Frequency: 67; Percent: 16.7; Valid Percent: 16.9; Cumulative Percen: 86.4,explains,0.4,argument:default_contextual,table_claim,association,causal_argument,,,,,,,,table,234,234,Frequency: 67; Percent: 16.7; Valid Percent: 16.9; Cumulative Percen: 86.4,0c0f9bd05150501d,TBL-20260216235826-051,7,needs_article_type_verification|translation_inferred|environment_unresolved|outcome_unresolved,codex_pdfplumber,pdf_table_extracted,pdf_confirmed,no,table,moderate,2026-02-16T22:59:00.884107+00:00,true
doi:10.18419/opus-9385,doi:10.18419/opus-9385-TBL-C159,finding,doi:10.18419/opus-9385-TBL-C159,Frequency: 1; Percent: .2; Valid Percent: .3; Cumulative Percen: 86.6,0.6,EMPIRICAL_FINDING,unknown,unknown_with_reason:runtime_table_extractor,frequency percent valid,frequency percent valid,['frequency percent valid'],['frequency percent valid'],"['low frequency texture:0.591', 'high frequency texture:0.578', 'low spatial frequency content:0.538', 'high spatial frequency content:0.528']",[],UNRESOLVED:environment:frequency_percent_valid,UNRESOLVED:outcome:frequency_percent_valid,0.0,0.0,unresolved,unresolved,inferred,0.5909,environment_unresolved|outcome_unresolved,env.unresolved.frequency_percent_valid,out.unresolved.frequency_percent_valid,positive,edge:doi:10.18419/opus-9385-TBL-C159,COHERENCE_SUPPORT,env.unresolved.frequency_percent_valid,out.unresolved.frequency_percent_valid,0.4,explicit_statement,true,Frequency: 1; Percent: .2; Valid Percent: .3; Cumulative Percen: 86.6,explains,0.4,argument:default_contextual,table_claim,association,causal_argument,,,,,,,,table,234,234,Frequency: 1; Percent: .2; Valid Percent: .3; Cumulative Percen: 86.6,7ea317d238c54652,TBL-20260216235826-051,8,needs_article_type_verification|translation_inferred|environment_unresolved|outcome_unresolved,codex_pdfplumber,pdf_table_extracted,pdf_confirmed,no,table,moderate,2026-02-16T22:59:01.046367+00:00,true
doi:10.18419/opus-9385,doi:10.18419/opus-9385-TBL-C160,finding,doi:10.18419/opus-9385-TBL-C160,Frequency: 9; Percent: 2.2; Valid Percent: 2.3; Cumulative Percen: 88.9,0.6,EMPIRICAL_FINDING,unknown,unknown_with_reason:runtime_table_extractor,frequency percent valid,frequency percent valid,['frequency percent valid'],['frequency percent valid'],"['low frequency texture:0.591', 'high frequency texture:0.578', 'low spatial frequency content:0.538', 'high spatial frequency content:0.528']",[],UNRESOLVED:environment:frequency_percent_valid,UNRESOLVED:outcome:frequency_percent_valid,0.0,0.0,unresolved,unresolved,inferred,0.5909,environment_unresolved|outcome_unresolved,env.unresolved.frequency_percent_valid,out.unresolved.frequency_percent_valid,positive,edge:doi:10.18419/opus-9385-TBL-C160,COHERENCE_SUPPORT,env.unresolved.frequency_percent_valid,out.unresolved.frequency_percent_valid,0.4,explicit_statement,true,Frequency: 9; Percent: 2.2; Valid Percent: 2.3; Cumulative Percen: 88.9,explains,0.4,argument:default_contextual,table_claim,association,causal_argument,,,,,,,,table,234,234,Frequency: 9; Percent: 2.2; Valid Percent: 2.3; Cumulative Percen: 88.9,61ac2f101227d62f,TBL-20260216235826-051,9,needs_article_type_verification|translation_inferred|environment_unresolved|outcome_unresolved,codex_pdfplumber,pdf_table_extracted,pdf_confirmed,no,table,moderate,2026-02-16T22:59:01.208718+00:00,true
doi:10.18419/opus-9385,doi:10.18419/opus-9385-TBL-C161,finding,doi:10.18419/opus-9385-TBL-C161,Frequency: 37; Percent: 9.2; Valid Percent: 9.3; Cumulative Percen: 98.2,0.6,EMPIRICAL_FINDING,unknown,unknown_with_reason:runtime_table_extractor,frequency percent valid,frequency percent valid,['frequency percent valid'],['frequency percent valid'],"['low frequency texture:0.591', 'high frequency texture:0.578', 'low spatial frequency content:0.538', 'high spatial frequency content:0.528']",[],UNRESOLVED:environment:frequency_percent_valid,UNRESOLVED:outcome:frequency_percent_valid,0.0,0.0,unresolved,unresolved,inferred,0.5909,environment_unresolved|outcome_unresolved,env.unresolved.frequency_percent_valid,out.unresolved.frequency_percent_valid,positive,edge:doi:10.18419/opus-9385-TBL-C161,COHERENCE_SUPPORT,env.unresolved.frequency_percent_valid,out.unresolved.frequency_percent_valid,0.4,explicit_statement,true,Frequency: 37; Percent: 9.2; Valid Percent: 9.3; Cumulative Percen: 98.2,explains,0.4,argument:default_contextual,table_claim,association,causal_argument,,,,,,,,table,234,234,Frequency: 37; Percent: 9.2; Valid Percent: 9.3; Cumulative Percen: 98.2,5900974f7260edb8,TBL-20260216235826-051,10,needs_article_type_verification|translation_inferred|environment_unresolved|outcome_unresolved,codex_pdfplumber,pdf_table_extracted,pdf_confirmed,no,table,moderate,2026-02-16T22:59:01.372266+00:00,true
doi:10.18419/opus-9385,doi:10.18419/opus-9385-TBL-C162,finding,doi:10.18419/opus-9385-TBL-C162,: 98.5; Percent: .2,0.6,EMPIRICAL_FINDING,unknown,unknown_with_reason:runtime_table_extractor,percent percent,percent percent,['percent percent'],['percent percent'],"['primary centerpiece:0.588', 'periodic pattern:0.581', 'element count:0.571', 'perimeter seating:0.562', 'central hearth:0.552']",['mental performance:0.545'],UNRESOLVED:environment:percent_percent,UNRESOLVED:outcome:percent_percent,0.0,0.0,unresolved,unresolved,inferred,0.5882,environment_unresolved|outcome_unresolved,env.unresolved.percent_percent,out.unresolved.percent_percent,positive,edge:doi:10.18419/opus-9385-TBL-C162,COHERENCE_SUPPORT,env.unresolved.percent_percent,out.unresolved.percent_percent,0.4,explicit_statement,true,: 98.5; Percent: .2,explains,0.4,argument:default_contextual,table_claim,association,causal_argument,,,,,,,,table,234,234,: 98.5; Percent: .2,5f675504ce5563e3,TBL-20260216235826-051,11,needs_article_type_verification|translation_inferred|environment_unresolved|outcome_unresolved,codex_pdfplumber,pdf_table_extracted,pdf_confirmed,no,table,moderate,2026-02-16T22:59:01.438894+00:00,true
doi:10.18419/opus-9385,doi:10.18419/opus-9385-TBL-C163,finding,doi:10.18419/opus-9385-TBL-C163,: 99.0; Percent: .5,0.6,EMPIRICAL_FINDING,unknown,unknown_with_reason:runtime_table_extractor,percent percent,percent percent,['percent percent'],['percent percent'],"['primary centerpiece:0.588', 'periodic pattern:0.581', 'element count:0.571', 'perimeter seating:0.562', 'central hearth:0.552']",['mental performance:0.545'],UNRESOLVED:environment:percent_percent,UNRESOLVED:outcome:percent_percent,0.0,0.0,unresolved,unresolved,inferred,0.5882,environment_unresolved|outcome_unresolved,env.unresolved.percent_percent,out.unresolved.percent_percent,positive,edge:doi:10.18419/opus-9385-TBL-C163,COHERENCE_SUPPORT,env.unresolved.percent_percent,out.unresolved.percent_percent,0.4,explicit_statement,true,: 99.0; Percent: .5,explains,0.4,argument:default_contextual,table_claim,association,causal_argument,,,,,,,,table,234,234,: 99.0; Percent: .5,5a6cf11d8597b226,TBL-20260216235826-051,12,needs_article_type_verification|translation_inferred|environment_unresolved|outcome_unresolved,codex_pdfplumber,pdf_table_extracted,pdf_confirmed,no,table,moderate,2026-02-16T22:59:01.504991+00:00,true
doi:10.18419/opus-9385,doi:10.18419/opus-9385-TBL-C164,finding,doi:10.18419/opus-9385-TBL-C164,: 99.2; Percent: .2,0.6,EMPIRICAL_FINDING,unknown,unknown_with_reason:runtime_table_extractor,percent percent,percent percent,['percent percent'],['percent percent'],"['primary centerpiece:0.588', 'periodic pattern:0.581', 'element count:0.571', 'perimeter seating:0.562', 'central hearth:0.552']",['mental performance:0.545'],UNRESOLVED:environment:percent_percent,UNRESOLVED:outcome:percent_percent,0.0,0.0,unresolved,unresolved,inferred,0.5882,environment_unresolved|outcome_unresolved,env.unresolved.percent_percent,out.unresolved.percent_percent,positive,edge:doi:10.18419/opus-9385-TBL-C164,COHERENCE_SUPPORT,env.unresolved.percent_percent,out.unresolved.percent_percent,0.4,explicit_statement,true,: 99.2; Percent: .2,explains,0.4,argument:default_contextual,table_claim,association,causal_argument,,,,,,,,table,234,234,: 99.2; Percent: .2,983c83508ea92fa8,TBL-20260216235826-051,13,needs_article_type_verification|translation_inferred|environment_unresolved|outcome_unresolved,codex_pdfplumber,pdf_table_extracted,pdf_confirmed,no,table,moderate,2026-02-16T22:59:01.571410+00:00,true
doi:10.18419/opus-9385,doi:10.18419/opus-9385-TBL-C165,finding,doi:10.18419/opus-9385-TBL-C165,: 99.5; Percent: .2,0.6,EMPIRICAL_FINDING,unknown,unknown_with_reason:runtime_table_extractor,percent percent,percent percent,['percent percent'],['percent percent'],"['primary centerpiece:0.588', 'periodic pattern:0.581', 'element count:0.571', 'perimeter seating:0.562', 'central hearth:0.552']",['mental performance:0.545'],UNRESOLVED:environment:percent_percent,UNRESOLVED:outcome:percent_percent,0.0,0.0,unresolved,unresolved,inferred,0.5882,environment_unresolved|outcome_unresolved,env.unresolved.percent_percent,out.unresolved.percent_percent,positive,edge:doi:10.18419/opus-9385-TBL-C165,COHERENCE_SUPPORT,env.unresolved.percent_percent,out.unresolved.percent_percent,0.4,explicit_statement,true,: 99.5; Percent: .2,explains,0.4,argument:default_contextual,table_claim,association,causal_argument,,,,,,,,table,234,234,: 99.5; Percent: .2,50e1b51a209d5b1c,TBL-20260216235826-051,14,needs_article_type_verification|translation_inferred|environment_unresolved|outcome_unresolved,codex_pdfplumber,pdf_table_extracted,pdf_confirmed,no,table,moderate,2026-02-16T22:59:01.637860+00:00,true
doi:10.18419/opus-9385,doi:10.18419/opus-9385-TBL-C166,finding,doi:10.18419/opus-9385-TBL-C166,: 100.0; Percent: .5,0.6,EMPIRICAL_FINDING,unknown,unknown_with_reason:runtime_table_extractor,percent percent,percent percent,['percent percent'],['percent percent'],"['primary centerpiece:0.588', 'periodic pattern:0.581', 'element count:0.571', 'perimeter seating:0.562', 'central hearth:0.552']",['mental performance:0.545'],UNRESOLVED:environment:percent_percent,UNRESOLVED:outcome:percent_percent,0.0,0.0,unresolved,unresolved,inferred,0.5882,environment_unresolved|outcome_unresolved,env.unresolved.percent_percent,out.unresolved.percent_percent,positive,edge:doi:10.18419/opus-9385-TBL-C166,COHERENCE_SUPPORT,env.unresolved.percent_percent,out.unresolved.percent_percent,0.4,explicit_statement,true,: 100.0; Percent: .5,explains,0.4,argument:default_contextual,table_claim,association,causal_argument,,,,,,,,table,234,234,: 100.0; Percent: .5,cefdc167f7808fcc,TBL-20260216235826-051,15,needs_article_type_verification|translation_inferred|environment_unresolved|outcome_unresolved,codex_pdfplumber,pdf_table_extracted,pdf_confirmed,no,table,moderate,2026-02-16T22:59:01.704493+00:00,true
doi:10.18419/opus-9385,doi:10.18419/opus-9385-TBL-C167,finding,doi:10.18419/opus-9385-TBL-C167,Percent: 98.5,0.6,EMPIRICAL_FINDING,unknown,unknown_with_reason:runtime_table_extractor,percent percent,percent percent,['percent percent'],['percent percent'],"['primary centerpiece:0.588', 'periodic pattern:0.581', 'element count:0.571', 'perimeter seating:0.562', 'central hearth:0.552']",['mental performance:0.545'],UNRESOLVED:environment:percent_percent,UNRESOLVED:outcome:percent_percent,0.0,0.0,unresolved,unresolved,inferred,0.5882,environment_unresolved|outcome_unresolved,env.unresolved.percent_percent,out.unresolved.percent_percent,positive,edge:doi:10.18419/opus-9385-TBL-C167,COHERENCE_SUPPORT,env.unresolved.percent_percent,out.unresolved.percent_percent,0.4,explicit_statement,true,Percent: 98.5,explains,0.4,argument:default_contextual,table_claim,association,causal_argument,,,,,,,,table,234,234,Percent: 98.5,d388e6abf0c5483d,TBL-20260216235826-051,16,needs_article_type_verification|translation_inferred|environment_unresolved|outcome_unresolved,codex_pdfplumber,pdf_table_extracted,pdf_confirmed,no,table,moderate,2026-02-16T22:59:01.771503+00:00,true
doi:10.18419/opus-9385,doi:10.18419/opus-9385-TBL-C168,finding,doi:10.18419/opus-9385-TBL-C168,Percent: 1.5,0.6,EMPIRICAL_FINDING,unknown,unknown_with_reason:runtime_table_extractor,percent percent,percent percent,['percent percent'],['percent percent'],"['primary centerpiece:0.588', 'periodic pattern:0.581', 'element count:0.571', 'perimeter seating:0.562', 'central hearth:0.552']",['mental performance:0.545'],UNRESOLVED:environment:percent_percent,UNRESOLVED:outcome:percent_percent,0.0,0.0,unresolved,unresolved,inferred,0.5882,environment_unresolved|outcome_unresolved,env.unresolved.percent_percent,out.unresolved.percent_percent,positive,edge:doi:10.18419/opus-9385-TBL-C168,COHERENCE_SUPPORT,env.unresolved.percent_percent,out.unresolved.percent_percent,0.4,explicit_statement,true,Percent: 1.5,explains,0.4,argument:default_contextual,table_claim,association,causal_argument,,,,,,,,table,234,234,Percent: 1.5,7f5f458ffeb6f915,TBL-20260216235826-051,17,needs_article_type_verification|translation_inferred|environment_unresolved|outcome_unresolved,codex_pdfplumber,pdf_table_extracted,pdf_confirmed,no,table,moderate,2026-02-16T22:59:01.837877+00:00,true
doi:10.18419/opus-9385,doi:10.18419/opus-9385-TBL-C169,finding,doi:10.18419/opus-9385-TBL-C169,Percent: 100.0,0.6,EMPIRICAL_FINDING,unknown,unknown_with_reason:runtime_table_extractor,percent percent,percent percent,['percent percent'],['percent percent'],"['primary centerpiece:0.588', 'periodic pattern:0.581', 'element count:0.571', 'perimeter seating:0.562', 'central hearth:0.552']",['mental performance:0.545'],UNRESOLVED:environment:percent_percent,UNRESOLVED:outcome:percent_percent,0.0,0.0,unresolved,unresolved,inferred,0.5882,environment_unresolved|outcome_unresolved,env.unresolved.percent_percent,out.unresolved.percent_percent,positive,edge:doi:10.18419/opus-9385-TBL-C169,COHERENCE_SUPPORT,env.unresolved.percent_percent,out.unresolved.percent_percent,0.4,explicit_statement,true,Percent: 100.0,explains,0.4,argument:default_contextual,table_claim,association,causal_argument,,,,,,,,table,234,234,Percent: 100.0,a149507c7aabcdf2,TBL-20260216235826-051,18,needs_article_type_verification|translation_inferred|environment_unresolved|outcome_unresolved,codex_pdfplumber,pdf_table_extracted,pdf_confirmed,no,table,moderate,2026-02-16T22:59:01.904010+00:00,true
doi:10.18419/opus-9385,doi:10.18419/opus-9385-TBL-C170,finding,doi:10.18419/opus-9385-TBL-C170,Frequency: 1; Percent: .2; Valid Percent: .3; Cumulative Percent: .3,0.6,EMPIRICAL_FINDING,unknown,unknown_with_reason:runtime_table_extractor,frequency percent valid,frequency percent valid,['frequency percent valid'],['frequency percent valid'],"['low frequency texture:0.591', 'high frequency texture:0.578', 'low spatial frequency content:0.538', 'high spatial frequency content:0.528']",[],UNRESOLVED:environment:frequency_percent_valid,UNRESOLVED:outcome:frequency_percent_valid,0.0,0.0,unresolved,unresolved,inferred,0.5909,environment_unresolved|outcome_unresolved,env.unresolved.frequency_percent_valid,out.unresolved.frequency_percent_valid,positive,edge:doi:10.18419/opus-9385-TBL-C170,COHERENCE_SUPPORT,env.unresolved.frequency_percent_valid,out.unresolved.frequency_percent_valid,0.4,explicit_statement,true,Frequency: 1; Percent: .2; Valid Percent: .3; Cumulative Percent: .3,explains,0.4,argument:default_contextual,table_claim,association,causal_argument,,,,,,,,table,234,234,Frequency: 1; Percent: .2; Valid Percent: .3; Cumulative Percent: .3,ecdbaba0c9edf3dd,TBL-20260216235826-052,0,needs_article_type_verification|translation_inferred|environment_unresolved|outcome_unresolved,codex_pdfplumber,pdf_table_extracted,pdf_confirmed,no,table,moderate,2026-02-16T22:59:02.065517+00:00,true
doi:10.18419/opus-9385,doi:10.18419/opus-9385-TBL-C171,finding,doi:10.18419/opus-9385-TBL-C171,Frequency: 1; Percent: .2; Valid Percent: .3; Cumulative Percent: .5,0.6,EMPIRICAL_FINDING,unknown,unknown_with_reason:runtime_table_extractor,frequency percent valid,frequency percent valid,['frequency percent valid'],['frequency percent valid'],"['low frequency texture:0.591', 'high frequency texture:0.578', 'low spatial frequency content:0.538', 'high spatial frequency content:0.528']",[],UNRESOLVED:environment:frequency_percent_valid,UNRESOLVED:outcome:frequency_percent_valid,0.0,0.0,unresolved,unresolved,inferred,0.5909,environment_unresolved|outcome_unresolved,env.unresolved.frequency_percent_valid,out.unresolved.frequency_percent_valid,positive,edge:doi:10.18419/opus-9385-TBL-C171,COHERENCE_SUPPORT,env.unresolved.frequency_percent_valid,out.unresolved.frequency_percent_valid,0.4,explicit_statement,true,Frequency: 1; Percent: .2; Valid Percent: .3; Cumulative Percent: .5,explains,0.4,argument:default_contextual,table_claim,association,causal_argument,,,,,,,,table,234,234,Frequency: 1; Percent: .2; Valid Percent: .3; Cumulative Percent: .5,e5bd4dfa1fad5434,TBL-20260216235826-052,1,needs_article_type_verification|translation_inferred|environment_unresolved|outcome_unresolved,codex_pdfplumber,pdf_table_extracted,pdf_confirmed,no,table,moderate,2026-02-16T22:59:02.227051+00:00,true
doi:10.18419/opus-9385,doi:10.18419/opus-9385-TBL-C172,finding,doi:10.18419/opus-9385-TBL-C172,Frequency: 3; Percent: .7; Valid Percent: .8; Cumulative Percent: 1.3,0.6,EMPIRICAL_FINDING,unknown,unknown_with_reason:runtime_table_extractor,frequency percent valid,frequency percent valid,['frequency percent valid'],['frequency percent valid'],"['low frequency texture:0.591', 'high frequency texture:0.578', 'low spatial frequency content:0.538', 'high spatial frequency content:0.528']",[],UNRESOLVED:environment:frequency_percent_valid,UNRESOLVED:outcome:frequency_percent_valid,0.0,0.0,unresolved,unresolved,inferred,0.5909,environment_unresolved|outcome_unresolved,env.unresolved.frequency_percent_valid,out.unresolved.frequency_percent_valid,positive,edge:doi:10.18419/opus-9385-TBL-C172,COHERENCE_SUPPORT,env.unresolved.frequency_percent_valid,out.unresolved.frequency_percent_valid,0.4,explicit_statement,true,Frequency: 3; Percent: .7; Valid Percent: .8; Cumulative Percent: 1.3,explains,0.4,argument:default_contextual,table_claim,association,causal_argument,,,,,,,,table,234,234,Frequency: 3; Percent: .7; Valid Percent: .8; Cumulative Percent: 1.3,90d5aed0bb1ed02c,TBL-20260216235826-052,2,needs_article_type_verification|translation_inferred|environment_unresolved|outcome_unresolved,codex_pdfplumber,pdf_table_extracted,pdf_confirmed,no,table,moderate,2026-02-16T22:59:02.387618+00:00,true
doi:10.18419/opus-9385,doi:10.18419/opus-9385-TBL-C173,finding,doi:10.18419/opus-9385-TBL-C173,Frequency: 4; Percent: 1.0; Valid Percent: 1.0; Cumulative Percent: 2.3,0.6,EMPIRICAL_FINDING,unknown,unknown_with_reason:runtime_table_extractor,frequency percent valid,frequency percent valid,['frequency percent valid'],['frequency percent valid'],"['low frequency texture:0.591', 'high frequency texture:0.578', 'low spatial frequency content:0.538', 'high spatial frequency content:0.528']",[],UNRESOLVED:environment:frequency_percent_valid,UNRESOLVED:outcome:frequency_percent_valid,0.0,0.0,unresolved,unresolved,inferred,0.5909,environment_unresolved|outcome_unresolved,env.unresolved.frequency_percent_valid,out.unresolved.frequency_percent_valid,positive,edge:doi:10.18419/opus-9385-TBL-C173,COHERENCE_SUPPORT,env.unresolved.frequency_percent_valid,out.unresolved.frequency_percent_valid,0.4,explicit_statement,true,Frequency: 4; Percent: 1.0; Valid Percent: 1.0; Cumulative Percent: 2.3,explains,0.4,argument:default_contextual,table_claim,association,causal_argument,,,,,,,,table,234,234,Frequency: 4; Percent: 1.0; Valid Percent: 1.0; Cumulative Percent: 2.3,0a8f21a7ba374c2a,TBL-20260216235826-052,3,needs_article_type_verification|translation_inferred|environment_unresolved|outcome_unresolved,codex_pdfplumber,pdf_table_extracted,pdf_confirmed,no,table,moderate,2026-02-16T22:59:02.549037+00:00,true
doi:10.18419/opus-9385,doi:10.18419/opus-9385-TBL-C174,finding,doi:10.18419/opus-9385-TBL-C174,: 8.14; Frequency: 6; Percent: 1.5; Valid Percent: 1.5; Cumulative Percent: 3.8,0.6,EMPIRICAL_FINDING,unknown,unknown_with_reason:runtime_table_extractor,frequency percent valid,frequency percent valid,['frequency percent valid'],['frequency percent valid'],"['low frequency texture:0.591', 'high frequency texture:0.578', 'low spatial frequency content:0.538', 'high spatial frequency content:0.528']",[],UNRESOLVED:environment:frequency_percent_valid,UNRESOLVED:outcome:frequency_percent_valid,0.0,0.0,unresolved,unresolved,inferred,0.5909,environment_unresolved|outcome_unresolved,env.unresolved.frequency_percent_valid,out.unresolved.frequency_percent_valid,positive,edge:doi:10.18419/opus-9385-TBL-C174,COHERENCE_SUPPORT,env.unresolved.frequency_percent_valid,out.unresolved.frequency_percent_valid,0.4,explicit_statement,true,: 8.14; Frequency: 6; Percent: 1.5; Valid Percent: 1.5; Cumulative Percent: 3.8,explains,0.4,argument:default_contextual,table_claim,association,causal_argument,,,,,,,,table,234,234,: 8.14; Frequency: 6; Percent: 1.5; Valid Percent: 1.5; Cumulative Percent: 3.8,c2c7841342543d6d,TBL-20260216235826-052,4,needs_article_type_verification|translation_inferred|environment_unresolved|outcome_unresolved,codex_pdfplumber,pdf_table_extracted,pdf_confirmed,no,table,moderate,2026-02-16T22:59:02.710211+00:00,true
doi:10.18419/opus-9385,doi:10.18419/opus-9385-TBL-C175,finding,doi:10.18419/opus-9385-TBL-C175,: 8.00; Frequency: 27; Percent: 6.7; Valid Percent: 6.8; Cumulative Percent: 10.6,0.6,EMPIRICAL_FINDING,unknown,unknown_with_reason:runtime_table_extractor,frequency percent valid,frequency percent valid,['frequency percent valid'],['frequency percent valid'],"['low frequency texture:0.591', 'high frequency texture:0.578', 'low spatial frequency content:0.538', 'high spatial frequency content:0.528']",[],UNRESOLVED:environment:frequency_percent_valid,UNRESOLVED:outcome:frequency_percent_valid,0.0,0.0,unresolved,unresolved,inferred,0.5909,environment_unresolved|outcome_unresolved,env.unresolved.frequency_percent_valid,out.unresolved.frequency_percent_valid,positive,edge:doi:10.18419/opus-9385-TBL-C175,COHERENCE_SUPPORT,env.unresolved.frequency_percent_valid,out.unresolved.frequency_percent_valid,0.4,explicit_statement,true,: 8.00; Frequency: 27; Percent: 6.7; Valid Percent: 6.8; Cumulative Percent: 10.6,explains,0.4,argument:default_contextual,table_claim,association,causal_argument,,,,,,,,table,234,234,: 8.00; Frequency: 27; Percent: 6.7; Valid Percent: 6.8; Cumulative Percent: 10.6,d0105a6eba71f93d,TBL-20260216235826-052,5,needs_article_type_verification|translation_inferred|environment_unresolved|outcome_unresolved,codex_pdfplumber,pdf_table_extracted,pdf_confirmed,no,table,moderate,2026-02-16T22:59:02.871866+00:00,true
doi:10.18419/opus-9385,doi:10.18419/opus-9385-TBL-C176,finding,doi:10.18419/opus-9385-TBL-C176,: 8.00; Frequency: 3; Percent: .7; Valid Percent: .8; Cumulative Percent: 11.4,0.6,EMPIRICAL_FINDING,unknown,unknown_with_reason:runtime_table_extractor,frequency percent valid,frequency percent valid,['frequency percent valid'],['frequency percent valid'],"['low frequency texture:0.591', 'high frequency texture:0.578', 'low spatial frequency content:0.538', 'high spatial frequency content:0.528']",[],UNRESOLVED:environment:frequency_percent_valid,UNRESOLVED:outcome:frequency_percent_valid,0.0,0.0,unresolved,unresolved,inferred,0.5909,environment_unresolved|outcome_unresolved,env.unresolved.frequency_percent_valid,out.unresolved.frequency_percent_valid,positive,edge:doi:10.18419/opus-9385-TBL-C176,COHERENCE_SUPPORT,env.unresolved.frequency_percent_valid,out.unresolved.frequency_percent_valid,0.4,explicit_statement,true,: 8.00; Frequency: 3; Percent: .7; Valid Percent: .8; Cumulative Percent: 11.4,explains,0.4,argument:default_contextual,table_claim,association,causal_argument,,,,,,,,table,234,234,: 8.00; Frequency: 3; Percent: .7; Valid Percent: .8; Cumulative Percent: 11.4,2372825a9eaad750,TBL-20260216235826-052,6,needs_article_type_verification|translation_inferred|environment_unresolved|outcome_unresolved,codex_pdfplumber,pdf_table_extracted,pdf_confirmed,no,table,moderate,2026-02-16T22:59:03.034177+00:00,true
doi:10.18419/opus-9385,doi:10.18419/opus-9385-TBL-C177,finding,doi:10.18419/opus-9385-TBL-C177,: 0.91; Frequency: 20; Percent: 5.0; Valid Percent: 5.1; Cumulative Percent: 16.4,0.6,EMPIRICAL_FINDING,unknown,unknown_with_reason:runtime_table_extractor,frequency percent valid,frequency percent valid,['frequency percent valid'],['frequency percent valid'],"['low frequency texture:0.591', 'high frequency texture:0.578', 'low spatial frequency content:0.538', 'high spatial frequency content:0.528']",[],UNRESOLVED:environment:frequency_percent_valid,UNRESOLVED:outcome:frequency_percent_valid,0.0,0.0,unresolved,unresolved,inferred,0.5909,environment_unresolved|outcome_unresolved,env.unresolved.frequency_percent_valid,out.unresolved.frequency_percent_valid,positive,edge:doi:10.18419/opus-9385-TBL-C177,COHERENCE_SUPPORT,env.unresolved.frequency_percent_valid,out.unresolved.frequency_percent_valid,0.4,explicit_statement,true,: 0.91; Frequency: 20; Percent: 5.0; Valid Percent: 5.1; Cumulative Percent: 16.4,explains,0.4,argument:default_contextual,table_claim,association,causal_argument,,,,,,,,table,235,235,: 0.91; Frequency: 20; Percent: 5.0; Valid Percent: 5.1; Cumulative Percent: 16.4,3c43e392af66a052,TBL-20260216235826-053,0,needs_article_type_verification|translation_inferred|environment_unresolved|outcome_unresolved,codex_pdfplumber,pdf_table_extracted,pdf_confirmed,no,table,moderate,2026-02-16T22:59:03.195170+00:00,true
doi:10.18419/opus-9385,doi:10.18419/opus-9385-TBL-C178,finding,doi:10.18419/opus-9385-TBL-C178,Frequency: 220; Percent: 54.7; Valid Percent: 55.6; Cumulative Percent: 72.0,0.6,EMPIRICAL_FINDING,unknown,unknown_with_reason:runtime_table_extractor,frequency percent valid,frequency percent valid,['frequency percent valid'],['frequency percent valid'],"['low frequency texture:0.591', 'high frequency texture:0.578', 'low spatial frequency content:0.538', 'high spatial frequency content:0.528']",[],UNRESOLVED:environment:frequency_percent_valid,UNRESOLVED:outcome:frequency_percent_valid,0.0,0.0,unresolved,unresolved,inferred,0.5909,environment_unresolved|outcome_unresolved,env.unresolved.frequency_percent_valid,out.unresolved.frequency_percent_valid,positive,edge:doi:10.18419/opus-9385-TBL-C178,COHERENCE_SUPPORT,env.unresolved.frequency_percent_valid,out.unresolved.frequency_percent_valid,0.4,explicit_statement,true,Frequency: 220; Percent: 54.7; Valid Percent: 55.6; Cumulative Percent: 72.0,explains,0.4,argument:default_contextual,table_claim,association,causal_argument,,,,,,,,table,235,235,Frequency: 220; Percent: 54.7; Valid Percent: 55.6; Cumulative Percent: 72.0,6d1f1d87755582f9,TBL-20260216235826-053,1,needs_article_type_verification|translation_inferred|environment_unresolved|outcome_unresolved,codex_pdfplumber,pdf_table_extracted,pdf_confirmed,no,table,moderate,2026-02-16T22:59:03.356865+00:00,true
doi:10.18419/opus-9385,doi:10.18419/opus-9385-TBL-C179,finding,doi:10.18419/opus-9385-TBL-C179,Frequency: 12; Percent: 3.0; Valid Percent: 3.0; Cumulative Percent: 75.0,0.6,EMPIRICAL_FINDING,unknown,unknown_with_reason:runtime_table_extractor,frequency percent valid,frequency percent valid,['frequency percent valid'],['frequency percent valid'],"['low frequency texture:0.591', 'high frequency texture:0.578', 'low spatial frequency content:0.538', 'high spatial frequency content:0.528']",[],UNRESOLVED:environment:frequency_percent_valid,UNRESOLVED:outcome:frequency_percent_valid,0.0,0.0,unresolved,unresolved,inferred,0.5909,environment_unresolved|outcome_unresolved,env.unresolved.frequency_percent_valid,out.unresolved.frequency_percent_valid,positive,edge:doi:10.18419/opus-9385-TBL-C179,COHERENCE_SUPPORT,env.unresolved.frequency_percent_valid,out.unresolved.frequency_percent_valid,0.4,explicit_statement,true,Frequency: 12; Percent: 3.0; Valid Percent: 3.0; Cumulative Percent: 75.0,explains,0.4,argument:default_contextual,table_claim,association,causal_argument,,,,,,,,table,235,235,Frequency: 12; Percent: 3.0; Valid Percent: 3.0; Cumulative Percent: 75.0,ef8b192a9b4350cd,TBL-20260216235826-053,2,needs_article_type_verification|translation_inferred|environment_unresolved|outcome_unresolved,codex_pdfplumber,pdf_table_extracted,pdf_confirmed,no,table,moderate,2026-02-16T22:59:03.520496+00:00,true
doi:10.18419/opus-9385,doi:10.18419/opus-9385-TBL-C180,finding,doi:10.18419/opus-9385-TBL-C180,Frequency: 86; Percent: 21.4; Valid Percent: 21.7; Cumulative Percent: 96.7,0.6,EMPIRICAL_FINDING,unknown,unknown_with_reason:runtime_table_extractor,frequency percent valid,frequency percent valid,['frequency percent valid'],['frequency percent valid'],"['low frequency texture:0.591', 'high frequency texture:0.578', 'low spatial frequency content:0.538', 'high spatial frequency content:0.528']",[],UNRESOLVED:environment:frequency_percent_valid,UNRESOLVED:outcome:frequency_percent_valid,0.0,0.0,unresolved,unresolved,inferred,0.5909,environment_unresolved|outcome_unresolved,env.unresolved.frequency_percent_valid,out.unresolved.frequency_percent_valid,positive,edge:doi:10.18419/opus-9385-TBL-C180,COHERENCE_SUPPORT,env.unresolved.frequency_percent_valid,out.unresolved.frequency_percent_valid,0.4,explicit_statement,true,Frequency: 86; Percent: 21.4; Valid Percent: 21.7; Cumulative Percent: 96.7,explains,0.4,argument:default_contextual,table_claim,association,causal_argument,,,,,,,,table,235,235,Frequency: 86; Percent: 21.4; Valid Percent: 21.7; Cumulative Percent: 96.7,bcadd8aacd950fff,TBL-20260216235826-053,3,needs_article_type_verification|translation_inferred|environment_unresolved|outcome_unresolved,codex_pdfplumber,pdf_table_extracted,pdf_confirmed,no,table,moderate,2026-02-16T22:59:03.684711+00:00,true
doi:10.18419/opus-9385,doi:10.18419/opus-9385-TBL-C181,finding,doi:10.18419/opus-9385-TBL-C181,Frequency: 1; Percent: .2; Valid Percent: .3; Cumulative Percent: 97.0,0.6,EMPIRICAL_FINDING,unknown,unknown_with_reason:runtime_table_extractor,frequency percent valid,frequency percent valid,['frequency percent valid'],['frequency percent valid'],"['low frequency texture:0.591', 'high frequency texture:0.578', 'low spatial frequency content:0.538', 'high spatial frequency content:0.528']",[],UNRESOLVED:environment:frequency_percent_valid,UNRESOLVED:outcome:frequency_percent_valid,0.0,0.0,unresolved,unresolved,inferred,0.5909,environment_unresolved|outcome_unresolved,env.unresolved.frequency_percent_valid,out.unresolved.frequency_percent_valid,positive,edge:doi:10.18419/opus-9385-TBL-C181,COHERENCE_SUPPORT,env.unresolved.frequency_percent_valid,out.unresolved.frequency_percent_valid,0.4,explicit_statement,true,Frequency: 1; Percent: .2; Valid Percent: .3; Cumulative Percent: 97.0,explains,0.4,argument:default_contextual,table_claim,association,causal_argument,,,,,,,,table,235,235,Frequency: 1; Percent: .2; Valid Percent: .3; Cumulative Percent: 97.0,a03a390cb04d6cc0,TBL-20260216235826-053,4,needs_article_type_verification|translation_inferred|environment_unresolved|outcome_unresolved,codex_pdfplumber,pdf_table_extracted,pdf_confirmed,no,table,moderate,2026-02-16T22:59:03.846930+00:00,true
doi:10.18419/opus-9385,doi:10.18419/opus-9385-TBL-C182,finding,doi:10.18419/opus-9385-TBL-C182,Frequency: 2; Percent: .5; Valid Percent: .5; Cumulative Percent: 97.5,0.6,EMPIRICAL_FINDING,unknown,unknown_with_reason:runtime_table_extractor,frequency percent valid,frequency percent valid,['frequency percent valid'],['frequency percent valid'],"['low frequency texture:0.591', 'high frequency texture:0.578', 'low spatial frequency content:0.538', 'high spatial frequency content:0.528']",[],UNRESOLVED:environment:frequency_percent_valid,UNRESOLVED:outcome:frequency_percent_valid,0.0,0.0,unresolved,unresolved,inferred,0.5909,environment_unresolved|outcome_unresolved,env.unresolved.frequency_percent_valid,out.unresolved.frequency_percent_valid,positive,edge:doi:10.18419/opus-9385-TBL-C182,COHERENCE_SUPPORT,env.unresolved.frequency_percent_valid,out.unresolved.frequency_percent_valid,0.4,explicit_statement,true,Frequency: 2; Percent: .5; Valid Percent: .5; Cumulative Percent: 97.5,explains,0.4,argument:default_contextual,table_claim,association,causal_argument,,,,,,,,table,235,235,Frequency: 2; Percent: .5; Valid Percent: .5; Cumulative Percent: 97.5,c525bdb5ce402832,TBL-20260216235826-053,5,needs_article_type_verification|translation_inferred|environment_unresolved|outcome_unresolved,codex_pdfplumber,pdf_table_extracted,pdf_confirmed,no,table,moderate,2026-02-16T22:59:04.008562+00:00,true
doi:10.18419/opus-9385,doi:10.18419/opus-9385-TBL-C183,finding,doi:10.18419/opus-9385-TBL-C183,Frequency: 7; Percent: 1.7; Valid Percent: 1.8; Cumulative Percent: 99.2,0.6,EMPIRICAL_FINDING,unknown,unknown_with_reason:runtime_table_extractor,frequency percent valid,frequency percent valid,['frequency percent valid'],['frequency percent valid'],"['low frequency texture:0.591', 'high frequency texture:0.578', 'low spatial frequency content:0.538', 'high spatial frequency content:0.528']",[],UNRESOLVED:environment:frequency_percent_valid,UNRESOLVED:outcome:frequency_percent_valid,0.0,0.0,unresolved,unresolved,inferred,0.5909,environment_unresolved|outcome_unresolved,env.unresolved.frequency_percent_valid,out.unresolved.frequency_percent_valid,positive,edge:doi:10.18419/opus-9385-TBL-C183,COHERENCE_SUPPORT,env.unresolved.frequency_percent_valid,out.unresolved.frequency_percent_valid,0.4,explicit_statement,true,Frequency: 7; Percent: 1.7; Valid Percent: 1.8; Cumulative Percent: 99.2,explains,0.4,argument:default_contextual,table_claim,association,causal_argument,,,,,,,,table,235,235,Frequency: 7; Percent: 1.7; Valid Percent: 1.8; Cumulative Percent: 99.2,66fb863bf79a5113,TBL-20260216235826-053,6,needs_article_type_verification|translation_inferred|environment_unresolved|outcome_unresolved,codex_pdfplumber,pdf_table_extracted,pdf_confirmed,no,table,moderate,2026-02-16T22:59:04.169650+00:00,true
doi:10.18419/opus-9385,doi:10.18419/opus-9385-TBL-C184,finding,doi:10.18419/opus-9385-TBL-C184,Frequency: 1; Percent: .2; Valid Percent: .3; Cumulative Percent: 99.5,0.6,EMPIRICAL_FINDING,unknown,unknown_with_reason:runtime_table_extractor,frequency percent valid,frequency percent valid,['frequency percent valid'],['frequency percent valid'],"['low frequency texture:0.591', 'high frequency texture:0.578', 'low spatial frequency content:0.538', 'high spatial frequency content:0.528']",[],UNRESOLVED:environment:frequency_percent_valid,UNRESOLVED:outcome:frequency_percent_valid,0.0,0.0,unresolved,unresolved,inferred,0.5909,environment_unresolved|outcome_unresolved,env.unresolved.frequency_percent_valid,out.unresolved.frequency_percent_valid,positive,edge:doi:10.18419/opus-9385-TBL-C184,COHERENCE_SUPPORT,env.unresolved.frequency_percent_valid,out.unresolved.frequency_percent_valid,0.4,explicit_statement,true,Frequency: 1; Percent: .2; Valid Percent: .3; Cumulative Percent: 99.5,explains,0.4,argument:default_contextual,table_claim,association,causal_argument,,,,,,,,table,235,235,Frequency: 1; Percent: .2; Valid Percent: .3; Cumulative Percent: 99.5,370553441b5300a0,TBL-20260216235826-053,7,needs_article_type_verification|translation_inferred|environment_unresolved|outcome_unresolved,codex_pdfplumber,pdf_table_extracted,pdf_confirmed,no,table,moderate,2026-02-16T22:59:04.331551+00:00,true
doi:10.18419/opus-9385,doi:10.18419/opus-9385-TBL-C185,finding,doi:10.18419/opus-9385-TBL-C185,Frequency: 2; Percent: .5; Valid Percent: .5; Cumulative Percent: 100.0,0.6,EMPIRICAL_FINDING,unknown,unknown_with_reason:runtime_table_extractor,frequency percent valid,frequency percent valid,['frequency percent valid'],['frequency percent valid'],"['low frequency texture:0.591', 'high frequency texture:0.578', 'low spatial frequency content:0.538', 'high spatial frequency content:0.528']",[],UNRESOLVED:environment:frequency_percent_valid,UNRESOLVED:outcome:frequency_percent_valid,0.0,0.0,unresolved,unresolved,inferred,0.5909,environment_unresolved|outcome_unresolved,env.unresolved.frequency_percent_valid,out.unresolved.frequency_percent_valid,positive,edge:doi:10.18419/opus-9385-TBL-C185,COHERENCE_SUPPORT,env.unresolved.frequency_percent_valid,out.unresolved.frequency_percent_valid,0.4,explicit_statement,true,Frequency: 2; Percent: .5; Valid Percent: .5; Cumulative Percent: 100.0,explains,0.4,argument:default_contextual,table_claim,association,causal_argument,,,,,,,,table,235,235,Frequency: 2; Percent: .5; Valid Percent: .5; Cumulative Percent: 100.0,de1421711c348a6a,TBL-20260216235826-053,8,needs_article_type_verification|translation_inferred|environment_unresolved|outcome_unresolved,codex_pdfplumber,pdf_table_extracted,pdf_confirmed,no,table,moderate,2026-02-16T22:59:04.493042+00:00,true
doi:10.18419/opus-9385,doi:10.18419/opus-9385-TBL-C189,finding,doi:10.18419/opus-9385-TBL-C189,: Yes; Frequency: 372; Percent: 92.5; Valid Percent: 92.5; Cumulative Percent: 92.5,0.6,EMPIRICAL_FINDING,unknown,unknown_with_reason:runtime_table_extractor,yes frequency,yes frequency percent,['yes frequency percent'],['yes frequency percent'],"['low frequency texture:0.667', 'high frequency texture:0.651', 'low spatial frequency content:0.640', 'high spatial frequency content:0.627', 'flicker frequency:0.579']",[],env.v1_013.flicker_frequency,UNRESOLVED:outcome:yes_frequency_percent,0.7333,0.0,fuzzy,unresolved,inferred,0.7333,outcome_unresolved,env.v1_013.flicker_frequency,out.unresolved.yes_frequency_percent,positive,edge:doi:10.18419/opus-9385-TBL-C189,COHERENCE_SUPPORT,env.v1_013.flicker_frequency,out.unresolved.yes_frequency_percent,0.4,explicit_statement,true,: Yes; Frequency: 372; Percent: 92.5; Valid Percent: 92.5; Cumulative Percent: 92.5,explains,0.4,argument:default_contextual,table_claim,association,causal_argument,,,,,,,,table,236,236,: Yes; Frequency: 372; Percent: 92.5; Valid Percent: 92.5; Cumulative Percent: 92.5,a54003f0de1decf5,TBL-20260216235826-054,0,needs_article_type_verification|translation_inferred|outcome_unresolved,codex_pdfplumber,pdf_table_extracted,pdf_confirmed,no,table,moderate,2026-02-16T22:59:04.574489+00:00,true
doi:10.18419/opus-9385,doi:10.18419/opus-9385-TBL-C190,finding,doi:10.18419/opus-9385-TBL-C190,: No; Frequency: 29; Percent: 7.2; Valid Percent: 7.2; Cumulative Percent: 99.8,0.6,EMPIRICAL_FINDING,unknown,unknown_with_reason:runtime_table_extractor,frequency percent valid,frequency percent valid,['frequency percent valid'],['frequency percent valid'],"['low frequency texture:0.591', 'high frequency texture:0.578', 'low spatial frequency content:0.538', 'high spatial frequency content:0.528']",[],UNRESOLVED:environment:frequency_percent_valid,UNRESOLVED:outcome:frequency_percent_valid,0.0,0.0,unresolved,unresolved,inferred,0.5909,environment_unresolved|outcome_unresolved,env.unresolved.frequency_percent_valid,out.unresolved.frequency_percent_valid,positive,edge:doi:10.18419/opus-9385-TBL-C190,COHERENCE_SUPPORT,env.unresolved.frequency_percent_valid,out.unresolved.frequency_percent_valid,0.4,explicit_statement,true,: No; Frequency: 29; Percent: 7.2; Valid Percent: 7.2; Cumulative Percent: 99.8,explains,0.4,argument:default_contextual,table_claim,association,causal_argument,,,,,,,,table,236,236,: No; Frequency: 29; Percent: 7.2; Valid Percent: 7.2; Cumulative Percent: 99.8,8279966e7d0a2cba,TBL-20260216235826-054,1,needs_article_type_verification|translation_inferred|environment_unresolved|outcome_unresolved,codex_pdfplumber,pdf_table_extracted,pdf_confirmed,no,table,moderate,2026-02-16T22:59:04.736925+00:00,true
doi:10.18419/opus-9385,doi:10.18419/opus-9385-TBL-C191,finding,doi:10.18419/opus-9385-TBL-C191,: Not sure; Frequency: 1; Percent: .2; Valid Percent: .2; Cumulative Percent: 100.0,0.6,EMPIRICAL_FINDING,unknown,unknown_with_reason:runtime_table_extractor,not sure frequency,not sure frequency,['not sure frequency'],['not sure frequency'],"['flicker frequency:0.629', 'work surfaces present:0.564', 'low frequency texture:0.564', 'low spatial frequency content:0.553']",[],UNRESOLVED:environment:not_sure_frequency,UNRESOLVED:outcome:not_sure_frequency,0.0,0.0,unresolved,unresolved,inferred,0.6286,environment_unresolved|outcome_unresolved,env.unresolved.not_sure_frequency,out.unresolved.not_sure_frequency,positive,edge:doi:10.18419/opus-9385-TBL-C191,COHERENCE_SUPPORT,env.unresolved.not_sure_frequency,out.unresolved.not_sure_frequency,0.4,explicit_statement,true,: Not sure; Frequency: 1; Percent: .2; Valid Percent: .2; Cumulative Percent: 100.0,explains,0.4,argument:default_contextual,table_claim,association,causal_argument,,,,,,,,table,236,236,: Not sure; Frequency: 1; Percent: .2; Valid Percent: .2; Cumulative Percent: 100.0,bbfbae6b0b982795,TBL-20260216235826-054,3,needs_article_type_verification|translation_inferred|environment_unresolved|outcome_unresolved,codex_pdfplumber,pdf_table_extracted,pdf_confirmed,no,table,moderate,2026-02-16T22:59:04.869919+00:00,true
doi:10.18419/opus-9385,doi:10.18419/opus-9385-TBL-C193,finding,doi:10.18419/opus-9385-TBL-C193,: 7,0.6,EMPIRICAL_FINDING,unknown,unknown_with_reason:runtime_table_extractor,environment,unspecified_outcome,['unspecified_environment'],['unspecified_outcome'],"['dirty environment:0.600', 'immaculate environment:0.578', 'brand-heavy environment:0.565']",[],env.ae.visible_dirt/decay,UNRESOLVED:outcome:unspecified_outcome,0.7857,0.0,fuzzy,unresolved,untranslatable_noise,0.7857,outcome_unresolved|low_information_source,env.ae.visible_dirt_decay,out.unresolved.unspecified_outcome,positive,edge:doi:10.18419/opus-9385-TBL-C193,COHERENCE_SUPPORT,env.ae.visible_dirt_decay,out.unresolved.unspecified_outcome,0.4,explicit_statement,true,: 7,explains,0.4,argument:default_contextual,table_claim,association,causal_argument,,,,,,,,table,236,236,: 7,b38ea83e52a260d1,TBL-20260216235826-055,9,needs_article_type_verification|translation_untranslatable_noise|outcome_unresolved|low_information_source,codex_pdfplumber,pdf_table_extracted,pdf_confirmed,no,table,moderate,2026-02-16T22:59:05.010050+00:00,true
doi:10.18419/opus-9385,doi:10.18419/opus-9385-TBL-C194,finding,doi:10.18419/opus-9385-TBL-C194,: View; Frequency: 141; Percent: 35.1; Valid Percent: 35.1; Cumulative Percent: 35.1,0.6,EMPIRICAL_FINDING,unknown,unknown_with_reason:runtime_table_extractor,view frequency,view frequency percent,['view frequency percent'],['view frequency percent'],"['low frequency texture:0.698', 'high frequency texture:0.682', 'low spatial frequency content:0.627', 'high spatial frequency content:0.615', 'flicker frequency:0.615']",[],env.v1_013.flicker_frequency,UNRESOLVED:outcome:view_frequency_percent,0.7742,0.0,fuzzy,unresolved,inferred,0.7742,outcome_unresolved,env.v1_013.flicker_frequency,out.unresolved.view_frequency_percent,positive,edge:doi:10.18419/opus-9385-TBL-C194,COHERENCE_SUPPORT,env.v1_013.flicker_frequency,out.unresolved.view_frequency_percent,0.4,explicit_statement,true,: View; Frequency: 141; Percent: 35.1; Valid Percent: 35.1; Cumulative Percent: 35.1,explains,0.4,argument:default_contextual,table_claim,association,causal_argument,,,,,,,,table,237,237,: View; Frequency: 141; Percent: 35.1; Valid Percent: 35.1; Cumulative Percent: 35.1,3f0f5e089b59606b,TBL-20260216235826-056,0,needs_article_type_verification|translation_inferred|outcome_unresolved,codex_pdfplumber,pdf_table_extracted,pdf_confirmed,no,table,moderate,2026-02-16T22:59:05.100599+00:00,true
doi:10.18419/opus-9385,doi:10.18419/opus-9385-TBL-C195,finding,doi:10.18419/opus-9385-TBL-C195,: Daylight; Frequency: 185; Percent: 46.0; Valid Percent: 46.0; Cumulative Percent: 81.1,0.6,EMPIRICAL_FINDING,unknown,unknown_with_reason:runtime_table_extractor,daylight,daylight frequency percent,['daylight frequency percent'],['daylight frequency percent'],"['high frequency texture:0.708', 'high spatial frequency content:0.679', 'low frequency texture:0.638', 'low spatial frequency content:0.618', 'env.ae.high_spatial_frequency_content:0.571']",[],env.ae.daylighting,UNRESOLVED:outcome:daylight_frequency_percent,0.8421,0.0,fuzzy,unresolved,inferred,0.8421,outcome_unresolved,env.ae.daylighting,out.unresolved.daylight_frequency_percent,positive,edge:doi:10.18419/opus-9385-TBL-C195,COHERENCE_SUPPORT,env.ae.daylighting,out.unresolved.daylight_frequency_percent,0.4,explicit_statement,true,: Daylight; Frequency: 185; Percent: 46.0; Valid Percent: 46.0; Cumulative Percent: 81.1,explains,0.4,argument:default_contextual,table_claim,association,causal_argument,,,,,,,,table,237,237,: Daylight; Frequency: 185; Percent: 46.0; Valid Percent: 46.0; Cumulative Percent: 81.1,525e3742800a02c2,TBL-20260216235826-056,1,needs_article_type_verification|translation_inferred|outcome_unresolved,codex_pdfplumber,pdf_table_extracted,pdf_confirmed,no,table,moderate,2026-02-16T22:59:05.244217+00:00,true
doi:10.18419/opus-9385,doi:10.18419/opus-9385-TBL-C196,finding,doi:10.18419/opus-9385-TBL-C196,: Natural Ventilation; Frequency: 65; Percent: 16.2; Valid Percent: 16.2; Cumulative Percent: 97.3,0.6,EMPIRICAL_FINDING,unknown,unknown_with_reason:runtime_table_extractor,natural ventilation frequency,natural ventilation frequency,['natural ventilation frequency'],['natural ventilation frequency'],"['natural ventilation cues:0.830', 'ventilation fans:0.622', 'env.v2a_101.natural_ventilation_cues:0.615', 'natural material ratio:0.588', 'visible ventilation grilles:0.571']",[],env.v2a_101.natural_ventilation_cues,UNRESOLVED:outcome:natural_ventilation_frequency,0.8302,0.0,fuzzy,unresolved,inferred,0.8302,outcome_unresolved,env.v2a_101.natural_ventilation_cues,out.unresolved.natural_ventilation_frequency,positive,edge:doi:10.18419/opus-9385-TBL-C196,COHERENCE_SUPPORT,env.v2a_101.natural_ventilation_cues,out.unresolved.natural_ventilation_frequency,0.4,explicit_statement,true,: Natural Ventilation; Frequency: 65; Percent: 16.2; Valid Percent: 16.2; Cumulative Percent: 97.3,explains,0.4,argument:default_contextual,table_claim,association,causal_argument,,,,,,,,table,237,237,: Natural Ventilation; Frequency: 65; Percent: 16.2; Valid Percent: 16.2; Cumulative Percent: 97.3,6416d8a0d9a1a823,TBL-20260216235826-056,2,needs_article_type_verification|translation_inferred|outcome_unresolved,codex_pdfplumber,pdf_table_extracted,pdf_confirmed,no,table,moderate,2026-02-16T22:59:05.326675+00:00,true
doi:10.18419/opus-9385,doi:10.18419/opus-9385-TBL-C197,finding,doi:10.18419/opus-9385-TBL-C197,: Other; Frequency: 11; Percent: 2.7; Valid Percent: 2.7; Cumulative Percent: 100.0,0.6,EMPIRICAL_FINDING,unknown,unknown_with_reason:runtime_table_extractor,other frequency,other frequency percent,['other frequency percent'],['other frequency percent'],"['low frequency texture:0.682', 'high frequency texture:0.667', 'low spatial frequency content:0.654', 'high spatial frequency content:0.604', 'flicker frequency:0.600']",[],env.v1_013.flicker_frequency,UNRESOLVED:outcome:other_frequency_percent,0.75,0.0,fuzzy,unresolved,inferred,0.75,outcome_unresolved,env.v1_013.flicker_frequency,out.unresolved.other_frequency_percent,positive,edge:doi:10.18419/opus-9385-TBL-C197,COHERENCE_SUPPORT,env.v1_013.flicker_frequency,out.unresolved.other_frequency_percent,0.4,explicit_statement,true,: Other; Frequency: 11; Percent: 2.7; Valid Percent: 2.7; Cumulative Percent: 100.0,explains,0.4,argument:default_contextual,table_claim,association,causal_argument,,,,,,,,table,237,237,: Other; Frequency: 11; Percent: 2.7; Valid Percent: 2.7; Cumulative Percent: 100.0,46dc447ba2652556,TBL-20260216235826-056,3,needs_article_type_verification|translation_inferred|outcome_unresolved,codex_pdfplumber,pdf_table_extracted,pdf_confirmed,no,table,moderate,2026-02-16T22:59:05.418938+00:00,true
doi:10.18419/opus-9385,doi:10.18419/opus-9385-TBL-C199,finding,doi:10.18419/opus-9385-TBL-C199,: 402; 1st: 144; 2nd: 163; 3rd: 95,0.6,EMPIRICAL_FINDING,unknown,unknown_with_reason:runtime_table_extractor,environment,unspecified_outcome,['unspecified_environment'],['unspecified_outcome'],"['dirty environment:0.600', 'immaculate environment:0.578', 'brand-heavy environment:0.565']",[],env.ae.visible_dirt/decay,UNRESOLVED:outcome:unspecified_outcome,0.7857,0.0,fuzzy,unresolved,untranslatable_noise,0.7857,outcome_unresolved|low_information_source,env.ae.visible_dirt_decay,out.unresolved.unspecified_outcome,positive,edge:doi:10.18419/opus-9385-TBL-C199,COHERENCE_SUPPORT,env.ae.visible_dirt_decay,out.unresolved.unspecified_outcome,0.4,explicit_statement,true,: 402; 1st: 144; 2nd: 163; 3rd: 95,explains,0.4,argument:default_contextual,table_claim,association,causal_argument,,,,,,,,table,237,237,: 402; 1st: 144; 2nd: 163; 3rd: 95,94d2b32167bb5bd6,TBL-20260216235826-058,0,needs_article_type_verification|translation_untranslatable_noise|outcome_unresolved|low_information_source,codex_pdfplumber,pdf_table_extracted,pdf_confirmed,no,table,moderate,2026-02-16T22:59:05.557821+00:00,true
doi:10.18419/opus-9385,doi:10.18419/opus-9385-TBL-C200,finding,doi:10.18419/opus-9385-TBL-C200,: 100.0; 1st: 35.8; 2nd: 40.5; 3rd: 23.6,0.6,EMPIRICAL_FINDING,unknown,unknown_with_reason:runtime_table_extractor,environment,unspecified_outcome,['unspecified_environment'],['unspecified_outcome'],"['dirty environment:0.600', 'immaculate environment:0.578', 'brand-heavy environment:0.565']",[],env.ae.visible_dirt/decay,UNRESOLVED:outcome:unspecified_outcome,0.7857,0.0,fuzzy,unresolved,untranslatable_noise,0.7857,outcome_unresolved|low_information_source,env.ae.visible_dirt_decay,out.unresolved.unspecified_outcome,positive,edge:doi:10.18419/opus-9385-TBL-C200,COHERENCE_SUPPORT,env.ae.visible_dirt_decay,out.unresolved.unspecified_outcome,0.4,explicit_statement,true,: 100.0; 1st: 35.8; 2nd: 40.5; 3rd: 23.6,explains,0.4,argument:default_contextual,table_claim,association,causal_argument,,,,,,,,table,237,237,: 100.0; 1st: 35.8; 2nd: 40.5; 3rd: 23.6,b101171c065a312c,TBL-20260216235826-058,1,needs_article_type_verification|translation_untranslatable_noise|outcome_unresolved|low_information_source,codex_pdfplumber,pdf_table_extracted,pdf_confirmed,no,table,moderate,2026-02-16T22:59:05.696166+00:00,true
doi:10.18419/opus-9385,doi:10.18419/opus-9385-TBL-C201,finding,doi:10.18419/opus-9385-TBL-C201,: 399; 1st: 193; 3rd: 57,0.6,EMPIRICAL_FINDING,unknown,unknown_with_reason:runtime_table_extractor,environment,unspecified_outcome,['unspecified_environment'],['unspecified_outcome'],"['dirty environment:0.600', 'immaculate environment:0.578', 'brand-heavy environment:0.565']",[],env.ae.visible_dirt/decay,UNRESOLVED:outcome:unspecified_outcome,0.7857,0.0,fuzzy,unresolved,untranslatable_noise,0.7857,outcome_unresolved|low_information_source,env.ae.visible_dirt_decay,out.unresolved.unspecified_outcome,positive,edge:doi:10.18419/opus-9385-TBL-C201,COHERENCE_SUPPORT,env.ae.visible_dirt_decay,out.unresolved.unspecified_outcome,0.4,explicit_statement,true,: 399; 1st: 193; 3rd: 57,explains,0.4,argument:default_contextual,table_claim,association,causal_argument,,,,,,,,table,237,237,: 399; 1st: 193; 3rd: 57,f44420f30d721095,TBL-20260216235826-058,2,needs_article_type_verification|translation_untranslatable_noise|outcome_unresolved|low_information_source,codex_pdfplumber,pdf_table_extracted,pdf_confirmed,no,table,moderate,2026-02-16T22:59:05.834406+00:00,true
doi:10.18419/opus-9385,doi:10.18419/opus-9385-TBL-C202,finding,doi:10.18419/opus-9385-TBL-C202,: 100.0; 1st: 48.4; 3rd: 14.3,0.6,EMPIRICAL_FINDING,unknown,unknown_with_reason:runtime_table_extractor,environment,unspecified_outcome,['unspecified_environment'],['unspecified_outcome'],"['dirty environment:0.600', 'immaculate environment:0.578', 'brand-heavy environment:0.565']",[],env.ae.visible_dirt/decay,UNRESOLVED:outcome:unspecified_outcome,0.7857,0.0,fuzzy,unresolved,untranslatable_noise,0.7857,outcome_unresolved|low_information_source,env.ae.visible_dirt_decay,out.unresolved.unspecified_outcome,positive,edge:doi:10.18419/opus-9385-TBL-C202,COHERENCE_SUPPORT,env.ae.visible_dirt_decay,out.unresolved.unspecified_outcome,0.4,explicit_statement,true,: 100.0; 1st: 48.4; 3rd: 14.3,explains,0.4,argument:default_contextual,table_claim,association,causal_argument,,,,,,,,table,237,237,: 100.0; 1st: 48.4; 3rd: 14.3,9206cd7be8f1441d,TBL-20260216235826-058,3,needs_article_type_verification|translation_untranslatable_noise|outcome_unresolved|low_information_source,codex_pdfplumber,pdf_table_extracted,pdf_confirmed,no,table,moderate,2026-02-16T22:59:05.972488+00:00,true
doi:10.18419/opus-9385,doi:10.18419/opus-9385-TBL-C203,finding,doi:10.18419/opus-9385-TBL-C203,: 401; 1st: 64; 3rd: 248,0.6,EMPIRICAL_FINDING,unknown,unknown_with_reason:runtime_table_extractor,environment,unspecified_outcome,['unspecified_environment'],['unspecified_outcome'],"['dirty environment:0.600', 'immaculate environment:0.578', 'brand-heavy environment:0.565']",[],env.ae.visible_dirt/decay,UNRESOLVED:outcome:unspecified_outcome,0.7857,0.0,fuzzy,unresolved,untranslatable_noise,0.7857,outcome_unresolved|low_information_source,env.ae.visible_dirt_decay,out.unresolved.unspecified_outcome,positive,edge:doi:10.18419/opus-9385-TBL-C203,COHERENCE_SUPPORT,env.ae.visible_dirt_decay,out.unresolved.unspecified_outcome,0.4,explicit_statement,true,: 401; 1st: 64; 3rd: 248,explains,0.4,argument:default_contextual,table_claim,association,causal_argument,,,,,,,,table,237,237,: 401; 1st: 64; 3rd: 248,e1551dfd89aca835,TBL-20260216235826-058,4,needs_article_type_verification|translation_untranslatable_noise|outcome_unresolved|low_information_source,codex_pdfplumber,pdf_table_extracted,pdf_confirmed,no,table,moderate,2026-02-16T22:59:06.111407+00:00,true
doi:10.18419/opus-9385,doi:10.18419/opus-9385-TBL-C204,finding,doi:10.18419/opus-9385-TBL-C204,: 100.0; 1st: 16.0; 3rd: 61.8,0.6,EMPIRICAL_FINDING,unknown,unknown_with_reason:runtime_table_extractor,environment,unspecified_outcome,['unspecified_environment'],['unspecified_outcome'],"['dirty environment:0.600', 'immaculate environment:0.578', 'brand-heavy environment:0.565']",[],env.ae.visible_dirt/decay,UNRESOLVED:outcome:unspecified_outcome,0.7857,0.0,fuzzy,unresolved,untranslatable_noise,0.7857,outcome_unresolved|low_information_source,env.ae.visible_dirt_decay,out.unresolved.unspecified_outcome,positive,edge:doi:10.18419/opus-9385-TBL-C204,COHERENCE_SUPPORT,env.ae.visible_dirt_decay,out.unresolved.unspecified_outcome,0.4,explicit_statement,true,: 100.0; 1st: 16.0; 3rd: 61.8,explains,0.4,argument:default_contextual,table_claim,association,causal_argument,,,,,,,,table,237,237,: 100.0; 1st: 16.0; 3rd: 61.8,2c4b7de682f57295,TBL-20260216235826-058,5,needs_article_type_verification|translation_untranslatable_noise|outcome_unresolved|low_information_source,codex_pdfplumber,pdf_table_extracted,pdf_confirmed,no,table,moderate,2026-02-16T22:59:06.249763+00:00,true
doi:10.18419/opus-9385,doi:10.18419/opus-9385-TBL-C205,finding,doi:10.18419/opus-9385-TBL-C205,: Zone1; Frequency: 324; Percent: 80.6; Valid Percent: 80.8; Cumulative Percent: 80.8,0.6,EMPIRICAL_FINDING,unknown,unknown_with_reason:runtime_table_extractor,zone1 frequency percent,zone1 frequency percent,['zone1 frequency percent'],['zone1 frequency percent'],"['low frequency texture:0.682', 'high frequency texture:0.622', 'low spatial frequency content:0.615', 'high spatial frequency content:0.566', 'flicker frequency:0.550']",[],UNRESOLVED:environment:zone1_frequency_percent,UNRESOLVED:outcome:zone1_frequency_percent,0.0,0.0,unresolved,unresolved,inferred,0.6818,environment_unresolved|outcome_unresolved,env.unresolved.zone1_frequency_percent,out.unresolved.zone1_frequency_percent,positive,edge:doi:10.18419/opus-9385-TBL-C205,COHERENCE_SUPPORT,env.unresolved.zone1_frequency_percent,out.unresolved.zone1_frequency_percent,0.4,explicit_statement,true,: Zone1; Frequency: 324; Percent: 80.6; Valid Percent: 80.8; Cumulative Percent: 80.8,explains,0.4,argument:default_contextual,table_claim,association,causal_argument,,,,,,,,table,239,239,: Zone1; Frequency: 324; Percent: 80.6; Valid Percent: 80.8; Cumulative Percent: 80.8,b41bcaf4236380c2,TBL-20260216235826-059,0,needs_article_type_verification|translation_inferred|environment_unresolved|outcome_unresolved,codex_pdfplumber,pdf_table_extracted,pdf_confirmed,no,table,moderate,2026-02-16T22:59:06.408018+00:00,true
doi:10.18419/opus-9385,doi:10.18419/opus-9385-TBL-C206,finding,doi:10.18419/opus-9385-TBL-C206,: Zone2; Frequency: 55; Percent: 13.7; Valid Percent: 13.7; Cumulative Percent: 94.5,0.6,EMPIRICAL_FINDING,unknown,unknown_with_reason:runtime_table_extractor,zone2 frequency percent,zone2 frequency percent,['zone2 frequency percent'],['zone2 frequency percent'],"['low frequency texture:0.682', 'high frequency texture:0.622', 'low spatial frequency content:0.615', 'high spatial frequency content:0.566', 'flicker frequency:0.550']",[],UNRESOLVED:environment:zone2_frequency_percent,UNRESOLVED:outcome:zone2_frequency_percent,0.0,0.0,unresolved,unresolved,inferred,0.6818,environment_unresolved|outcome_unresolved,env.unresolved.zone2_frequency_percent,out.unresolved.zone2_frequency_percent,positive,edge:doi:10.18419/opus-9385-TBL-C206,COHERENCE_SUPPORT,env.unresolved.zone2_frequency_percent,out.unresolved.zone2_frequency_percent,0.4,explicit_statement,true,: Zone2; Frequency: 55; Percent: 13.7; Valid Percent: 13.7; Cumulative Percent: 94.5,explains,0.4,argument:default_contextual,table_claim,association,causal_argument,,,,,,,,table,239,239,: Zone2; Frequency: 55; Percent: 13.7; Valid Percent: 13.7; Cumulative Percent: 94.5,d01d2834c1878073,TBL-20260216235826-059,1,needs_article_type_verification|translation_inferred|environment_unresolved|outcome_unresolved,codex_pdfplumber,pdf_table_extracted,pdf_confirmed,no,table,moderate,2026-02-16T22:59:06.566028+00:00,true
doi:10.18419/opus-9385,doi:10.18419/opus-9385-TBL-C207,finding,doi:10.18419/opus-9385-TBL-C207,: Zone3; Frequency: 21; Percent: 5.2; Valid Percent: 5.2; Cumulative Percent: 99.8,0.6,EMPIRICAL_FINDING,unknown,unknown_with_reason:runtime_table_extractor,zone3 frequency percent,zone3 frequency percent,['zone3 frequency percent'],['zone3 frequency percent'],"['low frequency texture:0.682', 'high frequency texture:0.622', 'low spatial frequency content:0.615', 'high spatial frequency content:0.566', 'flicker frequency:0.550']",[],UNRESOLVED:environment:zone3_frequency_percent,UNRESOLVED:outcome:zone3_frequency_percent,0.0,0.0,unresolved,unresolved,inferred,0.6818,environment_unresolved|outcome_unresolved,env.unresolved.zone3_frequency_percent,out.unresolved.zone3_frequency_percent,positive,edge:doi:10.18419/opus-9385-TBL-C207,COHERENCE_SUPPORT,env.unresolved.zone3_frequency_percent,out.unresolved.zone3_frequency_percent,0.4,explicit_statement,true,: Zone3; Frequency: 21; Percent: 5.2; Valid Percent: 5.2; Cumulative Percent: 99.8,explains,0.4,argument:default_contextual,table_claim,association,causal_argument,,,,,,,,table,239,239,: Zone3; Frequency: 21; Percent: 5.2; Valid Percent: 5.2; Cumulative Percent: 99.8,678e5c426e0940c1,TBL-20260216235826-059,2,needs_article_type_verification|translation_inferred|environment_unresolved|outcome_unresolved,codex_pdfplumber,pdf_table_extracted,pdf_confirmed,no,table,moderate,2026-02-16T22:59:06.724625+00:00,true
doi:10.18419/opus-9385,doi:10.18419/opus-9385-TBL-C208,finding,doi:10.18419/opus-9385-TBL-C208,: Other; Frequency: 1; Percent: .2; Valid Percent: .2; Cumulative Percent: 100.0,0.6,EMPIRICAL_FINDING,unknown,unknown_with_reason:runtime_table_extractor,other frequency,other frequency percent,['other frequency percent'],['other frequency percent'],"['low frequency texture:0.682', 'high frequency texture:0.667', 'low spatial frequency content:0.654', 'high spatial frequency content:0.604', 'flicker frequency:0.600']",[],env.v1_013.flicker_frequency,UNRESOLVED:outcome:other_frequency_percent,0.75,0.0,fuzzy,unresolved,inferred,0.75,outcome_unresolved,env.v1_013.flicker_frequency,out.unresolved.other_frequency_percent,positive,edge:doi:10.18419/opus-9385-TBL-C208,COHERENCE_SUPPORT,env.v1_013.flicker_frequency,out.unresolved.other_frequency_percent,0.4,explicit_statement,true,: Other; Frequency: 1; Percent: .2; Valid Percent: .2; Cumulative Percent: 100.0,explains,0.4,argument:default_contextual,table_claim,association,causal_argument,,,,,,,,table,239,239,: Other; Frequency: 1; Percent: .2; Valid Percent: .2; Cumulative Percent: 100.0,07f894c3d4709f5b,TBL-20260216235826-059,3,needs_article_type_verification|translation_inferred|outcome_unresolved,codex_pdfplumber,pdf_table_extracted,pdf_confirmed,no,table,moderate,2026-02-16T22:59:06.817732+00:00,true
doi:10.18419/opus-9385,doi:10.18419/opus-9385-TBL-C209,finding,doi:10.18419/opus-9385-TBL-C209,: Total; Frequency: 401; Percent: 99.8; Valid Percent: 100.0,0.6,EMPIRICAL_FINDING,unknown,unknown_with_reason:runtime_table_extractor,total frequency percent,total frequency percent,['total frequency percent'],['total frequency percent'],"['low spatial frequency content:0.692', 'low frequency texture:0.682', 'high spatial frequency content:0.679', 'high frequency texture:0.622', 'flicker frequency:0.550']",[],UNRESOLVED:environment:total_frequency_percent,UNRESOLVED:outcome:total_frequency_percent,0.0,0.0,unresolved,unresolved,inferred,0.6923,environment_unresolved|outcome_unresolved,env.unresolved.total_frequency_percent,out.unresolved.total_frequency_percent,positive,edge:doi:10.18419/opus-9385-TBL-C209,COHERENCE_SUPPORT,env.unresolved.total_frequency_percent,out.unresolved.total_frequency_percent,0.4,explicit_statement,true,: Total; Frequency: 401; Percent: 99.8; Valid Percent: 100.0,explains,0.4,argument:default_contextual,table_claim,association,causal_argument,,,,,,,,table,239,239,: Total; Frequency: 401; Percent: 99.8; Valid Percent: 100.0,05ac54226cfdebb2,TBL-20260216235826-059,4,needs_article_type_verification|translation_inferred|environment_unresolved|outcome_unresolved,codex_pdfplumber,pdf_table_extracted,pdf_confirmed,no,table,moderate,2026-02-16T22:59:06.979623+00:00,true
doi:10.18419/opus-9385,doi:10.18419/opus-9385-TBL-C210,finding,doi:10.18419/opus-9385-TBL-C210,Frequency: 1; Percent: .2,0.6,EMPIRICAL_FINDING,unknown,unknown_with_reason:runtime_table_extractor,frequency percent percent,frequency percent percent,['frequency percent percent'],['frequency percent percent'],"['low frequency texture:0.565', 'high frequency texture:0.553']",[],UNRESOLVED:environment:frequency_percent_percent,UNRESOLVED:outcome:frequency_percent_percent,0.0,0.0,unresolved,unresolved,inferred,0.5652,environment_unresolved|outcome_unresolved,env.unresolved.frequency_percent_percent,out.unresolved.frequency_percent_percent,positive,edge:doi:10.18419/opus-9385-TBL-C210,COHERENCE_SUPPORT,env.unresolved.frequency_percent_percent,out.unresolved.frequency_percent_percent,0.4,explicit_statement,true,Frequency: 1; Percent: .2,explains,0.4,argument:default_contextual,table_claim,association,causal_argument,,,,,,,,table,239,239,Frequency: 1; Percent: .2,c951334460adee8a,TBL-20260216235826-059,5,needs_article_type_verification|translation_inferred|environment_unresolved|outcome_unresolved,codex_pdfplumber,pdf_table_extracted,pdf_confirmed,no,table,moderate,2026-02-16T22:59:07.133126+00:00,true
doi:10.18419/opus-9385,doi:10.18419/opus-9385-TBL-C212,finding,doi:10.18419/opus-9385-TBL-C212,: Percent of Cases,0.6,EMPIRICAL_FINDING,unknown,unknown_with_reason:runtime_table_extractor,percent cases percent,percent cases percent,['percent cases percent'],['percent cases percent'],"['central focal point:0.550', 'textiles present:0.541', 'open casement windows:0.524']",[],UNRESOLVED:environment:percent_cases_percent,UNRESOLVED:outcome:percent_cases_percent,0.0,0.0,unresolved,unresolved,inferred,0.55,environment_unresolved|outcome_unresolved,env.unresolved.percent_cases_percent,out.unresolved.percent_cases_percent,positive,edge:doi:10.18419/opus-9385-TBL-C212,COHERENCE_SUPPORT,env.unresolved.percent_cases_percent,out.unresolved.percent_cases_percent,0.4,explicit_statement,true,: Percent of Cases,explains,0.4,argument:default_contextual,table_claim,association,causal_argument,,,,,,,,table,239,239,: Percent of Cases,2ace63bde640ef62,TBL-20260216235826-060,0,needs_article_type_verification|translation_inferred|environment_unresolved|outcome_unresolved,codex_pdfplumber,pdf_table_extracted,pdf_confirmed,no,table,moderate,2026-02-16T22:59:07.272206+00:00,true
doi:10.18419/opus-9385,doi:10.18419/opus-9385-TBL-C213,finding,doi:10.18419/opus-9385-TBL-C213,Responses: N,0.6,EMPIRICAL_FINDING,unknown,unknown_with_reason:runtime_table_extractor,responses,responses,['responses'],['responses'],"['reds and oranges:0.560', 'brick exposed:0.545']","['stress levels:0.545', 'stress:0.533']",UNRESOLVED:environment:responses,UNRESOLVED:outcome:responses,0.0,0.0,unresolved,unresolved,inferred,0.56,environment_unresolved|outcome_unresolved,env.unresolved.responses,out.unresolved.responses,positive,edge:doi:10.18419/opus-9385-TBL-C213,COHERENCE_SUPPORT,env.unresolved.responses,out.unresolved.responses,0.4,explicit_statement,true,Responses: N,explains,0.4,argument:default_contextual,table_claim,association,causal_argument,,,,,,,,table,239,239,Responses: N,ba61ff23a787d728,TBL-20260216235826-060,1,needs_article_type_verification|translation_inferred|environment_unresolved|outcome_unresolved,codex_pdfplumber,pdf_table_extracted,pdf_confirmed,no,table,moderate,2026-02-16T22:59:07.309303+00:00,true
doi:10.18419/opus-9385,doi:10.18419/opus-9385-TBL-C214,finding,doi:10.18419/opus-9385-TBL-C214,: 56.0%; Responses: 225,0.6,EMPIRICAL_FINDING,unknown,unknown_with_reason:runtime_table_extractor,responses responses,responses responses,['responses responses'],['responses responses'],[],[],UNRESOLVED:environment:responses_responses,UNRESOLVED:outcome:responses_responses,0.0,0.0,unresolved,unresolved,inferred,0.0,environment_unresolved|outcome_unresolved,env.unresolved.responses_responses,out.unresolved.responses_responses,positive,edge:doi:10.18419/opus-9385-TBL-C214,COHERENCE_SUPPORT,env.unresolved.responses_responses,out.unresolved.responses_responses,0.4,explicit_statement,true,: 56.0%; Responses: 225,explains,0.4,argument:default_contextual,table_claim,association,causal_argument,,,,,,,,table,239,239,: 56.0%; Responses: 225,a7430a06043960b1,TBL-20260216235826-060,3,needs_article_type_verification|translation_inferred|environment_unresolved|outcome_unresolved,codex_pdfplumber,pdf_table_extracted,pdf_confirmed,no,table,moderate,2026-02-16T22:59:07.385276+00:00,true
doi:10.18419/opus-9385,doi:10.18419/opus-9385-TBL-C215,finding,doi:10.18419/opus-9385-TBL-C215,: 68.4%; Responses: 275,0.6,EMPIRICAL_FINDING,unknown,unknown_with_reason:runtime_table_extractor,responses responses,responses responses,['responses responses'],['responses responses'],[],[],UNRESOLVED:environment:responses_responses,UNRESOLVED:outcome:responses_responses,0.0,0.0,unresolved,unresolved,inferred,0.0,environment_unresolved|outcome_unresolved,env.unresolved.responses_responses,out.unresolved.responses_responses,positive,edge:doi:10.18419/opus-9385-TBL-C215,COHERENCE_SUPPORT,env.unresolved.responses_responses,out.unresolved.responses_responses,0.4,explicit_statement,true,: 68.4%; Responses: 275,explains,0.4,argument:default_contextual,table_claim,association,causal_argument,,,,,,,,table,239,239,: 68.4%; Responses: 275,a2a693560afe92ca,TBL-20260216235826-060,4,needs_article_type_verification|translation_inferred|environment_unresolved|outcome_unresolved,codex_pdfplumber,pdf_table_extracted,pdf_confirmed,no,table,moderate,2026-02-16T22:59:07.460679+00:00,true
doi:10.18419/opus-9385,doi:10.18419/opus-9385-TBL-C216,finding,doi:10.18419/opus-9385-TBL-C216,: 23.1%; Responses: 93,0.6,EMPIRICAL_FINDING,unknown,unknown_with_reason:runtime_table_extractor,responses responses,responses responses,['responses responses'],['responses responses'],[],[],UNRESOLVED:environment:responses_responses,UNRESOLVED:outcome:responses_responses,0.0,0.0,unresolved,unresolved,inferred,0.0,environment_unresolved|outcome_unresolved,env.unresolved.responses_responses,out.unresolved.responses_responses,positive,edge:doi:10.18419/opus-9385-TBL-C216,COHERENCE_SUPPORT,env.unresolved.responses_responses,out.unresolved.responses_responses,0.4,explicit_statement,true,: 23.1%; Responses: 93,explains,0.4,argument:default_contextual,table_claim,association,causal_argument,,,,,,,,table,239,239,: 23.1%; Responses: 93,764fa40838da399a,TBL-20260216235826-060,5,needs_article_type_verification|translation_inferred|environment_unresolved|outcome_unresolved,codex_pdfplumber,pdf_table_extracted,pdf_confirmed,no,table,moderate,2026-02-16T22:59:07.535379+00:00,true
doi:10.18419/opus-9385,doi:10.18419/opus-9385-TBL-C217,finding,doi:10.18419/opus-9385-TBL-C217,: 5.0%; Responses: 20,0.6,EMPIRICAL_FINDING,unknown,unknown_with_reason:runtime_table_extractor,responses responses,responses responses,['responses responses'],['responses responses'],[],[],UNRESOLVED:environment:responses_responses,UNRESOLVED:outcome:responses_responses,0.0,0.0,unresolved,unresolved,inferred,0.0,environment_unresolved|outcome_unresolved,env.unresolved.responses_responses,out.unresolved.responses_responses,positive,edge:doi:10.18419/opus-9385-TBL-C217,COHERENCE_SUPPORT,env.unresolved.responses_responses,out.unresolved.responses_responses,0.4,explicit_statement,true,: 5.0%; Responses: 20,explains,0.4,argument:default_contextual,table_claim,association,causal_argument,,,,,,,,table,239,239,: 5.0%; Responses: 20,93b421eac20cb7cf,TBL-20260216235826-060,6,needs_article_type_verification|translation_inferred|environment_unresolved|outcome_unresolved,codex_pdfplumber,pdf_table_extracted,pdf_confirmed,no,table,moderate,2026-02-16T22:59:07.609013+00:00,true
doi:10.18419/opus-9385,doi:10.18419/opus-9385-TBL-C218,finding,doi:10.18419/opus-9385-TBL-C218,: 152.5%; Responses: 613,0.6,EMPIRICAL_FINDING,unknown,unknown_with_reason:runtime_table_extractor,responses responses,responses responses,['responses responses'],['responses responses'],[],[],UNRESOLVED:environment:responses_responses,UNRESOLVED:outcome:responses_responses,0.0,0.0,unresolved,unresolved,inferred,0.0,environment_unresolved|outcome_unresolved,env.unresolved.responses_responses,out.unresolved.responses_responses,positive,edge:doi:10.18419/opus-9385-TBL-C218,COHERENCE_SUPPORT,env.unresolved.responses_responses,out.unresolved.responses_responses,0.4,explicit_statement,true,: 152.5%; Responses: 613,explains,0.4,argument:default_contextual,table_claim,association,causal_argument,,,,,,,,table,239,239,: 152.5%; Responses: 613,a84eaf0aea24d5cc,TBL-20260216235826-060,7,needs_article_type_verification|translation_inferred|environment_unresolved|outcome_unresolved,codex_pdfplumber,pdf_table_extracted,pdf_confirmed,no,table,moderate,2026-02-16T22:59:07.682868+00:00,true
doi:10.18419/opus-9385,doi:10.18419/opus-9385-TBL-C219,finding,doi:10.18419/opus-9385-TBL-C219,: %,0.6,EMPIRICAL_FINDING,unknown,unknown_with_reason:runtime_table_extractor,environment,unspecified_outcome,['unspecified_environment'],['unspecified_outcome'],"['dirty environment:0.600', 'immaculate environment:0.578', 'brand-heavy environment:0.565']",[],env.ae.visible_dirt/decay,UNRESOLVED:outcome:unspecified_outcome,0.7857,0.0,fuzzy,unresolved,untranslatable_noise,0.7857,outcome_unresolved|low_information_source,env.ae.visible_dirt_decay,out.unresolved.unspecified_outcome,positive,edge:doi:10.18419/opus-9385-TBL-C219,COHERENCE_SUPPORT,env.ae.visible_dirt_decay,out.unresolved.unspecified_outcome,0.4,explicit_statement,true,: %,explains,0.4,argument:default_contextual,table_claim,association,causal_argument,,,,,,,,table,240,240,: %,b89cfdb78b0fb1a6,TBL-20260216235826-061,8,needs_article_type_verification|translation_untranslatable_noise|outcome_unresolved|low_information_source,codex_pdfplumber,pdf_table_extracted,pdf_confirmed,no,table,moderate,2026-02-16T22:59:07.821321+00:00,true
doi:10.18419/opus-9385,doi:10.18419/opus-9385-TBL-C220,finding,doi:10.18419/opus-9385-TBL-C220,: Managers; Frequency: 181; Percent: 45.0; Valid Percent: 45.5; Cumulative Percent: 45.5,0.6,EMPIRICAL_FINDING,unknown,unknown_with_reason:runtime_table_extractor,managers frequency percent,managers frequency percent,['managers frequency percent'],['managers frequency percent'],"['high frequency texture:0.625', 'low spatial frequency content:0.618', 'high spatial frequency content:0.607', 'low frequency texture:0.596', 'flicker frequency:0.558']",[],UNRESOLVED:environment:managers_frequency_percent,UNRESOLVED:outcome:managers_frequency_percent,0.0,0.0,unresolved,unresolved,inferred,0.625,environment_unresolved|outcome_unresolved,env.unresolved.managers_frequency_percent,out.unresolved.managers_frequency_percent,positive,edge:doi:10.18419/opus-9385-TBL-C220,COHERENCE_SUPPORT,env.unresolved.managers_frequency_percent,out.unresolved.managers_frequency_percent,0.4,explicit_statement,true,: Managers; Frequency: 181; Percent: 45.0; Valid Percent: 45.5; Cumulative Percent: 45.5,explains,0.4,argument:default_contextual,table_claim,association,causal_argument,,,,,,,,table,240,240,: Managers; Frequency: 181; Percent: 45.0; Valid Percent: 45.5; Cumulative Percent: 45.5,9a584fbad85bea80,TBL-20260216235826-062,0,needs_article_type_verification|translation_inferred|environment_unresolved|outcome_unresolved,codex_pdfplumber,pdf_table_extracted,pdf_confirmed,no,table,moderate,2026-02-16T22:59:07.994579+00:00,true
doi:10.18419/opus-9385,doi:10.18419/opus-9385-TBL-C221,finding,doi:10.18419/opus-9385-TBL-C221,: Seniors; Frequency: 27; Percent: 6.7; Valid Percent: 6.8; Cumulative Percent: 52.3,0.6,EMPIRICAL_FINDING,unknown,unknown_with_reason:runtime_table_extractor,seniors frequency percent,seniors frequency percent,['seniors frequency percent'],['seniors frequency percent'],"['low frequency texture:0.652', 'high frequency texture:0.638', 'low spatial frequency content:0.630', 'high spatial frequency content:0.618', 'flicker frequency:0.571']",[],UNRESOLVED:environment:seniors_frequency_percent,UNRESOLVED:outcome:seniors_frequency_percent,0.0,0.0,unresolved,unresolved,inferred,0.6522,environment_unresolved|outcome_unresolved,env.unresolved.seniors_frequency_percent,out.unresolved.seniors_frequency_percent,positive,edge:doi:10.18419/opus-9385-TBL-C221,COHERENCE_SUPPORT,env.unresolved.seniors_frequency_percent,out.unresolved.seniors_frequency_percent,0.4,explicit_statement,true,: Seniors; Frequency: 27; Percent: 6.7; Valid Percent: 6.8; Cumulative Percent: 52.3,explains,0.4,argument:default_contextual,table_claim,association,causal_argument,,,,,,,,table,240,240,: Seniors; Frequency: 27; Percent: 6.7; Valid Percent: 6.8; Cumulative Percent: 52.3,db4874643adcf53f,TBL-20260216235826-062,1,needs_article_type_verification|translation_inferred|environment_unresolved|outcome_unresolved,codex_pdfplumber,pdf_table_extracted,pdf_confirmed,no,table,moderate,2026-02-16T22:59:08.168299+00:00,true
doi:10.18419/opus-9385,doi:10.18419/opus-9385-TBL-C222,finding,doi:10.18419/opus-9385-TBL-C222,: Juniors; Frequency: 2; Percent: .5; Valid Percent: .5; Cumulative Percent: 52.8,0.6,EMPIRICAL_FINDING,unknown,unknown_with_reason:runtime_table_extractor,juniors frequency percent,juniors frequency percent,['juniors frequency percent'],['juniors frequency percent'],"['low frequency texture:0.652', 'high frequency texture:0.638', 'high spatial frequency content:0.618', 'low spatial frequency content:0.593', 'flicker frequency:0.571']",[],UNRESOLVED:environment:juniors_frequency_percent,UNRESOLVED:outcome:juniors_frequency_percent,0.0,0.0,unresolved,unresolved,inferred,0.6522,environment_unresolved|outcome_unresolved,env.unresolved.juniors_frequency_percent,out.unresolved.juniors_frequency_percent,positive,edge:doi:10.18419/opus-9385-TBL-C222,COHERENCE_SUPPORT,env.unresolved.juniors_frequency_percent,out.unresolved.juniors_frequency_percent,0.4,explicit_statement,true,: Juniors; Frequency: 2; Percent: .5; Valid Percent: .5; Cumulative Percent: 52.8,explains,0.4,argument:default_contextual,table_claim,association,causal_argument,,,,,,,,table,240,240,: Juniors; Frequency: 2; Percent: .5; Valid Percent: .5; Cumulative Percent: 52.8,b0443a14ca1439b5,TBL-20260216235826-062,2,needs_article_type_verification|translation_inferred|environment_unresolved|outcome_unresolved,codex_pdfplumber,pdf_table_extracted,pdf_confirmed,no,table,moderate,2026-02-16T22:59:08.334902+00:00,true
doi:10.18419/opus-9385,doi:10.18419/opus-9385-TBL-C223,finding,doi:10.18419/opus-9385-TBL-C223,: Random; Frequency: 185; Percent: 46.0; Valid Percent: 46.5; Cumulative Percent: 99.2,0.6,EMPIRICAL_FINDING,unknown,unknown_with_reason:runtime_table_extractor,random frequency percent,random frequency percent,['random frequency percent'],['random frequency percent'],"['low frequency texture:0.667', 'high frequency texture:0.609', 'low spatial frequency content:0.604', 'high spatial frequency content:0.593', 'window frames present:0.578']",[],UNRESOLVED:environment:random_frequency_percent,UNRESOLVED:outcome:random_frequency_percent,0.0,0.0,unresolved,unresolved,inferred,0.6667,environment_unresolved|outcome_unresolved,env.unresolved.random_frequency_percent,out.unresolved.random_frequency_percent,positive,edge:doi:10.18419/opus-9385-TBL-C223,COHERENCE_SUPPORT,env.unresolved.random_frequency_percent,out.unresolved.random_frequency_percent,0.4,explicit_statement,true,: Random; Frequency: 185; Percent: 46.0; Valid Percent: 46.5; Cumulative Percent: 99.2,explains,0.4,argument:default_contextual,table_claim,association,causal_argument,,,,,,,,table,240,240,: Random; Frequency: 185; Percent: 46.0; Valid Percent: 46.5; Cumulative Percent: 99.2,e64cd7f0e8f9b882,TBL-20260216235826-062,3,needs_article_type_verification|translation_inferred|environment_unresolved|outcome_unresolved,codex_pdfplumber,pdf_table_extracted,pdf_confirmed,no,table,moderate,2026-02-16T22:59:08.498118+00:00,true
doi:10.18419/opus-9385,doi:10.18419/opus-9385-TBL-C224,finding,doi:10.18419/opus-9385-TBL-C224,: Other; Frequency: 3; Percent: .7; Valid Percent: .8; Cumulative Percent: 100.0,0.6,EMPIRICAL_FINDING,unknown,unknown_with_reason:runtime_table_extractor,other frequency,other frequency percent,['other frequency percent'],['other frequency percent'],"['low frequency texture:0.682', 'high frequency texture:0.667', 'low spatial frequency content:0.654', 'high spatial frequency content:0.604', 'flicker frequency:0.600']",[],env.v1_013.flicker_frequency,UNRESOLVED:outcome:other_frequency_percent,0.75,0.0,fuzzy,unresolved,inferred,0.75,outcome_unresolved,env.v1_013.flicker_frequency,out.unresolved.other_frequency_percent,positive,edge:doi:10.18419/opus-9385-TBL-C224,COHERENCE_SUPPORT,env.v1_013.flicker_frequency,out.unresolved.other_frequency_percent,0.4,explicit_statement,true,: Other; Frequency: 3; Percent: .7; Valid Percent: .8; Cumulative Percent: 100.0,explains,0.4,argument:default_contextual,table_claim,association,causal_argument,,,,,,,,table,240,240,: Other; Frequency: 3; Percent: .7; Valid Percent: .8; Cumulative Percent: 100.0,00873854ef27b2fb,TBL-20260216235826-062,4,needs_article_type_verification|translation_inferred|outcome_unresolved,codex_pdfplumber,pdf_table_extracted,pdf_confirmed,no,table,moderate,2026-02-16T22:59:08.589812+00:00,true
doi:10.18419/opus-9385,doi:10.18419/opus-9385-TBL-C225,finding,doi:10.18419/opus-9385-TBL-C225,: Total; Frequency: 398; Percent: 99.0; Valid Percent: 100.0,0.6,EMPIRICAL_FINDING,unknown,unknown_with_reason:runtime_table_extractor,total frequency percent,total frequency percent,['total frequency percent'],['total frequency percent'],"['low spatial frequency content:0.692', 'low frequency texture:0.682', 'high spatial frequency content:0.679', 'high frequency texture:0.622', 'flicker frequency:0.550']",[],UNRESOLVED:environment:total_frequency_percent,UNRESOLVED:outcome:total_frequency_percent,0.0,0.0,unresolved,unresolved,inferred,0.6923,environment_unresolved|outcome_unresolved,env.unresolved.total_frequency_percent,out.unresolved.total_frequency_percent,positive,edge:doi:10.18419/opus-9385-TBL-C225,COHERENCE_SUPPORT,env.unresolved.total_frequency_percent,out.unresolved.total_frequency_percent,0.4,explicit_statement,true,: Total; Frequency: 398; Percent: 99.0; Valid Percent: 100.0,explains,0.4,argument:default_contextual,table_claim,association,causal_argument,,,,,,,,table,240,240,: Total; Frequency: 398; Percent: 99.0; Valid Percent: 100.0,8f85bdf4cb931606,TBL-20260216235826-062,5,needs_article_type_verification|translation_inferred|environment_unresolved|outcome_unresolved,codex_pdfplumber,pdf_table_extracted,pdf_confirmed,no,table,moderate,2026-02-16T22:59:08.751820+00:00,true
doi:10.18419/opus-9385,doi:10.18419/opus-9385-TBL-C226,finding,doi:10.18419/opus-9385-TBL-C226,Frequency: 4; Percent: 1.0,0.6,EMPIRICAL_FINDING,unknown,unknown_with_reason:runtime_table_extractor,frequency percent percent,frequency percent percent,['frequency percent percent'],['frequency percent percent'],"['low frequency texture:0.565', 'high frequency texture:0.553']",[],UNRESOLVED:environment:frequency_percent_percent,UNRESOLVED:outcome:frequency_percent_percent,0.0,0.0,unresolved,unresolved,inferred,0.5652,environment_unresolved|outcome_unresolved,env.unresolved.frequency_percent_percent,out.unresolved.frequency_percent_percent,positive,edge:doi:10.18419/opus-9385-TBL-C226,COHERENCE_SUPPORT,env.unresolved.frequency_percent_percent,out.unresolved.frequency_percent_percent,0.4,explicit_statement,true,Frequency: 4; Percent: 1.0,explains,0.4,argument:default_contextual,table_claim,association,causal_argument,,,,,,,,table,240,240,Frequency: 4; Percent: 1.0,4ad7a4c8a7f2af52,TBL-20260216235826-062,6,needs_article_type_verification|translation_inferred|environment_unresolved|outcome_unresolved,codex_pdfplumber,pdf_table_extracted,pdf_confirmed,no,table,moderate,2026-02-16T22:59:08.907851+00:00,true
doi:10.18419/opus-9385,doi:10.18419/opus-9385-TBL-C228,finding,doi:10.18419/opus-9385-TBL-C228,Frequency: 206; Percent: 51.2; Valid Percent: 51.4; Cumulative Percent: 51.4,0.6,EMPIRICAL_FINDING,unknown,unknown_with_reason:runtime_table_extractor,frequency percent valid,frequency percent valid,['frequency percent valid'],['frequency percent valid'],"['low frequency texture:0.591', 'high frequency texture:0.578', 'low spatial frequency content:0.538', 'high spatial frequency content:0.528']",[],UNRESOLVED:environment:frequency_percent_valid,UNRESOLVED:outcome:frequency_percent_valid,0.0,0.0,unresolved,unresolved,inferred,0.5909,environment_unresolved|outcome_unresolved,env.unresolved.frequency_percent_valid,out.unresolved.frequency_percent_valid,positive,edge:doi:10.18419/opus-9385-TBL-C228,COHERENCE_SUPPORT,env.unresolved.frequency_percent_valid,out.unresolved.frequency_percent_valid,0.4,explicit_statement,true,Frequency: 206; Percent: 51.2; Valid Percent: 51.4; Cumulative Percent: 51.4,explains,0.4,argument:default_contextual,table_claim,association,causal_argument,,,,,,,,table,242,242,Frequency: 206; Percent: 51.2; Valid Percent: 51.4; Cumulative Percent: 51.4,b7a622565c0f4a2d,TBL-20260216235826-063,0,needs_article_type_verification|translation_inferred|environment_unresolved|outcome_unresolved,codex_pdfplumber,pdf_table_extracted,pdf_confirmed,no,table,moderate,2026-02-16T22:59:09.069534+00:00,true
doi:10.18419/opus-9385,doi:10.18419/opus-9385-TBL-C229,finding,doi:10.18419/opus-9385-TBL-C229,: -1.25; Frequency: 123; Percent: 30.6; Valid Percent: 30.6; Cumulative Percent: 82.0,0.6,EMPIRICAL_FINDING,unknown,unknown_with_reason:runtime_table_extractor,frequency percent valid,frequency percent valid,['frequency percent valid'],['frequency percent valid'],"['low frequency texture:0.591', 'high frequency texture:0.578', 'low spatial frequency content:0.538', 'high spatial frequency content:0.528']",[],UNRESOLVED:environment:frequency_percent_valid,UNRESOLVED:outcome:frequency_percent_valid,0.0,0.0,unresolved,unresolved,inferred,0.5909,environment_unresolved|outcome_unresolved,env.unresolved.frequency_percent_valid,out.unresolved.frequency_percent_valid,positive,edge:doi:10.18419/opus-9385-TBL-C229,COHERENCE_SUPPORT,env.unresolved.frequency_percent_valid,out.unresolved.frequency_percent_valid,0.4,explicit_statement,true,: -1.25; Frequency: 123; Percent: 30.6; Valid Percent: 30.6; Cumulative Percent: 82.0,explains,0.4,argument:default_contextual,table_claim,association,causal_argument,,,,,,,,table,242,242,: -1.25; Frequency: 123; Percent: 30.6; Valid Percent: 30.6; Cumulative Percent: 82.0,8939f85e4140ba13,TBL-20260216235826-063,1,needs_article_type_verification|translation_inferred|environment_unresolved|outcome_unresolved,codex_pdfplumber,pdf_table_extracted,pdf_confirmed,no,table,moderate,2026-02-16T22:59:09.262733+00:00,true
doi:10.18419/opus-9385,doi:10.18419/opus-9385-TBL-C230,finding,doi:10.18419/opus-9385-TBL-C230,: -2.00; Frequency: 45; Percent: 11.2; Valid Percent: 11.3; Cumulative Percent: 93.3,0.6,EMPIRICAL_FINDING,unknown,unknown_with_reason:runtime_table_extractor,frequency percent valid,frequency percent valid,['frequency percent valid'],['frequency percent valid'],"['low frequency texture:0.591', 'high frequency texture:0.578', 'low spatial frequency content:0.538', 'high spatial frequency content:0.528']",[],UNRESOLVED:environment:frequency_percent_valid,UNRESOLVED:outcome:frequency_percent_valid,0.0,0.0,unresolved,unresolved,inferred,0.5909,environment_unresolved|outcome_unresolved,env.unresolved.frequency_percent_valid,out.unresolved.frequency_percent_valid,positive,edge:doi:10.18419/opus-9385-TBL-C230,COHERENCE_SUPPORT,env.unresolved.frequency_percent_valid,out.unresolved.frequency_percent_valid,0.4,explicit_statement,true,: -2.00; Frequency: 45; Percent: 11.2; Valid Percent: 11.3; Cumulative Percent: 93.3,explains,0.4,argument:default_contextual,table_claim,association,causal_argument,,,,,,,,table,242,242,: -2.00; Frequency: 45; Percent: 11.2; Valid Percent: 11.3; Cumulative Percent: 93.3,9faa56d68959b5ae,TBL-20260216235826-063,2,needs_article_type_verification|translation_inferred|environment_unresolved|outcome_unresolved,codex_pdfplumber,pdf_table_extracted,pdf_confirmed,no,table,moderate,2026-02-16T22:59:09.447811+00:00,true
doi:10.18419/opus-9385,doi:10.18419/opus-9385-TBL-C231,finding,doi:10.18419/opus-9385-TBL-C231,: -2.00; Frequency: 21; Percent: 5.2; Valid Percent: 5.2; Cumulative Percent: 98.5,0.6,EMPIRICAL_FINDING,unknown,unknown_with_reason:runtime_table_extractor,frequency percent valid,frequency percent valid,['frequency percent valid'],['frequency percent valid'],"['low frequency texture:0.591', 'high frequency texture:0.578', 'low spatial frequency content:0.538', 'high spatial frequency content:0.528']",[],UNRESOLVED:environment:frequency_percent_valid,UNRESOLVED:outcome:frequency_percent_valid,0.0,0.0,unresolved,unresolved,inferred,0.5909,environment_unresolved|outcome_unresolved,env.unresolved.frequency_percent_valid,out.unresolved.frequency_percent_valid,positive,edge:doi:10.18419/opus-9385-TBL-C231,COHERENCE_SUPPORT,env.unresolved.frequency_percent_valid,out.unresolved.frequency_percent_valid,0.4,explicit_statement,true,: -2.00; Frequency: 21; Percent: 5.2; Valid Percent: 5.2; Cumulative Percent: 98.5,explains,0.4,argument:default_contextual,table_claim,association,causal_argument,,,,,,,,table,242,242,: -2.00; Frequency: 21; Percent: 5.2; Valid Percent: 5.2; Cumulative Percent: 98.5,08a201e1499b7485,TBL-20260216235826-063,4,needs_article_type_verification|translation_inferred|environment_unresolved|outcome_unresolved,codex_pdfplumber,pdf_table_extracted,pdf_confirmed,no,table,moderate,2026-02-16T22:59:09.608214+00:00,true
doi:10.18419/opus-9385,doi:10.18419/opus-9385-TBL-C232,finding,doi:10.18419/opus-9385-TBL-C232,: 0.95; Frequency: 6; Percent: 1.5; Valid Percent: 1.5; Cumulative Percent: 100.0,0.6,EMPIRICAL_FINDING,unknown,unknown_with_reason:runtime_table_extractor,frequency percent valid,frequency percent valid,['frequency percent valid'],['frequency percent valid'],"['low frequency texture:0.591', 'high frequency texture:0.578', 'low spatial frequency content:0.538', 'high spatial frequency content:0.528']",[],UNRESOLVED:environment:frequency_percent_valid,UNRESOLVED:outcome:frequency_percent_valid,0.0,0.0,unresolved,unresolved,inferred,0.5909,environment_unresolved|outcome_unresolved,env.unresolved.frequency_percent_valid,out.unresolved.frequency_percent_valid,positive,edge:doi:10.18419/opus-9385-TBL-C232,COHERENCE_SUPPORT,env.unresolved.frequency_percent_valid,out.unresolved.frequency_percent_valid,0.4,explicit_statement,true,: 0.95; Frequency: 6; Percent: 1.5; Valid Percent: 1.5; Cumulative Percent: 100.0,explains,0.4,argument:default_contextual,table_claim,association,causal_argument,,,,,,,,table,242,242,: 0.95; Frequency: 6; Percent: 1.5; Valid Percent: 1.5; Cumulative Percent: 100.0,b461c99ccd294d7a,TBL-20260216235826-063,6,needs_article_type_verification|translation_inferred|environment_unresolved|outcome_unresolved,codex_pdfplumber,pdf_table_extracted,pdf_confirmed,no,table,moderate,2026-02-16T22:59:09.768889+00:00,true
doi:10.18419/opus-9385,doi:10.18419/opus-9385-TBL-C233,finding,doi:10.18419/opus-9385-TBL-C233,Frequency: 401; Percent: 99.8,0.6,EMPIRICAL_FINDING,unknown,unknown_with_reason:runtime_table_extractor,frequency percent frequency,frequency percent frequency,['frequency percent frequency'],['frequency percent frequency'],"['flicker frequency:0.636', 'low frequency texture:0.583', 'high frequency texture:0.571']",[],UNRESOLVED:environment:frequency_percent_frequency,UNRESOLVED:outcome:frequency_percent_frequency,0.0,0.0,unresolved,unresolved,inferred,0.6364,environment_unresolved|outcome_unresolved,env.unresolved.frequency_percent_frequency,out.unresolved.frequency_percent_frequency,positive,edge:doi:10.18419/opus-9385-TBL-C233,COHERENCE_SUPPORT,env.unresolved.frequency_percent_frequency,out.unresolved.frequency_percent_frequency,0.4,explicit_statement,true,Frequency: 401; Percent: 99.8,explains,0.4,argument:default_contextual,table_claim,association,causal_argument,,,,,,,,table,242,242,Frequency: 401; Percent: 99.8,a8bba4ff6499431e,TBL-20260216235826-063,7,needs_article_type_verification|translation_inferred|environment_unresolved|outcome_unresolved,codex_pdfplumber,pdf_table_extracted,pdf_confirmed,no,table,moderate,2026-02-16T22:59:09.926650+00:00,true
doi:10.18419/opus-9385,doi:10.18419/opus-9385-TBL-C236,finding,doi:10.18419/opus-9385-TBL-C236,: Never turn it on; Frequency: 7; Percent: 1.7; Valid Percent: 1.8; Cumulative Percent: 1.8,0.6,EMPIRICAL_FINDING,unknown,unknown_with_reason:runtime_table_extractor,never turn frequency,never turn frequency,['never turn frequency'],['never turn frequency'],"['flicker frequency:0.649', 'env.v1_013.flicker_frequency:0.542']",[],UNRESOLVED:environment:never_turn_frequency,UNRESOLVED:outcome:never_turn_frequency,0.0,0.0,unresolved,unresolved,inferred,0.6486,environment_unresolved|outcome_unresolved,env.unresolved.never_turn_frequency,out.unresolved.never_turn_frequency,positive,edge:doi:10.18419/opus-9385-TBL-C236,COHERENCE_SUPPORT,env.unresolved.never_turn_frequency,out.unresolved.never_turn_frequency,0.4,explicit_statement,true,: Never turn it on; Frequency: 7; Percent: 1.7; Valid Percent: 1.8; Cumulative Percent: 1.8,explains,0.4,argument:default_contextual,table_claim,association,causal_argument,,,,,,,,table,243,243,: Never turn it on; Frequency: 7; Percent: 1.7; Valid Percent: 1.8; Cumulative Percent: 1.8,96b95d93068766d2,TBL-20260216235826-064,0,needs_article_type_verification|translation_inferred|environment_unresolved|outcome_unresolved,codex_pdfplumber,pdf_table_extracted,pdf_confirmed,no,table,moderate,2026-02-16T22:59:10.067218+00:00,true
doi:10.18419/opus-9385,doi:10.18419/opus-9385-TBL-C237,finding,doi:10.18419/opus-9385-TBL-C237,: 0-2 hours; Frequency: 6; Percent: 1.5; Valid Percent: 1.5; Cumulative Percent: 3.3,0.6,EMPIRICAL_FINDING,unknown,unknown_with_reason:runtime_table_extractor,hours frequency percent,hours frequency percent,['hours frequency percent'],['hours frequency percent'],"['low frequency texture:0.682', 'high frequency texture:0.667', 'low spatial frequency content:0.654', 'high spatial frequency content:0.642', 'flicker frequency:0.550']",[],UNRESOLVED:environment:hours_frequency_percent,UNRESOLVED:outcome:hours_frequency_percent,0.0,0.0,unresolved,unresolved,inferred,0.6818,environment_unresolved|outcome_unresolved,env.unresolved.hours_frequency_percent,out.unresolved.hours_frequency_percent,positive,edge:doi:10.18419/opus-9385-TBL-C237,COHERENCE_SUPPORT,env.unresolved.hours_frequency_percent,out.unresolved.hours_frequency_percent,0.4,explicit_statement,true,: 0-2 hours; Frequency: 6; Percent: 1.5; Valid Percent: 1.5; Cumulative Percent: 3.3,explains,0.4,argument:default_contextual,table_claim,association,causal_argument,,,,,,,,table,243,243,: 0-2 hours; Frequency: 6; Percent: 1.5; Valid Percent: 1.5; Cumulative Percent: 3.3,6d2def1960412943,TBL-20260216235826-064,1,needs_article_type_verification|translation_inferred|environment_unresolved|outcome_unresolved,codex_pdfplumber,pdf_table_extracted,pdf_confirmed,no,table,moderate,2026-02-16T22:59:10.228517+00:00,true
doi:10.18419/opus-9385,doi:10.18419/opus-9385-TBL-C238,finding,doi:10.18419/opus-9385-TBL-C238,: >2-4 hours; Frequency: 7; Percent: 1.7; Valid Percent: 1.8; Cumulative Percent: 5.0,0.6,EMPIRICAL_FINDING,unknown,unknown_with_reason:runtime_table_extractor,hours frequency percent,hours frequency percent,['hours frequency percent'],['hours frequency percent'],"['low frequency texture:0.682', 'high frequency texture:0.667', 'low spatial frequency content:0.654', 'high spatial frequency content:0.642', 'flicker frequency:0.550']",[],UNRESOLVED:environment:hours_frequency_percent,UNRESOLVED:outcome:hours_frequency_percent,0.0,0.0,unresolved,unresolved,inferred,0.6818,environment_unresolved|outcome_unresolved,env.unresolved.hours_frequency_percent,out.unresolved.hours_frequency_percent,positive,edge:doi:10.18419/opus-9385-TBL-C238,COHERENCE_SUPPORT,env.unresolved.hours_frequency_percent,out.unresolved.hours_frequency_percent,0.4,explicit_statement,true,: >2-4 hours; Frequency: 7; Percent: 1.7; Valid Percent: 1.8; Cumulative Percent: 5.0,explains,0.4,argument:default_contextual,table_claim,association,causal_argument,,,,,,,,table,243,243,: >2-4 hours; Frequency: 7; Percent: 1.7; Valid Percent: 1.8; Cumulative Percent: 5.0,ec17e3b3e78e06a3,TBL-20260216235826-064,2,needs_article_type_verification|translation_inferred|environment_unresolved|outcome_unresolved,codex_pdfplumber,pdf_table_extracted,pdf_confirmed,no,table,moderate,2026-02-16T22:59:10.388804+00:00,true
doi:10.18419/opus-9385,doi:10.18419/opus-9385-TBL-C239,finding,doi:10.18419/opus-9385-TBL-C239,: >4-6 hours; Frequency: 25; Percent: 6.2; Valid Percent: 6.3; Cumulative Percent: 11.3,0.6,EMPIRICAL_FINDING,unknown,unknown_with_reason:runtime_table_extractor,hours frequency percent,hours frequency percent,['hours frequency percent'],['hours frequency percent'],"['low frequency texture:0.682', 'high frequency texture:0.667', 'low spatial frequency content:0.654', 'high spatial frequency content:0.642', 'flicker frequency:0.550']",[],UNRESOLVED:environment:hours_frequency_percent,UNRESOLVED:outcome:hours_frequency_percent,0.0,0.0,unresolved,unresolved,inferred,0.6818,environment_unresolved|outcome_unresolved,env.unresolved.hours_frequency_percent,out.unresolved.hours_frequency_percent,positive,edge:doi:10.18419/opus-9385-TBL-C239,COHERENCE_SUPPORT,env.unresolved.hours_frequency_percent,out.unresolved.hours_frequency_percent,0.4,explicit_statement,true,: >4-6 hours; Frequency: 25; Percent: 6.2; Valid Percent: 6.3; Cumulative Percent: 11.3,explains,0.4,argument:default_contextual,table_claim,association,causal_argument,,,,,,,,table,243,243,: >4-6 hours; Frequency: 25; Percent: 6.2; Valid Percent: 6.3; Cumulative Percent: 11.3,ec2d9569a057e74a,TBL-20260216235826-064,3,needs_article_type_verification|translation_inferred|environment_unresolved|outcome_unresolved,codex_pdfplumber,pdf_table_extracted,pdf_confirmed,no,table,moderate,2026-02-16T22:59:10.548894+00:00,true
doi:10.18419/opus-9385,doi:10.18419/opus-9385-TBL-C240,finding,doi:10.18419/opus-9385-TBL-C240,: >6-8 hours; Frequency: 57; Percent: 14.2; Valid Percent: 14.3; Cumulative Percent: 25.6,0.6,EMPIRICAL_FINDING,unknown,unknown_with_reason:runtime_table_extractor,hours frequency percent,hours frequency percent,['hours frequency percent'],['hours frequency percent'],"['low frequency texture:0.682', 'high frequency texture:0.667', 'low spatial frequency content:0.654', 'high spatial frequency content:0.642', 'flicker frequency:0.550']",[],UNRESOLVED:environment:hours_frequency_percent,UNRESOLVED:outcome:hours_frequency_percent,0.0,0.0,unresolved,unresolved,inferred,0.6818,environment_unresolved|outcome_unresolved,env.unresolved.hours_frequency_percent,out.unresolved.hours_frequency_percent,positive,edge:doi:10.18419/opus-9385-TBL-C240,COHERENCE_SUPPORT,env.unresolved.hours_frequency_percent,out.unresolved.hours_frequency_percent,0.4,explicit_statement,true,: >6-8 hours; Frequency: 57; Percent: 14.2; Valid Percent: 14.3; Cumulative Percent: 25.6,explains,0.4,argument:default_contextual,table_claim,association,causal_argument,,,,,,,,table,243,243,: >6-8 hours; Frequency: 57; Percent: 14.2; Valid Percent: 14.3; Cumulative Percent: 25.6,99c71ef9fb4cea32,TBL-20260216235826-064,4,needs_article_type_verification|translation_inferred|environment_unresolved|outcome_unresolved,codex_pdfplumber,pdf_table_extracted,pdf_confirmed,no,table,moderate,2026-02-16T22:59:10.708883+00:00,true
doi:10.18419/opus-9385,doi:10.18419/opus-9385-TBL-C241,finding,doi:10.18419/opus-9385-TBL-C241,: Always on; Frequency: 297; Percent: 73.9; Valid Percent: 74.4; Cumulative Percent: 100.0,0.6,EMPIRICAL_FINDING,unknown,unknown_with_reason:runtime_table_extractor,always frequency percent,always frequency percent,['always frequency percent'],['always frequency percent'],"['low frequency texture:0.711', 'low spatial frequency content:0.642', 'high spatial frequency content:0.630', 'high frequency texture:0.609', 'flicker frequency:0.537']",[],UNRESOLVED:environment:always_frequency_percent,UNRESOLVED:outcome:always_frequency_percent,0.0,0.0,unresolved,unresolved,inferred,0.7111,environment_unresolved|outcome_unresolved,env.unresolved.always_frequency_percent,out.unresolved.always_frequency_percent,positive,edge:doi:10.18419/opus-9385-TBL-C241,COHERENCE_SUPPORT,env.unresolved.always_frequency_percent,out.unresolved.always_frequency_percent,0.4,explicit_statement,true,: Always on; Frequency: 297; Percent: 73.9; Valid Percent: 74.4; Cumulative Percent: 100.0,explains,0.4,argument:default_contextual,table_claim,association,causal_argument,,,,,,,,table,243,243,: Always on; Frequency: 297; Percent: 73.9; Valid Percent: 74.4; Cumulative Percent: 100.0,58c4565fe1160dc8,TBL-20260216235826-064,5,needs_article_type_verification|translation_inferred|environment_unresolved|outcome_unresolved,codex_pdfplumber,pdf_table_extracted,pdf_confirmed,no,table,moderate,2026-02-16T22:59:10.872289+00:00,true
doi:10.18419/opus-9385,doi:10.18419/opus-9385-TBL-C242,finding,doi:10.18419/opus-9385-TBL-C242,: Total; Frequency: 399; Percent: 99.3; Valid Percent: 100.0,0.6,EMPIRICAL_FINDING,unknown,unknown_with_reason:runtime_table_extractor,total frequency percent,total frequency percent,['total frequency percent'],['total frequency percent'],"['low spatial frequency content:0.692', 'low frequency texture:0.682', 'high spatial frequency content:0.679', 'high frequency texture:0.622', 'flicker frequency:0.550']",[],UNRESOLVED:environment:total_frequency_percent,UNRESOLVED:outcome:total_frequency_percent,0.0,0.0,unresolved,unresolved,inferred,0.6923,environment_unresolved|outcome_unresolved,env.unresolved.total_frequency_percent,out.unresolved.total_frequency_percent,positive,edge:doi:10.18419/opus-9385-TBL-C242,COHERENCE_SUPPORT,env.unresolved.total_frequency_percent,out.unresolved.total_frequency_percent,0.4,explicit_statement,true,: Total; Frequency: 399; Percent: 99.3; Valid Percent: 100.0,explains,0.4,argument:default_contextual,table_claim,association,causal_argument,,,,,,,,table,243,243,: Total; Frequency: 399; Percent: 99.3; Valid Percent: 100.0,94416b70dd43aebd,TBL-20260216235826-064,6,needs_article_type_verification|translation_inferred|environment_unresolved|outcome_unresolved,codex_pdfplumber,pdf_table_extracted,pdf_confirmed,no,table,moderate,2026-02-16T22:59:11.034362+00:00,true
doi:10.18419/opus-9385,doi:10.18419/opus-9385-TBL-C243,finding,doi:10.18419/opus-9385-TBL-C243,Frequency: 3; Percent: .7,0.6,EMPIRICAL_FINDING,unknown,unknown_with_reason:runtime_table_extractor,frequency percent percent,frequency percent percent,['frequency percent percent'],['frequency percent percent'],"['low frequency texture:0.565', 'high frequency texture:0.553']",[],UNRESOLVED:environment:frequency_percent_percent,UNRESOLVED:outcome:frequency_percent_percent,0.0,0.0,unresolved,unresolved,inferred,0.5652,environment_unresolved|outcome_unresolved,env.unresolved.frequency_percent_percent,out.unresolved.frequency_percent_percent,positive,edge:doi:10.18419/opus-9385-TBL-C243,COHERENCE_SUPPORT,env.unresolved.frequency_percent_percent,out.unresolved.frequency_percent_percent,0.4,explicit_statement,true,Frequency: 3; Percent: .7,explains,0.4,argument:default_contextual,table_claim,association,causal_argument,,,,,,,,table,243,243,Frequency: 3; Percent: .7,539cecc43816051e,TBL-20260216235826-064,7,needs_article_type_verification|translation_inferred|environment_unresolved|outcome_unresolved,codex_pdfplumber,pdf_table_extracted,pdf_confirmed,no,table,moderate,2026-02-16T22:59:11.200971+00:00,true
doi:10.18419/opus-9385,doi:10.18419/opus-9385-TBL-C245,finding,doi:10.18419/opus-9385-TBL-C245,Switch ON air: Conditioning month; Cumulative: Percent,0.6,EMPIRICAL_FINDING,unknown,unknown_with_reason:runtime_table_extractor,switch air conditioning,switch air conditioning,['switch air conditioning'],['switch air conditioning'],"['good condition:0.541', 'degraded condition:0.537', 'clear navigation signs:0.533', 'wainscoting:0.529']",[],UNRESOLVED:environment:switch_air_conditioning,UNRESOLVED:outcome:switch_air_conditioning,0.0,0.0,unresolved,unresolved,inferred,0.5405,environment_unresolved|outcome_unresolved,env.unresolved.switch_air_conditioning,out.unresolved.switch_air_conditioning,positive,edge:doi:10.18419/opus-9385-TBL-C245,COHERENCE_SUPPORT,env.unresolved.switch_air_conditioning,out.unresolved.switch_air_conditioning,0.4,explicit_statement,true,Switch ON air: Conditioning month; Cumulative: Percent,explains,0.4,argument:default_contextual,table_claim,association,causal_argument,,,,,,,,table,244,244,Switch ON air: Conditioning month; Cumulative: Percent,0ec909ce670205ab,TBL-20260216235827-065,1,needs_article_type_verification|translation_inferred|environment_unresolved|outcome_unresolved,codex_pdfplumber,pdf_table_extracted,pdf_confirmed,no,table,moderate,2026-02-16T22:59:11.365478+00:00,true
doi:10.18419/opus-9385,doi:10.18419/opus-9385-TBL-C246,finding,doi:10.18419/opus-9385-TBL-C246,Cumulative: 1.3,0.6,EMPIRICAL_FINDING,unknown,unknown_with_reason:runtime_table_extractor,cumulative cumulative,cumulative cumulative,['cumulative cumulative'],['cumulative cumulative'],['circulation maze like:0.524'],[],UNRESOLVED:environment:cumulative_cumulative,UNRESOLVED:outcome:cumulative_cumulative,0.0,0.0,unresolved,unresolved,inferred,0.5238,environment_unresolved|outcome_unresolved,env.unresolved.cumulative_cumulative,out.unresolved.cumulative_cumulative,positive,edge:doi:10.18419/opus-9385-TBL-C246,COHERENCE_SUPPORT,env.unresolved.cumulative_cumulative,out.unresolved.cumulative_cumulative,0.4,explicit_statement,true,Cumulative: 1.3,explains,0.4,argument:default_contextual,table_claim,association,causal_argument,,,,,,,,table,244,244,Cumulative: 1.3,c12daa876c0dac39,TBL-20260216235827-065,3,needs_article_type_verification|translation_inferred|environment_unresolved|outcome_unresolved,codex_pdfplumber,pdf_table_extracted,pdf_confirmed,no,table,moderate,2026-02-16T22:59:11.451418+00:00,true
doi:10.18419/opus-9385,doi:10.18419/opus-9385-TBL-C247,finding,doi:10.18419/opus-9385-TBL-C247,Cumulative: 1.8,0.6,EMPIRICAL_FINDING,unknown,unknown_with_reason:runtime_table_extractor,cumulative cumulative,cumulative cumulative,['cumulative cumulative'],['cumulative cumulative'],['circulation maze like:0.524'],[],UNRESOLVED:environment:cumulative_cumulative,UNRESOLVED:outcome:cumulative_cumulative,0.0,0.0,unresolved,unresolved,inferred,0.5238,environment_unresolved|outcome_unresolved,env.unresolved.cumulative_cumulative,out.unresolved.cumulative_cumulative,positive,edge:doi:10.18419/opus-9385-TBL-C247,COHERENCE_SUPPORT,env.unresolved.cumulative_cumulative,out.unresolved.cumulative_cumulative,0.4,explicit_statement,true,Cumulative: 1.8,explains,0.4,argument:default_contextual,table_claim,association,causal_argument,,,,,,,,table,244,244,Cumulative: 1.8,25b027ac5fc4d65e,TBL-20260216235827-065,4,needs_article_type_verification|translation_inferred|environment_unresolved|outcome_unresolved,codex_pdfplumber,pdf_table_extracted,pdf_confirmed,no,table,moderate,2026-02-16T22:59:11.537378+00:00,true
doi:10.18419/opus-9385,doi:10.18419/opus-9385-TBL-C248,finding,doi:10.18419/opus-9385-TBL-C248,Cumulative: 19.0,0.6,EMPIRICAL_FINDING,unknown,unknown_with_reason:runtime_table_extractor,cumulative cumulative,cumulative cumulative,['cumulative cumulative'],['cumulative cumulative'],['circulation maze like:0.524'],[],UNRESOLVED:environment:cumulative_cumulative,UNRESOLVED:outcome:cumulative_cumulative,0.0,0.0,unresolved,unresolved,inferred,0.5238,environment_unresolved|outcome_unresolved,env.unresolved.cumulative_cumulative,out.unresolved.cumulative_cumulative,positive,edge:doi:10.18419/opus-9385-TBL-C248,COHERENCE_SUPPORT,env.unresolved.cumulative_cumulative,out.unresolved.cumulative_cumulative,0.4,explicit_statement,true,Cumulative: 19.0,explains,0.4,argument:default_contextual,table_claim,association,causal_argument,,,,,,,,table,244,244,Cumulative: 19.0,0d53a1c410c33a94,TBL-20260216235827-065,5,needs_article_type_verification|translation_inferred|environment_unresolved|outcome_unresolved,codex_pdfplumber,pdf_table_extracted,pdf_confirmed,no,table,moderate,2026-02-16T22:59:11.623510+00:00,true
doi:10.18419/opus-9385,doi:10.18419/opus-9385-TBL-C249,finding,doi:10.18419/opus-9385-TBL-C249,: 4.00; Cumulative: 58.1,0.6,EMPIRICAL_FINDING,unknown,unknown_with_reason:runtime_table_extractor,cumulative cumulative,cumulative cumulative,['cumulative cumulative'],['cumulative cumulative'],['circulation maze like:0.524'],[],UNRESOLVED:environment:cumulative_cumulative,UNRESOLVED:outcome:cumulative_cumulative,0.0,0.0,unresolved,unresolved,inferred,0.5238,environment_unresolved|outcome_unresolved,env.unresolved.cumulative_cumulative,out.unresolved.cumulative_cumulative,positive,edge:doi:10.18419/opus-9385-TBL-C249,COHERENCE_SUPPORT,env.unresolved.cumulative_cumulative,out.unresolved.cumulative_cumulative,0.4,explicit_statement,true,: 4.00; Cumulative: 58.1,explains,0.4,argument:default_contextual,table_claim,association,causal_argument,,,,,,,,table,244,244,: 4.00; Cumulative: 58.1,455c4e68ee282815,TBL-20260216235827-065,6,needs_article_type_verification|translation_inferred|environment_unresolved|outcome_unresolved,codex_pdfplumber,pdf_table_extracted,pdf_confirmed,no,table,moderate,2026-02-16T22:59:11.711376+00:00,true
doi:10.18419/opus-9385,doi:10.18419/opus-9385-TBL-C250,finding,doi:10.18419/opus-9385-TBL-C250,: 4.00; Cumulative: 87.1,0.6,EMPIRICAL_FINDING,unknown,unknown_with_reason:runtime_table_extractor,cumulative cumulative,cumulative cumulative,['cumulative cumulative'],['cumulative cumulative'],['circulation maze like:0.524'],[],UNRESOLVED:environment:cumulative_cumulative,UNRESOLVED:outcome:cumulative_cumulative,0.0,0.0,unresolved,unresolved,inferred,0.5238,environment_unresolved|outcome_unresolved,env.unresolved.cumulative_cumulative,out.unresolved.cumulative_cumulative,positive,edge:doi:10.18419/opus-9385-TBL-C250,COHERENCE_SUPPORT,env.unresolved.cumulative_cumulative,out.unresolved.cumulative_cumulative,0.4,explicit_statement,true,: 4.00; Cumulative: 87.1,explains,0.4,argument:default_contextual,table_claim,association,causal_argument,,,,,,,,table,244,244,: 4.00; Cumulative: 87.1,60f7f90fa4f39a4b,TBL-20260216235827-065,7,needs_article_type_verification|translation_inferred|environment_unresolved|outcome_unresolved,codex_pdfplumber,pdf_table_extracted,pdf_confirmed,no,table,moderate,2026-02-16T22:59:11.800735+00:00,true
doi:10.18419/opus-9385,doi:10.18419/opus-9385-TBL-C251,finding,doi:10.18419/opus-9385-TBL-C251,Switch ON air: Valid,0.6,EMPIRICAL_FINDING,unknown,unknown_with_reason:runtime_table_extractor,switch air valid,switch air valid,['switch air valid'],['switch air valid'],['chairs available:0.562'],[],UNRESOLVED:environment:switch_air_valid,UNRESOLVED:outcome:switch_air_valid,0.0,0.0,unresolved,unresolved,inferred,0.5625,environment_unresolved|outcome_unresolved,env.unresolved.switch_air_valid,out.unresolved.switch_air_valid,positive,edge:doi:10.18419/opus-9385-TBL-C251,COHERENCE_SUPPORT,env.unresolved.switch_air_valid,out.unresolved.switch_air_valid,0.4,explicit_statement,true,Switch ON air: Valid,explains,0.4,argument:default_contextual,table_claim,association,causal_argument,,,,,,,,table,244,244,Switch ON air: Valid,094df1ffd77063d1,TBL-20260216235827-065,8,needs_article_type_verification|translation_inferred|environment_unresolved|outcome_unresolved,codex_pdfplumber,pdf_table_extracted,pdf_confirmed,no,table,moderate,2026-02-16T22:59:11.932315+00:00,true
doi:10.18419/opus-9385,doi:10.18419/opus-9385-TBL-C252,finding,doi:10.18419/opus-9385-TBL-C252,: 1.16; Cumulative: 96.2,0.6,EMPIRICAL_FINDING,unknown,unknown_with_reason:runtime_table_extractor,cumulative cumulative,cumulative cumulative,['cumulative cumulative'],['cumulative cumulative'],['circulation maze like:0.524'],[],UNRESOLVED:environment:cumulative_cumulative,UNRESOLVED:outcome:cumulative_cumulative,0.0,0.0,unresolved,unresolved,inferred,0.5238,environment_unresolved|outcome_unresolved,env.unresolved.cumulative_cumulative,out.unresolved.cumulative_cumulative,positive,edge:doi:10.18419/opus-9385-TBL-C252,COHERENCE_SUPPORT,env.unresolved.cumulative_cumulative,out.unresolved.cumulative_cumulative,0.4,explicit_statement,true,: 1.16; Cumulative: 96.2,explains,0.4,argument:default_contextual,table_claim,association,causal_argument,,,,,,,,table,244,244,: 1.16; Cumulative: 96.2,f236e24ca2b0b43b,TBL-20260216235827-065,9,needs_article_type_verification|translation_inferred|environment_unresolved|outcome_unresolved,codex_pdfplumber,pdf_table_extracted,pdf_confirmed,no,table,moderate,2026-02-16T22:59:12.018489+00:00,true
doi:10.18419/opus-9385,doi:10.18419/opus-9385-TBL-C253,finding,doi:10.18419/opus-9385-TBL-C253,Cumulative: 99.2,0.6,EMPIRICAL_FINDING,unknown,unknown_with_reason:runtime_table_extractor,cumulative cumulative,cumulative cumulative,['cumulative cumulative'],['cumulative cumulative'],['circulation maze like:0.524'],[],UNRESOLVED:environment:cumulative_cumulative,UNRESOLVED:outcome:cumulative_cumulative,0.0,0.0,unresolved,unresolved,inferred,0.5238,environment_unresolved|outcome_unresolved,env.unresolved.cumulative_cumulative,out.unresolved.cumulative_cumulative,positive,edge:doi:10.18419/opus-9385-TBL-C253,COHERENCE_SUPPORT,env.unresolved.cumulative_cumulative,out.unresolved.cumulative_cumulative,0.4,explicit_statement,true,Cumulative: 99.2,explains,0.4,argument:default_contextual,table_claim,association,causal_argument,,,,,,,,table,244,244,Cumulative: 99.2,3c7b076d754c3113,TBL-20260216235827-065,11,needs_article_type_verification|translation_inferred|environment_unresolved|outcome_unresolved,codex_pdfplumber,pdf_table_extracted,pdf_confirmed,no,table,moderate,2026-02-16T22:59:12.101920+00:00,true
doi:10.18419/opus-9385,doi:10.18419/opus-9385-TBL-C254,finding,doi:10.18419/opus-9385-TBL-C254,Cumulative: 99.7,0.6,EMPIRICAL_FINDING,unknown,unknown_with_reason:runtime_table_extractor,cumulative cumulative,cumulative cumulative,['cumulative cumulative'],['cumulative cumulative'],['circulation maze like:0.524'],[],UNRESOLVED:environment:cumulative_cumulative,UNRESOLVED:outcome:cumulative_cumulative,0.0,0.0,unresolved,unresolved,inferred,0.5238,environment_unresolved|outcome_unresolved,env.unresolved.cumulative_cumulative,out.unresolved.cumulative_cumulative,positive,edge:doi:10.18419/opus-9385-TBL-C254,COHERENCE_SUPPORT,env.unresolved.cumulative_cumulative,out.unresolved.cumulative_cumulative,0.4,explicit_statement,true,Cumulative: 99.7,explains,0.4,argument:default_contextual,table_claim,association,causal_argument,,,,,,,,table,244,244,Cumulative: 99.7,ea2140ebc8e8b1b6,TBL-20260216235827-065,12,needs_article_type_verification|translation_inferred|environment_unresolved|outcome_unresolved,codex_pdfplumber,pdf_table_extracted,pdf_confirmed,no,table,moderate,2026-02-16T22:59:12.185697+00:00,true
doi:10.18419/opus-9385,doi:10.18419/opus-9385-TBL-C255,finding,doi:10.18419/opus-9385-TBL-C255,Cumulative: 100.0,0.6,EMPIRICAL_FINDING,unknown,unknown_with_reason:runtime_table_extractor,cumulative cumulative,cumulative cumulative,['cumulative cumulative'],['cumulative cumulative'],['circulation maze like:0.524'],[],UNRESOLVED:environment:cumulative_cumulative,UNRESOLVED:outcome:cumulative_cumulative,0.0,0.0,unresolved,unresolved,inferred,0.5238,environment_unresolved|outcome_unresolved,env.unresolved.cumulative_cumulative,out.unresolved.cumulative_cumulative,positive,edge:doi:10.18419/opus-9385-TBL-C255,COHERENCE_SUPPORT,env.unresolved.cumulative_cumulative,out.unresolved.cumulative_cumulative,0.4,explicit_statement,true,Cumulative: 100.0,explains,0.4,argument:default_contextual,table_claim,association,causal_argument,,,,,,,,table,244,244,Cumulative: 100.0,9035745a3f4662fe,TBL-20260216235827-065,13,needs_article_type_verification|translation_inferred|environment_unresolved|outcome_unresolved,codex_pdfplumber,pdf_table_extracted,pdf_confirmed,no,table,moderate,2026-02-16T22:59:12.268408+00:00,true
doi:10.18419/opus-9385,doi:10.18419/opus-9385-TBL-C256,finding,doi:10.18419/opus-9385-TBL-C256,Switch ON air: Missing system,0.6,EMPIRICAL_FINDING,unknown,unknown_with_reason:runtime_table_extractor,switch air missing,switch air missing,['switch air missing'],['switch air missing'],"['soft chairs:0.552', 'soft furnishings:0.529']",[],UNRESOLVED:environment:switch_air_missing,UNRESOLVED:outcome:switch_air_missing,0.0,0.0,unresolved,unresolved,inferred,0.5517,environment_unresolved|outcome_unresolved,env.unresolved.switch_air_missing,out.unresolved.switch_air_missing,positive,edge:doi:10.18419/opus-9385-TBL-C256,COHERENCE_SUPPORT,env.unresolved.switch_air_missing,out.unresolved.switch_air_missing,0.4,explicit_statement,true,Switch ON air: Missing system,explains,0.4,argument:default_contextual,table_claim,association,causal_argument,,,,,,,,table,244,244,Switch ON air: Missing system,d4ef05aeb569dac5,TBL-20260216235827-065,15,needs_article_type_verification|translation_inferred|environment_unresolved|outcome_unresolved,codex_pdfplumber,pdf_table_extracted,pdf_confirmed,no,table,moderate,2026-02-16T22:59:12.406385+00:00,true
doi:10.18419/opus-9385,doi:10.18419/opus-9385-TBL-C257,finding,doi:10.18419/opus-9385-TBL-C257,Switch ON air: Total,0.6,EMPIRICAL_FINDING,unknown,unknown_with_reason:runtime_table_extractor,switch air total,switch air total,['switch air total'],['switch air total'],['scenic artwork:0.533'],[],UNRESOLVED:environment:switch_air_total,UNRESOLVED:outcome:switch_air_total,0.0,0.0,unresolved,unresolved,inferred,0.5333,environment_unresolved|outcome_unresolved,env.unresolved.switch_air_total,out.unresolved.switch_air_total,positive,edge:doi:10.18419/opus-9385-TBL-C257,COHERENCE_SUPPORT,env.unresolved.switch_air_total,out.unresolved.switch_air_total,0.4,explicit_statement,true,Switch ON air: Total,explains,0.4,argument:default_contextual,table_claim,association,causal_argument,,,,,,,,table,244,244,Switch ON air: Total,4a7947d79835d90f,TBL-20260216235827-065,16,needs_article_type_verification|translation_inferred|environment_unresolved|outcome_unresolved,codex_pdfplumber,pdf_table_extracted,pdf_confirmed,no,table,moderate,2026-02-16T22:59:12.538290+00:00,true
doi:10.18419/opus-9385,doi:10.18419/opus-9385-TBL-C258,finding,doi:10.18419/opus-9385-TBL-C258,Switch OFF air: conditioning month; Cumulative: Percent,0.6,EMPIRICAL_FINDING,unknown,unknown_with_reason:runtime_table_extractor,switch off air,switch off air,['switch off air'],['switch off air'],['soft chairs:0.560'],[],UNRESOLVED:environment:switch_off_air,UNRESOLVED:outcome:switch_off_air,0.0,0.0,unresolved,unresolved,inferred,0.56,environment_unresolved|outcome_unresolved,env.unresolved.switch_off_air,out.unresolved.switch_off_air,positive,edge:doi:10.18419/opus-9385-TBL-C258,COHERENCE_SUPPORT,env.unresolved.switch_off_air,out.unresolved.switch_off_air,0.4,explicit_statement,true,Switch OFF air: conditioning month; Cumulative: Percent,explains,0.4,argument:default_contextual,table_claim,association,causal_argument,,,,,,,,table,244,244,Switch OFF air: conditioning month; Cumulative: Percent,5941d2def6cfa237,TBL-20260216235827-066,1,needs_article_type_verification|translation_inferred|environment_unresolved|outcome_unresolved,codex_pdfplumber,pdf_table_extracted,pdf_confirmed,no,table,moderate,2026-02-16T22:59:12.655004+00:00,true
doi:10.18419/opus-9385,doi:10.18419/opus-9385-TBL-C259,finding,doi:10.18419/opus-9385-TBL-C259,Cumulative: 5.9,0.6,EMPIRICAL_FINDING,unknown,unknown_with_reason:runtime_table_extractor,cumulative cumulative,cumulative cumulative,['cumulative cumulative'],['cumulative cumulative'],['circulation maze like:0.524'],[],UNRESOLVED:environment:cumulative_cumulative,UNRESOLVED:outcome:cumulative_cumulative,0.0,0.0,unresolved,unresolved,inferred,0.5238,environment_unresolved|outcome_unresolved,env.unresolved.cumulative_cumulative,out.unresolved.cumulative_cumulative,positive,edge:doi:10.18419/opus-9385-TBL-C259,COHERENCE_SUPPORT,env.unresolved.cumulative_cumulative,out.unresolved.cumulative_cumulative,0.4,explicit_statement,true,Cumulative: 5.9,explains,0.4,argument:default_contextual,table_claim,association,causal_argument,,,,,,,,table,244,244,Cumulative: 5.9,a8f7d7a5d426fb45,TBL-20260216235827-066,3,needs_article_type_verification|translation_inferred|environment_unresolved|outcome_unresolved,codex_pdfplumber,pdf_table_extracted,pdf_confirmed,no,table,moderate,2026-02-16T22:59:12.739331+00:00,true
doi:10.18419/opus-9385,doi:10.18419/opus-9385-TBL-C260,finding,doi:10.18419/opus-9385-TBL-C260,Cumulative: 6.1,0.6,EMPIRICAL_FINDING,unknown,unknown_with_reason:runtime_table_extractor,cumulative cumulative,cumulative cumulative,['cumulative cumulative'],['cumulative cumulative'],['circulation maze like:0.524'],[],UNRESOLVED:environment:cumulative_cumulative,UNRESOLVED:outcome:cumulative_cumulative,0.0,0.0,unresolved,unresolved,inferred,0.5238,environment_unresolved|outcome_unresolved,env.unresolved.cumulative_cumulative,out.unresolved.cumulative_cumulative,positive,edge:doi:10.18419/opus-9385-TBL-C260,COHERENCE_SUPPORT,env.unresolved.cumulative_cumulative,out.unresolved.cumulative_cumulative,0.4,explicit_statement,true,Cumulative: 6.1,explains,0.4,argument:default_contextual,table_claim,association,causal_argument,,,,,,,,table,244,244,Cumulative: 6.1,e51833aae4297c2f,TBL-20260216235827-066,4,needs_article_type_verification|translation_inferred|environment_unresolved|outcome_unresolved,codex_pdfplumber,pdf_table_extracted,pdf_confirmed,no,table,moderate,2026-02-16T22:59:12.822667+00:00,true
doi:10.18419/opus-9385,doi:10.18419/opus-9385-TBL-C261,finding,doi:10.18419/opus-9385-TBL-C261,: 11.00; Cumulative: 7.1,0.6,EMPIRICAL_FINDING,unknown,unknown_with_reason:runtime_table_extractor,cumulative cumulative,cumulative cumulative,['cumulative cumulative'],['cumulative cumulative'],['circulation maze like:0.524'],[],UNRESOLVED:environment:cumulative_cumulative,UNRESOLVED:outcome:cumulative_cumulative,0.0,0.0,unresolved,unresolved,inferred,0.5238,environment_unresolved|outcome_unresolved,env.unresolved.cumulative_cumulative,out.unresolved.cumulative_cumulative,positive,edge:doi:10.18419/opus-9385-TBL-C261,COHERENCE_SUPPORT,env.unresolved.cumulative_cumulative,out.unresolved.cumulative_cumulative,0.4,explicit_statement,true,: 11.00; Cumulative: 7.1,explains,0.4,argument:default_contextual,table_claim,association,causal_argument,,,,,,,,table,244,244,: 11.00; Cumulative: 7.1,e30d36da1550842a,TBL-20260216235827-066,5,needs_article_type_verification|translation_inferred|environment_unresolved|outcome_unresolved,codex_pdfplumber,pdf_table_extracted,pdf_confirmed,no,table,moderate,2026-02-16T22:59:12.906574+00:00,true
doi:10.18419/opus-9385,doi:10.18419/opus-9385-TBL-C262,finding,doi:10.18419/opus-9385-TBL-C262,: 11.00; Cumulative: 12.5,0.6,EMPIRICAL_FINDING,unknown,unknown_with_reason:runtime_table_extractor,cumulative cumulative,cumulative cumulative,['cumulative cumulative'],['cumulative cumulative'],['circulation maze like:0.524'],[],UNRESOLVED:environment:cumulative_cumulative,UNRESOLVED:outcome:cumulative_cumulative,0.0,0.0,unresolved,unresolved,inferred,0.5238,environment_unresolved|outcome_unresolved,env.unresolved.cumulative_cumulative,out.unresolved.cumulative_cumulative,positive,edge:doi:10.18419/opus-9385-TBL-C262,COHERENCE_SUPPORT,env.unresolved.cumulative_cumulative,out.unresolved.cumulative_cumulative,0.4,explicit_statement,true,: 11.00; Cumulative: 12.5,explains,0.4,argument:default_contextual,table_claim,association,causal_argument,,,,,,,,table,244,244,: 11.00; Cumulative: 12.5,a33fb38782470ba8,TBL-20260216235827-066,6,needs_article_type_verification|translation_inferred|environment_unresolved|outcome_unresolved,codex_pdfplumber,pdf_table_extracted,pdf_confirmed,no,table,moderate,2026-02-16T22:59:12.989934+00:00,true
doi:10.18419/opus-9385,doi:10.18419/opus-9385-TBL-C263,finding,doi:10.18419/opus-9385-TBL-C263,Switch OFF air: Valid,0.6,EMPIRICAL_FINDING,unknown,unknown_with_reason:runtime_table_extractor,switch off air,switch off air,['switch off air'],['switch off air'],['soft chairs:0.560'],[],UNRESOLVED:environment:switch_off_air,UNRESOLVED:outcome:switch_off_air,0.0,0.0,unresolved,unresolved,inferred,0.56,environment_unresolved|outcome_unresolved,env.unresolved.switch_off_air,out.unresolved.switch_off_air,positive,edge:doi:10.18419/opus-9385-TBL-C263,COHERENCE_SUPPORT,env.unresolved.switch_off_air,out.unresolved.switch_off_air,0.4,explicit_statement,true,Switch OFF air: Valid,explains,0.4,argument:default_contextual,table_claim,association,causal_argument,,,,,,,,table,244,244,Switch OFF air: Valid,a52d417e6d28a5d3,TBL-20260216235827-066,7,needs_article_type_verification|translation_inferred|environment_unresolved|outcome_unresolved,codex_pdfplumber,pdf_table_extracted,pdf_confirmed,no,table,moderate,2026-02-16T22:59:13.106963+00:00,true
doi:10.18419/opus-9385,doi:10.18419/opus-9385-TBL-C264,finding,doi:10.18419/opus-9385-TBL-C264,: 2.46; Cumulative: 37.0,0.6,EMPIRICAL_FINDING,unknown,unknown_with_reason:runtime_table_extractor,cumulative cumulative,cumulative cumulative,['cumulative cumulative'],['cumulative cumulative'],['circulation maze like:0.524'],[],UNRESOLVED:environment:cumulative_cumulative,UNRESOLVED:outcome:cumulative_cumulative,0.0,0.0,unresolved,unresolved,inferred,0.5238,environment_unresolved|outcome_unresolved,env.unresolved.cumulative_cumulative,out.unresolved.cumulative_cumulative,positive,edge:doi:10.18419/opus-9385-TBL-C264,COHERENCE_SUPPORT,env.unresolved.cumulative_cumulative,out.unresolved.cumulative_cumulative,0.4,explicit_statement,true,: 2.46; Cumulative: 37.0,explains,0.4,argument:default_contextual,table_claim,association,causal_argument,,,,,,,,table,244,244,: 2.46; Cumulative: 37.0,31e4bb603ca07771,TBL-20260216235827-066,8,needs_article_type_verification|translation_inferred|environment_unresolved|outcome_unresolved,codex_pdfplumber,pdf_table_extracted,pdf_confirmed,no,table,moderate,2026-02-16T22:59:13.190946+00:00,true
doi:10.18419/opus-9385,doi:10.18419/opus-9385-TBL-C265,finding,doi:10.18419/opus-9385-TBL-C265,Cumulative: 85.2,0.6,EMPIRICAL_FINDING,unknown,unknown_with_reason:runtime_table_extractor,cumulative cumulative,cumulative cumulative,['cumulative cumulative'],['cumulative cumulative'],['circulation maze like:0.524'],[],UNRESOLVED:environment:cumulative_cumulative,UNRESOLVED:outcome:cumulative_cumulative,0.0,0.0,unresolved,unresolved,inferred,0.5238,environment_unresolved|outcome_unresolved,env.unresolved.cumulative_cumulative,out.unresolved.cumulative_cumulative,positive,edge:doi:10.18419/opus-9385-TBL-C265,COHERENCE_SUPPORT,env.unresolved.cumulative_cumulative,out.unresolved.cumulative_cumulative,0.4,explicit_statement,true,Cumulative: 85.2,explains,0.4,argument:default_contextual,table_claim,association,causal_argument,,,,,,,,table,244,244,Cumulative: 85.2,0733957243e628e1,TBL-20260216235827-066,10,needs_article_type_verification|translation_inferred|environment_unresolved|outcome_unresolved,codex_pdfplumber,pdf_table_extracted,pdf_confirmed,no,table,moderate,2026-02-16T22:59:13.275176+00:00,true
doi:10.18419/opus-9385,doi:10.18419/opus-9385-TBL-C267,finding,doi:10.18419/opus-9385-TBL-C267,Switch OFF air: Missing system,0.6,EMPIRICAL_FINDING,unknown,unknown_with_reason:runtime_table_extractor,switch off air,switch off air,['switch off air'],['switch off air'],['soft chairs:0.560'],[],UNRESOLVED:environment:switch_off_air,UNRESOLVED:outcome:switch_off_air,0.0,0.0,unresolved,unresolved,inferred,0.56,environment_unresolved|outcome_unresolved,env.unresolved.switch_off_air,out.unresolved.switch_off_air,positive,edge:doi:10.18419/opus-9385-TBL-C267,COHERENCE_SUPPORT,env.unresolved.switch_off_air,out.unresolved.switch_off_air,0.4,explicit_statement,true,Switch OFF air: Missing system,explains,0.4,argument:default_contextual,table_claim,association,causal_argument,,,,,,,,table,244,244,Switch OFF air: Missing system,00ba6ebdb268d2c1,TBL-20260216235827-066,13,needs_article_type_verification|translation_inferred|environment_unresolved|outcome_unresolved,codex_pdfplumber,pdf_table_extracted,pdf_confirmed,no,table,moderate,2026-02-16T22:59:13.392085+00:00,true
doi:10.18419/opus-9385,doi:10.18419/opus-9385-TBL-C268,finding,doi:10.18419/opus-9385-TBL-C268,Switch OFF air: Total,0.6,EMPIRICAL_FINDING,unknown,unknown_with_reason:runtime_table_extractor,switch off air,switch off air,['switch off air'],['switch off air'],['soft chairs:0.560'],[],UNRESOLVED:environment:switch_off_air,UNRESOLVED:outcome:switch_off_air,0.0,0.0,unresolved,unresolved,inferred,0.56,environment_unresolved|outcome_unresolved,env.unresolved.switch_off_air,out.unresolved.switch_off_air,positive,edge:doi:10.18419/opus-9385-TBL-C268,COHERENCE_SUPPORT,env.unresolved.switch_off_air,out.unresolved.switch_off_air,0.4,explicit_statement,true,Switch OFF air: Total,explains,0.4,argument:default_contextual,table_claim,association,causal_argument,,,,,,,,table,244,244,Switch OFF air: Total,d0d7f72964aff517,TBL-20260216235827-066,14,needs_article_type_verification|translation_inferred|environment_unresolved|outcome_unresolved,codex_pdfplumber,pdf_table_extracted,pdf_confirmed,no,table,moderate,2026-02-16T22:59:13.527688+00:00,true
doi:10.18419/opus-9385,doi:10.18419/opus-9385-TBL-C269,finding,doi:10.18419/opus-9385-TBL-C269,: Yes; Frequency: 101; Percent: 25.1; Valid Percent: 25.2; Cumulative Percent: 25.2,0.6,EMPIRICAL_FINDING,unknown,unknown_with_reason:runtime_table_extractor,yes frequency,yes frequency percent,['yes frequency percent'],['yes frequency percent'],"['low frequency texture:0.667', 'high frequency texture:0.651', 'low spatial frequency content:0.640', 'high spatial frequency content:0.627', 'flicker frequency:0.579']",[],env.v1_013.flicker_frequency,UNRESOLVED:outcome:yes_frequency_percent,0.7333,0.0,fuzzy,unresolved,inferred,0.7333,outcome_unresolved,env.v1_013.flicker_frequency,out.unresolved.yes_frequency_percent,positive,edge:doi:10.18419/opus-9385-TBL-C269,COHERENCE_SUPPORT,env.v1_013.flicker_frequency,out.unresolved.yes_frequency_percent,0.4,explicit_statement,true,: Yes; Frequency: 101; Percent: 25.1; Valid Percent: 25.2; Cumulative Percent: 25.2,explains,0.4,argument:default_contextual,table_claim,association,causal_argument,,,,,,,,table,245,245,: Yes; Frequency: 101; Percent: 25.1; Valid Percent: 25.2; Cumulative Percent: 25.2,38147140d1584106,TBL-20260216235827-067,0,needs_article_type_verification|translation_inferred|outcome_unresolved,codex_pdfplumber,pdf_table_extracted,pdf_confirmed,no,table,moderate,2026-02-16T22:59:13.610717+00:00,true
doi:10.18419/opus-9385,doi:10.18419/opus-9385-TBL-C270,finding,doi:10.18419/opus-9385-TBL-C270,: No; Frequency: 298; Percent: 74.1; Valid Percent: 74.3; Cumulative Percent: 99.5,0.6,EMPIRICAL_FINDING,unknown,unknown_with_reason:runtime_table_extractor,frequency percent valid,frequency percent valid,['frequency percent valid'],['frequency percent valid'],"['low frequency texture:0.591', 'high frequency texture:0.578', 'low spatial frequency content:0.538', 'high spatial frequency content:0.528']",[],UNRESOLVED:environment:frequency_percent_valid,UNRESOLVED:outcome:frequency_percent_valid,0.0,0.0,unresolved,unresolved,inferred,0.5909,environment_unresolved|outcome_unresolved,env.unresolved.frequency_percent_valid,out.unresolved.frequency_percent_valid,positive,edge:doi:10.18419/opus-9385-TBL-C270,COHERENCE_SUPPORT,env.unresolved.frequency_percent_valid,out.unresolved.frequency_percent_valid,0.4,explicit_statement,true,: No; Frequency: 298; Percent: 74.1; Valid Percent: 74.3; Cumulative Percent: 99.5,explains,0.4,argument:default_contextual,table_claim,association,causal_argument,,,,,,,,table,245,245,: No; Frequency: 298; Percent: 74.1; Valid Percent: 74.3; Cumulative Percent: 99.5,c21a8b7bc58a79cf,TBL-20260216235827-067,1,needs_article_type_verification|translation_inferred|environment_unresolved|outcome_unresolved,codex_pdfplumber,pdf_table_extracted,pdf_confirmed,no,table,moderate,2026-02-16T22:59:13.774375+00:00,true
doi:10.18419/opus-9385,doi:10.18419/opus-9385-TBL-C271,finding,doi:10.18419/opus-9385-TBL-C271,: Sometimes; Frequency: 2; Percent: .4; Valid Percent: .4; Cumulative Percent: 100.0,0.6,EMPIRICAL_FINDING,unknown,unknown_with_reason:runtime_table_extractor,sometimes frequency percent,sometimes frequency percent,['sometimes frequency percent'],['sometimes frequency percent'],"['low spatial frequency content:0.643', 'high spatial frequency content:0.632', 'low frequency texture:0.625', 'high frequency texture:0.612']",[],UNRESOLVED:environment:sometimes_frequency_percent,UNRESOLVED:outcome:sometimes_frequency_percent,0.0,0.0,unresolved,unresolved,inferred,0.6429,environment_unresolved|outcome_unresolved,env.unresolved.sometimes_frequency_percent,out.unresolved.sometimes_frequency_percent,positive,edge:doi:10.18419/opus-9385-TBL-C271,COHERENCE_SUPPORT,env.unresolved.sometimes_frequency_percent,out.unresolved.sometimes_frequency_percent,0.4,explicit_statement,true,: Sometimes; Frequency: 2; Percent: .4; Valid Percent: .4; Cumulative Percent: 100.0,explains,0.4,argument:default_contextual,table_claim,association,causal_argument,,,,,,,,table,245,245,: Sometimes; Frequency: 2; Percent: .4; Valid Percent: .4; Cumulative Percent: 100.0,9569ecfe87093a37,TBL-20260216235827-067,2,needs_article_type_verification|translation_inferred|environment_unresolved|outcome_unresolved,codex_pdfplumber,pdf_table_extracted,pdf_confirmed,no,table,moderate,2026-02-16T22:59:13.955499+00:00,true
doi:10.18419/opus-9385,doi:10.18419/opus-9385-TBL-C275,finding,doi:10.18419/opus-9385-TBL-C275,: Never; Frequency: 41; Percent: 10.2; Valid Percent: 10.2; Cumulative Percent: 10.2,0.6,EMPIRICAL_FINDING,unknown,unknown_with_reason:runtime_table_extractor,never frequency,never frequency percent,['never frequency percent'],['never frequency percent'],"['low frequency texture:0.636', 'high frequency texture:0.622', 'flicker frequency:0.600', 'low spatial frequency content:0.577', 'high spatial frequency content:0.566']",[],env.v1_013.flicker_frequency,UNRESOLVED:outcome:never_frequency_percent,0.75,0.0,fuzzy,unresolved,inferred,0.75,outcome_unresolved,env.v1_013.flicker_frequency,out.unresolved.never_frequency_percent,positive,edge:doi:10.18419/opus-9385-TBL-C275,COHERENCE_SUPPORT,env.v1_013.flicker_frequency,out.unresolved.never_frequency_percent,0.4,explicit_statement,true,: Never; Frequency: 41; Percent: 10.2; Valid Percent: 10.2; Cumulative Percent: 10.2,explains,0.4,argument:default_contextual,table_claim,association,causal_argument,,,,,,,,table,246,246,: Never; Frequency: 41; Percent: 10.2; Valid Percent: 10.2; Cumulative Percent: 10.2,4176be223a9dd1b3,TBL-20260216235827-068,0,needs_article_type_verification|translation_inferred|outcome_unresolved,codex_pdfplumber,pdf_table_extracted,pdf_confirmed,no,table,moderate,2026-02-16T22:59:14.046269+00:00,true
doi:10.18419/opus-9385,doi:10.18419/opus-9385-TBL-C276,finding,doi:10.18419/opus-9385-TBL-C276,: Rarely; Frequency: 187; Percent: 46.5; Valid Percent: 46.5; Cumulative Percent: 56.7,0.6,EMPIRICAL_FINDING,unknown,unknown_with_reason:runtime_table_extractor,rarely frequency percent,rarely frequency percent,['rarely frequency percent'],['rarely frequency percent'],"['low frequency texture:0.667', 'low spatial frequency content:0.642', 'high spatial frequency content:0.630', 'high frequency texture:0.609', 'flicker frequency:0.537']",[],UNRESOLVED:environment:rarely_frequency_percent,UNRESOLVED:outcome:rarely_frequency_percent,0.0,0.0,unresolved,unresolved,inferred,0.6667,environment_unresolved|outcome_unresolved,env.unresolved.rarely_frequency_percent,out.unresolved.rarely_frequency_percent,positive,edge:doi:10.18419/opus-9385-TBL-C276,COHERENCE_SUPPORT,env.unresolved.rarely_frequency_percent,out.unresolved.rarely_frequency_percent,0.4,explicit_statement,true,: Rarely; Frequency: 187; Percent: 46.5; Valid Percent: 46.5; Cumulative Percent: 56.7,explains,0.4,argument:default_contextual,table_claim,association,causal_argument,,,,,,,,table,246,246,: Rarely; Frequency: 187; Percent: 46.5; Valid Percent: 46.5; Cumulative Percent: 56.7,5da74827c47460ad,TBL-20260216235827-068,1,needs_article_type_verification|translation_inferred|environment_unresolved|outcome_unresolved,codex_pdfplumber,pdf_table_extracted,pdf_confirmed,no,table,moderate,2026-02-16T22:59:14.214669+00:00,true
doi:10.18419/opus-9385,doi:10.18419/opus-9385-TBL-C277,finding,doi:10.18419/opus-9385-TBL-C277,: Sometimes; Frequency: 130; Percent: 32.3; Valid Percent: 32.3; Cumulative Percent: 89.1,0.6,EMPIRICAL_FINDING,unknown,unknown_with_reason:runtime_table_extractor,sometimes frequency percent,sometimes frequency percent,['sometimes frequency percent'],['sometimes frequency percent'],"['low spatial frequency content:0.643', 'high spatial frequency content:0.632', 'low frequency texture:0.625', 'high frequency texture:0.612']",[],UNRESOLVED:environment:sometimes_frequency_percent,UNRESOLVED:outcome:sometimes_frequency_percent,0.0,0.0,unresolved,unresolved,inferred,0.6429,environment_unresolved|outcome_unresolved,env.unresolved.sometimes_frequency_percent,out.unresolved.sometimes_frequency_percent,positive,edge:doi:10.18419/opus-9385-TBL-C277,COHERENCE_SUPPORT,env.unresolved.sometimes_frequency_percent,out.unresolved.sometimes_frequency_percent,0.4,explicit_statement,true,: Sometimes; Frequency: 130; Percent: 32.3; Valid Percent: 32.3; Cumulative Percent: 89.1,explains,0.4,argument:default_contextual,table_claim,association,causal_argument,,,,,,,,table,246,246,: Sometimes; Frequency: 130; Percent: 32.3; Valid Percent: 32.3; Cumulative Percent: 89.1,09a44a0c9151f0bb,TBL-20260216235827-068,2,needs_article_type_verification|translation_inferred|environment_unresolved|outcome_unresolved,codex_pdfplumber,pdf_table_extracted,pdf_confirmed,no,table,moderate,2026-02-16T22:59:14.427312+00:00,true
doi:10.18419/opus-9385,doi:10.18419/opus-9385-TBL-C278,finding,doi:10.18419/opus-9385-TBL-C278,: Mostly; Frequency: 25; Percent: 6.2; Valid Percent: 6.2; Cumulative Percent: 95.3,0.6,EMPIRICAL_FINDING,unknown,unknown_with_reason:runtime_table_extractor,mostly frequency percent,mostly frequency percent,['mostly frequency percent'],['mostly frequency percent'],"['low spatial frequency content:0.717', 'high spatial frequency content:0.667', 'low frequency texture:0.667', 'high frequency texture:0.609', 'env.ae.low_spatial_frequency_content:0.567']",[],UNRESOLVED:environment:mostly_frequency_percent,UNRESOLVED:outcome:mostly_frequency_percent,0.0,0.0,unresolved,unresolved,inferred,0.717,environment_unresolved|outcome_unresolved,env.unresolved.mostly_frequency_percent,out.unresolved.mostly_frequency_percent,positive,edge:doi:10.18419/opus-9385-TBL-C278,COHERENCE_SUPPORT,env.unresolved.mostly_frequency_percent,out.unresolved.mostly_frequency_percent,0.4,explicit_statement,true,: Mostly; Frequency: 25; Percent: 6.2; Valid Percent: 6.2; Cumulative Percent: 95.3,explains,0.4,argument:default_contextual,table_claim,association,causal_argument,,,,,,,,table,246,246,: Mostly; Frequency: 25; Percent: 6.2; Valid Percent: 6.2; Cumulative Percent: 95.3,ddfed65941ee8399,TBL-20260216235827-068,4,needs_article_type_verification|translation_inferred|environment_unresolved|outcome_unresolved,codex_pdfplumber,pdf_table_extracted,pdf_confirmed,no,table,moderate,2026-02-16T22:59:14.602714+00:00,true
doi:10.18419/opus-9385,doi:10.18419/opus-9385-TBL-C279,finding,doi:10.18419/opus-9385-TBL-C279,: Always; Frequency: 19; Percent: 4.7; Valid Percent: 4.7; Cumulative Percent: 100.0,0.6,EMPIRICAL_FINDING,unknown,unknown_with_reason:runtime_table_extractor,always frequency percent,always frequency percent,['always frequency percent'],['always frequency percent'],"['low frequency texture:0.711', 'low spatial frequency content:0.642', 'high spatial frequency content:0.630', 'high frequency texture:0.609', 'flicker frequency:0.537']",[],UNRESOLVED:environment:always_frequency_percent,UNRESOLVED:outcome:always_frequency_percent,0.0,0.0,unresolved,unresolved,inferred,0.7111,environment_unresolved|outcome_unresolved,env.unresolved.always_frequency_percent,out.unresolved.always_frequency_percent,positive,edge:doi:10.18419/opus-9385-TBL-C279,COHERENCE_SUPPORT,env.unresolved.always_frequency_percent,out.unresolved.always_frequency_percent,0.4,explicit_statement,true,: Always; Frequency: 19; Percent: 4.7; Valid Percent: 4.7; Cumulative Percent: 100.0,explains,0.4,argument:default_contextual,table_claim,association,causal_argument,,,,,,,,table,246,246,: Always; Frequency: 19; Percent: 4.7; Valid Percent: 4.7; Cumulative Percent: 100.0,da9abd57f0e2db6d,TBL-20260216235827-068,6,needs_article_type_verification|translation_inferred|environment_unresolved|outcome_unresolved,codex_pdfplumber,pdf_table_extracted,pdf_confirmed,no,table,moderate,2026-02-16T22:59:14.773192+00:00,true
doi:10.18419/opus-9385,doi:10.18419/opus-9385-TBL-C281,finding,doi:10.18419/opus-9385-TBL-C281,: Percent; Responses: N,0.6,EMPIRICAL_FINDING,unknown,unknown_with_reason:runtime_table_extractor,percent responses percent,percent responses percent,['percent responses percent'],['percent responses percent'],[],[],UNRESOLVED:environment:percent_responses_percent,UNRESOLVED:outcome:percent_responses_percent,0.0,0.0,unresolved,unresolved,inferred,0.0,environment_unresolved|outcome_unresolved,env.unresolved.percent_responses_percent,out.unresolved.percent_responses_percent,positive,edge:doi:10.18419/opus-9385-TBL-C281,COHERENCE_SUPPORT,env.unresolved.percent_responses_percent,out.unresolved.percent_responses_percent,0.4,explicit_statement,true,: Percent; Responses: N,explains,0.4,argument:default_contextual,table_claim,association,causal_argument,,,,,,,,table,246,246,: Percent; Responses: N,11f75dddbf19089f,TBL-20260216235827-069,0,needs_article_type_verification|translation_inferred|environment_unresolved|outcome_unresolved,codex_pdfplumber,pdf_table_extracted,pdf_confirmed,no,table,moderate,2026-02-16T22:59:14.934842+00:00,true
doi:10.18419/opus-9385,doi:10.18419/opus-9385-TBL-C282,finding,doi:10.18419/opus-9385-TBL-C282,: 39.8%; Responses: 302,0.6,EMPIRICAL_FINDING,unknown,unknown_with_reason:runtime_table_extractor,responses responses,responses responses,['responses responses'],['responses responses'],[],[],UNRESOLVED:environment:responses_responses,UNRESOLVED:outcome:responses_responses,0.0,0.0,unresolved,unresolved,inferred,0.0,environment_unresolved|outcome_unresolved,env.unresolved.responses_responses,out.unresolved.responses_responses,positive,edge:doi:10.18419/opus-9385-TBL-C282,COHERENCE_SUPPORT,env.unresolved.responses_responses,out.unresolved.responses_responses,0.4,explicit_statement,true,: 39.8%; Responses: 302,explains,0.4,argument:default_contextual,table_claim,association,causal_argument,,,,,,,,table,246,246,: 39.8%; Responses: 302,750f8d9f26628959,TBL-20260216235827-069,1,needs_article_type_verification|translation_inferred|environment_unresolved|outcome_unresolved,codex_pdfplumber,pdf_table_extracted,pdf_confirmed,no,table,moderate,2026-02-16T22:59:15.010543+00:00,true
doi:10.18419/opus-9385,doi:10.18419/opus-9385-TBL-C283,finding,doi:10.18419/opus-9385-TBL-C283,: 33.4%; Responses: 253,0.6,EMPIRICAL_FINDING,unknown,unknown_with_reason:runtime_table_extractor,responses responses,responses responses,['responses responses'],['responses responses'],[],[],UNRESOLVED:environment:responses_responses,UNRESOLVED:outcome:responses_responses,0.0,0.0,unresolved,unresolved,inferred,0.0,environment_unresolved|outcome_unresolved,env.unresolved.responses_responses,out.unresolved.responses_responses,positive,edge:doi:10.18419/opus-9385-TBL-C283,COHERENCE_SUPPORT,env.unresolved.responses_responses,out.unresolved.responses_responses,0.4,explicit_statement,true,: 33.4%; Responses: 253,explains,0.4,argument:default_contextual,table_claim,association,causal_argument,,,,,,,,table,246,246,: 33.4%; Responses: 253,0f025b49d6da82a4,TBL-20260216235827-069,2,needs_article_type_verification|translation_inferred|environment_unresolved|outcome_unresolved,codex_pdfplumber,pdf_table_extracted,pdf_confirmed,no,table,moderate,2026-02-16T22:59:15.088898+00:00,true
doi:10.18419/opus-9385,doi:10.18419/opus-9385-TBL-C284,finding,doi:10.18419/opus-9385-TBL-C284,: 24.1%; Responses: 183,0.6,EMPIRICAL_FINDING,unknown,unknown_with_reason:runtime_table_extractor,responses responses,responses responses,['responses responses'],['responses responses'],[],[],UNRESOLVED:environment:responses_responses,UNRESOLVED:outcome:responses_responses,0.0,0.0,unresolved,unresolved,inferred,0.0,environment_unresolved|outcome_unresolved,env.unresolved.responses_responses,out.unresolved.responses_responses,positive,edge:doi:10.18419/opus-9385-TBL-C284,COHERENCE_SUPPORT,env.unresolved.responses_responses,out.unresolved.responses_responses,0.4,explicit_statement,true,: 24.1%; Responses: 183,explains,0.4,argument:default_contextual,table_claim,association,causal_argument,,,,,,,,table,246,246,: 24.1%; Responses: 183,9bfc4f821b3fb460,TBL-20260216235827-069,4,needs_article_type_verification|translation_inferred|environment_unresolved|outcome_unresolved,codex_pdfplumber,pdf_table_extracted,pdf_confirmed,no,table,moderate,2026-02-16T22:59:15.165646+00:00,true
doi:10.18419/opus-9385,doi:10.18419/opus-9385-TBL-C285,finding,doi:10.18419/opus-9385-TBL-C285,: 2.6%; Responses: 20,0.6,EMPIRICAL_FINDING,unknown,unknown_with_reason:runtime_table_extractor,responses responses,responses responses,['responses responses'],['responses responses'],[],[],UNRESOLVED:environment:responses_responses,UNRESOLVED:outcome:responses_responses,0.0,0.0,unresolved,unresolved,inferred,0.0,environment_unresolved|outcome_unresolved,env.unresolved.responses_responses,out.unresolved.responses_responses,positive,edge:doi:10.18419/opus-9385-TBL-C285,COHERENCE_SUPPORT,env.unresolved.responses_responses,out.unresolved.responses_responses,0.4,explicit_statement,true,: 2.6%; Responses: 20,explains,0.4,argument:default_contextual,table_claim,association,causal_argument,,,,,,,,table,246,246,: 2.6%; Responses: 20,598f54817aa0479d,TBL-20260216235827-069,6,needs_article_type_verification|translation_inferred|environment_unresolved|outcome_unresolved,codex_pdfplumber,pdf_table_extracted,pdf_confirmed,no,table,moderate,2026-02-16T22:59:15.241737+00:00,true
doi:10.18419/opus-9385,doi:10.18419/opus-9385-TBL-C286,finding,doi:10.18419/opus-9385-TBL-C286,: 100%; Responses: 758,0.6,EMPIRICAL_FINDING,unknown,unknown_with_reason:runtime_table_extractor,responses responses,responses responses,['responses responses'],['responses responses'],[],[],UNRESOLVED:environment:responses_responses,UNRESOLVED:outcome:responses_responses,0.0,0.0,unresolved,unresolved,inferred,0.0,environment_unresolved|outcome_unresolved,env.unresolved.responses_responses,out.unresolved.responses_responses,positive,edge:doi:10.18419/opus-9385-TBL-C286,COHERENCE_SUPPORT,env.unresolved.responses_responses,out.unresolved.responses_responses,0.4,explicit_statement,true,: 100%; Responses: 758,explains,0.4,argument:default_contextual,table_claim,association,causal_argument,,,,,,,,table,246,246,: 100%; Responses: 758,1230c9d78c309754,TBL-20260216235827-069,7,needs_article_type_verification|translation_inferred|environment_unresolved|outcome_unresolved,codex_pdfplumber,pdf_table_extracted,pdf_confirmed,no,table,moderate,2026-02-16T22:59:15.317389+00:00,true
doi:10.18419/opus-9385,doi:10.18419/opus-9385-TBL-C288,finding,doi:10.18419/opus-9385-TBL-C288,: 5,0.6,EMPIRICAL_FINDING,unknown,unknown_with_reason:runtime_table_extractor,environment,unspecified_outcome,['unspecified_environment'],['unspecified_outcome'],"['dirty environment:0.600', 'immaculate environment:0.578', 'brand-heavy environment:0.565']",[],env.ae.visible_dirt/decay,UNRESOLVED:outcome:unspecified_outcome,0.7857,0.0,fuzzy,unresolved,untranslatable_noise,0.7857,outcome_unresolved|low_information_source,env.ae.visible_dirt_decay,out.unresolved.unspecified_outcome,positive,edge:doi:10.18419/opus-9385-TBL-C288,COHERENCE_SUPPORT,env.ae.visible_dirt_decay,out.unresolved.unspecified_outcome,0.4,explicit_statement,true,: 5,explains,0.4,argument:default_contextual,table_claim,association,causal_argument,,,,,,,,table,248,248,: 5,c4c8f529b4b4b06d,TBL-20260216235827-071,8,needs_article_type_verification|translation_untranslatable_noise|outcome_unresolved|low_information_source,codex_pdfplumber,pdf_table_extracted,pdf_confirmed,no,table,moderate,2026-02-16T22:59:15.458548+00:00,true
doi:10.18419/opus-9385,doi:10.18419/opus-9385-TBL-C289,finding,doi:10.18419/opus-9385-TBL-C289,: External and fixed (Outside the window); Frequency: 9; Percent: 2.2; Valid Percent: 2.3; Cumulative Percent: 2.3,0.6,EMPIRICAL_FINDING,unknown,unknown_with_reason:runtime_table_extractor,fixed outside,external fixed outside,['external fixed outside'],['external fixed outside'],"['central feature:0.541', 'view outside:0.529']",[],env.ae.view_to_outdoors,UNRESOLVED:outcome:external_fixed_outside,0.8,0.0,fuzzy,unresolved,inferred,0.8,outcome_unresolved,env.ae.view_to_outdoors,out.unresolved.external_fixed_outside,positive,edge:doi:10.18419/opus-9385-TBL-C289,COHERENCE_SUPPORT,env.ae.view_to_outdoors,out.unresolved.external_fixed_outside,0.4,explicit_statement,true,: External and fixed (Outside the window); Frequency: 9; Percent: 2.2; Valid Percent: 2.3; Cumulative Percent: 2.3,explains,0.4,argument:default_contextual,table_claim,association,causal_argument,,,,,,,,table,248,248,: External and fixed (Outside the window); Frequency: 9; Percent: 2.2; Valid Percent: 2.3; Cumulative Percent: 2.3,443a48e8e40729cd,TBL-20260216235827-072,0,needs_article_type_verification|translation_inferred|outcome_unresolved,codex_pdfplumber,pdf_table_extracted,pdf_confirmed,no,table,moderate,2026-02-16T22:59:15.576921+00:00,true
doi:10.18419/opus-9385,doi:10.18419/opus-9385-TBL-C290,finding,doi:10.18419/opus-9385-TBL-C290,: External and moveable (Outside the window); Frequency: 21; Percent: 5.2; Valid Percent: 5.3; Cumulative Percent: 7.5,0.6,EMPIRICAL_FINDING,unknown,unknown_with_reason:runtime_table_extractor,outside,external moveable outside,['external moveable outside'],['external moveable outside'],['central focal point:0.545'],[],env.ae.view_to_outdoors,UNRESOLVED:outcome:external_moveable_outside,0.7368,0.0,fuzzy,unresolved,inferred,0.7368,outcome_unresolved,env.ae.view_to_outdoors,out.unresolved.external_moveable_outside,positive,edge:doi:10.18419/opus-9385-TBL-C290,COHERENCE_SUPPORT,env.ae.view_to_outdoors,out.unresolved.external_moveable_outside,0.4,explicit_statement,true,: External and moveable (Outside the window); Frequency: 21; Percent: 5.2; Valid Percent: 5.3; Cumulative Percent: 7.5,explains,0.4,argument:default_contextual,table_claim,association,causal_argument,,,,,,,,table,248,248,: External and moveable (Outside the window); Frequency: 21; Percent: 5.2; Valid Percent: 5.3; Cumulative Percent: 7.5,2996915c2e470a9e,TBL-20260216235827-072,1,needs_article_type_verification|translation_inferred|outcome_unresolved,codex_pdfplumber,pdf_table_extracted,pdf_confirmed,no,table,moderate,2026-02-16T22:59:15.757297+00:00,true
doi:10.18419/opus-9385,doi:10.18419/opus-9385-TBL-C291,finding,doi:10.18419/opus-9385-TBL-C291,: Internal and fixed (Inside the office room); Frequency: 25; Percent: 6.2; Valid Percent: 6.3; Cumulative Percent: 13.8,0.6,EMPIRICAL_FINDING,unknown,unknown_with_reason:runtime_table_extractor,internal fixed inside,internal fixed inside,['internal fixed inside'],['internal fixed inside'],['industrial fans:0.556'],[],UNRESOLVED:environment:internal_fixed_inside,UNRESOLVED:outcome:internal_fixed_inside,0.0,0.0,unresolved,unresolved,inferred,0.5556,environment_unresolved|outcome_unresolved,env.unresolved.internal_fixed_inside,out.unresolved.internal_fixed_inside,positive,edge:doi:10.18419/opus-9385-TBL-C291,COHERENCE_SUPPORT,env.unresolved.internal_fixed_inside,out.unresolved.internal_fixed_inside,0.4,explicit_statement,true,: Internal and fixed (Inside the office room); Frequency: 25; Percent: 6.2; Valid Percent: 6.3; Cumulative Percent: 13.8,explains,0.4,argument:default_contextual,table_claim,association,causal_argument,,,,,,,,table,248,248,: Internal and fixed (Inside the office room); Frequency: 25; Percent: 6.2; Valid Percent: 6.3; Cumulative Percent: 13.8,3444e4a8962496b2,TBL-20260216235827-072,2,needs_article_type_verification|translation_inferred|environment_unresolved|outcome_unresolved,codex_pdfplumber,pdf_table_extracted,pdf_confirmed,no,table,moderate,2026-02-16T22:59:15.909504+00:00,true
doi:10.18419/opus-9385,doi:10.18419/opus-9385-TBL-C292,finding,doi:10.18419/opus-9385-TBL-C292,: Internal and moveable (Inside the office room); Frequency: 313; Percent: 77.9; Valid Percent: 78.3; Cumulative Percent: 92.0,0.6,EMPIRICAL_FINDING,unknown,unknown_with_reason:runtime_table_extractor,internal moveable inside,internal moveable inside,['internal moveable inside'],['internal moveable inside'],"['natural materials:0.537', 'control over thermal: fans:0.520']",[],UNRESOLVED:environment:internal_moveable_inside,UNRESOLVED:outcome:internal_moveable_inside,0.0,0.0,unresolved,unresolved,inferred,0.5366,environment_unresolved|outcome_unresolved,env.unresolved.internal_moveable_inside,out.unresolved.internal_moveable_inside,positive,edge:doi:10.18419/opus-9385-TBL-C292,COHERENCE_SUPPORT,env.unresolved.internal_moveable_inside,out.unresolved.internal_moveable_inside,0.4,explicit_statement,true,: Internal and moveable (Inside the office room); Frequency: 313; Percent: 77.9; Valid Percent: 78.3; Cumulative Percent: 92.0,explains,0.4,argument:default_contextual,table_claim,association,causal_argument,,,,,,,,table,248,248,: Internal and moveable (Inside the office room); Frequency: 313; Percent: 77.9; Valid Percent: 78.3; Cumulative Percent: 92.0,bf8d01ab6d57c3a3,TBL-20260216235827-072,3,needs_article_type_verification|translation_inferred|environment_unresolved|outcome_unresolved,codex_pdfplumber,pdf_table_extracted,pdf_confirmed,no,table,moderate,2026-02-16T22:59:16.078526+00:00,true
doi:10.18419/opus-9385,doi:10.18419/opus-9385-TBL-C293,finding,doi:10.18419/opus-9385-TBL-C293,: Inter-pane (between glass layers); Frequency: 7; Percent: 1.7; Valid Percent: 1.8; Cumulative Percent: 93.8,0.6,EMPIRICAL_FINDING,unknown,unknown_with_reason:runtime_table_extractor,glass,inter-pane between glass,['glass'],['inter-pane between glass'],"['glass:1.000', 'glass partitions:0.940', 'glass prominent:0.940', 'glass-dominant:0.940', 'glass coverage:0.940']",[],env.ae.glass_prominent,UNRESOLVED:outcome:inter_pane_between_glass,1.0,0.0,exact,unresolved,inferred,1.0,outcome_unresolved,env.ae.glass_prominent,out.unresolved.inter_pane_between_glass,positive,edge:doi:10.18419/opus-9385-TBL-C293,COHERENCE_SUPPORT,env.ae.glass_prominent,out.unresolved.inter_pane_between_glass,0.4,explicit_statement,true,: Inter-pane (between glass layers); Frequency: 7; Percent: 1.7; Valid Percent: 1.8; Cumulative Percent: 93.8,explains,0.4,argument:default_contextual,table_claim,association,causal_argument,,,,,,,,table,248,248,: Inter-pane (between glass layers); Frequency: 7; Percent: 1.7; Valid Percent: 1.8; Cumulative Percent: 93.8,b75b773aa66ed084,TBL-20260216235827-072,5,needs_article_type_verification|translation_inferred|outcome_unresolved,codex_pdfplumber,pdf_table_extracted,pdf_confirmed,no,table,moderate,2026-02-16T22:59:16.099589+00:00,true
doi:10.18419/opus-9385,doi:10.18419/opus-9385-TBL-C294,finding,doi:10.18419/opus-9385-TBL-C294,: Don’t have; Frequency: 23; Percent: 5.7; Valid Percent: 5.8; Cumulative Percent: 99.5,0.6,EMPIRICAL_FINDING,unknown,unknown_with_reason:runtime_table_extractor,don have frequency,don have frequency,['don have frequency'],['don have frequency'],"['flicker frequency:0.629', 'low frequency texture:0.564', 'low spatial frequency content:0.553', 'high frequency texture:0.550', 'env.v1_013.flicker_frequency:0.522']",[],UNRESOLVED:environment:don_have_frequency,UNRESOLVED:outcome:don_have_frequency,0.0,0.0,unresolved,unresolved,inferred,0.6286,environment_unresolved|outcome_unresolved,env.unresolved.don_have_frequency,out.unresolved.don_have_frequency,positive,edge:doi:10.18419/opus-9385-TBL-C294,COHERENCE_SUPPORT,env.unresolved.don_have_frequency,out.unresolved.don_have_frequency,0.4,explicit_statement,true,: Don’t have; Frequency: 23; Percent: 5.7; Valid Percent: 5.8; Cumulative Percent: 99.5,explains,0.4,argument:default_contextual,table_claim,association,causal_argument,,,,,,,,table,248,248,: Don’t have; Frequency: 23; Percent: 5.7; Valid Percent: 5.8; Cumulative Percent: 99.5,2d3d027b335ff912,TBL-20260216235827-072,7,needs_article_type_verification|translation_inferred|environment_unresolved|outcome_unresolved,codex_pdfplumber,pdf_table_extracted,pdf_confirmed,no,table,moderate,2026-02-16T22:59:16.233237+00:00,true
doi:10.18419/opus-9385,doi:10.18419/opus-9385-TBL-C295,finding,doi:10.18419/opus-9385-TBL-C295,: Other; Frequency: 2; Percent: .5; Valid Percent: .5; Cumulative Percent: 100.0,0.6,EMPIRICAL_FINDING,unknown,unknown_with_reason:runtime_table_extractor,other frequency,other frequency percent,['other frequency percent'],['other frequency percent'],"['low frequency texture:0.682', 'high frequency texture:0.667', 'low spatial frequency content:0.654', 'high spatial frequency content:0.604', 'flicker frequency:0.600']",[],env.v1_013.flicker_frequency,UNRESOLVED:outcome:other_frequency_percent,0.75,0.0,fuzzy,unresolved,inferred,0.75,outcome_unresolved,env.v1_013.flicker_frequency,out.unresolved.other_frequency_percent,positive,edge:doi:10.18419/opus-9385-TBL-C295,COHERENCE_SUPPORT,env.v1_013.flicker_frequency,out.unresolved.other_frequency_percent,0.4,explicit_statement,true,: Other; Frequency: 2; Percent: .5; Valid Percent: .5; Cumulative Percent: 100.0,explains,0.4,argument:default_contextual,table_claim,association,causal_argument,,,,,,,,table,248,248,: Other; Frequency: 2; Percent: .5; Valid Percent: .5; Cumulative Percent: 100.0,5263e94895b43372,TBL-20260216235827-072,8,needs_article_type_verification|translation_inferred|outcome_unresolved,codex_pdfplumber,pdf_table_extracted,pdf_confirmed,no,table,moderate,2026-02-16T22:59:16.327081+00:00,true
doi:10.18419/opus-9385,doi:10.18419/opus-9385-TBL-C296,finding,doi:10.18419/opus-9385-TBL-C296,: Total; Frequency: 400; Percent: 99.5; Valid Percent: 100.0,0.6,EMPIRICAL_FINDING,unknown,unknown_with_reason:runtime_table_extractor,total frequency percent,total frequency percent,['total frequency percent'],['total frequency percent'],"['low spatial frequency content:0.692', 'low frequency texture:0.682', 'high spatial frequency content:0.679', 'high frequency texture:0.622', 'flicker frequency:0.550']",[],UNRESOLVED:environment:total_frequency_percent,UNRESOLVED:outcome:total_frequency_percent,0.0,0.0,unresolved,unresolved,inferred,0.6923,environment_unresolved|outcome_unresolved,env.unresolved.total_frequency_percent,out.unresolved.total_frequency_percent,positive,edge:doi:10.18419/opus-9385-TBL-C296,COHERENCE_SUPPORT,env.unresolved.total_frequency_percent,out.unresolved.total_frequency_percent,0.4,explicit_statement,true,: Total; Frequency: 400; Percent: 99.5; Valid Percent: 100.0,explains,0.4,argument:default_contextual,table_claim,association,causal_argument,,,,,,,,table,248,248,: Total; Frequency: 400; Percent: 99.5; Valid Percent: 100.0,c902b0a7b67d84ce,TBL-20260216235827-072,9,needs_article_type_verification|translation_inferred|environment_unresolved|outcome_unresolved,codex_pdfplumber,pdf_table_extracted,pdf_confirmed,no,table,moderate,2026-02-16T22:59:16.490741+00:00,true
doi:10.18419/opus-9385,doi:10.18419/opus-9385-TBL-C297,finding,doi:10.18419/opus-9385-TBL-C297,Frequency: 2; Percent: .5,0.6,EMPIRICAL_FINDING,unknown,unknown_with_reason:runtime_table_extractor,frequency percent percent,frequency percent percent,['frequency percent percent'],['frequency percent percent'],"['low frequency texture:0.565', 'high frequency texture:0.553']",[],UNRESOLVED:environment:frequency_percent_percent,UNRESOLVED:outcome:frequency_percent_percent,0.0,0.0,unresolved,unresolved,inferred,0.5652,environment_unresolved|outcome_unresolved,env.unresolved.frequency_percent_percent,out.unresolved.frequency_percent_percent,positive,edge:doi:10.18419/opus-9385-TBL-C297,COHERENCE_SUPPORT,env.unresolved.frequency_percent_percent,out.unresolved.frequency_percent_percent,0.4,explicit_statement,true,Frequency: 2; Percent: .5,explains,0.4,argument:default_contextual,table_claim,association,causal_argument,,,,,,,,table,248,248,Frequency: 2; Percent: .5,a4237adc16b5ac8a,TBL-20260216235827-072,10,needs_article_type_verification|translation_inferred|environment_unresolved|outcome_unresolved,codex_pdfplumber,pdf_table_extracted,pdf_confirmed,no,table,moderate,2026-02-16T22:59:16.647041+00:00,true
doi:10.18419/opus-9385,doi:10.18419/opus-9385-TBL-C299,finding,doi:10.18419/opus-9385-TBL-C299,: .6,0.6,EMPIRICAL_FINDING,unknown,unknown_with_reason:runtime_table_extractor,environment,unspecified_outcome,['unspecified_environment'],['unspecified_outcome'],"['dirty environment:0.600', 'immaculate environment:0.578', 'brand-heavy environment:0.565']",[],env.ae.visible_dirt/decay,UNRESOLVED:outcome:unspecified_outcome,0.7857,0.0,fuzzy,unresolved,untranslatable_noise,0.7857,outcome_unresolved|low_information_source,env.ae.visible_dirt_decay,out.unresolved.unspecified_outcome,positive,edge:doi:10.18419/opus-9385-TBL-C299,COHERENCE_SUPPORT,env.ae.visible_dirt_decay,out.unresolved.unspecified_outcome,0.4,explicit_statement,true,: .6,explains,0.4,argument:default_contextual,table_claim,association,causal_argument,,,,,,,,table,249,249,: .6,a62e3fe1a6069130,TBL-20260216235827-073,8,needs_article_type_verification|translation_untranslatable_noise|outcome_unresolved|low_information_source,codex_pdfplumber,pdf_table_extracted,pdf_confirmed,no,table,moderate,2026-02-16T22:59:16.788108+00:00,true
doi:10.18419/opus-9385,doi:10.18419/opus-9385-TBL-C300,finding,doi:10.18419/opus-9385-TBL-C300,: Never; Frequency: 40; Percent: 10.0; Valid Percent: 10.3; Cumulative Percent: 10.3,0.6,EMPIRICAL_FINDING,unknown,unknown_with_reason:runtime_table_extractor,never frequency,never frequency percent,['never frequency percent'],['never frequency percent'],"['low frequency texture:0.636', 'high frequency texture:0.622', 'flicker frequency:0.600', 'low spatial frequency content:0.577', 'high spatial frequency content:0.566']",[],env.v1_013.flicker_frequency,UNRESOLVED:outcome:never_frequency_percent,0.75,0.0,fuzzy,unresolved,inferred,0.75,outcome_unresolved,env.v1_013.flicker_frequency,out.unresolved.never_frequency_percent,positive,edge:doi:10.18419/opus-9385-TBL-C300,COHERENCE_SUPPORT,env.v1_013.flicker_frequency,out.unresolved.never_frequency_percent,0.4,explicit_statement,true,: Never; Frequency: 40; Percent: 10.0; Valid Percent: 10.3; Cumulative Percent: 10.3,explains,0.4,argument:default_contextual,table_claim,association,causal_argument,,,,,,,,table,249,249,: Never; Frequency: 40; Percent: 10.0; Valid Percent: 10.3; Cumulative Percent: 10.3,2b1ef3edb2b4c569,TBL-20260216235827-074,0,needs_article_type_verification|translation_inferred|outcome_unresolved,codex_pdfplumber,pdf_table_extracted,pdf_confirmed,no,table,moderate,2026-02-16T22:59:16.877739+00:00,true
doi:10.18419/opus-9385,doi:10.18419/opus-9385-TBL-C301,finding,doi:10.18419/opus-9385-TBL-C301,: < 2 hours; Frequency: 77; Percent: 19.2; Valid Percent: 19.8; Cumulative Percent: 30.1,0.6,EMPIRICAL_FINDING,unknown,unknown_with_reason:runtime_table_extractor,hours frequency percent,hours frequency percent,['hours frequency percent'],['hours frequency percent'],"['low frequency texture:0.682', 'high frequency texture:0.667', 'low spatial frequency content:0.654', 'high spatial frequency content:0.642', 'flicker frequency:0.550']",[],UNRESOLVED:environment:hours_frequency_percent,UNRESOLVED:outcome:hours_frequency_percent,0.0,0.0,unresolved,unresolved,inferred,0.6818,environment_unresolved|outcome_unresolved,env.unresolved.hours_frequency_percent,out.unresolved.hours_frequency_percent,positive,edge:doi:10.18419/opus-9385-TBL-C301,COHERENCE_SUPPORT,env.unresolved.hours_frequency_percent,out.unresolved.hours_frequency_percent,0.4,explicit_statement,true,: < 2 hours; Frequency: 77; Percent: 19.2; Valid Percent: 19.8; Cumulative Percent: 30.1,explains,0.4,argument:default_contextual,table_claim,association,causal_argument,,,,,,,,table,249,249,: < 2 hours; Frequency: 77; Percent: 19.2; Valid Percent: 19.8; Cumulative Percent: 30.1,37e888922a982047,TBL-20260216235827-074,1,needs_article_type_verification|translation_inferred|environment_unresolved|outcome_unresolved,codex_pdfplumber,pdf_table_extracted,pdf_confirmed,no,table,moderate,2026-02-16T22:59:17.041662+00:00,true
doi:10.18419/opus-9385,doi:10.18419/opus-9385-TBL-C302,finding,doi:10.18419/opus-9385-TBL-C302,: 2-4 hours; Frequency: 161; Percent: 40.0; Valid Percent: 41.4; Cumulative Percent: 71.5,0.6,EMPIRICAL_FINDING,unknown,unknown_with_reason:runtime_table_extractor,hours frequency percent,hours frequency percent,['hours frequency percent'],['hours frequency percent'],"['low frequency texture:0.682', 'high frequency texture:0.667', 'low spatial frequency content:0.654', 'high spatial frequency content:0.642', 'flicker frequency:0.550']",[],UNRESOLVED:environment:hours_frequency_percent,UNRESOLVED:outcome:hours_frequency_percent,0.0,0.0,unresolved,unresolved,inferred,0.6818,environment_unresolved|outcome_unresolved,env.unresolved.hours_frequency_percent,out.unresolved.hours_frequency_percent,positive,edge:doi:10.18419/opus-9385-TBL-C302,COHERENCE_SUPPORT,env.unresolved.hours_frequency_percent,out.unresolved.hours_frequency_percent,0.4,explicit_statement,true,: 2-4 hours; Frequency: 161; Percent: 40.0; Valid Percent: 41.4; Cumulative Percent: 71.5,explains,0.4,argument:default_contextual,table_claim,association,causal_argument,,,,,,,,table,249,249,: 2-4 hours; Frequency: 161; Percent: 40.0; Valid Percent: 41.4; Cumulative Percent: 71.5,5f59a4e085593c4e,TBL-20260216235827-074,2,needs_article_type_verification|translation_inferred|environment_unresolved|outcome_unresolved,codex_pdfplumber,pdf_table_extracted,pdf_confirmed,no,table,moderate,2026-02-16T22:59:17.205146+00:00,true
doi:10.18419/opus-9385,doi:10.18419/opus-9385-TBL-C303,finding,doi:10.18419/opus-9385-TBL-C303,: >4-6 hours; Frequency: 74; Percent: 18.4; Valid Percent: 19.0; Cumulative Percent: 90.5,0.6,EMPIRICAL_FINDING,unknown,unknown_with_reason:runtime_table_extractor,hours frequency percent,hours frequency percent,['hours frequency percent'],['hours frequency percent'],"['low frequency texture:0.682', 'high frequency texture:0.667', 'low spatial frequency content:0.654', 'high spatial frequency content:0.642', 'flicker frequency:0.550']",[],UNRESOLVED:environment:hours_frequency_percent,UNRESOLVED:outcome:hours_frequency_percent,0.0,0.0,unresolved,unresolved,inferred,0.6818,environment_unresolved|outcome_unresolved,env.unresolved.hours_frequency_percent,out.unresolved.hours_frequency_percent,positive,edge:doi:10.18419/opus-9385-TBL-C303,COHERENCE_SUPPORT,env.unresolved.hours_frequency_percent,out.unresolved.hours_frequency_percent,0.4,explicit_statement,true,: >4-6 hours; Frequency: 74; Percent: 18.4; Valid Percent: 19.0; Cumulative Percent: 90.5,explains,0.4,argument:default_contextual,table_claim,association,causal_argument,,,,,,,,table,249,249,: >4-6 hours; Frequency: 74; Percent: 18.4; Valid Percent: 19.0; Cumulative Percent: 90.5,d0edee38482b1730,TBL-20260216235827-074,3,needs_article_type_verification|translation_inferred|environment_unresolved|outcome_unresolved,codex_pdfplumber,pdf_table_extracted,pdf_confirmed,no,table,moderate,2026-02-16T22:59:17.370443+00:00,true
doi:10.18419/opus-9385,doi:10.18419/opus-9385-TBL-C304,finding,doi:10.18419/opus-9385-TBL-C304,: > 6 hours; Frequency: 23; Percent: 5.7; Valid Percent: 5.9; Cumulative Percent: 96.4,0.6,EMPIRICAL_FINDING,unknown,unknown_with_reason:runtime_table_extractor,hours frequency percent,hours frequency percent,['hours frequency percent'],['hours frequency percent'],"['low frequency texture:0.682', 'high frequency texture:0.667', 'low spatial frequency content:0.654', 'high spatial frequency content:0.642', 'flicker frequency:0.550']",[],UNRESOLVED:environment:hours_frequency_percent,UNRESOLVED:outcome:hours_frequency_percent,0.0,0.0,unresolved,unresolved,inferred,0.6818,environment_unresolved|outcome_unresolved,env.unresolved.hours_frequency_percent,out.unresolved.hours_frequency_percent,positive,edge:doi:10.18419/opus-9385-TBL-C304,COHERENCE_SUPPORT,env.unresolved.hours_frequency_percent,out.unresolved.hours_frequency_percent,0.4,explicit_statement,true,: > 6 hours; Frequency: 23; Percent: 5.7; Valid Percent: 5.9; Cumulative Percent: 96.4,explains,0.4,argument:default_contextual,table_claim,association,causal_argument,,,,,,,,table,249,249,: > 6 hours; Frequency: 23; Percent: 5.7; Valid Percent: 5.9; Cumulative Percent: 96.4,14ee8afdd1f3ac8e,TBL-20260216235827-074,4,needs_article_type_verification|translation_inferred|environment_unresolved|outcome_unresolved,codex_pdfplumber,pdf_table_extracted,pdf_confirmed,no,table,moderate,2026-02-16T22:59:17.533219+00:00,true
doi:10.18419/opus-9385,doi:10.18419/opus-9385-TBL-C305,finding,doi:10.18419/opus-9385-TBL-C305,: Always; Frequency: 14; Percent: 3.5; Valid Percent: 3.6; Cumulative Percent: 100.0,0.6,EMPIRICAL_FINDING,unknown,unknown_with_reason:runtime_table_extractor,always frequency percent,always frequency percent,['always frequency percent'],['always frequency percent'],"['low frequency texture:0.711', 'low spatial frequency content:0.642', 'high spatial frequency content:0.630', 'high frequency texture:0.609', 'flicker frequency:0.537']",[],UNRESOLVED:environment:always_frequency_percent,UNRESOLVED:outcome:always_frequency_percent,0.0,0.0,unresolved,unresolved,inferred,0.7111,environment_unresolved|outcome_unresolved,env.unresolved.always_frequency_percent,out.unresolved.always_frequency_percent,positive,edge:doi:10.18419/opus-9385-TBL-C305,COHERENCE_SUPPORT,env.unresolved.always_frequency_percent,out.unresolved.always_frequency_percent,0.4,explicit_statement,true,: Always; Frequency: 14; Percent: 3.5; Valid Percent: 3.6; Cumulative Percent: 100.0,explains,0.4,argument:default_contextual,table_claim,association,causal_argument,,,,,,,,table,249,249,: Always; Frequency: 14; Percent: 3.5; Valid Percent: 3.6; Cumulative Percent: 100.0,026444e54ab42db7,TBL-20260216235827-074,5,needs_article_type_verification|translation_inferred|environment_unresolved|outcome_unresolved,codex_pdfplumber,pdf_table_extracted,pdf_confirmed,no,table,moderate,2026-02-16T22:59:17.697513+00:00,true
doi:10.18419/opus-9385,doi:10.18419/opus-9385-TBL-C306,finding,doi:10.18419/opus-9385-TBL-C306,: Total; Frequency: 389; Percent: 96.8; Valid Percent: 100.0,0.6,EMPIRICAL_FINDING,unknown,unknown_with_reason:runtime_table_extractor,total frequency percent,total frequency percent,['total frequency percent'],['total frequency percent'],"['low spatial frequency content:0.692', 'low frequency texture:0.682', 'high spatial frequency content:0.679', 'high frequency texture:0.622', 'flicker frequency:0.550']",[],UNRESOLVED:environment:total_frequency_percent,UNRESOLVED:outcome:total_frequency_percent,0.0,0.0,unresolved,unresolved,inferred,0.6923,environment_unresolved|outcome_unresolved,env.unresolved.total_frequency_percent,out.unresolved.total_frequency_percent,positive,edge:doi:10.18419/opus-9385-TBL-C306,COHERENCE_SUPPORT,env.unresolved.total_frequency_percent,out.unresolved.total_frequency_percent,0.4,explicit_statement,true,: Total; Frequency: 389; Percent: 96.8; Valid Percent: 100.0,explains,0.4,argument:default_contextual,table_claim,association,causal_argument,,,,,,,,table,249,249,: Total; Frequency: 389; Percent: 96.8; Valid Percent: 100.0,c6405ab5ad109623,TBL-20260216235827-074,6,needs_article_type_verification|translation_inferred|environment_unresolved|outcome_unresolved,codex_pdfplumber,pdf_table_extracted,pdf_confirmed,no,table,moderate,2026-02-16T22:59:17.862324+00:00,true
doi:10.18419/opus-9385,doi:10.18419/opus-9385-TBL-C307,finding,doi:10.18419/opus-9385-TBL-C307,Frequency: 13; Percent: 3.2,0.6,EMPIRICAL_FINDING,unknown,unknown_with_reason:runtime_table_extractor,frequency percent frequency,frequency percent frequency,['frequency percent frequency'],['frequency percent frequency'],"['flicker frequency:0.636', 'low frequency texture:0.583', 'high frequency texture:0.571']",[],UNRESOLVED:environment:frequency_percent_frequency,UNRESOLVED:outcome:frequency_percent_frequency,0.0,0.0,unresolved,unresolved,inferred,0.6364,environment_unresolved|outcome_unresolved,env.unresolved.frequency_percent_frequency,out.unresolved.frequency_percent_frequency,positive,edge:doi:10.18419/opus-9385-TBL-C307,COHERENCE_SUPPORT,env.unresolved.frequency_percent_frequency,out.unresolved.frequency_percent_frequency,0.4,explicit_statement,true,Frequency: 13; Percent: 3.2,explains,0.4,argument:default_contextual,table_claim,association,causal_argument,,,,,,,,table,249,249,Frequency: 13; Percent: 3.2,ceada3686cfb3973,TBL-20260216235827-074,7,needs_article_type_verification|translation_inferred|environment_unresolved|outcome_unresolved,codex_pdfplumber,pdf_table_extracted,pdf_confirmed,no,table,moderate,2026-02-16T22:59:18.023942+00:00,true
doi:10.18419/opus-9385,doi:10.18419/opus-9385-TBL-C311,finding,doi:10.18419/opus-9385-TBL-C311,: 38.3%; Responses: 144,0.6,EMPIRICAL_FINDING,unknown,unknown_with_reason:runtime_table_extractor,responses responses,responses responses,['responses responses'],['responses responses'],[],[],UNRESOLVED:environment:responses_responses,UNRESOLVED:outcome:responses_responses,0.0,0.0,unresolved,unresolved,inferred,0.0,environment_unresolved|outcome_unresolved,env.unresolved.responses_responses,out.unresolved.responses_responses,positive,edge:doi:10.18419/opus-9385-TBL-C311,COHERENCE_SUPPORT,env.unresolved.responses_responses,out.unresolved.responses_responses,0.4,explicit_statement,true,: 38.3%; Responses: 144,explains,0.4,argument:default_contextual,table_claim,association,causal_argument,,,,,,,,table,250,250,: 38.3%; Responses: 144,13a537677d922360,TBL-20260216235827-076,3,needs_article_type_verification|translation_inferred|environment_unresolved|outcome_unresolved,codex_pdfplumber,pdf_table_extracted,pdf_confirmed,no,table,moderate,2026-02-16T22:59:18.101016+00:00,true
doi:10.18419/opus-9385,doi:10.18419/opus-9385-TBL-C312,finding,doi:10.18419/opus-9385-TBL-C312,: 64.9%; Responses: 244,0.6,EMPIRICAL_FINDING,unknown,unknown_with_reason:runtime_table_extractor,responses responses,responses responses,['responses responses'],['responses responses'],[],[],UNRESOLVED:environment:responses_responses,UNRESOLVED:outcome:responses_responses,0.0,0.0,unresolved,unresolved,inferred,0.0,environment_unresolved|outcome_unresolved,env.unresolved.responses_responses,out.unresolved.responses_responses,positive,edge:doi:10.18419/opus-9385-TBL-C312,COHERENCE_SUPPORT,env.unresolved.responses_responses,out.unresolved.responses_responses,0.4,explicit_statement,true,: 64.9%; Responses: 244,explains,0.4,argument:default_contextual,table_claim,association,causal_argument,,,,,,,,table,250,250,: 64.9%; Responses: 244,941290f0afa8f448,TBL-20260216235827-076,4,needs_article_type_verification|translation_inferred|environment_unresolved|outcome_unresolved,codex_pdfplumber,pdf_table_extracted,pdf_confirmed,no,table,moderate,2026-02-16T22:59:18.176688+00:00,true
doi:10.18419/opus-9385,doi:10.18419/opus-9385-TBL-C313,finding,doi:10.18419/opus-9385-TBL-C313,: 50.0%; Responses: 188,0.6,EMPIRICAL_FINDING,unknown,unknown_with_reason:runtime_table_extractor,responses responses,responses responses,['responses responses'],['responses responses'],[],[],UNRESOLVED:environment:responses_responses,UNRESOLVED:outcome:responses_responses,0.0,0.0,unresolved,unresolved,inferred,0.0,environment_unresolved|outcome_unresolved,env.unresolved.responses_responses,out.unresolved.responses_responses,positive,edge:doi:10.18419/opus-9385-TBL-C313,COHERENCE_SUPPORT,env.unresolved.responses_responses,out.unresolved.responses_responses,0.4,explicit_statement,true,: 50.0%; Responses: 188,explains,0.4,argument:default_contextual,table_claim,association,causal_argument,,,,,,,,table,250,250,: 50.0%; Responses: 188,b33629890732467b,TBL-20260216235827-076,6,needs_article_type_verification|translation_inferred|environment_unresolved|outcome_unresolved,codex_pdfplumber,pdf_table_extracted,pdf_confirmed,no,table,moderate,2026-02-16T22:59:18.252557+00:00,true
doi:10.18419/opus-9385,doi:10.18419/opus-9385-TBL-C314,finding,doi:10.18419/opus-9385-TBL-C314,: 12.0%; Responses: 45,0.6,EMPIRICAL_FINDING,unknown,unknown_with_reason:runtime_table_extractor,responses responses,responses responses,['responses responses'],['responses responses'],[],[],UNRESOLVED:environment:responses_responses,UNRESOLVED:outcome:responses_responses,0.0,0.0,unresolved,unresolved,inferred,0.0,environment_unresolved|outcome_unresolved,env.unresolved.responses_responses,out.unresolved.responses_responses,positive,edge:doi:10.18419/opus-9385-TBL-C314,COHERENCE_SUPPORT,env.unresolved.responses_responses,out.unresolved.responses_responses,0.4,explicit_statement,true,: 12.0%; Responses: 45,explains,0.4,argument:default_contextual,table_claim,association,causal_argument,,,,,,,,table,250,250,: 12.0%; Responses: 45,a19f9f4ee0610c1d,TBL-20260216235827-076,9,needs_article_type_verification|translation_inferred|environment_unresolved|outcome_unresolved,codex_pdfplumber,pdf_table_extracted,pdf_confirmed,no,table,moderate,2026-02-16T22:59:18.328374+00:00,true
doi:10.18419/opus-9385,doi:10.18419/opus-9385-TBL-C315,finding,doi:10.18419/opus-9385-TBL-C315,: 1.6%; Responses: 6,0.6,EMPIRICAL_FINDING,unknown,unknown_with_reason:runtime_table_extractor,responses,responses,['responses'],['responses'],"['reds and oranges:0.560', 'brick exposed:0.545']","['stress levels:0.545', 'stress:0.533']",UNRESOLVED:environment:responses,UNRESOLVED:outcome:responses,0.0,0.0,unresolved,unresolved,inferred,0.56,environment_unresolved|outcome_unresolved,env.unresolved.responses,out.unresolved.responses,positive,edge:doi:10.18419/opus-9385-TBL-C315,COHERENCE_SUPPORT,env.unresolved.responses,out.unresolved.responses,0.4,explicit_statement,true,: 1.6%; Responses: 6,explains,0.4,argument:default_contextual,table_claim,association,causal_argument,,,,,,,,table,250,250,: 1.6%; Responses: 6,bc7994599e063b4e,TBL-20260216235827-076,10,needs_article_type_verification|translation_inferred|environment_unresolved|outcome_unresolved,codex_pdfplumber,pdf_table_extracted,pdf_confirmed,no,table,moderate,2026-02-16T22:59:18.366323+00:00,true
doi:10.18419/opus-9385,doi:10.18419/opus-9385-TBL-C316,finding,doi:10.18419/opus-9385-TBL-C316,: 166.8%; Responses: 627,0.6,EMPIRICAL_FINDING,unknown,unknown_with_reason:runtime_table_extractor,responses responses,responses responses,['responses responses'],['responses responses'],[],[],UNRESOLVED:environment:responses_responses,UNRESOLVED:outcome:responses_responses,0.0,0.0,unresolved,unresolved,inferred,0.0,environment_unresolved|outcome_unresolved,env.unresolved.responses_responses,out.unresolved.responses_responses,positive,edge:doi:10.18419/opus-9385-TBL-C316,COHERENCE_SUPPORT,env.unresolved.responses_responses,out.unresolved.responses_responses,0.4,explicit_statement,true,: 166.8%; Responses: 627,explains,0.4,argument:default_contextual,table_claim,association,causal_argument,,,,,,,,table,250,250,: 166.8%; Responses: 627,d88155b054cf699d,TBL-20260216235827-076,11,needs_article_type_verification|translation_inferred|environment_unresolved|outcome_unresolved,codex_pdfplumber,pdf_table_extracted,pdf_confirmed,no,table,moderate,2026-02-16T22:59:18.441855+00:00,true
doi:10.18419/opus-9385,doi:10.18419/opus-9385-TBL-C317,finding,doi:10.18419/opus-9385-TBL-C317,: No; Frequency: 156; Percent: 38.8; Valid Percent: 40.8; Cumulative Percent: 40.8,0.6,EMPIRICAL_FINDING,unknown,unknown_with_reason:runtime_table_extractor,frequency percent valid,frequency percent valid,['frequency percent valid'],['frequency percent valid'],"['low frequency texture:0.591', 'high frequency texture:0.578', 'low spatial frequency content:0.538', 'high spatial frequency content:0.528']",[],UNRESOLVED:environment:frequency_percent_valid,UNRESOLVED:outcome:frequency_percent_valid,0.0,0.0,unresolved,unresolved,inferred,0.5909,environment_unresolved|outcome_unresolved,env.unresolved.frequency_percent_valid,out.unresolved.frequency_percent_valid,positive,edge:doi:10.18419/opus-9385-TBL-C317,COHERENCE_SUPPORT,env.unresolved.frequency_percent_valid,out.unresolved.frequency_percent_valid,0.4,explicit_statement,true,: No; Frequency: 156; Percent: 38.8; Valid Percent: 40.8; Cumulative Percent: 40.8,explains,0.4,argument:default_contextual,table_claim,association,causal_argument,,,,,,,,table,251,251,: No; Frequency: 156; Percent: 38.8; Valid Percent: 40.8; Cumulative Percent: 40.8,2844b196ca8e4c78,TBL-20260216235827-077,0,needs_article_type_verification|translation_inferred|environment_unresolved|outcome_unresolved,codex_pdfplumber,pdf_table_extracted,pdf_confirmed,no,table,moderate,2026-02-16T22:59:18.605410+00:00,true
doi:10.18419/opus-9385,doi:10.18419/opus-9385-TBL-C318,finding,doi:10.18419/opus-9385-TBL-C318,: Yes; Frequency: 96; Percent: 23.9; Valid Percent: 25.1; Cumulative Percent: 66.0,0.6,EMPIRICAL_FINDING,unknown,unknown_with_reason:runtime_table_extractor,yes frequency,yes frequency percent,['yes frequency percent'],['yes frequency percent'],"['low frequency texture:0.667', 'high frequency texture:0.651', 'low spatial frequency content:0.640', 'high spatial frequency content:0.627', 'flicker frequency:0.579']",[],env.v1_013.flicker_frequency,UNRESOLVED:outcome:yes_frequency_percent,0.7333,0.0,fuzzy,unresolved,inferred,0.7333,outcome_unresolved,env.v1_013.flicker_frequency,out.unresolved.yes_frequency_percent,positive,edge:doi:10.18419/opus-9385-TBL-C318,COHERENCE_SUPPORT,env.v1_013.flicker_frequency,out.unresolved.yes_frequency_percent,0.4,explicit_statement,true,: Yes; Frequency: 96; Percent: 23.9; Valid Percent: 25.1; Cumulative Percent: 66.0,explains,0.4,argument:default_contextual,table_claim,association,causal_argument,,,,,,,,table,251,251,: Yes; Frequency: 96; Percent: 23.9; Valid Percent: 25.1; Cumulative Percent: 66.0,0eb8d935f17891fa,TBL-20260216235827-077,1,needs_article_type_verification|translation_inferred|outcome_unresolved,codex_pdfplumber,pdf_table_extracted,pdf_confirmed,no,table,moderate,2026-02-16T22:59:18.686891+00:00,true
doi:10.18419/opus-9385,doi:10.18419/opus-9385-TBL-C319,finding,doi:10.18419/opus-9385-TBL-C319,: Partially; Frequency: 130; Percent: 32.3; Valid Percent: 34.0; Cumulative Percent: 100.0,0.6,EMPIRICAL_FINDING,unknown,unknown_with_reason:runtime_table_extractor,partially frequency percent,partially frequency percent,['partially frequency percent'],['partially frequency percent'],"['low spatial frequency content:0.750', 'high spatial frequency content:0.737', 'low frequency texture:0.625', 'high frequency texture:0.612', 'env.ae.low_spatial_frequency_content:0.603']",[],env.ae.low_spatial_frequency_content,UNRESOLVED:outcome:partially_frequency_percent,0.75,0.0,fuzzy,unresolved,inferred,0.75,outcome_unresolved,env.ae.low_spatial_frequency_content,out.unresolved.partially_frequency_percent,positive,edge:doi:10.18419/opus-9385-TBL-C319,COHERENCE_SUPPORT,env.ae.low_spatial_frequency_content,out.unresolved.partially_frequency_percent,0.4,explicit_statement,true,: Partially; Frequency: 130; Percent: 32.3; Valid Percent: 34.0; Cumulative Percent: 100.0,explains,0.4,argument:default_contextual,table_claim,association,causal_argument,,,,,,,,table,251,251,: Partially; Frequency: 130; Percent: 32.3; Valid Percent: 34.0; Cumulative Percent: 100.0,6d02d090fd82a010,TBL-20260216235827-077,3,needs_article_type_verification|translation_inferred|outcome_unresolved,codex_pdfplumber,pdf_table_extracted,pdf_confirmed,no,table,moderate,2026-02-16T22:59:18.764506+00:00,true
doi:10.18419/opus-9385,doi:10.18419/opus-9385-TBL-C320,finding,doi:10.18419/opus-9385-TBL-C320,: Total; Frequency: 382; Percent: 95.0; Valid Percent: 100.0,0.6,EMPIRICAL_FINDING,unknown,unknown_with_reason:runtime_table_extractor,total frequency percent,total frequency percent,['total frequency percent'],['total frequency percent'],"['low spatial frequency content:0.692', 'low frequency texture:0.682', 'high spatial frequency content:0.679', 'high frequency texture:0.622', 'flicker frequency:0.550']",[],UNRESOLVED:environment:total_frequency_percent,UNRESOLVED:outcome:total_frequency_percent,0.0,0.0,unresolved,unresolved,inferred,0.6923,environment_unresolved|outcome_unresolved,env.unresolved.total_frequency_percent,out.unresolved.total_frequency_percent,positive,edge:doi:10.18419/opus-9385-TBL-C320,COHERENCE_SUPPORT,env.unresolved.total_frequency_percent,out.unresolved.total_frequency_percent,0.4,explicit_statement,true,: Total; Frequency: 382; Percent: 95.0; Valid Percent: 100.0,explains,0.4,argument:default_contextual,table_claim,association,causal_argument,,,,,,,,table,251,251,: Total; Frequency: 382; Percent: 95.0; Valid Percent: 100.0,55957c1c0ecfb604,TBL-20260216235827-077,5,needs_article_type_verification|translation_inferred|environment_unresolved|outcome_unresolved,codex_pdfplumber,pdf_table_extracted,pdf_confirmed,no,table,moderate,2026-02-16T22:59:18.931184+00:00,true
doi:10.18419/opus-9385,doi:10.18419/opus-9385-TBL-C321,finding,doi:10.18419/opus-9385-TBL-C321,Frequency: 20; Percent: 5.0,0.6,EMPIRICAL_FINDING,unknown,unknown_with_reason:runtime_table_extractor,frequency percent frequency,frequency percent frequency,['frequency percent frequency'],['frequency percent frequency'],"['flicker frequency:0.636', 'low frequency texture:0.583', 'high frequency texture:0.571']",[],UNRESOLVED:environment:frequency_percent_frequency,UNRESOLVED:outcome:frequency_percent_frequency,0.0,0.0,unresolved,unresolved,inferred,0.6364,environment_unresolved|outcome_unresolved,env.unresolved.frequency_percent_frequency,out.unresolved.frequency_percent_frequency,positive,edge:doi:10.18419/opus-9385-TBL-C321,COHERENCE_SUPPORT,env.unresolved.frequency_percent_frequency,out.unresolved.frequency_percent_frequency,0.4,explicit_statement,true,Frequency: 20; Percent: 5.0,explains,0.4,argument:default_contextual,table_claim,association,causal_argument,,,,,,,,table,251,251,Frequency: 20; Percent: 5.0,fa9e2401a99427c0,TBL-20260216235827-077,6,needs_article_type_verification|translation_inferred|environment_unresolved|outcome_unresolved,codex_pdfplumber,pdf_table_extracted,pdf_confirmed,no,table,moderate,2026-02-16T22:59:19.092247+00:00,true
doi:10.18419/opus-9385,doi:10.18419/opus-9385-TBL-C323,finding,doi:10.18419/opus-9385-TBL-C323,: Never; Frequency: 82; Percent: 20.4; Valid Percent: 20.5; Cumulative Percent: 20.5,0.6,EMPIRICAL_FINDING,unknown,unknown_with_reason:runtime_table_extractor,never frequency,never frequency percent,['never frequency percent'],['never frequency percent'],"['low frequency texture:0.636', 'high frequency texture:0.622', 'flicker frequency:0.600', 'low spatial frequency content:0.577', 'high spatial frequency content:0.566']",[],env.v1_013.flicker_frequency,UNRESOLVED:outcome:never_frequency_percent,0.75,0.0,fuzzy,unresolved,inferred,0.75,outcome_unresolved,env.v1_013.flicker_frequency,out.unresolved.never_frequency_percent,positive,edge:doi:10.18419/opus-9385-TBL-C323,COHERENCE_SUPPORT,env.v1_013.flicker_frequency,out.unresolved.never_frequency_percent,0.4,explicit_statement,true,: Never; Frequency: 82; Percent: 20.4; Valid Percent: 20.5; Cumulative Percent: 20.5,explains,0.4,argument:default_contextual,table_claim,association,causal_argument,,,,,,,,table,252,252,: Never; Frequency: 82; Percent: 20.4; Valid Percent: 20.5; Cumulative Percent: 20.5,58fe9d969a714292,TBL-20260216235827-079,0,needs_article_type_verification|translation_inferred|outcome_unresolved,codex_pdfplumber,pdf_table_extracted,pdf_confirmed,no,table,moderate,2026-02-16T22:59:19.183511+00:00,true
doi:10.18419/opus-9385,doi:10.18419/opus-9385-TBL-C324,finding,doi:10.18419/opus-9385-TBL-C324,: < 2 hours; Frequency: 143; Percent: 35.6; Valid Percent: 35.8; Cumulative Percent: 56.3,0.6,EMPIRICAL_FINDING,unknown,unknown_with_reason:runtime_table_extractor,hours frequency percent,hours frequency percent,['hours frequency percent'],['hours frequency percent'],"['low frequency texture:0.682', 'high frequency texture:0.667', 'low spatial frequency content:0.654', 'high spatial frequency content:0.642', 'flicker frequency:0.550']",[],UNRESOLVED:environment:hours_frequency_percent,UNRESOLVED:outcome:hours_frequency_percent,0.0,0.0,unresolved,unresolved,inferred,0.6818,environment_unresolved|outcome_unresolved,env.unresolved.hours_frequency_percent,out.unresolved.hours_frequency_percent,positive,edge:doi:10.18419/opus-9385-TBL-C324,COHERENCE_SUPPORT,env.unresolved.hours_frequency_percent,out.unresolved.hours_frequency_percent,0.4,explicit_statement,true,: < 2 hours; Frequency: 143; Percent: 35.6; Valid Percent: 35.8; Cumulative Percent: 56.3,explains,0.4,argument:default_contextual,table_claim,association,causal_argument,,,,,,,,table,252,252,: < 2 hours; Frequency: 143; Percent: 35.6; Valid Percent: 35.8; Cumulative Percent: 56.3,4d90be77992b3029,TBL-20260216235827-079,1,needs_article_type_verification|translation_inferred|environment_unresolved|outcome_unresolved,codex_pdfplumber,pdf_table_extracted,pdf_confirmed,no,table,moderate,2026-02-16T22:59:19.345115+00:00,true
doi:10.18419/opus-9385,doi:10.18419/opus-9385-TBL-C325,finding,doi:10.18419/opus-9385-TBL-C325,: 2-4 hours; Frequency: 74; Percent: 18.4; Valid Percent: 18.5; Cumulative Percent: 74.8,0.6,EMPIRICAL_FINDING,unknown,unknown_with_reason:runtime_table_extractor,hours frequency percent,hours frequency percent,['hours frequency percent'],['hours frequency percent'],"['low frequency texture:0.682', 'high frequency texture:0.667', 'low spatial frequency content:0.654', 'high spatial frequency content:0.642', 'flicker frequency:0.550']",[],UNRESOLVED:environment:hours_frequency_percent,UNRESOLVED:outcome:hours_frequency_percent,0.0,0.0,unresolved,unresolved,inferred,0.6818,environment_unresolved|outcome_unresolved,env.unresolved.hours_frequency_percent,out.unresolved.hours_frequency_percent,positive,edge:doi:10.18419/opus-9385-TBL-C325,COHERENCE_SUPPORT,env.unresolved.hours_frequency_percent,out.unresolved.hours_frequency_percent,0.4,explicit_statement,true,: 2-4 hours; Frequency: 74; Percent: 18.4; Valid Percent: 18.5; Cumulative Percent: 74.8,explains,0.4,argument:default_contextual,table_claim,association,causal_argument,,,,,,,,table,252,252,: 2-4 hours; Frequency: 74; Percent: 18.4; Valid Percent: 18.5; Cumulative Percent: 74.8,dcb3e9e6b073dd64,TBL-20260216235827-079,2,needs_article_type_verification|translation_inferred|environment_unresolved|outcome_unresolved,codex_pdfplumber,pdf_table_extracted,pdf_confirmed,no,table,moderate,2026-02-16T22:59:19.508373+00:00,true
doi:10.18419/opus-9385,doi:10.18419/opus-9385-TBL-C326,finding,doi:10.18419/opus-9385-TBL-C326,: >4-6 hours; Frequency: 53; Percent: 13.2; Valid Percent: 13.3; Cumulative Percent: 88.0,0.6,EMPIRICAL_FINDING,unknown,unknown_with_reason:runtime_table_extractor,hours frequency percent,hours frequency percent,['hours frequency percent'],['hours frequency percent'],"['low frequency texture:0.682', 'high frequency texture:0.667', 'low spatial frequency content:0.654', 'high spatial frequency content:0.642', 'flicker frequency:0.550']",[],UNRESOLVED:environment:hours_frequency_percent,UNRESOLVED:outcome:hours_frequency_percent,0.0,0.0,unresolved,unresolved,inferred,0.6818,environment_unresolved|outcome_unresolved,env.unresolved.hours_frequency_percent,out.unresolved.hours_frequency_percent,positive,edge:doi:10.18419/opus-9385-TBL-C326,COHERENCE_SUPPORT,env.unresolved.hours_frequency_percent,out.unresolved.hours_frequency_percent,0.4,explicit_statement,true,: >4-6 hours; Frequency: 53; Percent: 13.2; Valid Percent: 13.3; Cumulative Percent: 88.0,explains,0.4,argument:default_contextual,table_claim,association,causal_argument,,,,,,,,table,252,252,: >4-6 hours; Frequency: 53; Percent: 13.2; Valid Percent: 13.3; Cumulative Percent: 88.0,1db6e89e6d7842e4,TBL-20260216235827-079,3,needs_article_type_verification|translation_inferred|environment_unresolved|outcome_unresolved,codex_pdfplumber,pdf_table_extracted,pdf_confirmed,no,table,moderate,2026-02-16T22:59:19.671630+00:00,true
doi:10.18419/opus-9385,doi:10.18419/opus-9385-TBL-C327,finding,doi:10.18419/opus-9385-TBL-C327,: > 6 hours; Frequency: 24; Percent: 6.0; Valid Percent: 6.0; Cumulative Percent: 94.0,0.6,EMPIRICAL_FINDING,unknown,unknown_with_reason:runtime_table_extractor,hours frequency percent,hours frequency percent,['hours frequency percent'],['hours frequency percent'],"['low frequency texture:0.682', 'high frequency texture:0.667', 'low spatial frequency content:0.654', 'high spatial frequency content:0.642', 'flicker frequency:0.550']",[],UNRESOLVED:environment:hours_frequency_percent,UNRESOLVED:outcome:hours_frequency_percent,0.0,0.0,unresolved,unresolved,inferred,0.6818,environment_unresolved|outcome_unresolved,env.unresolved.hours_frequency_percent,out.unresolved.hours_frequency_percent,positive,edge:doi:10.18419/opus-9385-TBL-C327,COHERENCE_SUPPORT,env.unresolved.hours_frequency_percent,out.unresolved.hours_frequency_percent,0.4,explicit_statement,true,: > 6 hours; Frequency: 24; Percent: 6.0; Valid Percent: 6.0; Cumulative Percent: 94.0,explains,0.4,argument:default_contextual,table_claim,association,causal_argument,,,,,,,,table,252,252,: > 6 hours; Frequency: 24; Percent: 6.0; Valid Percent: 6.0; Cumulative Percent: 94.0,da2129c5b5633922,TBL-20260216235827-079,4,needs_article_type_verification|translation_inferred|environment_unresolved|outcome_unresolved,codex_pdfplumber,pdf_table_extracted,pdf_confirmed,no,table,moderate,2026-02-16T22:59:19.859831+00:00,true
doi:10.18419/opus-9385,doi:10.18419/opus-9385-TBL-C328,finding,doi:10.18419/opus-9385-TBL-C328,: Always; Frequency: 24; Percent: 6.0; Valid Percent: 6.0; Cumulative Percent: 100.0,0.6,EMPIRICAL_FINDING,unknown,unknown_with_reason:runtime_table_extractor,always frequency percent,always frequency percent,['always frequency percent'],['always frequency percent'],"['low frequency texture:0.711', 'low spatial frequency content:0.642', 'high spatial frequency content:0.630', 'high frequency texture:0.609', 'flicker frequency:0.537']",[],UNRESOLVED:environment:always_frequency_percent,UNRESOLVED:outcome:always_frequency_percent,0.0,0.0,unresolved,unresolved,inferred,0.7111,environment_unresolved|outcome_unresolved,env.unresolved.always_frequency_percent,out.unresolved.always_frequency_percent,positive,edge:doi:10.18419/opus-9385-TBL-C328,COHERENCE_SUPPORT,env.unresolved.always_frequency_percent,out.unresolved.always_frequency_percent,0.4,explicit_statement,true,: Always; Frequency: 24; Percent: 6.0; Valid Percent: 6.0; Cumulative Percent: 100.0,explains,0.4,argument:default_contextual,table_claim,association,causal_argument,,,,,,,,table,252,252,: Always; Frequency: 24; Percent: 6.0; Valid Percent: 6.0; Cumulative Percent: 100.0,8f7e090f3347ce4c,TBL-20260216235827-079,5,needs_article_type_verification|translation_inferred|environment_unresolved|outcome_unresolved,codex_pdfplumber,pdf_table_extracted,pdf_confirmed,no,table,moderate,2026-02-16T22:59:20.029263+00:00,true
doi:10.18419/opus-9385,doi:10.18419/opus-9385-TBL-C332,finding,doi:10.18419/opus-9385-TBL-C332,: Yes; Frequency: 390; Percent: 97; Valid Percent: 97.5; Cumulative Percent: 97.5,0.6,EMPIRICAL_FINDING,unknown,unknown_with_reason:runtime_table_extractor,yes frequency,yes frequency percent,['yes frequency percent'],['yes frequency percent'],"['low frequency texture:0.667', 'high frequency texture:0.651', 'low spatial frequency content:0.640', 'high spatial frequency content:0.627', 'flicker frequency:0.579']",[],env.v1_013.flicker_frequency,UNRESOLVED:outcome:yes_frequency_percent,0.7333,0.0,fuzzy,unresolved,inferred,0.7333,outcome_unresolved,env.v1_013.flicker_frequency,out.unresolved.yes_frequency_percent,positive,edge:doi:10.18419/opus-9385-TBL-C332,COHERENCE_SUPPORT,env.v1_013.flicker_frequency,out.unresolved.yes_frequency_percent,0.4,explicit_statement,true,: Yes; Frequency: 390; Percent: 97; Valid Percent: 97.5; Cumulative Percent: 97.5,explains,0.4,argument:default_contextual,table_claim,association,causal_argument,,,,,,,,table,253,253,: Yes; Frequency: 390; Percent: 97; Valid Percent: 97.5; Cumulative Percent: 97.5,73ff7016bd0a5285,TBL-20260216235828-080,0,needs_article_type_verification|translation_inferred|outcome_unresolved,codex_pdfplumber,pdf_table_extracted,pdf_confirmed,no,table,moderate,2026-02-16T22:59:20.112605+00:00,true
doi:10.18419/opus-9385,doi:10.18419/opus-9385-TBL-C333,finding,doi:10.18419/opus-9385-TBL-C333,: Never; Frequency: 10; Percent: 2.5; Valid Percent: 2.5; Cumulative Percent: 100.0,0.6,EMPIRICAL_FINDING,unknown,unknown_with_reason:runtime_table_extractor,never frequency,never frequency percent,['never frequency percent'],['never frequency percent'],"['low frequency texture:0.636', 'high frequency texture:0.622', 'flicker frequency:0.600', 'low spatial frequency content:0.577', 'high spatial frequency content:0.566']",[],env.v1_013.flicker_frequency,UNRESOLVED:outcome:never_frequency_percent,0.75,0.0,fuzzy,unresolved,inferred,0.75,outcome_unresolved,env.v1_013.flicker_frequency,out.unresolved.never_frequency_percent,positive,edge:doi:10.18419/opus-9385-TBL-C333,COHERENCE_SUPPORT,env.v1_013.flicker_frequency,out.unresolved.never_frequency_percent,0.4,explicit_statement,true,: Never; Frequency: 10; Percent: 2.5; Valid Percent: 2.5; Cumulative Percent: 100.0,explains,0.4,argument:default_contextual,table_claim,association,causal_argument,,,,,,,,table,253,253,: Never; Frequency: 10; Percent: 2.5; Valid Percent: 2.5; Cumulative Percent: 100.0,4e37a674ef2b94c7,TBL-20260216235828-080,1,needs_article_type_verification|translation_inferred|outcome_unresolved,codex_pdfplumber,pdf_table_extracted,pdf_confirmed,no,table,moderate,2026-02-16T22:59:20.203734+00:00,true
doi:10.18419/opus-9385,doi:10.18419/opus-9385-TBL-C335,finding,doi:10.18419/opus-9385-TBL-C335,: 2; Frequency: .5,0.6,EMPIRICAL_FINDING,unknown,unknown_with_reason:runtime_table_extractor,frequency frequency,frequency frequency,['frequency frequency'],['frequency frequency'],"['flicker frequency:0.667', 'low frequency texture:0.600', 'high frequency texture:0.585']",[],UNRESOLVED:environment:frequency_frequency,UNRESOLVED:outcome:frequency_frequency,0.0,0.0,unresolved,unresolved,inferred,0.6667,environment_unresolved|outcome_unresolved,env.unresolved.frequency_frequency,out.unresolved.frequency_frequency,positive,edge:doi:10.18419/opus-9385-TBL-C335,COHERENCE_SUPPORT,env.unresolved.frequency_frequency,out.unresolved.frequency_frequency,0.4,explicit_statement,true,: 2; Frequency: .5,explains,0.4,argument:default_contextual,table_claim,association,causal_argument,,,,,,,,table,253,253,: 2; Frequency: .5,cacade00a959ca77,TBL-20260216235828-080,5,needs_article_type_verification|translation_inferred|environment_unresolved|outcome_unresolved,codex_pdfplumber,pdf_table_extracted,pdf_confirmed,no,table,moderate,2026-02-16T22:59:20.277506+00:00,true
doi:10.18419/opus-9385,doi:10.18419/opus-9385-TBL-C337,finding,doi:10.18419/opus-9385-TBL-C337,: < 2 hours; Frequency: 25; Percent: 6.2; Valid Percent: 6.3; Cumulative Percent: 6.3,0.6,EMPIRICAL_FINDING,unknown,unknown_with_reason:runtime_table_extractor,hours frequency percent,hours frequency percent,['hours frequency percent'],['hours frequency percent'],"['low frequency texture:0.682', 'high frequency texture:0.667', 'low spatial frequency content:0.654', 'high spatial frequency content:0.642', 'flicker frequency:0.550']",[],UNRESOLVED:environment:hours_frequency_percent,UNRESOLVED:outcome:hours_frequency_percent,0.0,0.0,unresolved,unresolved,inferred,0.6818,environment_unresolved|outcome_unresolved,env.unresolved.hours_frequency_percent,out.unresolved.hours_frequency_percent,positive,edge:doi:10.18419/opus-9385-TBL-C337,COHERENCE_SUPPORT,env.unresolved.hours_frequency_percent,out.unresolved.hours_frequency_percent,0.4,explicit_statement,true,: < 2 hours; Frequency: 25; Percent: 6.2; Valid Percent: 6.3; Cumulative Percent: 6.3,explains,0.4,argument:default_contextual,table_claim,association,causal_argument,,,,,,,,table,253,253,: < 2 hours; Frequency: 25; Percent: 6.2; Valid Percent: 6.3; Cumulative Percent: 6.3,2b9d975d6692518a,TBL-20260216235828-082,0,needs_article_type_verification|translation_inferred|environment_unresolved|outcome_unresolved,codex_pdfplumber,pdf_table_extracted,pdf_confirmed,no,table,moderate,2026-02-16T22:59:20.439175+00:00,true
doi:10.18419/opus-9385,doi:10.18419/opus-9385-TBL-C338,finding,doi:10.18419/opus-9385-TBL-C338,: 2-4 hours; Frequency: 41; Percent: 10.2; Valid Percent: 10.4; Cumulative Percent: 16.8,0.6,EMPIRICAL_FINDING,unknown,unknown_with_reason:runtime_table_extractor,hours frequency percent,hours frequency percent,['hours frequency percent'],['hours frequency percent'],"['low frequency texture:0.682', 'high frequency texture:0.667', 'low spatial frequency content:0.654', 'high spatial frequency content:0.642', 'flicker frequency:0.550']",[],UNRESOLVED:environment:hours_frequency_percent,UNRESOLVED:outcome:hours_frequency_percent,0.0,0.0,unresolved,unresolved,inferred,0.6818,environment_unresolved|outcome_unresolved,env.unresolved.hours_frequency_percent,out.unresolved.hours_frequency_percent,positive,edge:doi:10.18419/opus-9385-TBL-C338,COHERENCE_SUPPORT,env.unresolved.hours_frequency_percent,out.unresolved.hours_frequency_percent,0.4,explicit_statement,true,: 2-4 hours; Frequency: 41; Percent: 10.2; Valid Percent: 10.4; Cumulative Percent: 16.8,explains,0.4,argument:default_contextual,table_claim,association,causal_argument,,,,,,,,table,253,253,: 2-4 hours; Frequency: 41; Percent: 10.2; Valid Percent: 10.4; Cumulative Percent: 16.8,2733c4e8e9201bb5,TBL-20260216235828-082,1,needs_article_type_verification|translation_inferred|environment_unresolved|outcome_unresolved,codex_pdfplumber,pdf_table_extracted,pdf_confirmed,no,table,moderate,2026-02-16T22:59:20.600592+00:00,true
doi:10.18419/opus-9385,doi:10.18419/opus-9385-TBL-C339,finding,doi:10.18419/opus-9385-TBL-C339,: >4-6 hours; Frequency: 56; Percent: 13.9; Valid Percent: 14.2; Cumulative Percent: 31.0,0.6,EMPIRICAL_FINDING,unknown,unknown_with_reason:runtime_table_extractor,hours frequency percent,hours frequency percent,['hours frequency percent'],['hours frequency percent'],"['low frequency texture:0.682', 'high frequency texture:0.667', 'low spatial frequency content:0.654', 'high spatial frequency content:0.642', 'flicker frequency:0.550']",[],UNRESOLVED:environment:hours_frequency_percent,UNRESOLVED:outcome:hours_frequency_percent,0.0,0.0,unresolved,unresolved,inferred,0.6818,environment_unresolved|outcome_unresolved,env.unresolved.hours_frequency_percent,out.unresolved.hours_frequency_percent,positive,edge:doi:10.18419/opus-9385-TBL-C339,COHERENCE_SUPPORT,env.unresolved.hours_frequency_percent,out.unresolved.hours_frequency_percent,0.4,explicit_statement,true,: >4-6 hours; Frequency: 56; Percent: 13.9; Valid Percent: 14.2; Cumulative Percent: 31.0,explains,0.4,argument:default_contextual,table_claim,association,causal_argument,,,,,,,,table,253,253,: >4-6 hours; Frequency: 56; Percent: 13.9; Valid Percent: 14.2; Cumulative Percent: 31.0,8100b4a9d8c8020b,TBL-20260216235828-082,2,needs_article_type_verification|translation_inferred|environment_unresolved|outcome_unresolved,codex_pdfplumber,pdf_table_extracted,pdf_confirmed,no,table,moderate,2026-02-16T22:59:20.762654+00:00,true
doi:10.18419/opus-9385,doi:10.18419/opus-9385-TBL-C340,finding,doi:10.18419/opus-9385-TBL-C340,: > 6 hours; Frequency: 122; Percent: 30.3; Valid Percent: 31.0; Cumulative Percent: 61.9,0.6,EMPIRICAL_FINDING,unknown,unknown_with_reason:runtime_table_extractor,hours frequency percent,hours frequency percent,['hours frequency percent'],['hours frequency percent'],"['low frequency texture:0.682', 'high frequency texture:0.667', 'low spatial frequency content:0.654', 'high spatial frequency content:0.642', 'flicker frequency:0.550']",[],UNRESOLVED:environment:hours_frequency_percent,UNRESOLVED:outcome:hours_frequency_percent,0.0,0.0,unresolved,unresolved,inferred,0.6818,environment_unresolved|outcome_unresolved,env.unresolved.hours_frequency_percent,out.unresolved.hours_frequency_percent,positive,edge:doi:10.18419/opus-9385-TBL-C340,COHERENCE_SUPPORT,env.unresolved.hours_frequency_percent,out.unresolved.hours_frequency_percent,0.4,explicit_statement,true,: > 6 hours; Frequency: 122; Percent: 30.3; Valid Percent: 31.0; Cumulative Percent: 61.9,explains,0.4,argument:default_contextual,table_claim,association,causal_argument,,,,,,,,table,253,253,: > 6 hours; Frequency: 122; Percent: 30.3; Valid Percent: 31.0; Cumulative Percent: 61.9,72c221f60484223e,TBL-20260216235828-082,4,needs_article_type_verification|translation_inferred|environment_unresolved|outcome_unresolved,codex_pdfplumber,pdf_table_extracted,pdf_confirmed,no,table,moderate,2026-02-16T22:59:20.924529+00:00,true
doi:10.18419/opus-9385,doi:10.18419/opus-9385-TBL-C341,finding,doi:10.18419/opus-9385-TBL-C341,: Always; Frequency: 150; Percent: 37.3; Valid Percent: 38.1; Cumulative Percent: 100.0,0.6,EMPIRICAL_FINDING,unknown,unknown_with_reason:runtime_table_extractor,always frequency percent,always frequency percent,['always frequency percent'],['always frequency percent'],"['low frequency texture:0.711', 'low spatial frequency content:0.642', 'high spatial frequency content:0.630', 'high frequency texture:0.609', 'flicker frequency:0.537']",[],UNRESOLVED:environment:always_frequency_percent,UNRESOLVED:outcome:always_frequency_percent,0.0,0.0,unresolved,unresolved,inferred,0.7111,environment_unresolved|outcome_unresolved,env.unresolved.always_frequency_percent,out.unresolved.always_frequency_percent,positive,edge:doi:10.18419/opus-9385-TBL-C341,COHERENCE_SUPPORT,env.unresolved.always_frequency_percent,out.unresolved.always_frequency_percent,0.4,explicit_statement,true,: Always; Frequency: 150; Percent: 37.3; Valid Percent: 38.1; Cumulative Percent: 100.0,explains,0.4,argument:default_contextual,table_claim,association,causal_argument,,,,,,,,table,253,253,: Always; Frequency: 150; Percent: 37.3; Valid Percent: 38.1; Cumulative Percent: 100.0,443e31cba6758022,TBL-20260216235828-082,6,needs_article_type_verification|translation_inferred|environment_unresolved|outcome_unresolved,codex_pdfplumber,pdf_table_extracted,pdf_confirmed,no,table,moderate,2026-02-16T22:59:21.088750+00:00,true
doi:10.18419/opus-9385,doi:10.18419/opus-9385-TBL-C342,finding,doi:10.18419/opus-9385-TBL-C342,: Total; Frequency: 394; Percent: 98.0; Valid Percent: 100.0,0.6,EMPIRICAL_FINDING,unknown,unknown_with_reason:runtime_table_extractor,total frequency percent,total frequency percent,['total frequency percent'],['total frequency percent'],"['low spatial frequency content:0.692', 'low frequency texture:0.682', 'high spatial frequency content:0.679', 'high frequency texture:0.622', 'flicker frequency:0.550']",[],UNRESOLVED:environment:total_frequency_percent,UNRESOLVED:outcome:total_frequency_percent,0.0,0.0,unresolved,unresolved,inferred,0.6923,environment_unresolved|outcome_unresolved,env.unresolved.total_frequency_percent,out.unresolved.total_frequency_percent,positive,edge:doi:10.18419/opus-9385-TBL-C342,COHERENCE_SUPPORT,env.unresolved.total_frequency_percent,out.unresolved.total_frequency_percent,0.4,explicit_statement,true,: Total; Frequency: 394; Percent: 98.0; Valid Percent: 100.0,explains,0.4,argument:default_contextual,table_claim,association,causal_argument,,,,,,,,table,253,253,: Total; Frequency: 394; Percent: 98.0; Valid Percent: 100.0,3bce371866122fb4,TBL-20260216235828-082,7,needs_article_type_verification|translation_inferred|environment_unresolved|outcome_unresolved,codex_pdfplumber,pdf_table_extracted,pdf_confirmed,no,table,moderate,2026-02-16T22:59:21.252629+00:00,true
doi:10.18419/opus-9385,doi:10.18419/opus-9385-TBL-C343,finding,doi:10.18419/opus-9385-TBL-C343,Frequency: 8; Percent: 2.0,0.6,EMPIRICAL_FINDING,unknown,unknown_with_reason:runtime_table_extractor,frequency percent percent,frequency percent percent,['frequency percent percent'],['frequency percent percent'],"['low frequency texture:0.565', 'high frequency texture:0.553']",[],UNRESOLVED:environment:frequency_percent_percent,UNRESOLVED:outcome:frequency_percent_percent,0.0,0.0,unresolved,unresolved,inferred,0.5652,environment_unresolved|outcome_unresolved,env.unresolved.frequency_percent_percent,out.unresolved.frequency_percent_percent,positive,edge:doi:10.18419/opus-9385-TBL-C343,COHERENCE_SUPPORT,env.unresolved.frequency_percent_percent,out.unresolved.frequency_percent_percent,0.4,explicit_statement,true,Frequency: 8; Percent: 2.0,explains,0.4,argument:default_contextual,table_claim,association,causal_argument,,,,,,,,table,253,253,Frequency: 8; Percent: 2.0,4cf92b5e6808262e,TBL-20260216235828-082,8,needs_article_type_verification|translation_inferred|environment_unresolved|outcome_unresolved,codex_pdfplumber,pdf_table_extracted,pdf_confirmed,no,table,moderate,2026-02-16T22:59:21.408386+00:00,true
doi:10.18419/opus-9385,doi:10.18419/opus-9385-TBL-C346,finding,doi:10.18419/opus-9385-TBL-C346,: Percent of,0.6,EMPIRICAL_FINDING,unknown,unknown_with_reason:runtime_table_extractor,percent percent,percent percent,['percent percent'],['percent percent'],"['primary centerpiece:0.588', 'periodic pattern:0.581', 'element count:0.571', 'perimeter seating:0.562', 'central hearth:0.552']",['mental performance:0.545'],UNRESOLVED:environment:percent_percent,UNRESOLVED:outcome:percent_percent,0.0,0.0,unresolved,unresolved,inferred,0.5882,environment_unresolved|outcome_unresolved,env.unresolved.percent_percent,out.unresolved.percent_percent,positive,edge:doi:10.18419/opus-9385-TBL-C346,COHERENCE_SUPPORT,env.unresolved.percent_percent,out.unresolved.percent_percent,0.4,explicit_statement,true,: Percent of,explains,0.4,argument:default_contextual,table_claim,association,causal_argument,,,,,,,,table,254,254,: Percent of,0deef23107468dc4,TBL-20260216235828-084,0,needs_article_type_verification|translation_inferred|environment_unresolved|outcome_unresolved,codex_pdfplumber,pdf_table_extracted,pdf_confirmed,no,table,moderate,2026-02-16T22:59:21.474310+00:00,true
doi:10.18419/opus-9385,doi:10.18419/opus-9385-TBL-C347,finding,doi:10.18419/opus-9385-TBL-C347,: Cases; Responses: N,0.6,EMPIRICAL_FINDING,unknown,unknown_with_reason:runtime_table_extractor,cases responses cases,cases responses cases,['cases responses cases'],['cases responses cases'],[],[],UNRESOLVED:environment:cases_responses_cases,UNRESOLVED:outcome:cases_responses_cases,0.0,0.0,unresolved,unresolved,inferred,0.0,environment_unresolved|outcome_unresolved,env.unresolved.cases_responses_cases,out.unresolved.cases_responses_cases,positive,edge:doi:10.18419/opus-9385-TBL-C347,COHERENCE_SUPPORT,env.unresolved.cases_responses_cases,out.unresolved.cases_responses_cases,0.4,explicit_statement,true,: Cases; Responses: N,explains,0.4,argument:default_contextual,table_claim,association,causal_argument,,,,,,,,table,254,254,: Cases; Responses: N,a0e6ca2a1039622e,TBL-20260216235828-084,1,needs_article_type_verification|translation_inferred|environment_unresolved|outcome_unresolved,codex_pdfplumber,pdf_table_extracted,pdf_confirmed,no,table,moderate,2026-02-16T22:59:21.618789+00:00,true
doi:10.18419/opus-9385,doi:10.18419/opus-9385-TBL-C348,finding,doi:10.18419/opus-9385-TBL-C348,: 53.2%; Responses: 210,0.6,EMPIRICAL_FINDING,unknown,unknown_with_reason:runtime_table_extractor,responses responses,responses responses,['responses responses'],['responses responses'],[],[],UNRESOLVED:environment:responses_responses,UNRESOLVED:outcome:responses_responses,0.0,0.0,unresolved,unresolved,inferred,0.0,environment_unresolved|outcome_unresolved,env.unresolved.responses_responses,out.unresolved.responses_responses,positive,edge:doi:10.18419/opus-9385-TBL-C348,COHERENCE_SUPPORT,env.unresolved.responses_responses,out.unresolved.responses_responses,0.4,explicit_statement,true,: 53.2%; Responses: 210,explains,0.4,argument:default_contextual,table_claim,association,causal_argument,,,,,,,,table,254,254,: 53.2%; Responses: 210,9f6fc67d356e1681,TBL-20260216235828-084,2,needs_article_type_verification|translation_inferred|environment_unresolved|outcome_unresolved,codex_pdfplumber,pdf_table_extracted,pdf_confirmed,no,table,moderate,2026-02-16T22:59:21.693243+00:00,true
doi:10.18419/opus-9385,doi:10.18419/opus-9385-TBL-C349,finding,doi:10.18419/opus-9385-TBL-C349,: 83.5%; Responses: 330,0.6,EMPIRICAL_FINDING,unknown,unknown_with_reason:runtime_table_extractor,responses responses,responses responses,['responses responses'],['responses responses'],[],[],UNRESOLVED:environment:responses_responses,UNRESOLVED:outcome:responses_responses,0.0,0.0,unresolved,unresolved,inferred,0.0,environment_unresolved|outcome_unresolved,env.unresolved.responses_responses,out.unresolved.responses_responses,positive,edge:doi:10.18419/opus-9385-TBL-C349,COHERENCE_SUPPORT,env.unresolved.responses_responses,out.unresolved.responses_responses,0.4,explicit_statement,true,: 83.5%; Responses: 330,explains,0.4,argument:default_contextual,table_claim,association,causal_argument,,,,,,,,table,254,254,: 83.5%; Responses: 330,7408905293822ea7,TBL-20260216235828-084,4,needs_article_type_verification|translation_inferred|environment_unresolved|outcome_unresolved,codex_pdfplumber,pdf_table_extracted,pdf_confirmed,no,table,moderate,2026-02-16T22:59:21.767583+00:00,true
doi:10.18419/opus-9385,doi:10.18419/opus-9385-TBL-C350,finding,doi:10.18419/opus-9385-TBL-C350,: 8.1%; Responses: 32,0.6,EMPIRICAL_FINDING,unknown,unknown_with_reason:runtime_table_extractor,responses responses,responses responses,['responses responses'],['responses responses'],[],[],UNRESOLVED:environment:responses_responses,UNRESOLVED:outcome:responses_responses,0.0,0.0,unresolved,unresolved,inferred,0.0,environment_unresolved|outcome_unresolved,env.unresolved.responses_responses,out.unresolved.responses_responses,positive,edge:doi:10.18419/opus-9385-TBL-C350,COHERENCE_SUPPORT,env.unresolved.responses_responses,out.unresolved.responses_responses,0.4,explicit_statement,true,: 8.1%; Responses: 32,explains,0.4,argument:default_contextual,table_claim,association,causal_argument,,,,,,,,table,254,254,: 8.1%; Responses: 32,e9c94aaeb9b46705,TBL-20260216235828-084,8,needs_article_type_verification|translation_inferred|environment_unresolved|outcome_unresolved,codex_pdfplumber,pdf_table_extracted,pdf_confirmed,no,table,moderate,2026-02-16T22:59:21.841457+00:00,true
doi:10.18419/opus-9385,doi:10.18419/opus-9385-TBL-C351,finding,doi:10.18419/opus-9385-TBL-C351,: 3.0%; Responses: 12,0.6,EMPIRICAL_FINDING,unknown,unknown_with_reason:runtime_table_extractor,responses responses,responses responses,['responses responses'],['responses responses'],[],[],UNRESOLVED:environment:responses_responses,UNRESOLVED:outcome:responses_responses,0.0,0.0,unresolved,unresolved,inferred,0.0,environment_unresolved|outcome_unresolved,env.unresolved.responses_responses,out.unresolved.responses_responses,positive,edge:doi:10.18419/opus-9385-TBL-C351,COHERENCE_SUPPORT,env.unresolved.responses_responses,out.unresolved.responses_responses,0.4,explicit_statement,true,: 3.0%; Responses: 12,explains,0.4,argument:default_contextual,table_claim,association,causal_argument,,,,,,,,table,254,254,: 3.0%; Responses: 12,08a4b89755417d1a,TBL-20260216235828-084,10,needs_article_type_verification|translation_inferred|environment_unresolved|outcome_unresolved,codex_pdfplumber,pdf_table_extracted,pdf_confirmed,no,table,moderate,2026-02-16T22:59:21.915131+00:00,true
doi:10.18419/opus-9385,doi:10.18419/opus-9385-TBL-C352,finding,doi:10.18419/opus-9385-TBL-C352,: 147.8%; Responses: 584,0.6,EMPIRICAL_FINDING,unknown,unknown_with_reason:runtime_table_extractor,responses responses,responses responses,['responses responses'],['responses responses'],[],[],UNRESOLVED:environment:responses_responses,UNRESOLVED:outcome:responses_responses,0.0,0.0,unresolved,unresolved,inferred,0.0,environment_unresolved|outcome_unresolved,env.unresolved.responses_responses,out.unresolved.responses_responses,positive,edge:doi:10.18419/opus-9385-TBL-C352,COHERENCE_SUPPORT,env.unresolved.responses_responses,out.unresolved.responses_responses,0.4,explicit_statement,true,: 147.8%; Responses: 584,explains,0.4,argument:default_contextual,table_claim,association,causal_argument,,,,,,,,table,254,254,: 147.8%; Responses: 584,24cec1721ab589f5,TBL-20260216235828-084,11,needs_article_type_verification|translation_inferred|environment_unresolved|outcome_unresolved,codex_pdfplumber,pdf_table_extracted,pdf_confirmed,no,table,moderate,2026-02-16T22:59:21.989144+00:00,true
doi:10.18419/opus-9385,doi:10.18419/opus-9385-TBL-C353,finding,doi:10.18419/opus-9385-TBL-C353,: 1.77; Frequency: 202; Percent: 50.2; Valid Percent: 50.2; Cumulative Percent: 50.2,0.6,EMPIRICAL_FINDING,unknown,unknown_with_reason:runtime_table_extractor,frequency percent valid,frequency percent valid,['frequency percent valid'],['frequency percent valid'],"['low frequency texture:0.591', 'high frequency texture:0.578', 'low spatial frequency content:0.538', 'high spatial frequency content:0.528']",[],UNRESOLVED:environment:frequency_percent_valid,UNRESOLVED:outcome:frequency_percent_valid,0.0,0.0,unresolved,unresolved,inferred,0.5909,environment_unresolved|outcome_unresolved,env.unresolved.frequency_percent_valid,out.unresolved.frequency_percent_valid,positive,edge:doi:10.18419/opus-9385-TBL-C353,COHERENCE_SUPPORT,env.unresolved.frequency_percent_valid,out.unresolved.frequency_percent_valid,0.4,explicit_statement,true,: 1.77; Frequency: 202; Percent: 50.2; Valid Percent: 50.2; Cumulative Percent: 50.2,explains,0.4,argument:default_contextual,table_claim,association,causal_argument,,,,,,,,table,256,256,: 1.77; Frequency: 202; Percent: 50.2; Valid Percent: 50.2; Cumulative Percent: 50.2,251f718f6939edcb,TBL-20260216235828-085,0,needs_article_type_verification|translation_inferred|environment_unresolved|outcome_unresolved,codex_pdfplumber,pdf_table_extracted,pdf_confirmed,no,table,moderate,2026-02-16T22:59:22.150647+00:00,true
doi:10.18419/opus-9385,doi:10.18419/opus-9385-TBL-C354,finding,doi:10.18419/opus-9385-TBL-C354,: 1.50; Frequency: 105; Percent: 26.1; Valid Percent: 26.1; Cumulative Percent: 76.4,0.6,EMPIRICAL_FINDING,unknown,unknown_with_reason:runtime_table_extractor,frequency percent valid,frequency percent valid,['frequency percent valid'],['frequency percent valid'],"['low frequency texture:0.591', 'high frequency texture:0.578', 'low spatial frequency content:0.538', 'high spatial frequency content:0.528']",[],UNRESOLVED:environment:frequency_percent_valid,UNRESOLVED:outcome:frequency_percent_valid,0.0,0.0,unresolved,unresolved,inferred,0.5909,environment_unresolved|outcome_unresolved,env.unresolved.frequency_percent_valid,out.unresolved.frequency_percent_valid,positive,edge:doi:10.18419/opus-9385-TBL-C354,COHERENCE_SUPPORT,env.unresolved.frequency_percent_valid,out.unresolved.frequency_percent_valid,0.4,explicit_statement,true,: 1.50; Frequency: 105; Percent: 26.1; Valid Percent: 26.1; Cumulative Percent: 76.4,explains,0.4,argument:default_contextual,table_claim,association,causal_argument,,,,,,,,table,256,256,: 1.50; Frequency: 105; Percent: 26.1; Valid Percent: 26.1; Cumulative Percent: 76.4,fffa1fce6457efe1,TBL-20260216235828-085,1,needs_article_type_verification|translation_inferred|environment_unresolved|outcome_unresolved,codex_pdfplumber,pdf_table_extracted,pdf_confirmed,no,table,moderate,2026-02-16T22:59:22.312546+00:00,true
doi:10.18419/opus-9385,doi:10.18419/opus-9385-TBL-C355,finding,doi:10.18419/opus-9385-TBL-C355,: 1.00; Frequency: 81; Percent: 20.1; Valid Percent: 20.1; Cumulative Percent: 96.5,0.6,EMPIRICAL_FINDING,unknown,unknown_with_reason:runtime_table_extractor,frequency percent valid,frequency percent valid,['frequency percent valid'],['frequency percent valid'],"['low frequency texture:0.591', 'high frequency texture:0.578', 'low spatial frequency content:0.538', 'high spatial frequency content:0.528']",[],UNRESOLVED:environment:frequency_percent_valid,UNRESOLVED:outcome:frequency_percent_valid,0.0,0.0,unresolved,unresolved,inferred,0.5909,environment_unresolved|outcome_unresolved,env.unresolved.frequency_percent_valid,out.unresolved.frequency_percent_valid,positive,edge:doi:10.18419/opus-9385-TBL-C355,COHERENCE_SUPPORT,env.unresolved.frequency_percent_valid,out.unresolved.frequency_percent_valid,0.4,explicit_statement,true,: 1.00; Frequency: 81; Percent: 20.1; Valid Percent: 20.1; Cumulative Percent: 96.5,explains,0.4,argument:default_contextual,table_claim,association,causal_argument,,,,,,,,table,256,256,: 1.00; Frequency: 81; Percent: 20.1; Valid Percent: 20.1; Cumulative Percent: 96.5,8304576e7db25a81,TBL-20260216235828-085,2,needs_article_type_verification|translation_inferred|environment_unresolved|outcome_unresolved,codex_pdfplumber,pdf_table_extracted,pdf_confirmed,no,table,moderate,2026-02-16T22:59:22.476745+00:00,true
doi:10.18419/opus-9385,doi:10.18419/opus-9385-TBL-C356,finding,doi:10.18419/opus-9385-TBL-C356,: 0.90; Frequency: 13; Percent: 3.2; Valid Percent: 3.2; Cumulative Percent: 99.8,0.6,EMPIRICAL_FINDING,unknown,unknown_with_reason:runtime_table_extractor,frequency percent valid,frequency percent valid,['frequency percent valid'],['frequency percent valid'],"['low frequency texture:0.591', 'high frequency texture:0.578', 'low spatial frequency content:0.538', 'high spatial frequency content:0.528']",[],UNRESOLVED:environment:frequency_percent_valid,UNRESOLVED:outcome:frequency_percent_valid,0.0,0.0,unresolved,unresolved,inferred,0.5909,environment_unresolved|outcome_unresolved,env.unresolved.frequency_percent_valid,out.unresolved.frequency_percent_valid,positive,edge:doi:10.18419/opus-9385-TBL-C356,COHERENCE_SUPPORT,env.unresolved.frequency_percent_valid,out.unresolved.frequency_percent_valid,0.4,explicit_statement,true,: 0.90; Frequency: 13; Percent: 3.2; Valid Percent: 3.2; Cumulative Percent: 99.8,explains,0.4,argument:default_contextual,table_claim,association,causal_argument,,,,,,,,table,256,256,: 0.90; Frequency: 13; Percent: 3.2; Valid Percent: 3.2; Cumulative Percent: 99.8,42f3c31ea4560401,TBL-20260216235828-085,4,needs_article_type_verification|translation_inferred|environment_unresolved|outcome_unresolved,codex_pdfplumber,pdf_table_extracted,pdf_confirmed,no,table,moderate,2026-02-16T22:59:22.640008+00:00,true
doi:10.18419/opus-9385,doi:10.18419/opus-9385-TBL-C357,finding,doi:10.18419/opus-9385-TBL-C357,Frequency: 1; Percent: .2; Valid Percent: .2; Cumulative Percent: 100.0,0.6,EMPIRICAL_FINDING,unknown,unknown_with_reason:runtime_table_extractor,frequency percent valid,frequency percent valid,['frequency percent valid'],['frequency percent valid'],"['low frequency texture:0.591', 'high frequency texture:0.578', 'low spatial frequency content:0.538', 'high spatial frequency content:0.528']",[],UNRESOLVED:environment:frequency_percent_valid,UNRESOLVED:outcome:frequency_percent_valid,0.0,0.0,unresolved,unresolved,inferred,0.5909,environment_unresolved|outcome_unresolved,env.unresolved.frequency_percent_valid,out.unresolved.frequency_percent_valid,positive,edge:doi:10.18419/opus-9385-TBL-C357,COHERENCE_SUPPORT,env.unresolved.frequency_percent_valid,out.unresolved.frequency_percent_valid,0.4,explicit_statement,true,Frequency: 1; Percent: .2; Valid Percent: .2; Cumulative Percent: 100.0,explains,0.4,argument:default_contextual,table_claim,association,causal_argument,,,,,,,,table,256,256,Frequency: 1; Percent: .2; Valid Percent: .2; Cumulative Percent: 100.0,bd982df2a5d47b5e,TBL-20260216235828-085,6,needs_article_type_verification|translation_inferred|environment_unresolved|outcome_unresolved,codex_pdfplumber,pdf_table_extracted,pdf_confirmed,no,table,moderate,2026-02-16T22:59:22.804697+00:00,true
doi:10.18419/opus-9385,doi:10.18419/opus-9385-TBL-C358,finding,doi:10.18419/opus-9385-TBL-C358,Frequency: 402; Percent: 100.0; Valid Percent: 100.0,0.6,EMPIRICAL_FINDING,unknown,unknown_with_reason:runtime_table_extractor,frequency percent valid,frequency percent valid,['frequency percent valid'],['frequency percent valid'],"['low frequency texture:0.591', 'high frequency texture:0.578', 'low spatial frequency content:0.538', 'high spatial frequency content:0.528']",[],UNRESOLVED:environment:frequency_percent_valid,UNRESOLVED:outcome:frequency_percent_valid,0.0,0.0,unresolved,unresolved,inferred,0.5909,environment_unresolved|outcome_unresolved,env.unresolved.frequency_percent_valid,out.unresolved.frequency_percent_valid,positive,edge:doi:10.18419/opus-9385-TBL-C358,COHERENCE_SUPPORT,env.unresolved.frequency_percent_valid,out.unresolved.frequency_percent_valid,0.4,explicit_statement,true,Frequency: 402; Percent: 100.0; Valid Percent: 100.0,explains,0.4,argument:default_contextual,table_claim,association,causal_argument,,,,,,,,table,256,256,Frequency: 402; Percent: 100.0; Valid Percent: 100.0,52cdb67a98639c65,TBL-20260216235828-085,7,needs_article_type_verification|translation_inferred|environment_unresolved|outcome_unresolved,codex_pdfplumber,pdf_table_extracted,pdf_confirmed,no,table,moderate,2026-02-16T22:59:22.968387+00:00,true
doi:10.18419/opus-9385,doi:10.18419/opus-9385-TBL-C362,finding,doi:10.18419/opus-9385-TBL-C362,: 76.3%; Responses: 305,0.6,EMPIRICAL_FINDING,unknown,unknown_with_reason:runtime_table_extractor,responses responses,responses responses,['responses responses'],['responses responses'],[],[],UNRESOLVED:environment:responses_responses,UNRESOLVED:outcome:responses_responses,0.0,0.0,unresolved,unresolved,inferred,0.0,environment_unresolved|outcome_unresolved,env.unresolved.responses_responses,out.unresolved.responses_responses,positive,edge:doi:10.18419/opus-9385-TBL-C362,COHERENCE_SUPPORT,env.unresolved.responses_responses,out.unresolved.responses_responses,0.4,explicit_statement,true,: 76.3%; Responses: 305,explains,0.4,argument:default_contextual,table_claim,association,causal_argument,,,,,,,,table,257,257,: 76.3%; Responses: 305,6939dbc67969ed8e,TBL-20260216235828-087,4,needs_article_type_verification|translation_inferred|environment_unresolved|outcome_unresolved,codex_pdfplumber,pdf_table_extracted,pdf_confirmed,no,table,moderate,2026-02-16T22:59:23.044062+00:00,true
doi:10.18419/opus-9385,doi:10.18419/opus-9385-TBL-C363,finding,doi:10.18419/opus-9385-TBL-C363,: 81.0%; Responses: 324,0.6,EMPIRICAL_FINDING,unknown,unknown_with_reason:runtime_table_extractor,responses responses,responses responses,['responses responses'],['responses responses'],[],[],UNRESOLVED:environment:responses_responses,UNRESOLVED:outcome:responses_responses,0.0,0.0,unresolved,unresolved,inferred,0.0,environment_unresolved|outcome_unresolved,env.unresolved.responses_responses,out.unresolved.responses_responses,positive,edge:doi:10.18419/opus-9385-TBL-C363,COHERENCE_SUPPORT,env.unresolved.responses_responses,out.unresolved.responses_responses,0.4,explicit_statement,true,: 81.0%; Responses: 324,explains,0.4,argument:default_contextual,table_claim,association,causal_argument,,,,,,,,table,257,257,: 81.0%; Responses: 324,a2bc8508e35c8574,TBL-20260216235828-087,5,needs_article_type_verification|translation_inferred|environment_unresolved|outcome_unresolved,codex_pdfplumber,pdf_table_extracted,pdf_confirmed,no,table,moderate,2026-02-16T22:59:23.119237+00:00,true
doi:10.18419/opus-9385,doi:10.18419/opus-9385-TBL-C364,finding,doi:10.18419/opus-9385-TBL-C364,: 33.3%; Responses: 133,0.6,EMPIRICAL_FINDING,unknown,unknown_with_reason:runtime_table_extractor,responses responses,responses responses,['responses responses'],['responses responses'],[],[],UNRESOLVED:environment:responses_responses,UNRESOLVED:outcome:responses_responses,0.0,0.0,unresolved,unresolved,inferred,0.0,environment_unresolved|outcome_unresolved,env.unresolved.responses_responses,out.unresolved.responses_responses,positive,edge:doi:10.18419/opus-9385-TBL-C364,COHERENCE_SUPPORT,env.unresolved.responses_responses,out.unresolved.responses_responses,0.4,explicit_statement,true,: 33.3%; Responses: 133,explains,0.4,argument:default_contextual,table_claim,association,causal_argument,,,,,,,,table,257,257,: 33.3%; Responses: 133,5e30bb75ee358f46,TBL-20260216235828-087,7,needs_article_type_verification|translation_inferred|environment_unresolved|outcome_unresolved,codex_pdfplumber,pdf_table_extracted,pdf_confirmed,no,table,moderate,2026-02-16T22:59:23.194028+00:00,true
doi:10.18419/opus-9385,doi:10.18419/opus-9385-TBL-C365,finding,doi:10.18419/opus-9385-TBL-C365,: 2.8%; Responses: 11,0.6,EMPIRICAL_FINDING,unknown,unknown_with_reason:runtime_table_extractor,responses responses,responses responses,['responses responses'],['responses responses'],[],[],UNRESOLVED:environment:responses_responses,UNRESOLVED:outcome:responses_responses,0.0,0.0,unresolved,unresolved,inferred,0.0,environment_unresolved|outcome_unresolved,env.unresolved.responses_responses,out.unresolved.responses_responses,positive,edge:doi:10.18419/opus-9385-TBL-C365,COHERENCE_SUPPORT,env.unresolved.responses_responses,out.unresolved.responses_responses,0.4,explicit_statement,true,: 2.8%; Responses: 11,explains,0.4,argument:default_contextual,table_claim,association,causal_argument,,,,,,,,table,257,257,: 2.8%; Responses: 11,f656ef49dcbdeb5f,TBL-20260216235828-087,9,needs_article_type_verification|translation_inferred|environment_unresolved|outcome_unresolved,codex_pdfplumber,pdf_table_extracted,pdf_confirmed,no,table,moderate,2026-02-16T22:59:23.268530+00:00,true
doi:10.18419/opus-9385,doi:10.18419/opus-9385-TBL-C366,finding,doi:10.18419/opus-9385-TBL-C366,: 193.3%; Responses: 773,0.6,EMPIRICAL_FINDING,unknown,unknown_with_reason:runtime_table_extractor,responses responses,responses responses,['responses responses'],['responses responses'],[],[],UNRESOLVED:environment:responses_responses,UNRESOLVED:outcome:responses_responses,0.0,0.0,unresolved,unresolved,inferred,0.0,environment_unresolved|outcome_unresolved,env.unresolved.responses_responses,out.unresolved.responses_responses,positive,edge:doi:10.18419/opus-9385-TBL-C366,COHERENCE_SUPPORT,env.unresolved.responses_responses,out.unresolved.responses_responses,0.4,explicit_statement,true,: 193.3%; Responses: 773,explains,0.4,argument:default_contextual,table_claim,association,causal_argument,,,,,,,,table,257,257,: 193.3%; Responses: 773,338e6332b727668f,TBL-20260216235828-087,10,needs_article_type_verification|translation_inferred|environment_unresolved|outcome_unresolved,codex_pdfplumber,pdf_table_extracted,pdf_confirmed,no,table,moderate,2026-02-16T22:59:23.342722+00:00,true
doi:10.18419/opus-9385,doi:10.18419/opus-9385-TBL-C367,finding,doi:10.18419/opus-9385-TBL-C367,: Square; Frequency: 34; Percent: 8.5; Valid Percent: 8.5; Cumulative Percent: 8.5,0.6,EMPIRICAL_FINDING,unknown,unknown_with_reason:runtime_table_extractor,square frequency percent,square frequency percent,['square frequency percent'],['square frequency percent'],"['low spatial frequency content:0.642', 'high spatial frequency content:0.630', 'low frequency texture:0.622', 'high frequency texture:0.609', 'flicker frequency:0.537']",[],UNRESOLVED:environment:square_frequency_percent,UNRESOLVED:outcome:square_frequency_percent,0.0,0.0,unresolved,unresolved,inferred,0.6415,environment_unresolved|outcome_unresolved,env.unresolved.square_frequency_percent,out.unresolved.square_frequency_percent,positive,edge:doi:10.18419/opus-9385-TBL-C367,COHERENCE_SUPPORT,env.unresolved.square_frequency_percent,out.unresolved.square_frequency_percent,0.4,explicit_statement,true,: Square; Frequency: 34; Percent: 8.5; Valid Percent: 8.5; Cumulative Percent: 8.5,explains,0.4,argument:default_contextual,table_claim,association,causal_argument,,,,,,,,table,259,259,: Square; Frequency: 34; Percent: 8.5; Valid Percent: 8.5; Cumulative Percent: 8.5,dbb7bbb2ba83fd19,TBL-20260216235828-088,0,needs_article_type_verification|translation_inferred|environment_unresolved|outcome_unresolved,codex_pdfplumber,pdf_table_extracted,pdf_confirmed,no,table,moderate,2026-02-16T22:59:23.508598+00:00,true
doi:10.18419/opus-9385,doi:10.18419/opus-9385-TBL-C368,finding,doi:10.18419/opus-9385-TBL-C368,: Wide; Frequency: 321; Percent: 79.9; Valid Percent: 79.9; Cumulative Percent: 88.3,0.6,EMPIRICAL_FINDING,unknown,unknown_with_reason:runtime_table_extractor,wide frequency,wide frequency percent,['wide frequency percent'],['wide frequency percent'],"['low frequency texture:0.698', 'high frequency texture:0.682', 'low spatial frequency content:0.667', 'high spatial frequency content:0.615', 'flicker frequency:0.615']",[],env.v1_013.flicker_frequency,UNRESOLVED:outcome:wide_frequency_percent,0.7742,0.0,fuzzy,unresolved,inferred,0.7742,outcome_unresolved,env.v1_013.flicker_frequency,out.unresolved.wide_frequency_percent,positive,edge:doi:10.18419/opus-9385-TBL-C368,COHERENCE_SUPPORT,env.v1_013.flicker_frequency,out.unresolved.wide_frequency_percent,0.4,explicit_statement,true,: Wide; Frequency: 321; Percent: 79.9; Valid Percent: 79.9; Cumulative Percent: 88.3,explains,0.4,argument:default_contextual,table_claim,association,causal_argument,,,,,,,,table,259,259,: Wide; Frequency: 321; Percent: 79.9; Valid Percent: 79.9; Cumulative Percent: 88.3,92cd23c1780d3604,TBL-20260216235828-088,1,needs_article_type_verification|translation_inferred|outcome_unresolved,codex_pdfplumber,pdf_table_extracted,pdf_confirmed,no,table,moderate,2026-02-16T22:59:23.598525+00:00,true
doi:10.18419/opus-9385,doi:10.18419/opus-9385-TBL-C369,finding,doi:10.18419/opus-9385-TBL-C369,: Longitudinal; Frequency: 16; Percent: 4.0; Valid Percent: 4.0; Cumulative Percent: 92.3,0.6,EMPIRICAL_FINDING,unknown,unknown_with_reason:runtime_table_extractor,longitudinal frequency percent,longitudinal frequency percent,['longitudinal frequency percent'],['longitudinal frequency percent'],"['low spatial frequency content:0.678', 'high spatial frequency content:0.633', 'low frequency texture:0.627', 'high frequency texture:0.577', 'env.ae.low_spatial_frequency_content:0.545']",[],UNRESOLVED:environment:longitudinal_frequency_percent,UNRESOLVED:outcome:longitudinal_frequency_percent,0.0,0.0,unresolved,unresolved,inferred,0.678,environment_unresolved|outcome_unresolved,env.unresolved.longitudinal_frequency_percent,out.unresolved.longitudinal_frequency_percent,positive,edge:doi:10.18419/opus-9385-TBL-C369,COHERENCE_SUPPORT,env.unresolved.longitudinal_frequency_percent,out.unresolved.longitudinal_frequency_percent,0.4,explicit_statement,true,: Longitudinal; Frequency: 16; Percent: 4.0; Valid Percent: 4.0; Cumulative Percent: 92.3,explains,0.4,argument:default_contextual,table_claim,association,causal_argument,,,,,,,,table,259,259,: Longitudinal; Frequency: 16; Percent: 4.0; Valid Percent: 4.0; Cumulative Percent: 92.3,c68df155d9f890c1,TBL-20260216235828-088,2,needs_article_type_verification|translation_inferred|environment_unresolved|outcome_unresolved,codex_pdfplumber,pdf_table_extracted,pdf_confirmed,no,table,moderate,2026-02-16T22:59:23.787794+00:00,true
doi:10.18419/opus-9385,doi:10.18419/opus-9385-TBL-C370,finding,doi:10.18419/opus-9385-TBL-C370,: Fragmented; Frequency: 9; Percent: 2.2; Valid Percent: 2.2; Cumulative Percent: 94.5,0.6,EMPIRICAL_FINDING,unknown,unknown_with_reason:runtime_table_extractor,fragmented frequency percent,fragmented frequency percent,['fragmented frequency percent'],['fragmented frequency percent'],"['high frequency texture:0.600', 'low spatial frequency content:0.596', 'high spatial frequency content:0.586', 'low frequency texture:0.571', 'flicker frequency:0.533']",[],UNRESOLVED:environment:fragmented_frequency_percent,UNRESOLVED:outcome:fragmented_frequency_percent,0.0,0.0,unresolved,unresolved,inferred,0.6,environment_unresolved|outcome_unresolved,env.unresolved.fragmented_frequency_percent,out.unresolved.fragmented_frequency_percent,positive,edge:doi:10.18419/opus-9385-TBL-C370,COHERENCE_SUPPORT,env.unresolved.fragmented_frequency_percent,out.unresolved.fragmented_frequency_percent,0.4,explicit_statement,true,: Fragmented; Frequency: 9; Percent: 2.2; Valid Percent: 2.2; Cumulative Percent: 94.5,explains,0.4,argument:default_contextual,table_claim,association,causal_argument,,,,,,,,table,259,259,: Fragmented; Frequency: 9; Percent: 2.2; Valid Percent: 2.2; Cumulative Percent: 94.5,90ee0931c4c58b59,TBL-20260216235828-088,3,needs_article_type_verification|translation_inferred|environment_unresolved|outcome_unresolved,codex_pdfplumber,pdf_table_extracted,pdf_confirmed,no,table,moderate,2026-02-16T22:59:23.970115+00:00,true
doi:10.18419/opus-9385,doi:10.18419/opus-9385-TBL-C371,finding,doi:10.18419/opus-9385-TBL-C371,: Circle; Frequency: 21; Percent: 5.2; Valid Percent: 5.2; Cumulative Percent: 99.8,0.6,EMPIRICAL_FINDING,unknown,unknown_with_reason:runtime_table_extractor,circle frequency,circle frequency percent,['circle frequency percent'],['circle frequency percent'],"['low frequency texture:0.667', 'high frequency texture:0.652', 'low spatial frequency content:0.642', 'high spatial frequency content:0.630', 'flicker frequency:0.585']",[],env.v1_013.flicker_frequency,UNRESOLVED:outcome:circle_frequency_percent,0.7273,0.0,fuzzy,unresolved,inferred,0.7273,outcome_unresolved,env.v1_013.flicker_frequency,out.unresolved.circle_frequency_percent,positive,edge:doi:10.18419/opus-9385-TBL-C371,COHERENCE_SUPPORT,env.v1_013.flicker_frequency,out.unresolved.circle_frequency_percent,0.4,explicit_statement,true,: Circle; Frequency: 21; Percent: 5.2; Valid Percent: 5.2; Cumulative Percent: 99.8,explains,0.4,argument:default_contextual,table_claim,association,causal_argument,,,,,,,,table,259,259,: Circle; Frequency: 21; Percent: 5.2; Valid Percent: 5.2; Cumulative Percent: 99.8,daf7bc5f9a50d8b5,TBL-20260216235828-088,4,needs_article_type_verification|translation_inferred|outcome_unresolved,codex_pdfplumber,pdf_table_extracted,pdf_confirmed,no,table,moderate,2026-02-16T22:59:24.068551+00:00,true
doi:10.18419/opus-9385,doi:10.18419/opus-9385-TBL-C377,finding,doi:10.18419/opus-9385-TBL-C377,: 80.3%; Responses: 321,0.6,EMPIRICAL_FINDING,unknown,unknown_with_reason:runtime_table_extractor,responses responses,responses responses,['responses responses'],['responses responses'],[],[],UNRESOLVED:environment:responses_responses,UNRESOLVED:outcome:responses_responses,0.0,0.0,unresolved,unresolved,inferred,0.0,environment_unresolved|outcome_unresolved,env.unresolved.responses_responses,out.unresolved.responses_responses,positive,edge:doi:10.18419/opus-9385-TBL-C377,COHERENCE_SUPPORT,env.unresolved.responses_responses,out.unresolved.responses_responses,0.4,explicit_statement,true,: 80.3%; Responses: 321,explains,0.4,argument:default_contextual,table_claim,association,causal_argument,,,,,,,,table,259,259,: 80.3%; Responses: 321,db986b210042d8bb,TBL-20260216235828-090,3,needs_article_type_verification|translation_inferred|environment_unresolved|outcome_unresolved,codex_pdfplumber,pdf_table_extracted,pdf_confirmed,no,table,moderate,2026-02-16T22:59:24.143634+00:00,true
doi:10.18419/opus-9385,doi:10.18419/opus-9385-TBL-C378,finding,doi:10.18419/opus-9385-TBL-C378,: 56.3%; Responses: 225,0.6,EMPIRICAL_FINDING,unknown,unknown_with_reason:runtime_table_extractor,responses responses,responses responses,['responses responses'],['responses responses'],[],[],UNRESOLVED:environment:responses_responses,UNRESOLVED:outcome:responses_responses,0.0,0.0,unresolved,unresolved,inferred,0.0,environment_unresolved|outcome_unresolved,env.unresolved.responses_responses,out.unresolved.responses_responses,positive,edge:doi:10.18419/opus-9385-TBL-C378,COHERENCE_SUPPORT,env.unresolved.responses_responses,out.unresolved.responses_responses,0.4,explicit_statement,true,: 56.3%; Responses: 225,explains,0.4,argument:default_contextual,table_claim,association,causal_argument,,,,,,,,table,259,259,: 56.3%; Responses: 225,e5d587cff3c65a06,TBL-20260216235828-090,4,needs_article_type_verification|translation_inferred|environment_unresolved|outcome_unresolved,codex_pdfplumber,pdf_table_extracted,pdf_confirmed,no,table,moderate,2026-02-16T22:59:24.217583+00:00,true
doi:10.18419/opus-9385,doi:10.18419/opus-9385-TBL-C379,finding,doi:10.18419/opus-9385-TBL-C379,: 15.8%; Responses: 63,0.6,EMPIRICAL_FINDING,unknown,unknown_with_reason:runtime_table_extractor,responses responses,responses responses,['responses responses'],['responses responses'],[],[],UNRESOLVED:environment:responses_responses,UNRESOLVED:outcome:responses_responses,0.0,0.0,unresolved,unresolved,inferred,0.0,environment_unresolved|outcome_unresolved,env.unresolved.responses_responses,out.unresolved.responses_responses,positive,edge:doi:10.18419/opus-9385-TBL-C379,COHERENCE_SUPPORT,env.unresolved.responses_responses,out.unresolved.responses_responses,0.4,explicit_statement,true,: 15.8%; Responses: 63,explains,0.4,argument:default_contextual,table_claim,association,causal_argument,,,,,,,,table,259,259,: 15.8%; Responses: 63,f2879fabd1c57a8e,TBL-20260216235828-090,6,needs_article_type_verification|translation_inferred|environment_unresolved|outcome_unresolved,codex_pdfplumber,pdf_table_extracted,pdf_confirmed,no,table,moderate,2026-02-16T22:59:24.291575+00:00,true
doi:10.18419/opus-9385,doi:10.18419/opus-9385-TBL-C380,finding,doi:10.18419/opus-9385-TBL-C380,: 4.5%; Responses: 18,0.6,EMPIRICAL_FINDING,unknown,unknown_with_reason:runtime_table_extractor,responses responses,responses responses,['responses responses'],['responses responses'],[],[],UNRESOLVED:environment:responses_responses,UNRESOLVED:outcome:responses_responses,0.0,0.0,unresolved,unresolved,inferred,0.0,environment_unresolved|outcome_unresolved,env.unresolved.responses_responses,out.unresolved.responses_responses,positive,edge:doi:10.18419/opus-9385-TBL-C380,COHERENCE_SUPPORT,env.unresolved.responses_responses,out.unresolved.responses_responses,0.4,explicit_statement,true,: 4.5%; Responses: 18,explains,0.4,argument:default_contextual,table_claim,association,causal_argument,,,,,,,,table,259,259,: 4.5%; Responses: 18,3f193c258dd1a745,TBL-20260216235828-090,8,needs_article_type_verification|translation_inferred|environment_unresolved|outcome_unresolved,codex_pdfplumber,pdf_table_extracted,pdf_confirmed,no,table,moderate,2026-02-16T22:59:24.366725+00:00,true
doi:10.18419/opus-9385,doi:10.18419/opus-9385-TBL-C381,finding,doi:10.18419/opus-9385-TBL-C381,: 156.8%; Responses: 627,0.6,EMPIRICAL_FINDING,unknown,unknown_with_reason:runtime_table_extractor,responses responses,responses responses,['responses responses'],['responses responses'],[],[],UNRESOLVED:environment:responses_responses,UNRESOLVED:outcome:responses_responses,0.0,0.0,unresolved,unresolved,inferred,0.0,environment_unresolved|outcome_unresolved,env.unresolved.responses_responses,out.unresolved.responses_responses,positive,edge:doi:10.18419/opus-9385-TBL-C381,COHERENCE_SUPPORT,env.unresolved.responses_responses,out.unresolved.responses_responses,0.4,explicit_statement,true,: 156.8%; Responses: 627,explains,0.4,argument:default_contextual,table_claim,association,causal_argument,,,,,,,,table,259,259,: 156.8%; Responses: 627,392408ff885f7f54,TBL-20260216235828-090,9,needs_article_type_verification|translation_inferred|environment_unresolved|outcome_unresolved,codex_pdfplumber,pdf_table_extracted,pdf_confirmed,no,table,moderate,2026-02-16T22:59:24.442363+00:00,true
doi:10.18419/opus-9385,doi:10.18419/opus-9385-TBL-C382,finding,doi:10.18419/opus-9385-TBL-C382,Frequency: 5; Percent: 1.2; Valid Percent: 1.3; Cumulative Percent: 1.3,0.6,EMPIRICAL_FINDING,unknown,unknown_with_reason:runtime_table_extractor,frequency percent valid,frequency percent valid,['frequency percent valid'],['frequency percent valid'],"['low frequency texture:0.591', 'high frequency texture:0.578', 'low spatial frequency content:0.538', 'high spatial frequency content:0.528']",[],UNRESOLVED:environment:frequency_percent_valid,UNRESOLVED:outcome:frequency_percent_valid,0.0,0.0,unresolved,unresolved,inferred,0.5909,environment_unresolved|outcome_unresolved,env.unresolved.frequency_percent_valid,out.unresolved.frequency_percent_valid,positive,edge:doi:10.18419/opus-9385-TBL-C382,COHERENCE_SUPPORT,env.unresolved.frequency_percent_valid,out.unresolved.frequency_percent_valid,0.4,explicit_statement,true,Frequency: 5; Percent: 1.2; Valid Percent: 1.3; Cumulative Percent: 1.3,explains,0.4,argument:default_contextual,table_claim,association,causal_argument,,,,,,,,table,261,261,Frequency: 5; Percent: 1.2; Valid Percent: 1.3; Cumulative Percent: 1.3,3128ca8b3b0c8a73,TBL-20260216235828-091,0,needs_article_type_verification|translation_inferred|environment_unresolved|outcome_unresolved,codex_pdfplumber,pdf_table_extracted,pdf_confirmed,no,table,moderate,2026-02-16T22:59:24.605029+00:00,true
doi:10.18419/opus-9385,doi:10.18419/opus-9385-TBL-C383,finding,doi:10.18419/opus-9385-TBL-C383,: 4.60; Frequency: 2; Percent: .5; Valid Percent: .5; Cumulative Percent: 1.8,0.6,EMPIRICAL_FINDING,unknown,unknown_with_reason:runtime_table_extractor,frequency percent valid,frequency percent valid,['frequency percent valid'],['frequency percent valid'],"['low frequency texture:0.591', 'high frequency texture:0.578', 'low spatial frequency content:0.538', 'high spatial frequency content:0.528']",[],UNRESOLVED:environment:frequency_percent_valid,UNRESOLVED:outcome:frequency_percent_valid,0.0,0.0,unresolved,unresolved,inferred,0.5909,environment_unresolved|outcome_unresolved,env.unresolved.frequency_percent_valid,out.unresolved.frequency_percent_valid,positive,edge:doi:10.18419/opus-9385-TBL-C383,COHERENCE_SUPPORT,env.unresolved.frequency_percent_valid,out.unresolved.frequency_percent_valid,0.4,explicit_statement,true,: 4.60; Frequency: 2; Percent: .5; Valid Percent: .5; Cumulative Percent: 1.8,explains,0.4,argument:default_contextual,table_claim,association,causal_argument,,,,,,,,table,261,261,: 4.60; Frequency: 2; Percent: .5; Valid Percent: .5; Cumulative Percent: 1.8,24df342e27ec4ad8,TBL-20260216235828-091,1,needs_article_type_verification|translation_inferred|environment_unresolved|outcome_unresolved,codex_pdfplumber,pdf_table_extracted,pdf_confirmed,no,table,moderate,2026-02-16T22:59:24.767641+00:00,true
doi:10.18419/opus-9385,doi:10.18419/opus-9385-TBL-C384,finding,doi:10.18419/opus-9385-TBL-C384,: 5.00; Frequency: 26; Percent: 6.5; Valid Percent: 6.5; Cumulative Percent: 8.3,0.6,EMPIRICAL_FINDING,unknown,unknown_with_reason:runtime_table_extractor,frequency percent valid,frequency percent valid,['frequency percent valid'],['frequency percent valid'],"['low frequency texture:0.591', 'high frequency texture:0.578', 'low spatial frequency content:0.538', 'high spatial frequency content:0.528']",[],UNRESOLVED:environment:frequency_percent_valid,UNRESOLVED:outcome:frequency_percent_valid,0.0,0.0,unresolved,unresolved,inferred,0.5909,environment_unresolved|outcome_unresolved,env.unresolved.frequency_percent_valid,out.unresolved.frequency_percent_valid,positive,edge:doi:10.18419/opus-9385-TBL-C384,COHERENCE_SUPPORT,env.unresolved.frequency_percent_valid,out.unresolved.frequency_percent_valid,0.4,explicit_statement,true,: 5.00; Frequency: 26; Percent: 6.5; Valid Percent: 6.5; Cumulative Percent: 8.3,explains,0.4,argument:default_contextual,table_claim,association,causal_argument,,,,,,,,table,261,261,: 5.00; Frequency: 26; Percent: 6.5; Valid Percent: 6.5; Cumulative Percent: 8.3,348a116320abf9d9,TBL-20260216235828-091,2,needs_article_type_verification|translation_inferred|environment_unresolved|outcome_unresolved,codex_pdfplumber,pdf_table_extracted,pdf_confirmed,no,table,moderate,2026-02-16T22:59:24.928572+00:00,true
doi:10.18419/opus-9385,doi:10.18419/opus-9385-TBL-C385,finding,doi:10.18419/opus-9385-TBL-C385,: 5.00; Frequency: 85; Percent: 21.1; Valid Percent: 21.3; Cumulative Percent: 29.5,0.6,EMPIRICAL_FINDING,unknown,unknown_with_reason:runtime_table_extractor,frequency percent valid,frequency percent valid,['frequency percent valid'],['frequency percent valid'],"['low frequency texture:0.591', 'high frequency texture:0.578', 'low spatial frequency content:0.538', 'high spatial frequency content:0.528']",[],UNRESOLVED:environment:frequency_percent_valid,UNRESOLVED:outcome:frequency_percent_valid,0.0,0.0,unresolved,unresolved,inferred,0.5909,environment_unresolved|outcome_unresolved,env.unresolved.frequency_percent_valid,out.unresolved.frequency_percent_valid,positive,edge:doi:10.18419/opus-9385-TBL-C385,COHERENCE_SUPPORT,env.unresolved.frequency_percent_valid,out.unresolved.frequency_percent_valid,0.4,explicit_statement,true,: 5.00; Frequency: 85; Percent: 21.1; Valid Percent: 21.3; Cumulative Percent: 29.5,explains,0.4,argument:default_contextual,table_claim,association,causal_argument,,,,,,,,table,261,261,: 5.00; Frequency: 85; Percent: 21.1; Valid Percent: 21.3; Cumulative Percent: 29.5,e22d62affbcde0c8,TBL-20260216235828-091,3,needs_article_type_verification|translation_inferred|environment_unresolved|outcome_unresolved,codex_pdfplumber,pdf_table_extracted,pdf_confirmed,no,table,moderate,2026-02-16T22:59:25.089425+00:00,true
doi:10.18419/opus-9385,doi:10.18419/opus-9385-TBL-C386,finding,doi:10.18419/opus-9385-TBL-C386,: 0.75; Frequency: 281; Percent: 69.9; Valid Percent: 70.3; Cumulative Percent: 99.8,0.6,EMPIRICAL_FINDING,unknown,unknown_with_reason:runtime_table_extractor,frequency percent valid,frequency percent valid,['frequency percent valid'],['frequency percent valid'],"['low frequency texture:0.591', 'high frequency texture:0.578', 'low spatial frequency content:0.538', 'high spatial frequency content:0.528']",[],UNRESOLVED:environment:frequency_percent_valid,UNRESOLVED:outcome:frequency_percent_valid,0.0,0.0,unresolved,unresolved,inferred,0.5909,environment_unresolved|outcome_unresolved,env.unresolved.frequency_percent_valid,out.unresolved.frequency_percent_valid,positive,edge:doi:10.18419/opus-9385-TBL-C386,COHERENCE_SUPPORT,env.unresolved.frequency_percent_valid,out.unresolved.frequency_percent_valid,0.4,explicit_statement,true,: 0.75; Frequency: 281; Percent: 69.9; Valid Percent: 70.3; Cumulative Percent: 99.8,explains,0.4,argument:default_contextual,table_claim,association,causal_argument,,,,,,,,table,261,261,: 0.75; Frequency: 281; Percent: 69.9; Valid Percent: 70.3; Cumulative Percent: 99.8,99775264472eb7cb,TBL-20260216235828-091,4,needs_article_type_verification|translation_inferred|environment_unresolved|outcome_unresolved,codex_pdfplumber,pdf_table_extracted,pdf_confirmed,no,table,moderate,2026-02-16T22:59:25.251340+00:00,true
doi:10.18419/opus-9385,doi:10.18419/opus-9385-TBL-C387,finding,doi:10.18419/opus-9385-TBL-C387,Frequency: 1; Percent: .2; Valid Percent: .3; Cumulative Percent: 100.0,0.6,EMPIRICAL_FINDING,unknown,unknown_with_reason:runtime_table_extractor,frequency percent valid,frequency percent valid,['frequency percent valid'],['frequency percent valid'],"['low frequency texture:0.591', 'high frequency texture:0.578', 'low spatial frequency content:0.538', 'high spatial frequency content:0.528']",[],UNRESOLVED:environment:frequency_percent_valid,UNRESOLVED:outcome:frequency_percent_valid,0.0,0.0,unresolved,unresolved,inferred,0.5909,environment_unresolved|outcome_unresolved,env.unresolved.frequency_percent_valid,out.unresolved.frequency_percent_valid,positive,edge:doi:10.18419/opus-9385-TBL-C387,COHERENCE_SUPPORT,env.unresolved.frequency_percent_valid,out.unresolved.frequency_percent_valid,0.4,explicit_statement,true,Frequency: 1; Percent: .2; Valid Percent: .3; Cumulative Percent: 100.0,explains,0.4,argument:default_contextual,table_claim,association,causal_argument,,,,,,,,table,261,261,Frequency: 1; Percent: .2; Valid Percent: .3; Cumulative Percent: 100.0,9624d672e95774ff,TBL-20260216235828-091,5,needs_article_type_verification|translation_inferred|environment_unresolved|outcome_unresolved,codex_pdfplumber,pdf_table_extracted,pdf_confirmed,no,table,moderate,2026-02-16T22:59:25.412863+00:00,true
doi:10.18419/opus-9385,doi:10.18419/opus-9385-TBL-C388,finding,doi:10.18419/opus-9385-TBL-C388,Frequency: 400; Percent: 99.5; Valid Percent: 100.0,0.6,EMPIRICAL_FINDING,unknown,unknown_with_reason:runtime_table_extractor,frequency percent valid,frequency percent valid,['frequency percent valid'],['frequency percent valid'],"['low frequency texture:0.591', 'high frequency texture:0.578', 'low spatial frequency content:0.538', 'high spatial frequency content:0.528']",[],UNRESOLVED:environment:frequency_percent_valid,UNRESOLVED:outcome:frequency_percent_valid,0.0,0.0,unresolved,unresolved,inferred,0.5909,environment_unresolved|outcome_unresolved,env.unresolved.frequency_percent_valid,out.unresolved.frequency_percent_valid,positive,edge:doi:10.18419/opus-9385-TBL-C388,COHERENCE_SUPPORT,env.unresolved.frequency_percent_valid,out.unresolved.frequency_percent_valid,0.4,explicit_statement,true,Frequency: 400; Percent: 99.5; Valid Percent: 100.0,explains,0.4,argument:default_contextual,table_claim,association,causal_argument,,,,,,,,table,261,261,Frequency: 400; Percent: 99.5; Valid Percent: 100.0,bb3c5926cc0e79b3,TBL-20260216235828-091,6,needs_article_type_verification|translation_inferred|environment_unresolved|outcome_unresolved,codex_pdfplumber,pdf_table_extracted,pdf_confirmed,no,table,moderate,2026-02-16T22:59:25.573872+00:00,true
doi:10.18419/opus-9385,doi:10.18419/opus-9385-TBL-C394,finding,doi:10.18419/opus-9385-TBL-C394,: 61.2%; Responses: 246,0.6,EMPIRICAL_FINDING,unknown,unknown_with_reason:runtime_table_extractor,responses responses,responses responses,['responses responses'],['responses responses'],[],[],UNRESOLVED:environment:responses_responses,UNRESOLVED:outcome:responses_responses,0.0,0.0,unresolved,unresolved,inferred,0.0,environment_unresolved|outcome_unresolved,env.unresolved.responses_responses,out.unresolved.responses_responses,positive,edge:doi:10.18419/opus-9385-TBL-C394,COHERENCE_SUPPORT,env.unresolved.responses_responses,out.unresolved.responses_responses,0.4,explicit_statement,true,: 61.2%; Responses: 246,explains,0.4,argument:default_contextual,table_claim,association,causal_argument,,,,,,,,table,262,262,: 61.2%; Responses: 246,cca3b9ff994ba322,TBL-20260216235828-093,2,needs_article_type_verification|translation_inferred|environment_unresolved|outcome_unresolved,codex_pdfplumber,pdf_table_extracted,pdf_confirmed,no,table,moderate,2026-02-16T22:59:25.647818+00:00,true
doi:10.18419/opus-9385,doi:10.18419/opus-9385-TBL-C395,finding,doi:10.18419/opus-9385-TBL-C395,: 72.4%; Responses: 291,0.6,EMPIRICAL_FINDING,unknown,unknown_with_reason:runtime_table_extractor,responses responses,responses responses,['responses responses'],['responses responses'],[],[],UNRESOLVED:environment:responses_responses,UNRESOLVED:outcome:responses_responses,0.0,0.0,unresolved,unresolved,inferred,0.0,environment_unresolved|outcome_unresolved,env.unresolved.responses_responses,out.unresolved.responses_responses,positive,edge:doi:10.18419/opus-9385-TBL-C395,COHERENCE_SUPPORT,env.unresolved.responses_responses,out.unresolved.responses_responses,0.4,explicit_statement,true,: 72.4%; Responses: 291,explains,0.4,argument:default_contextual,table_claim,association,causal_argument,,,,,,,,table,262,262,: 72.4%; Responses: 291,96bb1882042c2f28,TBL-20260216235828-093,3,needs_article_type_verification|translation_inferred|environment_unresolved|outcome_unresolved,codex_pdfplumber,pdf_table_extracted,pdf_confirmed,no,table,moderate,2026-02-16T22:59:25.721766+00:00,true
doi:10.18419/opus-9385,doi:10.18419/opus-9385-TBL-C396,finding,doi:10.18419/opus-9385-TBL-C396,: 32.3%; Responses: 130,0.6,EMPIRICAL_FINDING,unknown,unknown_with_reason:runtime_table_extractor,responses responses,responses responses,['responses responses'],['responses responses'],[],[],UNRESOLVED:environment:responses_responses,UNRESOLVED:outcome:responses_responses,0.0,0.0,unresolved,unresolved,inferred,0.0,environment_unresolved|outcome_unresolved,env.unresolved.responses_responses,out.unresolved.responses_responses,positive,edge:doi:10.18419/opus-9385-TBL-C396,COHERENCE_SUPPORT,env.unresolved.responses_responses,out.unresolved.responses_responses,0.4,explicit_statement,true,: 32.3%; Responses: 130,explains,0.4,argument:default_contextual,table_claim,association,causal_argument,,,,,,,,table,262,262,: 32.3%; Responses: 130,a07a7caff9628f0b,TBL-20260216235828-093,4,needs_article_type_verification|translation_inferred|environment_unresolved|outcome_unresolved,codex_pdfplumber,pdf_table_extracted,pdf_confirmed,no,table,moderate,2026-02-16T22:59:25.795918+00:00,true
doi:10.18419/opus-9385,doi:10.18419/opus-9385-TBL-C397,finding,doi:10.18419/opus-9385-TBL-C397,: 45.5%; Responses: 183,0.6,EMPIRICAL_FINDING,unknown,unknown_with_reason:runtime_table_extractor,responses responses,responses responses,['responses responses'],['responses responses'],[],[],UNRESOLVED:environment:responses_responses,UNRESOLVED:outcome:responses_responses,0.0,0.0,unresolved,unresolved,inferred,0.0,environment_unresolved|outcome_unresolved,env.unresolved.responses_responses,out.unresolved.responses_responses,positive,edge:doi:10.18419/opus-9385-TBL-C397,COHERENCE_SUPPORT,env.unresolved.responses_responses,out.unresolved.responses_responses,0.4,explicit_statement,true,: 45.5%; Responses: 183,explains,0.4,argument:default_contextual,table_claim,association,causal_argument,,,,,,,,table,262,262,: 45.5%; Responses: 183,d27a49d8e553684a,TBL-20260216235828-093,5,needs_article_type_verification|translation_inferred|environment_unresolved|outcome_unresolved,codex_pdfplumber,pdf_table_extracted,pdf_confirmed,no,table,moderate,2026-02-16T22:59:25.869948+00:00,true
doi:10.18419/opus-9385,doi:10.18419/opus-9385-TBL-C398,finding,doi:10.18419/opus-9385-TBL-C398,: 24.4%; Responses: 98,0.6,EMPIRICAL_FINDING,unknown,unknown_with_reason:runtime_table_extractor,responses responses,responses responses,['responses responses'],['responses responses'],[],[],UNRESOLVED:environment:responses_responses,UNRESOLVED:outcome:responses_responses,0.0,0.0,unresolved,unresolved,inferred,0.0,environment_unresolved|outcome_unresolved,env.unresolved.responses_responses,out.unresolved.responses_responses,positive,edge:doi:10.18419/opus-9385-TBL-C398,COHERENCE_SUPPORT,env.unresolved.responses_responses,out.unresolved.responses_responses,0.4,explicit_statement,true,: 24.4%; Responses: 98,explains,0.4,argument:default_contextual,table_claim,association,causal_argument,,,,,,,,table,262,262,: 24.4%; Responses: 98,6aa81f2b1a59edb4,TBL-20260216235828-093,7,needs_article_type_verification|translation_inferred|environment_unresolved|outcome_unresolved,codex_pdfplumber,pdf_table_extracted,pdf_confirmed,no,table,moderate,2026-02-16T22:59:25.944063+00:00,true
doi:10.18419/opus-9385,doi:10.18419/opus-9385-TBL-C399,finding,doi:10.18419/opus-9385-TBL-C399,: 6.2%; Responses: 25,0.6,EMPIRICAL_FINDING,unknown,unknown_with_reason:runtime_table_extractor,responses responses,responses responses,['responses responses'],['responses responses'],[],[],UNRESOLVED:environment:responses_responses,UNRESOLVED:outcome:responses_responses,0.0,0.0,unresolved,unresolved,inferred,0.0,environment_unresolved|outcome_unresolved,env.unresolved.responses_responses,out.unresolved.responses_responses,positive,edge:doi:10.18419/opus-9385-TBL-C399,COHERENCE_SUPPORT,env.unresolved.responses_responses,out.unresolved.responses_responses,0.4,explicit_statement,true,: 6.2%; Responses: 25,explains,0.4,argument:default_contextual,table_claim,association,causal_argument,,,,,,,,table,262,262,: 6.2%; Responses: 25,1c98d807aed4e224,TBL-20260216235828-093,11,needs_article_type_verification|translation_inferred|environment_unresolved|outcome_unresolved,codex_pdfplumber,pdf_table_extracted,pdf_confirmed,no,table,moderate,2026-02-16T22:59:26.017653+00:00,true
doi:10.18419/opus-9385,doi:10.18419/opus-9385-TBL-C400,finding,doi:10.18419/opus-9385-TBL-C400,: 0.7%; Responses: 3,0.6,EMPIRICAL_FINDING,unknown,unknown_with_reason:runtime_table_extractor,responses,responses,['responses'],['responses'],"['reds and oranges:0.560', 'brick exposed:0.545']","['stress levels:0.545', 'stress:0.533']",UNRESOLVED:environment:responses,UNRESOLVED:outcome:responses,0.0,0.0,unresolved,unresolved,inferred,0.56,environment_unresolved|outcome_unresolved,env.unresolved.responses,out.unresolved.responses,positive,edge:doi:10.18419/opus-9385-TBL-C400,COHERENCE_SUPPORT,env.unresolved.responses,out.unresolved.responses,0.4,explicit_statement,true,: 0.7%; Responses: 3,explains,0.4,argument:default_contextual,table_claim,association,causal_argument,,,,,,,,table,262,262,: 0.7%; Responses: 3,021b3a7222015b55,TBL-20260216235828-093,12,needs_article_type_verification|translation_inferred|environment_unresolved|outcome_unresolved,codex_pdfplumber,pdf_table_extracted,pdf_confirmed,no,table,moderate,2026-02-16T22:59:26.054547+00:00,true
doi:10.18419/opus-9385,doi:10.18419/opus-9385-TBL-C401,finding,doi:10.18419/opus-9385-TBL-C401,: 242.8%; Responses: 976,0.6,EMPIRICAL_FINDING,unknown,unknown_with_reason:runtime_table_extractor,responses responses,responses responses,['responses responses'],['responses responses'],[],[],UNRESOLVED:environment:responses_responses,UNRESOLVED:outcome:responses_responses,0.0,0.0,unresolved,unresolved,inferred,0.0,environment_unresolved|outcome_unresolved,env.unresolved.responses_responses,out.unresolved.responses_responses,positive,edge:doi:10.18419/opus-9385-TBL-C401,COHERENCE_SUPPORT,env.unresolved.responses_responses,out.unresolved.responses_responses,0.4,explicit_statement,true,: 242.8%; Responses: 976,explains,0.4,argument:default_contextual,table_claim,association,causal_argument,,,,,,,,table,262,262,: 242.8%; Responses: 976,5cd11ff3b64b9466,TBL-20260216235828-093,13,needs_article_type_verification|translation_inferred|environment_unresolved|outcome_unresolved,codex_pdfplumber,pdf_table_extracted,pdf_confirmed,no,table,moderate,2026-02-16T22:59:26.129013+00:00,true
doi:10.18419/opus-9385,doi:10.18419/opus-9385-TBL-C402,finding,doi:10.18419/opus-9385-TBL-C402,: Top; Frequency: 2; Percent: .5; Valid Percent: .5; Cumulative Percent: .5,0.6,EMPIRICAL_FINDING,unknown,unknown_with_reason:runtime_table_extractor,top frequency percent,top frequency percent,['top frequency percent'],['top frequency percent'],"['low frequency texture:0.714', 'high frequency texture:0.651', 'low spatial frequency content:0.640', 'high spatial frequency content:0.627', 'flicker frequency:0.526']",[],UNRESOLVED:environment:top_frequency_percent,UNRESOLVED:outcome:top_frequency_percent,0.0,0.0,unresolved,unresolved,inferred,0.7143,environment_unresolved|outcome_unresolved,env.unresolved.top_frequency_percent,out.unresolved.top_frequency_percent,positive,edge:doi:10.18419/opus-9385-TBL-C402,COHERENCE_SUPPORT,env.unresolved.top_frequency_percent,out.unresolved.top_frequency_percent,0.4,explicit_statement,true,: Top; Frequency: 2; Percent: .5; Valid Percent: .5; Cumulative Percent: .5,explains,0.4,argument:default_contextual,table_claim,association,causal_argument,,,,,,,,table,264,264,: Top; Frequency: 2; Percent: .5; Valid Percent: .5; Cumulative Percent: .5,20bc10b9ddbb92cb,TBL-20260216235829-094,0,needs_article_type_verification|translation_inferred|environment_unresolved|outcome_unresolved,codex_pdfplumber,pdf_table_extracted,pdf_confirmed,no,table,moderate,2026-02-16T22:59:26.283393+00:00,true
doi:10.18419/opus-9385,doi:10.18419/opus-9385-TBL-C403,finding,doi:10.18419/opus-9385-TBL-C403,: Corner; Frequency: 30; Percent: 7.5; Valid Percent: 7.5; Cumulative Percent: 8.0,0.6,EMPIRICAL_FINDING,unknown,unknown_with_reason:runtime_table_extractor,corner frequency,corner frequency percent,['corner frequency percent'],['corner frequency percent'],"['low frequency texture:0.667', 'flicker frequency:0.634', 'high frequency texture:0.609', 'low spatial frequency content:0.604', 'concrete prominent:0.571']",[],env.v1_013.flicker_frequency,UNRESOLVED:outcome:corner_frequency_percent,0.7879,0.0,fuzzy,unresolved,inferred,0.7879,outcome_unresolved,env.v1_013.flicker_frequency,out.unresolved.corner_frequency_percent,positive,edge:doi:10.18419/opus-9385-TBL-C403,COHERENCE_SUPPORT,env.v1_013.flicker_frequency,out.unresolved.corner_frequency_percent,0.4,explicit_statement,true,: Corner; Frequency: 30; Percent: 7.5; Valid Percent: 7.5; Cumulative Percent: 8.0,explains,0.4,argument:default_contextual,table_claim,association,causal_argument,,,,,,,,table,264,264,: Corner; Frequency: 30; Percent: 7.5; Valid Percent: 7.5; Cumulative Percent: 8.0,42b01a1b2aa6c5a3,TBL-20260216235829-094,1,needs_article_type_verification|translation_inferred|outcome_unresolved,codex_pdfplumber,pdf_table_extracted,pdf_confirmed,no,table,moderate,2026-02-16T22:59:26.378184+00:00,true
doi:10.18419/opus-9385,doi:10.18419/opus-9385-TBL-C404,finding,doi:10.18419/opus-9385-TBL-C404,: Centre; Frequency: 364; Percent: 90.5; Valid Percent: 90.5; Cumulative Percent: 98.5,0.6,EMPIRICAL_FINDING,unknown,unknown_with_reason:runtime_table_extractor,centre frequency,centre frequency percent,['centre frequency percent'],['centre frequency percent'],"['flicker frequency:0.634', 'low frequency texture:0.622', 'high frequency texture:0.609', 'low spatial frequency content:0.604', 'high spatial frequency content:0.593']",[],env.v1_013.flicker_frequency,UNRESOLVED:outcome:centre_frequency_percent,0.7879,0.0,fuzzy,unresolved,inferred,0.7879,outcome_unresolved,env.v1_013.flicker_frequency,out.unresolved.centre_frequency_percent,positive,edge:doi:10.18419/opus-9385-TBL-C404,COHERENCE_SUPPORT,env.v1_013.flicker_frequency,out.unresolved.centre_frequency_percent,0.4,explicit_statement,true,: Centre; Frequency: 364; Percent: 90.5; Valid Percent: 90.5; Cumulative Percent: 98.5,explains,0.4,argument:default_contextual,table_claim,association,causal_argument,,,,,,,,table,264,264,: Centre; Frequency: 364; Percent: 90.5; Valid Percent: 90.5; Cumulative Percent: 98.5,084055a34daf1dbb,TBL-20260216235829-094,2,needs_article_type_verification|translation_inferred|outcome_unresolved,codex_pdfplumber,pdf_table_extracted,pdf_confirmed,no,table,moderate,2026-02-16T22:59:26.470926+00:00,true
doi:10.18419/opus-9385,doi:10.18419/opus-9385-TBL-C405,finding,doi:10.18419/opus-9385-TBL-C405,: Bottom; Frequency: 5; Percent: 1.2; Valid Percent: 1.2; Cumulative Percent: 99.8,0.6,EMPIRICAL_FINDING,unknown,unknown_with_reason:runtime_table_extractor,bottom frequency percent,bottom frequency percent,['bottom frequency percent'],['bottom frequency percent'],"['low frequency texture:0.667', 'low spatial frequency content:0.642', 'high frequency texture:0.609', 'high spatial frequency content:0.593']",[],UNRESOLVED:environment:bottom_frequency_percent,UNRESOLVED:outcome:bottom_frequency_percent,0.0,0.0,unresolved,unresolved,inferred,0.6667,environment_unresolved|outcome_unresolved,env.unresolved.bottom_frequency_percent,out.unresolved.bottom_frequency_percent,positive,edge:doi:10.18419/opus-9385-TBL-C405,COHERENCE_SUPPORT,env.unresolved.bottom_frequency_percent,out.unresolved.bottom_frequency_percent,0.4,explicit_statement,true,: Bottom; Frequency: 5; Percent: 1.2; Valid Percent: 1.2; Cumulative Percent: 99.8,explains,0.4,argument:default_contextual,table_claim,association,causal_argument,,,,,,,,table,264,264,: Bottom; Frequency: 5; Percent: 1.2; Valid Percent: 1.2; Cumulative Percent: 99.8,8fe9fd4db4b26588,TBL-20260216235829-094,4,needs_article_type_verification|translation_inferred|environment_unresolved|outcome_unresolved,codex_pdfplumber,pdf_table_extracted,pdf_confirmed,no,table,moderate,2026-02-16T22:59:26.638175+00:00,true
doi:10.18419/opus-9385,doi:10.18419/opus-9385-TBL-C406,finding,doi:10.18419/opus-9385-TBL-C406,: Depend on space furnishing; Frequency: 1; Percent: .2; Valid Percent: .2; Cumulative Percent: 100.0,0.6,EMPIRICAL_FINDING,unknown,unknown_with_reason:runtime_table_extractor,depend space,depend space furnishing,['depend space furnishing'],['depend space furnishing'],"['standardized furnishings:0.638', 'soft furnishings:0.615', 'textiles/soft furnishings:0.583', 'open space plan:0.579']",[],env.ae.crowded_space,UNRESOLVED:outcome:depend_space_furnishing,0.72,0.0,fuzzy,unresolved,inferred,0.72,outcome_unresolved,env.ae.crowded_space,out.unresolved.depend_space_furnishing,positive,edge:doi:10.18419/opus-9385-TBL-C406,COHERENCE_SUPPORT,env.ae.crowded_space,out.unresolved.depend_space_furnishing,0.4,explicit_statement,true,: Depend on space furnishing; Frequency: 1; Percent: .2; Valid Percent: .2; Cumulative Percent: 100.0,explains,0.4,argument:default_contextual,table_claim,association,causal_argument,,,,,,,,table,264,264,: Depend on space furnishing; Frequency: 1; Percent: .2; Valid Percent: .2; Cumulative Percent: 100.0,3e68b22f168ca879,TBL-20260216235829-094,6,needs_article_type_verification|translation_inferred|outcome_unresolved,codex_pdfplumber,pdf_table_extracted,pdf_confirmed,no,table,moderate,2026-02-16T22:59:26.730227+00:00,true
doi:10.18419/opus-9385,doi:10.18419/opus-9385-TBL-C410,finding,doi:10.18419/opus-9385-TBL-C410,: 86.9%; Responses: 345,0.6,EMPIRICAL_FINDING,unknown,unknown_with_reason:runtime_table_extractor,responses responses,responses responses,['responses responses'],['responses responses'],[],[],UNRESOLVED:environment:responses_responses,UNRESOLVED:outcome:responses_responses,0.0,0.0,unresolved,unresolved,inferred,0.0,environment_unresolved|outcome_unresolved,env.unresolved.responses_responses,out.unresolved.responses_responses,positive,edge:doi:10.18419/opus-9385-TBL-C410,COHERENCE_SUPPORT,env.unresolved.responses_responses,out.unresolved.responses_responses,0.4,explicit_statement,true,: 86.9%; Responses: 345,explains,0.4,argument:default_contextual,table_claim,association,causal_argument,,,,,,,,table,264,264,: 86.9%; Responses: 345,73ac2b11d97aec9a,TBL-20260216235829-096,2,needs_article_type_verification|translation_inferred|environment_unresolved|outcome_unresolved,codex_pdfplumber,pdf_table_extracted,pdf_confirmed,no,table,moderate,2026-02-16T22:59:26.805392+00:00,true
doi:10.18419/opus-9385,doi:10.18419/opus-9385-TBL-C411,finding,doi:10.18419/opus-9385-TBL-C411,: 54.2%; Responses: 215,0.6,EMPIRICAL_FINDING,unknown,unknown_with_reason:runtime_table_extractor,responses responses,responses responses,['responses responses'],['responses responses'],[],[],UNRESOLVED:environment:responses_responses,UNRESOLVED:outcome:responses_responses,0.0,0.0,unresolved,unresolved,inferred,0.0,environment_unresolved|outcome_unresolved,env.unresolved.responses_responses,out.unresolved.responses_responses,positive,edge:doi:10.18419/opus-9385-TBL-C411,COHERENCE_SUPPORT,env.unresolved.responses_responses,out.unresolved.responses_responses,0.4,explicit_statement,true,: 54.2%; Responses: 215,explains,0.4,argument:default_contextual,table_claim,association,causal_argument,,,,,,,,table,264,264,: 54.2%; Responses: 215,85c7d237c86a56f8,TBL-20260216235829-096,4,needs_article_type_verification|translation_inferred|environment_unresolved|outcome_unresolved,codex_pdfplumber,pdf_table_extracted,pdf_confirmed,no,table,moderate,2026-02-16T22:59:26.880823+00:00,true
doi:10.18419/opus-9385,doi:10.18419/opus-9385-TBL-C412,finding,doi:10.18419/opus-9385-TBL-C412,: 17.1%; Responses: 68,0.6,EMPIRICAL_FINDING,unknown,unknown_with_reason:runtime_table_extractor,responses responses,responses responses,['responses responses'],['responses responses'],[],[],UNRESOLVED:environment:responses_responses,UNRESOLVED:outcome:responses_responses,0.0,0.0,unresolved,unresolved,inferred,0.0,environment_unresolved|outcome_unresolved,env.unresolved.responses_responses,out.unresolved.responses_responses,positive,edge:doi:10.18419/opus-9385-TBL-C412,COHERENCE_SUPPORT,env.unresolved.responses_responses,out.unresolved.responses_responses,0.4,explicit_statement,true,: 17.1%; Responses: 68,explains,0.4,argument:default_contextual,table_claim,association,causal_argument,,,,,,,,table,264,264,: 17.1%; Responses: 68,83cd32f3b0918e65,TBL-20260216235829-096,6,needs_article_type_verification|translation_inferred|environment_unresolved|outcome_unresolved,codex_pdfplumber,pdf_table_extracted,pdf_confirmed,no,table,moderate,2026-02-16T22:59:26.956254+00:00,true
doi:10.18419/opus-9385,doi:10.18419/opus-9385-TBL-C413,finding,doi:10.18419/opus-9385-TBL-C413,: 158.2%; Responses: 628,0.6,EMPIRICAL_FINDING,unknown,unknown_with_reason:runtime_table_extractor,responses responses,responses responses,['responses responses'],['responses responses'],[],[],UNRESOLVED:environment:responses_responses,UNRESOLVED:outcome:responses_responses,0.0,0.0,unresolved,unresolved,inferred,0.0,environment_unresolved|outcome_unresolved,env.unresolved.responses_responses,out.unresolved.responses_responses,positive,edge:doi:10.18419/opus-9385-TBL-C413,COHERENCE_SUPPORT,env.unresolved.responses_responses,out.unresolved.responses_responses,0.4,explicit_statement,true,: 158.2%; Responses: 628,explains,0.4,argument:default_contextual,table_claim,association,causal_argument,,,,,,,,table,264,264,: 158.2%; Responses: 628,2d826345dcd0e151,TBL-20260216235829-096,8,needs_article_type_verification|translation_inferred|environment_unresolved|outcome_unresolved,codex_pdfplumber,pdf_table_extracted,pdf_confirmed,no,table,moderate,2026-02-16T22:59:27.031985+00:00,true
doi:10.18419/opus-9385,doi:10.18419/opus-9385-TBL-C415,finding,doi:10.18419/opus-9385-TBL-C415,: Nile view; Frequency: 237; Percent: 59.0; Valid Percent: 59.3; Cumulative Percent: 59.3,0.6,EMPIRICAL_FINDING,unknown,unknown_with_reason:runtime_table_extractor,view frequency,nile view frequency,['nile view frequency'],['nile view frequency'],"['flicker frequency:0.667', 'low frequency texture:0.600', 'high frequency texture:0.537']",[],env.v1_013.flicker_frequency,UNRESOLVED:outcome:nile_view_frequency,0.7742,0.0,fuzzy,unresolved,inferred,0.7742,outcome_unresolved,env.v1_013.flicker_frequency,out.unresolved.nile_view_frequency,positive,edge:doi:10.18419/opus-9385-TBL-C415,COHERENCE_SUPPORT,env.v1_013.flicker_frequency,out.unresolved.nile_view_frequency,0.4,explicit_statement,true,: Nile view; Frequency: 237; Percent: 59.0; Valid Percent: 59.3; Cumulative Percent: 59.3,explains,0.4,argument:default_contextual,table_claim,association,causal_argument,,,,,,,,table,266,266,: Nile view; Frequency: 237; Percent: 59.0; Valid Percent: 59.3; Cumulative Percent: 59.3,a258e342eabf3415,TBL-20260216235829-098,0,needs_article_type_verification|translation_inferred|outcome_unresolved,codex_pdfplumber,pdf_table_extracted,pdf_confirmed,no,table,moderate,2026-02-16T22:59:27.134481+00:00,true
doi:10.18419/opus-9385,doi:10.18419/opus-9385-TBL-C416,finding,doi:10.18419/opus-9385-TBL-C416,: Green view; Frequency: 141; Percent: 35.1; Valid Percent: 35.3; Cumulative Percent: 94.5,0.6,EMPIRICAL_FINDING,unknown,unknown_with_reason:runtime_table_extractor,green view,green view frequency,['green view frequency'],['green view frequency'],"['flicker frequency:0.595', 'env.v1_013.flicker_frequency:0.583', 'greenery:0.571', 'low frequency texture:0.537', 'high frequency texture:0.524']",[],env.ae.high_edge_density,UNRESOLVED:outcome:green_view_frequency,0.72,0.0,fuzzy,unresolved,inferred,0.72,outcome_unresolved,env.ae.high_edge_density,out.unresolved.green_view_frequency,positive,edge:doi:10.18419/opus-9385-TBL-C416,COHERENCE_SUPPORT,env.ae.high_edge_density,out.unresolved.green_view_frequency,0.4,explicit_statement,true,: Green view; Frequency: 141; Percent: 35.1; Valid Percent: 35.3; Cumulative Percent: 94.5,explains,0.4,argument:default_contextual,table_claim,association,causal_argument,,,,,,,,table,266,266,: Green view; Frequency: 141; Percent: 35.1; Valid Percent: 35.3; Cumulative Percent: 94.5,bdfbecd8a6a7eacf,TBL-20260216235829-098,1,needs_article_type_verification|translation_inferred|outcome_unresolved,codex_pdfplumber,pdf_table_extracted,pdf_confirmed,no,table,moderate,2026-02-16T22:59:27.218787+00:00,true
doi:10.18419/opus-9385,doi:10.18419/opus-9385-TBL-C417,finding,doi:10.18419/opus-9385-TBL-C417,: City-scape view; Frequency: 11; Percent: 2.7; Valid Percent: 2.8; Cumulative Percent: 97.3,0.6,EMPIRICAL_FINDING,unknown,unknown_with_reason:runtime_table_extractor,view frequency,city-scape view frequency,['city-scape view frequency'],['city-scape view frequency'],['flicker frequency:0.571'],[],env.v1_013.flicker_frequency,UNRESOLVED:outcome:city_scape_view_frequency,0.7742,0.0,fuzzy,unresolved,inferred,0.7742,outcome_unresolved,env.v1_013.flicker_frequency,out.unresolved.city_scape_view_frequency,positive,edge:doi:10.18419/opus-9385-TBL-C417,COHERENCE_SUPPORT,env.v1_013.flicker_frequency,out.unresolved.city_scape_view_frequency,0.4,explicit_statement,true,: City-scape view; Frequency: 11; Percent: 2.7; Valid Percent: 2.8; Cumulative Percent: 97.3,explains,0.4,argument:default_contextual,table_claim,association,causal_argument,,,,,,,,table,266,266,: City-scape view; Frequency: 11; Percent: 2.7; Valid Percent: 2.8; Cumulative Percent: 97.3,67a9a26de1c98833,TBL-20260216235829-098,2,needs_article_type_verification|translation_inferred|outcome_unresolved,codex_pdfplumber,pdf_table_extracted,pdf_confirmed,no,table,moderate,2026-02-16T22:59:27.441738+00:00,true
doi:10.18419/opus-9385,doi:10.18419/opus-9385-TBL-C418,finding,doi:10.18419/opus-9385-TBL-C418,: Empty land view; Frequency: 7; Percent: 1.7; Valid Percent: 1.8; Cumulative Percent: 99.0,0.6,EMPIRICAL_FINDING,unknown,unknown_with_reason:runtime_table_extractor,empty,empty land view,['empty'],['empty land view'],"['empty:1.000', 'empty space:0.940', 'temple:0.545', 'complexity:0.533']",[],env.ae.sparse_occupancy,UNRESOLVED:outcome:empty_land_view,1.0,0.0,exact,unresolved,inferred,1.0,outcome_unresolved,env.ae.sparse_occupancy,out.unresolved.empty_land_view,positive,edge:doi:10.18419/opus-9385-TBL-C418,COHERENCE_SUPPORT,env.ae.sparse_occupancy,out.unresolved.empty_land_view,0.4,explicit_statement,true,: Empty land view; Frequency: 7; Percent: 1.7; Valid Percent: 1.8; Cumulative Percent: 99.0,explains,0.4,argument:default_contextual,table_claim,association,causal_argument,,,,,,,,table,266,266,: Empty land view; Frequency: 7; Percent: 1.7; Valid Percent: 1.8; Cumulative Percent: 99.0,a409321738a3d939,TBL-20260216235829-098,3,needs_article_type_verification|translation_inferred|outcome_unresolved,codex_pdfplumber,pdf_table_extracted,pdf_confirmed,no,table,moderate,2026-02-16T22:59:27.459311+00:00,true
doi:10.18419/opus-9385,doi:10.18419/opus-9385-TBL-C419,finding,doi:10.18419/opus-9385-TBL-C419,: Neighbor view; Frequency: 2; Percent: .5; Valid Percent: .5; Cumulative Percent: 99.5,0.6,EMPIRICAL_FINDING,unknown,unknown_with_reason:runtime_table_extractor,view frequency,neighbor view frequency,['neighbor view frequency'],['neighbor view frequency'],"['flicker frequency:0.600', 'high frequency texture:0.578', 'high spatial frequency content:0.566', 'low frequency texture:0.545']",[],env.v1_013.flicker_frequency,UNRESOLVED:outcome:neighbor_view_frequency,0.7742,0.0,fuzzy,unresolved,inferred,0.7742,outcome_unresolved,env.v1_013.flicker_frequency,out.unresolved.neighbor_view_frequency,positive,edge:doi:10.18419/opus-9385-TBL-C419,COHERENCE_SUPPORT,env.v1_013.flicker_frequency,out.unresolved.neighbor_view_frequency,0.4,explicit_statement,true,: Neighbor view; Frequency: 2; Percent: .5; Valid Percent: .5; Cumulative Percent: 99.5,explains,0.4,argument:default_contextual,table_claim,association,causal_argument,,,,,,,,table,266,266,: Neighbor view; Frequency: 2; Percent: .5; Valid Percent: .5; Cumulative Percent: 99.5,8ee34062fd1868e6,TBL-20260216235829-098,4,needs_article_type_verification|translation_inferred|outcome_unresolved,codex_pdfplumber,pdf_table_extracted,pdf_confirmed,no,table,moderate,2026-02-16T22:59:27.573513+00:00,true
doi:10.18419/opus-9385,doi:10.18419/opus-9385-TBL-C420,finding,doi:10.18419/opus-9385-TBL-C420,: Slums view; Frequency: 2; Percent: .5; Valid Percent: .5; Cumulative Percent: 100.0,0.6,EMPIRICAL_FINDING,unknown,unknown_with_reason:runtime_table_extractor,view frequency,slums view frequency,['slums view frequency'],['slums view frequency'],"['flicker frequency:0.703', 'low frequency texture:0.585', 'high frequency texture:0.524']",[],env.v1_013.flicker_frequency,UNRESOLVED:outcome:slums_view_frequency,0.7742,0.0,fuzzy,unresolved,inferred,0.7742,outcome_unresolved,env.v1_013.flicker_frequency,out.unresolved.slums_view_frequency,positive,edge:doi:10.18419/opus-9385-TBL-C420,COHERENCE_SUPPORT,env.v1_013.flicker_frequency,out.unresolved.slums_view_frequency,0.4,explicit_statement,true,: Slums view; Frequency: 2; Percent: .5; Valid Percent: .5; Cumulative Percent: 100.0,explains,0.4,argument:default_contextual,table_claim,association,causal_argument,,,,,,,,table,266,266,: Slums view; Frequency: 2; Percent: .5; Valid Percent: .5; Cumulative Percent: 100.0,da20efcf14dde446,TBL-20260216235829-098,5,needs_article_type_verification|translation_inferred|outcome_unresolved,codex_pdfplumber,pdf_table_extracted,pdf_confirmed,no,table,moderate,2026-02-16T22:59:27.675623+00:00,true
doi:10.18419/opus-9385,doi:10.18419/opus-9385-TBL-C424,finding,doi:10.18419/opus-9385-TBL-C424,: Yes; Frequency: 243; Percent: 60.4; Valid Percent: 60.4; Cumulative Percent: 60.4,0.6,EMPIRICAL_FINDING,unknown,unknown_with_reason:runtime_table_extractor,yes frequency,yes frequency percent,['yes frequency percent'],['yes frequency percent'],"['low frequency texture:0.667', 'high frequency texture:0.651', 'low spatial frequency content:0.640', 'high spatial frequency content:0.627', 'flicker frequency:0.579']",[],env.v1_013.flicker_frequency,UNRESOLVED:outcome:yes_frequency_percent,0.7333,0.0,fuzzy,unresolved,inferred,0.7333,outcome_unresolved,env.v1_013.flicker_frequency,out.unresolved.yes_frequency_percent,positive,edge:doi:10.18419/opus-9385-TBL-C424,COHERENCE_SUPPORT,env.v1_013.flicker_frequency,out.unresolved.yes_frequency_percent,0.4,explicit_statement,true,: Yes; Frequency: 243; Percent: 60.4; Valid Percent: 60.4; Cumulative Percent: 60.4,explains,0.4,argument:default_contextual,table_claim,association,causal_argument,,,,,,,,table,267,267,: Yes; Frequency: 243; Percent: 60.4; Valid Percent: 60.4; Cumulative Percent: 60.4,138d3a4561f44b64,TBL-20260216235829-099,0,needs_article_type_verification|translation_inferred|outcome_unresolved,codex_pdfplumber,pdf_table_extracted,pdf_confirmed,no,table,moderate,2026-02-16T22:59:27.760245+00:00,true
doi:10.18419/opus-9385,doi:10.18419/opus-9385-TBL-C425,finding,doi:10.18419/opus-9385-TBL-C425,: No; Frequency: 74; Percent: 18.4; Valid Percent: 18.4; Cumulative Percent: 78.9,0.6,EMPIRICAL_FINDING,unknown,unknown_with_reason:runtime_table_extractor,frequency percent valid,frequency percent valid,['frequency percent valid'],['frequency percent valid'],"['low frequency texture:0.591', 'high frequency texture:0.578', 'low spatial frequency content:0.538', 'high spatial frequency content:0.528']",[],UNRESOLVED:environment:frequency_percent_valid,UNRESOLVED:outcome:frequency_percent_valid,0.0,0.0,unresolved,unresolved,inferred,0.5909,environment_unresolved|outcome_unresolved,env.unresolved.frequency_percent_valid,out.unresolved.frequency_percent_valid,positive,edge:doi:10.18419/opus-9385-TBL-C425,COHERENCE_SUPPORT,env.unresolved.frequency_percent_valid,out.unresolved.frequency_percent_valid,0.4,explicit_statement,true,: No; Frequency: 74; Percent: 18.4; Valid Percent: 18.4; Cumulative Percent: 78.9,explains,0.4,argument:default_contextual,table_claim,association,causal_argument,,,,,,,,table,267,267,: No; Frequency: 74; Percent: 18.4; Valid Percent: 18.4; Cumulative Percent: 78.9,d36023f3dee465b5,TBL-20260216235829-099,1,needs_article_type_verification|translation_inferred|environment_unresolved|outcome_unresolved,codex_pdfplumber,pdf_table_extracted,pdf_confirmed,no,table,moderate,2026-02-16T22:59:27.922466+00:00,true
doi:10.18419/opus-9385,doi:10.18419/opus-9385-TBL-C426,finding,doi:10.18419/opus-9385-TBL-C426,: Not Sure; Frequency: 85; Percent: 21.1; Valid Percent: 21.1; Cumulative Percent: 100.0,0.6,EMPIRICAL_FINDING,unknown,unknown_with_reason:runtime_table_extractor,not sure frequency,not sure frequency,['not sure frequency'],['not sure frequency'],"['flicker frequency:0.629', 'work surfaces present:0.564', 'low frequency texture:0.564', 'low spatial frequency content:0.553']",[],UNRESOLVED:environment:not_sure_frequency,UNRESOLVED:outcome:not_sure_frequency,0.0,0.0,unresolved,unresolved,inferred,0.6286,environment_unresolved|outcome_unresolved,env.unresolved.not_sure_frequency,out.unresolved.not_sure_frequency,positive,edge:doi:10.18419/opus-9385-TBL-C426,COHERENCE_SUPPORT,env.unresolved.not_sure_frequency,out.unresolved.not_sure_frequency,0.4,explicit_statement,true,: Not Sure; Frequency: 85; Percent: 21.1; Valid Percent: 21.1; Cumulative Percent: 100.0,explains,0.4,argument:default_contextual,table_claim,association,causal_argument,,,,,,,,table,267,267,: Not Sure; Frequency: 85; Percent: 21.1; Valid Percent: 21.1; Cumulative Percent: 100.0,c595e52e87dd16a6,TBL-20260216235829-099,3,needs_article_type_verification|translation_inferred|environment_unresolved|outcome_unresolved,codex_pdfplumber,pdf_table_extracted,pdf_confirmed,no,table,moderate,2026-02-16T22:59:28.055413+00:00,true
doi:10.18419/opus-9385,doi:10.18419/opus-9385-TBL-C428,finding,doi:10.18419/opus-9385-TBL-C428,: 3,0.6,EMPIRICAL_FINDING,unknown,unknown_with_reason:runtime_table_extractor,environment,unspecified_outcome,['unspecified_environment'],['unspecified_outcome'],"['dirty environment:0.600', 'immaculate environment:0.578', 'brand-heavy environment:0.565']",[],env.ae.visible_dirt/decay,UNRESOLVED:outcome:unspecified_outcome,0.7857,0.0,fuzzy,unresolved,untranslatable_noise,0.7857,outcome_unresolved|low_information_source,env.ae.visible_dirt_decay,out.unresolved.unspecified_outcome,positive,edge:doi:10.18419/opus-9385-TBL-C428,COHERENCE_SUPPORT,env.ae.visible_dirt_decay,out.unresolved.unspecified_outcome,0.4,explicit_statement,true,: 3,explains,0.4,argument:default_contextual,table_claim,association,causal_argument,,,,,,,,table,268,268,: 3,4c34db127f79d62a,TBL-20260216235829-100,7,needs_article_type_verification|translation_untranslatable_noise|outcome_unresolved|low_information_source,codex_pdfplumber,pdf_table_extracted,pdf_confirmed,no,table,moderate,2026-02-16T22:59:28.197364+00:00,true
doi:10.18419/opus-9385,doi:10.18419/opus-9385-TBL-C429,finding,doi:10.18419/opus-9385-TBL-C429,: Mirror like; Frequency: 33; Percent: 8.2; Valid Percent: 10.1; Cumulative Percent: 10.1,0.6,EMPIRICAL_FINDING,unknown,unknown_with_reason:runtime_table_extractor,mirror like frequency,mirror like frequency,['mirror like frequency'],['mirror like frequency'],"['flicker frequency:0.737', 'mirror symmetry:0.556', 'env.v1_013.flicker_frequency:0.531', 'low frequency texture:0.524']",[],env.v1_013.flicker_frequency,UNRESOLVED:outcome:mirror_like_frequency,0.7368,0.0,fuzzy,unresolved,inferred,0.7368,outcome_unresolved,env.v1_013.flicker_frequency,out.unresolved.mirror_like_frequency,positive,edge:doi:10.18419/opus-9385-TBL-C429,COHERENCE_SUPPORT,env.v1_013.flicker_frequency,out.unresolved.mirror_like_frequency,0.4,explicit_statement,true,: Mirror like; Frequency: 33; Percent: 8.2; Valid Percent: 10.1; Cumulative Percent: 10.1,explains,0.4,argument:default_contextual,table_claim,association,causal_argument,,,,,,,,table,268,268,: Mirror like; Frequency: 33; Percent: 8.2; Valid Percent: 10.1; Cumulative Percent: 10.1,e7bd932c5478c842,TBL-20260216235829-101,0,needs_article_type_verification|translation_inferred|outcome_unresolved,codex_pdfplumber,pdf_table_extracted,pdf_confirmed,no,table,moderate,2026-02-16T22:59:28.263246+00:00,true
doi:10.18419/opus-9385,doi:10.18419/opus-9385-TBL-C430,finding,doi:10.18419/opus-9385-TBL-C430,: Very High reflective; Frequency: 25; Percent: 6.2; Valid Percent: 7.7; Cumulative Percent: 17.8,0.6,EMPIRICAL_FINDING,unknown,unknown_with_reason:runtime_table_extractor,reflective,very high reflective,['very high reflective'],['very high reflective'],"['very bright lighting:0.600', 'harsh reflections:0.595', 'hard reflective surfaces:0.545', 'reflective floors:0.541', 'dynamic light effects:0.537']",[],env.ae.hard_reflective_surfaces,UNRESOLVED:outcome:very_high_reflective,0.7407,0.0,fuzzy,unresolved,inferred,0.7407,outcome_unresolved,env.ae.hard_reflective_surfaces,out.unresolved.very_high_reflective,positive,edge:doi:10.18419/opus-9385-TBL-C430,COHERENCE_SUPPORT,env.ae.hard_reflective_surfaces,out.unresolved.very_high_reflective,0.4,explicit_statement,true,: Very High reflective; Frequency: 25; Percent: 6.2; Valid Percent: 7.7; Cumulative Percent: 17.8,explains,0.4,argument:default_contextual,table_claim,association,causal_argument,,,,,,,,table,268,268,: Very High reflective; Frequency: 25; Percent: 6.2; Valid Percent: 7.7; Cumulative Percent: 17.8,f2157c4ca06a24a8,TBL-20260216235829-101,1,needs_article_type_verification|translation_inferred|outcome_unresolved,codex_pdfplumber,pdf_table_extracted,pdf_confirmed,no,table,moderate,2026-02-16T22:59:28.409897+00:00,true
doi:10.18419/opus-9385,doi:10.18419/opus-9385-TBL-C431,finding,doi:10.18419/opus-9385-TBL-C431,: High reflective; Frequency: 70; Percent: 17.4; Valid Percent: 21.5; Cumulative Percent: 39.3,0.6,EMPIRICAL_FINDING,unknown,unknown_with_reason:runtime_table_extractor,reflective,high reflective frequency,['high reflective frequency'],['high reflective frequency'],"['reflective floors:0.619', 'flicker frequency:0.619', 'high spatial frequency content:0.618', 'hard reflective surfaces:0.612', 'high frequency texture:0.596']",[],env.ae.hard_reflective_surfaces,UNRESOLVED:outcome:high_reflective_frequency,0.7407,0.0,fuzzy,unresolved,inferred,0.7407,outcome_unresolved,env.ae.hard_reflective_surfaces,out.unresolved.high_reflective_frequency,positive,edge:doi:10.18419/opus-9385-TBL-C431,COHERENCE_SUPPORT,env.ae.hard_reflective_surfaces,out.unresolved.high_reflective_frequency,0.4,explicit_statement,true,: High reflective; Frequency: 70; Percent: 17.4; Valid Percent: 21.5; Cumulative Percent: 39.3,explains,0.4,argument:default_contextual,table_claim,association,causal_argument,,,,,,,,table,268,268,: High reflective; Frequency: 70; Percent: 17.4; Valid Percent: 21.5; Cumulative Percent: 39.3,746aa9a0f65f8669,TBL-20260216235829-101,2,needs_article_type_verification|translation_inferred|outcome_unresolved,codex_pdfplumber,pdf_table_extracted,pdf_confirmed,no,table,moderate,2026-02-16T22:59:28.566434+00:00,true
doi:10.18419/opus-9385,doi:10.18419/opus-9385-TBL-C432,finding,doi:10.18419/opus-9385-TBL-C432,: Medium; Frequency: 127; Percent: 31.6; Valid Percent: 39.0; Cumulative Percent: 78.2,0.6,EMPIRICAL_FINDING,unknown,unknown_with_reason:runtime_table_extractor,medium frequency percent,medium frequency percent,['medium frequency percent'],['medium frequency percent'],"['high frequency texture:0.652', 'low frequency texture:0.622', 'low spatial frequency content:0.604', 'high spatial frequency content:0.593', 'flicker frequency:0.537']",[],UNRESOLVED:environment:medium_frequency_percent,UNRESOLVED:outcome:medium_frequency_percent,0.0,0.0,unresolved,unresolved,inferred,0.6522,environment_unresolved|outcome_unresolved,env.unresolved.medium_frequency_percent,out.unresolved.medium_frequency_percent,positive,edge:doi:10.18419/opus-9385-TBL-C432,COHERENCE_SUPPORT,env.unresolved.medium_frequency_percent,out.unresolved.medium_frequency_percent,0.4,explicit_statement,true,: Medium; Frequency: 127; Percent: 31.6; Valid Percent: 39.0; Cumulative Percent: 78.2,explains,0.4,argument:default_contextual,table_claim,association,causal_argument,,,,,,,,table,268,268,: Medium; Frequency: 127; Percent: 31.6; Valid Percent: 39.0; Cumulative Percent: 78.2,e17318e9038611a0,TBL-20260216235829-101,3,needs_article_type_verification|translation_inferred|environment_unresolved|outcome_unresolved,codex_pdfplumber,pdf_table_extracted,pdf_confirmed,no,table,moderate,2026-02-16T22:59:28.734478+00:00,true
doi:10.18419/opus-9385,doi:10.18419/opus-9385-TBL-C433,finding,doi:10.18419/opus-9385-TBL-C433,: Low reflective; Frequency: 32; Percent: 8.0; Valid Percent: 9.8; Cumulative Percent: 88.0,0.6,EMPIRICAL_FINDING,unknown,unknown_with_reason:runtime_table_extractor,reflective,low reflective frequency,['low reflective frequency'],['low reflective frequency'],"['reflective floors:0.634', 'flicker frequency:0.634', 'low spatial frequency content:0.604', 'hard reflective surfaces:0.583', 'low frequency texture:0.578']",[],env.ae.hard_reflective_surfaces,UNRESOLVED:outcome:low_reflective_frequency,0.7407,0.0,fuzzy,unresolved,inferred,0.7407,outcome_unresolved,env.ae.hard_reflective_surfaces,out.unresolved.low_reflective_frequency,positive,edge:doi:10.18419/opus-9385-TBL-C433,COHERENCE_SUPPORT,env.ae.hard_reflective_surfaces,out.unresolved.low_reflective_frequency,0.4,explicit_statement,true,: Low reflective; Frequency: 32; Percent: 8.0; Valid Percent: 9.8; Cumulative Percent: 88.0,explains,0.4,argument:default_contextual,table_claim,association,causal_argument,,,,,,,,table,268,268,: Low reflective; Frequency: 32; Percent: 8.0; Valid Percent: 9.8; Cumulative Percent: 88.0,2a5e8e9c8c86ef6d,TBL-20260216235829-101,5,needs_article_type_verification|translation_inferred|outcome_unresolved,codex_pdfplumber,pdf_table_extracted,pdf_confirmed,no,table,moderate,2026-02-16T22:59:28.886232+00:00,true
doi:10.18419/opus-9385,doi:10.18419/opus-9385-TBL-C434,finding,doi:10.18419/opus-9385-TBL-C434,: Very low reflective; Frequency: 12; Percent: 3.0; Valid Percent: 3.7; Cumulative Percent: 91.7,0.6,EMPIRICAL_FINDING,unknown,unknown_with_reason:runtime_table_extractor,reflective,very low reflective,['very low reflective'],['very low reflective'],"['hard reflective surfaces:0.558', 'reflective floors:0.556', 'harsh reflections:0.556', 'overlook with cover:0.526', 'env.ae.hard_reflective_surfaces:0.520']",[],env.ae.hard_reflective_surfaces,UNRESOLVED:outcome:very_low_reflective,0.7407,0.0,fuzzy,unresolved,inferred,0.7407,outcome_unresolved,env.ae.hard_reflective_surfaces,out.unresolved.very_low_reflective,positive,edge:doi:10.18419/opus-9385-TBL-C434,COHERENCE_SUPPORT,env.ae.hard_reflective_surfaces,out.unresolved.very_low_reflective,0.4,explicit_statement,true,: Very low reflective; Frequency: 12; Percent: 3.0; Valid Percent: 3.7; Cumulative Percent: 91.7,explains,0.4,argument:default_contextual,table_claim,association,causal_argument,,,,,,,,table,268,268,: Very low reflective; Frequency: 12; Percent: 3.0; Valid Percent: 3.7; Cumulative Percent: 91.7,7771193644d71bd5,TBL-20260216235829-101,7,needs_article_type_verification|translation_inferred|outcome_unresolved,codex_pdfplumber,pdf_table_extracted,pdf_confirmed,no,table,moderate,2026-02-16T22:59:29.028317+00:00,true
doi:10.18419/opus-9385,doi:10.18419/opus-9385-TBL-C435,finding,doi:10.18419/opus-9385-TBL-C435,: Not reflective; Frequency: 27; Percent: 6.7; Valid Percent: 8.3; Cumulative Percent: 100.0,0.6,EMPIRICAL_FINDING,unknown,unknown_with_reason:runtime_table_extractor,reflective,not reflective frequency,['not reflective frequency'],['not reflective frequency'],"['reflective floors:0.634', 'flicker frequency:0.634', 'hard reflective surfaces:0.583', 'reflective hard finishes:0.542', 'hard reflective high ceiling:0.538']",[],env.ae.hard_reflective_surfaces,UNRESOLVED:outcome:not_reflective_frequency,0.7407,0.0,fuzzy,unresolved,inferred,0.7407,outcome_unresolved,env.ae.hard_reflective_surfaces,out.unresolved.not_reflective_frequency,positive,edge:doi:10.18419/opus-9385-TBL-C435,COHERENCE_SUPPORT,env.ae.hard_reflective_surfaces,out.unresolved.not_reflective_frequency,0.4,explicit_statement,true,: Not reflective; Frequency: 27; Percent: 6.7; Valid Percent: 8.3; Cumulative Percent: 100.0,explains,0.4,argument:default_contextual,table_claim,association,causal_argument,,,,,,,,table,268,268,: Not reflective; Frequency: 27; Percent: 6.7; Valid Percent: 8.3; Cumulative Percent: 100.0,f7024b818d43f3f0,TBL-20260216235829-101,8,needs_article_type_verification|translation_inferred|outcome_unresolved,codex_pdfplumber,pdf_table_extracted,pdf_confirmed,no,table,moderate,2026-02-16T22:59:29.186108+00:00,true
doi:10.18419/opus-9385,doi:10.18419/opus-9385-TBL-C436,finding,doi:10.18419/opus-9385-TBL-C436,: Total; Frequency: 326; Percent: 81.1; Valid Percent: 100.0,0.6,EMPIRICAL_FINDING,unknown,unknown_with_reason:runtime_table_extractor,total frequency percent,total frequency percent,['total frequency percent'],['total frequency percent'],"['low spatial frequency content:0.692', 'low frequency texture:0.682', 'high spatial frequency content:0.679', 'high frequency texture:0.622', 'flicker frequency:0.550']",[],UNRESOLVED:environment:total_frequency_percent,UNRESOLVED:outcome:total_frequency_percent,0.0,0.0,unresolved,unresolved,inferred,0.6923,environment_unresolved|outcome_unresolved,env.unresolved.total_frequency_percent,out.unresolved.total_frequency_percent,positive,edge:doi:10.18419/opus-9385-TBL-C436,COHERENCE_SUPPORT,env.unresolved.total_frequency_percent,out.unresolved.total_frequency_percent,0.4,explicit_statement,true,: Total; Frequency: 326; Percent: 81.1; Valid Percent: 100.0,explains,0.4,argument:default_contextual,table_claim,association,causal_argument,,,,,,,,table,268,268,: Total; Frequency: 326; Percent: 81.1; Valid Percent: 100.0,1ee6c05aa342e21c,TBL-20260216235829-101,9,needs_article_type_verification|translation_inferred|environment_unresolved|outcome_unresolved,codex_pdfplumber,pdf_table_extracted,pdf_confirmed,no,table,moderate,2026-02-16T22:59:29.350776+00:00,true
doi:10.18419/opus-9385,doi:10.18419/opus-9385-TBL-C437,finding,doi:10.18419/opus-9385-TBL-C437,Frequency: 76; Percent: 18.9,0.6,EMPIRICAL_FINDING,unknown,unknown_with_reason:runtime_table_extractor,frequency percent frequency,frequency percent frequency,['frequency percent frequency'],['frequency percent frequency'],"['flicker frequency:0.636', 'low frequency texture:0.583', 'high frequency texture:0.571']",[],UNRESOLVED:environment:frequency_percent_frequency,UNRESOLVED:outcome:frequency_percent_frequency,0.0,0.0,unresolved,unresolved,inferred,0.6364,environment_unresolved|outcome_unresolved,env.unresolved.frequency_percent_frequency,out.unresolved.frequency_percent_frequency,positive,edge:doi:10.18419/opus-9385-TBL-C437,COHERENCE_SUPPORT,env.unresolved.frequency_percent_frequency,out.unresolved.frequency_percent_frequency,0.4,explicit_statement,true,Frequency: 76; Percent: 18.9,explains,0.4,argument:default_contextual,table_claim,association,causal_argument,,,,,,,,table,268,268,Frequency: 76; Percent: 18.9,3075d0fbd9fc2a44,TBL-20260216235829-101,10,needs_article_type_verification|translation_inferred|environment_unresolved|outcome_unresolved,codex_pdfplumber,pdf_table_extracted,pdf_confirmed,no,table,moderate,2026-02-16T22:59:29.508856+00:00,true
doi:10.18419/opus-9385,doi:10.18419/opus-9385-TBL-C439,finding,doi:10.18419/opus-9385-TBL-C439,: .3,0.6,EMPIRICAL_FINDING,unknown,unknown_with_reason:runtime_table_extractor,environment,unspecified_outcome,['unspecified_environment'],['unspecified_outcome'],"['dirty environment:0.600', 'immaculate environment:0.578', 'brand-heavy environment:0.565']",[],env.ae.visible_dirt/decay,UNRESOLVED:outcome:unspecified_outcome,0.7857,0.0,fuzzy,unresolved,untranslatable_noise,0.7857,outcome_unresolved|low_information_source,env.ae.visible_dirt_decay,out.unresolved.unspecified_outcome,positive,edge:doi:10.18419/opus-9385-TBL-C439,COHERENCE_SUPPORT,env.ae.visible_dirt_decay,out.unresolved.unspecified_outcome,0.4,explicit_statement,true,: .3,explains,0.4,argument:default_contextual,table_claim,association,causal_argument,,,,,,,,table,269,269,: .3,c51616d6e698466b,TBL-20260216235829-102,9,needs_article_type_verification|translation_untranslatable_noise|outcome_unresolved|low_information_source,codex_pdfplumber,pdf_table_extracted,pdf_confirmed,no,table,moderate,2026-02-16T22:59:29.648924+00:00,true
doi:10.18419/opus-9385,doi:10.18419/opus-9385-TBL-C440,finding,doi:10.18419/opus-9385-TBL-C440,: See the outside and be seen; Frequency: 61; Percent: 15.2; Valid Percent: 15.6; Cumulative Percent: 15.6,0.6,EMPIRICAL_FINDING,unknown,unknown_with_reason:runtime_table_extractor,see outside seen,see,['see outside seen'],['see outside seen'],"['see out unseen:0.800', 'view outside:0.643', 'outside view:0.643', 'inside-outside flow:0.571', 'seats present:0.552']",[],env.v2a_070.prospect_refuge_ability_to_see_without_being_seen,behav.sleep,0.8,0.75,fuzzy,fuzzy,fuzzy,0.8,,env.v2a_070.prospect_refuge_ability_to_see_without_being_seen,out.behav.sleep,positive,edge:doi:10.18419/opus-9385-TBL-C440,COHERENCE_SUPPORT,env.v2a_070.prospect_refuge_ability_to_see_without_being_seen,out.behav.sleep,0.4,explicit_statement,true,: See the outside and be seen; Frequency: 61; Percent: 15.2; Valid Percent: 15.6; Cumulative Percent: 15.6,explains,0.4,argument:default_contextual,table_claim,association,causal_argument,,,,,,,,table,269,269,: See the outside and be seen; Frequency: 61; Percent: 15.2; Valid Percent: 15.6; Cumulative Percent: 15.6,80912495a89d0a34,TBL-20260216235829-103,0,needs_article_type_verification,codex_pdfplumber,pdf_table_extracted,pdf_confirmed,no,table,moderate,2026-02-16T22:59:29.702304+00:00,true
doi:10.18419/opus-9385,doi:10.18419/opus-9385-TBL-C441,finding,doi:10.18419/opus-9385-TBL-C441,: See the outside without being seen; Frequency: 324; Percent: 80.6; Valid Percent: 82.9; Cumulative Percent: 98.5,0.6,EMPIRICAL_FINDING,unknown,unknown_with_reason:runtime_table_extractor,see outside,see,['see outside without'],['see outside without'],"['view outside:0.581', 'outside view:0.581', 'inside-outside flow:0.579', 'see out unseen:0.545']",[],env.ae.view_to_outdoors,behav.sleep,0.7826,0.75,fuzzy,fuzzy,fuzzy,0.7826,,env.ae.view_to_outdoors,out.behav.sleep,positive,edge:doi:10.18419/opus-9385-TBL-C441,COHERENCE_SUPPORT,env.ae.view_to_outdoors,out.behav.sleep,0.4,explicit_statement,true,: See the outside without being seen; Frequency: 324; Percent: 80.6; Valid Percent: 82.9; Cumulative Percent: 98.5,explains,0.4,argument:default_contextual,table_claim,association,causal_argument,,,,,,,,table,269,269,: See the outside without being seen; Frequency: 324; Percent: 80.6; Valid Percent: 82.9; Cumulative Percent: 98.5,4156271eba60d33f,TBL-20260216235829-103,1,needs_article_type_verification,codex_pdfplumber,pdf_table_extracted,pdf_confirmed,no,table,moderate,2026-02-16T22:59:29.786243+00:00,true
doi:10.18419/opus-9385,doi:10.18419/opus-9385-TBL-C442,finding,doi:10.18419/opus-9385-TBL-C442,: Cannot see the outside but can be seen; Frequency: 1; Percent: .2; Valid Percent: .3; Cumulative Percent: 98.7,0.6,EMPIRICAL_FINDING,unknown,unknown_with_reason:runtime_table_extractor,see outside,see,['cannot see outside'],['cannot see outside'],"['view outside:0.600', 'see out unseen:0.562', 'inside-outside flow:0.541']",[],env.ae.view_to_outdoors,behav.sleep,0.7826,0.75,fuzzy,fuzzy,fuzzy,0.7826,,env.ae.view_to_outdoors,out.behav.sleep,positive,edge:doi:10.18419/opus-9385-TBL-C442,COHERENCE_SUPPORT,env.ae.view_to_outdoors,out.behav.sleep,0.4,explicit_statement,true,: Cannot see the outside but can be seen; Frequency: 1; Percent: .2; Valid Percent: .3; Cumulative Percent: 98.7,explains,0.4,argument:default_contextual,table_claim,association,causal_argument,,,,,,,,table,269,269,: Cannot see the outside but can be seen; Frequency: 1; Percent: .2; Valid Percent: .3; Cumulative Percent: 98.7,d769f8cea260cf8a,TBL-20260216235829-103,2,needs_article_type_verification,codex_pdfplumber,pdf_table_extracted,pdf_confirmed,no,table,moderate,2026-02-16T22:59:29.892400+00:00,true
doi:10.18419/opus-9385,doi:10.18419/opus-9385-TBL-C443,finding,doi:10.18419/opus-9385-TBL-C443,: Cannot see the outside and cannot be,0.6,EMPIRICAL_FINDING,unknown,unknown_with_reason:runtime_table_extractor,see outside,see,['cannot see outside'],['cannot see outside'],"['view outside:0.600', 'see out unseen:0.562', 'inside-outside flow:0.541']",[],env.ae.view_to_outdoors,behav.sleep,0.7826,0.75,fuzzy,fuzzy,fuzzy,0.7826,,env.ae.view_to_outdoors,out.behav.sleep,positive,edge:doi:10.18419/opus-9385-TBL-C443,COHERENCE_SUPPORT,env.ae.view_to_outdoors,out.behav.sleep,0.4,explicit_statement,true,: Cannot see the outside and cannot be,explains,0.4,argument:default_contextual,table_claim,association,causal_argument,,,,,,,,table,269,269,: Cannot see the outside and cannot be,c89e6c4f3e2493a6,TBL-20260216235829-103,4,needs_article_type_verification,codex_pdfplumber,pdf_table_extracted,pdf_confirmed,no,table,moderate,2026-02-16T22:59:29.998138+00:00,true
doi:10.18419/opus-9385,doi:10.18419/opus-9385-TBL-C444,finding,doi:10.18419/opus-9385-TBL-C444,Frequency: 5; Percent: 1.2; Valid Percent: 1.3; Cumulative Percent: 100.0,0.6,EMPIRICAL_FINDING,unknown,unknown_with_reason:runtime_table_extractor,frequency percent valid,frequency percent valid,['frequency percent valid'],['frequency percent valid'],"['low frequency texture:0.591', 'high frequency texture:0.578', 'low spatial frequency content:0.538', 'high spatial frequency content:0.528']",[],UNRESOLVED:environment:frequency_percent_valid,UNRESOLVED:outcome:frequency_percent_valid,0.0,0.0,unresolved,unresolved,inferred,0.5909,environment_unresolved|outcome_unresolved,env.unresolved.frequency_percent_valid,out.unresolved.frequency_percent_valid,positive,edge:doi:10.18419/opus-9385-TBL-C444,COHERENCE_SUPPORT,env.unresolved.frequency_percent_valid,out.unresolved.frequency_percent_valid,0.4,explicit_statement,true,Frequency: 5; Percent: 1.2; Valid Percent: 1.3; Cumulative Percent: 100.0,explains,0.4,argument:default_contextual,table_claim,association,causal_argument,,,,,,,,table,269,269,Frequency: 5; Percent: 1.2; Valid Percent: 1.3; Cumulative Percent: 100.0,1b2a83a47471c083,TBL-20260216235829-103,5,needs_article_type_verification|translation_inferred|environment_unresolved|outcome_unresolved,codex_pdfplumber,pdf_table_extracted,pdf_confirmed,no,table,moderate,2026-02-16T22:59:30.195252+00:00,true
doi:10.18419/opus-9385,doi:10.18419/opus-9385-TBL-C445,finding,doi:10.18419/opus-9385-TBL-C445,: seen,0.6,EMPIRICAL_FINDING,unknown,unknown_with_reason:runtime_table_extractor,seen seen,seen seen,['seen seen'],['seen seen'],"['air vents seen:0.609', 'dense seating:0.545', 'bench seating:0.545', 'shared open space:0.538', 'uneven pattern:0.522']",[],UNRESOLVED:environment:seen_seen,UNRESOLVED:outcome:seen_seen,0.0,0.0,unresolved,unresolved,inferred,0.6087,environment_unresolved|outcome_unresolved,env.unresolved.seen_seen,out.unresolved.seen_seen,positive,edge:doi:10.18419/opus-9385-TBL-C445,COHERENCE_SUPPORT,env.unresolved.seen_seen,out.unresolved.seen_seen,0.4,explicit_statement,true,: seen,explains,0.4,argument:default_contextual,table_claim,association,causal_argument,,,,,,,,table,269,269,: seen,c9921a1b69620d92,TBL-20260216235829-103,6,needs_article_type_verification|translation_inferred|environment_unresolved|outcome_unresolved,codex_pdfplumber,pdf_table_extracted,pdf_confirmed,no,table,moderate,2026-02-16T22:59:30.245510+00:00,true
doi:10.18419/opus-9385,doi:10.18419/opus-9385-TBL-C446,finding,doi:10.18419/opus-9385-TBL-C446,: Total; Frequency: 391; Percent: 97.3; Valid Percent: 100.0,0.6,EMPIRICAL_FINDING,unknown,unknown_with_reason:runtime_table_extractor,total frequency percent,total frequency percent,['total frequency percent'],['total frequency percent'],"['low spatial frequency content:0.692', 'low frequency texture:0.682', 'high spatial frequency content:0.679', 'high frequency texture:0.622', 'flicker frequency:0.550']",[],UNRESOLVED:environment:total_frequency_percent,UNRESOLVED:outcome:total_frequency_percent,0.0,0.0,unresolved,unresolved,inferred,0.6923,environment_unresolved|outcome_unresolved,env.unresolved.total_frequency_percent,out.unresolved.total_frequency_percent,positive,edge:doi:10.18419/opus-9385-TBL-C446,COHERENCE_SUPPORT,env.unresolved.total_frequency_percent,out.unresolved.total_frequency_percent,0.4,explicit_statement,true,: Total; Frequency: 391; Percent: 97.3; Valid Percent: 100.0,explains,0.4,argument:default_contextual,table_claim,association,causal_argument,,,,,,,,table,269,269,: Total; Frequency: 391; Percent: 97.3; Valid Percent: 100.0,8af78d7e23708a1c,TBL-20260216235829-103,8,needs_article_type_verification|translation_inferred|environment_unresolved|outcome_unresolved,codex_pdfplumber,pdf_table_extracted,pdf_confirmed,no,table,moderate,2026-02-16T22:59:30.411093+00:00,true
doi:10.18419/opus-9385,doi:10.18419/opus-9385-TBL-C447,finding,doi:10.18419/opus-9385-TBL-C447,Frequency: 11; Percent: 2.7,0.6,EMPIRICAL_FINDING,unknown,unknown_with_reason:runtime_table_extractor,frequency percent frequency,frequency percent frequency,['frequency percent frequency'],['frequency percent frequency'],"['flicker frequency:0.636', 'low frequency texture:0.583', 'high frequency texture:0.571']",[],UNRESOLVED:environment:frequency_percent_frequency,UNRESOLVED:outcome:frequency_percent_frequency,0.0,0.0,unresolved,unresolved,inferred,0.6364,environment_unresolved|outcome_unresolved,env.unresolved.frequency_percent_frequency,out.unresolved.frequency_percent_frequency,positive,edge:doi:10.18419/opus-9385-TBL-C447,COHERENCE_SUPPORT,env.unresolved.frequency_percent_frequency,out.unresolved.frequency_percent_frequency,0.4,explicit_statement,true,Frequency: 11; Percent: 2.7,explains,0.4,argument:default_contextual,table_claim,association,causal_argument,,,,,,,,table,269,269,Frequency: 11; Percent: 2.7,acbf53a7e378cbae,TBL-20260216235829-103,9,needs_article_type_verification|translation_inferred|environment_unresolved|outcome_unresolved,codex_pdfplumber,pdf_table_extracted,pdf_confirmed,no,table,moderate,2026-02-16T22:59:30.571170+00:00,true
doi:10.18419/opus-9385,doi:10.18419/opus-9385-TBL-C449,finding,doi:10.18419/opus-9385-TBL-C449,: 1.69; Frequency: 203; Percent: 50.5; Valid Percent: 51.0; Cumulative Percent: 51.0,0.6,EMPIRICAL_FINDING,unknown,unknown_with_reason:runtime_table_extractor,frequency percent valid,frequency percent valid,['frequency percent valid'],['frequency percent valid'],"['low frequency texture:0.591', 'high frequency texture:0.578', 'low spatial frequency content:0.538', 'high spatial frequency content:0.528']",[],UNRESOLVED:environment:frequency_percent_valid,UNRESOLVED:outcome:frequency_percent_valid,0.0,0.0,unresolved,unresolved,inferred,0.5909,environment_unresolved|outcome_unresolved,env.unresolved.frequency_percent_valid,out.unresolved.frequency_percent_valid,positive,edge:doi:10.18419/opus-9385-TBL-C449,COHERENCE_SUPPORT,env.unresolved.frequency_percent_valid,out.unresolved.frequency_percent_valid,0.4,explicit_statement,true,: 1.69; Frequency: 203; Percent: 50.5; Valid Percent: 51.0; Cumulative Percent: 51.0,explains,0.4,argument:default_contextual,table_claim,association,causal_argument,,,,,,,,table,271,271,: 1.69; Frequency: 203; Percent: 50.5; Valid Percent: 51.0; Cumulative Percent: 51.0,4e74caf8edaf5547,TBL-20260216235829-104,0,needs_article_type_verification|translation_inferred|environment_unresolved|outcome_unresolved,codex_pdfplumber,pdf_table_extracted,pdf_confirmed,no,table,moderate,2026-02-16T22:59:30.733844+00:00,true
doi:10.18419/opus-9385,doi:10.18419/opus-9385-TBL-C450,finding,doi:10.18419/opus-9385-TBL-C450,: 1.00; Frequency: 127; Percent: 31.6; Valid Percent: 31.9; Cumulative Percent: 82.9,0.6,EMPIRICAL_FINDING,unknown,unknown_with_reason:runtime_table_extractor,frequency percent valid,frequency percent valid,['frequency percent valid'],['frequency percent valid'],"['low frequency texture:0.591', 'high frequency texture:0.578', 'low spatial frequency content:0.538', 'high spatial frequency content:0.528']",[],UNRESOLVED:environment:frequency_percent_valid,UNRESOLVED:outcome:frequency_percent_valid,0.0,0.0,unresolved,unresolved,inferred,0.5909,environment_unresolved|outcome_unresolved,env.unresolved.frequency_percent_valid,out.unresolved.frequency_percent_valid,positive,edge:doi:10.18419/opus-9385-TBL-C450,COHERENCE_SUPPORT,env.unresolved.frequency_percent_valid,out.unresolved.frequency_percent_valid,0.4,explicit_statement,true,: 1.00; Frequency: 127; Percent: 31.6; Valid Percent: 31.9; Cumulative Percent: 82.9,explains,0.4,argument:default_contextual,table_claim,association,causal_argument,,,,,,,,table,271,271,: 1.00; Frequency: 127; Percent: 31.6; Valid Percent: 31.9; Cumulative Percent: 82.9,a22f171d8fa8e3e5,TBL-20260216235829-104,1,needs_article_type_verification|translation_inferred|environment_unresolved|outcome_unresolved,codex_pdfplumber,pdf_table_extracted,pdf_confirmed,no,table,moderate,2026-02-16T22:59:30.895247+00:00,true
doi:10.18419/opus-9385,doi:10.18419/opus-9385-TBL-C451,finding,doi:10.18419/opus-9385-TBL-C451,: 1.00; Frequency: 57; Percent: 14.2; Valid Percent: 14.3; Cumulative Percent: 97.2,0.6,EMPIRICAL_FINDING,unknown,unknown_with_reason:runtime_table_extractor,frequency percent valid,frequency percent valid,['frequency percent valid'],['frequency percent valid'],"['low frequency texture:0.591', 'high frequency texture:0.578', 'low spatial frequency content:0.538', 'high spatial frequency content:0.528']",[],UNRESOLVED:environment:frequency_percent_valid,UNRESOLVED:outcome:frequency_percent_valid,0.0,0.0,unresolved,unresolved,inferred,0.5909,environment_unresolved|outcome_unresolved,env.unresolved.frequency_percent_valid,out.unresolved.frequency_percent_valid,positive,edge:doi:10.18419/opus-9385-TBL-C451,COHERENCE_SUPPORT,env.unresolved.frequency_percent_valid,out.unresolved.frequency_percent_valid,0.4,explicit_statement,true,: 1.00; Frequency: 57; Percent: 14.2; Valid Percent: 14.3; Cumulative Percent: 97.2,explains,0.4,argument:default_contextual,table_claim,association,causal_argument,,,,,,,,table,271,271,: 1.00; Frequency: 57; Percent: 14.2; Valid Percent: 14.3; Cumulative Percent: 97.2,c570d80d88b9f1fa,TBL-20260216235829-104,2,needs_article_type_verification|translation_inferred|environment_unresolved|outcome_unresolved,codex_pdfplumber,pdf_table_extracted,pdf_confirmed,no,table,moderate,2026-02-16T22:59:31.055920+00:00,true
doi:10.18419/opus-9385,doi:10.18419/opus-9385-TBL-C452,finding,doi:10.18419/opus-9385-TBL-C452,: 0.82; Frequency: 11; Percent: 2.7; Valid Percent: 2.8; Cumulative Percent: 100.0,0.6,EMPIRICAL_FINDING,unknown,unknown_with_reason:runtime_table_extractor,frequency percent valid,frequency percent valid,['frequency percent valid'],['frequency percent valid'],"['low frequency texture:0.591', 'high frequency texture:0.578', 'low spatial frequency content:0.538', 'high spatial frequency content:0.528']",[],UNRESOLVED:environment:frequency_percent_valid,UNRESOLVED:outcome:frequency_percent_valid,0.0,0.0,unresolved,unresolved,inferred,0.5909,environment_unresolved|outcome_unresolved,env.unresolved.frequency_percent_valid,out.unresolved.frequency_percent_valid,positive,edge:doi:10.18419/opus-9385-TBL-C452,COHERENCE_SUPPORT,env.unresolved.frequency_percent_valid,out.unresolved.frequency_percent_valid,0.4,explicit_statement,true,: 0.82; Frequency: 11; Percent: 2.7; Valid Percent: 2.8; Cumulative Percent: 100.0,explains,0.4,argument:default_contextual,table_claim,association,causal_argument,,,,,,,,table,271,271,: 0.82; Frequency: 11; Percent: 2.7; Valid Percent: 2.8; Cumulative Percent: 100.0,0c1ee24543238bab,TBL-20260216235829-104,3,needs_article_type_verification|translation_inferred|environment_unresolved|outcome_unresolved,codex_pdfplumber,pdf_table_extracted,pdf_confirmed,no,table,moderate,2026-02-16T22:59:31.217517+00:00,true
doi:10.18419/opus-9385,doi:10.18419/opus-9385-TBL-C453,finding,doi:10.18419/opus-9385-TBL-C453,Frequency: 398; Percent: 99.0; Valid Percent: 100.0,0.6,EMPIRICAL_FINDING,unknown,unknown_with_reason:runtime_table_extractor,frequency percent valid,frequency percent valid,['frequency percent valid'],['frequency percent valid'],"['low frequency texture:0.591', 'high frequency texture:0.578', 'low spatial frequency content:0.538', 'high spatial frequency content:0.528']",[],UNRESOLVED:environment:frequency_percent_valid,UNRESOLVED:outcome:frequency_percent_valid,0.0,0.0,unresolved,unresolved,inferred,0.5909,environment_unresolved|outcome_unresolved,env.unresolved.frequency_percent_valid,out.unresolved.frequency_percent_valid,positive,edge:doi:10.18419/opus-9385-TBL-C453,COHERENCE_SUPPORT,env.unresolved.frequency_percent_valid,out.unresolved.frequency_percent_valid,0.4,explicit_statement,true,Frequency: 398; Percent: 99.0; Valid Percent: 100.0,explains,0.4,argument:default_contextual,table_claim,association,causal_argument,,,,,,,,table,271,271,Frequency: 398; Percent: 99.0; Valid Percent: 100.0,950eeb684be893e5,TBL-20260216235829-104,4,needs_article_type_verification|translation_inferred|environment_unresolved|outcome_unresolved,codex_pdfplumber,pdf_table_extracted,pdf_confirmed,no,table,moderate,2026-02-16T22:59:31.379161+00:00,true
doi:10.18419/opus-9385,doi:10.18419/opus-9385-TBL-C458,finding,doi:10.18419/opus-9385-TBL-C458,: 65.8%; Responses: 246,0.6,EMPIRICAL_FINDING,unknown,unknown_with_reason:runtime_table_extractor,responses responses,responses responses,['responses responses'],['responses responses'],[],[],UNRESOLVED:environment:responses_responses,UNRESOLVED:outcome:responses_responses,0.0,0.0,unresolved,unresolved,inferred,0.0,environment_unresolved|outcome_unresolved,env.unresolved.responses_responses,out.unresolved.responses_responses,positive,edge:doi:10.18419/opus-9385-TBL-C458,COHERENCE_SUPPORT,env.unresolved.responses_responses,out.unresolved.responses_responses,0.4,explicit_statement,true,: 65.8%; Responses: 246,explains,0.4,argument:default_contextual,table_claim,association,causal_argument,,,,,,,,table,272,272,: 65.8%; Responses: 246,1eb59ca031a5de87,TBL-20260216235829-106,2,needs_article_type_verification|translation_inferred|environment_unresolved|outcome_unresolved,codex_pdfplumber,pdf_table_extracted,pdf_confirmed,no,table,moderate,2026-02-16T22:59:31.453832+00:00,true
doi:10.18419/opus-9385,doi:10.18419/opus-9385-TBL-C459,finding,doi:10.18419/opus-9385-TBL-C459,: 80.5%; Responses: 301,0.6,EMPIRICAL_FINDING,unknown,unknown_with_reason:runtime_table_extractor,responses responses,responses responses,['responses responses'],['responses responses'],[],[],UNRESOLVED:environment:responses_responses,UNRESOLVED:outcome:responses_responses,0.0,0.0,unresolved,unresolved,inferred,0.0,environment_unresolved|outcome_unresolved,env.unresolved.responses_responses,out.unresolved.responses_responses,positive,edge:doi:10.18419/opus-9385-TBL-C459,COHERENCE_SUPPORT,env.unresolved.responses_responses,out.unresolved.responses_responses,0.4,explicit_statement,true,: 80.5%; Responses: 301,explains,0.4,argument:default_contextual,table_claim,association,causal_argument,,,,,,,,table,272,272,: 80.5%; Responses: 301,8973abf6e0ad0214,TBL-20260216235829-106,3,needs_article_type_verification|translation_inferred|environment_unresolved|outcome_unresolved,codex_pdfplumber,pdf_table_extracted,pdf_confirmed,no,table,moderate,2026-02-16T22:59:31.527743+00:00,true
doi:10.18419/opus-9385,doi:10.18419/opus-9385-TBL-C460,finding,doi:10.18419/opus-9385-TBL-C460,: 48.1%; Responses: 180,0.6,EMPIRICAL_FINDING,unknown,unknown_with_reason:runtime_table_extractor,responses responses,responses responses,['responses responses'],['responses responses'],[],[],UNRESOLVED:environment:responses_responses,UNRESOLVED:outcome:responses_responses,0.0,0.0,unresolved,unresolved,inferred,0.0,environment_unresolved|outcome_unresolved,env.unresolved.responses_responses,out.unresolved.responses_responses,positive,edge:doi:10.18419/opus-9385-TBL-C460,COHERENCE_SUPPORT,env.unresolved.responses_responses,out.unresolved.responses_responses,0.4,explicit_statement,true,: 48.1%; Responses: 180,explains,0.4,argument:default_contextual,table_claim,association,causal_argument,,,,,,,,table,272,272,: 48.1%; Responses: 180,b6d985592a45b7f3,TBL-20260216235829-106,5,needs_article_type_verification|translation_inferred|environment_unresolved|outcome_unresolved,codex_pdfplumber,pdf_table_extracted,pdf_confirmed,no,table,moderate,2026-02-16T22:59:31.601506+00:00,true
doi:10.18419/opus-9385,doi:10.18419/opus-9385-TBL-C461,finding,doi:10.18419/opus-9385-TBL-C461,: 51.6%; Responses: 193,0.6,EMPIRICAL_FINDING,unknown,unknown_with_reason:runtime_table_extractor,responses responses,responses responses,['responses responses'],['responses responses'],[],[],UNRESOLVED:environment:responses_responses,UNRESOLVED:outcome:responses_responses,0.0,0.0,unresolved,unresolved,inferred,0.0,environment_unresolved|outcome_unresolved,env.unresolved.responses_responses,out.unresolved.responses_responses,positive,edge:doi:10.18419/opus-9385-TBL-C461,COHERENCE_SUPPORT,env.unresolved.responses_responses,out.unresolved.responses_responses,0.4,explicit_statement,true,: 51.6%; Responses: 193,explains,0.4,argument:default_contextual,table_claim,association,causal_argument,,,,,,,,table,272,272,: 51.6%; Responses: 193,2558e9be8e1c9194,TBL-20260216235829-106,7,needs_article_type_verification|translation_inferred|environment_unresolved|outcome_unresolved,codex_pdfplumber,pdf_table_extracted,pdf_confirmed,no,table,moderate,2026-02-16T22:59:31.675618+00:00,true
doi:10.18419/opus-9385,doi:10.18419/opus-9385-TBL-C462,finding,doi:10.18419/opus-9385-TBL-C462,: 246.0%; Responses: 920,0.6,EMPIRICAL_FINDING,unknown,unknown_with_reason:runtime_table_extractor,responses responses,responses responses,['responses responses'],['responses responses'],[],[],UNRESOLVED:environment:responses_responses,UNRESOLVED:outcome:responses_responses,0.0,0.0,unresolved,unresolved,inferred,0.0,environment_unresolved|outcome_unresolved,env.unresolved.responses_responses,out.unresolved.responses_responses,positive,edge:doi:10.18419/opus-9385-TBL-C462,COHERENCE_SUPPORT,env.unresolved.responses_responses,out.unresolved.responses_responses,0.4,explicit_statement,true,: 246.0%; Responses: 920,explains,0.4,argument:default_contextual,table_claim,association,causal_argument,,,,,,,,table,272,272,: 246.0%; Responses: 920,c4ad89bfb87cc71c,TBL-20260216235829-106,8,needs_article_type_verification|translation_inferred|environment_unresolved|outcome_unresolved,codex_pdfplumber,pdf_table_extracted,pdf_confirmed,no,table,moderate,2026-02-16T22:59:31.750095+00:00,true
doi:10.18419/opus-9385,doi:10.18419/opus-9385-TBL-C463,finding,doi:10.18419/opus-9385-TBL-C463,Horizontal overhang with: side fins; Perforated shading: (Mashrabya),0.6,EMPIRICAL_FINDING,unknown,unknown_with_reason:runtime_table_extractor,horizontal overhang side,horizontal overhang side,['horizontal overhang side'],['horizontal overhang side'],"['horizontal emphasis:0.744', 'horizontal banding:0.667', 'horizontal composition:0.609', 'metal coverage:0.579', 'information overload:0.545']",[],env.ae.strong_horizontality,UNRESOLVED:outcome:horizontal_overhang_side,0.7442,0.0,fuzzy,unresolved,inferred,0.7442,outcome_unresolved,env.ae.strong_horizontality,out.unresolved.horizontal_overhang_side,positive,edge:doi:10.18419/opus-9385-TBL-C463,COHERENCE_SUPPORT,env.ae.strong_horizontality,out.unresolved.horizontal_overhang_side,0.4,explicit_statement,true,Horizontal overhang with: side fins; Perforated shading: (Mashrabya),explains,0.4,argument:default_contextual,table_claim,association,causal_argument,,,,,,,,table,272,272,Horizontal overhang with: side fins; Perforated shading: (Mashrabya),08a11f44fe727f65,TBL-20260216235829-107,0,needs_article_type_verification|translation_inferred|outcome_unresolved,codex_pdfplumber,pdf_table_extracted,pdf_confirmed,no,table,moderate,2026-02-16T22:59:31.822762+00:00,true
doi:10.18419/opus-9385,doi:10.18419/opus-9385-TBL-C464,finding,doi:10.18419/opus-9385-TBL-C464,Accept: 268; Un-accept: 128; Total: 396,0.6,EMPIRICAL_FINDING,unknown,unknown_with_reason:runtime_table_extractor,accept un-accept total,accept un-accept total,['accept un-accept total'],['accept un-accept total'],[],[],UNRESOLVED:environment:accept_un_accept_total,UNRESOLVED:outcome:accept_un_accept_total,0.0,0.0,unresolved,unresolved,inferred,0.0,environment_unresolved|outcome_unresolved,env.unresolved.accept_un_accept_total,out.unresolved.accept_un_accept_total,positive,edge:doi:10.18419/opus-9385-TBL-C464,COHERENCE_SUPPORT,env.unresolved.accept_un_accept_total,out.unresolved.accept_un_accept_total,0.4,explicit_statement,true,Accept: 268; Un-accept: 128; Total: 396,explains,0.4,argument:default_contextual,table_claim,association,causal_argument,,,,,,,,table,274,274,Accept: 268; Un-accept: 128; Total: 396,26f294c39493beb8,TBL-20260216235830-110,2,needs_article_type_verification|translation_inferred|environment_unresolved|outcome_unresolved,codex_pdfplumber,pdf_table_extracted,pdf_confirmed,no,table,moderate,2026-02-16T22:59:31.994168+00:00,true
doi:10.18419/opus-9385,doi:10.18419/opus-9385-TBL-C465,finding,doi:10.18419/opus-9385-TBL-C465,Accept: 201; Un-accept: 194; Total: 395,0.6,EMPIRICAL_FINDING,unknown,unknown_with_reason:runtime_table_extractor,accept un-accept total,accept un-accept total,['accept un-accept total'],['accept un-accept total'],[],[],UNRESOLVED:environment:accept_un_accept_total,UNRESOLVED:outcome:accept_un_accept_total,0.0,0.0,unresolved,unresolved,inferred,0.0,environment_unresolved|outcome_unresolved,env.unresolved.accept_un_accept_total,out.unresolved.accept_un_accept_total,positive,edge:doi:10.18419/opus-9385-TBL-C465,COHERENCE_SUPPORT,env.unresolved.accept_un_accept_total,out.unresolved.accept_un_accept_total,0.4,explicit_statement,true,Accept: 201; Un-accept: 194; Total: 395,explains,0.4,argument:default_contextual,table_claim,association,causal_argument,,,,,,,,table,274,274,Accept: 201; Un-accept: 194; Total: 395,e237a9ab268cdace,TBL-20260216235830-110,4,needs_article_type_verification|translation_inferred|environment_unresolved|outcome_unresolved,codex_pdfplumber,pdf_table_extracted,pdf_confirmed,no,table,moderate,2026-02-16T22:59:32.167239+00:00,true
doi:10.18419/opus-9385,doi:10.18419/opus-9385-TBL-C466,finding,doi:10.18419/opus-9385-TBL-C466,Accept: 254; Un-accept: 140; Total: 394,0.6,EMPIRICAL_FINDING,unknown,unknown_with_reason:runtime_table_extractor,accept un-accept total,accept un-accept total,['accept un-accept total'],['accept un-accept total'],[],[],UNRESOLVED:environment:accept_un_accept_total,UNRESOLVED:outcome:accept_un_accept_total,0.0,0.0,unresolved,unresolved,inferred,0.0,environment_unresolved|outcome_unresolved,env.unresolved.accept_un_accept_total,out.unresolved.accept_un_accept_total,positive,edge:doi:10.18419/opus-9385-TBL-C466,COHERENCE_SUPPORT,env.unresolved.accept_un_accept_total,out.unresolved.accept_un_accept_total,0.4,explicit_statement,true,Accept: 254; Un-accept: 140; Total: 394,explains,0.4,argument:default_contextual,table_claim,association,causal_argument,,,,,,,,table,274,274,Accept: 254; Un-accept: 140; Total: 394,19977078108b5095,TBL-20260216235830-110,5,needs_article_type_verification|translation_inferred|environment_unresolved|outcome_unresolved,codex_pdfplumber,pdf_table_extracted,pdf_confirmed,no,table,moderate,2026-02-16T22:59:32.339434+00:00,true
doi:10.18419/opus-9385,doi:10.18419/opus-9385-TBL-C467,finding,doi:10.18419/opus-9385-TBL-C467,Accept: 290; Un-accept: 104; Total: 394,0.6,EMPIRICAL_FINDING,unknown,unknown_with_reason:runtime_table_extractor,accept un-accept total,accept un-accept total,['accept un-accept total'],['accept un-accept total'],[],[],UNRESOLVED:environment:accept_un_accept_total,UNRESOLVED:outcome:accept_un_accept_total,0.0,0.0,unresolved,unresolved,inferred,0.0,environment_unresolved|outcome_unresolved,env.unresolved.accept_un_accept_total,out.unresolved.accept_un_accept_total,positive,edge:doi:10.18419/opus-9385-TBL-C467,COHERENCE_SUPPORT,env.unresolved.accept_un_accept_total,out.unresolved.accept_un_accept_total,0.4,explicit_statement,true,Accept: 290; Un-accept: 104; Total: 394,explains,0.4,argument:default_contextual,table_claim,association,causal_argument,,,,,,,,table,274,274,Accept: 290; Un-accept: 104; Total: 394,b0de90b19e38812f,TBL-20260216235830-110,8,needs_article_type_verification|translation_inferred|environment_unresolved|outcome_unresolved,codex_pdfplumber,pdf_table_extracted,pdf_confirmed,no,table,moderate,2026-02-16T22:59:32.512029+00:00,true
doi:10.18419/opus-9385,doi:10.18419/opus-9385-TBL-C468,finding,doi:10.18419/opus-9385-TBL-C468,Accept: 223; Un-accept: 172; Total: 395,0.6,EMPIRICAL_FINDING,unknown,unknown_with_reason:runtime_table_extractor,accept un-accept total,accept un-accept total,['accept un-accept total'],['accept un-accept total'],[],[],UNRESOLVED:environment:accept_un_accept_total,UNRESOLVED:outcome:accept_un_accept_total,0.0,0.0,unresolved,unresolved,inferred,0.0,environment_unresolved|outcome_unresolved,env.unresolved.accept_un_accept_total,out.unresolved.accept_un_accept_total,positive,edge:doi:10.18419/opus-9385-TBL-C468,COHERENCE_SUPPORT,env.unresolved.accept_un_accept_total,out.unresolved.accept_un_accept_total,0.4,explicit_statement,true,Accept: 223; Un-accept: 172; Total: 395,explains,0.4,argument:default_contextual,table_claim,association,causal_argument,,,,,,,,table,274,274,Accept: 223; Un-accept: 172; Total: 395,14557d060662953f,TBL-20260216235830-110,9,needs_article_type_verification|translation_inferred|environment_unresolved|outcome_unresolved,codex_pdfplumber,pdf_table_extracted,pdf_confirmed,no,table,moderate,2026-02-16T22:59:32.683425+00:00,true
doi:10.18419/opus-9385,doi:10.18419/opus-9385-TBL-C469,finding,doi:10.18419/opus-9385-TBL-C469,: 50.2,0.6,EMPIRICAL_FINDING,unknown,unknown_with_reason:runtime_table_extractor,environment,unspecified_outcome,['unspecified_environment'],['unspecified_outcome'],"['dirty environment:0.600', 'immaculate environment:0.578', 'brand-heavy environment:0.565']",[],env.ae.visible_dirt/decay,UNRESOLVED:outcome:unspecified_outcome,0.7857,0.0,fuzzy,unresolved,untranslatable_noise,0.7857,outcome_unresolved|low_information_source,env.ae.visible_dirt_decay,out.unresolved.unspecified_outcome,positive,edge:doi:10.18419/opus-9385-TBL-C469,COHERENCE_SUPPORT,env.ae.visible_dirt_decay,out.unresolved.unspecified_outcome,0.4,explicit_statement,true,: 50.2,explains,0.4,argument:default_contextual,table_claim,association,causal_argument,,,,,,,,table,274,274,: 50.2,07296878d886e5da,TBL-20260216235830-111,18,needs_article_type_verification|translation_untranslatable_noise|outcome_unresolved|low_information_source,codex_pdfplumber,pdf_table_extracted,pdf_confirmed,no,table,moderate,2026-02-16T22:59:32.823775+00:00,true
doi:10.18419/opus-9385,doi:10.18419/opus-9385-TBL-C478,finding,doi:10.18419/opus-9385-TBL-C478,: 1.42; Frequency: 1; Percent: .2; Valid Percent: .2; Cumulative Percent: .2,0.6,EMPIRICAL_FINDING,unknown,unknown_with_reason:runtime_table_extractor,frequency percent valid,frequency percent valid,['frequency percent valid'],['frequency percent valid'],"['low frequency texture:0.591', 'high frequency texture:0.578', 'low spatial frequency content:0.538', 'high spatial frequency content:0.528']",[],UNRESOLVED:environment:frequency_percent_valid,UNRESOLVED:outcome:frequency_percent_valid,0.0,0.0,unresolved,unresolved,inferred,0.5909,environment_unresolved|outcome_unresolved,env.unresolved.frequency_percent_valid,out.unresolved.frequency_percent_valid,positive,edge:doi:10.18419/opus-9385-TBL-C478,COHERENCE_SUPPORT,env.unresolved.frequency_percent_valid,out.unresolved.frequency_percent_valid,0.4,explicit_statement,true,: 1.42; Frequency: 1; Percent: .2; Valid Percent: .2; Cumulative Percent: .2,explains,0.4,argument:default_contextual,table_claim,association,causal_argument,,,,,,,,table,276,276,: 1.42; Frequency: 1; Percent: .2; Valid Percent: .2; Cumulative Percent: .2,dd4d4c34539eaa53,TBL-20260216235830-113,0,needs_article_type_verification|translation_inferred|environment_unresolved|outcome_unresolved,codex_pdfplumber,pdf_table_extracted,pdf_confirmed,no,table,moderate,2026-02-16T22:59:32.985531+00:00,true
doi:10.18419/opus-9385,doi:10.18419/opus-9385-TBL-C479,finding,doi:10.18419/opus-9385-TBL-C479,: 1.00; Frequency: 25; Percent: 6.2; Valid Percent: 6.2; Cumulative Percent: 6.5,0.6,EMPIRICAL_FINDING,unknown,unknown_with_reason:runtime_table_extractor,frequency percent valid,frequency percent valid,['frequency percent valid'],['frequency percent valid'],"['low frequency texture:0.591', 'high frequency texture:0.578', 'low spatial frequency content:0.538', 'high spatial frequency content:0.528']",[],UNRESOLVED:environment:frequency_percent_valid,UNRESOLVED:outcome:frequency_percent_valid,0.0,0.0,unresolved,unresolved,inferred,0.5909,environment_unresolved|outcome_unresolved,env.unresolved.frequency_percent_valid,out.unresolved.frequency_percent_valid,positive,edge:doi:10.18419/opus-9385-TBL-C479,COHERENCE_SUPPORT,env.unresolved.frequency_percent_valid,out.unresolved.frequency_percent_valid,0.4,explicit_statement,true,: 1.00; Frequency: 25; Percent: 6.2; Valid Percent: 6.2; Cumulative Percent: 6.5,explains,0.4,argument:default_contextual,table_claim,association,causal_argument,,,,,,,,table,276,276,: 1.00; Frequency: 25; Percent: 6.2; Valid Percent: 6.2; Cumulative Percent: 6.5,a8b69ed25617aeb7,TBL-20260216235830-113,1,needs_article_type_verification|translation_inferred|environment_unresolved|outcome_unresolved,codex_pdfplumber,pdf_table_extracted,pdf_confirmed,no,table,moderate,2026-02-16T22:59:33.146901+00:00,true
doi:10.18419/opus-9385,doi:10.18419/opus-9385-TBL-C480,finding,doi:10.18419/opus-9385-TBL-C480,: 2.00; Frequency: 179; Percent: 44.5; Valid Percent: 44.6; Cumulative Percent: 51.1,0.6,EMPIRICAL_FINDING,unknown,unknown_with_reason:runtime_table_extractor,frequency percent valid,frequency percent valid,['frequency percent valid'],['frequency percent valid'],"['low frequency texture:0.591', 'high frequency texture:0.578', 'low spatial frequency content:0.538', 'high spatial frequency content:0.528']",[],UNRESOLVED:environment:frequency_percent_valid,UNRESOLVED:outcome:frequency_percent_valid,0.0,0.0,unresolved,unresolved,inferred,0.5909,environment_unresolved|outcome_unresolved,env.unresolved.frequency_percent_valid,out.unresolved.frequency_percent_valid,positive,edge:doi:10.18419/opus-9385-TBL-C480,COHERENCE_SUPPORT,env.unresolved.frequency_percent_valid,out.unresolved.frequency_percent_valid,0.4,explicit_statement,true,: 2.00; Frequency: 179; Percent: 44.5; Valid Percent: 44.6; Cumulative Percent: 51.1,explains,0.4,argument:default_contextual,table_claim,association,causal_argument,,,,,,,,table,276,276,: 2.00; Frequency: 179; Percent: 44.5; Valid Percent: 44.6; Cumulative Percent: 51.1,89eec2e0cca5d481,TBL-20260216235830-113,2,needs_article_type_verification|translation_inferred|environment_unresolved|outcome_unresolved,codex_pdfplumber,pdf_table_extracted,pdf_confirmed,no,table,moderate,2026-02-16T22:59:33.308616+00:00,true
doi:10.18419/opus-9385,doi:10.18419/opus-9385-TBL-C481,finding,doi:10.18419/opus-9385-TBL-C481,: 0.62; Frequency: 196; Percent: 48.8; Valid Percent: 48.9; Cumulative Percent: 100.0,0.6,EMPIRICAL_FINDING,unknown,unknown_with_reason:runtime_table_extractor,frequency percent valid,frequency percent valid,['frequency percent valid'],['frequency percent valid'],"['low frequency texture:0.591', 'high frequency texture:0.578', 'low spatial frequency content:0.538', 'high spatial frequency content:0.528']",[],UNRESOLVED:environment:frequency_percent_valid,UNRESOLVED:outcome:frequency_percent_valid,0.0,0.0,unresolved,unresolved,inferred,0.5909,environment_unresolved|outcome_unresolved,env.unresolved.frequency_percent_valid,out.unresolved.frequency_percent_valid,positive,edge:doi:10.18419/opus-9385-TBL-C481,COHERENCE_SUPPORT,env.unresolved.frequency_percent_valid,out.unresolved.frequency_percent_valid,0.4,explicit_statement,true,: 0.62; Frequency: 196; Percent: 48.8; Valid Percent: 48.9; Cumulative Percent: 100.0,explains,0.4,argument:default_contextual,table_claim,association,causal_argument,,,,,,,,table,276,276,: 0.62; Frequency: 196; Percent: 48.8; Valid Percent: 48.9; Cumulative Percent: 100.0,c405c111e763773b,TBL-20260216235830-113,3,needs_article_type_verification|translation_inferred|environment_unresolved|outcome_unresolved,codex_pdfplumber,pdf_table_extracted,pdf_confirmed,no,table,moderate,2026-02-16T22:59:33.470425+00:00,true
doi:10.18419/opus-9385,doi:10.18419/opus-9385-TBL-C482,finding,doi:10.18419/opus-9385-TBL-C482,Frequency: 401; Percent: 99.8; Valid Percent: 100.0,0.6,EMPIRICAL_FINDING,unknown,unknown_with_reason:runtime_table_extractor,frequency percent valid,frequency percent valid,['frequency percent valid'],['frequency percent valid'],"['low frequency texture:0.591', 'high frequency texture:0.578', 'low spatial frequency content:0.538', 'high spatial frequency content:0.528']",[],UNRESOLVED:environment:frequency_percent_valid,UNRESOLVED:outcome:frequency_percent_valid,0.0,0.0,unresolved,unresolved,inferred,0.5909,environment_unresolved|outcome_unresolved,env.unresolved.frequency_percent_valid,out.unresolved.frequency_percent_valid,positive,edge:doi:10.18419/opus-9385-TBL-C482,COHERENCE_SUPPORT,env.unresolved.frequency_percent_valid,out.unresolved.frequency_percent_valid,0.4,explicit_statement,true,Frequency: 401; Percent: 99.8; Valid Percent: 100.0,explains,0.4,argument:default_contextual,table_claim,association,causal_argument,,,,,,,,table,276,276,Frequency: 401; Percent: 99.8; Valid Percent: 100.0,5bc5f7790b2e32f6,TBL-20260216235830-113,4,needs_article_type_verification|translation_inferred|environment_unresolved|outcome_unresolved,codex_pdfplumber,pdf_table_extracted,pdf_confirmed,no,table,moderate,2026-02-16T22:59:33.635859+00:00,true
doi:10.18419/opus-9385,doi:10.18419/opus-9385-TBL-C486,finding,doi:10.18419/opus-9385-TBL-C486,Frequency: 2; Percent: .5; Valid Percent: .5; Cumulative Percent: .5,0.6,EMPIRICAL_FINDING,unknown,unknown_with_reason:runtime_table_extractor,frequency percent valid,frequency percent valid,['frequency percent valid'],['frequency percent valid'],"['low frequency texture:0.591', 'high frequency texture:0.578', 'low spatial frequency content:0.538', 'high spatial frequency content:0.528']",[],UNRESOLVED:environment:frequency_percent_valid,UNRESOLVED:outcome:frequency_percent_valid,0.0,0.0,unresolved,unresolved,inferred,0.5909,environment_unresolved|outcome_unresolved,env.unresolved.frequency_percent_valid,out.unresolved.frequency_percent_valid,positive,edge:doi:10.18419/opus-9385-TBL-C486,COHERENCE_SUPPORT,env.unresolved.frequency_percent_valid,out.unresolved.frequency_percent_valid,0.4,explicit_statement,true,Frequency: 2; Percent: .5; Valid Percent: .5; Cumulative Percent: .5,explains,0.4,argument:default_contextual,table_claim,association,causal_argument,,,,,,,,table,278,278,Frequency: 2; Percent: .5; Valid Percent: .5; Cumulative Percent: .5,734cbbbec31afb1d,TBL-20260216235830-115,1,needs_article_type_verification|translation_inferred|environment_unresolved|outcome_unresolved,codex_pdfplumber,pdf_table_extracted,pdf_confirmed,no,table,moderate,2026-02-16T22:59:33.802665+00:00,true
doi:10.18419/opus-9385,doi:10.18419/opus-9385-TBL-C487,finding,doi:10.18419/opus-9385-TBL-C487,Frequency: 19; Percent: 4.7; Valid Percent: 4.8; Cumulative Percent: 5.3,0.6,EMPIRICAL_FINDING,unknown,unknown_with_reason:runtime_table_extractor,frequency percent valid,frequency percent valid,['frequency percent valid'],['frequency percent valid'],"['low frequency texture:0.591', 'high frequency texture:0.578', 'low spatial frequency content:0.538', 'high spatial frequency content:0.528']",[],UNRESOLVED:environment:frequency_percent_valid,UNRESOLVED:outcome:frequency_percent_valid,0.0,0.0,unresolved,unresolved,inferred,0.5909,environment_unresolved|outcome_unresolved,env.unresolved.frequency_percent_valid,out.unresolved.frequency_percent_valid,positive,edge:doi:10.18419/opus-9385-TBL-C487,COHERENCE_SUPPORT,env.unresolved.frequency_percent_valid,out.unresolved.frequency_percent_valid,0.4,explicit_statement,true,Frequency: 19; Percent: 4.7; Valid Percent: 4.8; Cumulative Percent: 5.3,explains,0.4,argument:default_contextual,table_claim,association,causal_argument,,,,,,,,table,278,278,Frequency: 19; Percent: 4.7; Valid Percent: 4.8; Cumulative Percent: 5.3,248775fe133eabd0,TBL-20260216235830-115,5,needs_article_type_verification|translation_inferred|environment_unresolved|outcome_unresolved,codex_pdfplumber,pdf_table_extracted,pdf_confirmed,no,table,moderate,2026-02-16T22:59:33.963942+00:00,true
doi:10.18419/opus-9385,doi:10.18419/opus-9385-TBL-C488,finding,doi:10.18419/opus-9385-TBL-C488,Frequency: 25; Percent: 6.2; Valid Percent: 6.3; Cumulative Percent: 11.5,0.6,EMPIRICAL_FINDING,unknown,unknown_with_reason:runtime_table_extractor,frequency percent valid,frequency percent valid,['frequency percent valid'],['frequency percent valid'],"['low frequency texture:0.591', 'high frequency texture:0.578', 'low spatial frequency content:0.538', 'high spatial frequency content:0.528']",[],UNRESOLVED:environment:frequency_percent_valid,UNRESOLVED:outcome:frequency_percent_valid,0.0,0.0,unresolved,unresolved,inferred,0.5909,environment_unresolved|outcome_unresolved,env.unresolved.frequency_percent_valid,out.unresolved.frequency_percent_valid,positive,edge:doi:10.18419/opus-9385-TBL-C488,COHERENCE_SUPPORT,env.unresolved.frequency_percent_valid,out.unresolved.frequency_percent_valid,0.4,explicit_statement,true,Frequency: 25; Percent: 6.2; Valid Percent: 6.3; Cumulative Percent: 11.5,explains,0.4,argument:default_contextual,table_claim,association,causal_argument,,,,,,,,table,278,278,Frequency: 25; Percent: 6.2; Valid Percent: 6.3; Cumulative Percent: 11.5,b1b830cf538e36d2,TBL-20260216235830-115,9,needs_article_type_verification|translation_inferred|environment_unresolved|outcome_unresolved,codex_pdfplumber,pdf_table_extracted,pdf_confirmed,no,table,moderate,2026-02-16T22:59:34.125532+00:00,true
doi:10.18419/opus-9385,doi:10.18419/opus-9385-TBL-C489,finding,doi:10.18419/opus-9385-TBL-C489,Frequency: 44; Percent: 10.9; Valid Percent: 11.0; Cumulative Percent: 22.6,0.6,EMPIRICAL_FINDING,unknown,unknown_with_reason:runtime_table_extractor,frequency percent valid,frequency percent valid,['frequency percent valid'],['frequency percent valid'],"['low frequency texture:0.591', 'high frequency texture:0.578', 'low spatial frequency content:0.538', 'high spatial frequency content:0.528']",[],UNRESOLVED:environment:frequency_percent_valid,UNRESOLVED:outcome:frequency_percent_valid,0.0,0.0,unresolved,unresolved,inferred,0.5909,environment_unresolved|outcome_unresolved,env.unresolved.frequency_percent_valid,out.unresolved.frequency_percent_valid,positive,edge:doi:10.18419/opus-9385-TBL-C489,COHERENCE_SUPPORT,env.unresolved.frequency_percent_valid,out.unresolved.frequency_percent_valid,0.4,explicit_statement,true,Frequency: 44; Percent: 10.9; Valid Percent: 11.0; Cumulative Percent: 22.6,explains,0.4,argument:default_contextual,table_claim,association,causal_argument,,,,,,,,table,278,278,Frequency: 44; Percent: 10.9; Valid Percent: 11.0; Cumulative Percent: 22.6,6d37ee6309716bb0,TBL-20260216235830-115,13,needs_article_type_verification|translation_inferred|environment_unresolved|outcome_unresolved,codex_pdfplumber,pdf_table_extracted,pdf_confirmed,no,table,moderate,2026-02-16T22:59:34.290661+00:00,true
doi:10.18419/opus-9385,doi:10.18419/opus-9385-TBL-C490,finding,doi:10.18419/opus-9385-TBL-C490,Frequency: 67; Percent: 16.7; Valid Percent: 16.8; Cumulative Percent: 39.3,0.6,EMPIRICAL_FINDING,unknown,unknown_with_reason:runtime_table_extractor,frequency percent valid,frequency percent valid,['frequency percent valid'],['frequency percent valid'],"['low frequency texture:0.591', 'high frequency texture:0.578', 'low spatial frequency content:0.538', 'high spatial frequency content:0.528']",[],UNRESOLVED:environment:frequency_percent_valid,UNRESOLVED:outcome:frequency_percent_valid,0.0,0.0,unresolved,unresolved,inferred,0.5909,environment_unresolved|outcome_unresolved,env.unresolved.frequency_percent_valid,out.unresolved.frequency_percent_valid,positive,edge:doi:10.18419/opus-9385-TBL-C490,COHERENCE_SUPPORT,env.unresolved.frequency_percent_valid,out.unresolved.frequency_percent_valid,0.4,explicit_statement,true,Frequency: 67; Percent: 16.7; Valid Percent: 16.8; Cumulative Percent: 39.3,explains,0.4,argument:default_contextual,table_claim,association,causal_argument,,,,,,,,table,278,278,Frequency: 67; Percent: 16.7; Valid Percent: 16.8; Cumulative Percent: 39.3,e7518a814c9f9f25,TBL-20260216235830-115,17,needs_article_type_verification|translation_inferred|environment_unresolved|outcome_unresolved,codex_pdfplumber,pdf_table_extracted,pdf_confirmed,no,table,moderate,2026-02-16T22:59:34.456121+00:00,true
doi:10.18419/opus-9385,doi:10.18419/opus-9385-TBL-C491,finding,doi:10.18419/opus-9385-TBL-C491,Frequency: 90; Percent: 22.4; Valid Percent: 22.6; Cumulative Percent: 61.9,0.6,EMPIRICAL_FINDING,unknown,unknown_with_reason:runtime_table_extractor,frequency percent valid,frequency percent valid,['frequency percent valid'],['frequency percent valid'],"['low frequency texture:0.591', 'high frequency texture:0.578', 'low spatial frequency content:0.538', 'high spatial frequency content:0.528']",[],UNRESOLVED:environment:frequency_percent_valid,UNRESOLVED:outcome:frequency_percent_valid,0.0,0.0,unresolved,unresolved,inferred,0.5909,environment_unresolved|outcome_unresolved,env.unresolved.frequency_percent_valid,out.unresolved.frequency_percent_valid,positive,edge:doi:10.18419/opus-9385-TBL-C491,COHERENCE_SUPPORT,env.unresolved.frequency_percent_valid,out.unresolved.frequency_percent_valid,0.4,explicit_statement,true,Frequency: 90; Percent: 22.4; Valid Percent: 22.6; Cumulative Percent: 61.9,explains,0.4,argument:default_contextual,table_claim,association,causal_argument,,,,,,,,table,278,278,Frequency: 90; Percent: 22.4; Valid Percent: 22.6; Cumulative Percent: 61.9,23d4fcfc72552471,TBL-20260216235830-115,21,needs_article_type_verification|translation_inferred|environment_unresolved|outcome_unresolved,codex_pdfplumber,pdf_table_extracted,pdf_confirmed,no,table,moderate,2026-02-16T22:59:34.620392+00:00,true
doi:10.18419/opus-9385,doi:10.18419/opus-9385-TBL-C492,finding,doi:10.18419/opus-9385-TBL-C492,Frequency: 64; Percent: 15.9; Valid Percent: 16.0; Cumulative Percent: 77.9,0.6,EMPIRICAL_FINDING,unknown,unknown_with_reason:runtime_table_extractor,frequency percent valid,frequency percent valid,['frequency percent valid'],['frequency percent valid'],"['low frequency texture:0.591', 'high frequency texture:0.578', 'low spatial frequency content:0.538', 'high spatial frequency content:0.528']",[],UNRESOLVED:environment:frequency_percent_valid,UNRESOLVED:outcome:frequency_percent_valid,0.0,0.0,unresolved,unresolved,inferred,0.5909,environment_unresolved|outcome_unresolved,env.unresolved.frequency_percent_valid,out.unresolved.frequency_percent_valid,positive,edge:doi:10.18419/opus-9385-TBL-C492,COHERENCE_SUPPORT,env.unresolved.frequency_percent_valid,out.unresolved.frequency_percent_valid,0.4,explicit_statement,true,Frequency: 64; Percent: 15.9; Valid Percent: 16.0; Cumulative Percent: 77.9,explains,0.4,argument:default_contextual,table_claim,association,causal_argument,,,,,,,,table,278,278,Frequency: 64; Percent: 15.9; Valid Percent: 16.0; Cumulative Percent: 77.9,367a324fabce88d2,TBL-20260216235830-115,25,needs_article_type_verification|translation_inferred|environment_unresolved|outcome_unresolved,codex_pdfplumber,pdf_table_extracted,pdf_confirmed,no,table,moderate,2026-02-16T22:59:34.781740+00:00,true
doi:10.18419/opus-9385,doi:10.18419/opus-9385-TBL-C493,finding,doi:10.18419/opus-9385-TBL-C493,Frequency: 50; Percent: 12.4; Valid Percent: 12.5; Cumulative Percent: 90.5,0.6,EMPIRICAL_FINDING,unknown,unknown_with_reason:runtime_table_extractor,frequency percent valid,frequency percent valid,['frequency percent valid'],['frequency percent valid'],"['low frequency texture:0.591', 'high frequency texture:0.578', 'low spatial frequency content:0.538', 'high spatial frequency content:0.528']",[],UNRESOLVED:environment:frequency_percent_valid,UNRESOLVED:outcome:frequency_percent_valid,0.0,0.0,unresolved,unresolved,inferred,0.5909,environment_unresolved|outcome_unresolved,env.unresolved.frequency_percent_valid,out.unresolved.frequency_percent_valid,positive,edge:doi:10.18419/opus-9385-TBL-C493,COHERENCE_SUPPORT,env.unresolved.frequency_percent_valid,out.unresolved.frequency_percent_valid,0.4,explicit_statement,true,Frequency: 50; Percent: 12.4; Valid Percent: 12.5; Cumulative Percent: 90.5,explains,0.4,argument:default_contextual,table_claim,association,causal_argument,,,,,,,,table,278,278,Frequency: 50; Percent: 12.4; Valid Percent: 12.5; Cumulative Percent: 90.5,1be6348fe33867f3,TBL-20260216235830-115,29,needs_article_type_verification|translation_inferred|environment_unresolved|outcome_unresolved,codex_pdfplumber,pdf_table_extracted,pdf_confirmed,no,table,moderate,2026-02-16T22:59:34.945333+00:00,true
doi:10.18419/opus-9385,doi:10.18419/opus-9385-TBL-C494,finding,doi:10.18419/opus-9385-TBL-C494,Frequency: 31; Percent: 7.7; Valid Percent: 7.8; Cumulative Percent: 98.2,0.6,EMPIRICAL_FINDING,unknown,unknown_with_reason:runtime_table_extractor,frequency percent valid,frequency percent valid,['frequency percent valid'],['frequency percent valid'],"['low frequency texture:0.591', 'high frequency texture:0.578', 'low spatial frequency content:0.538', 'high spatial frequency content:0.528']",[],UNRESOLVED:environment:frequency_percent_valid,UNRESOLVED:outcome:frequency_percent_valid,0.0,0.0,unresolved,unresolved,inferred,0.5909,environment_unresolved|outcome_unresolved,env.unresolved.frequency_percent_valid,out.unresolved.frequency_percent_valid,positive,edge:doi:10.18419/opus-9385-TBL-C494,COHERENCE_SUPPORT,env.unresolved.frequency_percent_valid,out.unresolved.frequency_percent_valid,0.4,explicit_statement,true,Frequency: 31; Percent: 7.7; Valid Percent: 7.8; Cumulative Percent: 98.2,explains,0.4,argument:default_contextual,table_claim,association,causal_argument,,,,,,,,table,278,278,Frequency: 31; Percent: 7.7; Valid Percent: 7.8; Cumulative Percent: 98.2,e2a4bf7983612870,TBL-20260216235830-115,33,needs_article_type_verification|translation_inferred|environment_unresolved|outcome_unresolved,codex_pdfplumber,pdf_table_extracted,pdf_confirmed,no,table,moderate,2026-02-16T22:59:35.108751+00:00,true
doi:10.18419/opus-9385,doi:10.18419/opus-9385-TBL-C495,finding,doi:10.18419/opus-9385-TBL-C495,Frequency: 6; Percent: 1.5; Valid Percent: 1.5; Cumulative Percent: 99.7,0.6,EMPIRICAL_FINDING,unknown,unknown_with_reason:runtime_table_extractor,frequency percent valid,frequency percent valid,['frequency percent valid'],['frequency percent valid'],"['low frequency texture:0.591', 'high frequency texture:0.578', 'low spatial frequency content:0.538', 'high spatial frequency content:0.528']",[],UNRESOLVED:environment:frequency_percent_valid,UNRESOLVED:outcome:frequency_percent_valid,0.0,0.0,unresolved,unresolved,inferred,0.5909,environment_unresolved|outcome_unresolved,env.unresolved.frequency_percent_valid,out.unresolved.frequency_percent_valid,positive,edge:doi:10.18419/opus-9385-TBL-C495,COHERENCE_SUPPORT,env.unresolved.frequency_percent_valid,out.unresolved.frequency_percent_valid,0.4,explicit_statement,true,Frequency: 6; Percent: 1.5; Valid Percent: 1.5; Cumulative Percent: 99.7,explains,0.4,argument:default_contextual,table_claim,association,causal_argument,,,,,,,,table,278,278,Frequency: 6; Percent: 1.5; Valid Percent: 1.5; Cumulative Percent: 99.7,e110adda857c72c4,TBL-20260216235830-115,37,needs_article_type_verification|translation_inferred|environment_unresolved|outcome_unresolved,codex_pdfplumber,pdf_table_extracted,pdf_confirmed,no,table,moderate,2026-02-16T22:59:35.271110+00:00,true
doi:10.18419/opus-9385,doi:10.18419/opus-9385-TBL-C497,finding,doi:10.18419/opus-9385-TBL-C497,Frequency: 399; Percent: 99.3; Valid Percent: 100.0,0.6,EMPIRICAL_FINDING,unknown,unknown_with_reason:runtime_table_extractor,frequency percent valid,frequency percent valid,['frequency percent valid'],['frequency percent valid'],"['low frequency texture:0.591', 'high frequency texture:0.578', 'low spatial frequency content:0.538', 'high spatial frequency content:0.528']",[],UNRESOLVED:environment:frequency_percent_valid,UNRESOLVED:outcome:frequency_percent_valid,0.0,0.0,unresolved,unresolved,inferred,0.5909,environment_unresolved|outcome_unresolved,env.unresolved.frequency_percent_valid,out.unresolved.frequency_percent_valid,positive,edge:doi:10.18419/opus-9385-TBL-C497,COHERENCE_SUPPORT,env.unresolved.frequency_percent_valid,out.unresolved.frequency_percent_valid,0.4,explicit_statement,true,Frequency: 399; Percent: 99.3; Valid Percent: 100.0,explains,0.4,argument:default_contextual,table_claim,association,causal_argument,,,,,,,,table,278,278,Frequency: 399; Percent: 99.3; Valid Percent: 100.0,7a9099b5eed0fa38,TBL-20260216235830-115,44,needs_article_type_verification|translation_inferred|environment_unresolved|outcome_unresolved,codex_pdfplumber,pdf_table_extracted,pdf_confirmed,no,table,moderate,2026-02-16T22:59:35.435936+00:00,true
doi:10.18419/opus-9385,doi:10.18419/opus-9385-TBL-C500,finding,doi:10.18419/opus-9385-TBL-C500,Visual Preference: (0-100%); E.E. thermal comfort: (100-0%),0.6,EMPIRICAL_FINDING,unknown,unknown_with_reason:runtime_table_extractor,visual,visual preference thermal,['visual preference thermal'],['visual preference thermal'],"['visual permeability:0.591', 'animal presence cues:0.578', 'visual entropy:0.564', 'visual entropy spatial:0.553', 'low visual permeability:0.542']",[],env.ae.view_to_outdoors,out.generic.comfort,0.7273,0.42,fuzzy,generic_keyword,inferred,0.7273,,env.ae.view_to_outdoors,out.generic.comfort,positive,edge:doi:10.18419/opus-9385-TBL-C500,COHERENCE_SUPPORT,env.ae.view_to_outdoors,out.generic.comfort,0.4,explicit_statement,true,Visual Preference: (0-100%); E.E. thermal comfort: (100-0%),explains,0.4,argument:default_contextual,table_claim,association,causal_argument,,,,,,,,table,278,278,Visual Preference: (0-100%); E.E. thermal comfort: (100-0%),782fa80a7b63be4b,TBL-20260216235830-116,0,needs_article_type_verification|translation_inferred,codex_pdfplumber,pdf_table_extracted,pdf_confirmed,no,table,moderate,2026-02-16T22:59:35.580345+00:00,true
doi:10.18419/opus-9385,doi:10.18419/opus-9385-TBL-C501,finding,doi:10.18419/opus-9385-TBL-C501,: Valid; Visual Preference: 398; E.E. thermal comfort: 398,0.6,EMPIRICAL_FINDING,unknown,unknown_with_reason:runtime_table_extractor,visual,valid visual preference,['valid visual preference'],['valid visual preference'],"['low visual permeability:0.565', 'animal presence cues:0.558', 'visual privacy:0.541', 'visual disorder:0.526', 'visual permeability:0.524']",[],env.ae.view_to_outdoors,out.generic.comfort,0.7273,0.42,fuzzy,generic_keyword,inferred,0.7273,,env.ae.view_to_outdoors,out.generic.comfort,positive,edge:doi:10.18419/opus-9385-TBL-C501,COHERENCE_SUPPORT,env.ae.view_to_outdoors,out.generic.comfort,0.4,explicit_statement,true,: Valid; Visual Preference: 398; E.E. thermal comfort: 398,explains,0.4,argument:default_contextual,table_claim,association,causal_argument,,,,,,,,table,278,278,: Valid; Visual Preference: 398; E.E. thermal comfort: 398,2183151b062ec233,TBL-20260216235830-116,1,needs_article_type_verification|translation_inferred,codex_pdfplumber,pdf_table_extracted,pdf_confirmed,no,table,moderate,2026-02-16T22:59:35.727453+00:00,true
doi:10.18419/opus-9385,doi:10.18419/opus-9385-TBL-C502,finding,doi:10.18419/opus-9385-TBL-C502,: Missing; Visual Preference: 4; E.E. thermal comfort: 4,0.6,EMPIRICAL_FINDING,unknown,unknown_with_reason:runtime_table_extractor,visual,missing visual preference,['missing visual preference'],['missing visual preference'],[],[],env.ae.view_to_outdoors,out.generic.comfort,0.7273,0.42,fuzzy,generic_keyword,inferred,0.7273,,env.ae.view_to_outdoors,out.generic.comfort,positive,edge:doi:10.18419/opus-9385-TBL-C502,COHERENCE_SUPPORT,env.ae.view_to_outdoors,out.generic.comfort,0.4,explicit_statement,true,: Missing; Visual Preference: 4; E.E. thermal comfort: 4,explains,0.4,argument:default_contextual,table_claim,association,causal_argument,,,,,,,,table,278,278,: Missing; Visual Preference: 4; E.E. thermal comfort: 4,91184e167619d8aa,TBL-20260216235830-116,3,needs_article_type_verification|translation_inferred,codex_pdfplumber,pdf_table_extracted,pdf_confirmed,no,table,moderate,2026-02-16T22:59:35.908943+00:00,true
doi:10.18419/opus-9385,doi:10.18419/opus-9385-TBL-C503,finding,doi:10.18419/opus-9385-TBL-C503,Visual Preference: 49.20; E.E. thermal comfort: 50.80,0.6,EMPIRICAL_FINDING,unknown,unknown_with_reason:runtime_table_extractor,visual,visual preference thermal,['visual preference thermal'],['visual preference thermal'],"['visual permeability:0.591', 'animal presence cues:0.578', 'visual entropy:0.564', 'visual entropy spatial:0.553', 'low visual permeability:0.542']",[],env.ae.view_to_outdoors,out.generic.comfort,0.7273,0.42,fuzzy,generic_keyword,inferred,0.7273,,env.ae.view_to_outdoors,out.generic.comfort,positive,edge:doi:10.18419/opus-9385-TBL-C503,COHERENCE_SUPPORT,env.ae.view_to_outdoors,out.generic.comfort,0.4,explicit_statement,true,Visual Preference: 49.20; E.E. thermal comfort: 50.80,explains,0.4,argument:default_contextual,table_claim,association,causal_argument,,,,,,,,table,278,278,Visual Preference: 49.20; E.E. thermal comfort: 50.80,c4c8a7a7041857f3,TBL-20260216235830-116,5,needs_article_type_verification|translation_inferred,codex_pdfplumber,pdf_table_extracted,pdf_confirmed,no,table,moderate,2026-02-16T22:59:36.053853+00:00,true
doi:10.18419/opus-9385,doi:10.18419/opus-9385-TBL-C504,finding,doi:10.18419/opus-9385-TBL-C504,Visual Preference: 50.00; E.E. thermal comfort: 50.00,0.6,EMPIRICAL_FINDING,unknown,unknown_with_reason:runtime_table_extractor,visual,visual preference thermal,['visual preference thermal'],['visual preference thermal'],"['visual permeability:0.591', 'animal presence cues:0.578', 'visual entropy:0.564', 'visual entropy spatial:0.553', 'low visual permeability:0.542']",[],env.ae.view_to_outdoors,out.generic.comfort,0.7273,0.42,fuzzy,generic_keyword,inferred,0.7273,,env.ae.view_to_outdoors,out.generic.comfort,positive,edge:doi:10.18419/opus-9385-TBL-C504,COHERENCE_SUPPORT,env.ae.view_to_outdoors,out.generic.comfort,0.4,explicit_statement,true,Visual Preference: 50.00; E.E. thermal comfort: 50.00,explains,0.4,argument:default_contextual,table_claim,association,causal_argument,,,,,,,,table,278,278,Visual Preference: 50.00; E.E. thermal comfort: 50.00,c430758758f4f4cb,TBL-20260216235830-116,6,needs_article_type_verification|translation_inferred,codex_pdfplumber,pdf_table_extracted,pdf_confirmed,no,table,moderate,2026-02-16T22:59:36.198863+00:00,true
doi:10.18419/opus-9385,doi:10.18419/opus-9385-TBL-C505,finding,doi:10.18419/opus-9385-TBL-C505,Visual Preference: 50; E.E. thermal comfort: 50,0.6,EMPIRICAL_FINDING,unknown,unknown_with_reason:runtime_table_extractor,visual,visual preference thermal,['visual preference thermal'],['visual preference thermal'],"['visual permeability:0.591', 'animal presence cues:0.578', 'visual entropy:0.564', 'visual entropy spatial:0.553', 'low visual permeability:0.542']",[],env.ae.view_to_outdoors,out.generic.comfort,0.7273,0.42,fuzzy,generic_keyword,inferred,0.7273,,env.ae.view_to_outdoors,out.generic.comfort,positive,edge:doi:10.18419/opus-9385-TBL-C505,COHERENCE_SUPPORT,env.ae.view_to_outdoors,out.generic.comfort,0.4,explicit_statement,true,Visual Preference: 50; E.E. thermal comfort: 50,explains,0.4,argument:default_contextual,table_claim,association,causal_argument,,,,,,,,table,278,278,Visual Preference: 50; E.E. thermal comfort: 50,d07fa799658460ab,TBL-20260216235830-116,7,needs_article_type_verification|translation_inferred,codex_pdfplumber,pdf_table_extracted,pdf_confirmed,no,table,moderate,2026-02-16T22:59:36.343787+00:00,true
doi:10.18419/opus-9385,doi:10.18419/opus-9385-TBL-C506,finding,doi:10.18419/opus-9385-TBL-C506,Visual Preference: 19.304; E.E. thermal comfort: 19.304,0.6,EMPIRICAL_FINDING,unknown,unknown_with_reason:runtime_table_extractor,visual,visual preference thermal,['visual preference thermal'],['visual preference thermal'],"['visual permeability:0.591', 'animal presence cues:0.578', 'visual entropy:0.564', 'visual entropy spatial:0.553', 'low visual permeability:0.542']",[],env.ae.view_to_outdoors,out.generic.comfort,0.7273,0.42,fuzzy,generic_keyword,inferred,0.7273,,env.ae.view_to_outdoors,out.generic.comfort,positive,edge:doi:10.18419/opus-9385-TBL-C506,COHERENCE_SUPPORT,env.ae.view_to_outdoors,out.generic.comfort,0.4,explicit_statement,true,Visual Preference: 19.304; E.E. thermal comfort: 19.304,explains,0.4,argument:default_contextual,table_claim,association,causal_argument,,,,,,,,table,278,278,Visual Preference: 19.304; E.E. thermal comfort: 19.304,572f54d0719f4e70,TBL-20260216235830-116,8,needs_article_type_verification|translation_inferred,codex_pdfplumber,pdf_table_extracted,pdf_confirmed,no,table,moderate,2026-02-16T22:59:36.489664+00:00,true
doi:10.18419/opus-9385,doi:10.18419/opus-9385-TBL-C507,finding,doi:10.18419/opus-9385-TBL-C507,: pter X,0.6,EMPIRICAL_FINDING,unknown,unknown_with_reason:runtime_table_extractor,pter pter,pter pter,['pter pter'],['pter pter'],"['wallpaper patterned:0.571', 'planters present:0.560', 'potted plants:0.545', 'water feature:0.545', 'temple:0.533']",[],UNRESOLVED:environment:pter_pter,UNRESOLVED:outcome:pter_pter,0.0,0.0,unresolved,unresolved,inferred,0.5714,environment_unresolved|outcome_unresolved,env.unresolved.pter_pter,out.unresolved.pter_pter,positive,edge:doi:10.18419/opus-9385-TBL-C507,COHERENCE_SUPPORT,env.unresolved.pter_pter,out.unresolved.pter_pter,0.4,explicit_statement,true,: pter X,explains,0.4,argument:default_contextual,table_claim,association,causal_argument,,,,,,,,table,279,279,: pter X,fa98ec0bb4eee0ab,TBL-20260216235830-117,0,needs_article_type_verification|translation_inferred|environment_unresolved|outcome_unresolved,codex_pdfplumber,pdf_table_extracted,pdf_confirmed,no,table,moderate,2026-02-16T22:59:36.540325+00:00,true
doi:10.18419/opus-9385,doi:10.18419/opus-9385-TBL-C508,finding,doi:10.18419/opus-9385-TBL-C508,: Energetic Modeling and Simulation,0.6,EMPIRICAL_FINDING,unknown,unknown_with_reason:runtime_table_extractor,energetic modeling simulation,energetic modeling simulation,['energetic modeling simulation'],['energetic modeling simulation'],"['vertical composition:0.571', 'rich color saturation:0.560', 'territorial definition:0.549']",['negative emotions:0.522'],UNRESOLVED:environment:energetic_modeling_simulation,UNRESOLVED:outcome:energetic_modeling_simulation,0.0,0.0,unresolved,unresolved,inferred,0.5714,environment_unresolved|outcome_unresolved,env.unresolved.energetic_modeling_simulation,out.unresolved.energetic_modeling_simulation,positive,edge:doi:10.18419/opus-9385-TBL-C508,COHERENCE_SUPPORT,env.unresolved.energetic_modeling_simulation,out.unresolved.energetic_modeling_simulation,0.4,explicit_statement,true,: Energetic Modeling and Simulation,explains,0.4,argument:default_contextual,table_claim,association,causal_argument,,,,,,,,table,279,279,: Energetic Modeling and Simulation,a4711e6b95715fd4,TBL-20260216235830-117,2,needs_article_type_verification|translation_inferred|environment_unresolved|outcome_unresolved,codex_pdfplumber,pdf_table_extracted,pdf_confirmed,no,table,moderate,2026-02-16T22:59:36.736067+00:00,true
doi:10.18419/opus-9385,doi:10.18419/opus-9385-TBL-C509,finding,doi:10.18419/opus-9385-TBL-C509,"Objectives: e
f o c iff A- T y p i c a l E g y p t i a n o f f ic e P r o f il e
t c o s n c o m p a r e d w i t h t h e a v e r a g e
a p t n o it e n e rg y c o n s u m p t i o n r a t e s o f
m e a
i r e r u Cairo’s office buildings
e ff g
h id if
t n
e o o
twc
a g it g t e lif B- ASHRAE Based Profile
s n o
e iy r c o m p a r e d w it h th e t y p i c a l
v n lp p E g y pt ia n o f f ice s p a c e p r o f il e
ip
a; To: Test the validity and reliability of the
research modeling and simulation tool
Choose the most appropriate research
base-case profile configuration",0.6,EMPIRICAL_FINDING,unknown,unknown_with_reason:runtime_table_extractor,objectives iff cairo,objectives iff cairo,['objectives iff cairo'],['objectives iff cairo'],"['object-dense scene:0.526', 'protective barrier:0.526']",[],UNRESOLVED:environment:objectives_iff_cairo,UNRESOLVED:outcome:objectives_iff_cairo,0.0,0.0,unresolved,unresolved,inferred,0.5263,environment_unresolved|outcome_unresolved,env.unresolved.objectives_iff_cairo,out.unresolved.objectives_iff_cairo,positive,edge:doi:10.18419/opus-9385-TBL-C509,COHERENCE_SUPPORT,env.unresolved.objectives_iff_cairo,out.unresolved.objectives_iff_cairo,0.4,explicit_statement,true,Objectives: e f o c iff A- T y p i c a l E g y p t i a n o f f ic e P r o f il e t c o s n c o m p a r e d w i t h t h e a v e r a g e a p t n o it e n e rg y c o n s u m p t i o n r a t e s o f m e a i r e r u Cairo’s office buildings e ff g h id if t n e o o twc a g it g t e lif B- ASHRAE Based Profile s n o e iy r c,explains,0.4,argument:default_contextual,table_claim,association,causal_argument,,,,,,,,table,281,281,Objectives: e f o c iff A- T y p i c a l E g y p t i a n o f f ic e P r o f il e t c o s n c o m p a r e d w i t h t h e a v e r a g e a p t n o it e n e rg y c o n s u m p t i o n r a t e s o f m e a i r e r u Cairo’s office buildings e ff g h id if t n e o o twc a g it g t e lif B- ASHRAE Based Profile s n o e iy r c,a8e205b17dacdc2b,TBL-20260216235830-118,0,needs_article_type_verification|translation_inferred|environment_unresolved|outcome_unresolved,codex_pdfplumber,pdf_table_extracted,pdf_confirmed,no,table,moderate,2026-02-16T22:59:36.883660+00:00,true
doi:10.18419/opus-9385,doi:10.18419/opus-9385-TBL-C510,finding,doi:10.18419/opus-9385-TBL-C510,"Objectives: Investigate energy consumption from
applying the solar protection strategy
parameters on the research base-case; To: Be used in optimizing transparency
with energy consumption (Chapter XI)",0.6,EMPIRICAL_FINDING,unknown,unknown_with_reason:runtime_table_extractor,objectives investigate energy,objectives investigate energy,['objectives investigate energy'],['objectives investigate energy'],['object-dense scene:0.553'],[],UNRESOLVED:environment:objectives_investigate_energy,UNRESOLVED:outcome:objectives_investigate_energy,0.0,0.0,unresolved,unresolved,inferred,0.5532,environment_unresolved|outcome_unresolved,env.unresolved.objectives_investigate_energy,out.unresolved.objectives_investigate_energy,positive,edge:doi:10.18419/opus-9385-TBL-C510,COHERENCE_SUPPORT,env.unresolved.objectives_investigate_energy,out.unresolved.objectives_investigate_energy,0.4,explicit_statement,true,Objectives: Investigate energy consumption from applying the solar protection strategy parameters on the research base-case; To: Be used in optimizing transparency with energy consumption (Chapter XI),explains,0.4,argument:default_contextual,table_claim,association,causal_argument,,,,,,,,table,281,281,Objectives: Investigate energy consumption from applying the solar protection strategy parameters on the research base-case; To: Be used in optimizing transparency with energy consumption (Chapter XI),c8407e5c59be2909,TBL-20260216235830-118,6,needs_article_type_verification|translation_inferred|environment_unresolved|outcome_unresolved,codex_pdfplumber,pdf_table_extracted,pdf_confirmed,no,table,moderate,2026-02-16T22:59:37.079980+00:00,true
doi:10.18419/opus-9385,doi:10.18419/opus-9385-TBL-C523,finding,doi:10.18419/opus-9385-TBL-C523,Horizontal Fins (SH1): Vertical Louvers (SH4),0.6,EMPIRICAL_FINDING,unknown,unknown_with_reason:runtime_table_extractor,horizontal fins,horizontal fins sh1,['horizontal fins sh1'],['horizontal fins sh1'],"['horizontal banding:0.703', 'horizontal emphasis:0.684', 'dominant horizontal lines:0.636', 'horizontal composition:0.634', 'strong horizontals:0.595']",[],env.ae.strong_horizontality,UNRESOLVED:outcome:horizontal_fins_sh1,0.7879,0.0,fuzzy,unresolved,inferred,0.7879,outcome_unresolved,env.ae.strong_horizontality,out.unresolved.horizontal_fins_sh1,positive,edge:doi:10.18419/opus-9385-TBL-C523,COHERENCE_SUPPORT,env.ae.strong_horizontality,out.unresolved.horizontal_fins_sh1,0.4,explicit_statement,true,Horizontal Fins (SH1): Vertical Louvers (SH4),explains,0.4,argument:default_contextual,table_claim,association,causal_argument,,,,,,,,table,294,294,Horizontal Fins (SH1): Vertical Louvers (SH4),13aa3afb9471efe8,TBL-20260216235832-135,0,needs_article_type_verification|translation_inferred|outcome_unresolved,codex_pdfplumber,pdf_table_extracted,pdf_confirmed,no,table,moderate,2026-02-16T22:59:37.164319+00:00,true
doi:10.18419/opus-9385,doi:10.18419/opus-9385-TBL-C524,finding,doi:10.18419/opus-9385-TBL-C524,"Horizontal
Louvers
(SH3): Vertical Louvers
(SH4); Horizontal louvers for the East direction
was also integrated according to its
horizontal solar shading angle = 40
degrees. It gives 0.42 m vertical space
between louvers and 0.50 m in depth.: The vertical shading angle for the East
orientation (25°) gives very long louvers;
this block much of the view. However,
referring to the solar chart of Cairo, direct
radiations penetrates to the interior from
the east direction almost perpendicular,
and no vertical shading angle could
obscure it, in addition, increasing the
horizontal shading angle from 25° to 45°
gives small changes to the needed
shading hours. Accordingly, louvers with
shading angle of 45° was proposed and
examined, giving 0.60m horizontal space
between louvers and 0.60m in depth.",0.6,EMPIRICAL_FINDING,unknown,unknown_with_reason:runtime_table_extractor,louvers,0.50 m in depth,['louvers'],['0.50 m in depth'],"['blues:0.667', 'color diversity:0.545', 'clear routes:0.526', 'curved forms:0.526']",[],UNRESOLVED:environment:louvers,UNRESOLVED:outcome:0_50_m_in_depth,0.0,0.0,unresolved,unresolved,inferred,0.6667,environment_unresolved|outcome_unresolved,env.unresolved.louvers,out.unresolved.0.50_m_in_depth,positive,edge:doi:10.18419/opus-9385-TBL-C524,COHERENCE_SUPPORT,env.unresolved.louvers,out.unresolved.0.50_m_in_depth,0.4,explicit_statement,true,Horizontal Louvers (SH3): Vertical Louvers (SH4); Horizontal louvers for the East direction was also integrated according to its horizontal solar shading angle = 40 degrees. It gives 0.42 m vertical space between louvers and 0.50 m in depth.: The vertical shading angle for the East orientation (25°) gives very long lou,explains,0.4,argument:default_contextual,table_claim,association,causal_argument,,,,,,,,table,297,297,Horizontal Louvers (SH3): Vertical Louvers (SH4); Horizontal louvers for the East direction was also integrated according to its horizontal solar shading angle = 40 degrees. It gives 0.42 m vertical space between louvers and 0.50 m in depth.: The vertical shading angle for the East orientation (25°) gives very long lou,f2f46b5479ff9e74,TBL-20260216235832-138,0,needs_article_type_verification|translation_inferred|environment_unresolved|outcome_unresolved,codex_pdfplumber,pdf_table_extracted,pdf_confirmed,no,table,moderate,2026-02-16T22:59:37.202076+00:00,true
doi:10.18419/opus-9385,doi:10.18419/opus-9385-TBL-C525,finding,doi:10.18419/opus-9385-TBL-C525,"Horizontal
Louvers
(SH3): Perforated
Shadings
(Mashrabya)
(SH5); Horizontal louvers for the East direction
was also integrated according to its
horizontal solar shading angle = 40
degrees. It gives 0.42 m vertical space
between louvers and 0.50 m in depth.: The vertical spacing of the east oriented
mashrabya was designed according to
the horizontal shading angle = 40
degrees. While the vertical shading
angle gives very narrow horizontal
spacing (same case of vertical louvers),
accordingly, a 45 degrees vertical
shading angle was proposed and
examined, giving 0.13 m vertical space
between horizontal members and 0.15
m horizontal spacing between vertical
members and 0.15 m in depth.",0.6,EMPIRICAL_FINDING,unknown,unknown_with_reason:runtime_table_extractor,louvers,0.50 m in depth,['louvers'],['0.50 m in depth'],"['blues:0.667', 'color diversity:0.545', 'clear routes:0.526', 'curved forms:0.526']",[],UNRESOLVED:environment:louvers,UNRESOLVED:outcome:0_50_m_in_depth,0.0,0.0,unresolved,unresolved,inferred,0.6667,environment_unresolved|outcome_unresolved,env.unresolved.louvers,out.unresolved.0.50_m_in_depth,positive,edge:doi:10.18419/opus-9385-TBL-C525,COHERENCE_SUPPORT,env.unresolved.louvers,out.unresolved.0.50_m_in_depth,0.4,explicit_statement,true,Horizontal Louvers (SH3): Perforated Shadings (Mashrabya) (SH5); Horizontal louvers for the East direction was also integrated according to its horizontal solar shading angle = 40 degrees. It gives 0.42 m vertical space between louvers and 0.50 m in depth.: The vertical spacing of the east oriented mashrabya was design,explains,0.4,argument:default_contextual,table_claim,association,causal_argument,,,,,,,,table,297,297,Horizontal Louvers (SH3): Perforated Shadings (Mashrabya) (SH5); Horizontal louvers for the East direction was also integrated according to its horizontal solar shading angle = 40 degrees. It gives 0.42 m vertical space between louvers and 0.50 m in depth.: The vertical spacing of the east oriented mashrabya was design,82f0d6235bcf9dfd,TBL-20260216235832-138,1,needs_article_type_verification|translation_inferred|environment_unresolved|outcome_unresolved,codex_pdfplumber,pdf_table_extracted,pdf_confirmed,no,table,moderate,2026-02-16T22:59:37.238630+00:00,true
doi:10.18419/opus-9385,doi:10.18419/opus-9385-TBL-C526,finding,doi:10.18419/opus-9385-TBL-C526,"Horizontal
Louvers
(SH3): Vertical Louvers
(SH4); Horizontal louvers for the West direction
was applied according to its solar
shading angle = 50 degrees. It gives
louvers with 0.35 m in vertical space
between fins and 0.50 m in depth.: The vertical shading angle for the West
orientation (20°) gives very long louvers;
this block much of the view. However,
referring to the solar chart of Cairo, direct
radiations penetrates to the interior from
the west direction almost perpendicular,
and no vertical shading angle could
obscure it, in addition, increasing the
horizontal shading angle from 20° to 45°
gives small changes to the needed
shading hours. Accordingly, louvers with
shading angle of 45° was proposed and
examined, giving 0.60m horizontal space
between louvers and 0.60m in depth",0.6,EMPIRICAL_FINDING,unknown,unknown_with_reason:runtime_table_extractor,fins,0.50 m in depth,['fins'],['0.50 m in depth'],['windows:0.545'],[],UNRESOLVED:environment:fins,UNRESOLVED:outcome:0_50_m_in_depth,0.0,0.0,unresolved,unresolved,untranslatable_noise,0.5455,low_information_source,env.unresolved.fins,out.unresolved.0.50_m_in_depth,positive,edge:doi:10.18419/opus-9385-TBL-C526,COHERENCE_SUPPORT,env.unresolved.fins,out.unresolved.0.50_m_in_depth,0.4,explicit_statement,true,Horizontal Louvers (SH3): Vertical Louvers (SH4); Horizontal louvers for the West direction was applied according to its solar shading angle = 50 degrees. It gives louvers with 0.35 m in vertical space between fins and 0.50 m in depth.: The vertical shading angle for the West orientation (20°) gives very long louvers; ,explains,0.4,argument:default_contextual,table_claim,association,causal_argument,,,,,,,,table,300,300,Horizontal Louvers (SH3): Vertical Louvers (SH4); Horizontal louvers for the West direction was applied according to its solar shading angle = 50 degrees. It gives louvers with 0.35 m in vertical space between fins and 0.50 m in depth.: The vertical shading angle for the West orientation (20°) gives very long louvers; ,301cf97b38b4c203,TBL-20260216235832-141,0,needs_article_type_verification|translation_untranslatable_noise|low_information_source,codex_pdfplumber,pdf_table_extracted,pdf_confirmed,no,table,moderate,2026-02-16T22:59:37.266809+00:00,true
doi:10.18419/opus-9385,doi:10.18419/opus-9385-TBL-C527,finding,doi:10.18419/opus-9385-TBL-C527,"Horizontal
Louvers
(SH3): Perforated
Shadings
(Mashrabya)
(SH5); Horizontal louvers for the West direction
was applied according to its solar
shading angle = 50 degrees. It gives
louvers with 0.35 m in vertical space
between fins and 0.50 m in depth.: The vertical spacing of the west oriented
mashrabya was designed according to
the horizontal shading angle = 35
degrees. While the vertical shading
angle gives very narrow horizontal
spacing (same case of vertical louvers),
accordingly, 45 degrees vertical shading
angle was proposed and examined,
giving 0.11 m vertical space between
horizontal members, 0.15 m horizontal
spacing between vertical members and
0.15 m in depth.",0.6,EMPIRICAL_FINDING,unknown,unknown_with_reason:runtime_table_extractor,fins,0.50 m in depth,['fins'],['0.50 m in depth'],['windows:0.545'],[],UNRESOLVED:environment:fins,UNRESOLVED:outcome:0_50_m_in_depth,0.0,0.0,unresolved,unresolved,untranslatable_noise,0.5455,low_information_source,env.unresolved.fins,out.unresolved.0.50_m_in_depth,positive,edge:doi:10.18419/opus-9385-TBL-C527,COHERENCE_SUPPORT,env.unresolved.fins,out.unresolved.0.50_m_in_depth,0.4,explicit_statement,true,Horizontal Louvers (SH3): Perforated Shadings (Mashrabya) (SH5); Horizontal louvers for the West direction was applied according to its solar shading angle = 50 degrees. It gives louvers with 0.35 m in vertical space between fins and 0.50 m in depth.: The vertical spacing of the west oriented mashrabya was designed acc,explains,0.4,argument:default_contextual,table_claim,association,causal_argument,,,,,,,,table,300,300,Horizontal Louvers (SH3): Perforated Shadings (Mashrabya) (SH5); Horizontal louvers for the West direction was applied according to its solar shading angle = 50 degrees. It gives louvers with 0.35 m in vertical space between fins and 0.50 m in depth.: The vertical spacing of the west oriented mashrabya was designed acc,1bea96e5e37b2bb9,TBL-20260216235832-141,1,needs_article_type_verification|translation_untranslatable_noise|low_information_source,codex_pdfplumber,pdf_table_extracted,pdf_confirmed,no,table,moderate,2026-02-16T22:59:37.294023+00:00,true
doi:10.18419/opus-9385,doi:10.18419/opus-9385-TBL-C528,finding,doi:10.18419/opus-9385-TBL-C528,": Zone
sensible",0.6,EMPIRICAL_FINDING,unknown,unknown_with_reason:runtime_table_extractor,zone sensible zone,zone sensible zone,['zone sensible zone'],['zone sensible zone'],"['defensible space:0.588', 'open public zone:0.588', 'low visibility zones:0.579', 'few visible lines:0.571']",[],UNRESOLVED:environment:zone_sensible_zone,UNRESOLVED:outcome:zone_sensible_zone,0.0,0.0,unresolved,unresolved,inferred,0.5882,environment_unresolved|outcome_unresolved,env.unresolved.zone_sensible_zone,out.unresolved.zone_sensible_zone,positive,edge:doi:10.18419/opus-9385-TBL-C528,COHERENCE_SUPPORT,env.unresolved.zone_sensible_zone,out.unresolved.zone_sensible_zone,0.4,explicit_statement,true,: Zone sensible,explains,0.4,argument:default_contextual,table_claim,association,causal_argument,,,,,,,,table,305,305,: Zone sensible,15dac8929a090438,TBL-20260216235832-142,6,needs_article_type_verification|translation_inferred|environment_unresolved|outcome_unresolved,codex_pdfplumber,pdf_table_extracted,pdf_confirmed,no,table,moderate,2026-02-16T22:59:37.425338+00:00,true
doi:10.18419/opus-9385,doi:10.18419/opus-9385-TBL-C529,finding,doi:10.18419/opus-9385-TBL-C529,: cooling,0.6,EMPIRICAL_FINDING,unknown,unknown_with_reason:runtime_table_extractor,cooling cooling,cooling cooling,['cooling cooling'],['cooling cooling'],"['cool light:0.640', 'cool colors:0.615', 'lighting control:0.581', 'component.ceiling.cove_lighting:0.565', 'zoning clarity:0.552']",[],env.generic.thermal,UNRESOLVED:outcome:cooling_cooling,0.42,0.0,generic_keyword,unresolved,inferred,0.64,outcome_unresolved,env.generic.thermal,out.unresolved.cooling_cooling,positive,edge:doi:10.18419/opus-9385-TBL-C529,COHERENCE_SUPPORT,env.generic.thermal,out.unresolved.cooling_cooling,0.4,explicit_statement,true,: cooling,explains,0.4,argument:default_contextual,table_claim,association,causal_argument,,,,,,,,table,305,305,: cooling,9b8586bce3efa358,TBL-20260216235832-142,7,needs_article_type_verification|translation_inferred|outcome_unresolved,codex_pdfplumber,pdf_table_extracted,pdf_confirmed,no,table,moderate,2026-02-16T22:59:37.488126+00:00,true
doi:10.18419/opus-9385,doi:10.18419/opus-9385-TBL-C530,finding,doi:10.18419/opus-9385-TBL-C530,: Zone,0.6,EMPIRICAL_FINDING,unknown,unknown_with_reason:runtime_table_extractor,zone zone,zone zone,['zone zone'],['zone zone'],"['stone concrete:0.609', 'public open zone:0.560', 'open public zone:0.560', 'confidence:0.526', 'stone dominant:0.522']",[],UNRESOLVED:environment:zone_zone,UNRESOLVED:outcome:zone_zone,0.0,0.0,unresolved,unresolved,inferred,0.6087,environment_unresolved|outcome_unresolved,env.unresolved.zone_zone,out.unresolved.zone_zone,positive,edge:doi:10.18419/opus-9385-TBL-C530,COHERENCE_SUPPORT,env.unresolved.zone_zone,out.unresolved.zone_zone,0.4,explicit_statement,true,: Zone,explains,0.4,argument:default_contextual,table_claim,association,causal_argument,,,,,,,,table,305,305,: Zone,3cc966616eec21f1,TBL-20260216235832-143,5,needs_article_type_verification|translation_inferred|environment_unresolved|outcome_unresolved,codex_pdfplumber,pdf_table_extracted,pdf_confirmed,no,table,moderate,2026-02-16T22:59:37.535623+00:00,true
doi:10.18419/opus-9385,doi:10.18419/opus-9385-TBL-C531,finding,doi:10.18419/opus-9385-TBL-C531,: sensible,0.6,EMPIRICAL_FINDING,unknown,unknown_with_reason:runtime_table_extractor,sensible sensible,sensible sensible,['sensible sensible'],['sensible sensible'],"['defensible space:0.606', 'expansive enclosure:0.556', 'dense seating:0.533']",[],UNRESOLVED:environment:sensible_sensible,UNRESOLVED:outcome:sensible_sensible,0.0,0.0,unresolved,unresolved,inferred,0.6061,environment_unresolved|outcome_unresolved,env.unresolved.sensible_sensible,out.unresolved.sensible_sensible,positive,edge:doi:10.18419/opus-9385-TBL-C531,COHERENCE_SUPPORT,env.unresolved.sensible_sensible,out.unresolved.sensible_sensible,0.4,explicit_statement,true,: sensible,explains,0.4,argument:default_contextual,table_claim,association,causal_argument,,,,,,,,table,305,305,: sensible,9e13b58cbdfbd137,TBL-20260216235832-143,6,needs_article_type_verification|translation_inferred|environment_unresolved|outcome_unresolved,codex_pdfplumber,pdf_table_extracted,pdf_confirmed,no,table,moderate,2026-02-16T22:59:37.606485+00:00,true
doi:10.18419/opus-9385,doi:10.18419/opus-9385-TBL-C538,finding,doi:10.18419/opus-9385-TBL-C538,: wwr,0.6,EMPIRICAL_FINDING,unknown,unknown_with_reason:runtime_table_extractor,wwr wwr,wwr wwr,['wwr wwr'],['wwr wwr'],[],[],UNRESOLVED:environment:wwr_wwr,UNRESOLVED:outcome:wwr_wwr,0.0,0.0,unresolved,unresolved,inferred,0.0,environment_unresolved|outcome_unresolved,env.unresolved.wwr_wwr,out.unresolved.wwr_wwr,positive,edge:doi:10.18419/opus-9385-TBL-C538,COHERENCE_SUPPORT,env.unresolved.wwr_wwr,out.unresolved.wwr_wwr,0.4,explicit_statement,true,: wwr,explains,0.4,argument:default_contextual,table_claim,association,causal_argument,,,,,,,,table,308,308,: wwr,954472d3e93117f8,TBL-20260216235833-146,6,needs_article_type_verification|translation_inferred|environment_unresolved|outcome_unresolved,codex_pdfplumber,pdf_table_extracted,pdf_confirmed,no,table,moderate,2026-02-16T22:59:37.642363+00:00,true
doi:10.18419/opus-9385,doi:10.18419/opus-9385-TBL-C598,finding,doi:10.18419/opus-9385-TBL-C598,: pter XI,0.6,EMPIRICAL_FINDING,unknown,unknown_with_reason:runtime_table_extractor,pter pter,pter pter,['pter pter'],['pter pter'],"['wallpaper patterned:0.571', 'planters present:0.560', 'potted plants:0.545', 'water feature:0.545', 'temple:0.533']",[],UNRESOLVED:environment:pter_pter,UNRESOLVED:outcome:pter_pter,0.0,0.0,unresolved,unresolved,inferred,0.5714,environment_unresolved|outcome_unresolved,env.unresolved.pter_pter,out.unresolved.pter_pter,positive,edge:doi:10.18419/opus-9385-TBL-C598,COHERENCE_SUPPORT,env.unresolved.pter_pter,out.unresolved.pter_pter,0.4,explicit_statement,true,: pter XI,explains,0.4,argument:default_contextual,table_claim,association,causal_argument,,,,,,,,table,321,321,: pter XI,24a2cfb50c6a20cb,TBL-20260216235834-206,0,needs_article_type_verification|translation_inferred|environment_unresolved|outcome_unresolved,codex_pdfplumber,pdf_table_extracted,pdf_confirmed,no,table,moderate,2026-02-16T22:59:37.691338+00:00,true
doi:10.18419/opus-9385,doi:10.18419/opus-9385-TBL-C599,finding,doi:10.18419/opus-9385-TBL-C599,": Optimizing Energy Consumption with
Transparency",0.6,EMPIRICAL_FINDING,unknown,unknown_with_reason:runtime_table_extractor,consumption,optimizing energy consumption,['optimizing energy consumption'],['optimizing energy consumption'],[],[],env.ae.hazard_indicators,UNRESOLVED:outcome:optimizing_energy_consumption,0.7826,0.0,fuzzy,unresolved,inferred,0.7826,outcome_unresolved,env.ae.hazard_indicators,out.unresolved.optimizing_energy_consumption,positive,edge:doi:10.18419/opus-9385-TBL-C599,COHERENCE_SUPPORT,env.ae.hazard_indicators,out.unresolved.optimizing_energy_consumption,0.4,explicit_statement,true,: Optimizing Energy Consumption with Transparency,explains,0.4,argument:default_contextual,table_claim,association,causal_argument,,,,,,,,table,321,321,: Optimizing Energy Consumption with Transparency,58cf4da7d787c6d0,TBL-20260216235834-206,2,needs_article_type_verification|translation_inferred|outcome_unresolved,codex_pdfplumber,pdf_table_extracted,pdf_confirmed,no,table,moderate,2026-02-16T22:59:37.872465+00:00,true
doi:10.18419/opus-9385,doi:10.18419/opus-9385-TBL-C620,finding,doi:10.18419/opus-9385-TBL-C620,: Window to Wall,0.6,EMPIRICAL_FINDING,unknown,unknown_with_reason:runtime_table_extractor,window wall window,window wall window,['window wall window'],['window wall window'],"['window wall:0.940', 'windows in view:0.606', 'window daylight:0.606', 'window operation:0.588', 'window seat niche:0.571']",[],env.ae.large_window_area,UNRESOLVED:outcome:window_wall_window,0.7586,0.0,fuzzy,unresolved,inferred,0.94,outcome_unresolved,env.ae.large_window_area,out.unresolved.window_wall_window,positive,edge:doi:10.18419/opus-9385-TBL-C620,COHERENCE_SUPPORT,env.ae.large_window_area,out.unresolved.window_wall_window,0.4,explicit_statement,true,: Window to Wall,explains,0.4,argument:default_contextual,table_claim,association,causal_argument,,,,,,,,table,352,352,: Window to Wall,a4d96e2ea88b2c59,TBL-20260216235835-227,0,needs_article_type_verification|translation_inferred|outcome_unresolved,codex_pdfplumber,pdf_table_extracted,pdf_confirmed,no,table,moderate,2026-02-16T22:59:37.926870+00:00,true
doi:10.18419/opus-9385,doi:10.18419/opus-9385-TBL-C621,finding,doi:10.18419/opus-9385-TBL-C621,External: Shading; Energy: Consumption; Energy-: Transparency,0.6,EMPIRICAL_FINDING,unknown,unknown_with_reason:runtime_table_extractor,external shading energy,external shading energy,['external shading energy'],['external shading energy'],[],[],UNRESOLVED:environment:external_shading_energy,UNRESOLVED:outcome:external_shading_energy,0.0,0.0,unresolved,unresolved,inferred,0.0,environment_unresolved|outcome_unresolved,env.unresolved.external_shading_energy,out.unresolved.external_shading_energy,positive,edge:doi:10.18419/opus-9385-TBL-C621,COHERENCE_SUPPORT,env.unresolved.external_shading_energy,out.unresolved.external_shading_energy,0.4,explicit_statement,true,External: Shading; Energy: Consumption; Energy-: Transparency,explains,0.4,argument:default_contextual,table_claim,association,causal_argument,,,,,,,,table,352,352,External: Shading; Energy: Consumption; Energy-: Transparency,3d5c19ff8655b010,TBL-20260216235835-227,1,needs_article_type_verification|translation_inferred|environment_unresolved|outcome_unresolved,codex_pdfplumber,pdf_table_extracted,pdf_confirmed,no,table,moderate,2026-02-16T22:59:38.090169+00:00,true
doi:10.18419/opus-9385,doi:10.18419/opus-9385-TBL-C622,finding,doi:10.18419/opus-9385-TBL-C622,: Ratio,0.6,EMPIRICAL_FINDING,unknown,unknown_with_reason:runtime_table_extractor,ratio ratio,ratio ratio,['ratio ratio'],['ratio ratio'],"['contrast ratio:0.720', 'warmth ratio:0.696', 'revelation rate:0.692', 'aspect ratios:0.667', 'compression ratio:0.643']",[],env.v1_004.contrast_ratio,UNRESOLVED:outcome:ratio_ratio,0.72,0.0,fuzzy,unresolved,inferred,0.72,outcome_unresolved,env.v1_004.contrast_ratio,out.unresolved.ratio_ratio,positive,edge:doi:10.18419/opus-9385-TBL-C622,COHERENCE_SUPPORT,env.v1_004.contrast_ratio,out.unresolved.ratio_ratio,0.4,explicit_statement,true,: Ratio,explains,0.4,argument:default_contextual,table_claim,association,causal_argument,,,,,,,,table,352,352,: Ratio,76dfc1a99db24aa2,TBL-20260216235835-227,2,needs_article_type_verification|translation_inferred|outcome_unresolved,codex_pdfplumber,pdf_table_extracted,pdf_confirmed,no,table,moderate,2026-02-16T22:59:38.132552+00:00,true
doi:10.18419/opus-9385,doi:10.18419/opus-9385-TBL-C623,finding,doi:10.18419/opus-9385-TBL-C623,External: Device; Energy: (KWh/m2); Energy-: Balancing Factor,0.6,EMPIRICAL_FINDING,unknown,unknown_with_reason:runtime_table_extractor,external device energy,external device energy,['external device energy'],['external device energy'],['text-rich scene:0.541'],[],UNRESOLVED:environment:external_device_energy,UNRESOLVED:outcome:external_device_energy,0.0,0.0,unresolved,unresolved,inferred,0.5405,environment_unresolved|outcome_unresolved,env.unresolved.external_device_energy,out.unresolved.external_device_energy,positive,edge:doi:10.18419/opus-9385-TBL-C623,COHERENCE_SUPPORT,env.unresolved.external_device_energy,out.unresolved.external_device_energy,0.4,explicit_statement,true,External: Device; Energy: (KWh/m2); Energy-: Balancing Factor,explains,0.4,argument:default_contextual,table_claim,association,causal_argument,,,,,,,,table,352,352,External: Device; Energy: (KWh/m2); Energy-: Balancing Factor,cf08df80693e6cab,TBL-20260216235835-227,3,needs_article_type_verification|translation_inferred|environment_unresolved|outcome_unresolved,codex_pdfplumber,pdf_table_extracted,pdf_confirmed,no,table,moderate,2026-02-16T22:59:38.294206+00:00,true
doi:10.18419/opus-9385,doi:10.18419/opus-9385-TBL-C624,finding,doi:10.18419/opus-9385-TBL-C624,"External: Horizontal
Fins; Solar Control
Glazing: G1; Energy: 100.032; : 74.064; Energy-: 0.542",0.6,EMPIRICAL_FINDING,unknown,unknown_with_reason:runtime_table_extractor,external horizontal,external horizontal fins,['external horizontal fins'],['external horizontal fins'],"['strong horizontals:0.714', 'dominant horizontal lines:0.694', 'strong horizontality:0.682', 'layered horizontality:0.622', 'horizontal banding:0.619']",[],env.ae.strong_horizontality,UNRESOLVED:outcome:external_horizontal_fins,0.7568,0.0,fuzzy,unresolved,inferred,0.7568,outcome_unresolved,env.ae.strong_horizontality,out.unresolved.external_horizontal_fins,positive,edge:doi:10.18419/opus-9385-TBL-C624,COHERENCE_SUPPORT,env.ae.strong_horizontality,out.unresolved.external_horizontal_fins,0.4,explicit_statement,true,External: Horizontal Fins; Solar Control Glazing: G1; Energy: 100.032; : 74.064; Energy-: 0.542,explains,0.4,argument:default_contextual,table_claim,association,causal_argument,,,,,,,,table,352,352,External: Horizontal Fins; Solar Control Glazing: G1; Energy: 100.032; : 74.064; Energy-: 0.542,d6b6f910e88f80a6,TBL-20260216235835-227,5,needs_article_type_verification|translation_inferred|outcome_unresolved,codex_pdfplumber,pdf_table_extracted,pdf_confirmed,no,table,moderate,2026-02-16T22:59:38.399676+00:00,true
doi:10.18419/opus-9385,doi:10.18419/opus-9385-TBL-C625,finding,doi:10.18419/opus-9385-TBL-C625,"Solar Control
Glazing: G2; Energy: 96.586; : 84.385; Energy-: 0.557",0.6,EMPIRICAL_FINDING,unknown,unknown_with_reason:runtime_table_extractor,glazing,solar control glazing,['solar control glazing'],['solar control glazing'],"['horizontal banding:0.564', 'visible glazing:0.556', 'strong central landmark:0.545', 'bold contrasting colors:0.545', 'short ceiling:0.529']",[],env.ae.large_window_area,UNRESOLVED:outcome:solar_control_glazing,0.7778,0.0,fuzzy,unresolved,inferred,0.7778,outcome_unresolved,env.ae.large_window_area,out.unresolved.solar_control_glazing,positive,edge:doi:10.18419/opus-9385-TBL-C625,COHERENCE_SUPPORT,env.ae.large_window_area,out.unresolved.solar_control_glazing,0.4,explicit_statement,true,Solar Control Glazing: G2; Energy: 96.586; : 84.385; Energy-: 0.557,explains,0.4,argument:default_contextual,table_claim,association,causal_argument,,,,,,,,table,352,352,Solar Control Glazing: G2; Energy: 96.586; : 84.385; Energy-: 0.557,101049cb17499b3a,TBL-20260216235835-227,6,needs_article_type_verification|translation_inferred|outcome_unresolved,codex_pdfplumber,pdf_table_extracted,pdf_confirmed,no,table,moderate,2026-02-16T22:59:38.555177+00:00,true
doi:10.18419/opus-9385,doi:10.18419/opus-9385-TBL-C626,finding,doi:10.18419/opus-9385-TBL-C626,"Solar Control
Glazing: G3; Energy: 95.279; : 97.771; Energy-: 0.563",0.6,EMPIRICAL_FINDING,unknown,unknown_with_reason:runtime_table_extractor,glazing,solar control glazing,['solar control glazing'],['solar control glazing'],"['horizontal banding:0.564', 'visible glazing:0.556', 'strong central landmark:0.545', 'bold contrasting colors:0.545', 'short ceiling:0.529']",[],env.ae.large_window_area,UNRESOLVED:outcome:solar_control_glazing,0.7778,0.0,fuzzy,unresolved,inferred,0.7778,outcome_unresolved,env.ae.large_window_area,out.unresolved.solar_control_glazing,positive,edge:doi:10.18419/opus-9385-TBL-C626,COHERENCE_SUPPORT,env.ae.large_window_area,out.unresolved.solar_control_glazing,0.4,explicit_statement,true,Solar Control Glazing: G3; Energy: 95.279; : 97.771; Energy-: 0.563,explains,0.4,argument:default_contextual,table_claim,association,causal_argument,,,,,,,,table,352,352,Solar Control Glazing: G3; Energy: 95.279; : 97.771; Energy-: 0.563,0bf1f15510191196,TBL-20260216235835-227,7,needs_article_type_verification|translation_inferred|outcome_unresolved,codex_pdfplumber,pdf_table_extracted,pdf_confirmed,no,table,moderate,2026-02-16T22:59:38.709518+00:00,true
doi:10.18419/opus-9385,doi:10.18419/opus-9385-TBL-C627,finding,doi:10.18419/opus-9385-TBL-C627,"External: Horizontal
Overhang; Solar Control
Glazing: G1; Energy: 102.431; : 67.569; Energy-: 0.531",0.6,EMPIRICAL_FINDING,unknown,unknown_with_reason:runtime_table_extractor,external horizontal,external horizontal overhang,['external horizontal overhang'],['external horizontal overhang'],"['horizontal banding:0.609', 'strong horizontals:0.609', 'horizontal emphasis:0.596', 'strong horizontality:0.583', 'dominant horizontal lines:0.566']",[],env.ae.strong_horizontality,UNRESOLVED:outcome:external_horizontal_overhang,0.7568,0.0,fuzzy,unresolved,inferred,0.7568,outcome_unresolved,env.ae.strong_horizontality,out.unresolved.external_horizontal_overhang,positive,edge:doi:10.18419/opus-9385-TBL-C627,COHERENCE_SUPPORT,env.ae.strong_horizontality,out.unresolved.external_horizontal_overhang,0.4,explicit_statement,true,External: Horizontal Overhang; Solar Control Glazing: G1; Energy: 102.431; : 67.569; Energy-: 0.531,explains,0.4,argument:default_contextual,table_claim,association,causal_argument,,,,,,,,table,352,352,External: Horizontal Overhang; Solar Control Glazing: G1; Energy: 102.431; : 67.569; Energy-: 0.531,a66795bf339acb53,TBL-20260216235835-227,8,needs_article_type_verification|translation_inferred|outcome_unresolved,codex_pdfplumber,pdf_table_extracted,pdf_confirmed,no,table,moderate,2026-02-16T22:59:38.821086+00:00,true
doi:10.18419/opus-9385,doi:10.18419/opus-9385-TBL-C628,finding,doi:10.18419/opus-9385-TBL-C628,"Solar Control
Glazing: G2; Energy: 98.874; : 76.013; Energy-: 0.547",0.6,EMPIRICAL_FINDING,unknown,unknown_with_reason:runtime_table_extractor,glazing,solar control glazing,['solar control glazing'],['solar control glazing'],"['horizontal banding:0.564', 'visible glazing:0.556', 'strong central landmark:0.545', 'bold contrasting colors:0.545', 'short ceiling:0.529']",[],env.ae.large_window_area,UNRESOLVED:outcome:solar_control_glazing,0.7778,0.0,fuzzy,unresolved,inferred,0.7778,outcome_unresolved,env.ae.large_window_area,out.unresolved.solar_control_glazing,positive,edge:doi:10.18419/opus-9385-TBL-C628,COHERENCE_SUPPORT,env.ae.large_window_area,out.unresolved.solar_control_glazing,0.4,explicit_statement,true,Solar Control Glazing: G2; Energy: 98.874; : 76.013; Energy-: 0.547,explains,0.4,argument:default_contextual,table_claim,association,causal_argument,,,,,,,,table,352,352,Solar Control Glazing: G2; Energy: 98.874; : 76.013; Energy-: 0.547,30a262a0035aba64,TBL-20260216235835-227,9,needs_article_type_verification|translation_inferred|outcome_unresolved,codex_pdfplumber,pdf_table_extracted,pdf_confirmed,no,table,moderate,2026-02-16T22:59:38.974784+00:00,true
doi:10.18419/opus-9385,doi:10.18419/opus-9385-TBL-C629,finding,doi:10.18419/opus-9385-TBL-C629,"Solar Control
Glazing: G3; Energy: 97.278; : 87.071; Energy-: 0.554",0.6,EMPIRICAL_FINDING,unknown,unknown_with_reason:runtime_table_extractor,glazing,solar control glazing,['solar control glazing'],['solar control glazing'],"['horizontal banding:0.564', 'visible glazing:0.556', 'strong central landmark:0.545', 'bold contrasting colors:0.545', 'short ceiling:0.529']",[],env.ae.large_window_area,UNRESOLVED:outcome:solar_control_glazing,0.7778,0.0,fuzzy,unresolved,inferred,0.7778,outcome_unresolved,env.ae.large_window_area,out.unresolved.solar_control_glazing,positive,edge:doi:10.18419/opus-9385-TBL-C629,COHERENCE_SUPPORT,env.ae.large_window_area,out.unresolved.solar_control_glazing,0.4,explicit_statement,true,Solar Control Glazing: G3; Energy: 97.278; : 87.071; Energy-: 0.554,explains,0.4,argument:default_contextual,table_claim,association,causal_argument,,,,,,,,table,352,352,Solar Control Glazing: G3; Energy: 97.278; : 87.071; Energy-: 0.554,9f3b7c459ced7528,TBL-20260216235835-227,10,needs_article_type_verification|translation_inferred|outcome_unresolved,codex_pdfplumber,pdf_table_extracted,pdf_confirmed,no,table,moderate,2026-02-16T22:59:39.127205+00:00,true
doi:10.18419/opus-9385,doi:10.18419/opus-9385-TBL-C630,finding,doi:10.18419/opus-9385-TBL-C630,"External: Horizontal
Louvers; Solar Control
Glazing: G1; Energy: 100.271; : 73.956; Energy-: 0.540",0.6,EMPIRICAL_FINDING,unknown,unknown_with_reason:runtime_table_extractor,external horizontal,external horizontal louvers,['external horizontal louvers'],['external horizontal louvers'],"['strong horizontals:0.667', 'dominant horizontal lines:0.654', 'strong horizontality:0.596', 'horizontal emphasis:0.565', 'layered horizontality:0.542']",[],env.ae.strong_horizontality,UNRESOLVED:outcome:external_horizontal_louvers,0.7568,0.0,fuzzy,unresolved,inferred,0.7568,outcome_unresolved,env.ae.strong_horizontality,out.unresolved.external_horizontal_louvers,positive,edge:doi:10.18419/opus-9385-TBL-C630,COHERENCE_SUPPORT,env.ae.strong_horizontality,out.unresolved.external_horizontal_louvers,0.4,explicit_statement,true,External: Horizontal Louvers; Solar Control Glazing: G1; Energy: 100.271; : 73.956; Energy-: 0.540,explains,0.4,argument:default_contextual,table_claim,association,causal_argument,,,,,,,,table,352,352,External: Horizontal Louvers; Solar Control Glazing: G1; Energy: 100.271; : 73.956; Energy-: 0.540,42f1c422a8201fb2,TBL-20260216235835-227,11,needs_article_type_verification|translation_inferred|outcome_unresolved,codex_pdfplumber,pdf_table_extracted,pdf_confirmed,no,table,moderate,2026-02-16T22:59:39.236639+00:00,true
doi:10.18419/opus-9385,doi:10.18419/opus-9385-TBL-C631,finding,doi:10.18419/opus-9385-TBL-C631,"Solar Control
Glazing: G2; Energy: 97.054; : 83.697; Energy-: 0.555",0.6,EMPIRICAL_FINDING,unknown,unknown_with_reason:runtime_table_extractor,glazing,solar control glazing,['solar control glazing'],['solar control glazing'],"['horizontal banding:0.564', 'visible glazing:0.556', 'strong central landmark:0.545', 'bold contrasting colors:0.545', 'short ceiling:0.529']",[],env.ae.large_window_area,UNRESOLVED:outcome:solar_control_glazing,0.7778,0.0,fuzzy,unresolved,inferred,0.7778,outcome_unresolved,env.ae.large_window_area,out.unresolved.solar_control_glazing,positive,edge:doi:10.18419/opus-9385-TBL-C631,COHERENCE_SUPPORT,env.ae.large_window_area,out.unresolved.solar_control_glazing,0.4,explicit_statement,true,Solar Control Glazing: G2; Energy: 97.054; : 83.697; Energy-: 0.555,explains,0.4,argument:default_contextual,table_claim,association,causal_argument,,,,,,,,table,352,352,Solar Control Glazing: G2; Energy: 97.054; : 83.697; Energy-: 0.555,589c54f7d07cda1f,TBL-20260216235835-227,12,needs_article_type_verification|translation_inferred|outcome_unresolved,codex_pdfplumber,pdf_table_extracted,pdf_confirmed,no,table,moderate,2026-02-16T22:59:39.388577+00:00,true
doi:10.18419/opus-9385,doi:10.18419/opus-9385-TBL-C632,finding,doi:10.18419/opus-9385-TBL-C632,"Solar Control
Glazing: G3; Energy: 96.562; : 95.833; Energy-: 0.558",0.6,EMPIRICAL_FINDING,unknown,unknown_with_reason:runtime_table_extractor,glazing,solar control glazing,['solar control glazing'],['solar control glazing'],"['horizontal banding:0.564', 'visible glazing:0.556', 'strong central landmark:0.545', 'bold contrasting colors:0.545', 'short ceiling:0.529']",[],env.ae.large_window_area,UNRESOLVED:outcome:solar_control_glazing,0.7778,0.0,fuzzy,unresolved,inferred,0.7778,outcome_unresolved,env.ae.large_window_area,out.unresolved.solar_control_glazing,positive,edge:doi:10.18419/opus-9385-TBL-C632,COHERENCE_SUPPORT,env.ae.large_window_area,out.unresolved.solar_control_glazing,0.4,explicit_statement,true,Solar Control Glazing: G3; Energy: 96.562; : 95.833; Energy-: 0.558,explains,0.4,argument:default_contextual,table_claim,association,causal_argument,,,,,,,,table,352,352,Solar Control Glazing: G3; Energy: 96.562; : 95.833; Energy-: 0.558,4a79b81dcf2a48db,TBL-20260216235835-227,13,needs_article_type_verification|translation_inferred|outcome_unresolved,codex_pdfplumber,pdf_table_extracted,pdf_confirmed,no,table,moderate,2026-02-16T22:59:39.541348+00:00,true
doi:10.18419/opus-9385,doi:10.18419/opus-9385-TBL-C633,finding,doi:10.18419/opus-9385-TBL-C633,"External: Vertical
Louvers; Solar Control
Glazing: G1; Energy: 99.252; : 71.544; Energy-: 0.545",0.6,EMPIRICAL_FINDING,unknown,unknown_with_reason:runtime_table_extractor,external vertical,external vertical louvers,['external vertical louvers'],['external vertical louvers'],"['strong vertical lines:0.696', 'dominant vertical lines:0.625', 'low vertical clearance:0.596', 'high vertical lines:0.591', 'tall verticality:0.585']",[],env.ae.strong_verticality,UNRESOLVED:outcome:external_vertical_louvers,0.7273,0.0,fuzzy,unresolved,inferred,0.7273,outcome_unresolved,env.ae.strong_verticality,out.unresolved.external_vertical_louvers,positive,edge:doi:10.18419/opus-9385-TBL-C633,COHERENCE_SUPPORT,env.ae.strong_verticality,out.unresolved.external_vertical_louvers,0.4,explicit_statement,true,External: Vertical Louvers; Solar Control Glazing: G1; Energy: 99.252; : 71.544; Energy-: 0.545,explains,0.4,argument:default_contextual,table_claim,association,causal_argument,,,,,,,,table,352,352,External: Vertical Louvers; Solar Control Glazing: G1; Energy: 99.252; : 71.544; Energy-: 0.545,aafc6e1c073d336a,TBL-20260216235835-227,14,needs_article_type_verification|translation_inferred|outcome_unresolved,codex_pdfplumber,pdf_table_extracted,pdf_confirmed,no,table,moderate,2026-02-16T22:59:39.646227+00:00,true
doi:10.18419/opus-9385,doi:10.18419/opus-9385-TBL-C634,finding,doi:10.18419/opus-9385-TBL-C634,"Solar Control
Glazing: G2; Energy: 96.118; : 80.147; Energy-: 0.559",0.6,EMPIRICAL_FINDING,unknown,unknown_with_reason:runtime_table_extractor,glazing,solar control glazing,['solar control glazing'],['solar control glazing'],"['horizontal banding:0.564', 'visible glazing:0.556', 'strong central landmark:0.545', 'bold contrasting colors:0.545', 'short ceiling:0.529']",[],env.ae.large_window_area,UNRESOLVED:outcome:solar_control_glazing,0.7778,0.0,fuzzy,unresolved,inferred,0.7778,outcome_unresolved,env.ae.large_window_area,out.unresolved.solar_control_glazing,positive,edge:doi:10.18419/opus-9385-TBL-C634,COHERENCE_SUPPORT,env.ae.large_window_area,out.unresolved.solar_control_glazing,0.4,explicit_statement,true,Solar Control Glazing: G2; Energy: 96.118; : 80.147; Energy-: 0.559,explains,0.4,argument:default_contextual,table_claim,association,causal_argument,,,,,,,,table,352,352,Solar Control Glazing: G2; Energy: 96.118; : 80.147; Energy-: 0.559,f6062c948490836c,TBL-20260216235835-227,15,needs_article_type_verification|translation_inferred|outcome_unresolved,codex_pdfplumber,pdf_table_extracted,pdf_confirmed,no,table,moderate,2026-02-16T22:59:39.799303+00:00,true
doi:10.18419/opus-9385,doi:10.18419/opus-9385-TBL-C635,finding,doi:10.18419/opus-9385-TBL-C635,"Solar Control
Glazing: G3; Energy: 95.221; : 91.083; Energy-: 0.563",0.6,EMPIRICAL_FINDING,unknown,unknown_with_reason:runtime_table_extractor,glazing,solar control glazing,['solar control glazing'],['solar control glazing'],"['horizontal banding:0.564', 'visible glazing:0.556', 'strong central landmark:0.545', 'bold contrasting colors:0.545', 'short ceiling:0.529']",[],env.ae.large_window_area,UNRESOLVED:outcome:solar_control_glazing,0.7778,0.0,fuzzy,unresolved,inferred,0.7778,outcome_unresolved,env.ae.large_window_area,out.unresolved.solar_control_glazing,positive,edge:doi:10.18419/opus-9385-TBL-C635,COHERENCE_SUPPORT,env.ae.large_window_area,out.unresolved.solar_control_glazing,0.4,explicit_statement,true,Solar Control Glazing: G3; Energy: 95.221; : 91.083; Energy-: 0.563,explains,0.4,argument:default_contextual,table_claim,association,causal_argument,,,,,,,,table,352,352,Solar Control Glazing: G3; Energy: 95.221; : 91.083; Energy-: 0.563,8da6344f392e021c,TBL-20260216235835-227,16,needs_article_type_verification|translation_inferred|outcome_unresolved,codex_pdfplumber,pdf_table_extracted,pdf_confirmed,no,table,moderate,2026-02-16T22:59:39.952773+00:00,true
doi:10.18419/opus-9385,doi:10.18419/opus-9385-TBL-C636,finding,doi:10.18419/opus-9385-TBL-C636,"External: Mashrabya; Solar Control
Glazing: G1; Energy: 102.299; : 91.527; Energy-: 0.531",0.6,EMPIRICAL_FINDING,unknown,unknown_with_reason:runtime_table_extractor,external mashrabya solar,external mashrabya solar,['external mashrabya solar'],['external mashrabya solar'],[],[],UNRESOLVED:environment:external_mashrabya_solar,UNRESOLVED:outcome:external_mashrabya_solar,0.0,0.0,unresolved,unresolved,inferred,0.0,environment_unresolved|outcome_unresolved,env.unresolved.external_mashrabya_solar,out.unresolved.external_mashrabya_solar,positive,edge:doi:10.18419/opus-9385-TBL-C636,COHERENCE_SUPPORT,env.unresolved.external_mashrabya_solar,out.unresolved.external_mashrabya_solar,0.4,explicit_statement,true,External: Mashrabya; Solar Control Glazing: G1; Energy: 102.299; : 91.527; Energy-: 0.531,explains,0.4,argument:default_contextual,table_claim,association,causal_argument,,,,,,,,table,352,352,External: Mashrabya; Solar Control Glazing: G1; Energy: 102.299; : 91.527; Energy-: 0.531,0b7dcdd6f3d4a3d0,TBL-20260216235835-227,17,needs_article_type_verification|translation_inferred|environment_unresolved|outcome_unresolved,codex_pdfplumber,pdf_table_extracted,pdf_confirmed,no,table,moderate,2026-02-16T22:59:40.122119+00:00,true
doi:10.18419/opus-9385,doi:10.18419/opus-9385-TBL-C637,finding,doi:10.18419/opus-9385-TBL-C637,"Solar Control
Glazing: G2; Energy: N.A.; : N.A.; Energy-: N.A.",0.6,EMPIRICAL_FINDING,unknown,unknown_with_reason:runtime_table_extractor,glazing,solar control glazing,['solar control glazing'],['solar control glazing'],"['horizontal banding:0.564', 'visible glazing:0.556', 'strong central landmark:0.545', 'bold contrasting colors:0.545', 'short ceiling:0.529']",[],env.ae.large_window_area,UNRESOLVED:outcome:solar_control_glazing,0.7778,0.0,fuzzy,unresolved,inferred,0.7778,outcome_unresolved,env.ae.large_window_area,out.unresolved.solar_control_glazing,positive,edge:doi:10.18419/opus-9385-TBL-C637,COHERENCE_SUPPORT,env.ae.large_window_area,out.unresolved.solar_control_glazing,0.4,explicit_statement,true,Solar Control Glazing: G2; Energy: N.A.; : N.A.; Energy-: N.A.,explains,0.4,argument:default_contextual,table_claim,association,causal_argument,,,,,,,,table,352,352,Solar Control Glazing: G2; Energy: N.A.; : N.A.; Energy-: N.A.,7558237d2e1b3633,TBL-20260216235835-227,18,needs_article_type_verification|translation_inferred|outcome_unresolved,codex_pdfplumber,pdf_table_extracted,pdf_confirmed,no,table,moderate,2026-02-16T22:59:40.276903+00:00,true
doi:10.18419/opus-9385,doi:10.18419/opus-9385-TBL-C638,finding,doi:10.18419/opus-9385-TBL-C638,"Solar Control
Glazing: G3; Energy: N.A.; : N.A.; Energy-: N.A.",0.6,EMPIRICAL_FINDING,unknown,unknown_with_reason:runtime_table_extractor,glazing,solar control glazing,['solar control glazing'],['solar control glazing'],"['horizontal banding:0.564', 'visible glazing:0.556', 'strong central landmark:0.545', 'bold contrasting colors:0.545', 'short ceiling:0.529']",[],env.ae.large_window_area,UNRESOLVED:outcome:solar_control_glazing,0.7778,0.0,fuzzy,unresolved,inferred,0.7778,outcome_unresolved,env.ae.large_window_area,out.unresolved.solar_control_glazing,positive,edge:doi:10.18419/opus-9385-TBL-C638,COHERENCE_SUPPORT,env.ae.large_window_area,out.unresolved.solar_control_glazing,0.4,explicit_statement,true,Solar Control Glazing: G3; Energy: N.A.; : N.A.; Energy-: N.A.,explains,0.4,argument:default_contextual,table_claim,association,causal_argument,,,,,,,,table,352,352,Solar Control Glazing: G3; Energy: N.A.; : N.A.; Energy-: N.A.,ad751d86dff9367b,TBL-20260216235835-227,19,needs_article_type_verification|translation_inferred|outcome_unresolved,codex_pdfplumber,pdf_table_extracted,pdf_confirmed,no,table,moderate,2026-02-16T22:59:40.430547+00:00,true
doi:10.18419/opus-9385,doi:10.18419/opus-9385-TBL-C643,finding,doi:10.18419/opus-9385-TBL-C643,"External: Horizontal
Fins; Solar Control
Glazing: G1; Energy: 105.948; : 73.528; Energy-: 0.514",0.6,EMPIRICAL_FINDING,unknown,unknown_with_reason:runtime_table_extractor,external horizontal,external horizontal fins,['external horizontal fins'],['external horizontal fins'],"['strong horizontals:0.714', 'dominant horizontal lines:0.694', 'strong horizontality:0.682', 'layered horizontality:0.622', 'horizontal banding:0.619']",[],env.ae.strong_horizontality,UNRESOLVED:outcome:external_horizontal_fins,0.7568,0.0,fuzzy,unresolved,inferred,0.7568,outcome_unresolved,env.ae.strong_horizontality,out.unresolved.external_horizontal_fins,positive,edge:doi:10.18419/opus-9385-TBL-C643,COHERENCE_SUPPORT,env.ae.strong_horizontality,out.unresolved.external_horizontal_fins,0.4,explicit_statement,true,External: Horizontal Fins; Solar Control Glazing: G1; Energy: 105.948; : 73.528; Energy-: 0.514,explains,0.4,argument:default_contextual,table_claim,association,causal_argument,,,,,,,,table,353,353,External: Horizontal Fins; Solar Control Glazing: G1; Energy: 105.948; : 73.528; Energy-: 0.514,39673361a0575fbe,TBL-20260216235835-228,5,needs_article_type_verification|translation_inferred|outcome_unresolved,codex_pdfplumber,pdf_table_extracted,pdf_confirmed,no,table,moderate,2026-02-16T22:59:40.535625+00:00,true
doi:10.18419/opus-9385,doi:10.18419/opus-9385-TBL-C644,finding,doi:10.18419/opus-9385-TBL-C644,"Solar Control
Glazing: G2; Energy: 103.339; : 83.449; Energy-: 0.526",0.6,EMPIRICAL_FINDING,unknown,unknown_with_reason:runtime_table_extractor,glazing,solar control glazing,['solar control glazing'],['solar control glazing'],"['horizontal banding:0.564', 'visible glazing:0.556', 'strong central landmark:0.545', 'bold contrasting colors:0.545', 'short ceiling:0.529']",[],env.ae.large_window_area,UNRESOLVED:outcome:solar_control_glazing,0.7778,0.0,fuzzy,unresolved,inferred,0.7778,outcome_unresolved,env.ae.large_window_area,out.unresolved.solar_control_glazing,positive,edge:doi:10.18419/opus-9385-TBL-C644,COHERENCE_SUPPORT,env.ae.large_window_area,out.unresolved.solar_control_glazing,0.4,explicit_statement,true,Solar Control Glazing: G2; Energy: 103.339; : 83.449; Energy-: 0.526,explains,0.4,argument:default_contextual,table_claim,association,causal_argument,,,,,,,,table,353,353,Solar Control Glazing: G2; Energy: 103.339; : 83.449; Energy-: 0.526,dd9e5a9380699fab,TBL-20260216235835-228,6,needs_article_type_verification|translation_inferred|outcome_unresolved,codex_pdfplumber,pdf_table_extracted,pdf_confirmed,no,table,moderate,2026-02-16T22:59:40.690960+00:00,true
doi:10.18419/opus-9385,doi:10.18419/opus-9385-TBL-C645,finding,doi:10.18419/opus-9385-TBL-C645,"Solar Control
Glazing: G3; Energy: 102.333; : 96.759; Energy-: 0.531",0.6,EMPIRICAL_FINDING,unknown,unknown_with_reason:runtime_table_extractor,glazing,solar control glazing,['solar control glazing'],['solar control glazing'],"['horizontal banding:0.564', 'visible glazing:0.556', 'strong central landmark:0.545', 'bold contrasting colors:0.545', 'short ceiling:0.529']",[],env.ae.large_window_area,UNRESOLVED:outcome:solar_control_glazing,0.7778,0.0,fuzzy,unresolved,inferred,0.7778,outcome_unresolved,env.ae.large_window_area,out.unresolved.solar_control_glazing,positive,edge:doi:10.18419/opus-9385-TBL-C645,COHERENCE_SUPPORT,env.ae.large_window_area,out.unresolved.solar_control_glazing,0.4,explicit_statement,true,Solar Control Glazing: G3; Energy: 102.333; : 96.759; Energy-: 0.531,explains,0.4,argument:default_contextual,table_claim,association,causal_argument,,,,,,,,table,353,353,Solar Control Glazing: G3; Energy: 102.333; : 96.759; Energy-: 0.531,9b2560b2cb831064,TBL-20260216235835-228,7,needs_article_type_verification|translation_inferred|outcome_unresolved,codex_pdfplumber,pdf_table_extracted,pdf_confirmed,no,table,moderate,2026-02-16T22:59:40.869084+00:00,true
doi:10.18419/opus-9385,doi:10.18419/opus-9385-TBL-C646,finding,doi:10.18419/opus-9385-TBL-C646,"External: Horizontal
Overhang; Solar Control
Glazing: G1; Energy: 112.714; : 61.412; Energy-: 0.483",0.6,EMPIRICAL_FINDING,unknown,unknown_with_reason:runtime_table_extractor,external horizontal,external horizontal overhang,['external horizontal overhang'],['external horizontal overhang'],"['horizontal banding:0.609', 'strong horizontals:0.609', 'horizontal emphasis:0.596', 'strong horizontality:0.583', 'dominant horizontal lines:0.566']",[],env.ae.strong_horizontality,UNRESOLVED:outcome:external_horizontal_overhang,0.7568,0.0,fuzzy,unresolved,inferred,0.7568,outcome_unresolved,env.ae.strong_horizontality,out.unresolved.external_horizontal_overhang,positive,edge:doi:10.18419/opus-9385-TBL-C646,COHERENCE_SUPPORT,env.ae.strong_horizontality,out.unresolved.external_horizontal_overhang,0.4,explicit_statement,true,External: Horizontal Overhang; Solar Control Glazing: G1; Energy: 112.714; : 61.412; Energy-: 0.483,explains,0.4,argument:default_contextual,table_claim,association,causal_argument,,,,,,,,table,353,353,External: Horizontal Overhang; Solar Control Glazing: G1; Energy: 112.714; : 61.412; Energy-: 0.483,cc03998390a2a598,TBL-20260216235835-228,8,needs_article_type_verification|translation_inferred|outcome_unresolved,codex_pdfplumber,pdf_table_extracted,pdf_confirmed,no,table,moderate,2026-02-16T22:59:41.003267+00:00,true
doi:10.18419/opus-9385,doi:10.18419/opus-9385-TBL-C647,finding,doi:10.18419/opus-9385-TBL-C647,"Solar Control
Glazing: G2; Energy: 109.602; : 69.035; Energy-: 0.498",0.6,EMPIRICAL_FINDING,unknown,unknown_with_reason:runtime_table_extractor,glazing,solar control glazing,['solar control glazing'],['solar control glazing'],"['horizontal banding:0.564', 'visible glazing:0.556', 'strong central landmark:0.545', 'bold contrasting colors:0.545', 'short ceiling:0.529']",[],env.ae.large_window_area,UNRESOLVED:outcome:solar_control_glazing,0.7778,0.0,fuzzy,unresolved,inferred,0.7778,outcome_unresolved,env.ae.large_window_area,out.unresolved.solar_control_glazing,positive,edge:doi:10.18419/opus-9385-TBL-C647,COHERENCE_SUPPORT,env.ae.large_window_area,out.unresolved.solar_control_glazing,0.4,explicit_statement,true,Solar Control Glazing: G2; Energy: 109.602; : 69.035; Energy-: 0.498,explains,0.4,argument:default_contextual,table_claim,association,causal_argument,,,,,,,,table,353,353,Solar Control Glazing: G2; Energy: 109.602; : 69.035; Energy-: 0.498,5362caf9ad662f95,TBL-20260216235835-228,9,needs_article_type_verification|translation_inferred|outcome_unresolved,codex_pdfplumber,pdf_table_extracted,pdf_confirmed,no,table,moderate,2026-02-16T22:59:41.158365+00:00,true
doi:10.18419/opus-9385,doi:10.18419/opus-9385-TBL-C648,finding,doi:10.18419/opus-9385-TBL-C648,"Solar Control
Glazing: G3; Energy: 109.153; : 78.342; Energy-: 0.499",0.6,EMPIRICAL_FINDING,unknown,unknown_with_reason:runtime_table_extractor,glazing,solar control glazing,['solar control glazing'],['solar control glazing'],"['horizontal banding:0.564', 'visible glazing:0.556', 'strong central landmark:0.545', 'bold contrasting colors:0.545', 'short ceiling:0.529']",[],env.ae.large_window_area,UNRESOLVED:outcome:solar_control_glazing,0.7778,0.0,fuzzy,unresolved,inferred,0.7778,outcome_unresolved,env.ae.large_window_area,out.unresolved.solar_control_glazing,positive,edge:doi:10.18419/opus-9385-TBL-C648,COHERENCE_SUPPORT,env.ae.large_window_area,out.unresolved.solar_control_glazing,0.4,explicit_statement,true,Solar Control Glazing: G3; Energy: 109.153; : 78.342; Energy-: 0.499,explains,0.4,argument:default_contextual,table_claim,association,causal_argument,,,,,,,,table,353,353,Solar Control Glazing: G3; Energy: 109.153; : 78.342; Energy-: 0.499,8a3cf02582c72985,TBL-20260216235835-228,10,needs_article_type_verification|translation_inferred|outcome_unresolved,codex_pdfplumber,pdf_table_extracted,pdf_confirmed,no,table,moderate,2026-02-16T22:59:41.312251+00:00,true
doi:10.18419/opus-9385,doi:10.18419/opus-9385-TBL-C649,finding,doi:10.18419/opus-9385-TBL-C649,"External: Horizontal
Louvers; Solar Control
Glazing: G1; Energy: 105.157; : 72.425; Energy-: 0.518",0.6,EMPIRICAL_FINDING,unknown,unknown_with_reason:runtime_table_extractor,external horizontal,external horizontal louvers,['external horizontal louvers'],['external horizontal louvers'],"['strong horizontals:0.667', 'dominant horizontal lines:0.654', 'strong horizontality:0.596', 'horizontal emphasis:0.565', 'layered horizontality:0.542']",[],env.ae.strong_horizontality,UNRESOLVED:outcome:external_horizontal_louvers,0.7568,0.0,fuzzy,unresolved,inferred,0.7568,outcome_unresolved,env.ae.strong_horizontality,out.unresolved.external_horizontal_louvers,positive,edge:doi:10.18419/opus-9385-TBL-C649,COHERENCE_SUPPORT,env.ae.strong_horizontality,out.unresolved.external_horizontal_louvers,0.4,explicit_statement,true,External: Horizontal Louvers; Solar Control Glazing: G1; Energy: 105.157; : 72.425; Energy-: 0.518,explains,0.4,argument:default_contextual,table_claim,association,causal_argument,,,,,,,,table,353,353,External: Horizontal Louvers; Solar Control Glazing: G1; Energy: 105.157; : 72.425; Energy-: 0.518,051b2a07fc852b8f,TBL-20260216235835-228,11,needs_article_type_verification|translation_inferred|outcome_unresolved,codex_pdfplumber,pdf_table_extracted,pdf_confirmed,no,table,moderate,2026-02-16T22:59:41.421898+00:00,true
doi:10.18419/opus-9385,doi:10.18419/opus-9385-TBL-C650,finding,doi:10.18419/opus-9385-TBL-C650,"Solar Control
Glazing: G2; Energy: 102.672; : 81.625; Energy-: 0.529",0.6,EMPIRICAL_FINDING,unknown,unknown_with_reason:runtime_table_extractor,glazing,solar control glazing,['solar control glazing'],['solar control glazing'],"['horizontal banding:0.564', 'visible glazing:0.556', 'strong central landmark:0.545', 'bold contrasting colors:0.545', 'short ceiling:0.529']",[],env.ae.large_window_area,UNRESOLVED:outcome:solar_control_glazing,0.7778,0.0,fuzzy,unresolved,inferred,0.7778,outcome_unresolved,env.ae.large_window_area,out.unresolved.solar_control_glazing,positive,edge:doi:10.18419/opus-9385-TBL-C650,COHERENCE_SUPPORT,env.ae.large_window_area,out.unresolved.solar_control_glazing,0.4,explicit_statement,true,Solar Control Glazing: G2; Energy: 102.672; : 81.625; Energy-: 0.529,explains,0.4,argument:default_contextual,table_claim,association,causal_argument,,,,,,,,table,353,353,Solar Control Glazing: G2; Energy: 102.672; : 81.625; Energy-: 0.529,592322e295386c5d,TBL-20260216235835-228,12,needs_article_type_verification|translation_inferred|outcome_unresolved,codex_pdfplumber,pdf_table_extracted,pdf_confirmed,no,table,moderate,2026-02-16T22:59:41.573591+00:00,true
doi:10.18419/opus-9385,doi:10.18419/opus-9385-TBL-C651,finding,doi:10.18419/opus-9385-TBL-C651,"Solar Control
Glazing: G3; Energy: 102.532; : 93.297; Energy-: 0.530",0.6,EMPIRICAL_FINDING,unknown,unknown_with_reason:runtime_table_extractor,glazing,solar control glazing,['solar control glazing'],['solar control glazing'],"['horizontal banding:0.564', 'visible glazing:0.556', 'strong central landmark:0.545', 'bold contrasting colors:0.545', 'short ceiling:0.529']",[],env.ae.large_window_area,UNRESOLVED:outcome:solar_control_glazing,0.7778,0.0,fuzzy,unresolved,inferred,0.7778,outcome_unresolved,env.ae.large_window_area,out.unresolved.solar_control_glazing,positive,edge:doi:10.18419/opus-9385-TBL-C651,COHERENCE_SUPPORT,env.ae.large_window_area,out.unresolved.solar_control_glazing,0.4,explicit_statement,true,Solar Control Glazing: G3; Energy: 102.532; : 93.297; Energy-: 0.530,explains,0.4,argument:default_contextual,table_claim,association,causal_argument,,,,,,,,table,353,353,Solar Control Glazing: G3; Energy: 102.532; : 93.297; Energy-: 0.530,7c962f1d50629455,TBL-20260216235835-228,13,needs_article_type_verification|translation_inferred|outcome_unresolved,codex_pdfplumber,pdf_table_extracted,pdf_confirmed,no,table,moderate,2026-02-16T22:59:41.726019+00:00,true
doi:10.18419/opus-9385,doi:10.18419/opus-9385-TBL-C652,finding,doi:10.18419/opus-9385-TBL-C652,"External: Vertical
Louvers; Solar Control
Glazing: G1; Energy: 128.960; : 64.953; Energy-: 0.409",0.6,EMPIRICAL_FINDING,unknown,unknown_with_reason:runtime_table_extractor,external vertical,external vertical louvers,['external vertical louvers'],['external vertical louvers'],"['strong vertical lines:0.696', 'dominant vertical lines:0.625', 'low vertical clearance:0.596', 'high vertical lines:0.591', 'tall verticality:0.585']",[],env.ae.strong_verticality,UNRESOLVED:outcome:external_vertical_louvers,0.7273,0.0,fuzzy,unresolved,inferred,0.7273,outcome_unresolved,env.ae.strong_verticality,out.unresolved.external_vertical_louvers,positive,edge:doi:10.18419/opus-9385-TBL-C652,COHERENCE_SUPPORT,env.ae.strong_verticality,out.unresolved.external_vertical_louvers,0.4,explicit_statement,true,External: Vertical Louvers; Solar Control Glazing: G1; Energy: 128.960; : 64.953; Energy-: 0.409,explains,0.4,argument:default_contextual,table_claim,association,causal_argument,,,,,,,,table,353,353,External: Vertical Louvers; Solar Control Glazing: G1; Energy: 128.960; : 64.953; Energy-: 0.409,36e6cc12825bd3d5,TBL-20260216235835-228,14,needs_article_type_verification|translation_inferred|outcome_unresolved,codex_pdfplumber,pdf_table_extracted,pdf_confirmed,no,table,moderate,2026-02-16T22:59:41.830135+00:00,true
doi:10.18419/opus-9385,doi:10.18419/opus-9385-TBL-C653,finding,doi:10.18419/opus-9385-TBL-C653,"Solar Control
Glazing: G2; Energy: 123.653; : 75.576; Energy-: 0.433",0.6,EMPIRICAL_FINDING,unknown,unknown_with_reason:runtime_table_extractor,glazing,solar control glazing,['solar control glazing'],['solar control glazing'],"['horizontal banding:0.564', 'visible glazing:0.556', 'strong central landmark:0.545', 'bold contrasting colors:0.545', 'short ceiling:0.529']",[],env.ae.large_window_area,UNRESOLVED:outcome:solar_control_glazing,0.7778,0.0,fuzzy,unresolved,inferred,0.7778,outcome_unresolved,env.ae.large_window_area,out.unresolved.solar_control_glazing,positive,edge:doi:10.18419/opus-9385-TBL-C653,COHERENCE_SUPPORT,env.ae.large_window_area,out.unresolved.solar_control_glazing,0.4,explicit_statement,true,Solar Control Glazing: G2; Energy: 123.653; : 75.576; Energy-: 0.433,explains,0.4,argument:default_contextual,table_claim,association,causal_argument,,,,,,,,table,353,353,Solar Control Glazing: G2; Energy: 123.653; : 75.576; Energy-: 0.433,24745bb104be31c1,TBL-20260216235835-228,15,needs_article_type_verification|translation_inferred|outcome_unresolved,codex_pdfplumber,pdf_table_extracted,pdf_confirmed,no,table,moderate,2026-02-16T22:59:41.982855+00:00,true
doi:10.18419/opus-9385,doi:10.18419/opus-9385-TBL-C654,finding,doi:10.18419/opus-9385-TBL-C654,"Solar Control
Glazing: G3; Energy: 121.473; : 87.824; Energy-: 0.443",0.6,EMPIRICAL_FINDING,unknown,unknown_with_reason:runtime_table_extractor,glazing,solar control glazing,['solar control glazing'],['solar control glazing'],"['horizontal banding:0.564', 'visible glazing:0.556', 'strong central landmark:0.545', 'bold contrasting colors:0.545', 'short ceiling:0.529']",[],env.ae.large_window_area,UNRESOLVED:outcome:solar_control_glazing,0.7778,0.0,fuzzy,unresolved,inferred,0.7778,outcome_unresolved,env.ae.large_window_area,out.unresolved.solar_control_glazing,positive,edge:doi:10.18419/opus-9385-TBL-C654,COHERENCE_SUPPORT,env.ae.large_window_area,out.unresolved.solar_control_glazing,0.4,explicit_statement,true,Solar Control Glazing: G3; Energy: 121.473; : 87.824; Energy-: 0.443,explains,0.4,argument:default_contextual,table_claim,association,causal_argument,,,,,,,,table,353,353,Solar Control Glazing: G3; Energy: 121.473; : 87.824; Energy-: 0.443,49dbdb81679f04fd,TBL-20260216235835-228,16,needs_article_type_verification|translation_inferred|outcome_unresolved,codex_pdfplumber,pdf_table_extracted,pdf_confirmed,no,table,moderate,2026-02-16T22:59:42.135080+00:00,true
doi:10.18419/opus-9385,doi:10.18419/opus-9385-TBL-C655,finding,doi:10.18419/opus-9385-TBL-C655,"External: Mashrabya; Solar Control
Glazing: G1; Energy: N.A.; : N.A.; Energy-: N.A.",0.6,EMPIRICAL_FINDING,unknown,unknown_with_reason:runtime_table_extractor,external mashrabya solar,external mashrabya solar,['external mashrabya solar'],['external mashrabya solar'],[],[],UNRESOLVED:environment:external_mashrabya_solar,UNRESOLVED:outcome:external_mashrabya_solar,0.0,0.0,unresolved,unresolved,inferred,0.0,environment_unresolved|outcome_unresolved,env.unresolved.external_mashrabya_solar,out.unresolved.external_mashrabya_solar,positive,edge:doi:10.18419/opus-9385-TBL-C655,COHERENCE_SUPPORT,env.unresolved.external_mashrabya_solar,out.unresolved.external_mashrabya_solar,0.4,explicit_statement,true,External: Mashrabya; Solar Control Glazing: G1; Energy: N.A.; : N.A.; Energy-: N.A.,explains,0.4,argument:default_contextual,table_claim,association,causal_argument,,,,,,,,table,353,353,External: Mashrabya; Solar Control Glazing: G1; Energy: N.A.; : N.A.; Energy-: N.A.,f165feaa06e289aa,TBL-20260216235835-228,17,needs_article_type_verification|translation_inferred|environment_unresolved|outcome_unresolved,codex_pdfplumber,pdf_table_extracted,pdf_confirmed,no,table,moderate,2026-02-16T22:59:42.302720+00:00,true
doi:10.18419/opus-9385,doi:10.18419/opus-9385-TBL-C662,finding,doi:10.18419/opus-9385-TBL-C662,"External: Horizontal
Fins; Solar Control
Glazing: G1; Energy: 100.932; : 70.001; Energy-: 0.537",0.6,EMPIRICAL_FINDING,unknown,unknown_with_reason:runtime_table_extractor,external horizontal,external horizontal fins,['external horizontal fins'],['external horizontal fins'],"['strong horizontals:0.714', 'dominant horizontal lines:0.694', 'strong horizontality:0.682', 'layered horizontality:0.622', 'horizontal banding:0.619']",[],env.ae.strong_horizontality,UNRESOLVED:outcome:external_horizontal_fins,0.7568,0.0,fuzzy,unresolved,inferred,0.7568,outcome_unresolved,env.ae.strong_horizontality,out.unresolved.external_horizontal_fins,positive,edge:doi:10.18419/opus-9385-TBL-C662,COHERENCE_SUPPORT,env.ae.strong_horizontality,out.unresolved.external_horizontal_fins,0.4,explicit_statement,true,External: Horizontal Fins; Solar Control Glazing: G1; Energy: 100.932; : 70.001; Energy-: 0.537,explains,0.4,argument:default_contextual,table_claim,association,causal_argument,,,,,,,,table,354,354,External: Horizontal Fins; Solar Control Glazing: G1; Energy: 100.932; : 70.001; Energy-: 0.537,752a9fa0163356b5,TBL-20260216235835-229,5,needs_article_type_verification|translation_inferred|outcome_unresolved,codex_pdfplumber,pdf_table_extracted,pdf_confirmed,no,table,moderate,2026-02-16T22:59:42.408590+00:00,true
doi:10.18419/opus-9385,doi:10.18419/opus-9385-TBL-C663,finding,doi:10.18419/opus-9385-TBL-C663,"Solar Control
Glazing: G2; Energy: 97.388; : 79.539; Energy-: 0.553",0.6,EMPIRICAL_FINDING,unknown,unknown_with_reason:runtime_table_extractor,glazing,solar control glazing,['solar control glazing'],['solar control glazing'],"['horizontal banding:0.564', 'visible glazing:0.556', 'strong central landmark:0.545', 'bold contrasting colors:0.545', 'short ceiling:0.529']",[],env.ae.large_window_area,UNRESOLVED:outcome:solar_control_glazing,0.7778,0.0,fuzzy,unresolved,inferred,0.7778,outcome_unresolved,env.ae.large_window_area,out.unresolved.solar_control_glazing,positive,edge:doi:10.18419/opus-9385-TBL-C663,COHERENCE_SUPPORT,env.ae.large_window_area,out.unresolved.solar_control_glazing,0.4,explicit_statement,true,Solar Control Glazing: G2; Energy: 97.388; : 79.539; Energy-: 0.553,explains,0.4,argument:default_contextual,table_claim,association,causal_argument,,,,,,,,table,354,354,Solar Control Glazing: G2; Energy: 97.388; : 79.539; Energy-: 0.553,8ed8a17e949ae076,TBL-20260216235835-229,6,needs_article_type_verification|translation_inferred|outcome_unresolved,codex_pdfplumber,pdf_table_extracted,pdf_confirmed,no,table,moderate,2026-02-16T22:59:42.562841+00:00,true
doi:10.18419/opus-9385,doi:10.18419/opus-9385-TBL-C664,finding,doi:10.18419/opus-9385-TBL-C664,"Solar Control
Glazing: G3; Energy: 95.965; : 91.936; Energy-: 0.560",0.6,EMPIRICAL_FINDING,unknown,unknown_with_reason:runtime_table_extractor,glazing,solar control glazing,['solar control glazing'],['solar control glazing'],"['horizontal banding:0.564', 'visible glazing:0.556', 'strong central landmark:0.545', 'bold contrasting colors:0.545', 'short ceiling:0.529']",[],env.ae.large_window_area,UNRESOLVED:outcome:solar_control_glazing,0.7778,0.0,fuzzy,unresolved,inferred,0.7778,outcome_unresolved,env.ae.large_window_area,out.unresolved.solar_control_glazing,positive,edge:doi:10.18419/opus-9385-TBL-C664,COHERENCE_SUPPORT,env.ae.large_window_area,out.unresolved.solar_control_glazing,0.4,explicit_statement,true,Solar Control Glazing: G3; Energy: 95.965; : 91.936; Energy-: 0.560,explains,0.4,argument:default_contextual,table_claim,association,causal_argument,,,,,,,,table,354,354,Solar Control Glazing: G3; Energy: 95.965; : 91.936; Energy-: 0.560,ec9064e9e959d298,TBL-20260216235835-229,7,needs_article_type_verification|translation_inferred|outcome_unresolved,codex_pdfplumber,pdf_table_extracted,pdf_confirmed,no,table,moderate,2026-02-16T22:59:42.717622+00:00,true
doi:10.18419/opus-9385,doi:10.18419/opus-9385-TBL-C665,finding,doi:10.18419/opus-9385-TBL-C665,"External: Horizontal
Overhang; Solar Control
Glazing: G1; Energy: 106.745; : 64.978; Energy-: 0.511",0.6,EMPIRICAL_FINDING,unknown,unknown_with_reason:runtime_table_extractor,external horizontal,external horizontal overhang,['external horizontal overhang'],['external horizontal overhang'],"['horizontal banding:0.609', 'strong horizontals:0.609', 'horizontal emphasis:0.596', 'strong horizontality:0.583', 'dominant horizontal lines:0.566']",[],env.ae.strong_horizontality,UNRESOLVED:outcome:external_horizontal_overhang,0.7568,0.0,fuzzy,unresolved,inferred,0.7568,outcome_unresolved,env.ae.strong_horizontality,out.unresolved.external_horizontal_overhang,positive,edge:doi:10.18419/opus-9385-TBL-C665,COHERENCE_SUPPORT,env.ae.strong_horizontality,out.unresolved.external_horizontal_overhang,0.4,explicit_statement,true,External: Horizontal Overhang; Solar Control Glazing: G1; Energy: 106.745; : 64.978; Energy-: 0.511,explains,0.4,argument:default_contextual,table_claim,association,causal_argument,,,,,,,,table,354,354,External: Horizontal Overhang; Solar Control Glazing: G1; Energy: 106.745; : 64.978; Energy-: 0.511,596f43a77da87c1c,TBL-20260216235835-229,8,needs_article_type_verification|translation_inferred|outcome_unresolved,codex_pdfplumber,pdf_table_extracted,pdf_confirmed,no,table,moderate,2026-02-16T22:59:42.828720+00:00,true
doi:10.18419/opus-9385,doi:10.18419/opus-9385-TBL-C666,finding,doi:10.18419/opus-9385-TBL-C666,"Solar Control
Glazing: G2; Energy: 102.699; : 73.529; Energy-: 0.529",0.6,EMPIRICAL_FINDING,unknown,unknown_with_reason:runtime_table_extractor,glazing,solar control glazing,['solar control glazing'],['solar control glazing'],"['horizontal banding:0.564', 'visible glazing:0.556', 'strong central landmark:0.545', 'bold contrasting colors:0.545', 'short ceiling:0.529']",[],env.ae.large_window_area,UNRESOLVED:outcome:solar_control_glazing,0.7778,0.0,fuzzy,unresolved,inferred,0.7778,outcome_unresolved,env.ae.large_window_area,out.unresolved.solar_control_glazing,positive,edge:doi:10.18419/opus-9385-TBL-C666,COHERENCE_SUPPORT,env.ae.large_window_area,out.unresolved.solar_control_glazing,0.4,explicit_statement,true,Solar Control Glazing: G2; Energy: 102.699; : 73.529; Energy-: 0.529,explains,0.4,argument:default_contextual,table_claim,association,causal_argument,,,,,,,,table,354,354,Solar Control Glazing: G2; Energy: 102.699; : 73.529; Energy-: 0.529,22e584d5cc8f321b,TBL-20260216235835-229,9,needs_article_type_verification|translation_inferred|outcome_unresolved,codex_pdfplumber,pdf_table_extracted,pdf_confirmed,no,table,moderate,2026-02-16T22:59:42.982111+00:00,true
doi:10.18419/opus-9385,doi:10.18419/opus-9385-TBL-C667,finding,doi:10.18419/opus-9385-TBL-C667,"Solar Control
Glazing: G3; Energy: 101.453; : 84.011; Energy-: 0.535",0.6,EMPIRICAL_FINDING,unknown,unknown_with_reason:runtime_table_extractor,glazing,solar control glazing,['solar control glazing'],['solar control glazing'],"['horizontal banding:0.564', 'visible glazing:0.556', 'strong central landmark:0.545', 'bold contrasting colors:0.545', 'short ceiling:0.529']",[],env.ae.large_window_area,UNRESOLVED:outcome:solar_control_glazing,0.7778,0.0,fuzzy,unresolved,inferred,0.7778,outcome_unresolved,env.ae.large_window_area,out.unresolved.solar_control_glazing,positive,edge:doi:10.18419/opus-9385-TBL-C667,COHERENCE_SUPPORT,env.ae.large_window_area,out.unresolved.solar_control_glazing,0.4,explicit_statement,true,Solar Control Glazing: G3; Energy: 101.453; : 84.011; Energy-: 0.535,explains,0.4,argument:default_contextual,table_claim,association,causal_argument,,,,,,,,table,354,354,Solar Control Glazing: G3; Energy: 101.453; : 84.011; Energy-: 0.535,11f8a508ef294ad5,TBL-20260216235835-229,10,needs_article_type_verification|translation_inferred|outcome_unresolved,codex_pdfplumber,pdf_table_extracted,pdf_confirmed,no,table,moderate,2026-02-16T22:59:43.138391+00:00,true
doi:10.18419/opus-9385,doi:10.18419/opus-9385-TBL-C668,finding,doi:10.18419/opus-9385-TBL-C668,"External: Horizontal
Louvers; Solar Control
Glazing: G1; Energy: 101.311; : 69.717; Energy-: 0.536",0.6,EMPIRICAL_FINDING,unknown,unknown_with_reason:runtime_table_extractor,external horizontal,external horizontal louvers,['external horizontal louvers'],['external horizontal louvers'],"['strong horizontals:0.667', 'dominant horizontal lines:0.654', 'strong horizontality:0.596', 'horizontal emphasis:0.565', 'layered horizontality:0.542']",[],env.ae.strong_horizontality,UNRESOLVED:outcome:external_horizontal_louvers,0.7568,0.0,fuzzy,unresolved,inferred,0.7568,outcome_unresolved,env.ae.strong_horizontality,out.unresolved.external_horizontal_louvers,positive,edge:doi:10.18419/opus-9385-TBL-C668,COHERENCE_SUPPORT,env.ae.strong_horizontality,out.unresolved.external_horizontal_louvers,0.4,explicit_statement,true,External: Horizontal Louvers; Solar Control Glazing: G1; Energy: 101.311; : 69.717; Energy-: 0.536,explains,0.4,argument:default_contextual,table_claim,association,causal_argument,,,,,,,,table,354,354,External: Horizontal Louvers; Solar Control Glazing: G1; Energy: 101.311; : 69.717; Energy-: 0.536,e218e5517486386d,TBL-20260216235835-229,11,needs_article_type_verification|translation_inferred|outcome_unresolved,codex_pdfplumber,pdf_table_extracted,pdf_confirmed,no,table,moderate,2026-02-16T22:59:43.249235+00:00,true
doi:10.18419/opus-9385,doi:10.18419/opus-9385-TBL-C669,finding,doi:10.18419/opus-9385-TBL-C669,"Solar Control
Glazing: G2; Energy: 97.332; : 79.247; Energy-: 0.554",0.6,EMPIRICAL_FINDING,unknown,unknown_with_reason:runtime_table_extractor,glazing,solar control glazing,['solar control glazing'],['solar control glazing'],"['horizontal banding:0.564', 'visible glazing:0.556', 'strong central landmark:0.545', 'bold contrasting colors:0.545', 'short ceiling:0.529']",[],env.ae.large_window_area,UNRESOLVED:outcome:solar_control_glazing,0.7778,0.0,fuzzy,unresolved,inferred,0.7778,outcome_unresolved,env.ae.large_window_area,out.unresolved.solar_control_glazing,positive,edge:doi:10.18419/opus-9385-TBL-C669,COHERENCE_SUPPORT,env.ae.large_window_area,out.unresolved.solar_control_glazing,0.4,explicit_statement,true,Solar Control Glazing: G2; Energy: 97.332; : 79.247; Energy-: 0.554,explains,0.4,argument:default_contextual,table_claim,association,causal_argument,,,,,,,,table,354,354,Solar Control Glazing: G2; Energy: 97.332; : 79.247; Energy-: 0.554,0383a573b6a67d62,TBL-20260216235835-229,12,needs_article_type_verification|translation_inferred|outcome_unresolved,codex_pdfplumber,pdf_table_extracted,pdf_confirmed,no,table,moderate,2026-02-16T22:59:43.404848+00:00,true
doi:10.18419/opus-9385,doi:10.18419/opus-9385-TBL-C670,finding,doi:10.18419/opus-9385-TBL-C670,"Solar Control
Glazing: G3; Energy: 95.968; : 91.136; Energy-: 0.560",0.6,EMPIRICAL_FINDING,unknown,unknown_with_reason:runtime_table_extractor,glazing,solar control glazing,['solar control glazing'],['solar control glazing'],"['horizontal banding:0.564', 'visible glazing:0.556', 'strong central landmark:0.545', 'bold contrasting colors:0.545', 'short ceiling:0.529']",[],env.ae.large_window_area,UNRESOLVED:outcome:solar_control_glazing,0.7778,0.0,fuzzy,unresolved,inferred,0.7778,outcome_unresolved,env.ae.large_window_area,out.unresolved.solar_control_glazing,positive,edge:doi:10.18419/opus-9385-TBL-C670,COHERENCE_SUPPORT,env.ae.large_window_area,out.unresolved.solar_control_glazing,0.4,explicit_statement,true,Solar Control Glazing: G3; Energy: 95.968; : 91.136; Energy-: 0.560,explains,0.4,argument:default_contextual,table_claim,association,causal_argument,,,,,,,,table,354,354,Solar Control Glazing: G3; Energy: 95.968; : 91.136; Energy-: 0.560,a89ee53f9dd0c6e6,TBL-20260216235835-229,13,needs_article_type_verification|translation_inferred|outcome_unresolved,codex_pdfplumber,pdf_table_extracted,pdf_confirmed,no,table,moderate,2026-02-16T22:59:43.559906+00:00,true
doi:10.18419/opus-9385,doi:10.18419/opus-9385-TBL-C671,finding,doi:10.18419/opus-9385-TBL-C671,"External: Vertical
Louvers; Solar Control
Glazing: G1; Energy: 115.032; : 75.774; Energy-: 0.473",0.6,EMPIRICAL_FINDING,unknown,unknown_with_reason:runtime_table_extractor,external vertical,external vertical louvers,['external vertical louvers'],['external vertical louvers'],"['strong vertical lines:0.696', 'dominant vertical lines:0.625', 'low vertical clearance:0.596', 'high vertical lines:0.591', 'tall verticality:0.585']",[],env.ae.strong_verticality,UNRESOLVED:outcome:external_vertical_louvers,0.7273,0.0,fuzzy,unresolved,inferred,0.7273,outcome_unresolved,env.ae.strong_verticality,out.unresolved.external_vertical_louvers,positive,edge:doi:10.18419/opus-9385-TBL-C671,COHERENCE_SUPPORT,env.ae.strong_verticality,out.unresolved.external_vertical_louvers,0.4,explicit_statement,true,External: Vertical Louvers; Solar Control Glazing: G1; Energy: 115.032; : 75.774; Energy-: 0.473,explains,0.4,argument:default_contextual,table_claim,association,causal_argument,,,,,,,,table,354,354,External: Vertical Louvers; Solar Control Glazing: G1; Energy: 115.032; : 75.774; Energy-: 0.473,1a5c6506cd84e6ca,TBL-20260216235835-229,14,needs_article_type_verification|translation_inferred|outcome_unresolved,codex_pdfplumber,pdf_table_extracted,pdf_confirmed,no,table,moderate,2026-02-16T22:59:43.666028+00:00,true
doi:10.18419/opus-9385,doi:10.18419/opus-9385-TBL-C672,finding,doi:10.18419/opus-9385-TBL-C672,"Solar Control
Glazing: G2; Energy: 109.252; : 87.778; Energy-: 0.499",0.6,EMPIRICAL_FINDING,unknown,unknown_with_reason:runtime_table_extractor,glazing,solar control glazing,['solar control glazing'],['solar control glazing'],"['horizontal banding:0.564', 'visible glazing:0.556', 'strong central landmark:0.545', 'bold contrasting colors:0.545', 'short ceiling:0.529']",[],env.ae.large_window_area,UNRESOLVED:outcome:solar_control_glazing,0.7778,0.0,fuzzy,unresolved,inferred,0.7778,outcome_unresolved,env.ae.large_window_area,out.unresolved.solar_control_glazing,positive,edge:doi:10.18419/opus-9385-TBL-C672,COHERENCE_SUPPORT,env.ae.large_window_area,out.unresolved.solar_control_glazing,0.4,explicit_statement,true,Solar Control Glazing: G2; Energy: 109.252; : 87.778; Energy-: 0.499,explains,0.4,argument:default_contextual,table_claim,association,causal_argument,,,,,,,,table,354,354,Solar Control Glazing: G2; Energy: 109.252; : 87.778; Energy-: 0.499,b7d961abf429694e,TBL-20260216235835-229,15,needs_article_type_verification|translation_inferred|outcome_unresolved,codex_pdfplumber,pdf_table_extracted,pdf_confirmed,no,table,moderate,2026-02-16T22:59:43.817645+00:00,true
doi:10.18419/opus-9385,doi:10.18419/opus-9385-TBL-C674,finding,doi:10.18419/opus-9385-TBL-C674,"External: Mashrabya; Solar Control
Glazing: G1; Energy: 104.608; : 99.354; Energy-: 0.521",0.6,EMPIRICAL_FINDING,unknown,unknown_with_reason:runtime_table_extractor,external mashrabya solar,external mashrabya solar,['external mashrabya solar'],['external mashrabya solar'],[],[],UNRESOLVED:environment:external_mashrabya_solar,UNRESOLVED:outcome:external_mashrabya_solar,0.0,0.0,unresolved,unresolved,inferred,0.0,environment_unresolved|outcome_unresolved,env.unresolved.external_mashrabya_solar,out.unresolved.external_mashrabya_solar,positive,edge:doi:10.18419/opus-9385-TBL-C674,COHERENCE_SUPPORT,env.unresolved.external_mashrabya_solar,out.unresolved.external_mashrabya_solar,0.4,explicit_statement,true,External: Mashrabya; Solar Control Glazing: G1; Energy: 104.608; : 99.354; Energy-: 0.521,explains,0.4,argument:default_contextual,table_claim,association,causal_argument,,,,,,,,table,354,354,External: Mashrabya; Solar Control Glazing: G1; Energy: 104.608; : 99.354; Energy-: 0.521,3c3086a21316fe10,TBL-20260216235835-229,17,needs_article_type_verification|translation_inferred|environment_unresolved|outcome_unresolved,codex_pdfplumber,pdf_table_extracted,pdf_confirmed,no,table,moderate,2026-02-16T22:59:43.983726+00:00,true
doi:10.18419/opus-9385,doi:10.18419/opus-9385-TBL-C681,finding,doi:10.18419/opus-9385-TBL-C681,"External: Horizontal
Fins; Solar Control
Glazing: G1; Energy: 113.250; : 74.439; Energy-: 0.481",0.6,EMPIRICAL_FINDING,unknown,unknown_with_reason:runtime_table_extractor,external horizontal,external horizontal fins,['external horizontal fins'],['external horizontal fins'],"['strong horizontals:0.714', 'dominant horizontal lines:0.694', 'strong horizontality:0.682', 'layered horizontality:0.622', 'horizontal banding:0.619']",[],env.ae.strong_horizontality,UNRESOLVED:outcome:external_horizontal_fins,0.7568,0.0,fuzzy,unresolved,inferred,0.7568,outcome_unresolved,env.ae.strong_horizontality,out.unresolved.external_horizontal_fins,positive,edge:doi:10.18419/opus-9385-TBL-C681,COHERENCE_SUPPORT,env.ae.strong_horizontality,out.unresolved.external_horizontal_fins,0.4,explicit_statement,true,External: Horizontal Fins; Solar Control Glazing: G1; Energy: 113.250; : 74.439; Energy-: 0.481,explains,0.4,argument:default_contextual,table_claim,association,causal_argument,,,,,,,,table,355,355,External: Horizontal Fins; Solar Control Glazing: G1; Energy: 113.250; : 74.439; Energy-: 0.481,52658d1e3955dd8c,TBL-20260216235835-230,5,needs_article_type_verification|translation_inferred|outcome_unresolved,codex_pdfplumber,pdf_table_extracted,pdf_confirmed,no,table,moderate,2026-02-16T22:59:44.086362+00:00,true
doi:10.18419/opus-9385,doi:10.18419/opus-9385-TBL-C682,finding,doi:10.18419/opus-9385-TBL-C682,"Solar Control
Glazing: G2; Energy: 109.058; : 87.488; Energy-: 0.500",0.6,EMPIRICAL_FINDING,unknown,unknown_with_reason:runtime_table_extractor,glazing,solar control glazing,['solar control glazing'],['solar control glazing'],"['horizontal banding:0.564', 'visible glazing:0.556', 'strong central landmark:0.545', 'bold contrasting colors:0.545', 'short ceiling:0.529']",[],env.ae.large_window_area,UNRESOLVED:outcome:solar_control_glazing,0.7778,0.0,fuzzy,unresolved,inferred,0.7778,outcome_unresolved,env.ae.large_window_area,out.unresolved.solar_control_glazing,positive,edge:doi:10.18419/opus-9385-TBL-C682,COHERENCE_SUPPORT,env.ae.large_window_area,out.unresolved.solar_control_glazing,0.4,explicit_statement,true,Solar Control Glazing: G2; Energy: 109.058; : 87.488; Energy-: 0.500,explains,0.4,argument:default_contextual,table_claim,association,causal_argument,,,,,,,,table,355,355,Solar Control Glazing: G2; Energy: 109.058; : 87.488; Energy-: 0.500,c32525c946c1cd69,TBL-20260216235835-230,6,needs_article_type_verification|translation_inferred|outcome_unresolved,codex_pdfplumber,pdf_table_extracted,pdf_confirmed,no,table,moderate,2026-02-16T22:59:44.239086+00:00,true
doi:10.18419/opus-9385,doi:10.18419/opus-9385-TBL-C684,finding,doi:10.18419/opus-9385-TBL-C684,"External: Horizontal
Overhang; Solar Control
Glazing: G1; Energy: 125.392; : 53.823; Energy-: 0.425",0.6,EMPIRICAL_FINDING,unknown,unknown_with_reason:runtime_table_extractor,external horizontal,external horizontal overhang,['external horizontal overhang'],['external horizontal overhang'],"['horizontal banding:0.609', 'strong horizontals:0.609', 'horizontal emphasis:0.596', 'strong horizontality:0.583', 'dominant horizontal lines:0.566']",[],env.ae.strong_horizontality,UNRESOLVED:outcome:external_horizontal_overhang,0.7568,0.0,fuzzy,unresolved,inferred,0.7568,outcome_unresolved,env.ae.strong_horizontality,out.unresolved.external_horizontal_overhang,positive,edge:doi:10.18419/opus-9385-TBL-C684,COHERENCE_SUPPORT,env.ae.strong_horizontality,out.unresolved.external_horizontal_overhang,0.4,explicit_statement,true,External: Horizontal Overhang; Solar Control Glazing: G1; Energy: 125.392; : 53.823; Energy-: 0.425,explains,0.4,argument:default_contextual,table_claim,association,causal_argument,,,,,,,,table,355,355,External: Horizontal Overhang; Solar Control Glazing: G1; Energy: 125.392; : 53.823; Energy-: 0.425,05d652aef3247b88,TBL-20260216235835-230,8,needs_article_type_verification|translation_inferred|outcome_unresolved,codex_pdfplumber,pdf_table_extracted,pdf_confirmed,no,table,moderate,2026-02-16T22:59:44.350905+00:00,true
doi:10.18419/opus-9385,doi:10.18419/opus-9385-TBL-C685,finding,doi:10.18419/opus-9385-TBL-C685,"Solar Control
Glazing: G2; Energy: 120.679; : 61.819; Energy-: 0.447",0.6,EMPIRICAL_FINDING,unknown,unknown_with_reason:runtime_table_extractor,glazing,solar control glazing,['solar control glazing'],['solar control glazing'],"['horizontal banding:0.564', 'visible glazing:0.556', 'strong central landmark:0.545', 'bold contrasting colors:0.545', 'short ceiling:0.529']",[],env.ae.large_window_area,UNRESOLVED:outcome:solar_control_glazing,0.7778,0.0,fuzzy,unresolved,inferred,0.7778,outcome_unresolved,env.ae.large_window_area,out.unresolved.solar_control_glazing,positive,edge:doi:10.18419/opus-9385-TBL-C685,COHERENCE_SUPPORT,env.ae.large_window_area,out.unresolved.solar_control_glazing,0.4,explicit_statement,true,Solar Control Glazing: G2; Energy: 120.679; : 61.819; Energy-: 0.447,explains,0.4,argument:default_contextual,table_claim,association,causal_argument,,,,,,,,table,355,355,Solar Control Glazing: G2; Energy: 120.679; : 61.819; Energy-: 0.447,1a458994971c21c7,TBL-20260216235835-230,9,needs_article_type_verification|translation_inferred|outcome_unresolved,codex_pdfplumber,pdf_table_extracted,pdf_confirmed,no,table,moderate,2026-02-16T22:59:44.502440+00:00,true
doi:10.18419/opus-9385,doi:10.18419/opus-9385-TBL-C686,finding,doi:10.18419/opus-9385-TBL-C686,"Solar Control
Glazing: G3; Energy: 119.639; : 70.659; Energy-: 0.452",0.6,EMPIRICAL_FINDING,unknown,unknown_with_reason:runtime_table_extractor,glazing,solar control glazing,['solar control glazing'],['solar control glazing'],"['horizontal banding:0.564', 'visible glazing:0.556', 'strong central landmark:0.545', 'bold contrasting colors:0.545', 'short ceiling:0.529']",[],env.ae.large_window_area,UNRESOLVED:outcome:solar_control_glazing,0.7778,0.0,fuzzy,unresolved,inferred,0.7778,outcome_unresolved,env.ae.large_window_area,out.unresolved.solar_control_glazing,positive,edge:doi:10.18419/opus-9385-TBL-C686,COHERENCE_SUPPORT,env.ae.large_window_area,out.unresolved.solar_control_glazing,0.4,explicit_statement,true,Solar Control Glazing: G3; Energy: 119.639; : 70.659; Energy-: 0.452,explains,0.4,argument:default_contextual,table_claim,association,causal_argument,,,,,,,,table,355,355,Solar Control Glazing: G3; Energy: 119.639; : 70.659; Energy-: 0.452,333eb7051fae7287,TBL-20260216235835-230,10,needs_article_type_verification|translation_inferred|outcome_unresolved,codex_pdfplumber,pdf_table_extracted,pdf_confirmed,no,table,moderate,2026-02-16T22:59:44.654028+00:00,true
doi:10.18419/opus-9385,doi:10.18419/opus-9385-TBL-C687,finding,doi:10.18419/opus-9385-TBL-C687,"External: Horizontal
Louvers; Solar Control
Glazing: G1; Energy: 112.251; : 70.438; Energy-: 0.485",0.6,EMPIRICAL_FINDING,unknown,unknown_with_reason:runtime_table_extractor,external horizontal,external horizontal louvers,['external horizontal louvers'],['external horizontal louvers'],"['strong horizontals:0.667', 'dominant horizontal lines:0.654', 'strong horizontality:0.596', 'horizontal emphasis:0.565', 'layered horizontality:0.542']",[],env.ae.strong_horizontality,UNRESOLVED:outcome:external_horizontal_louvers,0.7568,0.0,fuzzy,unresolved,inferred,0.7568,outcome_unresolved,env.ae.strong_horizontality,out.unresolved.external_horizontal_louvers,positive,edge:doi:10.18419/opus-9385-TBL-C687,COHERENCE_SUPPORT,env.ae.strong_horizontality,out.unresolved.external_horizontal_louvers,0.4,explicit_statement,true,External: Horizontal Louvers; Solar Control Glazing: G1; Energy: 112.251; : 70.438; Energy-: 0.485,explains,0.4,argument:default_contextual,table_claim,association,causal_argument,,,,,,,,table,355,355,External: Horizontal Louvers; Solar Control Glazing: G1; Energy: 112.251; : 70.438; Energy-: 0.485,e022d4afb1364398,TBL-20260216235835-230,11,needs_article_type_verification|translation_inferred|outcome_unresolved,codex_pdfplumber,pdf_table_extracted,pdf_confirmed,no,table,moderate,2026-02-16T22:59:44.764507+00:00,true
doi:10.18419/opus-9385,doi:10.18419/opus-9385-TBL-C688,finding,doi:10.18419/opus-9385-TBL-C688,"Solar Control
Glazing: G2; Energy: 108.164; : 82.905; Energy-: 0.504",0.6,EMPIRICAL_FINDING,unknown,unknown_with_reason:runtime_table_extractor,glazing,solar control glazing,['solar control glazing'],['solar control glazing'],"['horizontal banding:0.564', 'visible glazing:0.556', 'strong central landmark:0.545', 'bold contrasting colors:0.545', 'short ceiling:0.529']",[],env.ae.large_window_area,UNRESOLVED:outcome:solar_control_glazing,0.7778,0.0,fuzzy,unresolved,inferred,0.7778,outcome_unresolved,env.ae.large_window_area,out.unresolved.solar_control_glazing,positive,edge:doi:10.18419/opus-9385-TBL-C688,COHERENCE_SUPPORT,env.ae.large_window_area,out.unresolved.solar_control_glazing,0.4,explicit_statement,true,Solar Control Glazing: G2; Energy: 108.164; : 82.905; Energy-: 0.504,explains,0.4,argument:default_contextual,table_claim,association,causal_argument,,,,,,,,table,355,355,Solar Control Glazing: G2; Energy: 108.164; : 82.905; Energy-: 0.504,72016a1101a69cc7,TBL-20260216235835-230,12,needs_article_type_verification|translation_inferred|outcome_unresolved,codex_pdfplumber,pdf_table_extracted,pdf_confirmed,no,table,moderate,2026-02-16T22:59:44.916034+00:00,true
doi:10.18419/opus-9385,doi:10.18419/opus-9385-TBL-C689,finding,doi:10.18419/opus-9385-TBL-C689,"Solar Control
Glazing: G3; Energy: 107.301; : 97.554; Energy-: 0.508",0.6,EMPIRICAL_FINDING,unknown,unknown_with_reason:runtime_table_extractor,glazing,solar control glazing,['solar control glazing'],['solar control glazing'],"['horizontal banding:0.564', 'visible glazing:0.556', 'strong central landmark:0.545', 'bold contrasting colors:0.545', 'short ceiling:0.529']",[],env.ae.large_window_area,UNRESOLVED:outcome:solar_control_glazing,0.7778,0.0,fuzzy,unresolved,inferred,0.7778,outcome_unresolved,env.ae.large_window_area,out.unresolved.solar_control_glazing,positive,edge:doi:10.18419/opus-9385-TBL-C689,COHERENCE_SUPPORT,env.ae.large_window_area,out.unresolved.solar_control_glazing,0.4,explicit_statement,true,Solar Control Glazing: G3; Energy: 107.301; : 97.554; Energy-: 0.508,explains,0.4,argument:default_contextual,table_claim,association,causal_argument,,,,,,,,table,355,355,Solar Control Glazing: G3; Energy: 107.301; : 97.554; Energy-: 0.508,bee04b5500a8d353,TBL-20260216235835-230,13,needs_article_type_verification|translation_inferred|outcome_unresolved,codex_pdfplumber,pdf_table_extracted,pdf_confirmed,no,table,moderate,2026-02-16T22:59:45.067604+00:00,true
doi:10.18419/opus-9385,doi:10.18419/opus-9385-TBL-C690,finding,doi:10.18419/opus-9385-TBL-C690,"External: Vertical
Louvers; Solar Control
Glazing: G1; Energy: 146.593; : 51.245; Energy-: 0.328",0.6,EMPIRICAL_FINDING,unknown,unknown_with_reason:runtime_table_extractor,external vertical,external vertical louvers,['external vertical louvers'],['external vertical louvers'],"['strong vertical lines:0.696', 'dominant vertical lines:0.625', 'low vertical clearance:0.596', 'high vertical lines:0.591', 'tall verticality:0.585']",[],env.ae.strong_verticality,UNRESOLVED:outcome:external_vertical_louvers,0.7273,0.0,fuzzy,unresolved,inferred,0.7273,outcome_unresolved,env.ae.strong_verticality,out.unresolved.external_vertical_louvers,positive,edge:doi:10.18419/opus-9385-TBL-C690,COHERENCE_SUPPORT,env.ae.strong_verticality,out.unresolved.external_vertical_louvers,0.4,explicit_statement,true,External: Vertical Louvers; Solar Control Glazing: G1; Energy: 146.593; : 51.245; Energy-: 0.328,explains,0.4,argument:default_contextual,table_claim,association,causal_argument,,,,,,,,table,355,355,External: Vertical Louvers; Solar Control Glazing: G1; Energy: 146.593; : 51.245; Energy-: 0.328,d6b22e2798ba3c84,TBL-20260216235835-230,14,needs_article_type_verification|translation_inferred|outcome_unresolved,codex_pdfplumber,pdf_table_extracted,pdf_confirmed,no,table,moderate,2026-02-16T22:59:45.171296+00:00,true
doi:10.18419/opus-9385,doi:10.18419/opus-9385-TBL-C691,finding,doi:10.18419/opus-9385-TBL-C691,"Solar Control
Glazing: G2; Energy: 138.462; : 63.059; Energy-: 0.365",0.6,EMPIRICAL_FINDING,unknown,unknown_with_reason:runtime_table_extractor,glazing,solar control glazing,['solar control glazing'],['solar control glazing'],"['horizontal banding:0.564', 'visible glazing:0.556', 'strong central landmark:0.545', 'bold contrasting colors:0.545', 'short ceiling:0.529']",[],env.ae.large_window_area,UNRESOLVED:outcome:solar_control_glazing,0.7778,0.0,fuzzy,unresolved,inferred,0.7778,outcome_unresolved,env.ae.large_window_area,out.unresolved.solar_control_glazing,positive,edge:doi:10.18419/opus-9385-TBL-C691,COHERENCE_SUPPORT,env.ae.large_window_area,out.unresolved.solar_control_glazing,0.4,explicit_statement,true,Solar Control Glazing: G2; Energy: 138.462; : 63.059; Energy-: 0.365,explains,0.4,argument:default_contextual,table_claim,association,causal_argument,,,,,,,,table,355,355,Solar Control Glazing: G2; Energy: 138.462; : 63.059; Energy-: 0.365,d079b5cd6f0e4158,TBL-20260216235835-230,15,needs_article_type_verification|translation_inferred|outcome_unresolved,codex_pdfplumber,pdf_table_extracted,pdf_confirmed,no,table,moderate,2026-02-16T22:59:45.323536+00:00,true
doi:10.18419/opus-9385,doi:10.18419/opus-9385-TBL-C692,finding,doi:10.18419/opus-9385-TBL-C692,"Solar Control
Glazing: G3; Energy: 135.750; : 74.199; Energy-: 0.378",0.6,EMPIRICAL_FINDING,unknown,unknown_with_reason:runtime_table_extractor,glazing,solar control glazing,['solar control glazing'],['solar control glazing'],"['horizontal banding:0.564', 'visible glazing:0.556', 'strong central landmark:0.545', 'bold contrasting colors:0.545', 'short ceiling:0.529']",[],env.ae.large_window_area,UNRESOLVED:outcome:solar_control_glazing,0.7778,0.0,fuzzy,unresolved,inferred,0.7778,outcome_unresolved,env.ae.large_window_area,out.unresolved.solar_control_glazing,positive,edge:doi:10.18419/opus-9385-TBL-C692,COHERENCE_SUPPORT,env.ae.large_window_area,out.unresolved.solar_control_glazing,0.4,explicit_statement,true,Solar Control Glazing: G3; Energy: 135.750; : 74.199; Energy-: 0.378,explains,0.4,argument:default_contextual,table_claim,association,causal_argument,,,,,,,,table,355,355,Solar Control Glazing: G3; Energy: 135.750; : 74.199; Energy-: 0.378,51b04ce33562ee6e,TBL-20260216235835-230,16,needs_article_type_verification|translation_inferred|outcome_unresolved,codex_pdfplumber,pdf_table_extracted,pdf_confirmed,no,table,moderate,2026-02-16T22:59:45.476141+00:00,true
doi:10.18419/opus-9385,doi:10.18419/opus-9385-TBL-C693,finding,doi:10.18419/opus-9385-TBL-C693,"External: Mashrabya; Solar Control
Glazing: G1; Energy: 120.303; : 98.308; Energy-: 0.449",0.6,EMPIRICAL_FINDING,unknown,unknown_with_reason:runtime_table_extractor,external mashrabya solar,external mashrabya solar,['external mashrabya solar'],['external mashrabya solar'],[],[],UNRESOLVED:environment:external_mashrabya_solar,UNRESOLVED:outcome:external_mashrabya_solar,0.0,0.0,unresolved,unresolved,inferred,0.0,environment_unresolved|outcome_unresolved,env.unresolved.external_mashrabya_solar,out.unresolved.external_mashrabya_solar,positive,edge:doi:10.18419/opus-9385-TBL-C693,COHERENCE_SUPPORT,env.unresolved.external_mashrabya_solar,out.unresolved.external_mashrabya_solar,0.4,explicit_statement,true,External: Mashrabya; Solar Control Glazing: G1; Energy: 120.303; : 98.308; Energy-: 0.449,explains,0.4,argument:default_contextual,table_claim,association,causal_argument,,,,,,,,table,355,355,External: Mashrabya; Solar Control Glazing: G1; Energy: 120.303; : 98.308; Energy-: 0.449,97dd24747e299418,TBL-20260216235835-230,17,needs_article_type_verification|translation_inferred|environment_unresolved|outcome_unresolved,codex_pdfplumber,pdf_table_extracted,pdf_confirmed,no,table,moderate,2026-02-16T22:59:45.669187+00:00,true
doi:10.18419/opus-9385,doi:10.18419/opus-9385-TBL-C696,finding,doi:10.18419/opus-9385-TBL-C696,: pter XII,0.6,EMPIRICAL_FINDING,unknown,unknown_with_reason:runtime_table_extractor,pter xii pter,pter xii pter,['pter xii pter'],['pter xii pter'],[],[],UNRESOLVED:environment:pter_xii_pter,UNRESOLVED:outcome:pter_xii_pter,0.0,0.0,unresolved,unresolved,inferred,0.0,environment_unresolved|outcome_unresolved,env.unresolved.pter_xii_pter,out.unresolved.pter_xii_pter,positive,edge:doi:10.18419/opus-9385-TBL-C696,COHERENCE_SUPPORT,env.unresolved.pter_xii_pter,out.unresolved.pter_xii_pter,0.4,explicit_statement,true,: pter XII,explains,0.4,argument:default_contextual,table_claim,association,causal_argument,,,,,,,,table,357,357,: pter XII,86cdff0b02ce5529,TBL-20260216235835-231,0,needs_article_type_verification|translation_inferred|environment_unresolved|outcome_unresolved,codex_pdfplumber,pdf_table_extracted,pdf_confirmed,no,table,moderate,2026-02-16T22:59:45.774477+00:00,true
doi:10.18419/opus-9385,doi:10.18419/opus-9385-TBL-C697,finding,doi:10.18419/opus-9385-TBL-C697,: Conclusion,0.6,EMPIRICAL_FINDING,unknown,unknown_with_reason:runtime_table_extractor,conclusion conclusion,conclusion conclusion,['conclusion conclusion'],['conclusion conclusion'],['acoustic control:0.541'],[],UNRESOLVED:environment:conclusion_conclusion,UNRESOLVED:outcome:conclusion_conclusion,0.0,0.0,unresolved,unresolved,inferred,0.5405,environment_unresolved|outcome_unresolved,env.unresolved.conclusion_conclusion,out.unresolved.conclusion_conclusion,positive,edge:doi:10.18419/opus-9385-TBL-C697,COHERENCE_SUPPORT,env.unresolved.conclusion_conclusion,out.unresolved.conclusion_conclusion,0.4,explicit_statement,true,: Conclusion,explains,0.4,argument:default_contextual,table_claim,association,causal_argument,,,,,,,,table,357,357,: Conclusion,53e7c1068688b1a1,TBL-20260216235835-231,2,needs_article_type_verification|translation_inferred|environment_unresolved|outcome_unresolved,codex_pdfplumber,pdf_table_extracted,pdf_confirmed,no,table,moderate,2026-02-16T22:59:45.854804+00:00,true
doi:10.18419/opus-9385,doi:10.18419/opus-9385-TBL-C698,finding,doi:10.18419/opus-9385-TBL-C698,: References,0.6,EMPIRICAL_FINDING,unknown,unknown_with_reason:runtime_table_extractor,references references,references references,['references references'],['references references'],[],[],UNRESOLVED:environment:references_references,UNRESOLVED:outcome:references_references,0.0,0.0,unresolved,unresolved,inferred,0.0,environment_unresolved|outcome_unresolved,env.unresolved.references_references,out.unresolved.references_references,positive,edge:doi:10.18419/opus-9385-TBL-C698,COHERENCE_SUPPORT,env.unresolved.references_references,out.unresolved.references_references,0.4,explicit_statement,true,: References,explains,0.4,argument:default_contextual,table_claim,association,causal_argument,,,,,,,,table,373,373,: References,7e889cd0ce061e85,TBL-20260216235836-232,0,needs_article_type_verification|translation_inferred|environment_unresolved|outcome_unresolved,codex_pdfplumber,pdf_table_extracted,pdf_confirmed,no,table,moderate,2026-02-16T22:59:45.936297+00:00,true
doi:10.18419/opus-9385,doi:10.18419/opus-9385-TBL-C699,finding,doi:10.18419/opus-9385-TBL-C699,: Appendix A: Main Survey,0.6,EMPIRICAL_FINDING,unknown,unknown_with_reason:runtime_table_extractor,appendix main survey,appendix main survey,['appendix main survey'],['appendix main survey'],[],[],UNRESOLVED:environment:appendix_main_survey,UNRESOLVED:outcome:appendix_main_survey,0.0,0.0,unresolved,unresolved,inferred,0.0,environment_unresolved|outcome_unresolved,env.unresolved.appendix_main_survey,out.unresolved.appendix_main_survey,positive,edge:doi:10.18419/opus-9385-TBL-C699,COHERENCE_SUPPORT,env.unresolved.appendix_main_survey,out.unresolved.appendix_main_survey,0.4,explicit_statement,true,: Appendix A: Main Survey,explains,0.4,argument:default_contextual,table_claim,association,causal_argument,,,,,,,,table,387,387,: Appendix A: Main Survey,8e09a39a016be3fe,TBL-20260216235837-233,0,needs_article_type_verification|translation_inferred|environment_unresolved|outcome_unresolved,codex_pdfplumber,pdf_table_extracted,pdf_confirmed,no,table,moderate,2026-02-16T22:59:46.087236+00:00,true
doi:10.18419/opus-9385,doi:10.18419/opus-9385-TBL-C700,finding,doi:10.18419/opus-9385-TBL-C700,"95
revO: 95
-
05",0.6,EMPIRICAL_FINDING,unknown,unknown_with_reason:runtime_table_extractor,revo revo,revo revo,['revo revo'],['revo revo'],['revelation rate:0.583'],[],UNRESOLVED:environment:revo_revo,UNRESOLVED:outcome:revo_revo,0.0,0.0,unresolved,unresolved,inferred,0.5833,environment_unresolved|outcome_unresolved,env.unresolved.revo_revo,out.unresolved.revo_revo,positive,edge:doi:10.18419/opus-9385-TBL-C700,COHERENCE_SUPPORT,env.unresolved.revo_revo,out.unresolved.revo_revo,0.4,explicit_statement,true,95 revO: 95 - 05,explains,0.4,argument:default_contextual,table_claim,association,causal_argument,,,,,,,,table,388,388,95 revO: 95 - 05,7ec53ea36946f9e8,TBL-20260216235837-234,0,needs_article_type_verification|translation_inferred|environment_unresolved|outcome_unresolved,codex_pdfplumber,pdf_table_extracted,pdf_confirmed,no,table,moderate,2026-02-16T22:59:46.136968+00:00,true
doi:10.18419/opus-9385,doi:10.18419/opus-9385-TBL-C701,finding,doi:10.18419/opus-9385-TBL-C701,"95
revO: 94
-
04",0.6,EMPIRICAL_FINDING,unknown,unknown_with_reason:runtime_table_extractor,revo revo,revo revo,['revo revo'],['revo revo'],['revelation rate:0.583'],[],UNRESOLVED:environment:revo_revo,UNRESOLVED:outcome:revo_revo,0.0,0.0,unresolved,unresolved,inferred,0.5833,environment_unresolved|outcome_unresolved,env.unresolved.revo_revo,out.unresolved.revo_revo,positive,edge:doi:10.18419/opus-9385-TBL-C701,COHERENCE_SUPPORT,env.unresolved.revo_revo,out.unresolved.revo_revo,0.4,explicit_statement,true,95 revO: 94 - 04,explains,0.4,argument:default_contextual,table_claim,association,causal_argument,,,,,,,,table,388,388,95 revO: 94 - 04,9f31ee7ba76ba906,TBL-20260216235837-234,1,needs_article_type_verification|translation_inferred|environment_unresolved|outcome_unresolved,codex_pdfplumber,pdf_table_extracted,pdf_confirmed,no,table,moderate,2026-02-16T22:59:46.187375+00:00,true
doi:10.18419/opus-9385,doi:10.18419/opus-9385-TBL-C702,finding,doi:10.18419/opus-9385-TBL-C702,"95
revO: 93
-
03",0.6,EMPIRICAL_FINDING,unknown,unknown_with_reason:runtime_table_extractor,revo revo,revo revo,['revo revo'],['revo revo'],['revelation rate:0.583'],[],UNRESOLVED:environment:revo_revo,UNRESOLVED:outcome:revo_revo,0.0,0.0,unresolved,unresolved,inferred,0.5833,environment_unresolved|outcome_unresolved,env.unresolved.revo_revo,out.unresolved.revo_revo,positive,edge:doi:10.18419/opus-9385-TBL-C702,COHERENCE_SUPPORT,env.unresolved.revo_revo,out.unresolved.revo_revo,0.4,explicit_statement,true,95 revO: 93 - 03,explains,0.4,argument:default_contextual,table_claim,association,causal_argument,,,,,,,,table,388,388,95 revO: 93 - 03,bd21d1d697a2d15d,TBL-20260216235837-234,2,needs_article_type_verification|translation_inferred|environment_unresolved|outcome_unresolved,codex_pdfplumber,pdf_table_extracted,pdf_confirmed,no,table,moderate,2026-02-16T22:59:46.238515+00:00,true
doi:10.18419/opus-9385,doi:10.18419/opus-9385-TBL-C703,finding,doi:10.18419/opus-9385-TBL-C703,"95
revO: 92
-
02",0.6,EMPIRICAL_FINDING,unknown,unknown_with_reason:runtime_table_extractor,revo revo,revo revo,['revo revo'],['revo revo'],['revelation rate:0.583'],[],UNRESOLVED:environment:revo_revo,UNRESOLVED:outcome:revo_revo,0.0,0.0,unresolved,unresolved,inferred,0.5833,environment_unresolved|outcome_unresolved,env.unresolved.revo_revo,out.unresolved.revo_revo,positive,edge:doi:10.18419/opus-9385-TBL-C703,COHERENCE_SUPPORT,env.unresolved.revo_revo,out.unresolved.revo_revo,0.4,explicit_statement,true,95 revO: 92 - 02,explains,0.4,argument:default_contextual,table_claim,association,causal_argument,,,,,,,,table,388,388,95 revO: 92 - 02,c5cac4e9bb4e6773,TBL-20260216235837-234,3,needs_article_type_verification|translation_inferred|environment_unresolved|outcome_unresolved,codex_pdfplumber,pdf_table_extracted,pdf_confirmed,no,table,moderate,2026-02-16T22:59:46.288424+00:00,true
doi:10.18419/opus-9385,doi:10.18419/opus-9385-TBL-C704,finding,doi:10.18419/opus-9385-TBL-C704,elameF: elaM,0.6,EMPIRICAL_FINDING,unknown,unknown_with_reason:runtime_table_extractor,elamef elam elamef,elamef elam elamef,['elamef elam elamef'],['elamef elam elamef'],[],[],UNRESOLVED:environment:elamef_elam_elamef,UNRESOLVED:outcome:elamef_elam_elamef,0.0,0.0,unresolved,unresolved,inferred,0.0,environment_unresolved|outcome_unresolved,env.unresolved.elamef_elam_elamef,out.unresolved.elamef_elam_elamef,positive,edge:doi:10.18419/opus-9385-TBL-C704,COHERENCE_SUPPORT,env.unresolved.elamef_elam_elamef,out.unresolved.elamef_elam_elamef,0.4,explicit_statement,true,elameF: elaM,explains,0.4,argument:default_contextual,table_claim,association,causal_argument,,,,,,,,table,388,388,elameF: elaM,f581a1b2a0a2fc2f,TBL-20260216235837-235,0,needs_article_type_verification|translation_inferred|environment_unresolved|outcome_unresolved,codex_pdfplumber,pdf_table_extracted,pdf_confirmed,no,table,moderate,2026-02-16T22:59:46.415846+00:00,true
doi:10.18419/opus-9385,doi:10.18419/opus-9385-TBL-C705,finding,doi:10.18419/opus-9385-TBL-C705,"sruoh
gnikrow
lautcA: )ot
–
morf(
kaerB",0.6,EMPIRICAL_FINDING,unknown,unknown_with_reason:runtime_table_extractor,sruoh gnikrow lautca,sruoh gnikrow lautca,['sruoh gnikrow lautca'],['sruoh gnikrow lautca'],[],[],UNRESOLVED:environment:sruoh_gnikrow_lautca,UNRESOLVED:outcome:sruoh_gnikrow_lautca,0.0,0.0,unresolved,unresolved,inferred,0.0,environment_unresolved|outcome_unresolved,env.unresolved.sruoh_gnikrow_lautca,out.unresolved.sruoh_gnikrow_lautca,positive,edge:doi:10.18419/opus-9385-TBL-C705,COHERENCE_SUPPORT,env.unresolved.sruoh_gnikrow_lautca,out.unresolved.sruoh_gnikrow_lautca,0.4,explicit_statement,true,sruoh gnikrow lautcA: )ot – morf( kaerB,explains,0.4,argument:default_contextual,table_claim,association,causal_argument,,,,,,,,table,388,388,sruoh gnikrow lautcA: )ot – morf( kaerB,ee0ebf5b9fbfdff2,TBL-20260216235837-236,0,needs_article_type_verification|translation_inferred|environment_unresolved|outcome_unresolved,codex_pdfplumber,pdf_table_extracted,pdf_confirmed,no,table,moderate,2026-02-16T22:59:46.565411+00:00,true
doi:10.18419/opus-9385,doi:10.18419/opus-9385-TBL-C706,finding,doi:10.18419/opus-9385-TBL-C706,"sruoh
gnikrow
lautcA: ta
sdnE",0.6,EMPIRICAL_FINDING,unknown,unknown_with_reason:runtime_table_extractor,sruoh gnikrow lautca,sruoh gnikrow lautca,['sruoh gnikrow lautca'],['sruoh gnikrow lautca'],[],[],UNRESOLVED:environment:sruoh_gnikrow_lautca,UNRESOLVED:outcome:sruoh_gnikrow_lautca,0.0,0.0,unresolved,unresolved,inferred,0.0,environment_unresolved|outcome_unresolved,env.unresolved.sruoh_gnikrow_lautca,out.unresolved.sruoh_gnikrow_lautca,positive,edge:doi:10.18419/opus-9385-TBL-C706,COHERENCE_SUPPORT,env.unresolved.sruoh_gnikrow_lautca,out.unresolved.sruoh_gnikrow_lautca,0.4,explicit_statement,true,sruoh gnikrow lautcA: ta sdnE,explains,0.4,argument:default_contextual,table_claim,association,causal_argument,,,,,,,,table,388,388,sruoh gnikrow lautcA: ta sdnE,dcdca7c8dd370a8e,TBL-20260216235837-236,1,needs_article_type_verification|translation_inferred|environment_unresolved|outcome_unresolved,codex_pdfplumber,pdf_table_extracted,pdf_confirmed,no,table,moderate,2026-02-16T22:59:46.715702+00:00,true
doi:10.18419/opus-9385,doi:10.18419/opus-9385-TBL-C707,finding,doi:10.18419/opus-9385-TBL-C707,"sruoh
gnikrow
lautcA: ta
stratS",0.6,EMPIRICAL_FINDING,unknown,unknown_with_reason:runtime_table_extractor,sruoh gnikrow lautca,sruoh gnikrow lautca,['sruoh gnikrow lautca'],['sruoh gnikrow lautca'],[],[],UNRESOLVED:environment:sruoh_gnikrow_lautca,UNRESOLVED:outcome:sruoh_gnikrow_lautca,0.0,0.0,unresolved,unresolved,inferred,0.0,environment_unresolved|outcome_unresolved,env.unresolved.sruoh_gnikrow_lautca,out.unresolved.sruoh_gnikrow_lautca,positive,edge:doi:10.18419/opus-9385-TBL-C707,COHERENCE_SUPPORT,env.unresolved.sruoh_gnikrow_lautca,out.unresolved.sruoh_gnikrow_lautca,0.4,explicit_statement,true,sruoh gnikrow lautcA: ta stratS,explains,0.4,argument:default_contextual,table_claim,association,causal_argument,,,,,,,,table,388,388,sruoh gnikrow lautcA: ta stratS,5b1fbabb2eb353df,TBL-20260216235837-236,2,needs_article_type_verification|translation_inferred|environment_unresolved|outcome_unresolved,codex_pdfplumber,pdf_table_extracted,pdf_confirmed,no,table,moderate,2026-02-16T22:59:46.865285+00:00,true
doi:10.18419/opus-9385,doi:10.18419/opus-9385-TBL-C708,finding,doi:10.18419/opus-9385-TBL-C708,": noitalitnev
larutaN",0.6,EMPIRICAL_FINDING,unknown,unknown_with_reason:runtime_table_extractor,noitalitnev larutan noitalitnev,noitalitnev larutan noitalitnev,['noitalitnev larutan noitalitnev'],['noitalitnev larutan noitalitnev'],[],[],UNRESOLVED:environment:noitalitnev_larutan_noitalitnev,UNRESOLVED:outcome:noitalitnev_larutan_noitalitnev,0.0,0.0,unresolved,unresolved,inferred,0.0,environment_unresolved|outcome_unresolved,env.unresolved.noitalitnev_larutan_noitalitnev,out.unresolved.noitalitnev_larutan_noitalitnev,positive,edge:doi:10.18419/opus-9385-TBL-C708,COHERENCE_SUPPORT,env.unresolved.noitalitnev_larutan_noitalitnev,out.unresolved.noitalitnev_larutan_noitalitnev,0.4,explicit_statement,true,: noitalitnev larutaN,explains,0.4,argument:default_contextual,table_claim,association,causal_argument,,,,,,,,table,389,389,: noitalitnev larutaN,5a170f2d1cc25770,TBL-20260216235837-239,8,needs_article_type_verification|translation_inferred|environment_unresolved|outcome_unresolved,codex_pdfplumber,pdf_table_extracted,pdf_confirmed,no,table,moderate,2026-02-16T22:59:47.061110+00:00,true
doi:10.18419/opus-9385,doi:10.18419/opus-9385-TBL-C709,finding,doi:10.18419/opus-9385-TBL-C709,")yficeps
esaelp(
rehtO: edixoid
nobrac
lanretni
ecudeR",0.6,EMPIRICAL_FINDING,unknown,unknown_with_reason:runtime_table_extractor,yficeps esaelp rehto,yficeps esaelp rehto,['yficeps esaelp rehto'],['yficeps esaelp rehto'],[],[],UNRESOLVED:environment:yficeps_esaelp_rehto,UNRESOLVED:outcome:yficeps_esaelp_rehto,0.0,0.0,unresolved,unresolved,inferred,0.0,environment_unresolved|outcome_unresolved,env.unresolved.yficeps_esaelp_rehto,out.unresolved.yficeps_esaelp_rehto,positive,edge:doi:10.18419/opus-9385-TBL-C709,COHERENCE_SUPPORT,env.unresolved.yficeps_esaelp_rehto,out.unresolved.yficeps_esaelp_rehto,0.4,explicit_statement,true,)yficeps esaelp( rehtO: edixoid nobrac lanretni ecudeR,explains,0.4,argument:default_contextual,table_claim,association,causal_argument,,,,,,,,table,392,392,)yficeps esaelp( rehtO: edixoid nobrac lanretni ecudeR,5599bfbd2abe145d,TBL-20260216235837-248,0,needs_article_type_verification|translation_inferred|environment_unresolved|outcome_unresolved,codex_pdfplumber,pdf_table_extracted,pdf_confirmed,no,table,moderate,2026-02-16T22:59:47.213599+00:00,true
doi:10.18419/opus-9385,doi:10.18419/opus-9385-TBL-C710,finding,doi:10.18419/opus-9385-TBL-C710,")yficeps
esaelp(
rehtO: ecnahne
ot
wolf-ria
na
edivorP",0.6,EMPIRICAL_FINDING,unknown,unknown_with_reason:runtime_table_extractor,yficeps esaelp rehto,yficeps esaelp rehto,['yficeps esaelp rehto'],['yficeps esaelp rehto'],[],[],UNRESOLVED:environment:yficeps_esaelp_rehto,UNRESOLVED:outcome:yficeps_esaelp_rehto,0.0,0.0,unresolved,unresolved,inferred,0.0,environment_unresolved|outcome_unresolved,env.unresolved.yficeps_esaelp_rehto,out.unresolved.yficeps_esaelp_rehto,positive,edge:doi:10.18419/opus-9385-TBL-C710,COHERENCE_SUPPORT,env.unresolved.yficeps_esaelp_rehto,out.unresolved.yficeps_esaelp_rehto,0.4,explicit_statement,true,)yficeps esaelp( rehtO: ecnahne ot wolf-ria na edivorP,explains,0.4,argument:default_contextual,table_claim,association,causal_argument,,,,,,,,table,392,392,)yficeps esaelp( rehtO: ecnahne ot wolf-ria na edivorP,54317b75c89c3705,TBL-20260216235837-248,3,needs_article_type_verification|translation_inferred|environment_unresolved|outcome_unresolved,codex_pdfplumber,pdf_table_extracted,pdf_confirmed,no,table,moderate,2026-02-16T22:59:47.363201+00:00,true
doi:10.18419/opus-9385,doi:10.18419/opus-9385-TBL-C711,finding,doi:10.18419/opus-9385-TBL-C711,")yficeps
esaelp(
rehtO: sllems
)snosaer
tnasaelpnu
yrotcaflO(
diovA",0.6,EMPIRICAL_FINDING,unknown,unknown_with_reason:runtime_table_extractor,yficeps esaelp rehto,yficeps esaelp rehto,['yficeps esaelp rehto'],['yficeps esaelp rehto'],[],[],UNRESOLVED:environment:yficeps_esaelp_rehto,UNRESOLVED:outcome:yficeps_esaelp_rehto,0.0,0.0,unresolved,unresolved,inferred,0.0,environment_unresolved|outcome_unresolved,env.unresolved.yficeps_esaelp_rehto,out.unresolved.yficeps_esaelp_rehto,positive,edge:doi:10.18419/opus-9385-TBL-C711,COHERENCE_SUPPORT,env.unresolved.yficeps_esaelp_rehto,out.unresolved.yficeps_esaelp_rehto,0.4,explicit_statement,true,)yficeps esaelp( rehtO: sllems )snosaer tnasaelpnu yrotcaflO( diovA,explains,0.4,argument:default_contextual,table_claim,association,causal_argument,,,,,,,,table,392,392,)yficeps esaelp( rehtO: sllems )snosaer tnasaelpnu yrotcaflO( diovA,f439ed523e36aaa1,TBL-20260216235837-248,6,needs_article_type_verification|translation_inferred|environment_unresolved|outcome_unresolved,codex_pdfplumber,pdf_table_extracted,pdf_confirmed,no,table,moderate,2026-02-16T22:59:47.511728+00:00,true
doi:10.18419/opus-9385,doi:10.18419/opus-9385-TBL-C712,finding,doi:10.18419/opus-9385-TBL-C712,"esaelp(
rehtO: elbaevom
dna
lanretxE; )yficeps: )wodniw
eht
edistuO(",0.6,EMPIRICAL_FINDING,unknown,unknown_with_reason:runtime_table_extractor,esaelp rehto elbaevom,esaelp rehto elbaevom,['esaelp rehto elbaevom'],['esaelp rehto elbaevom'],[],[],UNRESOLVED:environment:esaelp_rehto_elbaevom,UNRESOLVED:outcome:esaelp_rehto_elbaevom,0.0,0.0,unresolved,unresolved,inferred,0.0,environment_unresolved|outcome_unresolved,env.unresolved.esaelp_rehto_elbaevom,out.unresolved.esaelp_rehto_elbaevom,positive,edge:doi:10.18419/opus-9385-TBL-C712,COHERENCE_SUPPORT,env.unresolved.esaelp_rehto_elbaevom,out.unresolved.esaelp_rehto_elbaevom,0.4,explicit_statement,true,esaelp( rehtO: elbaevom dna lanretxE; )yficeps: )wodniw eht edistuO(,explains,0.4,argument:default_contextual,table_claim,association,causal_argument,,,,,,,,table,392,392,esaelp( rehtO: elbaevom dna lanretxE; )yficeps: )wodniw eht edistuO(,2e099a2042c81c05,TBL-20260216235837-249,4,needs_article_type_verification|translation_inferred|environment_unresolved|outcome_unresolved,codex_pdfplumber,pdf_table_extracted,pdf_confirmed,no,table,moderate,2026-02-16T22:59:47.671173+00:00,true
doi:10.18419/opus-9385,doi:10.18419/opus-9385-TBL-C713,finding,doi:10.18419/opus-9385-TBL-C713,"syawlA: sruoh
6
naht
eroM",0.6,EMPIRICAL_FINDING,unknown,unknown_with_reason:runtime_table_extractor,syawla sruoh naht,syawla sruoh naht,['syawla sruoh naht'],['syawla sruoh naht'],[],[],UNRESOLVED:environment:syawla_sruoh_naht,UNRESOLVED:outcome:syawla_sruoh_naht,0.0,0.0,unresolved,unresolved,inferred,0.0,environment_unresolved|outcome_unresolved,env.unresolved.syawla_sruoh_naht,out.unresolved.syawla_sruoh_naht,positive,edge:doi:10.18419/opus-9385-TBL-C713,COHERENCE_SUPPORT,env.unresolved.syawla_sruoh_naht,out.unresolved.syawla_sruoh_naht,0.4,explicit_statement,true,syawlA: sruoh 6 naht eroM,explains,0.4,argument:default_contextual,table_claim,association,causal_argument,,,,,,,,table,392,392,syawlA: sruoh 6 naht eroM,8ed6e258a7b0885f,TBL-20260216235837-250,2,needs_article_type_verification|translation_inferred|environment_unresolved|outcome_unresolved,codex_pdfplumber,pdf_table_extracted,pdf_confirmed,no,table,moderate,2026-02-16T22:59:47.802689+00:00,true
doi:10.18419/opus-9385,doi:10.18419/opus-9385-TBL-C714,finding,doi:10.18419/opus-9385-TBL-C714,"syawlA: sruoh
6
-
4",0.6,EMPIRICAL_FINDING,unknown,unknown_with_reason:runtime_table_extractor,syawla sruoh syawla,syawla sruoh syawla,['syawla sruoh syawla'],['syawla sruoh syawla'],[],[],UNRESOLVED:environment:syawla_sruoh_syawla,UNRESOLVED:outcome:syawla_sruoh_syawla,0.0,0.0,unresolved,unresolved,inferred,0.0,environment_unresolved|outcome_unresolved,env.unresolved.syawla_sruoh_syawla,out.unresolved.syawla_sruoh_syawla,positive,edge:doi:10.18419/opus-9385-TBL-C714,COHERENCE_SUPPORT,env.unresolved.syawla_sruoh_syawla,out.unresolved.syawla_sruoh_syawla,0.4,explicit_statement,true,syawlA: sruoh 6 - 4,explains,0.4,argument:default_contextual,table_claim,association,causal_argument,,,,,,,,table,392,392,syawlA: sruoh 6 - 4,aae2fc1324f5cf71,TBL-20260216235837-250,5,needs_article_type_verification|translation_inferred|environment_unresolved|outcome_unresolved,codex_pdfplumber,pdf_table_extracted,pdf_confirmed,no,table,moderate,2026-02-16T22:59:47.928071+00:00,true
doi:10.18419/opus-9385,doi:10.18419/opus-9385-TBL-C715,finding,doi:10.18419/opus-9385-TBL-C715,"syawlA: sruoh
4
-
2",0.6,EMPIRICAL_FINDING,unknown,unknown_with_reason:runtime_table_extractor,syawla sruoh syawla,syawla sruoh syawla,['syawla sruoh syawla'],['syawla sruoh syawla'],[],[],UNRESOLVED:environment:syawla_sruoh_syawla,UNRESOLVED:outcome:syawla_sruoh_syawla,0.0,0.0,unresolved,unresolved,inferred,0.0,environment_unresolved|outcome_unresolved,env.unresolved.syawla_sruoh_syawla,out.unresolved.syawla_sruoh_syawla,positive,edge:doi:10.18419/opus-9385-TBL-C715,COHERENCE_SUPPORT,env.unresolved.syawla_sruoh_syawla,out.unresolved.syawla_sruoh_syawla,0.4,explicit_statement,true,syawlA: sruoh 4 - 2,explains,0.4,argument:default_contextual,table_claim,association,causal_argument,,,,,,,,table,392,392,syawlA: sruoh 4 - 2,e6569cbd7f870e3b,TBL-20260216235837-250,8,needs_article_type_verification|translation_inferred|environment_unresolved|outcome_unresolved,codex_pdfplumber,pdf_table_extracted,pdf_confirmed,no,table,moderate,2026-02-16T22:59:48.053084+00:00,true
doi:10.18419/opus-9385,doi:10.18419/opus-9385-TBL-C716,finding,doi:10.18419/opus-9385-TBL-C716,"syawlA: sruoh
2
naht
sseL",0.6,EMPIRICAL_FINDING,unknown,unknown_with_reason:runtime_table_extractor,syawla sruoh naht,syawla sruoh naht,['syawla sruoh naht'],['syawla sruoh naht'],[],[],UNRESOLVED:environment:syawla_sruoh_naht,UNRESOLVED:outcome:syawla_sruoh_naht,0.0,0.0,unresolved,unresolved,inferred,0.0,environment_unresolved|outcome_unresolved,env.unresolved.syawla_sruoh_naht,out.unresolved.syawla_sruoh_naht,positive,edge:doi:10.18419/opus-9385-TBL-C716,COHERENCE_SUPPORT,env.unresolved.syawla_sruoh_naht,out.unresolved.syawla_sruoh_naht,0.4,explicit_statement,true,syawlA: sruoh 2 naht sseL,explains,0.4,argument:default_contextual,table_claim,association,causal_argument,,,,,,,,table,392,392,syawlA: sruoh 2 naht sseL,c7748d4bbc3bc8ec,TBL-20260216235837-250,10,needs_article_type_verification|translation_inferred|environment_unresolved|outcome_unresolved,codex_pdfplumber,pdf_table_extracted,pdf_confirmed,no,table,moderate,2026-02-16T22:59:48.186361+00:00,true
doi:10.18419/opus-9385,doi:10.18419/opus-9385-TBL-C717,finding,doi:10.18419/opus-9385-TBL-C717,syawlA: reveN,0.6,EMPIRICAL_FINDING,unknown,unknown_with_reason:runtime_table_extractor,syawla reven syawla,syawla reven syawla,['syawla reven syawla'],['syawla reven syawla'],[],[],UNRESOLVED:environment:syawla_reven_syawla,UNRESOLVED:outcome:syawla_reven_syawla,0.0,0.0,unresolved,unresolved,inferred,0.0,environment_unresolved|outcome_unresolved,env.unresolved.syawla_reven_syawla,out.unresolved.syawla_reven_syawla,positive,edge:doi:10.18419/opus-9385-TBL-C717,COHERENCE_SUPPORT,env.unresolved.syawla_reven_syawla,out.unresolved.syawla_reven_syawla,0.4,explicit_statement,true,syawlA: reveN,explains,0.4,argument:default_contextual,table_claim,association,causal_argument,,,,,,,,table,392,392,syawlA: reveN,e587161db9b9b9fe,TBL-20260216235837-250,13,needs_article_type_verification|translation_inferred|environment_unresolved|outcome_unresolved,codex_pdfplumber,pdf_table_extracted,pdf_confirmed,no,table,moderate,2026-02-16T22:59:48.312722+00:00,true
doi:10.18419/opus-9385,doi:10.18419/opus-9385-TBL-C718,finding,doi:10.18419/opus-9385-TBL-C718,")yficeps
esaelp(
rehtO: ycavirp
roF",0.6,EMPIRICAL_FINDING,unknown,unknown_with_reason:runtime_table_extractor,yficeps esaelp rehto,yficeps esaelp rehto,['yficeps esaelp rehto'],['yficeps esaelp rehto'],[],[],UNRESOLVED:environment:yficeps_esaelp_rehto,UNRESOLVED:outcome:yficeps_esaelp_rehto,0.0,0.0,unresolved,unresolved,inferred,0.0,environment_unresolved|outcome_unresolved,env.unresolved.yficeps_esaelp_rehto,out.unresolved.yficeps_esaelp_rehto,positive,edge:doi:10.18419/opus-9385-TBL-C718,COHERENCE_SUPPORT,env.unresolved.yficeps_esaelp_rehto,out.unresolved.yficeps_esaelp_rehto,0.4,explicit_statement,true,)yficeps esaelp( rehtO: ycavirp roF,explains,0.4,argument:default_contextual,table_claim,association,causal_argument,,,,,,,,table,392,392,)yficeps esaelp( rehtO: ycavirp roF,e8a27e6afb17891d,TBL-20260216235837-251,0,needs_article_type_verification|translation_inferred|environment_unresolved|outcome_unresolved,codex_pdfplumber,pdf_table_extracted,pdf_confirmed,no,table,moderate,2026-02-16T22:59:48.461216+00:00,true
doi:10.18419/opus-9385,doi:10.18419/opus-9385-TBL-C719,finding,doi:10.18419/opus-9385-TBL-C719,")yficeps
esaelp(
rehtO: snoitcelfer
gniyonna
tneverP",0.6,EMPIRICAL_FINDING,unknown,unknown_with_reason:runtime_table_extractor,yficeps esaelp rehto,yficeps esaelp rehto,['yficeps esaelp rehto'],['yficeps esaelp rehto'],[],[],UNRESOLVED:environment:yficeps_esaelp_rehto,UNRESOLVED:outcome:yficeps_esaelp_rehto,0.0,0.0,unresolved,unresolved,inferred,0.0,environment_unresolved|outcome_unresolved,env.unresolved.yficeps_esaelp_rehto,out.unresolved.yficeps_esaelp_rehto,positive,edge:doi:10.18419/opus-9385-TBL-C719,COHERENCE_SUPPORT,env.unresolved.yficeps_esaelp_rehto,out.unresolved.yficeps_esaelp_rehto,0.4,explicit_statement,true,)yficeps esaelp( rehtO: snoitcelfer gniyonna tneverP,explains,0.4,argument:default_contextual,table_claim,association,causal_argument,,,,,,,,table,392,392,)yficeps esaelp( rehtO: snoitcelfer gniyonna tneverP,51770911f36a4b1f,TBL-20260216235837-251,2,needs_article_type_verification|translation_inferred|environment_unresolved|outcome_unresolved,codex_pdfplumber,pdf_table_extracted,pdf_confirmed,no,table,moderate,2026-02-16T22:59:48.609139+00:00,true
doi:10.18419/opus-9385,doi:10.18419/opus-9385-TBL-C720,finding,doi:10.18419/opus-9385-TBL-C720,")yficeps
esaelp(
rehtO: tcerid
morf
eralg
diovA",0.6,EMPIRICAL_FINDING,unknown,unknown_with_reason:runtime_table_extractor,yficeps esaelp rehto,yficeps esaelp rehto,['yficeps esaelp rehto'],['yficeps esaelp rehto'],[],[],UNRESOLVED:environment:yficeps_esaelp_rehto,UNRESOLVED:outcome:yficeps_esaelp_rehto,0.0,0.0,unresolved,unresolved,inferred,0.0,environment_unresolved|outcome_unresolved,env.unresolved.yficeps_esaelp_rehto,out.unresolved.yficeps_esaelp_rehto,positive,edge:doi:10.18419/opus-9385-TBL-C720,COHERENCE_SUPPORT,env.unresolved.yficeps_esaelp_rehto,out.unresolved.yficeps_esaelp_rehto,0.4,explicit_statement,true,)yficeps esaelp( rehtO: tcerid morf eralg diovA,explains,0.4,argument:default_contextual,table_claim,association,causal_argument,,,,,,,,table,392,392,)yficeps esaelp( rehtO: tcerid morf eralg diovA,8069e8165da4df29,TBL-20260216235837-251,5,needs_article_type_verification|translation_inferred|environment_unresolved|outcome_unresolved,codex_pdfplumber,pdf_table_extracted,pdf_confirmed,no,table,moderate,2026-02-16T22:59:48.758075+00:00,true
doi:10.18419/opus-9385,doi:10.18419/opus-9385-TBL-C721,finding,doi:10.18419/opus-9385-TBL-C721,")yficeps
esaelp(
rehtO: ralos
morf
noitaidar
niag
taeh
diovA",0.6,EMPIRICAL_FINDING,unknown,unknown_with_reason:runtime_table_extractor,yficeps esaelp rehto,yficeps esaelp rehto,['yficeps esaelp rehto'],['yficeps esaelp rehto'],[],[],UNRESOLVED:environment:yficeps_esaelp_rehto,UNRESOLVED:outcome:yficeps_esaelp_rehto,0.0,0.0,unresolved,unresolved,inferred,0.0,environment_unresolved|outcome_unresolved,env.unresolved.yficeps_esaelp_rehto,out.unresolved.yficeps_esaelp_rehto,positive,edge:doi:10.18419/opus-9385-TBL-C721,COHERENCE_SUPPORT,env.unresolved.yficeps_esaelp_rehto,out.unresolved.yficeps_esaelp_rehto,0.4,explicit_statement,true,)yficeps esaelp( rehtO: ralos morf noitaidar niag taeh diovA,explains,0.4,argument:default_contextual,table_claim,association,causal_argument,,,,,,,,table,392,392,)yficeps esaelp( rehtO: ralos morf noitaidar niag taeh diovA,892b42ad4cf32bd1,TBL-20260216235837-251,8,needs_article_type_verification|translation_inferred|environment_unresolved|outcome_unresolved,codex_pdfplumber,pdf_table_extracted,pdf_confirmed,no,table,moderate,2026-02-16T22:59:48.906534+00:00,true
doi:10.18419/opus-9385,doi:10.18419/opus-9385-TBL-C722,finding,doi:10.18419/opus-9385-TBL-C722,")yficeps
esaelp(
rehtO: yllaitraP",0.6,EMPIRICAL_FINDING,unknown,unknown_with_reason:runtime_table_extractor,yficeps esaelp rehto,yficeps esaelp rehto,['yficeps esaelp rehto'],['yficeps esaelp rehto'],[],[],UNRESOLVED:environment:yficeps_esaelp_rehto,UNRESOLVED:outcome:yficeps_esaelp_rehto,0.0,0.0,unresolved,unresolved,inferred,0.0,environment_unresolved|outcome_unresolved,env.unresolved.yficeps_esaelp_rehto,out.unresolved.yficeps_esaelp_rehto,positive,edge:doi:10.18419/opus-9385-TBL-C722,COHERENCE_SUPPORT,env.unresolved.yficeps_esaelp_rehto,out.unresolved.yficeps_esaelp_rehto,0.4,explicit_statement,true,)yficeps esaelp( rehtO: yllaitraP,explains,0.4,argument:default_contextual,table_claim,association,causal_argument,,,,,,,,table,392,392,)yficeps esaelp( rehtO: yllaitraP,97fbb2ace7e6d94a,TBL-20260216235837-252,1,needs_article_type_verification|translation_inferred|environment_unresolved|outcome_unresolved,codex_pdfplumber,pdf_table_extracted,pdf_confirmed,no,table,moderate,2026-02-16T22:59:49.058125+00:00,true
doi:10.18419/opus-9385,doi:10.18419/opus-9385-TBL-C723,finding,doi:10.18419/opus-9385-TBL-C723,")yficeps
esaelp(
rehtO: oN",0.6,EMPIRICAL_FINDING,unknown,unknown_with_reason:runtime_table_extractor,yficeps esaelp rehto,yficeps esaelp rehto,['yficeps esaelp rehto'],['yficeps esaelp rehto'],[],[],UNRESOLVED:environment:yficeps_esaelp_rehto,UNRESOLVED:outcome:yficeps_esaelp_rehto,0.0,0.0,unresolved,unresolved,inferred,0.0,environment_unresolved|outcome_unresolved,env.unresolved.yficeps_esaelp_rehto,out.unresolved.yficeps_esaelp_rehto,positive,edge:doi:10.18419/opus-9385-TBL-C723,COHERENCE_SUPPORT,env.unresolved.yficeps_esaelp_rehto,out.unresolved.yficeps_esaelp_rehto,0.4,explicit_statement,true,)yficeps esaelp( rehtO: oN,explains,0.4,argument:default_contextual,table_claim,association,causal_argument,,,,,,,,table,392,392,)yficeps esaelp( rehtO: oN,8301e1ebe5474b62,TBL-20260216235837-252,4,needs_article_type_verification|translation_inferred|environment_unresolved|outcome_unresolved,codex_pdfplumber,pdf_table_extracted,pdf_confirmed,no,table,moderate,2026-02-16T22:59:49.207988+00:00,true
doi:10.18419/opus-9385,doi:10.18419/opus-9385-TBL-C724,finding,doi:10.18419/opus-9385-TBL-C724,")yficeps
esaelp(
rehtO: seY",0.6,EMPIRICAL_FINDING,unknown,unknown_with_reason:runtime_table_extractor,yficeps esaelp rehto,yficeps esaelp rehto,['yficeps esaelp rehto'],['yficeps esaelp rehto'],[],[],UNRESOLVED:environment:yficeps_esaelp_rehto,UNRESOLVED:outcome:yficeps_esaelp_rehto,0.0,0.0,unresolved,unresolved,inferred,0.0,environment_unresolved|outcome_unresolved,env.unresolved.yficeps_esaelp_rehto,out.unresolved.yficeps_esaelp_rehto,positive,edge:doi:10.18419/opus-9385-TBL-C724,COHERENCE_SUPPORT,env.unresolved.yficeps_esaelp_rehto,out.unresolved.yficeps_esaelp_rehto,0.4,explicit_statement,true,)yficeps esaelp( rehtO: seY,explains,0.4,argument:default_contextual,table_claim,association,causal_argument,,,,,,,,table,392,392,)yficeps esaelp( rehtO: seY,b840c8a5994eade8,TBL-20260216235837-252,7,needs_article_type_verification|translation_inferred|environment_unresolved|outcome_unresolved,codex_pdfplumber,pdf_table_extracted,pdf_confirmed,no,table,moderate,2026-02-16T22:59:49.357562+00:00,true
doi:10.18419/opus-9385,doi:10.18419/opus-9385-TBL-C725,finding,doi:10.18419/opus-9385-TBL-C725,")yficeps
esaelp(
rehtO: gnithgil
fo
ecruos
rehto
oN",0.6,EMPIRICAL_FINDING,unknown,unknown_with_reason:runtime_table_extractor,yficeps esaelp rehto,yficeps esaelp rehto,['yficeps esaelp rehto'],['yficeps esaelp rehto'],[],[],UNRESOLVED:environment:yficeps_esaelp_rehto,UNRESOLVED:outcome:yficeps_esaelp_rehto,0.0,0.0,unresolved,unresolved,inferred,0.0,environment_unresolved|outcome_unresolved,env.unresolved.yficeps_esaelp_rehto,out.unresolved.yficeps_esaelp_rehto,positive,edge:doi:10.18419/opus-9385-TBL-C725,COHERENCE_SUPPORT,env.unresolved.yficeps_esaelp_rehto,out.unresolved.yficeps_esaelp_rehto,0.4,explicit_statement,true,)yficeps esaelp( rehtO: gnithgil fo ecruos rehto oN,explains,0.4,argument:default_contextual,table_claim,association,causal_argument,,,,,,,,table,393,393,)yficeps esaelp( rehtO: gnithgil fo ecruos rehto oN,c577ee21e4391704,TBL-20260216235837-256,0,needs_article_type_verification|translation_inferred|environment_unresolved|outcome_unresolved,codex_pdfplumber,pdf_table_extracted,pdf_confirmed,no,table,moderate,2026-02-16T22:59:49.505866+00:00,true
doi:10.18419/opus-9385,doi:10.18419/opus-9385-TBL-C726,finding,doi:10.18419/opus-9385-TBL-C726,")yficeps
esaelp(
rehtO: dna
hguone
ton
si
gnithgilyaD",0.6,EMPIRICAL_FINDING,unknown,unknown_with_reason:runtime_table_extractor,yficeps esaelp rehto,yficeps esaelp rehto,['yficeps esaelp rehto'],['yficeps esaelp rehto'],[],[],UNRESOLVED:environment:yficeps_esaelp_rehto,UNRESOLVED:outcome:yficeps_esaelp_rehto,0.0,0.0,unresolved,unresolved,inferred,0.0,environment_unresolved|outcome_unresolved,env.unresolved.yficeps_esaelp_rehto,out.unresolved.yficeps_esaelp_rehto,positive,edge:doi:10.18419/opus-9385-TBL-C726,COHERENCE_SUPPORT,env.unresolved.yficeps_esaelp_rehto,out.unresolved.yficeps_esaelp_rehto,0.4,explicit_statement,true,)yficeps esaelp( rehtO: dna hguone ton si gnithgilyaD,explains,0.4,argument:default_contextual,table_claim,association,causal_argument,,,,,,,,table,393,393,)yficeps esaelp( rehtO: dna hguone ton si gnithgilyaD,bd9241736bbc8f3a,TBL-20260216235837-256,2,needs_article_type_verification|translation_inferred|environment_unresolved|outcome_unresolved,codex_pdfplumber,pdf_table_extracted,pdf_confirmed,no,table,moderate,2026-02-16T22:59:49.654640+00:00,true
doi:10.18419/opus-9385,doi:10.18419/opus-9385-TBL-C727,finding,doi:10.18419/opus-9385-TBL-C727,")yficeps
esaelp(
rehtO: sgnidahs
wodniw
eht
gnisolC",0.6,EMPIRICAL_FINDING,unknown,unknown_with_reason:runtime_table_extractor,yficeps esaelp rehto,yficeps esaelp rehto,['yficeps esaelp rehto'],['yficeps esaelp rehto'],[],[],UNRESOLVED:environment:yficeps_esaelp_rehto,UNRESOLVED:outcome:yficeps_esaelp_rehto,0.0,0.0,unresolved,unresolved,inferred,0.0,environment_unresolved|outcome_unresolved,env.unresolved.yficeps_esaelp_rehto,out.unresolved.yficeps_esaelp_rehto,positive,edge:doi:10.18419/opus-9385-TBL-C727,COHERENCE_SUPPORT,env.unresolved.yficeps_esaelp_rehto,out.unresolved.yficeps_esaelp_rehto,0.4,explicit_statement,true,)yficeps esaelp( rehtO: sgnidahs wodniw eht gnisolC,explains,0.4,argument:default_contextual,table_claim,association,causal_argument,,,,,,,,table,393,393,)yficeps esaelp( rehtO: sgnidahs wodniw eht gnisolC,4e136b6cf750cb0a,TBL-20260216235837-256,4,needs_article_type_verification|translation_inferred|environment_unresolved|outcome_unresolved,codex_pdfplumber,pdf_table_extracted,pdf_confirmed,no,table,moderate,2026-02-16T22:59:49.803030+00:00,true
doi:10.18419/opus-9385,doi:10.18419/opus-9385-TBL-C728,finding,doi:10.18419/opus-9385-TBL-C728,"esaelp(
)yficeps
rehtO: ycavirP",0.6,EMPIRICAL_FINDING,unknown,unknown_with_reason:runtime_table_extractor,esaelp yficeps rehto,esaelp yficeps rehto,['esaelp yficeps rehto'],['esaelp yficeps rehto'],[],[],UNRESOLVED:environment:esaelp_yficeps_rehto,UNRESOLVED:outcome:esaelp_yficeps_rehto,0.0,0.0,unresolved,unresolved,inferred,0.0,environment_unresolved|outcome_unresolved,env.unresolved.esaelp_yficeps_rehto,out.unresolved.esaelp_yficeps_rehto,positive,edge:doi:10.18419/opus-9385-TBL-C728,COHERENCE_SUPPORT,env.unresolved.esaelp_yficeps_rehto,out.unresolved.esaelp_yficeps_rehto,0.4,explicit_statement,true,esaelp( )yficeps rehtO: ycavirP,explains,0.4,argument:default_contextual,table_claim,association,causal_argument,,,,,,,,table,396,396,esaelp( )yficeps rehtO: ycavirP,08625939e5b8f49a,TBL-20260216235837-262,0,needs_article_type_verification|translation_inferred|environment_unresolved|outcome_unresolved,codex_pdfplumber,pdf_table_extracted,pdf_confirmed,no,table,moderate,2026-02-16T22:59:49.953065+00:00,true
doi:10.18419/opus-9385,doi:10.18419/opus-9385-TBL-C729,finding,doi:10.18419/opus-9385-TBL-C729,"esaelp(
)yficeps
rehtO: gniyonna
tneverP",0.6,EMPIRICAL_FINDING,unknown,unknown_with_reason:runtime_table_extractor,esaelp yficeps rehto,esaelp yficeps rehto,['esaelp yficeps rehto'],['esaelp yficeps rehto'],[],[],UNRESOLVED:environment:esaelp_yficeps_rehto,UNRESOLVED:outcome:esaelp_yficeps_rehto,0.0,0.0,unresolved,unresolved,inferred,0.0,environment_unresolved|outcome_unresolved,env.unresolved.esaelp_yficeps_rehto,out.unresolved.esaelp_yficeps_rehto,positive,edge:doi:10.18419/opus-9385-TBL-C729,COHERENCE_SUPPORT,env.unresolved.esaelp_yficeps_rehto,out.unresolved.esaelp_yficeps_rehto,0.4,explicit_statement,true,esaelp( )yficeps rehtO: gniyonna tneverP,explains,0.4,argument:default_contextual,table_claim,association,causal_argument,,,,,,,,table,396,396,esaelp( )yficeps rehtO: gniyonna tneverP,472bc8491c084489,TBL-20260216235837-262,2,needs_article_type_verification|translation_inferred|environment_unresolved|outcome_unresolved,codex_pdfplumber,pdf_table_extracted,pdf_confirmed,no,table,moderate,2026-02-16T22:59:50.102516+00:00,true
doi:10.18419/opus-9385,doi:10.18419/opus-9385-TBL-C730,finding,doi:10.18419/opus-9385-TBL-C730,"esaelp(
)yficeps
rehtO: eralg
diovA",0.6,EMPIRICAL_FINDING,unknown,unknown_with_reason:runtime_table_extractor,esaelp yficeps rehto,esaelp yficeps rehto,['esaelp yficeps rehto'],['esaelp yficeps rehto'],[],[],UNRESOLVED:environment:esaelp_yficeps_rehto,UNRESOLVED:outcome:esaelp_yficeps_rehto,0.0,0.0,unresolved,unresolved,inferred,0.0,environment_unresolved|outcome_unresolved,env.unresolved.esaelp_yficeps_rehto,out.unresolved.esaelp_yficeps_rehto,positive,edge:doi:10.18419/opus-9385-TBL-C730,COHERENCE_SUPPORT,env.unresolved.esaelp_yficeps_rehto,out.unresolved.esaelp_yficeps_rehto,0.4,explicit_statement,true,esaelp( )yficeps rehtO: eralg diovA,explains,0.4,argument:default_contextual,table_claim,association,causal_argument,,,,,,,,table,396,396,esaelp( )yficeps rehtO: eralg diovA,c414985d8202dcb5,TBL-20260216235837-262,5,needs_article_type_verification|translation_inferred|environment_unresolved|outcome_unresolved,codex_pdfplumber,pdf_table_extracted,pdf_confirmed,no,table,moderate,2026-02-16T22:59:50.252360+00:00,true
doi:10.18419/opus-9385,doi:10.18419/opus-9385-TBL-C731,finding,doi:10.18419/opus-9385-TBL-C731,"esaelp(
)yficeps
rehtO: niag
taeh
diovA",0.6,EMPIRICAL_FINDING,unknown,unknown_with_reason:runtime_table_extractor,esaelp yficeps rehto,esaelp yficeps rehto,['esaelp yficeps rehto'],['esaelp yficeps rehto'],[],[],UNRESOLVED:environment:esaelp_yficeps_rehto,UNRESOLVED:outcome:esaelp_yficeps_rehto,0.0,0.0,unresolved,unresolved,inferred,0.0,environment_unresolved|outcome_unresolved,env.unresolved.esaelp_yficeps_rehto,out.unresolved.esaelp_yficeps_rehto,positive,edge:doi:10.18419/opus-9385-TBL-C731,COHERENCE_SUPPORT,env.unresolved.esaelp_yficeps_rehto,out.unresolved.esaelp_yficeps_rehto,0.4,explicit_statement,true,esaelp( )yficeps rehtO: niag taeh diovA,explains,0.4,argument:default_contextual,table_claim,association,causal_argument,,,,,,,,table,396,396,esaelp( )yficeps rehtO: niag taeh diovA,4528b7cc9ccf2b78,TBL-20260216235837-262,8,needs_article_type_verification|translation_inferred|environment_unresolved|outcome_unresolved,codex_pdfplumber,pdf_table_extracted,pdf_confirmed,no,table,moderate,2026-02-16T22:59:50.402877+00:00,true
doi:10.18419/opus-9385,doi:10.18419/opus-9385-TBL-C732,finding,doi:10.18419/opus-9385-TBL-C732,"esaelp(
)yficeps
rehtO: thgilyad
ni
retteB",0.6,EMPIRICAL_FINDING,unknown,unknown_with_reason:runtime_table_extractor,esaelp yficeps rehto,esaelp yficeps rehto,['esaelp yficeps rehto'],['esaelp yficeps rehto'],[],[],UNRESOLVED:environment:esaelp_yficeps_rehto,UNRESOLVED:outcome:esaelp_yficeps_rehto,0.0,0.0,unresolved,unresolved,inferred,0.0,environment_unresolved|outcome_unresolved,env.unresolved.esaelp_yficeps_rehto,out.unresolved.esaelp_yficeps_rehto,positive,edge:doi:10.18419/opus-9385-TBL-C732,COHERENCE_SUPPORT,env.unresolved.esaelp_yficeps_rehto,out.unresolved.esaelp_yficeps_rehto,0.4,explicit_statement,true,esaelp( )yficeps rehtO: thgilyad ni retteB,explains,0.4,argument:default_contextual,table_claim,association,causal_argument,,,,,,,,table,396,396,esaelp( )yficeps rehtO: thgilyad ni retteB,d47420064b08ffda,TBL-20260216235837-262,10,needs_article_type_verification|translation_inferred|environment_unresolved|outcome_unresolved,codex_pdfplumber,pdf_table_extracted,pdf_confirmed,no,table,moderate,2026-02-16T22:59:50.553480+00:00,true
doi:10.18419/opus-9385,doi:10.18419/opus-9385-TBL-C733,finding,doi:10.18419/opus-9385-TBL-C733,"esaelp(
)yficeps
rehtO: weiv
ni
retteB",0.6,EMPIRICAL_FINDING,unknown,unknown_with_reason:runtime_table_extractor,esaelp yficeps rehto,esaelp yficeps rehto,['esaelp yficeps rehto'],['esaelp yficeps rehto'],[],[],UNRESOLVED:environment:esaelp_yficeps_rehto,UNRESOLVED:outcome:esaelp_yficeps_rehto,0.0,0.0,unresolved,unresolved,inferred,0.0,environment_unresolved|outcome_unresolved,env.unresolved.esaelp_yficeps_rehto,out.unresolved.esaelp_yficeps_rehto,positive,edge:doi:10.18419/opus-9385-TBL-C733,COHERENCE_SUPPORT,env.unresolved.esaelp_yficeps_rehto,out.unresolved.esaelp_yficeps_rehto,0.4,explicit_statement,true,esaelp( )yficeps rehtO: weiv ni retteB,explains,0.4,argument:default_contextual,table_claim,association,causal_argument,,,,,,,,table,396,396,esaelp( )yficeps rehtO: weiv ni retteB,066dbe2d25d3b8bf,TBL-20260216235837-262,11,needs_article_type_verification|translation_inferred|environment_unresolved|outcome_unresolved,codex_pdfplumber,pdf_table_extracted,pdf_confirmed,no,table,moderate,2026-02-16T22:59:50.703972+00:00,true
doi:10.18419/opus-9385,doi:10.18419/opus-9385-TBL-C734,finding,doi:10.18419/opus-9385-TBL-C734,"evitcelfer
toN: wol
yreV",0.6,EMPIRICAL_FINDING,unknown,unknown_with_reason:runtime_table_extractor,evitcelfer ton wol,evitcelfer ton wol,['evitcelfer ton wol'],['evitcelfer ton wol'],[],[],UNRESOLVED:environment:evitcelfer_ton_wol,UNRESOLVED:outcome:evitcelfer_ton_wol,0.0,0.0,unresolved,unresolved,inferred,0.0,environment_unresolved|outcome_unresolved,env.unresolved.evitcelfer_ton_wol,out.unresolved.evitcelfer_ton_wol,positive,edge:doi:10.18419/opus-9385-TBL-C734,COHERENCE_SUPPORT,env.unresolved.evitcelfer_ton_wol,out.unresolved.evitcelfer_ton_wol,0.4,explicit_statement,true,evitcelfer toN: wol yreV,explains,0.4,argument:default_contextual,table_claim,association,causal_argument,,,,,,,,table,398,398,evitcelfer toN: wol yreV,7db68517474c3645,TBL-20260216235838-267,1,needs_article_type_verification|translation_inferred|environment_unresolved|outcome_unresolved,codex_pdfplumber,pdf_table_extracted,pdf_confirmed,no,table,moderate,2026-02-16T22:59:50.842923+00:00,true
doi:10.18419/opus-9385,doi:10.18419/opus-9385-TBL-C735,finding,doi:10.18419/opus-9385-TBL-C735,"evitcelfer
toN: evitcelfer
wol",0.6,EMPIRICAL_FINDING,unknown,unknown_with_reason:runtime_table_extractor,evitcelfer ton evitcelfer,evitcelfer ton evitcelfer,['evitcelfer ton evitcelfer'],['evitcelfer ton evitcelfer'],['view to exterior:0.537'],[],UNRESOLVED:environment:evitcelfer_ton_evitcelfer,UNRESOLVED:outcome:evitcelfer_ton_evitcelfer,0.0,0.0,unresolved,unresolved,inferred,0.5366,environment_unresolved|outcome_unresolved,env.unresolved.evitcelfer_ton_evitcelfer,out.unresolved.evitcelfer_ton_evitcelfer,positive,edge:doi:10.18419/opus-9385-TBL-C735,COHERENCE_SUPPORT,env.unresolved.evitcelfer_ton_evitcelfer,out.unresolved.evitcelfer_ton_evitcelfer,0.4,explicit_statement,true,evitcelfer toN: evitcelfer wol,explains,0.4,argument:default_contextual,table_claim,association,causal_argument,,,,,,,,table,398,398,evitcelfer toN: evitcelfer wol,2d84ce878126db54,TBL-20260216235838-267,3,needs_article_type_verification|translation_inferred|environment_unresolved|outcome_unresolved,codex_pdfplumber,pdf_table_extracted,pdf_confirmed,no,table,moderate,2026-02-16T22:59:50.997589+00:00,true
doi:10.18419/opus-9385,doi:10.18419/opus-9385-TBL-C736,finding,doi:10.18419/opus-9385-TBL-C736,"evitcelfer
toN: muidem",0.6,EMPIRICAL_FINDING,unknown,unknown_with_reason:runtime_table_extractor,evitcelfer ton muidem,evitcelfer ton muidem,['evitcelfer ton muidem'],['evitcelfer ton muidem'],[],[],UNRESOLVED:environment:evitcelfer_ton_muidem,UNRESOLVED:outcome:evitcelfer_ton_muidem,0.0,0.0,unresolved,unresolved,inferred,0.0,environment_unresolved|outcome_unresolved,env.unresolved.evitcelfer_ton_muidem,out.unresolved.evitcelfer_ton_muidem,positive,edge:doi:10.18419/opus-9385-TBL-C736,COHERENCE_SUPPORT,env.unresolved.evitcelfer_ton_muidem,out.unresolved.evitcelfer_ton_muidem,0.4,explicit_statement,true,evitcelfer toN: muidem,explains,0.4,argument:default_contextual,table_claim,association,causal_argument,,,,,,,,table,398,398,evitcelfer toN: muidem,54f33ef2ce2f5f43,TBL-20260216235838-267,4,needs_article_type_verification|translation_inferred|environment_unresolved|outcome_unresolved,codex_pdfplumber,pdf_table_extracted,pdf_confirmed,no,table,moderate,2026-02-16T22:59:51.152681+00:00,true
doi:10.18419/opus-9385,doi:10.18419/opus-9385-TBL-C737,finding,doi:10.18419/opus-9385-TBL-C737,"evitcelfer
toN: evitcelfer
hgiH",0.6,EMPIRICAL_FINDING,unknown,unknown_with_reason:runtime_table_extractor,evitcelfer ton evitcelfer,evitcelfer ton evitcelfer,['evitcelfer ton evitcelfer'],['evitcelfer ton evitcelfer'],['view to exterior:0.537'],[],UNRESOLVED:environment:evitcelfer_ton_evitcelfer,UNRESOLVED:outcome:evitcelfer_ton_evitcelfer,0.0,0.0,unresolved,unresolved,inferred,0.5366,environment_unresolved|outcome_unresolved,env.unresolved.evitcelfer_ton_evitcelfer,out.unresolved.evitcelfer_ton_evitcelfer,positive,edge:doi:10.18419/opus-9385-TBL-C737,COHERENCE_SUPPORT,env.unresolved.evitcelfer_ton_evitcelfer,out.unresolved.evitcelfer_ton_evitcelfer,0.4,explicit_statement,true,evitcelfer toN: evitcelfer hgiH,explains,0.4,argument:default_contextual,table_claim,association,causal_argument,,,,,,,,table,398,398,evitcelfer toN: evitcelfer hgiH,97754fbf30244fc4,TBL-20260216235838-267,5,needs_article_type_verification|translation_inferred|environment_unresolved|outcome_unresolved,codex_pdfplumber,pdf_table_extracted,pdf_confirmed,no,table,moderate,2026-02-16T22:59:51.308831+00:00,true
doi:10.18419/opus-9385,doi:10.18419/opus-9385-TBL-C738,finding,doi:10.18419/opus-9385-TBL-C738,"evitcelfer
toN: hgiH
yreV",0.6,EMPIRICAL_FINDING,unknown,unknown_with_reason:runtime_table_extractor,evitcelfer ton hgih,evitcelfer ton hgih,['evitcelfer ton hgih'],['evitcelfer ton hgih'],[],[],UNRESOLVED:environment:evitcelfer_ton_hgih,UNRESOLVED:outcome:evitcelfer_ton_hgih,0.0,0.0,unresolved,unresolved,inferred,0.0,environment_unresolved|outcome_unresolved,env.unresolved.evitcelfer_ton_hgih,out.unresolved.evitcelfer_ton_hgih,positive,edge:doi:10.18419/opus-9385-TBL-C738,COHERENCE_SUPPORT,env.unresolved.evitcelfer_ton_hgih,out.unresolved.evitcelfer_ton_hgih,0.4,explicit_statement,true,evitcelfer toN: hgiH yreV,explains,0.4,argument:default_contextual,table_claim,association,causal_argument,,,,,,,,table,398,398,evitcelfer toN: hgiH yreV,77952e49fe2ecefb,TBL-20260216235838-267,7,needs_article_type_verification|translation_inferred|environment_unresolved|outcome_unresolved,codex_pdfplumber,pdf_table_extracted,pdf_confirmed,no,table,moderate,2026-02-16T22:59:51.451791+00:00,true
doi:10.18419/opus-9385,doi:10.18419/opus-9385-TBL-C739,finding,doi:10.18419/opus-9385-TBL-C739,"evitcelfer
toN: ekil
rorriM",0.6,EMPIRICAL_FINDING,unknown,unknown_with_reason:runtime_table_extractor,evitcelfer ton ekil,evitcelfer ton ekil,['evitcelfer ton ekil'],['evitcelfer ton ekil'],['revelation rate:0.529'],[],UNRESOLVED:environment:evitcelfer_ton_ekil,UNRESOLVED:outcome:evitcelfer_ton_ekil,0.0,0.0,unresolved,unresolved,inferred,0.5294,environment_unresolved|outcome_unresolved,env.unresolved.evitcelfer_ton_ekil,out.unresolved.evitcelfer_ton_ekil,positive,edge:doi:10.18419/opus-9385-TBL-C739,COHERENCE_SUPPORT,env.unresolved.evitcelfer_ton_ekil,out.unresolved.evitcelfer_ton_ekil,0.4,explicit_statement,true,evitcelfer toN: ekil rorriM,explains,0.4,argument:default_contextual,table_claim,association,causal_argument,,,,,,,,table,398,398,evitcelfer toN: ekil rorriM,d070c141d405582f,TBL-20260216235838-267,9,needs_article_type_verification|translation_inferred|environment_unresolved|outcome_unresolved,codex_pdfplumber,pdf_table_extracted,pdf_confirmed,no,table,moderate,2026-02-16T22:59:51.597420+00:00,true
doi:10.18419/opus-9385,doi:10.18419/opus-9385-TBL-C740,finding,doi:10.18419/opus-9385-TBL-C740,")yficeps
esaelp(
rehtO: edistuo
eht
ees
tonnaC",0.6,EMPIRICAL_FINDING,unknown,unknown_with_reason:runtime_table_extractor,yficeps esaelp rehto,yficeps esaelp rehto,['yficeps esaelp rehto'],['yficeps esaelp rehto'],[],[],UNRESOLVED:environment:yficeps_esaelp_rehto,UNRESOLVED:outcome:yficeps_esaelp_rehto,0.0,0.0,unresolved,unresolved,inferred,0.0,environment_unresolved|outcome_unresolved,env.unresolved.yficeps_esaelp_rehto,out.unresolved.yficeps_esaelp_rehto,positive,edge:doi:10.18419/opus-9385-TBL-C740,COHERENCE_SUPPORT,env.unresolved.yficeps_esaelp_rehto,out.unresolved.yficeps_esaelp_rehto,0.4,explicit_statement,true,)yficeps esaelp( rehtO: edistuo eht ees tonnaC,explains,0.4,argument:default_contextual,table_claim,association,causal_argument,,,,,,,,table,399,399,)yficeps esaelp( rehtO: edistuo eht ees tonnaC,60336b0744ec8e02,TBL-20260216235838-268,0,needs_article_type_verification|translation_inferred|environment_unresolved|outcome_unresolved,codex_pdfplumber,pdf_table_extracted,pdf_confirmed,no,table,moderate,2026-02-16T22:59:51.746366+00:00,true
doi:10.18419/opus-9385,doi:10.18419/opus-9385-TBL-C742,finding,doi:10.18419/opus-9385-TBL-C742,")yficeps
esaelp(
rehtO: tuohtiw
edistuo
eht
eeS",0.6,EMPIRICAL_FINDING,unknown,unknown_with_reason:runtime_table_extractor,yficeps esaelp rehto,yficeps esaelp rehto,['yficeps esaelp rehto'],['yficeps esaelp rehto'],[],[],UNRESOLVED:environment:yficeps_esaelp_rehto,UNRESOLVED:outcome:yficeps_esaelp_rehto,0.0,0.0,unresolved,unresolved,inferred,0.0,environment_unresolved|outcome_unresolved,env.unresolved.yficeps_esaelp_rehto,out.unresolved.yficeps_esaelp_rehto,positive,edge:doi:10.18419/opus-9385-TBL-C742,COHERENCE_SUPPORT,env.unresolved.yficeps_esaelp_rehto,out.unresolved.yficeps_esaelp_rehto,0.4,explicit_statement,true,)yficeps esaelp( rehtO: tuohtiw edistuo eht eeS,explains,0.4,argument:default_contextual,table_claim,association,causal_argument,,,,,,,,table,399,399,)yficeps esaelp( rehtO: tuohtiw edistuo eht eeS,1ccbae70c7264786,TBL-20260216235838-268,2,needs_article_type_verification|translation_inferred|environment_unresolved|outcome_unresolved,codex_pdfplumber,pdf_table_extracted,pdf_confirmed,no,table,moderate,2026-02-16T22:59:51.895054+00:00,true
doi:10.18419/opus-9385,doi:10.18419/opus-9385-TBL-C743,finding,doi:10.18419/opus-9385-TBL-C743,")yficeps
esaelp(
rehtO: eb
dna
edistuo
eht
eeS",0.6,EMPIRICAL_FINDING,unknown,unknown_with_reason:runtime_table_extractor,yficeps esaelp rehto,yficeps esaelp rehto,['yficeps esaelp rehto'],['yficeps esaelp rehto'],[],[],UNRESOLVED:environment:yficeps_esaelp_rehto,UNRESOLVED:outcome:yficeps_esaelp_rehto,0.0,0.0,unresolved,unresolved,inferred,0.0,environment_unresolved|outcome_unresolved,env.unresolved.yficeps_esaelp_rehto,out.unresolved.yficeps_esaelp_rehto,positive,edge:doi:10.18419/opus-9385-TBL-C743,COHERENCE_SUPPORT,env.unresolved.yficeps_esaelp_rehto,out.unresolved.yficeps_esaelp_rehto,0.4,explicit_statement,true,)yficeps esaelp( rehtO: eb dna edistuo eht eeS,explains,0.4,argument:default_contextual,table_claim,association,causal_argument,,,,,,,,table,399,399,)yficeps esaelp( rehtO: eb dna edistuo eht eeS,dc7f236c5dacf716,TBL-20260216235838-268,3,needs_article_type_verification|translation_inferred|environment_unresolved|outcome_unresolved,codex_pdfplumber,pdf_table_extracted,pdf_confirmed,no,table,moderate,2026-02-16T22:59:52.043357+00:00,true
doi:10.18419/opus-9385,doi:10.18419/opus-9385-TBL-C744,finding,doi:10.18419/opus-9385-TBL-C744,E: D,0.6,EMPIRICAL_FINDING,unknown,unknown_with_reason:runtime_table_extractor,environment,unspecified_outcome,['unspecified_environment'],['unspecified_outcome'],"['dirty environment:0.600', 'immaculate environment:0.578', 'brand-heavy environment:0.565']",[],env.ae.visible_dirt/decay,UNRESOLVED:outcome:unspecified_outcome,0.7857,0.0,fuzzy,unresolved,untranslatable_noise,0.7857,outcome_unresolved|low_information_source,env.ae.visible_dirt_decay,out.unresolved.unspecified_outcome,positive,edge:doi:10.18419/opus-9385-TBL-C744,COHERENCE_SUPPORT,env.ae.visible_dirt_decay,out.unresolved.unspecified_outcome,0.4,explicit_statement,true,E: D,explains,0.4,argument:default_contextual,table_claim,association,causal_argument,,,,,,,,table,399,399,E: D,b6c4d28dcb33b7c6,TBL-20260216235838-269,0,needs_article_type_verification|translation_untranslatable_noise|outcome_unresolved|low_information_source,codex_pdfplumber,pdf_table_extracted,pdf_confirmed,no,table,moderate,2026-02-16T22:59:52.183765+00:00,true
doi:10.18419/opus-9385,doi:10.18419/opus-9385-TBL-C745,finding,doi:10.18419/opus-9385-TBL-C745,E: C,0.6,EMPIRICAL_FINDING,unknown,unknown_with_reason:runtime_table_extractor,environment,unspecified_outcome,['unspecified_environment'],['unspecified_outcome'],"['dirty environment:0.600', 'immaculate environment:0.578', 'brand-heavy environment:0.565']",[],env.ae.visible_dirt/decay,UNRESOLVED:outcome:unspecified_outcome,0.7857,0.0,fuzzy,unresolved,untranslatable_noise,0.7857,outcome_unresolved|low_information_source,env.ae.visible_dirt_decay,out.unresolved.unspecified_outcome,positive,edge:doi:10.18419/opus-9385-TBL-C745,COHERENCE_SUPPORT,env.ae.visible_dirt_decay,out.unresolved.unspecified_outcome,0.4,explicit_statement,true,E: C,explains,0.4,argument:default_contextual,table_claim,association,causal_argument,,,,,,,,table,399,399,E: C,412580f315fc1652,TBL-20260216235838-269,1,needs_article_type_verification|translation_untranslatable_noise|outcome_unresolved|low_information_source,codex_pdfplumber,pdf_table_extracted,pdf_confirmed,no,table,moderate,2026-02-16T22:59:52.323437+00:00,true
doi:10.18419/opus-9385,doi:10.18419/opus-9385-TBL-C746,finding,doi:10.18419/opus-9385-TBL-C746,E: B,0.6,EMPIRICAL_FINDING,unknown,unknown_with_reason:runtime_table_extractor,environment,unspecified_outcome,['unspecified_environment'],['unspecified_outcome'],"['dirty environment:0.600', 'immaculate environment:0.578', 'brand-heavy environment:0.565']",[],env.ae.visible_dirt/decay,UNRESOLVED:outcome:unspecified_outcome,0.7857,0.0,fuzzy,unresolved,untranslatable_noise,0.7857,outcome_unresolved|low_information_source,env.ae.visible_dirt_decay,out.unresolved.unspecified_outcome,positive,edge:doi:10.18419/opus-9385-TBL-C746,COHERENCE_SUPPORT,env.ae.visible_dirt_decay,out.unresolved.unspecified_outcome,0.4,explicit_statement,true,E: B,explains,0.4,argument:default_contextual,table_claim,association,causal_argument,,,,,,,,table,399,399,E: B,f069e029af9fad66,TBL-20260216235838-269,2,needs_article_type_verification|translation_untranslatable_noise|outcome_unresolved|low_information_source,codex_pdfplumber,pdf_table_extracted,pdf_confirmed,no,table,moderate,2026-02-16T22:59:52.462740+00:00,true
doi:10.18419/opus-9385,doi:10.18419/opus-9385-TBL-C747,finding,doi:10.18419/opus-9385-TBL-C747,E: A,0.6,EMPIRICAL_FINDING,unknown,unknown_with_reason:runtime_table_extractor,environment,unspecified_outcome,['unspecified_environment'],['unspecified_outcome'],"['dirty environment:0.600', 'immaculate environment:0.578', 'brand-heavy environment:0.565']",[],env.ae.visible_dirt/decay,UNRESOLVED:outcome:unspecified_outcome,0.7857,0.0,fuzzy,unresolved,untranslatable_noise,0.7857,outcome_unresolved|low_information_source,env.ae.visible_dirt_decay,out.unresolved.unspecified_outcome,positive,edge:doi:10.18419/opus-9385-TBL-C747,COHERENCE_SUPPORT,env.ae.visible_dirt_decay,out.unresolved.unspecified_outcome,0.4,explicit_statement,true,E: A,explains,0.4,argument:default_contextual,table_claim,association,causal_argument,,,,,,,,table,399,399,E: A,8f74fe6b642aefdf,TBL-20260216235838-269,3,needs_article_type_verification|translation_untranslatable_noise|outcome_unresolved|low_information_source,codex_pdfplumber,pdf_table_extracted,pdf_confirmed,no,table,moderate,2026-02-16T22:59:52.601886+00:00,true
doi:10.18419/opus-9385,doi:10.18419/opus-9385-TBL-C748,finding,doi:10.18419/opus-9385-TBL-C748,")yficeps
esaelp(
rehtO: rewop
sserpxE",0.6,EMPIRICAL_FINDING,unknown,unknown_with_reason:runtime_table_extractor,yficeps esaelp rehto,yficeps esaelp rehto,['yficeps esaelp rehto'],['yficeps esaelp rehto'],[],[],UNRESOLVED:environment:yficeps_esaelp_rehto,UNRESOLVED:outcome:yficeps_esaelp_rehto,0.0,0.0,unresolved,unresolved,inferred,0.0,environment_unresolved|outcome_unresolved,env.unresolved.yficeps_esaelp_rehto,out.unresolved.yficeps_esaelp_rehto,positive,edge:doi:10.18419/opus-9385-TBL-C748,COHERENCE_SUPPORT,env.unresolved.yficeps_esaelp_rehto,out.unresolved.yficeps_esaelp_rehto,0.4,explicit_statement,true,)yficeps esaelp( rehtO: rewop sserpxE,explains,0.4,argument:default_contextual,table_claim,association,causal_argument,,,,,,,,table,399,399,)yficeps esaelp( rehtO: rewop sserpxE,425a41c9af274c19,TBL-20260216235838-270,1,needs_article_type_verification|translation_inferred|environment_unresolved|outcome_unresolved,codex_pdfplumber,pdf_table_extracted,pdf_confirmed,no,table,moderate,2026-02-16T22:59:52.750601+00:00,true
doi:10.18419/opus-9385,doi:10.18419/opus-9385-TBL-C749,finding,doi:10.18419/opus-9385-TBL-C749,tpecca-nU: tpeccA,0.6,EMPIRICAL_FINDING,unknown,unknown_with_reason:runtime_table_extractor,tpecca-nu tpecca tpecca-nu,tpecca-nu tpecca tpecca-nu,['tpecca-nu tpecca tpecca-nu'],['tpecca-nu tpecca tpecca-nu'],[],[],UNRESOLVED:environment:tpecca_nu_tpecca_tpecca_nu,UNRESOLVED:outcome:tpecca_nu_tpecca_tpecca_nu,0.0,0.0,unresolved,unresolved,inferred,0.0,environment_unresolved|outcome_unresolved,env.unresolved.tpecca_nu_tpecca_tpecca_nu,out.unresolved.tpecca_nu_tpecca_tpecca_nu,positive,edge:doi:10.18419/opus-9385-TBL-C749,COHERENCE_SUPPORT,env.unresolved.tpecca_nu_tpecca_tpecca_nu,out.unresolved.tpecca_nu_tpecca_tpecca_nu,0.4,explicit_statement,true,tpecca-nU: tpeccA,explains,0.4,argument:default_contextual,table_claim,association,causal_argument,,,,,,,,table,400,400,tpecca-nU: tpeccA,5ab8f04cb6569884,TBL-20260216235838-271,0,needs_article_type_verification|translation_inferred|environment_unresolved|outcome_unresolved,codex_pdfplumber,pdf_table_extracted,pdf_confirmed,no,table,moderate,2026-02-16T22:59:52.894665+00:00,true
doi:10.18419/opus-9385,doi:10.18419/opus-9385-TBL-C750,finding,doi:10.18419/opus-9385-TBL-C750,tpecca-nU: tpecca-nU,0.6,EMPIRICAL_FINDING,unknown,unknown_with_reason:runtime_table_extractor,tpecca-nu tpecca-nu tpecca-nu,tpecca-nu tpecca-nu tpecca-nu,['tpecca-nu tpecca-nu tpecca-nu'],['tpecca-nu tpecca-nu tpecca-nu'],[],[],UNRESOLVED:environment:tpecca_nu_tpecca_nu_tpecca_nu,UNRESOLVED:outcome:tpecca_nu_tpecca_nu_tpecca_nu,0.0,0.0,unresolved,unresolved,inferred,0.0,environment_unresolved|outcome_unresolved,env.unresolved.tpecca_nu_tpecca_nu_tpecca_nu,out.unresolved.tpecca_nu_tpecca_nu_tpecca_nu,positive,edge:doi:10.18419/opus-9385-TBL-C750,COHERENCE_SUPPORT,env.unresolved.tpecca_nu_tpecca_nu_tpecca_nu,out.unresolved.tpecca_nu_tpecca_nu_tpecca_nu,0.4,explicit_statement,true,tpecca-nU: tpecca-nU,explains,0.4,argument:default_contextual,table_claim,association,causal_argument,,,,,,,,table,400,400,tpecca-nU: tpecca-nU,959313dd7332463e,TBL-20260216235838-271,1,needs_article_type_verification|translation_inferred|environment_unresolved|outcome_unresolved,codex_pdfplumber,pdf_table_extracted,pdf_confirmed,no,table,moderate,2026-02-16T22:59:53.045026+00:00,true
doi:10.18419/opus-9385,doi:10.18419/opus-9385-TBL-C751,finding,doi:10.18419/opus-9385-TBL-C751,"srevuol
latnoziroH: )aybarhsaM(
gnidahs
detarofreP",0.6,EMPIRICAL_FINDING,unknown,unknown_with_reason:runtime_table_extractor,srevuol latnoziroh aybarhsam,srevuol latnoziroh aybarhsam,['srevuol latnoziroh aybarhsam'],['srevuol latnoziroh aybarhsam'],[],[],UNRESOLVED:environment:srevuol_latnoziroh_aybarhsam,UNRESOLVED:outcome:srevuol_latnoziroh_aybarhsam,0.0,0.0,unresolved,unresolved,inferred,0.0,environment_unresolved|outcome_unresolved,env.unresolved.srevuol_latnoziroh_aybarhsam,out.unresolved.srevuol_latnoziroh_aybarhsam,positive,edge:doi:10.18419/opus-9385-TBL-C751,COHERENCE_SUPPORT,env.unresolved.srevuol_latnoziroh_aybarhsam,out.unresolved.srevuol_latnoziroh_aybarhsam,0.4,explicit_statement,true,srevuol latnoziroH: )aybarhsaM( gnidahs detarofreP,explains,0.4,argument:default_contextual,table_claim,association,causal_argument,,,,,,,,table,400,400,srevuol latnoziroH: )aybarhsaM( gnidahs detarofreP,8c51d17c2614321f,TBL-20260216235838-271,2,needs_article_type_verification|translation_inferred|environment_unresolved|outcome_unresolved,codex_pdfplumber,pdf_table_extracted,pdf_confirmed,no,table,moderate,2026-02-16T22:59:53.236102+00:00,true
doi:10.18419/opus-9385,doi:10.18419/opus-9385-TBL-C753,finding,doi:10.18419/opus-9385-TBL-C753,"srevuol
latnoziroH: snif
edis
htiw
gnahrevO
latnoziroH; tpecca-nU: tpecca-nU",0.6,EMPIRICAL_FINDING,unknown,unknown_with_reason:runtime_table_extractor,srevuol latnoziroh snif,srevuol latnoziroh snif,['srevuol latnoziroh snif'],['srevuol latnoziroh snif'],[],[],UNRESOLVED:environment:srevuol_latnoziroh_snif,UNRESOLVED:outcome:srevuol_latnoziroh_snif,0.0,0.0,unresolved,unresolved,inferred,0.0,environment_unresolved|outcome_unresolved,env.unresolved.srevuol_latnoziroh_snif,out.unresolved.srevuol_latnoziroh_snif,positive,edge:doi:10.18419/opus-9385-TBL-C753,COHERENCE_SUPPORT,env.unresolved.srevuol_latnoziroh_snif,out.unresolved.srevuol_latnoziroh_snif,0.4,explicit_statement,true,srevuol latnoziroH: snif edis htiw gnahrevO latnoziroH; tpecca-nU: tpecca-nU,explains,0.4,argument:default_contextual,table_claim,association,causal_argument,,,,,,,,table,400,400,srevuol latnoziroH: snif edis htiw gnahrevO latnoziroH; tpecca-nU: tpecca-nU,517b4417b65f22f8,TBL-20260216235838-271,5,needs_article_type_verification|translation_inferred|environment_unresolved|outcome_unresolved,codex_pdfplumber,pdf_table_extracted,pdf_confirmed,no,table,moderate,2026-02-16T22:59:53.407481+00:00,true
doi:10.18419/opus-9385,doi:10.18419/opus-9385-TBL-C755,finding,doi:10.18419/opus-9385-TBL-C755,"srevuol
latnoziroH: gnahrevo
latnoziroH; tpecca-nU: tpecca-nU",0.6,EMPIRICAL_FINDING,unknown,unknown_with_reason:runtime_table_extractor,srevuol latnoziroh gnahrevo,srevuol latnoziroh gnahrevo,['srevuol latnoziroh gnahrevo'],['srevuol latnoziroh gnahrevo'],[],[],UNRESOLVED:environment:srevuol_latnoziroh_gnahrevo,UNRESOLVED:outcome:srevuol_latnoziroh_gnahrevo,0.0,0.0,unresolved,unresolved,inferred,0.0,environment_unresolved|outcome_unresolved,env.unresolved.srevuol_latnoziroh_gnahrevo,out.unresolved.srevuol_latnoziroh_gnahrevo,positive,edge:doi:10.18419/opus-9385-TBL-C755,COHERENCE_SUPPORT,env.unresolved.srevuol_latnoziroh_gnahrevo,out.unresolved.srevuol_latnoziroh_gnahrevo,0.4,explicit_statement,true,srevuol latnoziroH: gnahrevo latnoziroH; tpecca-nU: tpecca-nU,explains,0.4,argument:default_contextual,table_claim,association,causal_argument,,,,,,,,table,400,400,srevuol latnoziroH: gnahrevo latnoziroH; tpecca-nU: tpecca-nU,ec35a2182ee3e565,TBL-20260216235838-271,7,needs_article_type_verification|translation_inferred|environment_unresolved|outcome_unresolved,codex_pdfplumber,pdf_table_extracted,pdf_confirmed,no,table,moderate,2026-02-16T22:59:53.597788+00:00,true
doi:10.18419/opus-9385,doi:10.18419/opus-9385-TBL-C758,finding,doi:10.18419/opus-9385-TBL-C758,"snif
lacitreV: snif
latnoziroH; tpecca-nU: tpecca-nU",0.6,EMPIRICAL_FINDING,unknown,unknown_with_reason:runtime_table_extractor,snif lacitrev snif,snif lacitrev snif,['snif lacitrev snif'],['snif lacitrev snif'],[],[],UNRESOLVED:environment:snif_lacitrev_snif,UNRESOLVED:outcome:snif_lacitrev_snif,0.0,0.0,unresolved,unresolved,inferred,0.0,environment_unresolved|outcome_unresolved,env.unresolved.snif_lacitrev_snif,out.unresolved.snif_lacitrev_snif,positive,edge:doi:10.18419/opus-9385-TBL-C758,COHERENCE_SUPPORT,env.unresolved.snif_lacitrev_snif,out.unresolved.snif_lacitrev_snif,0.4,explicit_statement,true,snif lacitreV: snif latnoziroH; tpecca-nU: tpecca-nU,explains,0.4,argument:default_contextual,table_claim,association,causal_argument,,,,,,,,table,401,401,snif lacitreV: snif latnoziroH; tpecca-nU: tpecca-nU,745e5c4d9bba5d7b,TBL-20260216235838-272,1,needs_article_type_verification|translation_inferred|environment_unresolved|outcome_unresolved,codex_pdfplumber,pdf_table_extracted,pdf_confirmed,no,table,moderate,2026-02-16T22:59:53.736800+00:00,true
doi:10.18419/opus-9385,doi:10.18419/opus-9385-TBL-C761,finding,doi:10.18419/opus-9385-TBL-C761,"snif
lacitreV: flehs
thgiL",0.6,EMPIRICAL_FINDING,unknown,unknown_with_reason:runtime_table_extractor,snif lacitrev flehs,snif lacitrev flehs,['snif lacitrev flehs'],['snif lacitrev flehs'],[],[],UNRESOLVED:environment:snif_lacitrev_flehs,UNRESOLVED:outcome:snif_lacitrev_flehs,0.0,0.0,unresolved,unresolved,inferred,0.0,environment_unresolved|outcome_unresolved,env.unresolved.snif_lacitrev_flehs,out.unresolved.snif_lacitrev_flehs,positive,edge:doi:10.18419/opus-9385-TBL-C761,COHERENCE_SUPPORT,env.unresolved.snif_lacitrev_flehs,out.unresolved.snif_lacitrev_flehs,0.4,explicit_statement,true,snif lacitreV: flehs thgiL,explains,0.4,argument:default_contextual,table_claim,association,causal_argument,,,,,,,,table,401,401,snif lacitreV: flehs thgiL,b4e975ff7bec2b2d,TBL-20260216235838-272,4,needs_article_type_verification|translation_inferred|environment_unresolved|outcome_unresolved,codex_pdfplumber,pdf_table_extracted,pdf_confirmed,no,table,moderate,2026-02-16T22:59:53.888998+00:00,true
doi:10.18419/opus-9385,doi:10.18419/opus-9385-TBL-C763,finding,doi:10.18419/opus-9385-TBL-C763,"snif
lacitreV: sdnilb
rellor
tnerapsnarT; tpecca-nU: tpecca-nU",0.6,EMPIRICAL_FINDING,unknown,unknown_with_reason:runtime_table_extractor,snif lacitrev sdnilb,snif lacitrev sdnilb,['snif lacitrev sdnilb'],['snif lacitrev sdnilb'],[],[],UNRESOLVED:environment:snif_lacitrev_sdnilb,UNRESOLVED:outcome:snif_lacitrev_sdnilb,0.0,0.0,unresolved,unresolved,inferred,0.0,environment_unresolved|outcome_unresolved,env.unresolved.snif_lacitrev_sdnilb,out.unresolved.snif_lacitrev_sdnilb,positive,edge:doi:10.18419/opus-9385-TBL-C763,COHERENCE_SUPPORT,env.unresolved.snif_lacitrev_sdnilb,out.unresolved.snif_lacitrev_sdnilb,0.4,explicit_statement,true,snif lacitreV: sdnilb rellor tnerapsnarT; tpecca-nU: tpecca-nU,explains,0.4,argument:default_contextual,table_claim,association,causal_argument,,,,,,,,table,401,401,snif lacitreV: sdnilb rellor tnerapsnarT; tpecca-nU: tpecca-nU,b0ba9dc6d0e05176,TBL-20260216235838-272,7,needs_article_type_verification|translation_inferred|environment_unresolved|outcome_unresolved,codex_pdfplumber,pdf_table_extracted,pdf_confirmed,no,table,moderate,2026-02-16T22:59:54.046591+00:00,true
doi:10.18419/opus-9385,doi:10.18419/opus-9385-TBL-C765,finding,doi:10.18419/opus-9385-TBL-C765,: Appendix B: Pilot Survey,0.6,EMPIRICAL_FINDING,unknown,unknown_with_reason:runtime_table_extractor,appendix pilot survey,appendix pilot survey,['appendix pilot survey'],['appendix pilot survey'],[],[],UNRESOLVED:environment:appendix_pilot_survey,UNRESOLVED:outcome:appendix_pilot_survey,0.0,0.0,unresolved,unresolved,inferred,0.0,environment_unresolved|outcome_unresolved,env.unresolved.appendix_pilot_survey,out.unresolved.appendix_pilot_survey,positive,edge:doi:10.18419/opus-9385-TBL-C765,COHERENCE_SUPPORT,env.unresolved.appendix_pilot_survey,out.unresolved.appendix_pilot_survey,0.4,explicit_statement,true,: Appendix B: Pilot Survey,explains,0.4,argument:default_contextual,table_claim,association,causal_argument,,,,,,,,table,403,403,: Appendix B: Pilot Survey,5522d383075f7cce,TBL-20260216235838-275,0,needs_article_type_verification|translation_inferred|environment_unresolved|outcome_unresolved,codex_pdfplumber,pdf_table_extracted,pdf_confirmed,no,table,moderate,2026-02-16T22:59:54.203202+00:00,true
doi:10.18419/opus-9385,doi:10.18419/opus-9385-TBL-C766,finding,doi:10.18419/opus-9385-TBL-C766,"06
naht
eroM: 95
-
05",0.6,EMPIRICAL_FINDING,unknown,unknown_with_reason:runtime_table_extractor,erom,naht erom naht,['naht erom naht'],['naht erom naht'],['neat arrangement:0.533'],[],spatial.room_function.bedroom,UNRESOLVED:outcome:naht_erom_naht,0.7273,0.0,fuzzy,unresolved,inferred,0.7273,outcome_unresolved,env.spatial.room_function.bedroom,out.unresolved.naht_erom_naht,positive,edge:doi:10.18419/opus-9385-TBL-C766,COHERENCE_SUPPORT,env.spatial.room_function.bedroom,out.unresolved.naht_erom_naht,0.4,explicit_statement,true,06 naht eroM: 95 - 05,explains,0.4,argument:default_contextual,table_claim,association,causal_argument,,,,,,,,table,404,404,06 naht eroM: 95 - 05,64598735faf404c8,TBL-20260216235838-276,0,needs_article_type_verification|translation_inferred|outcome_unresolved,codex_pdfplumber,pdf_table_extracted,pdf_confirmed,no,table,moderate,2026-02-16T22:59:54.318306+00:00,true
doi:10.18419/opus-9385,doi:10.18419/opus-9385-TBL-C767,finding,doi:10.18419/opus-9385-TBL-C767,"06
naht
eroM: 94
-
04",0.6,EMPIRICAL_FINDING,unknown,unknown_with_reason:runtime_table_extractor,erom,naht erom naht,['naht erom naht'],['naht erom naht'],['neat arrangement:0.533'],[],spatial.room_function.bedroom,UNRESOLVED:outcome:naht_erom_naht,0.7273,0.0,fuzzy,unresolved,inferred,0.7273,outcome_unresolved,env.spatial.room_function.bedroom,out.unresolved.naht_erom_naht,positive,edge:doi:10.18419/opus-9385-TBL-C767,COHERENCE_SUPPORT,env.spatial.room_function.bedroom,out.unresolved.naht_erom_naht,0.4,explicit_statement,true,06 naht eroM: 94 - 04,explains,0.4,argument:default_contextual,table_claim,association,causal_argument,,,,,,,,table,404,404,06 naht eroM: 94 - 04,55656f68ebe1a3ab,TBL-20260216235838-276,1,needs_article_type_verification|translation_inferred|outcome_unresolved,codex_pdfplumber,pdf_table_extracted,pdf_confirmed,no,table,moderate,2026-02-16T22:59:54.432703+00:00,true
doi:10.18419/opus-9385,doi:10.18419/opus-9385-TBL-C768,finding,doi:10.18419/opus-9385-TBL-C768,"06
naht
eroM: 93
-
03",0.6,EMPIRICAL_FINDING,unknown,unknown_with_reason:runtime_table_extractor,erom,naht erom naht,['naht erom naht'],['naht erom naht'],['neat arrangement:0.533'],[],spatial.room_function.bedroom,UNRESOLVED:outcome:naht_erom_naht,0.7273,0.0,fuzzy,unresolved,inferred,0.7273,outcome_unresolved,env.spatial.room_function.bedroom,out.unresolved.naht_erom_naht,positive,edge:doi:10.18419/opus-9385-TBL-C768,COHERENCE_SUPPORT,env.spatial.room_function.bedroom,out.unresolved.naht_erom_naht,0.4,explicit_statement,true,06 naht eroM: 93 - 03,explains,0.4,argument:default_contextual,table_claim,association,causal_argument,,,,,,,,table,404,404,06 naht eroM: 93 - 03,e04465ae7572a05c,TBL-20260216235838-276,2,needs_article_type_verification|translation_inferred|outcome_unresolved,codex_pdfplumber,pdf_table_extracted,pdf_confirmed,no,table,moderate,2026-02-16T22:59:54.547298+00:00,true
doi:10.18419/opus-9385,doi:10.18419/opus-9385-TBL-C769,finding,doi:10.18419/opus-9385-TBL-C769,"06
naht
eroM: 92
-
02",0.6,EMPIRICAL_FINDING,unknown,unknown_with_reason:runtime_table_extractor,erom,naht erom naht,['naht erom naht'],['naht erom naht'],['neat arrangement:0.533'],[],spatial.room_function.bedroom,UNRESOLVED:outcome:naht_erom_naht,0.7273,0.0,fuzzy,unresolved,inferred,0.7273,outcome_unresolved,env.spatial.room_function.bedroom,out.unresolved.naht_erom_naht,positive,edge:doi:10.18419/opus-9385-TBL-C769,COHERENCE_SUPPORT,env.spatial.room_function.bedroom,out.unresolved.naht_erom_naht,0.4,explicit_statement,true,06 naht eroM: 92 - 02,explains,0.4,argument:default_contextual,table_claim,association,causal_argument,,,,,,,,table,404,404,06 naht eroM: 92 - 02,95642845ca33d9ac,TBL-20260216235838-276,3,needs_article_type_verification|translation_inferred|outcome_unresolved,codex_pdfplumber,pdf_table_extracted,pdf_confirmed,no,table,moderate,2026-02-16T22:59:54.662820+00:00,true
doi:10.18419/opus-9385,doi:10.18419/opus-9385-TBL-C773,finding,doi:10.18419/opus-9385-TBL-C773,")yficeps
esaelp(
rehtO: noitalitneV
larutaN",0.6,EMPIRICAL_FINDING,unknown,unknown_with_reason:runtime_table_extractor,yficeps esaelp rehto,yficeps esaelp rehto,['yficeps esaelp rehto'],['yficeps esaelp rehto'],[],[],UNRESOLVED:environment:yficeps_esaelp_rehto,UNRESOLVED:outcome:yficeps_esaelp_rehto,0.0,0.0,unresolved,unresolved,inferred,0.0,environment_unresolved|outcome_unresolved,env.unresolved.yficeps_esaelp_rehto,out.unresolved.yficeps_esaelp_rehto,positive,edge:doi:10.18419/opus-9385-TBL-C773,COHERENCE_SUPPORT,env.unresolved.yficeps_esaelp_rehto,out.unresolved.yficeps_esaelp_rehto,0.4,explicit_statement,true,)yficeps esaelp( rehtO: noitalitneV larutaN,explains,0.4,argument:default_contextual,table_claim,association,causal_argument,,,,,,,,table,405,405,)yficeps esaelp( rehtO: noitalitneV larutaN,36f99055aff5f948,TBL-20260216235838-279,2,needs_article_type_verification|translation_inferred|environment_unresolved|outcome_unresolved,codex_pdfplumber,pdf_table_extracted,pdf_confirmed,no,table,moderate,2026-02-16T22:59:54.811190+00:00,true
doi:10.18419/opus-9385,doi:10.18419/opus-9385-TBL-C774,finding,doi:10.18419/opus-9385-TBL-C774,")yficeps
esaelp(
rehtO: thgilyaD
larutaN",0.6,EMPIRICAL_FINDING,unknown,unknown_with_reason:runtime_table_extractor,yficeps esaelp rehto,yficeps esaelp rehto,['yficeps esaelp rehto'],['yficeps esaelp rehto'],[],[],UNRESOLVED:environment:yficeps_esaelp_rehto,UNRESOLVED:outcome:yficeps_esaelp_rehto,0.0,0.0,unresolved,unresolved,inferred,0.0,environment_unresolved|outcome_unresolved,env.unresolved.yficeps_esaelp_rehto,out.unresolved.yficeps_esaelp_rehto,positive,edge:doi:10.18419/opus-9385-TBL-C774,COHERENCE_SUPPORT,env.unresolved.yficeps_esaelp_rehto,out.unresolved.yficeps_esaelp_rehto,0.4,explicit_statement,true,)yficeps esaelp( rehtO: thgilyaD larutaN,explains,0.4,argument:default_contextual,table_claim,association,causal_argument,,,,,,,,table,405,405,)yficeps esaelp( rehtO: thgilyaD larutaN,8f12185f4553df9f,TBL-20260216235838-279,3,needs_article_type_verification|translation_inferred|environment_unresolved|outcome_unresolved,codex_pdfplumber,pdf_table_extracted,pdf_confirmed,no,table,moderate,2026-02-16T22:59:54.963218+00:00,true
doi:10.18419/opus-9385,doi:10.18419/opus-9385-TBL-C775,finding,doi:10.18419/opus-9385-TBL-C775,")yficeps
esaelp(
rehtO: weiV",0.6,EMPIRICAL_FINDING,unknown,unknown_with_reason:runtime_table_extractor,yficeps esaelp rehto,yficeps esaelp rehto,['yficeps esaelp rehto'],['yficeps esaelp rehto'],[],[],UNRESOLVED:environment:yficeps_esaelp_rehto,UNRESOLVED:outcome:yficeps_esaelp_rehto,0.0,0.0,unresolved,unresolved,inferred,0.0,environment_unresolved|outcome_unresolved,env.unresolved.yficeps_esaelp_rehto,out.unresolved.yficeps_esaelp_rehto,positive,edge:doi:10.18419/opus-9385-TBL-C775,COHERENCE_SUPPORT,env.unresolved.yficeps_esaelp_rehto,out.unresolved.yficeps_esaelp_rehto,0.4,explicit_statement,true,)yficeps esaelp( rehtO: weiV,explains,0.4,argument:default_contextual,table_claim,association,causal_argument,,,,,,,,table,405,405,)yficeps esaelp( rehtO: weiV,d763cc2699ccefee,TBL-20260216235838-279,6,needs_article_type_verification|translation_inferred|environment_unresolved|outcome_unresolved,codex_pdfplumber,pdf_table_extracted,pdf_confirmed,no,table,moderate,2026-02-16T22:59:55.112501+00:00,true
doi:10.18419/opus-9385,doi:10.18419/opus-9385-TBL-C776,finding,doi:10.18419/opus-9385-TBL-C776,3: 2,0.6,EMPIRICAL_FINDING,unknown,unknown_with_reason:runtime_table_extractor,environment,unspecified_outcome,['unspecified_environment'],['unspecified_outcome'],"['dirty environment:0.600', 'immaculate environment:0.578', 'brand-heavy environment:0.565']",[],env.ae.visible_dirt/decay,UNRESOLVED:outcome:unspecified_outcome,0.7857,0.0,fuzzy,unresolved,untranslatable_noise,0.7857,outcome_unresolved|low_information_source,env.ae.visible_dirt_decay,out.unresolved.unspecified_outcome,positive,edge:doi:10.18419/opus-9385-TBL-C776,COHERENCE_SUPPORT,env.ae.visible_dirt_decay,out.unresolved.unspecified_outcome,0.4,explicit_statement,true,3: 2,explains,0.4,argument:default_contextual,table_claim,association,causal_argument,,,,,,,,table,405,405,3: 2,e08fe58ef977f997,TBL-20260216235838-280,2,needs_article_type_verification|translation_untranslatable_noise|outcome_unresolved|low_information_source,codex_pdfplumber,pdf_table_extracted,pdf_confirmed,no,table,moderate,2026-02-16T22:59:55.253590+00:00,true
doi:10.18419/opus-9385,doi:10.18419/opus-9385-TBL-C777,finding,doi:10.18419/opus-9385-TBL-C777,3: 1,0.6,EMPIRICAL_FINDING,unknown,unknown_with_reason:runtime_table_extractor,environment,unspecified_outcome,['unspecified_environment'],['unspecified_outcome'],"['dirty environment:0.600', 'immaculate environment:0.578', 'brand-heavy environment:0.565']",[],env.ae.visible_dirt/decay,UNRESOLVED:outcome:unspecified_outcome,0.7857,0.0,fuzzy,unresolved,untranslatable_noise,0.7857,outcome_unresolved|low_information_source,env.ae.visible_dirt_decay,out.unresolved.unspecified_outcome,positive,edge:doi:10.18419/opus-9385-TBL-C777,COHERENCE_SUPPORT,env.ae.visible_dirt_decay,out.unresolved.unspecified_outcome,0.4,explicit_statement,true,3: 1,explains,0.4,argument:default_contextual,table_claim,association,causal_argument,,,,,,,,table,405,405,3: 1,a27d09ffd1ed87ac,TBL-20260216235838-280,5,needs_article_type_verification|translation_untranslatable_noise|outcome_unresolved|low_information_source,codex_pdfplumber,pdf_table_extracted,pdf_confirmed,no,table,moderate,2026-02-16T22:59:55.393456+00:00,true
doi:10.18419/opus-9385,doi:10.18419/opus-9385-TBL-C779,finding,doi:10.18419/opus-9385-TBL-C779,3: knaR,0.6,EMPIRICAL_FINDING,unknown,unknown_with_reason:runtime_table_extractor,knar knar,knar knar,['knar knar'],['knar knar'],"['natural scene art:0.538', 'nature imagery:0.522']",[],UNRESOLVED:environment:knar_knar,UNRESOLVED:outcome:knar_knar,0.0,0.0,unresolved,unresolved,inferred,0.5385,environment_unresolved|outcome_unresolved,env.unresolved.knar_knar,out.unresolved.knar_knar,positive,edge:doi:10.18419/opus-9385-TBL-C779,COHERENCE_SUPPORT,env.unresolved.knar_knar,out.unresolved.knar_knar,0.4,explicit_statement,true,3: knaR,explains,0.4,argument:default_contextual,table_claim,association,causal_argument,,,,,,,,table,405,405,3: knaR,f0a6a01936e03d25,TBL-20260216235838-280,7,needs_article_type_verification|translation_inferred|environment_unresolved|outcome_unresolved,codex_pdfplumber,pdf_table_extracted,pdf_confirmed,no,table,moderate,2026-02-16T22:59:55.442240+00:00,true
doi:10.18419/opus-9385,doi:10.18419/opus-9385-TBL-C780,finding,doi:10.18419/opus-9385-TBL-C780,")yficeps
esaelp(
rehtO: modnaR",0.6,EMPIRICAL_FINDING,unknown,unknown_with_reason:runtime_table_extractor,yficeps esaelp rehto,yficeps esaelp rehto,['yficeps esaelp rehto'],['yficeps esaelp rehto'],[],[],UNRESOLVED:environment:yficeps_esaelp_rehto,UNRESOLVED:outcome:yficeps_esaelp_rehto,0.0,0.0,unresolved,unresolved,inferred,0.0,environment_unresolved|outcome_unresolved,env.unresolved.yficeps_esaelp_rehto,out.unresolved.yficeps_esaelp_rehto,positive,edge:doi:10.18419/opus-9385-TBL-C780,COHERENCE_SUPPORT,env.unresolved.yficeps_esaelp_rehto,out.unresolved.yficeps_esaelp_rehto,0.4,explicit_statement,true,)yficeps esaelp( rehtO: modnaR,explains,0.4,argument:default_contextual,table_claim,association,causal_argument,,,,,,,,table,405,405,)yficeps esaelp( rehtO: modnaR,01ab13b6d40f7957,TBL-20260216235838-281,0,needs_article_type_verification|translation_inferred|environment_unresolved|outcome_unresolved,codex_pdfplumber,pdf_table_extracted,pdf_confirmed,no,table,moderate,2026-02-16T22:59:55.590468+00:00,true
doi:10.18419/opus-9385,doi:10.18419/opus-9385-TBL-C781,finding,doi:10.18419/opus-9385-TBL-C781,")yficeps
esaelp(
rehtO: sroinuJ",0.6,EMPIRICAL_FINDING,unknown,unknown_with_reason:runtime_table_extractor,yficeps esaelp rehto,yficeps esaelp rehto,['yficeps esaelp rehto'],['yficeps esaelp rehto'],[],[],UNRESOLVED:environment:yficeps_esaelp_rehto,UNRESOLVED:outcome:yficeps_esaelp_rehto,0.0,0.0,unresolved,unresolved,inferred,0.0,environment_unresolved|outcome_unresolved,env.unresolved.yficeps_esaelp_rehto,out.unresolved.yficeps_esaelp_rehto,positive,edge:doi:10.18419/opus-9385-TBL-C781,COHERENCE_SUPPORT,env.unresolved.yficeps_esaelp_rehto,out.unresolved.yficeps_esaelp_rehto,0.4,explicit_statement,true,)yficeps esaelp( rehtO: sroinuJ,explains,0.4,argument:default_contextual,table_claim,association,causal_argument,,,,,,,,table,405,405,)yficeps esaelp( rehtO: sroinuJ,1420e0d4af7ab1f0,TBL-20260216235838-281,1,needs_article_type_verification|translation_inferred|environment_unresolved|outcome_unresolved,codex_pdfplumber,pdf_table_extracted,pdf_confirmed,no,table,moderate,2026-02-16T22:59:55.738455+00:00,true
doi:10.18419/opus-9385,doi:10.18419/opus-9385-TBL-C782,finding,doi:10.18419/opus-9385-TBL-C782,")yficeps
esaelp(
rehtO: sroineS",0.6,EMPIRICAL_FINDING,unknown,unknown_with_reason:runtime_table_extractor,yficeps esaelp rehto,yficeps esaelp rehto,['yficeps esaelp rehto'],['yficeps esaelp rehto'],[],[],UNRESOLVED:environment:yficeps_esaelp_rehto,UNRESOLVED:outcome:yficeps_esaelp_rehto,0.0,0.0,unresolved,unresolved,inferred,0.0,environment_unresolved|outcome_unresolved,env.unresolved.yficeps_esaelp_rehto,out.unresolved.yficeps_esaelp_rehto,positive,edge:doi:10.18419/opus-9385-TBL-C782,COHERENCE_SUPPORT,env.unresolved.yficeps_esaelp_rehto,out.unresolved.yficeps_esaelp_rehto,0.4,explicit_statement,true,)yficeps esaelp( rehtO: sroineS,explains,0.4,argument:default_contextual,table_claim,association,causal_argument,,,,,,,,table,405,405,)yficeps esaelp( rehtO: sroineS,54de0327c8028c8a,TBL-20260216235838-281,2,needs_article_type_verification|translation_inferred|environment_unresolved|outcome_unresolved,codex_pdfplumber,pdf_table_extracted,pdf_confirmed,no,table,moderate,2026-02-16T22:59:55.887665+00:00,true
doi:10.18419/opus-9385,doi:10.18419/opus-9385-TBL-C783,finding,doi:10.18419/opus-9385-TBL-C783,")yficeps
esaelp(
rehtO: sreganaM",0.6,EMPIRICAL_FINDING,unknown,unknown_with_reason:runtime_table_extractor,yficeps esaelp rehto,yficeps esaelp rehto,['yficeps esaelp rehto'],['yficeps esaelp rehto'],[],[],UNRESOLVED:environment:yficeps_esaelp_rehto,UNRESOLVED:outcome:yficeps_esaelp_rehto,0.0,0.0,unresolved,unresolved,inferred,0.0,environment_unresolved|outcome_unresolved,env.unresolved.yficeps_esaelp_rehto,out.unresolved.yficeps_esaelp_rehto,positive,edge:doi:10.18419/opus-9385-TBL-C783,COHERENCE_SUPPORT,env.unresolved.yficeps_esaelp_rehto,out.unresolved.yficeps_esaelp_rehto,0.4,explicit_statement,true,)yficeps esaelp( rehtO: sreganaM,explains,0.4,argument:default_contextual,table_claim,association,causal_argument,,,,,,,,table,405,405,)yficeps esaelp( rehtO: sreganaM,bc7062d772537925,TBL-20260216235838-281,3,needs_article_type_verification|translation_inferred|environment_unresolved|outcome_unresolved,codex_pdfplumber,pdf_table_extracted,pdf_confirmed,no,table,moderate,2026-02-16T22:59:56.039122+00:00,true
doi:10.18419/opus-9385,doi:10.18419/opus-9385-TBL-C784,finding,doi:10.18419/opus-9385-TBL-C784,")yficeps
esaelp(
rehtO: sreganam
hgiH",0.6,EMPIRICAL_FINDING,unknown,unknown_with_reason:runtime_table_extractor,yficeps esaelp rehto,yficeps esaelp rehto,['yficeps esaelp rehto'],['yficeps esaelp rehto'],[],[],UNRESOLVED:environment:yficeps_esaelp_rehto,UNRESOLVED:outcome:yficeps_esaelp_rehto,0.0,0.0,unresolved,unresolved,inferred,0.0,environment_unresolved|outcome_unresolved,env.unresolved.yficeps_esaelp_rehto,out.unresolved.yficeps_esaelp_rehto,positive,edge:doi:10.18419/opus-9385-TBL-C784,COHERENCE_SUPPORT,env.unresolved.yficeps_esaelp_rehto,out.unresolved.yficeps_esaelp_rehto,0.4,explicit_statement,true,)yficeps esaelp( rehtO: sreganam hgiH,explains,0.4,argument:default_contextual,table_claim,association,causal_argument,,,,,,,,table,405,405,)yficeps esaelp( rehtO: sreganam hgiH,bc925ab119a06a64,TBL-20260216235838-281,4,needs_article_type_verification|translation_inferred|environment_unresolved|outcome_unresolved,codex_pdfplumber,pdf_table_extracted,pdf_confirmed,no,table,moderate,2026-02-16T22:59:56.217431+00:00,true
doi:10.18419/opus-9385,doi:10.18419/opus-9385-TBL-C789,finding,doi:10.18419/opus-9385-TBL-C789,")yficeps
esaelp(
rehtO: suoiverp
eht
llA",0.6,EMPIRICAL_FINDING,unknown,unknown_with_reason:runtime_table_extractor,yficeps esaelp rehto,yficeps esaelp rehto,['yficeps esaelp rehto'],['yficeps esaelp rehto'],[],[],UNRESOLVED:environment:yficeps_esaelp_rehto,UNRESOLVED:outcome:yficeps_esaelp_rehto,0.0,0.0,unresolved,unresolved,inferred,0.0,environment_unresolved|outcome_unresolved,env.unresolved.yficeps_esaelp_rehto,out.unresolved.yficeps_esaelp_rehto,positive,edge:doi:10.18419/opus-9385-TBL-C789,COHERENCE_SUPPORT,env.unresolved.yficeps_esaelp_rehto,out.unresolved.yficeps_esaelp_rehto,0.4,explicit_statement,true,)yficeps esaelp( rehtO: suoiverp eht llA,explains,0.4,argument:default_contextual,table_claim,association,causal_argument,,,,,,,,table,407,407,)yficeps esaelp( rehtO: suoiverp eht llA,39e6254db9261765,TBL-20260216235838-284,0,needs_article_type_verification|translation_inferred|environment_unresolved|outcome_unresolved,codex_pdfplumber,pdf_table_extracted,pdf_confirmed,no,table,moderate,2026-02-16T22:59:56.369958+00:00,true
doi:10.18419/opus-9385,doi:10.18419/opus-9385-TBL-C791,finding,doi:10.18419/opus-9385-TBL-C791,")yficeps
esaelp(
rehtO: ssenhcir
sserpxE",0.6,EMPIRICAL_FINDING,unknown,unknown_with_reason:runtime_table_extractor,yficeps esaelp rehto,yficeps esaelp rehto,['yficeps esaelp rehto'],['yficeps esaelp rehto'],[],[],UNRESOLVED:environment:yficeps_esaelp_rehto,UNRESOLVED:outcome:yficeps_esaelp_rehto,0.0,0.0,unresolved,unresolved,inferred,0.0,environment_unresolved|outcome_unresolved,env.unresolved.yficeps_esaelp_rehto,out.unresolved.yficeps_esaelp_rehto,positive,edge:doi:10.18419/opus-9385-TBL-C791,COHERENCE_SUPPORT,env.unresolved.yficeps_esaelp_rehto,out.unresolved.yficeps_esaelp_rehto,0.4,explicit_statement,true,)yficeps esaelp( rehtO: ssenhcir sserpxE,explains,0.4,argument:default_contextual,table_claim,association,causal_argument,,,,,,,,table,407,407,)yficeps esaelp( rehtO: ssenhcir sserpxE,3d1b9977b3ce4e13,TBL-20260216235838-284,2,needs_article_type_verification|translation_inferred|environment_unresolved|outcome_unresolved,codex_pdfplumber,pdf_table_extracted,pdf_confirmed,no,table,moderate,2026-02-16T22:59:56.520708+00:00,true
doi:10.18419/opus-9385,doi:10.18419/opus-9385-TBL-C792,finding,doi:10.18419/opus-9385-TBL-C792,")yficeps
esaelp(
rehtO: dna
ycnagelE",0.6,EMPIRICAL_FINDING,unknown,unknown_with_reason:runtime_table_extractor,yficeps esaelp rehto,yficeps esaelp rehto,['yficeps esaelp rehto'],['yficeps esaelp rehto'],[],[],UNRESOLVED:environment:yficeps_esaelp_rehto,UNRESOLVED:outcome:yficeps_esaelp_rehto,0.0,0.0,unresolved,unresolved,inferred,0.0,environment_unresolved|outcome_unresolved,env.unresolved.yficeps_esaelp_rehto,out.unresolved.yficeps_esaelp_rehto,positive,edge:doi:10.18419/opus-9385-TBL-C792,COHERENCE_SUPPORT,env.unresolved.yficeps_esaelp_rehto,out.unresolved.yficeps_esaelp_rehto,0.4,explicit_statement,true,)yficeps esaelp( rehtO: dna ycnagelE,explains,0.4,argument:default_contextual,table_claim,association,causal_argument,,,,,,,,table,407,407,)yficeps esaelp( rehtO: dna ycnagelE,7d799560f18c1b45,TBL-20260216235838-284,4,needs_article_type_verification|translation_inferred|environment_unresolved|outcome_unresolved,codex_pdfplumber,pdf_table_extracted,pdf_confirmed,no,table,moderate,2026-02-16T22:59:56.669595+00:00,true
doi:10.18419/opus-9385,doi:10.18419/opus-9385-TBL-C793,finding,doi:10.18419/opus-9385-TBL-C793,")yficeps
esaelp(
rehtO: ytinredoM
sserpxE",0.6,EMPIRICAL_FINDING,unknown,unknown_with_reason:runtime_table_extractor,yficeps esaelp rehto,yficeps esaelp rehto,['yficeps esaelp rehto'],['yficeps esaelp rehto'],[],[],UNRESOLVED:environment:yficeps_esaelp_rehto,UNRESOLVED:outcome:yficeps_esaelp_rehto,0.0,0.0,unresolved,unresolved,inferred,0.0,environment_unresolved|outcome_unresolved,env.unresolved.yficeps_esaelp_rehto,out.unresolved.yficeps_esaelp_rehto,positive,edge:doi:10.18419/opus-9385-TBL-C793,COHERENCE_SUPPORT,env.unresolved.yficeps_esaelp_rehto,out.unresolved.yficeps_esaelp_rehto,0.4,explicit_statement,true,)yficeps esaelp( rehtO: ytinredoM sserpxE,explains,0.4,argument:default_contextual,table_claim,association,causal_argument,,,,,,,,table,407,407,)yficeps esaelp( rehtO: ytinredoM sserpxE,a885b055bffaf339,TBL-20260216235838-284,6,needs_article_type_verification|translation_inferred|environment_unresolved|outcome_unresolved,codex_pdfplumber,pdf_table_extracted,pdf_confirmed,no,table,moderate,2026-02-16T22:59:56.822099+00:00,true
doi:10.18419/opus-9385,doi:10.18419/opus-9385-TBL-C794,finding,doi:10.18419/opus-9385-TBL-C794,")yficeps
esaelp(
rehtO: evah
t’noD",0.6,EMPIRICAL_FINDING,unknown,unknown_with_reason:runtime_table_extractor,yficeps esaelp rehto,yficeps esaelp rehto,['yficeps esaelp rehto'],['yficeps esaelp rehto'],[],[],UNRESOLVED:environment:yficeps_esaelp_rehto,UNRESOLVED:outcome:yficeps_esaelp_rehto,0.0,0.0,unresolved,unresolved,inferred,0.0,environment_unresolved|outcome_unresolved,env.unresolved.yficeps_esaelp_rehto,out.unresolved.yficeps_esaelp_rehto,positive,edge:doi:10.18419/opus-9385-TBL-C794,COHERENCE_SUPPORT,env.unresolved.yficeps_esaelp_rehto,out.unresolved.yficeps_esaelp_rehto,0.4,explicit_statement,true,)yficeps esaelp( rehtO: evah t’noD,explains,0.4,argument:default_contextual,table_claim,association,causal_argument,,,,,,,,table,409,409,)yficeps esaelp( rehtO: evah t’noD,574ab758f09f036a,TBL-20260216235838-290,0,needs_article_type_verification|translation_inferred|environment_unresolved|outcome_unresolved,codex_pdfplumber,pdf_table_extracted,pdf_confirmed,no,table,moderate,2026-02-16T22:59:56.971616+00:00,true
doi:10.18419/opus-9385,doi:10.18419/opus-9385-TBL-C795,finding,doi:10.18419/opus-9385-TBL-C795,")yficeps
esaelp(
rehtO: enap-retnI",0.6,EMPIRICAL_FINDING,unknown,unknown_with_reason:runtime_table_extractor,yficeps esaelp rehto,yficeps esaelp rehto,['yficeps esaelp rehto'],['yficeps esaelp rehto'],[],[],UNRESOLVED:environment:yficeps_esaelp_rehto,UNRESOLVED:outcome:yficeps_esaelp_rehto,0.0,0.0,unresolved,unresolved,inferred,0.0,environment_unresolved|outcome_unresolved,env.unresolved.yficeps_esaelp_rehto,out.unresolved.yficeps_esaelp_rehto,positive,edge:doi:10.18419/opus-9385-TBL-C795,COHERENCE_SUPPORT,env.unresolved.yficeps_esaelp_rehto,out.unresolved.yficeps_esaelp_rehto,0.4,explicit_statement,true,)yficeps esaelp( rehtO: enap-retnI,explains,0.4,argument:default_contextual,table_claim,association,causal_argument,,,,,,,,table,409,409,)yficeps esaelp( rehtO: enap-retnI,1db59288772cf446,TBL-20260216235838-290,2,needs_article_type_verification|translation_inferred|environment_unresolved|outcome_unresolved,codex_pdfplumber,pdf_table_extracted,pdf_confirmed,no,table,moderate,2026-02-16T22:59:57.122294+00:00,true
doi:10.18419/opus-9385,doi:10.18419/opus-9385-TBL-C796,finding,doi:10.18419/opus-9385-TBL-C796,")yficeps
esaelp(
rehtO: lanretnI",0.6,EMPIRICAL_FINDING,unknown,unknown_with_reason:runtime_table_extractor,yficeps esaelp rehto,yficeps esaelp rehto,['yficeps esaelp rehto'],['yficeps esaelp rehto'],[],[],UNRESOLVED:environment:yficeps_esaelp_rehto,UNRESOLVED:outcome:yficeps_esaelp_rehto,0.0,0.0,unresolved,unresolved,inferred,0.0,environment_unresolved|outcome_unresolved,env.unresolved.yficeps_esaelp_rehto,out.unresolved.yficeps_esaelp_rehto,positive,edge:doi:10.18419/opus-9385-TBL-C796,COHERENCE_SUPPORT,env.unresolved.yficeps_esaelp_rehto,out.unresolved.yficeps_esaelp_rehto,0.4,explicit_statement,true,)yficeps esaelp( rehtO: lanretnI,explains,0.4,argument:default_contextual,table_claim,association,causal_argument,,,,,,,,table,409,409,)yficeps esaelp( rehtO: lanretnI,d2be17e1b6c9916b,TBL-20260216235838-290,5,needs_article_type_verification|translation_inferred|environment_unresolved|outcome_unresolved,codex_pdfplumber,pdf_table_extracted,pdf_confirmed,no,table,moderate,2026-02-16T22:59:57.276075+00:00,true
doi:10.18419/opus-9385,doi:10.18419/opus-9385-TBL-C797,finding,doi:10.18419/opus-9385-TBL-C797,")yficeps
esaelp(
rehtO: lanretxE",0.6,EMPIRICAL_FINDING,unknown,unknown_with_reason:runtime_table_extractor,yficeps esaelp rehto,yficeps esaelp rehto,['yficeps esaelp rehto'],['yficeps esaelp rehto'],[],[],UNRESOLVED:environment:yficeps_esaelp_rehto,UNRESOLVED:outcome:yficeps_esaelp_rehto,0.0,0.0,unresolved,unresolved,inferred,0.0,environment_unresolved|outcome_unresolved,env.unresolved.yficeps_esaelp_rehto,out.unresolved.yficeps_esaelp_rehto,positive,edge:doi:10.18419/opus-9385-TBL-C797,COHERENCE_SUPPORT,env.unresolved.yficeps_esaelp_rehto,out.unresolved.yficeps_esaelp_rehto,0.4,explicit_statement,true,)yficeps esaelp( rehtO: lanretxE,explains,0.4,argument:default_contextual,table_claim,association,causal_argument,,,,,,,,table,409,409,)yficeps esaelp( rehtO: lanretxE,8c269cb42360fdc5,TBL-20260216235838-290,7,needs_article_type_verification|translation_inferred|environment_unresolved|outcome_unresolved,codex_pdfplumber,pdf_table_extracted,pdf_confirmed,no,table,moderate,2026-02-16T22:59:57.429641+00:00,true
doi:10.18419/opus-9385,doi:10.18419/opus-9385-TBL-C801,finding,doi:10.18419/opus-9385-TBL-C801,")yficeps
esaelp(
rehtO: ralos
morf
niag
taeh
diovA",0.6,EMPIRICAL_FINDING,unknown,unknown_with_reason:runtime_table_extractor,yficeps esaelp rehto,yficeps esaelp rehto,['yficeps esaelp rehto'],['yficeps esaelp rehto'],[],[],UNRESOLVED:environment:yficeps_esaelp_rehto,UNRESOLVED:outcome:yficeps_esaelp_rehto,0.0,0.0,unresolved,unresolved,inferred,0.0,environment_unresolved|outcome_unresolved,env.unresolved.yficeps_esaelp_rehto,out.unresolved.yficeps_esaelp_rehto,positive,edge:doi:10.18419/opus-9385-TBL-C801,COHERENCE_SUPPORT,env.unresolved.yficeps_esaelp_rehto,out.unresolved.yficeps_esaelp_rehto,0.4,explicit_statement,true,)yficeps esaelp( rehtO: ralos morf niag taeh diovA,explains,0.4,argument:default_contextual,table_claim,association,causal_argument,,,,,,,,table,409,409,)yficeps esaelp( rehtO: ralos morf niag taeh diovA,7e76892d92943a12,TBL-20260216235838-292,7,needs_article_type_verification|translation_inferred|environment_unresolved|outcome_unresolved,codex_pdfplumber,pdf_table_extracted,pdf_confirmed,no,table,moderate,2026-02-16T22:59:57.580657+00:00,true
doi:10.18419/opus-9385,doi:10.18419/opus-9385-TBL-C802,finding,doi:10.18419/opus-9385-TBL-C802,")yficeps
esaelp(
rehtO: E",0.6,EMPIRICAL_FINDING,unknown,unknown_with_reason:runtime_table_extractor,yficeps esaelp rehto,yficeps esaelp rehto,['yficeps esaelp rehto'],['yficeps esaelp rehto'],[],[],UNRESOLVED:environment:yficeps_esaelp_rehto,UNRESOLVED:outcome:yficeps_esaelp_rehto,0.0,0.0,unresolved,unresolved,inferred,0.0,environment_unresolved|outcome_unresolved,env.unresolved.yficeps_esaelp_rehto,out.unresolved.yficeps_esaelp_rehto,positive,edge:doi:10.18419/opus-9385-TBL-C802,COHERENCE_SUPPORT,env.unresolved.yficeps_esaelp_rehto,out.unresolved.yficeps_esaelp_rehto,0.4,explicit_statement,true,)yficeps esaelp( rehtO: E,explains,0.4,argument:default_contextual,table_claim,association,causal_argument,,,,,,,,table,411,411,)yficeps esaelp( rehtO: E,3fa17e2d737eac04,TBL-20260216235838-297,0,needs_article_type_verification|translation_inferred|environment_unresolved|outcome_unresolved,codex_pdfplumber,pdf_table_extracted,pdf_confirmed,no,table,moderate,2026-02-16T22:59:57.729625+00:00,true
doi:10.18419/opus-9385,doi:10.18419/opus-9385-TBL-C803,finding,doi:10.18419/opus-9385-TBL-C803,")yficeps
esaelp(
rehtO: D",0.6,EMPIRICAL_FINDING,unknown,unknown_with_reason:runtime_table_extractor,yficeps esaelp rehto,yficeps esaelp rehto,['yficeps esaelp rehto'],['yficeps esaelp rehto'],[],[],UNRESOLVED:environment:yficeps_esaelp_rehto,UNRESOLVED:outcome:yficeps_esaelp_rehto,0.0,0.0,unresolved,unresolved,inferred,0.0,environment_unresolved|outcome_unresolved,env.unresolved.yficeps_esaelp_rehto,out.unresolved.yficeps_esaelp_rehto,positive,edge:doi:10.18419/opus-9385-TBL-C803,COHERENCE_SUPPORT,env.unresolved.yficeps_esaelp_rehto,out.unresolved.yficeps_esaelp_rehto,0.4,explicit_statement,true,)yficeps esaelp( rehtO: D,explains,0.4,argument:default_contextual,table_claim,association,causal_argument,,,,,,,,table,411,411,)yficeps esaelp( rehtO: D,e9d12ee4b24f1297,TBL-20260216235838-297,1,needs_article_type_verification|translation_inferred|environment_unresolved|outcome_unresolved,codex_pdfplumber,pdf_table_extracted,pdf_confirmed,no,table,moderate,2026-02-16T22:59:57.878983+00:00,true
doi:10.18419/opus-9385,doi:10.18419/opus-9385-TBL-C804,finding,doi:10.18419/opus-9385-TBL-C804,")yficeps
esaelp(
rehtO: C",0.6,EMPIRICAL_FINDING,unknown,unknown_with_reason:runtime_table_extractor,yficeps esaelp rehto,yficeps esaelp rehto,['yficeps esaelp rehto'],['yficeps esaelp rehto'],[],[],UNRESOLVED:environment:yficeps_esaelp_rehto,UNRESOLVED:outcome:yficeps_esaelp_rehto,0.0,0.0,unresolved,unresolved,inferred,0.0,environment_unresolved|outcome_unresolved,env.unresolved.yficeps_esaelp_rehto,out.unresolved.yficeps_esaelp_rehto,positive,edge:doi:10.18419/opus-9385-TBL-C804,COHERENCE_SUPPORT,env.unresolved.yficeps_esaelp_rehto,out.unresolved.yficeps_esaelp_rehto,0.4,explicit_statement,true,)yficeps esaelp( rehtO: C,explains,0.4,argument:default_contextual,table_claim,association,causal_argument,,,,,,,,table,411,411,)yficeps esaelp( rehtO: C,6c6ade5d31c39709,TBL-20260216235838-297,2,needs_article_type_verification|translation_inferred|environment_unresolved|outcome_unresolved,codex_pdfplumber,pdf_table_extracted,pdf_confirmed,no,table,moderate,2026-02-16T22:59:58.027388+00:00,true
doi:10.18419/opus-9385,doi:10.18419/opus-9385-TBL-C805,finding,doi:10.18419/opus-9385-TBL-C805,")yficeps
esaelp(
rehtO: B",0.6,EMPIRICAL_FINDING,unknown,unknown_with_reason:runtime_table_extractor,yficeps esaelp rehto,yficeps esaelp rehto,['yficeps esaelp rehto'],['yficeps esaelp rehto'],[],[],UNRESOLVED:environment:yficeps_esaelp_rehto,UNRESOLVED:outcome:yficeps_esaelp_rehto,0.0,0.0,unresolved,unresolved,inferred,0.0,environment_unresolved|outcome_unresolved,env.unresolved.yficeps_esaelp_rehto,out.unresolved.yficeps_esaelp_rehto,positive,edge:doi:10.18419/opus-9385-TBL-C805,COHERENCE_SUPPORT,env.unresolved.yficeps_esaelp_rehto,out.unresolved.yficeps_esaelp_rehto,0.4,explicit_statement,true,)yficeps esaelp( rehtO: B,explains,0.4,argument:default_contextual,table_claim,association,causal_argument,,,,,,,,table,411,411,)yficeps esaelp( rehtO: B,e583bc2d23c3f417,TBL-20260216235838-297,3,needs_article_type_verification|translation_inferred|environment_unresolved|outcome_unresolved,codex_pdfplumber,pdf_table_extracted,pdf_confirmed,no,table,moderate,2026-02-16T22:59:58.175113+00:00,true
doi:10.18419/opus-9385,doi:10.18419/opus-9385-TBL-C806,finding,doi:10.18419/opus-9385-TBL-C806,")yficeps
esaelp(
rehtO: A",0.6,EMPIRICAL_FINDING,unknown,unknown_with_reason:runtime_table_extractor,yficeps esaelp rehto,yficeps esaelp rehto,['yficeps esaelp rehto'],['yficeps esaelp rehto'],[],[],UNRESOLVED:environment:yficeps_esaelp_rehto,UNRESOLVED:outcome:yficeps_esaelp_rehto,0.0,0.0,unresolved,unresolved,inferred,0.0,environment_unresolved|outcome_unresolved,env.unresolved.yficeps_esaelp_rehto,out.unresolved.yficeps_esaelp_rehto,positive,edge:doi:10.18419/opus-9385-TBL-C806,COHERENCE_SUPPORT,env.unresolved.yficeps_esaelp_rehto,out.unresolved.yficeps_esaelp_rehto,0.4,explicit_statement,true,)yficeps esaelp( rehtO: A,explains,0.4,argument:default_contextual,table_claim,association,causal_argument,,,,,,,,table,411,411,)yficeps esaelp( rehtO: A,3570dd60039b5ddb,TBL-20260216235838-297,4,needs_article_type_verification|translation_inferred|environment_unresolved|outcome_unresolved,codex_pdfplumber,pdf_table_extracted,pdf_confirmed,no,table,moderate,2026-02-16T22:59:58.325230+00:00,true
doi:10.18419/opus-9385,doi:10.18419/opus-9385-TBL-C834,finding,doi:10.18419/opus-9385-TBL-C834,"snif
lacitreV: evlehs
thgiL",0.6,EMPIRICAL_FINDING,unknown,unknown_with_reason:runtime_table_extractor,snif lacitrev evlehs,snif lacitrev evlehs,['snif lacitrev evlehs'],['snif lacitrev evlehs'],['iconic chair eames:0.526'],['stress levels:0.545'],UNRESOLVED:environment:snif_lacitrev_evlehs,UNRESOLVED:outcome:snif_lacitrev_evlehs,0.0,0.0,unresolved,unresolved,inferred,0.5455,environment_unresolved|outcome_unresolved,env.unresolved.snif_lacitrev_evlehs,out.unresolved.snif_lacitrev_evlehs,positive,edge:doi:10.18419/opus-9385-TBL-C834,COHERENCE_SUPPORT,env.unresolved.snif_lacitrev_evlehs,out.unresolved.snif_lacitrev_evlehs,0.4,explicit_statement,true,snif lacitreV: evlehs thgiL,explains,0.4,argument:default_contextual,table_claim,association,causal_argument,,,,,,,,table,417,417,snif lacitreV: evlehs thgiL,3981b0ef562feb00,TBL-20260216235839-305,4,needs_article_type_verification|translation_inferred|environment_unresolved|outcome_unresolved,codex_pdfplumber,pdf_table_extracted,pdf_confirmed,no,table,moderate,2026-02-16T22:59:58.486093+00:00,true
doi:10.18419/opus-9385,doi:10.18419/opus-9385-TBL-C836,finding,doi:10.18419/opus-9385-TBL-C836,"snif
lacitreV: sdnilb
rellor
tnerapsnarT; tpecca-nU: stpecca-nU",0.6,EMPIRICAL_FINDING,unknown,unknown_with_reason:runtime_table_extractor,snif lacitrev sdnilb,snif lacitrev sdnilb,['snif lacitrev sdnilb'],['snif lacitrev sdnilb'],[],[],UNRESOLVED:environment:snif_lacitrev_sdnilb,UNRESOLVED:outcome:snif_lacitrev_sdnilb,0.0,0.0,unresolved,unresolved,inferred,0.0,environment_unresolved|outcome_unresolved,env.unresolved.snif_lacitrev_sdnilb,out.unresolved.snif_lacitrev_sdnilb,positive,edge:doi:10.18419/opus-9385-TBL-C836,COHERENCE_SUPPORT,env.unresolved.snif_lacitrev_sdnilb,out.unresolved.snif_lacitrev_sdnilb,0.4,explicit_statement,true,snif lacitreV: sdnilb rellor tnerapsnarT; tpecca-nU: stpecca-nU,explains,0.4,argument:default_contextual,table_claim,association,causal_argument,,,,,,,,table,417,417,snif lacitreV: sdnilb rellor tnerapsnarT; tpecca-nU: stpecca-nU,1f415922c4c49056,TBL-20260216235839-305,7,needs_article_type_verification|translation_inferred|environment_unresolved|outcome_unresolved,codex_pdfplumber,pdf_table_extracted,pdf_confirmed,no,table,moderate,2026-02-16T22:59:58.644133+00:00,true
doi:10.18419/opus-9385,doi:10.18419/opus-9385-TBL-C844,finding,doi:10.18419/opus-9385-TBL-C844,0: 01,0.6,EMPIRICAL_FINDING,unknown,unknown_with_reason:runtime_table_extractor,environment,unspecified_outcome,['unspecified_environment'],['unspecified_outcome'],"['dirty environment:0.600', 'immaculate environment:0.578', 'brand-heavy environment:0.565']",[],env.ae.visible_dirt/decay,UNRESOLVED:outcome:unspecified_outcome,0.7857,0.0,fuzzy,unresolved,untranslatable_noise,0.7857,outcome_unresolved|low_information_source,env.ae.visible_dirt_decay,out.unresolved.unspecified_outcome,positive,edge:doi:10.18419/opus-9385-TBL-C844,COHERENCE_SUPPORT,env.ae.visible_dirt_decay,out.unresolved.unspecified_outcome,0.4,explicit_statement,true,0: 01,explains,0.4,argument:default_contextual,table_claim,association,causal_argument,,,,,,,,table,418,418,0: 01,b3112150f6993b3f,TBL-20260216235839-309,2,needs_article_type_verification|translation_untranslatable_noise|outcome_unresolved|low_information_source,codex_pdfplumber,pdf_table_extracted,pdf_confirmed,no,table,moderate,2026-02-16T22:59:58.783625+00:00,true
doi:10.18419/opus-9385,doi:10.18419/opus-9385-TBL-C845,finding,doi:10.18419/opus-9385-TBL-C845,0: 02,0.6,EMPIRICAL_FINDING,unknown,unknown_with_reason:runtime_table_extractor,environment,unspecified_outcome,['unspecified_environment'],['unspecified_outcome'],"['dirty environment:0.600', 'immaculate environment:0.578', 'brand-heavy environment:0.565']",[],env.ae.visible_dirt/decay,UNRESOLVED:outcome:unspecified_outcome,0.7857,0.0,fuzzy,unresolved,untranslatable_noise,0.7857,outcome_unresolved|low_information_source,env.ae.visible_dirt_decay,out.unresolved.unspecified_outcome,positive,edge:doi:10.18419/opus-9385-TBL-C845,COHERENCE_SUPPORT,env.ae.visible_dirt_decay,out.unresolved.unspecified_outcome,0.4,explicit_statement,true,0: 02,explains,0.4,argument:default_contextual,table_claim,association,causal_argument,,,,,,,,table,418,418,0: 02,a90eee84f4292499,TBL-20260216235839-309,5,needs_article_type_verification|translation_untranslatable_noise|outcome_unresolved|low_information_source,codex_pdfplumber,pdf_table_extracted,pdf_confirmed,no,table,moderate,2026-02-16T22:59:58.922418+00:00,true
doi:10.18419/opus-9385,doi:10.18419/opus-9385-TBL-C846,finding,doi:10.18419/opus-9385-TBL-C846,0: 03,0.6,EMPIRICAL_FINDING,unknown,unknown_with_reason:runtime_table_extractor,environment,unspecified_outcome,['unspecified_environment'],['unspecified_outcome'],"['dirty environment:0.600', 'immaculate environment:0.578', 'brand-heavy environment:0.565']",[],env.ae.visible_dirt/decay,UNRESOLVED:outcome:unspecified_outcome,0.7857,0.0,fuzzy,unresolved,untranslatable_noise,0.7857,outcome_unresolved|low_information_source,env.ae.visible_dirt_decay,out.unresolved.unspecified_outcome,positive,edge:doi:10.18419/opus-9385-TBL-C846,COHERENCE_SUPPORT,env.ae.visible_dirt_decay,out.unresolved.unspecified_outcome,0.4,explicit_statement,true,0: 03,explains,0.4,argument:default_contextual,table_claim,association,causal_argument,,,,,,,,table,418,418,0: 03,d9a0eb81524d68c8,TBL-20260216235839-309,8,needs_article_type_verification|translation_untranslatable_noise|outcome_unresolved|low_information_source,codex_pdfplumber,pdf_table_extracted,pdf_confirmed,no,table,moderate,2026-02-16T22:59:59.063557+00:00,true
doi:10.18419/opus-9385,doi:10.18419/opus-9385-TBL-C847,finding,doi:10.18419/opus-9385-TBL-C847,0: 04,0.6,EMPIRICAL_FINDING,unknown,unknown_with_reason:runtime_table_extractor,environment,unspecified_outcome,['unspecified_environment'],['unspecified_outcome'],"['dirty environment:0.600', 'immaculate environment:0.578', 'brand-heavy environment:0.565']",[],env.ae.visible_dirt/decay,UNRESOLVED:outcome:unspecified_outcome,0.7857,0.0,fuzzy,unresolved,untranslatable_noise,0.7857,outcome_unresolved|low_information_source,env.ae.visible_dirt_decay,out.unresolved.unspecified_outcome,positive,edge:doi:10.18419/opus-9385-TBL-C847,COHERENCE_SUPPORT,env.ae.visible_dirt_decay,out.unresolved.unspecified_outcome,0.4,explicit_statement,true,0: 04,explains,0.4,argument:default_contextual,table_claim,association,causal_argument,,,,,,,,table,418,418,0: 04,de5d3afce3e01bb4,TBL-20260216235839-309,11,needs_article_type_verification|translation_untranslatable_noise|outcome_unresolved|low_information_source,codex_pdfplumber,pdf_table_extracted,pdf_confirmed,no,table,moderate,2026-02-16T22:59:59.206256+00:00,true
doi:10.18419/opus-9385,doi:10.18419/opus-9385-TBL-C848,finding,doi:10.18419/opus-9385-TBL-C848,0: 05,0.6,EMPIRICAL_FINDING,unknown,unknown_with_reason:runtime_table_extractor,environment,unspecified_outcome,['unspecified_environment'],['unspecified_outcome'],"['dirty environment:0.600', 'immaculate environment:0.578', 'brand-heavy environment:0.565']",[],env.ae.visible_dirt/decay,UNRESOLVED:outcome:unspecified_outcome,0.7857,0.0,fuzzy,unresolved,untranslatable_noise,0.7857,outcome_unresolved|low_information_source,env.ae.visible_dirt_decay,out.unresolved.unspecified_outcome,positive,edge:doi:10.18419/opus-9385-TBL-C848,COHERENCE_SUPPORT,env.ae.visible_dirt_decay,out.unresolved.unspecified_outcome,0.4,explicit_statement,true,0: 05,explains,0.4,argument:default_contextual,table_claim,association,causal_argument,,,,,,,,table,418,418,0: 05,cd653f5a2d0840f3,TBL-20260216235839-309,14,needs_article_type_verification|translation_untranslatable_noise|outcome_unresolved|low_information_source,codex_pdfplumber,pdf_table_extracted,pdf_confirmed,no,table,moderate,2026-02-16T22:59:59.348027+00:00,true
doi:10.18419/opus-9385,doi:10.18419/opus-9385-TBL-C849,finding,doi:10.18419/opus-9385-TBL-C849,0: 06,0.6,EMPIRICAL_FINDING,unknown,unknown_with_reason:runtime_table_extractor,environment,unspecified_outcome,['unspecified_environment'],['unspecified_outcome'],"['dirty environment:0.600', 'immaculate environment:0.578', 'brand-heavy environment:0.565']",[],env.ae.visible_dirt/decay,UNRESOLVED:outcome:unspecified_outcome,0.7857,0.0,fuzzy,unresolved,untranslatable_noise,0.7857,outcome_unresolved|low_information_source,env.ae.visible_dirt_decay,out.unresolved.unspecified_outcome,positive,edge:doi:10.18419/opus-9385-TBL-C849,COHERENCE_SUPPORT,env.ae.visible_dirt_decay,out.unresolved.unspecified_outcome,0.4,explicit_statement,true,0: 06,explains,0.4,argument:default_contextual,table_claim,association,causal_argument,,,,,,,,table,418,418,0: 06,328647c6ec66149a,TBL-20260216235839-309,17,needs_article_type_verification|translation_untranslatable_noise|outcome_unresolved|low_information_source,codex_pdfplumber,pdf_table_extracted,pdf_confirmed,no,table,moderate,2026-02-16T22:59:59.487014+00:00,true
doi:10.18419/opus-9385,doi:10.18419/opus-9385-TBL-C850,finding,doi:10.18419/opus-9385-TBL-C850,0: 07,0.6,EMPIRICAL_FINDING,unknown,unknown_with_reason:runtime_table_extractor,environment,unspecified_outcome,['unspecified_environment'],['unspecified_outcome'],"['dirty environment:0.600', 'immaculate environment:0.578', 'brand-heavy environment:0.565']",[],env.ae.visible_dirt/decay,UNRESOLVED:outcome:unspecified_outcome,0.7857,0.0,fuzzy,unresolved,untranslatable_noise,0.7857,outcome_unresolved|low_information_source,env.ae.visible_dirt_decay,out.unresolved.unspecified_outcome,positive,edge:doi:10.18419/opus-9385-TBL-C850,COHERENCE_SUPPORT,env.ae.visible_dirt_decay,out.unresolved.unspecified_outcome,0.4,explicit_statement,true,0: 07,explains,0.4,argument:default_contextual,table_claim,association,causal_argument,,,,,,,,table,418,418,0: 07,b8ed413171d9d786,TBL-20260216235839-309,19,needs_article_type_verification|translation_untranslatable_noise|outcome_unresolved|low_information_source,codex_pdfplumber,pdf_table_extracted,pdf_confirmed,no,table,moderate,2026-02-16T22:59:59.628817+00:00,true
doi:10.18419/opus-9385,doi:10.18419/opus-9385-TBL-C851,finding,doi:10.18419/opus-9385-TBL-C851,0: 08,0.6,EMPIRICAL_FINDING,unknown,unknown_with_reason:runtime_table_extractor,environment,unspecified_outcome,['unspecified_environment'],['unspecified_outcome'],"['dirty environment:0.600', 'immaculate environment:0.578', 'brand-heavy environment:0.565']",[],env.ae.visible_dirt/decay,UNRESOLVED:outcome:unspecified_outcome,0.7857,0.0,fuzzy,unresolved,untranslatable_noise,0.7857,outcome_unresolved|low_information_source,env.ae.visible_dirt_decay,out.unresolved.unspecified_outcome,positive,edge:doi:10.18419/opus-9385-TBL-C851,COHERENCE_SUPPORT,env.ae.visible_dirt_decay,out.unresolved.unspecified_outcome,0.4,explicit_statement,true,0: 08,explains,0.4,argument:default_contextual,table_claim,association,causal_argument,,,,,,,,table,418,418,0: 08,528504800c4c1a4b,TBL-20260216235839-309,22,needs_article_type_verification|translation_untranslatable_noise|outcome_unresolved|low_information_source,codex_pdfplumber,pdf_table_extracted,pdf_confirmed,no,table,moderate,2026-02-16T22:59:59.771056+00:00,true
doi:10.18419/opus-9385,doi:10.18419/opus-9385-TBL-C852,finding,doi:10.18419/opus-9385-TBL-C852,0: 09,0.6,EMPIRICAL_FINDING,unknown,unknown_with_reason:runtime_table_extractor,environment,unspecified_outcome,['unspecified_environment'],['unspecified_outcome'],"['dirty environment:0.600', 'immaculate environment:0.578', 'brand-heavy environment:0.565']",[],env.ae.visible_dirt/decay,UNRESOLVED:outcome:unspecified_outcome,0.7857,0.0,fuzzy,unresolved,untranslatable_noise,0.7857,outcome_unresolved|low_information_source,env.ae.visible_dirt_decay,out.unresolved.unspecified_outcome,positive,edge:doi:10.18419/opus-9385-TBL-C852,COHERENCE_SUPPORT,env.ae.visible_dirt_decay,out.unresolved.unspecified_outcome,0.4,explicit_statement,true,0: 09,explains,0.4,argument:default_contextual,table_claim,association,causal_argument,,,,,,,,table,418,418,0: 09,f668bed80d5e1826,TBL-20260216235839-309,25,needs_article_type_verification|translation_untranslatable_noise|outcome_unresolved|low_information_source,codex_pdfplumber,pdf_table_extracted,pdf_confirmed,no,table,moderate,2026-02-16T22:59:59.909814+00:00,true
doi:10.18419/opus-9385,doi:10.18419/opus-9385-TBL-C853,finding,doi:10.18419/opus-9385-TBL-C853,0: 001,0.6,EMPIRICAL_FINDING,unknown,unknown_with_reason:runtime_table_extractor,environment,unspecified_outcome,['unspecified_environment'],['unspecified_outcome'],"['dirty environment:0.600', 'immaculate environment:0.578', 'brand-heavy environment:0.565']",[],env.ae.visible_dirt/decay,UNRESOLVED:outcome:unspecified_outcome,0.7857,0.0,fuzzy,unresolved,untranslatable_noise,0.7857,outcome_unresolved|low_information_source,env.ae.visible_dirt_decay,out.unresolved.unspecified_outcome,positive,edge:doi:10.18419/opus-9385-TBL-C853,COHERENCE_SUPPORT,env.ae.visible_dirt_decay,out.unresolved.unspecified_outcome,0.4,explicit_statement,true,0: 001,explains,0.4,argument:default_contextual,table_claim,association,causal_argument,,,,,,,,table,418,418,0: 001,05ec5aa2cd96500a,TBL-20260216235839-309,28,needs_article_type_verification|translation_untranslatable_noise|outcome_unresolved|low_information_source,codex_pdfplumber,pdf_table_extracted,pdf_confirmed,no,table,moderate,2026-02-16T23:00:00.049413+00:00,true
doi:10.18419/opus-9385,doi:10.18419/opus-9385-TBL-C854,finding,doi:10.18419/opus-9385-TBL-C854,0: lamrehT,0.6,EMPIRICAL_FINDING,unknown,unknown_with_reason:runtime_table_extractor,lamreht lamreht,lamreht lamreht,['lamreht lamreht'],['lamreht lamreht'],['glare present:0.571'],[],UNRESOLVED:environment:lamreht_lamreht,UNRESOLVED:outcome:lamreht_lamreht,0.0,0.0,unresolved,unresolved,inferred,0.5714,environment_unresolved|outcome_unresolved,env.unresolved.lamreht_lamreht,out.unresolved.lamreht_lamreht,positive,edge:doi:10.18419/opus-9385-TBL-C854,COHERENCE_SUPPORT,env.unresolved.lamreht_lamreht,out.unresolved.lamreht_lamreht,0.4,explicit_statement,true,0: lamrehT,explains,0.4,argument:default_contextual,table_claim,association,causal_argument,,,,,,,,table,418,418,0: lamrehT,f7dd71c8596d0dfe,TBL-20260216235839-309,32,needs_article_type_verification|translation_inferred|environment_unresolved|outcome_unresolved,codex_pdfplumber,pdf_table_extracted,pdf_confirmed,no,table,moderate,2026-02-16T23:00:00.119134+00:00,true
doi:10.18419/opus-9385,doi:10.18419/opus-9385-TBL-C855,finding,doi:10.18419/opus-9385-TBL-C855,: Appendix C: Visual Area Fraction,0.6,EMPIRICAL_FINDING,unknown,unknown_with_reason:runtime_table_extractor,visual,appendix visual area,['appendix visual area'],['appendix visual area'],"['isovist area:0.562', 'coarse visual structure:0.558']",[],env.ae.view_to_outdoors,UNRESOLVED:outcome:appendix_visual_area,0.7273,0.0,fuzzy,unresolved,inferred,0.7273,outcome_unresolved,env.ae.view_to_outdoors,out.unresolved.appendix_visual_area,positive,edge:doi:10.18419/opus-9385-TBL-C855,COHERENCE_SUPPORT,env.ae.view_to_outdoors,out.unresolved.appendix_visual_area,0.4,explicit_statement,true,: Appendix C: Visual Area Fraction,explains,0.4,argument:default_contextual,table_claim,association,causal_argument,,,,,,,,table,421,421,: Appendix C: Visual Area Fraction,ee38ed872edfbd02,TBL-20260216235839-310,0,needs_article_type_verification|translation_inferred|outcome_unresolved,codex_pdfplumber,pdf_table_extracted,pdf_confirmed,no,table,moderate,2026-02-16T23:00:00.258095+00:00,true
doi:10.18419/opus-9385,doi:10.18419/opus-9385-TBL-C856,finding,doi:10.18419/opus-9385-TBL-C856,"Horizontal Fins
10
9
y = 0.7541x + 3.153
8
2) 7
m
( a 6
e
ra
5
la
u
s 4
iV
3
2
1
wwr
0
40% 50% 60% 70% 80% 90% 100%: Horizontal Louvers
10
9
y = 0.7844x + 3.0143
8
7
2)
m
( 6
a
e
ra 5
la
u 4
s
iV
3
2
1
wwr
0
40% 50% 60% 70% 80% 90% 100%; Horizontal Overhang
10
y = 0.9159x + 2.9034
9
8
7
2)
m 6
(
a
e 5
ra
la 4
u
s
iV 3
2
1
wwr
0
40% 50% 60% 70% 80% 90% 100%: Vertical Louvers
10
9
y = 0.8889x + 2.8254
8
2 m ) 7
(
a e 6
ra
la 5
u
s
iV 4
3
2
1
wwr
0
40% 50% 60% 70% 80% 90% 100%",0.6,EMPIRICAL_FINDING,unknown,unknown_with_reason:runtime_table_extractor,horizontal fins,horizontal fins wwr,['horizontal fins wwr'],['horizontal fins wwr'],"['horizontal banding:0.703', 'horizontal emphasis:0.684', 'dominant horizontal lines:0.636', 'horizontal composition:0.634', 'strong horizontals:0.595']",[],env.ae.strong_horizontality,UNRESOLVED:outcome:horizontal_fins_wwr,0.7879,0.0,fuzzy,unresolved,inferred,0.7879,outcome_unresolved,env.ae.strong_horizontality,out.unresolved.horizontal_fins_wwr,positive,edge:doi:10.18419/opus-9385-TBL-C856,COHERENCE_SUPPORT,env.ae.strong_horizontality,out.unresolved.horizontal_fins_wwr,0.4,explicit_statement,true,Horizontal Fins 10 9 y = 0.7541x + 3.153 8 2) 7 m ( a 6 e ra 5 la u s 4 iV 3 2 1 wwr 0 40% 50% 60% 70% 80% 90% 100%: Horizontal Louvers 10 9 y = 0.7844x + 3.0143 8 7 2) m ( 6 a e ra 5 la u 4 s iV 3 2 1 wwr 0 40% 50% 60% 70% 80% 90% 100%; Horizontal Overhang 10 y = 0.9159x + 2.9034 9 8 7 2) m 6 ( a e 5 ra la 4 u s iV 3 ,explains,0.4,argument:default_contextual,table_claim,association,causal_argument,,,,,,,,table,422,422,Horizontal Fins 10 9 y = 0.7541x + 3.153 8 2) 7 m ( a 6 e ra 5 la u s 4 iV 3 2 1 wwr 0 40% 50% 60% 70% 80% 90% 100%: Horizontal Louvers 10 9 y = 0.7844x + 3.0143 8 7 2) m ( 6 a e ra 5 la u 4 s iV 3 2 1 wwr 0 40% 50% 60% 70% 80% 90% 100%; Horizontal Overhang 10 y = 0.9159x + 2.9034 9 8 7 2) m 6 ( a e 5 ra la 4 u s iV 3 ,dd7bb4b17538f840,TBL-20260216235839-311,0,needs_article_type_verification|translation_inferred|outcome_unresolved,codex_pdfplumber,pdf_table_extracted,pdf_confirmed,no,table,moderate,2026-02-16T23:00:00.343090+00:00,true
doi:10.18419/opus-9385,doi:10.18419/opus-9385-TBL-C857,finding,doi:10.18419/opus-9385-TBL-C857,"Horizontal Fins
10
9
y = 0.7541x + 3.153
8
2) 7
m
( a 6
e
ra
5
la
u
s 4
iV
3
2
1
wwr
0
40% 50% 60% 70% 80% 90% 100%: Mashrabya
10
9
8
2 m ) 7 y = 0.6015x + 2.65
( 6
a
e
ra 5
la
u 4
s
iV
3
2
1
wwr
0
40% 50% 60% 70% 80% 90% 100%",0.6,EMPIRICAL_FINDING,unknown,unknown_with_reason:runtime_table_extractor,horizontal fins,horizontal fins wwr,['horizontal fins wwr'],['horizontal fins wwr'],"['horizontal banding:0.703', 'horizontal emphasis:0.684', 'dominant horizontal lines:0.636', 'horizontal composition:0.634', 'strong horizontals:0.595']",[],env.ae.strong_horizontality,UNRESOLVED:outcome:horizontal_fins_wwr,0.7879,0.0,fuzzy,unresolved,inferred,0.7879,outcome_unresolved,env.ae.strong_horizontality,out.unresolved.horizontal_fins_wwr,positive,edge:doi:10.18419/opus-9385-TBL-C857,COHERENCE_SUPPORT,env.ae.strong_horizontality,out.unresolved.horizontal_fins_wwr,0.4,explicit_statement,true,Horizontal Fins 10 9 y = 0.7541x + 3.153 8 2) 7 m ( a 6 e ra 5 la u s 4 iV 3 2 1 wwr 0 40% 50% 60% 70% 80% 90% 100%: Mashrabya 10 9 8 2 m ) 7 y = 0.6015x + 2.65 ( 6 a e ra 5 la u 4 s iV 3 2 1 wwr 0 40% 50% 60% 70% 80% 90% 100%,explains,0.4,argument:default_contextual,table_claim,association,causal_argument,,,,,,,,table,422,422,Horizontal Fins 10 9 y = 0.7541x + 3.153 8 2) 7 m ( a 6 e ra 5 la u s 4 iV 3 2 1 wwr 0 40% 50% 60% 70% 80% 90% 100%: Mashrabya 10 9 8 2 m ) 7 y = 0.6015x + 2.65 ( 6 a e ra 5 la u 4 s iV 3 2 1 wwr 0 40% 50% 60% 70% 80% 90% 100%,23818faf372ad375,TBL-20260216235839-311,1,needs_article_type_verification|translation_inferred|outcome_unresolved,codex_pdfplumber,pdf_table_extracted,pdf_confirmed,no,table,moderate,2026-02-16T23:00:00.426938+00:00,true
doi:10.18419/opus-9385,doi:10.18419/opus-9385-TBL-C858,finding,doi:10.18419/opus-9385-TBL-C858,y = 0.9159x + 2.9034: wwr,0.6,EMPIRICAL_FINDING,unknown,unknown_with_reason:runtime_table_extractor,wwr wwr,wwr wwr,['wwr wwr'],['wwr wwr'],[],[],UNRESOLVED:environment:wwr_wwr,UNRESOLVED:outcome:wwr_wwr,0.0,0.0,unresolved,unresolved,inferred,0.0,environment_unresolved|outcome_unresolved,env.unresolved.wwr_wwr,out.unresolved.wwr_wwr,positive,edge:doi:10.18419/opus-9385-TBL-C858,COHERENCE_SUPPORT,env.unresolved.wwr_wwr,out.unresolved.wwr_wwr,0.4,explicit_statement,true,y = 0.9159x + 2.9034: wwr,explains,0.4,argument:default_contextual,table_claim,association,causal_argument,,,,,,,,table,422,422,y = 0.9159x + 2.9034: wwr,fccc8c2037751ea5,TBL-20260216235839-313,8,needs_article_type_verification|translation_inferred|environment_unresolved|outcome_unresolved,codex_pdfplumber,pdf_table_extracted,pdf_confirmed,no,table,moderate,2026-02-16T23:00:00.462677+00:00,true
doi:10.18419/opus-9385,doi:10.18419/opus-9385-TBL-C859,finding,doi:10.18419/opus-9385-TBL-C859,: y = 0.8889x + 2.8254,0.6,EMPIRICAL_FINDING,unknown,unknown_with_reason:runtime_table_extractor,environment,unspecified_outcome,['unspecified_environment'],['unspecified_outcome'],"['dirty environment:0.600', 'immaculate environment:0.578', 'brand-heavy environment:0.565']",[],env.ae.visible_dirt/decay,UNRESOLVED:outcome:unspecified_outcome,0.7857,0.0,fuzzy,unresolved,untranslatable_noise,0.7857,outcome_unresolved|low_information_source,env.ae.visible_dirt_decay,out.unresolved.unspecified_outcome,positive,edge:doi:10.18419/opus-9385-TBL-C859,COHERENCE_SUPPORT,env.ae.visible_dirt_decay,out.unresolved.unspecified_outcome,0.4,explicit_statement,true,: y = 0.8889x + 2.8254,explains,0.4,argument:default_contextual,table_claim,association,causal_argument,,,,,,,,table,422,422,: y = 0.8889x + 2.8254,8c9960db20ca0222,TBL-20260216235839-315,0,needs_article_type_verification|translation_untranslatable_noise|outcome_unresolved|low_information_source,codex_pdfplumber,pdf_table_extracted,pdf_confirmed,no,table,moderate,2026-02-16T23:00:00.601331+00:00,true
doi:10.18419/opus-9385,doi:10.18419/opus-9385-TBL-C860,finding,doi:10.18419/opus-9385-TBL-C860,: y = 0.6015x + 2.65,0.6,EMPIRICAL_FINDING,unknown,unknown_with_reason:runtime_table_extractor,environment,unspecified_outcome,['unspecified_environment'],['unspecified_outcome'],"['dirty environment:0.600', 'immaculate environment:0.578', 'brand-heavy environment:0.565']",[],env.ae.visible_dirt/decay,UNRESOLVED:outcome:unspecified_outcome,0.7857,0.0,fuzzy,unresolved,untranslatable_noise,0.7857,outcome_unresolved|low_information_source,env.ae.visible_dirt_decay,out.unresolved.unspecified_outcome,positive,edge:doi:10.18419/opus-9385-TBL-C860,COHERENCE_SUPPORT,env.ae.visible_dirt_decay,out.unresolved.unspecified_outcome,0.4,explicit_statement,true,: y = 0.6015x + 2.65,explains,0.4,argument:default_contextual,table_claim,association,causal_argument,,,,,,,,table,422,422,: y = 0.6015x + 2.65,8c5e532f54933e11,TBL-20260216235839-316,2,needs_article_type_verification|translation_untranslatable_noise|outcome_unresolved|low_information_source,codex_pdfplumber,pdf_table_extracted,pdf_confirmed,no,table,moderate,2026-02-16T23:00:00.741556+00:00,true
doi:10.18419/opus-9385,doi:10.18419/opus-9385-TBL-C861,finding,doi:10.18419/opus-9385-TBL-C861,: y = 0.7054x + 3.0807,0.6,EMPIRICAL_FINDING,unknown,unknown_with_reason:runtime_table_extractor,environment,unspecified_outcome,['unspecified_environment'],['unspecified_outcome'],"['dirty environment:0.600', 'immaculate environment:0.578', 'brand-heavy environment:0.565']",[],env.ae.visible_dirt/decay,UNRESOLVED:outcome:unspecified_outcome,0.7857,0.0,fuzzy,unresolved,untranslatable_noise,0.7857,outcome_unresolved|low_information_source,env.ae.visible_dirt_decay,out.unresolved.unspecified_outcome,positive,edge:doi:10.18419/opus-9385-TBL-C861,COHERENCE_SUPPORT,env.ae.visible_dirt_decay,out.unresolved.unspecified_outcome,0.4,explicit_statement,true,: y = 0.7054x + 3.0807,explains,0.4,argument:default_contextual,table_claim,association,causal_argument,,,,,,,,table,423,423,: y = 0.7054x + 3.0807,19b1a00c2dbb373f,TBL-20260216235839-317,1,needs_article_type_verification|translation_untranslatable_noise|outcome_unresolved|low_information_source,codex_pdfplumber,pdf_table_extracted,pdf_confirmed,no,table,moderate,2026-02-16T23:00:00.880736+00:00,true
doi:10.18419/opus-9385,doi:10.18419/opus-9385-TBL-C862,finding,doi:10.18419/opus-9385-TBL-C862,: y = 0.9159x + 2.9034,0.6,EMPIRICAL_FINDING,unknown,unknown_with_reason:runtime_table_extractor,environment,unspecified_outcome,['unspecified_environment'],['unspecified_outcome'],"['dirty environment:0.600', 'immaculate environment:0.578', 'brand-heavy environment:0.565']",[],env.ae.visible_dirt/decay,UNRESOLVED:outcome:unspecified_outcome,0.7857,0.0,fuzzy,unresolved,untranslatable_noise,0.7857,outcome_unresolved|low_information_source,env.ae.visible_dirt_decay,out.unresolved.unspecified_outcome,positive,edge:doi:10.18419/opus-9385-TBL-C862,COHERENCE_SUPPORT,env.ae.visible_dirt_decay,out.unresolved.unspecified_outcome,0.4,explicit_statement,true,: y = 0.9159x + 2.9034,explains,0.4,argument:default_contextual,table_claim,association,causal_argument,,,,,,,,table,423,423,: y = 0.9159x + 2.9034,361ce22c386f6c64,TBL-20260216235839-318,0,needs_article_type_verification|translation_untranslatable_noise|outcome_unresolved|low_information_source,codex_pdfplumber,pdf_table_extracted,pdf_confirmed,no,table,moderate,2026-02-16T23:00:01.020038+00:00,true
doi:10.18419/opus-9385,doi:10.18419/opus-9385-TBL-C864,finding,doi:10.18419/opus-9385-TBL-C864,: y = 0.8467x + 3.0407,0.6,EMPIRICAL_FINDING,unknown,unknown_with_reason:runtime_table_extractor,environment,unspecified_outcome,['unspecified_environment'],['unspecified_outcome'],"['dirty environment:0.600', 'immaculate environment:0.578', 'brand-heavy environment:0.565']",[],env.ae.visible_dirt/decay,UNRESOLVED:outcome:unspecified_outcome,0.7857,0.0,fuzzy,unresolved,untranslatable_noise,0.7857,outcome_unresolved|low_information_source,env.ae.visible_dirt_decay,out.unresolved.unspecified_outcome,positive,edge:doi:10.18419/opus-9385-TBL-C864,COHERENCE_SUPPORT,env.ae.visible_dirt_decay,out.unresolved.unspecified_outcome,0.4,explicit_statement,true,: y = 0.8467x + 3.0407,explains,0.4,argument:default_contextual,table_claim,association,causal_argument,,,,,,,,table,424,424,: y = 0.8467x + 3.0407,4fff88ef7fb490d4,TBL-20260216235839-324,0,needs_article_type_verification|translation_untranslatable_noise|outcome_unresolved|low_information_source,codex_pdfplumber,pdf_table_extracted,pdf_confirmed,no,table,moderate,2026-02-16T23:00:01.158917+00:00,true
doi:10.18419/opus-9385,doi:10.18419/opus-9385-TBL-C865,finding,doi:10.18419/opus-9385-TBL-C865,: y = 0.51x + 2.4479,0.6,EMPIRICAL_FINDING,unknown,unknown_with_reason:runtime_table_extractor,environment,unspecified_outcome,['unspecified_environment'],['unspecified_outcome'],"['dirty environment:0.600', 'immaculate environment:0.578', 'brand-heavy environment:0.565']",[],env.ae.visible_dirt/decay,UNRESOLVED:outcome:unspecified_outcome,0.7857,0.0,fuzzy,unresolved,untranslatable_noise,0.7857,outcome_unresolved|low_information_source,env.ae.visible_dirt_decay,out.unresolved.unspecified_outcome,positive,edge:doi:10.18419/opus-9385-TBL-C865,COHERENCE_SUPPORT,env.ae.visible_dirt_decay,out.unresolved.unspecified_outcome,0.4,explicit_statement,true,: y = 0.51x + 2.4479,explains,0.4,argument:default_contextual,table_claim,association,causal_argument,,,,,,,,table,424,424,: y = 0.51x + 2.4479,89a750ae6bee4b62,TBL-20260216235839-326,3,needs_article_type_verification|translation_untranslatable_noise|outcome_unresolved|low_information_source,codex_pdfplumber,pdf_table_extracted,pdf_confirmed,no,table,moderate,2026-02-16T23:00:01.298419+00:00,true
doi:10.18419/opus-9385,doi:10.18419/opus-9385-TBL-C866,finding,doi:10.18419/opus-9385-TBL-C866,: y = 0.5819x + 3.1653,0.6,EMPIRICAL_FINDING,unknown,unknown_with_reason:runtime_table_extractor,environment,unspecified_outcome,['unspecified_environment'],['unspecified_outcome'],"['dirty environment:0.600', 'immaculate environment:0.578', 'brand-heavy environment:0.565']",[],env.ae.visible_dirt/decay,UNRESOLVED:outcome:unspecified_outcome,0.7857,0.0,fuzzy,unresolved,untranslatable_noise,0.7857,outcome_unresolved|low_information_source,env.ae.visible_dirt_decay,out.unresolved.unspecified_outcome,positive,edge:doi:10.18419/opus-9385-TBL-C866,COHERENCE_SUPPORT,env.ae.visible_dirt_decay,out.unresolved.unspecified_outcome,0.4,explicit_statement,true,: y = 0.5819x + 3.1653,explains,0.4,argument:default_contextual,table_claim,association,causal_argument,,,,,,,,table,425,425,: y = 0.5819x + 3.1653,e1c9976518bd8afa,TBL-20260216235839-327,2,needs_article_type_verification|translation_untranslatable_noise|outcome_unresolved|low_information_source,codex_pdfplumber,pdf_table_extracted,pdf_confirmed,no,table,moderate,2026-02-16T23:00:01.438280+00:00,true
doi:10.18419/opus-9385,doi:10.18419/opus-9385-TBL-C868,finding,doi:10.18419/opus-9385-TBL-C868,: 0.6088x + 3.343,0.6,EMPIRICAL_FINDING,unknown,unknown_with_reason:runtime_table_extractor,environment,unspecified_outcome,['unspecified_environment'],['unspecified_outcome'],"['dirty environment:0.600', 'immaculate environment:0.578', 'brand-heavy environment:0.565']",[],env.ae.visible_dirt/decay,UNRESOLVED:outcome:unspecified_outcome,0.7857,0.0,fuzzy,unresolved,untranslatable_noise,0.7857,outcome_unresolved|low_information_source,env.ae.visible_dirt_decay,out.unresolved.unspecified_outcome,positive,edge:doi:10.18419/opus-9385-TBL-C868,COHERENCE_SUPPORT,env.ae.visible_dirt_decay,out.unresolved.unspecified_outcome,0.4,explicit_statement,true,: 0.6088x + 3.343,explains,0.4,argument:default_contextual,table_claim,association,causal_argument,,,,,,,,table,425,425,: 0.6088x + 3.343,f8435a455ef98208,TBL-20260216235839-329,2,needs_article_type_verification|translation_untranslatable_noise|outcome_unresolved|low_information_source,codex_pdfplumber,pdf_table_extracted,pdf_confirmed,no,table,moderate,2026-02-16T23:00:01.577582+00:00,true
doi:10.18419/opus-9385,doi:10.18419/opus-9385-TBL-C869,finding,doi:10.18419/opus-9385-TBL-C869,: y = 0.705x + 2.4259,0.6,EMPIRICAL_FINDING,unknown,unknown_with_reason:runtime_table_extractor,environment,unspecified_outcome,['unspecified_environment'],['unspecified_outcome'],"['dirty environment:0.600', 'immaculate environment:0.578', 'brand-heavy environment:0.565']",[],env.ae.visible_dirt/decay,UNRESOLVED:outcome:unspecified_outcome,0.7857,0.0,fuzzy,unresolved,untranslatable_noise,0.7857,outcome_unresolved|low_information_source,env.ae.visible_dirt_decay,out.unresolved.unspecified_outcome,positive,edge:doi:10.18419/opus-9385-TBL-C869,COHERENCE_SUPPORT,env.ae.visible_dirt_decay,out.unresolved.unspecified_outcome,0.4,explicit_statement,true,: y = 0.705x + 2.4259,explains,0.4,argument:default_contextual,table_claim,association,causal_argument,,,,,,,,table,425,425,: y = 0.705x + 2.4259,134771db9dbab5db,TBL-20260216235839-330,2,needs_article_type_verification|translation_untranslatable_noise|outcome_unresolved|low_information_source,codex_pdfplumber,pdf_table_extracted,pdf_confirmed,no,table,moderate,2026-02-16T23:00:01.716497+00:00,true
doi:10.18419/opus-9385,doi:10.18419/opus-9385-TBL-C870,finding,doi:10.18419/opus-9385-TBL-C870,: 0.4075x + 2.3417,0.6,EMPIRICAL_FINDING,unknown,unknown_with_reason:runtime_table_extractor,environment,unspecified_outcome,['unspecified_environment'],['unspecified_outcome'],"['dirty environment:0.600', 'immaculate environment:0.578', 'brand-heavy environment:0.565']",[],env.ae.visible_dirt/decay,UNRESOLVED:outcome:unspecified_outcome,0.7857,0.0,fuzzy,unresolved,untranslatable_noise,0.7857,outcome_unresolved|low_information_source,env.ae.visible_dirt_decay,out.unresolved.unspecified_outcome,positive,edge:doi:10.18419/opus-9385-TBL-C870,COHERENCE_SUPPORT,env.ae.visible_dirt_decay,out.unresolved.unspecified_outcome,0.4,explicit_statement,true,: 0.4075x + 2.3417,explains,0.4,argument:default_contextual,table_claim,association,causal_argument,,,,,,,,table,425,425,: 0.4075x + 2.3417,fdd30e842f026e81,TBL-20260216235839-331,4,needs_article_type_verification|translation_untranslatable_noise|outcome_unresolved|low_information_source,codex_pdfplumber,pdf_table_extracted,pdf_confirmed,no,table,moderate,2026-02-16T23:00:01.856239+00:00,true
doi:10.18419/opus-9385,disc:doi:10.18419/opus-9385:theory:ART:d13b53bb41,theory_link,disc:doi:10.18419/opus-9385:theory:ART:d13b53bb41,"From analyzing the Building Bio-Climatic Chart (BBCC) of Cairo, optimized for occupancy hours from",0.62,EMPIRICAL_FINDING,unknown,unknown_with_reason:runtime_discourse_scan,,,,,,,,,,,,,,,,,,,edge:disc:doi:10.18419/opus-9385:theory:ART:d13b53bb41,COHERENCE_SUPPORT,node:doi:10.18419/opus-9385:unknown,theory:art,0.4,implicit_connection,true,"From analyzing the Building Bio-Climatic Chart (BBCC) of Cairo, optimized for occupancy hours from",explains,0.4,,cites,association,argument_from_expert_opinion,ART,,,,,,,conclusion,359,359,"From analyzing the Building Bio-Climatic Chart (BBCC) of Cairo, optimized for occupancy hours from",d13b53bb410b566e,,,needs_article_type_verification,pdf_discourse_scan,pdf_discourse_extracted,pdf_confirmed,no,conclusion,moderate,2026-02-16T23:00:31.453678+00:00,
doi:10.18419/opus-9385,disc:doi:10.18419/opus-9385:xref:de1a73c90a:january_2011,inter_article_relation,disc:doi:10.18419/opus-9385:xref:de1a73c90a:january_2011,after the January 2011 turmoil and the inefficient energy usage in the country.,0.45,EMPIRICAL_FINDING,unknown,unknown_with_reason:runtime_discourse_scan,,,,,,,,,,,,,,,,,,,edge:disc:doi:10.18419/opus-9385:xref:de1a73c90a:january_2011,ATTRIBUTES_FINDING,node:doi:10.18419/opus-9385:unknown,citation:january_2011,0.45,reviewer_interpretation,true,after the January 2011 turmoil and the inefficient energy usage in the country.,explains,0.35,,mentions,association,argument_from_expert_opinion,,,January 2011,,,0.0,unresolved,conclusion,360,360,after the January 2011 turmoil and the inefficient energy usage in the country.,de1a73c90a96880e,,,needs_citation_resolution|needs_article_type_verification,pdf_discourse_scan,pdf_discourse_extracted,pdf_confirmed,no,conclusion,moderate,2026-02-16T23:00:31.487065+00:00,
doi:10.18419/opus-9385,disc:doi:10.18419/opus-9385:xref:81e52f9b50:in_1989,inter_article_relation,disc:doi:10.18419/opus-9385:xref:81e52f9b50:in_1989,consumption with 396.4 KWh/m2.a where the building was built in 1989 and had the largest window,0.45,EMPIRICAL_FINDING,unknown,unknown_with_reason:runtime_discourse_scan,,,,,,,,,,,,,,,,,,,edge:disc:doi:10.18419/opus-9385:xref:81e52f9b50:in_1989,ATTRIBUTES_FINDING,node:doi:10.18419/opus-9385:unknown,citation:in_1989,0.45,reviewer_interpretation,true,consumption with 396.4 KWh/m2.a where the building was built in 1989 and had the largest window,explains,0.35,,mentions,association,argument_from_expert_opinion,,,in 1989,,,0.3,author_year_ambiguous,conclusion,360,360,consumption with 396.4 KWh/m2.a where the building was built in 1989 and had the largest window,81e52f9b507f020a,,,needs_article_type_verification,pdf_discourse_scan,pdf_discourse_extracted,pdf_confirmed,no,conclusion,moderate,2026-02-16T23:00:31.488571+00:00,
doi:10.18419/opus-9385,disc:doi:10.18419/opus-9385:xref:09e71b9011:in_2004,inter_article_relation,disc:doi:10.18419/opus-9385:xref:09e71b9011:in_2004,building was opened in 2004 with window to wall ratio between 45%-55%.,0.45,EMPIRICAL_FINDING,unknown,unknown_with_reason:runtime_discourse_scan,,,,,,,,,,,,,,,,,,,edge:disc:doi:10.18419/opus-9385:xref:09e71b9011:in_2004,ATTRIBUTES_FINDING,node:doi:10.18419/opus-9385:unknown,citation:in_2004,0.45,reviewer_interpretation,true,building was opened in 2004 with window to wall ratio between 45%-55%.,explains,0.35,,mentions,association,argument_from_expert_opinion,,,in 2004,,,0.3,author_year_ambiguous,conclusion,360,360,building was opened in 2004 with window to wall ratio between 45%-55%.,09e71b9011b904dd,,,needs_article_type_verification,pdf_discourse_scan,pdf_discourse_extracted,pdf_confirmed,no,conclusion,moderate,2026-02-16T23:00:31.490098+00:00,
doi:10.18419/opus-9385,disc:doi:10.18419/opus-9385:xref:9dcd238201:in_1987,inter_article_relation,disc:doi:10.18419/opus-9385:xref:9dcd238201:in_1987,Feda office tower that was built in 1987 with window to wall ratio range between 30%-35% recorded,0.45,EMPIRICAL_FINDING,unknown,unknown_with_reason:runtime_discourse_scan,,,,,,,,,,,,,,,,,,,edge:disc:doi:10.18419/opus-9385:xref:9dcd238201:in_1987,ATTRIBUTES_FINDING,node:doi:10.18419/opus-9385:unknown,citation:in_1987,0.45,reviewer_interpretation,true,Feda office tower that was built in 1987 with window to wall ratio range between 30%-35% recorded,explains,0.35,,mentions,association,argument_from_expert_opinion,,,in 1987,,,0.3,author_year_ambiguous,conclusion,360,360,Feda office tower that was built in 1987 with window to wall ratio range between 30%-35% recorded,9dcd23820140a2eb,,,needs_article_type_verification,pdf_discourse_scan,pdf_discourse_extracted,pdf_confirmed,no,conclusion,moderate,2026-02-16T23:00:31.491175+00:00,
doi:10.18419/opus-9385,disc:doi:10.18419/opus-9385:theory:ART:1a0c31f92b,theory_link,disc:doi:10.18419/opus-9385:theory:ART:1a0c31f92b,"three parts, each part represents one of the survey objectives.",0.62,EMPIRICAL_FINDING,unknown,unknown_with_reason:runtime_discourse_scan,,,,,,,,,,,,,,,,,,,edge:disc:doi:10.18419/opus-9385:theory:ART:1a0c31f92b,COHERENCE_SUPPORT,node:doi:10.18419/opus-9385:unknown,theory:art,0.4,implicit_connection,true,"three parts, each part represents one of the survey objectives.",explains,0.4,,cites,association,argument_from_expert_opinion,ART,,,,,,,conclusion,361,361,"three parts, each part represents one of the survey objectives.",1a0c31f92bc4fd18,,,needs_article_type_verification,pdf_discourse_scan,pdf_discourse_extracted,pdf_confirmed,no,conclusion,moderate,2026-02-16T23:00:31.491519+00:00,
doi:10.18419/opus-9385,disc:doi:10.18419/opus-9385:theory:ART:517aac345a,theory_link,disc:doi:10.18419/opus-9385:theory:ART:517aac345a,12.2.3) the relevant conclusion of each part of the main survey will be demonstrated:,0.62,EMPIRICAL_FINDING,unknown,unknown_with_reason:runtime_discourse_scan,,,,,,,,,,,,,,,,,,,edge:disc:doi:10.18419/opus-9385:theory:ART:517aac345a,COHERENCE_SUPPORT,node:doi:10.18419/opus-9385:unknown,theory:art,0.4,implicit_connection,true,12.2.3) the relevant conclusion of each part of the main survey will be demonstrated:,explains,0.4,,cites,association,argument_from_expert_opinion,ART,,,,,,,conclusion,361,361,12.2.3) the relevant conclusion of each part of the main survey will be demonstrated:,517aac345a671966,,,needs_article_type_verification,pdf_discourse_scan,pdf_discourse_extracted,pdf_confirmed,no,conclusion,moderate,2026-02-16T23:00:31.491565+00:00,
doi:10.18419/opus-9385,disc:doi:10.18419/opus-9385:theory:ART:fc6d1aa33f,theory_link,disc:doi:10.18419/opus-9385:theory:ART:fc6d1aa33f,"on artificial lighting, as 97.5% of them usually use artificial lighting during the working day.",0.62,EMPIRICAL_FINDING,unknown,unknown_with_reason:runtime_discourse_scan,,,,,,,,,,,,,,,,,,,edge:disc:doi:10.18419/opus-9385:theory:ART:fc6d1aa33f,COHERENCE_SUPPORT,node:doi:10.18419/opus-9385:unknown,theory:art,0.4,implicit_connection,true,"on artificial lighting, as 97.5% of them usually use artificial lighting during the working day.",explains,0.4,,cites,association,argument_from_expert_opinion,ART,,,,,,,conclusion,362,362,"on artificial lighting, as 97.5% of them usually use artificial lighting during the working day.",fc6d1aa33f30e581,,,needs_article_type_verification,pdf_discourse_scan,pdf_discourse_extracted,pdf_confirmed,no,conclusion,moderate,2026-02-16T23:00:31.492118+00:00,
doi:10.18419/opus-9385,disc:doi:10.18419/opus-9385:theory:ART:f9a065c827,theory_link,disc:doi:10.18419/opus-9385:theory:ART:f9a065c827,"particularly its façades, and the failure to consider the efficient, very abundant, and free natural lighting",0.62,EMPIRICAL_FINDING,unknown,unknown_with_reason:runtime_discourse_scan,,,,,,,,,,,,,,,,,,,edge:disc:doi:10.18419/opus-9385:theory:ART:f9a065c827,COHERENCE_SUPPORT,node:doi:10.18419/opus-9385:unknown,theory:art,0.4,implicit_connection,true,"particularly its façades, and the failure to consider the efficient, very abundant, and free natural lighting",explains,0.4,,cites,association,argument_from_expert_opinion,ART,,,,,,,conclusion,362,362,"particularly its façades, and the failure to consider the efficient, very abundant, and free natural lighting",f9a065c82748240b,,,needs_article_type_verification,pdf_discourse_scan,pdf_discourse_extracted,pdf_confirmed,no,conclusion,moderate,2026-02-16T23:00:31.492236+00:00,
doi:10.18419/opus-9385,disc:doi:10.18419/opus-9385:theory:ART:b59d4b2040,theory_link,disc:doi:10.18419/opus-9385:theory:ART:b59d4b2040,"In the first part, the results of profile (A) are compared to the",0.62,EMPIRICAL_FINDING,unknown,unknown_with_reason:runtime_discourse_scan,,,,,,,,,,,,,,,,,,,edge:disc:doi:10.18419/opus-9385:theory:ART:b59d4b2040,COHERENCE_SUPPORT,node:doi:10.18419/opus-9385:unknown,theory:art,0.4,implicit_connection,true,"In the first part, the results of profile (A) are compared to the",explains,0.4,,cites,association,argument_from_expert_opinion,ART,,,,,,,conclusion,363,363,"In the first part, the results of profile (A) are compared to the",b59d4b2040e5944d,,,needs_article_type_verification,pdf_discourse_scan,pdf_discourse_extracted,pdf_confirmed,no,conclusion,moderate,2026-02-16T23:00:31.492971+00:00,
doi:10.18419/opus-9385,disc:doi:10.18419/opus-9385:theory:ART:156e15f97d,theory_link,disc:doi:10.18419/opus-9385:theory:ART:156e15f97d,"In the second part, profile (B) results are compared to the findings of",0.62,EMPIRICAL_FINDING,unknown,unknown_with_reason:runtime_discourse_scan,,,,,,,,,,,,,,,,,,,edge:disc:doi:10.18419/opus-9385:theory:ART:156e15f97d,COHERENCE_SUPPORT,node:doi:10.18419/opus-9385:unknown,theory:art,0.4,implicit_connection,true,"In the second part, profile (B) results are compared to the findings of",explains,0.4,,cites,association,argument_from_expert_opinion,ART,,,,,,,conclusion,363,363,"In the second part, profile (B) results are compared to the findings of",156e15f97d7b0a09,,,needs_article_type_verification,pdf_discourse_scan,pdf_discourse_extracted,pdf_confirmed,no,conclusion,moderate,2026-02-16T23:00:31.493039+00:00,
doi:10.18419/opus-9385,disc:doi:10.18419/opus-9385:theory:ART:0262da38fb,theory_link,disc:doi:10.18419/opus-9385:theory:ART:0262da38fb,"While, on the second part, on comparing the simulated annual",0.62,EMPIRICAL_FINDING,unknown,unknown_with_reason:runtime_discourse_scan,,,,,,,,,,,,,,,,,,,edge:disc:doi:10.18419/opus-9385:theory:ART:0262da38fb,COHERENCE_SUPPORT,node:doi:10.18419/opus-9385:unknown,theory:art,0.4,implicit_connection,true,"While, on the second part, on comparing the simulated annual",explains,0.4,,cites,association,argument_from_expert_opinion,ART,,,,,,,conclusion,364,364,"While, on the second part, on comparing the simulated annual",0262da38fb835779,,,needs_article_type_verification,pdf_discourse_scan,pdf_discourse_extracted,pdf_confirmed,no,conclusion,moderate,2026-02-16T23:00:31.493254+00:00,
doi:10.18419/opus-9385,disc:doi:10.18419/opus-9385:theory:ART:8a544fd9d4,theory_link,disc:doi:10.18419/opus-9385:theory:ART:8a544fd9d4,The research methodology can be a starting point to provide an optimization methodology that defines,0.62,CONCEPTUAL_DEFINITION,unknown,unknown_with_reason:runtime_discourse_scan,,,,,,,,,,,,,,,,,,,edge:disc:doi:10.18419/opus-9385:theory:ART:8a544fd9d4,COHERENCE_SUPPORT,node:doi:10.18419/opus-9385:unknown,theory:art,0.4,implicit_connection,true,The research methodology can be a starting point to provide an optimization methodology that defines,explains,0.4,,cites,association,argument_from_expert_opinion,ART,,,,,,,conclusion,370,370,The research methodology can be a starting point to provide an optimization methodology that defines,8a544fd9d41f1b31,,,needs_article_type_verification,pdf_discourse_scan,pdf_discourse_extracted,pdf_confirmed,no,conclusion,moderate,2026-02-16T23:00:31.496974+00:00,
doi:10.18419/opus-9385,disc:doi:10.18419/opus-9385:xref:e656ad237d:november_2014,inter_article_relation,disc:doi:10.18419/opus-9385:xref:e656ad237d:november_2014,Available at: http://english.ahram.org.eg/News/92970.aspx [Accessed 25 November 2014].,0.45,EMPIRICAL_FINDING,unknown,unknown_with_reason:runtime_discourse_scan,,,,,,,,,,,,,,,,,,,edge:disc:doi:10.18419/opus-9385:xref:e656ad237d:november_2014,ATTRIBUTES_FINDING,node:doi:10.18419/opus-9385:unknown,citation:november_2014,0.45,reviewer_interpretation,true,Available at: http://english.ahram.org.eg/News/92970.aspx [Accessed 25 November 2014].,explains,0.35,,mentions,association,argument_from_expert_opinion,,,November 2014],,,0.0,unresolved,conclusion,374,374,Available at: http://english.ahram.org.eg/News/92970.aspx [Accessed 25 November 2014].,e656ad237d9ad9d5,,,needs_citation_resolution|needs_article_type_verification,pdf_discourse_scan,pdf_discourse_extracted,pdf_confirmed,no,conclusion,moderate,2026-02-16T23:00:31.535183+00:00,
doi:10.18419/opus-9385,disc:doi:10.18419/opus-9385:xref:d66ff3e01e:plea2009,inter_article_relation,disc:doi:10.18419/opus-9385:xref:d66ff3e01e:plea2009,"Quebec City, PLEA2009 - 26th Conference on Passive and Low Energy Architecture.",0.45,EMPIRICAL_FINDING,unknown,unknown_with_reason:runtime_discourse_scan,,,,,,,,,,,,,,,,,,,edge:disc:doi:10.18419/opus-9385:xref:d66ff3e01e:plea2009,ATTRIBUTES_FINDING,node:doi:10.18419/opus-9385:unknown,citation:plea2009,0.45,reviewer_interpretation,true,"Quebec City, PLEA2009 - 26th Conference on Passive and Low Energy Architecture.",explains,0.35,,mentions,association,argument_from_expert_opinion,,,PLEA2009,,,0.0,unresolved,conclusion,374,374,"Quebec City, PLEA2009 - 26th Conference on Passive and Low Energy Architecture.",d66ff3e01e9b9952,,,needs_citation_resolution|needs_article_type_verification,pdf_discourse_scan,pdf_discourse_extracted,pdf_confirmed,no,conclusion,moderate,2026-02-16T23:00:31.550960+00:00,
doi:10.18419/opus-9385,disc:doi:10.18419/opus-9385:xref:e7434b5d38:editors_2011,inter_article_relation,disc:doi:10.18419/opus-9385:xref:e7434b5d38:editors_2011,"American Heritage Dictionaries Editors, 2011.",0.45,EMPIRICAL_FINDING,unknown,unknown_with_reason:runtime_discourse_scan,,,,,,,,,,,,,,,,,,,edge:disc:doi:10.18419/opus-9385:xref:e7434b5d38:editors_2011,ATTRIBUTES_FINDING,node:doi:10.18419/opus-9385:unknown,citation:editors_2011,0.45,reviewer_interpretation,true,"American Heritage Dictionaries Editors, 2011.",explains,0.35,,mentions,association,argument_from_expert_opinion,,,"Editors, 2011",,,0.0,unresolved,conclusion,374,374,"American Heritage Dictionaries Editors, 2011.",e7434b5d3868855d,,,needs_citation_resolution|needs_article_type_verification,pdf_discourse_scan,pdf_discourse_extracted,pdf_confirmed,no,conclusion,moderate,2026-02-16T23:00:31.551385+00:00,
doi:10.18419/opus-9385,disc:doi:10.18419/opus-9385:theory:ART:bd427013e4,theory_link,disc:doi:10.18419/opus-9385:theory:ART:bd427013e4,"Borisuit, B., Linhart, F., Scartezzini, J.-L. & Munch, M., 2015.",0.62,EMPIRICAL_FINDING,unknown,unknown_with_reason:runtime_discourse_scan,,,,,,,,,,,,,,,,,,,edge:disc:doi:10.18419/opus-9385:theory:ART:bd427013e4,COHERENCE_SUPPORT,node:doi:10.18419/opus-9385:unknown,theory:art,0.4,implicit_connection,true,"Borisuit, B., Linhart, F., Scartezzini, J.-L. & Munch, M., 2015.",explains,0.4,,cites,association,argument_from_expert_opinion,ART,,,,,,,conclusion,375,375,"Borisuit, B., Linhart, F., Scartezzini, J.-L. & Munch, M., 2015.",bd427013e43e731b,,,needs_article_type_verification,pdf_discourse_scan,pdf_discourse_extracted,pdf_confirmed,no,conclusion,moderate,2026-02-16T23:00:31.551584+00:00,
doi:10.18419/opus-9385,disc:doi:10.18419/opus-9385:xref:697cdbd53c:december_2014,inter_article_relation,disc:doi:10.18419/opus-9385:xref:697cdbd53c:december_2014,Available at: http://www.bp.com/statisticalreview [Accessed 15 December 2014].,0.45,EMPIRICAL_FINDING,unknown,unknown_with_reason:runtime_discourse_scan,,,,,,,,,,,,,,,,,,,edge:disc:doi:10.18419/opus-9385:xref:697cdbd53c:december_2014,ATTRIBUTES_FINDING,node:doi:10.18419/opus-9385:unknown,citation:december_2014,0.45,reviewer_interpretation,true,Available at: http://www.bp.com/statisticalreview [Accessed 15 December 2014].,explains,0.35,,mentions,association,argument_from_expert_opinion,,,December 2014],,,0.0,unresolved,conclusion,375,375,Available at: http://www.bp.com/statisticalreview [Accessed 15 December 2014].,697cdbd53c94dc81,,,needs_citation_resolution|needs_article_type_verification,pdf_discourse_scan,pdf_discourse_extracted,pdf_confirmed,no,conclusion,moderate,2026-02-16T23:00:31.552192+00:00,
doi:10.18419/opus-9385,disc:doi:10.18419/opus-9385:theory:ART:b30e342a7f,theory_link,disc:doi:10.18419/opus-9385:theory:ART:b30e342a7f,Available at: http://www.dailymail.co.uk/wires/ap/article-2618489/Egypt-energy-crisis-elections-,0.62,EMPIRICAL_FINDING,unknown,unknown_with_reason:runtime_discourse_scan,,,,,,,,,,,,,,,,,,,edge:disc:doi:10.18419/opus-9385:theory:ART:b30e342a7f,COHERENCE_SUPPORT,node:doi:10.18419/opus-9385:unknown,theory:art,0.4,implicit_connection,true,Available at: http://www.dailymail.co.uk/wires/ap/article-2618489/Egypt-energy-crisis-elections-,explains,0.4,,cites,association,argument_from_expert_opinion,ART,,,,,,,conclusion,376,376,Available at: http://www.dailymail.co.uk/wires/ap/article-2618489/Egypt-energy-crisis-elections-,b30e342a7fbc4aba,,,needs_article_type_verification,pdf_discourse_scan,pdf_discourse_extracted,pdf_confirmed,no,conclusion,moderate,2026-02-16T23:00:31.552431+00:00,
doi:10.18419/opus-9385,disc:doi:10.18419/opus-9385:xref:99b364a14a:november_2014,inter_article_relation,disc:doi:10.18419/opus-9385:xref:99b364a14a:november_2014,approach.html [Accessed 11 November 2014].,0.45,EMPIRICAL_FINDING,unknown,unknown_with_reason:runtime_discourse_scan,,,,,,,,,,,,,,,,,,,edge:disc:doi:10.18419/opus-9385:xref:99b364a14a:november_2014,ATTRIBUTES_FINDING,node:doi:10.18419/opus-9385:unknown,citation:november_2014,0.45,reviewer_interpretation,true,approach.html [Accessed 11 November 2014].,explains,0.35,,mentions,association,argument_from_expert_opinion,,,November 2014],,,0.0,unresolved,conclusion,376,376,approach.html [Accessed 11 November 2014].,99b364a14a221869,,,needs_citation_resolution|needs_article_type_verification,pdf_discourse_scan,pdf_discourse_extracted,pdf_confirmed,no,conclusion,moderate,2026-02-16T23:00:31.552683+00:00,
doi:10.18419/opus-9385,disc:doi:10.18419/opus-9385:xref:aeccfe6e11:standard_2008,inter_article_relation,disc:doi:10.18419/opus-9385:xref:aeccfe6e11:standard_2008,EN ISO 13790 Standard (2008) Tests for the Calculation of Energy Use for,0.45,EMPIRICAL_FINDING,unknown,unknown_with_reason:runtime_discourse_scan,,,,,,,,,,,,,,,,,,,edge:disc:doi:10.18419/opus-9385:xref:aeccfe6e11:standard_2008,INTERPRETS_AS,node:doi:10.18419/opus-9385:unknown,citation:standard_2008,0.45,reviewer_interpretation,true,EN ISO 13790 Standard (2008) Tests for the Calculation of Energy Use for,explains,0.48,,tests,association,argument_from_expert_opinion,,,Standard (2008),,,0.0,unresolved,conclusion,376,376,EN ISO 13790 Standard (2008) Tests for the Calculation of Energy Use for,aeccfe6e11b4abe7,,,needs_citation_resolution|needs_article_type_verification,pdf_discourse_scan,pdf_discourse_extracted,pdf_confirmed,no,conclusion,moderate,2026-02-16T23:00:31.564237+00:00,
doi:10.18419/opus-9385,disc:doi:10.18419/opus-9385:xref:ef484db3d3:mai_2016,inter_article_relation,disc:doi:10.18419/opus-9385:xref:ef484db3d3:mai_2016,[Online] Available at: www.designbuilder.co.uk [Accessed 18 Mai 2016].,0.45,EMPIRICAL_FINDING,unknown,unknown_with_reason:runtime_discourse_scan,,,,,,,,,,,,,,,,,,,edge:disc:doi:10.18419/opus-9385:xref:ef484db3d3:mai_2016,ATTRIBUTES_FINDING,node:doi:10.18419/opus-9385:unknown,citation:mai_2016,0.45,reviewer_interpretation,true,[Online] Available at: www.designbuilder.co.uk [Accessed 18 Mai 2016].,explains,0.35,,mentions,association,argument_from_expert_opinion,,,Mai 2016],,,0.3,author_year_ambiguous,conclusion,376,376,[Online] Available at: www.designbuilder.co.uk [Accessed 18 Mai 2016].,ef484db3d35b802f,,,needs_article_type_verification,pdf_discourse_scan,pdf_discourse_extracted,pdf_confirmed,no,conclusion,moderate,2026-02-16T23:00:31.564748+00:00,
doi:10.18419/opus-9385,disc:doi:10.18419/opus-9385:theory:ART:0d405b2fb4,theory_link,disc:doi:10.18419/opus-9385:theory:ART:0d405b2fb4,"Impact of Shading Devices on Daylight Qualities in Offices, Lund: Department",0.62,EMPIRICAL_FINDING,unknown,unknown_with_reason:runtime_discourse_scan,,,,,,,,,,,,,,,,,,,edge:disc:doi:10.18419/opus-9385:theory:ART:0d405b2fb4,COHERENCE_SUPPORT,node:doi:10.18419/opus-9385:unknown,theory:art,0.4,implicit_connection,true,"Impact of Shading Devices on Daylight Qualities in Offices, Lund: Department",explains,0.4,,cites,association,argument_from_expert_opinion,ART,,,,,,,conclusion,376,376,"Impact of Shading Devices on Daylight Qualities in Offices, Lund: Department",0d405b2fb4050bc6,,,needs_article_type_verification,pdf_discourse_scan,pdf_discourse_extracted,pdf_confirmed,no,conclusion,moderate,2026-02-16T23:00:31.564797+00:00,
doi:10.18419/opus-9385,disc:doi:10.18419/opus-9385:theory:ART:6fa8b872db,theory_link,disc:doi:10.18419/opus-9385:theory:ART:6fa8b872db,"Thesis, Department of Architecture, Faculty of Engineering, Cairo University.",0.62,EMPIRICAL_FINDING,unknown,unknown_with_reason:runtime_discourse_scan,,,,,,,,,,,,,,,,,,,edge:disc:doi:10.18419/opus-9385:theory:ART:6fa8b872db,COHERENCE_SUPPORT,node:doi:10.18419/opus-9385:unknown,theory:art,0.4,implicit_connection,true,"Thesis, Department of Architecture, Faculty of Engineering, Cairo University.",explains,0.4,,cites,association,argument_from_expert_opinion,ART,,,,,,,conclusion,377,377,"Thesis, Department of Architecture, Faculty of Engineering, Cairo University.",6fa8b872dbb85a1a,,,needs_article_type_verification,pdf_discourse_scan,pdf_discourse_extracted,pdf_confirmed,no,conclusion,moderate,2026-02-16T23:00:31.564921+00:00,
doi:10.18419/opus-9385,disc:doi:10.18419/opus-9385:theory:ART:100c7a6f15,theory_link,disc:doi:10.18419/opus-9385:theory:ART:100c7a6f15,"Cairo, Proceedings of The Department of Architecture,",0.62,EMPIRICAL_FINDING,unknown,unknown_with_reason:runtime_discourse_scan,,,,,,,,,,,,,,,,,,,edge:disc:doi:10.18419/opus-9385:theory:ART:100c7a6f15,COHERENCE_SUPPORT,node:doi:10.18419/opus-9385:unknown,theory:art,0.4,implicit_connection,true,"Cairo, Proceedings of The Department of Architecture,",explains,0.4,,cites,association,argument_from_expert_opinion,ART,,,,,,,conclusion,377,377,"Cairo, Proceedings of The Department of Architecture,",100c7a6f15995f4d,,,needs_article_type_verification,pdf_discourse_scan,pdf_discourse_extracted,pdf_confirmed,no,conclusion,moderate,2026-02-16T23:00:31.564980+00:00,
doi:10.18419/opus-9385,disc:doi:10.18419/opus-9385:theory:ART:0c0141653e,theory_link,disc:doi:10.18419/opus-9385:theory:ART:0c0141653e,"ECG Deputy Manager, Smart Village Branch [Interview] (21 January 2015).",0.62,EMPIRICAL_FINDING,unknown,unknown_with_reason:runtime_discourse_scan,,,,,,,,,,,,,,,,,,,edge:disc:doi:10.18419/opus-9385:theory:ART:0c0141653e,COHERENCE_SUPPORT,node:doi:10.18419/opus-9385:unknown,theory:art,0.4,implicit_connection,true,"ECG Deputy Manager, Smart Village Branch [Interview] (21 January 2015).",explains,0.4,,cites,association,argument_from_expert_opinion,ART,,,,,,,conclusion,377,377,"ECG Deputy Manager, Smart Village Branch [Interview] (21 January 2015).",0c0141653e868d3e,,,needs_article_type_verification,pdf_discourse_scan,pdf_discourse_extracted,pdf_confirmed,no,conclusion,moderate,2026-02-16T23:00:31.565029+00:00,
doi:10.18419/opus-9385,disc:doi:10.18419/opus-9385:xref:0c0141653e:january_2015,inter_article_relation,disc:doi:10.18419/opus-9385:xref:0c0141653e:january_2015,"ECG Deputy Manager, Smart Village Branch [Interview] (21 January 2015).",0.45,EMPIRICAL_FINDING,unknown,unknown_with_reason:runtime_discourse_scan,,,,,,,,,,,,,,,,,,,edge:disc:doi:10.18419/opus-9385:xref:0c0141653e:january_2015,ATTRIBUTES_FINDING,node:doi:10.18419/opus-9385:unknown,citation:january_2015,0.45,reviewer_interpretation,true,"ECG Deputy Manager, Smart Village Branch [Interview] (21 January 2015).",explains,0.35,,mentions,association,argument_from_expert_opinion,,,January 2015),,,0.0,unresolved,conclusion,377,377,"ECG Deputy Manager, Smart Village Branch [Interview] (21 January 2015).",0c0141653e868d3e,,,needs_citation_resolution|needs_article_type_verification,pdf_discourse_scan,pdf_discourse_extracted,pdf_confirmed,no,conclusion,moderate,2026-02-16T23:00:31.588802+00:00,
doi:10.18419/opus-9385,disc:doi:10.18419/opus-9385:xref:e067baa925:febraury_2015,inter_article_relation,disc:doi:10.18419/opus-9385:xref:e067baa925:febraury_2015,Enppi. [Online] Available at: http://www.enppi.com/en [Accessed 2 Febraury 2015].,0.45,EMPIRICAL_FINDING,unknown,unknown_with_reason:runtime_discourse_scan,,,,,,,,,,,,,,,,,,,edge:disc:doi:10.18419/opus-9385:xref:e067baa925:febraury_2015,ATTRIBUTES_FINDING,node:doi:10.18419/opus-9385:unknown,citation:febraury_2015,0.45,reviewer_interpretation,true,Enppi. [Online] Available at: http://www.enppi.com/en [Accessed 2 Febraury 2015].,explains,0.35,,mentions,association,argument_from_expert_opinion,,,Febraury 2015],,,0.0,unresolved,conclusion,377,377,Enppi. [Online] Available at: http://www.enppi.com/en [Accessed 2 Febraury 2015].,e067baa92576d8c6,,,needs_citation_resolution|needs_article_type_verification,pdf_discourse_scan,pdf_discourse_extracted,pdf_confirmed,no,conclusion,moderate,2026-02-16T23:00:31.589164+00:00,
doi:10.18419/opus-9385,disc:doi:10.18419/opus-9385:theory:ART:3751eb0c3f,theory_link,disc:doi:10.18419/opus-9385:theory:ART:3751eb0c3f,"Climates: Optimization of Fenestration in Residential Buildings in Cairo, Stuttgart: Stuttgart University.",0.62,EMPIRICAL_FINDING,unknown,unknown_with_reason:runtime_discourse_scan,,,,,,,,,,,,,,,,,,,edge:disc:doi:10.18419/opus-9385:theory:ART:3751eb0c3f,COHERENCE_SUPPORT,node:doi:10.18419/opus-9385:unknown,theory:art,0.4,implicit_connection,true,"Climates: Optimization of Fenestration in Residential Buildings in Cairo, Stuttgart: Stuttgart University.",explains,0.4,,cites,association,argument_from_expert_opinion,ART,,,,,,,conclusion,378,378,"Climates: Optimization of Fenestration in Residential Buildings in Cairo, Stuttgart: Stuttgart University.",3751eb0c3f136eac,,,needs_article_type_verification,pdf_discourse_scan,pdf_discourse_extracted,pdf_confirmed,no,conclusion,moderate,2026-02-16T23:00:31.589569+00:00,
doi:10.18419/opus-9385,disc:doi:10.18419/opus-9385:theory:ART:ef918f2751,theory_link,disc:doi:10.18419/opus-9385:theory:ART:ef918f2751,Available at: http://archive.aawsat.com/details.asp?article=277378&issueno=9545#.V4elfLh97IU,0.62,EMPIRICAL_FINDING,unknown,unknown_with_reason:runtime_discourse_scan,,,,,,,,,,,,,,,,,,,edge:disc:doi:10.18419/opus-9385:theory:ART:ef918f2751,COHERENCE_SUPPORT,node:doi:10.18419/opus-9385:unknown,theory:art,0.4,implicit_connection,true,Available at: http://archive.aawsat.com/details.asp?article=277378&issueno=9545#.V4elfLh97IU,explains,0.4,,cites,association,argument_from_expert_opinion,ART,,,,,,,conclusion,379,379,Available at: http://archive.aawsat.com/details.asp?article=277378&issueno=9545#.V4elfLh97IU,ef918f27519dd9f4,,,needs_article_type_verification,pdf_discourse_scan,pdf_discourse_extracted,pdf_confirmed,no,conclusion,moderate,2026-02-16T23:00:31.589700+00:00,
doi:10.18419/opus-9385,disc:doi:10.18419/opus-9385:xref:36db6e9dd1:report_2010,inter_article_relation,disc:doi:10.18419/opus-9385:xref:36db6e9dd1:report_2010,"Egypt Human Development Report 2010, Cairo: United Nations Development Program, and the",0.45,EMPIRICAL_FINDING,unknown,unknown_with_reason:runtime_discourse_scan,,,,,,,,,,,,,,,,,,,edge:disc:doi:10.18419/opus-9385:xref:36db6e9dd1:report_2010,ATTRIBUTES_FINDING,node:doi:10.18419/opus-9385:unknown,citation:report_2010,0.45,reviewer_interpretation,true,"Egypt Human Development Report 2010, Cairo: United Nations Development Program, and the",explains,0.35,,mentions,association,argument_from_expert_opinion,,,Report 2010,,,0.0,unresolved,conclusion,379,379,"Egypt Human Development Report 2010, Cairo: United Nations Development Program, and the",36db6e9dd18edef8,,,needs_citation_resolution|needs_article_type_verification,pdf_discourse_scan,pdf_discourse_extracted,pdf_confirmed,no,conclusion,moderate,2026-02-16T23:00:31.600076+00:00,
doi:10.18419/opus-9385,disc:doi:10.18419/opus-9385:xref:c020386eb1:change_2013,inter_article_relation,disc:doi:10.18419/opus-9385:xref:c020386eb1:change_2013,In: Climate Change 2013: The Physical Science Basis.,0.45,EMPIRICAL_FINDING,unknown,unknown_with_reason:runtime_discourse_scan,,,,,,,,,,,,,,,,,,,edge:disc:doi:10.18419/opus-9385:xref:c020386eb1:change_2013,ATTRIBUTES_FINDING,node:doi:10.18419/opus-9385:unknown,citation:change_2013,0.45,reviewer_interpretation,true,In: Climate Change 2013: The Physical Science Basis.,explains,0.35,,mentions,association,argument_from_expert_opinion,,,Change 2013,,,0.0,unresolved,conclusion,379,379,In: Climate Change 2013: The Physical Science Basis.,c020386eb153c660,,,needs_citation_resolution|needs_article_type_verification,pdf_discourse_scan,pdf_discourse_extracted,pdf_confirmed,no,conclusion,moderate,2026-02-16T23:00:31.615048+00:00,
doi:10.18419/opus-9385,disc:doi:10.18419/opus-9385:xref:423ebf063c:change_2014,inter_article_relation,disc:doi:10.18419/opus-9385:xref:423ebf063c:change_2014,"Technical Summary of the Fifth Assessment Report ""Climate Change 2014: Mitigation of",0.45,EMPIRICAL_FINDING,unknown,unknown_with_reason:runtime_discourse_scan,,,,,,,,,,,,,,,,,,,edge:disc:doi:10.18419/opus-9385:xref:423ebf063c:change_2014,ATTRIBUTES_FINDING,node:doi:10.18419/opus-9385:unknown,citation:change_2014,0.45,reviewer_interpretation,true,"Technical Summary of the Fifth Assessment Report ""Climate Change 2014: Mitigation of",explains,0.35,,mentions,association,argument_from_expert_opinion,,,Change 2014,,,0.0,unresolved,conclusion,379,379,"Technical Summary of the Fifth Assessment Report ""Climate Change 2014: Mitigation of",423ebf063c418b17,,,needs_citation_resolution|needs_article_type_verification,pdf_discourse_scan,pdf_discourse_extracted,pdf_confirmed,no,conclusion,moderate,2026-02-16T23:00:31.615554+00:00,
doi:10.18419/opus-9385,disc:doi:10.18419/opus-9385:xref:b6c9d79f02:energy_2014,inter_article_relation,disc:doi:10.18419/opus-9385:xref:b6c9d79f02:energy_2014,"Ministry of Electricity and Energy, 2014.",0.45,EMPIRICAL_FINDING,unknown,unknown_with_reason:runtime_discourse_scan,,,,,,,,,,,,,,,,,,,edge:disc:doi:10.18419/opus-9385:xref:b6c9d79f02:energy_2014,ATTRIBUTES_FINDING,node:doi:10.18419/opus-9385:unknown,citation:energy_2014,0.45,reviewer_interpretation,true,"Ministry of Electricity and Energy, 2014.",explains,0.35,,mentions,association,argument_from_expert_opinion,,,"Energy, 2014",,,0.0,unresolved,conclusion,381,381,"Ministry of Electricity and Energy, 2014.",b6c9d79f02d520b7,,,needs_citation_resolution|needs_article_type_verification,pdf_discourse_scan,pdf_discourse_extracted,pdf_confirmed,no,conclusion,moderate,2026-02-16T23:00:31.616201+00:00,
doi:10.18419/opus-9385,disc:doi:10.18419/opus-9385:xref:5c6fa1ba21:development_2008,inter_article_relation,disc:doi:10.18419/opus-9385:xref:5c6fa1ba21:development_2008,"Ministry of Housing, Utilities and Urban Development, 2008.",0.45,EMPIRICAL_FINDING,unknown,unknown_with_reason:runtime_discourse_scan,,,,,,,,,,,,,,,,,,,edge:disc:doi:10.18419/opus-9385:xref:5c6fa1ba21:development_2008,ATTRIBUTES_FINDING,node:doi:10.18419/opus-9385:unknown,citation:development_2008,0.45,reviewer_interpretation,true,"Ministry of Housing, Utilities and Urban Development, 2008.",explains,0.35,,mentions,association,argument_from_expert_opinion,,,"Development, 2008",,,0.0,unresolved,conclusion,381,381,"Ministry of Housing, Utilities and Urban Development, 2008.",5c6fa1ba21585bd2,,,needs_citation_resolution|needs_article_type_verification,pdf_discourse_scan,pdf_discourse_extracted,pdf_confirmed,no,conclusion,moderate,2026-02-16T23:00:31.616483+00:00,
doi:10.18419/opus-9385,disc:doi:10.18419/opus-9385:xref:78eecdf0fd:december_2014,inter_article_relation,disc:doi:10.18419/opus-9385:xref:78eecdf0fd:december_2014,Available at: http://www.petroleum.gov.eg/ar/Pages/Facts.aspx [Accessed 12 December 2014].,0.45,EMPIRICAL_FINDING,unknown,unknown_with_reason:runtime_discourse_scan,,,,,,,,,,,,,,,,,,,edge:disc:doi:10.18419/opus-9385:xref:78eecdf0fd:december_2014,ATTRIBUTES_FINDING,node:doi:10.18419/opus-9385:unknown,citation:december_2014,0.45,reviewer_interpretation,true,Available at: http://www.petroleum.gov.eg/ar/Pages/Facts.aspx [Accessed 12 December 2014].,explains,0.35,,mentions,association,argument_from_expert_opinion,,,December 2014],,,0.0,unresolved,conclusion,381,381,Available at: http://www.petroleum.gov.eg/ar/Pages/Facts.aspx [Accessed 12 December 2014].,78eecdf0fdb87f2b,,,needs_citation_resolution|needs_article_type_verification,pdf_discourse_scan,pdf_discourse_extracted,pdf_confirmed,no,conclusion,moderate,2026-02-16T23:00:31.616998+00:00,
doi:10.18419/opus-9385,disc:doi:10.18419/opus-9385:theory:ART:84f169b3d6,theory_link,disc:doi:10.18419/opus-9385:theory:ART:84f169b3d6,Al Bahr Towers: The Abu Dhabi Investment Council Headquarters.,0.62,EMPIRICAL_FINDING,unknown,unknown_with_reason:runtime_discourse_scan,,,,,,,,,,,,,,,,,,,edge:disc:doi:10.18419/opus-9385:theory:ART:84f169b3d6,COHERENCE_SUPPORT,node:doi:10.18419/opus-9385:unknown,theory:art,0.4,implicit_connection,true,Al Bahr Towers: The Abu Dhabi Investment Council Headquarters.,explains,0.4,,cites,association,argument_from_expert_opinion,ART,,,,,,,conclusion,382,382,Al Bahr Towers: The Abu Dhabi Investment Council Headquarters.,84f169b3d60d3401,,,needs_article_type_verification,pdf_discourse_scan,pdf_discourse_extracted,pdf_confirmed,no,conclusion,moderate,2026-02-16T23:00:31.617126+00:00,
doi:10.18419/opus-9385,disc:doi:10.18419/opus-9385:xref:b5f1329535:august_2015,inter_article_relation,disc:doi:10.18419/opus-9385:xref:b5f1329535:august_2015,Beratende Ingenieure im Bauwesen [Interview] (6 August 2015).,0.45,EMPIRICAL_FINDING,unknown,unknown_with_reason:runtime_discourse_scan,,,,,,,,,,,,,,,,,,,edge:disc:doi:10.18419/opus-9385:xref:b5f1329535:august_2015,ATTRIBUTES_FINDING,node:doi:10.18419/opus-9385:unknown,citation:august_2015,0.45,reviewer_interpretation,true,Beratende Ingenieure im Bauwesen [Interview] (6 August 2015).,explains,0.35,,mentions,association,argument_from_expert_opinion,,,August 2015),,,0.0,unresolved,conclusion,383,383,Beratende Ingenieure im Bauwesen [Interview] (6 August 2015).,b5f1329535e88482,,,needs_citation_resolution|needs_article_type_verification,pdf_discourse_scan,pdf_discourse_extracted,pdf_confirmed,no,conclusion,moderate,2026-02-16T23:00:31.618058+00:00,
doi:10.18419/opus-9385,disc:doi:10.18419/opus-9385:xref:3dc678a106:september_2015,inter_article_relation,disc:doi:10.18419/opus-9385:xref:3dc678a106:september_2015,[Accessed 15 August - 23 September 2015].,0.45,EMPIRICAL_FINDING,unknown,unknown_with_reason:runtime_discourse_scan,,,,,,,,,,,,,,,,,,,edge:disc:doi:10.18419/opus-9385:xref:3dc678a106:september_2015,ATTRIBUTES_FINDING,node:doi:10.18419/opus-9385:unknown,citation:september_2015,0.45,reviewer_interpretation,true,[Accessed 15 August - 23 September 2015].,explains,0.35,,mentions,association,argument_from_expert_opinion,,,September 2015],,,0.0,unresolved,conclusion,383,383,[Accessed 15 August - 23 September 2015].,3dc678a1062d36ae,,,needs_citation_resolution|needs_article_type_verification,pdf_discourse_scan,pdf_discourse_extracted,pdf_confirmed,no,conclusion,moderate,2026-02-16T23:00:31.618402+00:00,
doi:10.18419/opus-9385,disc:doi:10.18419/opus-9385:theory:ART:e3af2bb501,theory_link,disc:doi:10.18419/opus-9385:theory:ART:e3af2bb501,"Department of Economic and Social Affairs, Population Division.",0.62,EMPIRICAL_FINDING,unknown,unknown_with_reason:runtime_discourse_scan,,,,,,,,,,,,,,,,,,,edge:disc:doi:10.18419/opus-9385:theory:ART:e3af2bb501,COHERENCE_SUPPORT,node:doi:10.18419/opus-9385:unknown,theory:art,0.4,implicit_connection,true,"Department of Economic and Social Affairs, Population Division.",explains,0.4,,cites,association,argument_from_expert_opinion,ART,,,,,,,conclusion,384,384,"Department of Economic and Social Affairs, Population Division.",e3af2bb50102af19,,,needs_article_type_verification,pdf_discourse_scan,pdf_discourse_extracted,pdf_confirmed,no,conclusion,moderate,2026-02-16T23:00:31.618496+00:00,
doi:10.18419/opus-9385,disc:doi:10.18419/opus-9385:theory:ART:4a873052cc,theory_link,disc:doi:10.18419/opus-9385:theory:ART:4a873052cc,"The Effects of Window Proximity, Partition Height,",0.62,EMPIRICAL_FINDING,unknown,unknown_with_reason:runtime_discourse_scan,,,,,,,,,,,,,,,,,,,edge:disc:doi:10.18419/opus-9385:theory:ART:4a873052cc,COHERENCE_SUPPORT,node:doi:10.18419/opus-9385:unknown,theory:art,0.4,implicit_connection,true,"The Effects of Window Proximity, Partition Height,",explains,0.4,,cites,association,argument_from_expert_opinion,ART,,,,,,,conclusion,385,385,"The Effects of Window Proximity, Partition Height,",4a873052cc468d67,,,needs_article_type_verification,pdf_discourse_scan,pdf_discourse_extracted,pdf_confirmed,no,conclusion,moderate,2026-02-16T23:00:31.618847+00:00,
