paper_id,source_table_id,status,reason,rows_total,noise_rows,noise_ratio,top_reasons,queued_at
doi:10.1002/adfm.202008831,TBL-20260216145415-001,queued_table_remake,translation_status_untranslatable_noise,7,7,1.0000,"auto_denoised:7,auto_reconstructed:7,effect_unknown:7,legacy_manual_cleanup_flag:7,low_statement_source_overlap:7",2026-02-16T21:56:48.904558+00:00
doi:10.1002/adfm.202008831,TBL-20260216145415-002,queued_table_remake,translation_status_untranslatable_noise,1,1,1.0000,"auto_denoised:1,auto_reconstructed:1,effect_unknown:1,environment_unresolved:1,legacy_manual_cleanup_flag:1",2026-02-16T21:56:48.904558+00:00
doi:10.1002/adfm.202008831,TBL-20260216145415-003,queued_table_remake,translation_status_untranslatable_noise,7,7,1.0000,"auto_denoised:7,auto_reconstructed:7,effect_unknown:7,legacy_manual_cleanup_flag:7,low_statement_source_overlap:7",2026-02-16T21:56:48.904558+00:00
doi:10.1002/cne.920180503,TBL-20260216195147-001,queued_table_remake,translation_status_untranslatable_noise,25,25,1.0000,"effect_unknown:25,legacy_manual_cleanup_flag:25,low_statement_source_overlap:25,outcome_unresolved:25,translation_status:untranslatable_noise:25",2026-02-16T21:56:48.904558+00:00
doi:10.1002/cne.920180503,TBL-20260216195147-002,queued_table_remake,translation_status_untranslatable_noise,2,2,1.0000,"effect_unknown:2,environment_unresolved:2,legacy_manual_cleanup_flag:2,low_statement_source_overlap:2,outcome_unresolved:2",2026-02-16T21:56:48.904558+00:00
doi:10.1002/cne.920180503,TBL-20260216195147-003,queued_table_remake,translation_status_untranslatable_noise,21,21,1.0000,"effect_unknown:21,legacy_manual_cleanup_flag:21,outcome_unresolved:21,translation_status:untranslatable_noise:21,low_statement_source_overlap:20",2026-02-16T21:56:48.904558+00:00
doi:10.1002/cne.920180503,TBL-20260216195147-006,queued_table_remake,translation_status_untranslatable_noise,8,8,1.0000,"effect_unknown:8,environment_unresolved:8,legacy_manual_cleanup_flag:8,low_statement_source_overlap:8,outcome_unresolved:8",2026-02-16T21:56:48.904558+00:00
doi:10.1002/cne.920180503,TBL-20260216195147-007,queued_table_remake,translation_status_untranslatable_noise,23,23,1.0000,"effect_unknown:23,legacy_manual_cleanup_flag:23,low_statement_source_overlap:23,outcome_unresolved:23,translation_status:untranslatable_noise:23",2026-02-16T21:56:48.904558+00:00
doi:10.1002/cne.920180503,TBL-20260216195147-008,queued_table_remake,translation_status_untranslatable_noise,1,1,1.0000,"effect_unknown:1,environment_unresolved:1,legacy_manual_cleanup_flag:1,outcome_unresolved:1,translation_status:untranslatable_noise:1",2026-02-16T21:56:48.904558+00:00
doi:10.1002/cne.920180503,TBL-20260216195147-009,queued_table_remake,translation_status_untranslatable_noise,14,14,1.0000,"effect_unknown:14,legacy_manual_cleanup_flag:14,low_statement_source_overlap:14,outcome_unresolved:14,translation_status:untranslatable_noise:14",2026-02-16T21:56:48.904558+00:00
doi:10.1002/cne.920180503,TBL-20260216195147-011,queued_table_remake,translation_status_untranslatable_noise,3,3,1.0000,"effect_unknown:3,environment_unresolved:3,legacy_manual_cleanup_flag:3,low_statement_source_overlap:3,outcome_unresolved:3",2026-02-16T21:56:48.904558+00:00
doi:10.1002/cne.920180503,TBL-20260216195147-013,queued_table_remake,translation_status_untranslatable_noise,23,23,1.0000,"effect_unknown:23,legacy_manual_cleanup_flag:23,low_statement_source_overlap:23,outcome_unresolved:23,translation_status:untranslatable_noise:23",2026-02-16T21:56:48.904558+00:00
doi:10.1002/cne.920180503,TBL-20260216195147-014,queued_table_remake,translation_status_untranslatable_noise,21,21,1.0000,"effect_unknown:21,legacy_manual_cleanup_flag:21,low_statement_source_overlap:21,outcome_unresolved:21,translation_status:untranslatable_noise:21",2026-02-16T21:56:48.904558+00:00
doi:10.1002/cne.920180503,TBL-20260216195147-015,queued_table_remake,translation_status_untranslatable_noise,11,11,1.0000,"effect_unknown:11,legacy_manual_cleanup_flag:11,low_statement_source_overlap:11,outcome_unresolved:11,translation_status:untranslatable_noise:11",2026-02-16T21:56:48.904558+00:00
doi:10.1002/cne.920180503,TBL-20260216195147-016,queued_table_remake,translation_status_untranslatable_noise,25,25,1.0000,"effect_unknown:25,legacy_manual_cleanup_flag:25,low_statement_source_overlap:25,outcome_unresolved:25,translation_status:untranslatable_noise:25",2026-02-16T21:56:48.904558+00:00
doi:10.1002/cne.920180503,TBL-20260216195147-017,queued_table_remake,translation_status_untranslatable_noise,1,1,1.0000,"effect_unknown:1,legacy_manual_cleanup_flag:1,low_statement_source_overlap:1,outcome_unresolved:1,source_row_low_information:1",2026-02-16T21:56:48.904558+00:00
doi:10.1002/cne.920180503,TBL-20260216195147-018,queued_table_remake,translation_status_untranslatable_noise,2,2,1.0000,"effect_unknown:2,environment_unresolved:2,legacy_manual_cleanup_flag:2,low_statement_source_overlap:2,outcome_unresolved:2",2026-02-16T21:56:48.904558+00:00
doi:10.1002/cne.920180503,TBL-20260216195147-020,queued_table_remake,translation_status_untranslatable_noise,24,24,1.0000,"effect_unknown:24,legacy_manual_cleanup_flag:24,low_statement_source_overlap:24,outcome_unresolved:24,translation_status:untranslatable_noise:24",2026-02-16T21:56:48.904558+00:00
doi:10.1002/cne.920180503,TBL-20260216195147-021,queued_table_remake,translation_status_untranslatable_noise,4,4,1.0000,"effect_unknown:4,environment_unresolved:4,legacy_manual_cleanup_flag:4,outcome_unresolved:4,translation_status:untranslatable_noise:4",2026-02-16T21:56:48.904558+00:00
doi:10.1002/cne.920180503,TBL-20260216195147-022,queued_table_remake,translation_status_untranslatable_noise,2,2,1.0000,"effect_unknown:2,legacy_manual_cleanup_flag:2,low_statement_source_overlap:2,outcome_unresolved:2,translation_status:untranslatable_noise:2",2026-02-16T21:56:48.904558+00:00
doi:10.1002/cne.920180503,TBL-20260216195147-023,queued_table_remake,translation_status_untranslatable_noise,1,1,1.0000,"effect_unknown:1,environment_unresolved:1,legacy_manual_cleanup_flag:1,outcome_unresolved:1,translation_status:untranslatable_noise:1",2026-02-16T21:56:48.904558+00:00
doi:10.1002/cne.920180503,TBL-20260216195147-025,queued_table_remake,translation_status_untranslatable_noise,1,1,1.0000,"effect_unknown:1,environment_unresolved:1,legacy_manual_cleanup_flag:1,low_statement_source_overlap:1,outcome_unresolved:1",2026-02-16T21:56:48.904558+00:00
doi:10.1002/cne.920180503,TBL-20260216195147-028,queued_table_remake,translation_status_untranslatable_noise,14,14,1.0000,"effect_unknown:14,legacy_manual_cleanup_flag:14,low_statement_source_overlap:14,outcome_unresolved:14,translation_status:untranslatable_noise:14",2026-02-16T21:56:48.904558+00:00
doi:10.1002/cne.920180503,TBL-20260216195147-029,queued_table_remake,translation_status_untranslatable_noise,1,1,1.0000,"effect_unknown:1,legacy_manual_cleanup_flag:1,low_statement_source_overlap:1,outcome_unresolved:1,source_row_low_information:1",2026-02-16T21:56:48.904558+00:00
doi:10.1002/hbm.24616,TBL-20260216195145-002,queued_table_remake,translation_status_untranslatable_noise,1,1,1.0000,"effect_unknown:1,legacy_manual_cleanup_flag:1,low_statement_source_overlap:1,outcome_unresolved:1,source_row_low_information:1",2026-02-16T21:56:48.904558+00:00
doi:10.1002/hbm.24616,TBL-20260216195145-003,queued_table_remake,translation_status_untranslatable_noise,2,2,1.0000,"effect_unknown:2,legacy_manual_cleanup_flag:2,low_statement_source_overlap:2,outcome_unresolved:2,source_row_low_information:2",2026-02-16T21:56:48.904558+00:00
doi:10.1002/joc.2120,TBL-20260216195153-001,queued_table_remake,translation_status_untranslatable_noise,2,1,0.5000,"effect_unknown:1,legacy_manual_cleanup_flag:1,low_statement_source_overlap:1,outcome_unresolved:1,source_row_low_information:1",2026-02-16T21:56:48.904558+00:00
doi:10.1002/joc.2120,TBL-20260216195154-004,queued_table_remake,translation_status_untranslatable_noise,1,1,1.0000,"effect_unknown:1,legacy_manual_cleanup_flag:1,low_statement_source_overlap:1,outcome_unresolved:1,source_row_low_information:1",2026-02-16T21:56:48.904558+00:00
doi:10.1002/wcs.147,TBL-20260214095241-003,queued_table_remake,translation_status_untranslatable_noise,20,20,1.0000,"auto_denoised:20,auto_reconstructed:20,effect_unknown:20,environment_unresolved:20,legacy_manual_cleanup_flag:20",2026-02-16T21:56:48.904558+00:00
doi:10.1002/wcs.147,TBL-20260214112721-003,queued_table_remake,translation_status_untranslatable_noise,20,20,1.0000,"auto_denoised:20,auto_reconstructed:20,effect_unknown:20,environment_unresolved:20,legacy_manual_cleanup_flag:20",2026-02-16T21:56:48.904558+00:00
doi:10.1002/wcs.147,TBL-20260214112744-003,queued_table_remake,translation_status_untranslatable_noise,20,20,1.0000,"auto_denoised:20,auto_reconstructed:20,effect_unknown:20,environment_unresolved:20,legacy_manual_cleanup_flag:20",2026-02-16T21:56:48.904558+00:00
doi:10.1002/wcs.147,TBL-20260214131924-003,queued_table_remake,translation_status_untranslatable_noise,20,20,1.0000,"auto_denoised:20,auto_reconstructed:20,effect_unknown:20,environment_unresolved:20,legacy_manual_cleanup_flag:20",2026-02-16T21:56:48.904558+00:00
doi:10.1006/jevp.1996.0015,TBL-20260216195159-002,queued_table_remake,translation_status_untranslatable_noise,1,1,1.0000,"effect_unknown:1,environment_unresolved:1,legacy_manual_cleanup_flag:1,low_statement_source_overlap:1,source_row_low_information:1",2026-02-16T21:56:48.904558+00:00
doi:10.1006/jevp.1996.0015,TBL-20260216195200-003,queued_table_remake,translation_status_untranslatable_noise,1,1,1.0000,"effect_unknown:1,legacy_manual_cleanup_flag:1,low_statement_source_overlap:1,outcome_unresolved:1,source_row_low_information:1",2026-02-16T21:56:48.904558+00:00
doi:10.1006/jevp.1996.0015,TBL-20260216195200-004,queued_table_remake,translation_status_untranslatable_noise,1,1,1.0000,"effect_unknown:1,legacy_manual_cleanup_flag:1,low_statement_source_overlap:1,outcome_unresolved:1,source_row_low_information:1",2026-02-16T21:56:48.904558+00:00
doi:10.1006/jevp.1996.0015,TBL-20260216195200-006,queued_table_remake,translation_status_untranslatable_noise,1,1,1.0000,"effect_unknown:1,legacy_manual_cleanup_flag:1,low_statement_source_overlap:1,outcome_unresolved:1,source_row_low_information:1",2026-02-16T21:56:48.904558+00:00
doi:10.1006/jevp.1996.0015,TBL-20260216195200-007,queued_table_remake,translation_status_untranslatable_noise,1,1,1.0000,"effect_unknown:1,legacy_manual_cleanup_flag:1,low_statement_source_overlap:1,outcome_unresolved:1,source_row_low_information:1",2026-02-16T21:56:48.904558+00:00
doi:10.1006/jevp.1996.0032,TBL-20260216195209-004,queued_table_remake,translation_status_untranslatable_noise,1,1,1.0000,"effect_unknown:1,environment_unresolved:1,legacy_manual_cleanup_flag:1,low_statement_source_overlap:1,outcome_unresolved:1",2026-02-16T21:56:48.904558+00:00
doi:10.1006/jevp.1999.0169,TBL-20260216195208-003,queued_table_remake,translation_status_untranslatable_noise,1,1,1.0000,"effect_unknown:1,legacy_manual_cleanup_flag:1,low_statement_source_overlap:1,outcome_unresolved:1,source_row_low_information:1",2026-02-16T21:56:48.904558+00:00
doi:10.1006/jevp.1999.0169,TBL-20260216195208-004,queued_table_remake,translation_status_untranslatable_noise,1,1,1.0000,"effect_unknown:1,legacy_manual_cleanup_flag:1,low_statement_source_overlap:1,outcome_unresolved:1,source_row_low_information:1",2026-02-16T21:56:48.904558+00:00
doi:10.1006/jevp.1999.0169,TBL-20260216195208-007,queued_table_remake,translation_status_untranslatable_noise,1,1,1.0000,"effect_unknown:1,legacy_manual_cleanup_flag:1,low_statement_source_overlap:1,outcome_unresolved:1,source_row_low_information:1",2026-02-16T21:56:48.904558+00:00
doi:10.1006/jevp.2000.0186,TBL-20260216151252-001,queued_table_remake,translation_status_untranslatable_noise,21,21,1.0000,"auto_denoised:21,auto_reconstructed:21,effect_unknown:21,environment_unresolved:21,legacy_manual_cleanup_flag:21",2026-02-16T21:56:48.904558+00:00
doi:10.1006/jevp.2000.0186,TBL-20260216151252-002,queued_table_remake,translation_status_untranslatable_noise,1,1,1.0000,"auto_denoised:1,auto_reconstructed:1,effect_unknown:1,environment_unresolved:1,legacy_manual_cleanup_flag:1",2026-02-16T21:56:48.904558+00:00
doi:10.1006/jevp.2000.0186,TBL-20260216151252-003,queued_table_remake,translation_status_untranslatable_noise,2,2,1.0000,"auto_denoised:2,auto_reconstructed:2,effect_unknown:2,legacy_manual_cleanup_flag:2,low_statement_source_overlap:2",2026-02-16T21:56:48.904558+00:00
doi:10.1006/jevp.2001.0221,TBL-20260216151308-001,queued_table_remake,translation_status_untranslatable_noise,6,6,1.0000,"auto_denoised:6,auto_reconstructed:6,effect_unknown:6,legacy_manual_cleanup_flag:6,low_statement_source_overlap:6",2026-02-16T21:56:48.904558+00:00
doi:10.1006/jevp.2001.0221,TBL-20260216151308-003,queued_table_remake,translation_status_untranslatable_noise,1,1,1.0000,"auto_denoised:1,auto_reconstructed:1,effect_unknown:1,environment_unresolved:1,legacy_manual_cleanup_flag:1",2026-02-16T21:56:48.904558+00:00
doi:10.1006/jevp.2001.0221,TBL-20260216151308-004,queued_table_remake,translation_status_untranslatable_noise,7,7,1.0000,"auto_denoised:7,auto_reconstructed:7,effect_unknown:7,legacy_manual_cleanup_flag:7,low_statement_source_overlap:7",2026-02-16T21:56:48.904558+00:00
doi:10.1006/jevp.2001.0221,TBL-20260216151308-005,queued_table_remake,translation_status_untranslatable_noise,2,2,1.0000,"auto_denoised:2,auto_reconstructed:2,effect_unknown:2,environment_unresolved:2,legacy_manual_cleanup_flag:2",2026-02-16T21:56:48.904558+00:00
doi:10.1006/jevp.2001.0221,TBL-20260216151308-006,queued_table_remake,translation_status_untranslatable_noise,4,4,1.0000,"auto_denoised:4,auto_reconstructed:4,effect_unknown:4,legacy_manual_cleanup_flag:4,low_statement_source_overlap:4",2026-02-16T21:56:48.904558+00:00
doi:10.1007/11853565_19,TBL-20260216195224-002,queued_table_remake,translation_status_untranslatable_noise,1,1,1.0000,"effect_unknown:1,environment_unresolved:1,legacy_manual_cleanup_flag:1,low_statement_source_overlap:1,outcome_unresolved:1",2026-02-16T21:56:48.904558+00:00
doi:10.1007/3-540-48384-5_25,TBL-20260216195255-001,queued_table_remake,translation_status_untranslatable_noise,2,2,1.0000,"effect_unknown:2,legacy_manual_cleanup_flag:2,low_statement_source_overlap:2,outcome_unresolved:2,translation_status:untranslatable_noise:2",2026-02-16T21:56:48.904558+00:00
doi:10.1007/3-540-48384-5_25,TBL-20260216195255-002,queued_table_remake,translation_status_untranslatable_noise,14,14,1.0000,"effect_unknown:14,legacy_manual_cleanup_flag:14,low_statement_source_overlap:14,outcome_unresolved:14,translation_status:untranslatable_noise:14",2026-02-16T21:56:48.904558+00:00
doi:10.1007/3-540-48384-5_25,TBL-20260216195255-003,queued_table_remake,translation_status_untranslatable_noise,22,22,1.0000,"effect_unknown:22,legacy_manual_cleanup_flag:22,low_statement_source_overlap:22,outcome_unresolved:22,translation_status:untranslatable_noise:22",2026-02-16T21:56:48.904558+00:00
doi:10.1007/3-540-48384-5_25,TBL-20260216195255-004,queued_table_remake,translation_status_untranslatable_noise,1,1,1.0000,"effect_unknown:1,environment_unresolved:1,legacy_manual_cleanup_flag:1,low_statement_source_overlap:1,outcome_unresolved:1",2026-02-16T21:56:48.904558+00:00
doi:10.1007/978-1-4613-3539-9_4,TBL-20260216151329-001,queued_table_remake,translation_status_untranslatable_noise,4,4,1.0000,"auto_denoised:4,auto_reconstructed:4,effect_unknown:4,environment_unresolved:4,legacy_manual_cleanup_flag:4",2026-02-16T21:56:48.904558+00:00
doi:10.1007/978-1-4613-3539-9_4,TBL-20260216151329-002,queued_table_remake,translation_status_untranslatable_noise,9,9,1.0000,"auto_denoised:9,auto_reconstructed:9,effect_unknown:9,legacy_manual_cleanup_flag:9,low_statement_source_overlap:9",2026-02-16T21:56:48.904558+00:00
doi:10.1007/978-1-4613-3539-9_4,TBL-20260216151329-003,queued_table_remake,translation_status_untranslatable_noise,5,5,1.0000,"auto_denoised:5,auto_reconstructed:5,effect_unknown:5,environment_unresolved:5,legacy_manual_cleanup_flag:5",2026-02-16T21:56:48.904558+00:00
doi:10.1007/978-1-4757-4425-5_4,TBL-20260216151341-001,queued_table_remake,translation_status_untranslatable_noise,8,8,1.0000,"auto_denoised:8,auto_reconstructed:8,effect_unknown:8,legacy_manual_cleanup_flag:8,low_statement_source_overlap:8",2026-02-16T21:56:48.904558+00:00
doi:10.1007/978-1-4757-4425-5_4,TBL-20260216151341-003,queued_table_remake,translation_status_untranslatable_noise,2,2,1.0000,"auto_denoised:2,auto_reconstructed:2,effect_unknown:2,environment_unresolved:2,legacy_manual_cleanup_flag:2",2026-02-16T21:56:48.904558+00:00
doi:10.1007/978-1-4757-4425-5_4,TBL-20260216151341-004,queued_table_remake,translation_status_untranslatable_noise,1,1,1.0000,"auto_denoised:1,auto_reconstructed:1,effect_unknown:1,environment_unresolved:1,legacy_manual_cleanup_flag:1",2026-02-16T21:56:48.904558+00:00
doi:10.1007/978-1-4757-4425-5_4,TBL-20260216151341-005,queued_table_remake,translation_status_untranslatable_noise,1,1,1.0000,"auto_denoised:1,auto_reconstructed:1,effect_unknown:1,environment_unresolved:1,legacy_manual_cleanup_flag:1",2026-02-16T21:56:48.904558+00:00
doi:10.1007/978-3-031-04714-5_6,TBL-20260215004041-001,queued_table_remake,translation_status_untranslatable_noise,1,1,1.0000,"auto_denoised:1,auto_reconstructed:1,effect_unknown:1,legacy_manual_cleanup_flag:1,low_statement_source_overlap:1",2026-02-16T21:56:48.904558+00:00
doi:10.1007/978-3-031-04714-5_6,TBL-20260215004041-002,queued_table_remake,translation_status_untranslatable_noise,9,9,1.0000,"auto_denoised:9,auto_reconstructed:9,effect_unknown:9,legacy_manual_cleanup_flag:9,low_statement_source_overlap:9",2026-02-16T21:56:48.904558+00:00
doi:10.1007/978-3-031-04714-5_6,TBL-20260215004041-004,queued_table_remake,translation_status_untranslatable_noise,21,21,1.0000,"auto_denoised:21,auto_reconstructed:21,effect_unknown:21,legacy_manual_cleanup_flag:21,low_statement_source_overlap:21",2026-02-16T21:56:48.904558+00:00
doi:10.1007/978-3-031-04714-5_6,TBL-20260215004041-006,queued_table_remake,translation_status_untranslatable_noise,6,6,1.0000,"auto_denoised:6,auto_reconstructed:6,effect_unknown:6,legacy_manual_cleanup_flag:6,low_statement_source_overlap:6",2026-02-16T21:56:48.904558+00:00
doi:10.1007/978-3-031-04714-5_6,TBL-20260215004041-008,queued_table_remake,translation_status_untranslatable_noise,15,15,1.0000,"auto_denoised:15,auto_reconstructed:15,effect_unknown:15,legacy_manual_cleanup_flag:15,low_statement_source_overlap:15",2026-02-16T21:56:48.904558+00:00
doi:10.1007/978-3-031-04714-5_6,TBL-20260215004041-009,queued_table_remake,translation_status_untranslatable_noise,8,8,1.0000,"auto_denoised:8,auto_reconstructed:8,effect_unknown:8,legacy_manual_cleanup_flag:8,low_statement_source_overlap:8",2026-02-16T21:56:48.904558+00:00
doi:10.1007/978-3-031-04714-5_6,TBL-20260215004041-012,queued_table_remake,translation_status_untranslatable_noise,9,9,1.0000,"auto_denoised:9,auto_reconstructed:9,effect_unknown:9,legacy_manual_cleanup_flag:9,low_statement_source_overlap:9",2026-02-16T21:56:48.904558+00:00
doi:10.1007/978-3-031-64699-7_9,TBL-20260216195256-001,queued_table_remake,translation_status_untranslatable_noise,5,5,1.0000,"effect_unknown:5,environment_unresolved:5,legacy_manual_cleanup_flag:5,low_statement_source_overlap:5,outcome_unresolved:5",2026-02-16T21:56:48.904558+00:00
doi:10.1007/978-3-319-45430-6,TBL-20260216195312-011,queued_table_remake,translation_status_untranslatable_noise,11,2,0.1818,"translation_status:inferred:9,effect_unknown:2,environment_unresolved:2,legacy_manual_cleanup_flag:2,low_statement_source_overlap:2",2026-02-16T21:56:48.904558+00:00
doi:10.1007/978-3-319-45430-6,TBL-20260216195313-012,queued_table_remake,translation_status_untranslatable_noise,2,1,0.5000,"translation_status:inferred:1,effect_unknown:1,legacy_manual_cleanup_flag:1,low_statement_source_overlap:1,outcome_unresolved:1",2026-02-16T21:56:48.904558+00:00
doi:10.1007/978-3-319-45430-6,TBL-20260216195313-013,queued_table_remake,translation_status_untranslatable_noise,40,4,0.1000,"translation_status:inferred:36,effect_unknown:4,legacy_manual_cleanup_flag:4,low_statement_source_overlap:4,outcome_unresolved:4",2026-02-16T21:56:48.904558+00:00
doi:10.1007/978-3-319-45430-6,TBL-20260216195314-015,queued_table_remake,translation_status_untranslatable_noise,34,3,0.0882,"translation_status:inferred:31,effect_unknown:3,environment_unresolved:3,legacy_manual_cleanup_flag:3,low_statement_source_overlap:3",2026-02-16T21:56:48.904558+00:00
doi:10.1007/978-94-017-9297-4_1,TBL-20260214100013-001,queued_table_remake,translation_status_untranslatable_noise,5,5,1.0000,"auto_denoised:5,auto_reconstructed:5,effect_unknown:5,environment_unresolved:5,legacy_manual_cleanup_flag:5",2026-02-16T21:56:48.904558+00:00
doi:10.1007/978-94-017-9297-4_1,TBL-20260214102933-001,queued_table_remake,translation_status_untranslatable_noise,5,5,1.0000,"auto_denoised:5,auto_reconstructed:5,effect_unknown:5,environment_unresolved:5,legacy_manual_cleanup_flag:5",2026-02-16T21:56:48.904558+00:00
doi:10.1007/978-94-017-9297-4_1,TBL-20260214103518-001,queued_table_remake,translation_status_untranslatable_noise,5,5,1.0000,"auto_denoised:5,auto_reconstructed:5,effect_unknown:5,environment_unresolved:5,legacy_manual_cleanup_flag:5",2026-02-16T21:56:48.904558+00:00
doi:10.1007/978-94-017-9297-4_1,TBL-20260214124308-001,queued_table_remake,translation_status_untranslatable_noise,5,5,1.0000,"auto_denoised:5,auto_reconstructed:5,effect_unknown:5,environment_unresolved:5,legacy_manual_cleanup_flag:5",2026-02-16T21:56:48.904558+00:00
doi:10.1007/978-981-99-8405-3_13,TBL-20260214160033-001,queued_table_remake,translation_status_untranslatable_noise,1,1,1.0000,"auto_denoised:1,auto_reconstructed:1,effect_unknown:1,legacy_manual_cleanup_flag:1,low_statement_source_overlap:1",2026-02-16T21:56:48.904558+00:00
doi:10.1007/978-981-99-8405-3_13,TBL-20260214160033-002,queued_table_remake,translation_status_untranslatable_noise,4,4,1.0000,"auto_denoised:4,auto_reconstructed:4,effect_unknown:4,legacy_manual_cleanup_flag:4,low_statement_source_overlap:4",2026-02-16T21:56:48.904558+00:00
doi:10.1007/978-981-99-8405-3_13,TBL-20260214160033-003,queued_table_remake,translation_status_untranslatable_noise,2,2,1.0000,"auto_denoised:2,auto_reconstructed:2,effect_unknown:2,environment_unresolved:2,legacy_manual_cleanup_flag:2",2026-02-16T21:56:48.904558+00:00
doi:10.1007/978-981-99-8405-3_13,TBL-20260214160033-004,queued_table_remake,translation_status_untranslatable_noise,1,1,1.0000,"auto_denoised:1,auto_reconstructed:1,effect_unknown:1,legacy_manual_cleanup_flag:1,low_statement_source_overlap:1",2026-02-16T21:56:48.904558+00:00
doi:10.1007/978-981-99-8405-3_13,TBL-20260214160033-005,queued_table_remake,translation_status_untranslatable_noise,1,1,1.0000,"auto_denoised:1,auto_reconstructed:1,effect_unknown:1,legacy_manual_cleanup_flag:1,low_statement_source_overlap:1",2026-02-16T21:56:48.904558+00:00
doi:10.1007/978-981-99-8405-3_13,TBL-20260214160033-006,queued_table_remake,translation_status_untranslatable_noise,2,2,1.0000,"auto_denoised:2,auto_reconstructed:2,effect_unknown:2,legacy_manual_cleanup_flag:2,low_statement_source_overlap:2",2026-02-16T21:56:48.904558+00:00
doi:10.1007/978-981-99-8405-3_13,TBL-20260214160033-007,queued_table_remake,translation_status_untranslatable_noise,1,1,1.0000,"auto_denoised:1,auto_reconstructed:1,effect_unknown:1,environment_unresolved:1,legacy_manual_cleanup_flag:1",2026-02-16T21:56:48.904558+00:00
doi:10.1007/978-981-99-8405-3_13,TBL-20260214160033-008,queued_table_remake,translation_status_untranslatable_noise,2,2,1.0000,"auto_denoised:2,auto_reconstructed:2,effect_unknown:2,legacy_manual_cleanup_flag:2,low_statement_source_overlap:2",2026-02-16T21:56:48.904558+00:00
doi:10.1007/978-981-99-8405-3_13,TBL-20260214160033-009,queued_table_remake,translation_status_untranslatable_noise,1,1,1.0000,"auto_denoised:1,auto_reconstructed:1,effect_unknown:1,legacy_manual_cleanup_flag:1,low_statement_source_overlap:1",2026-02-16T21:56:48.904558+00:00
doi:10.1007/978-981-99-8405-3_13,TBL-20260214160033-010,queued_table_remake,translation_status_untranslatable_noise,1,1,1.0000,"auto_denoised:1,auto_reconstructed:1,effect_unknown:1,environment_unresolved:1,legacy_manual_cleanup_flag:1",2026-02-16T21:56:48.904558+00:00
doi:10.1007/978-981-99-8405-3_13,TBL-20260214160033-011,queued_table_remake,translation_status_untranslatable_noise,1,1,1.0000,"auto_denoised:1,auto_reconstructed:1,effect_unknown:1,legacy_manual_cleanup_flag:1,low_statement_source_overlap:1",2026-02-16T21:56:48.904558+00:00
doi:10.1007/978-981-99-8405-3_13,TBL-20260214160033-012,queued_table_remake,translation_status_untranslatable_noise,1,1,1.0000,"auto_denoised:1,auto_reconstructed:1,effect_unknown:1,legacy_manual_cleanup_flag:1,low_statement_source_overlap:1",2026-02-16T21:56:48.904558+00:00
doi:10.1007/978-981-99-8405-3_13,TBL-20260214160033-013,queued_table_remake,translation_status_untranslatable_noise,2,2,1.0000,"auto_denoised:2,auto_reconstructed:2,effect_unknown:2,legacy_manual_cleanup_flag:2,low_statement_source_overlap:2",2026-02-16T21:56:48.904558+00:00
doi:10.1007/978-981-99-8405-3_13,TBL-20260214160033-014,queued_table_remake,translation_status_untranslatable_noise,1,1,1.0000,"auto_denoised:1,auto_reconstructed:1,effect_unknown:1,environment_unresolved:1,legacy_manual_cleanup_flag:1",2026-02-16T21:56:48.904558+00:00
doi:10.1007/978-981-99-8405-3_13,TBL-20260214192909-001,queued_table_remake,translation_status_untranslatable_noise,1,1,1.0000,"auto_denoised:1,auto_reconstructed:1,effect_unknown:1,legacy_manual_cleanup_flag:1,low_statement_source_overlap:1",2026-02-16T21:56:48.904558+00:00
doi:10.1007/978-981-99-8405-3_13,TBL-20260214192909-002,queued_table_remake,translation_status_untranslatable_noise,4,4,1.0000,"auto_denoised:4,auto_reconstructed:4,effect_unknown:4,legacy_manual_cleanup_flag:4,low_statement_source_overlap:4",2026-02-16T21:56:48.904558+00:00
doi:10.1007/978-981-99-8405-3_13,TBL-20260214192909-003,queued_table_remake,translation_status_untranslatable_noise,2,2,1.0000,"auto_denoised:2,auto_reconstructed:2,effect_unknown:2,environment_unresolved:2,legacy_manual_cleanup_flag:2",2026-02-16T21:56:48.904558+00:00
doi:10.1007/978-981-99-8405-3_13,TBL-20260214192909-004,queued_table_remake,translation_status_untranslatable_noise,1,1,1.0000,"auto_denoised:1,auto_reconstructed:1,effect_unknown:1,legacy_manual_cleanup_flag:1,low_statement_source_overlap:1",2026-02-16T21:56:48.904558+00:00
doi:10.1007/978-981-99-8405-3_13,TBL-20260214192909-005,queued_table_remake,translation_status_untranslatable_noise,1,1,1.0000,"auto_denoised:1,auto_reconstructed:1,effect_unknown:1,legacy_manual_cleanup_flag:1,low_statement_source_overlap:1",2026-02-16T21:56:48.904558+00:00
doi:10.1007/978-981-99-8405-3_13,TBL-20260214192909-006,queued_table_remake,translation_status_untranslatable_noise,2,2,1.0000,"auto_denoised:2,auto_reconstructed:2,effect_unknown:2,legacy_manual_cleanup_flag:2,low_statement_source_overlap:2",2026-02-16T21:56:48.904558+00:00
doi:10.1007/978-981-99-8405-3_13,TBL-20260214192909-007,queued_table_remake,translation_status_untranslatable_noise,1,1,1.0000,"auto_denoised:1,auto_reconstructed:1,effect_unknown:1,environment_unresolved:1,legacy_manual_cleanup_flag:1",2026-02-16T21:56:48.904558+00:00
doi:10.1007/978-981-99-8405-3_13,TBL-20260214192909-008,queued_table_remake,translation_status_untranslatable_noise,2,2,1.0000,"auto_denoised:2,auto_reconstructed:2,effect_unknown:2,legacy_manual_cleanup_flag:2,low_statement_source_overlap:2",2026-02-16T21:56:48.904558+00:00
doi:10.1007/978-981-99-8405-3_13,TBL-20260214192909-009,queued_table_remake,translation_status_untranslatable_noise,1,1,1.0000,"auto_denoised:1,auto_reconstructed:1,effect_unknown:1,legacy_manual_cleanup_flag:1,low_statement_source_overlap:1",2026-02-16T21:56:48.904558+00:00
doi:10.1007/978-981-99-8405-3_13,TBL-20260214192909-010,queued_table_remake,translation_status_untranslatable_noise,1,1,1.0000,"auto_denoised:1,auto_reconstructed:1,effect_unknown:1,environment_unresolved:1,legacy_manual_cleanup_flag:1",2026-02-16T21:56:48.904558+00:00
doi:10.1007/978-981-99-8405-3_13,TBL-20260214192909-011,queued_table_remake,translation_status_untranslatable_noise,1,1,1.0000,"auto_denoised:1,auto_reconstructed:1,effect_unknown:1,legacy_manual_cleanup_flag:1,low_statement_source_overlap:1",2026-02-16T21:56:48.904558+00:00
doi:10.1007/978-981-99-8405-3_13,TBL-20260214192909-012,queued_table_remake,translation_status_untranslatable_noise,1,1,1.0000,"auto_denoised:1,auto_reconstructed:1,effect_unknown:1,legacy_manual_cleanup_flag:1,low_statement_source_overlap:1",2026-02-16T21:56:48.904558+00:00
doi:10.1007/978-981-99-8405-3_13,TBL-20260214192909-013,queued_table_remake,translation_status_untranslatable_noise,2,2,1.0000,"auto_denoised:2,auto_reconstructed:2,effect_unknown:2,legacy_manual_cleanup_flag:2,low_statement_source_overlap:2",2026-02-16T21:56:48.904558+00:00
doi:10.1007/978-981-99-8405-3_13,TBL-20260214192909-014,queued_table_remake,translation_status_untranslatable_noise,1,1,1.0000,"auto_denoised:1,auto_reconstructed:1,effect_unknown:1,environment_unresolved:1,legacy_manual_cleanup_flag:1",2026-02-16T21:56:48.904558+00:00
doi:10.1007/978-981-99-8405-3_13,TBL-20260215013054-001,queued_table_remake,translation_status_untranslatable_noise,1,1,1.0000,"auto_denoised:1,auto_reconstructed:1,effect_unknown:1,legacy_manual_cleanup_flag:1,low_statement_source_overlap:1",2026-02-16T21:56:48.904558+00:00
doi:10.1007/978-981-99-8405-3_13,TBL-20260215013054-002,queued_table_remake,translation_status_untranslatable_noise,4,4,1.0000,"auto_denoised:4,auto_reconstructed:4,effect_unknown:4,legacy_manual_cleanup_flag:4,low_statement_source_overlap:4",2026-02-16T21:56:48.904558+00:00
doi:10.1007/978-981-99-8405-3_13,TBL-20260215013054-003,queued_table_remake,translation_status_untranslatable_noise,2,2,1.0000,"auto_denoised:2,auto_reconstructed:2,effect_unknown:2,environment_unresolved:2,legacy_manual_cleanup_flag:2",2026-02-16T21:56:48.904558+00:00
doi:10.1007/978-981-99-8405-3_13,TBL-20260215013054-004,queued_table_remake,translation_status_untranslatable_noise,1,1,1.0000,"auto_denoised:1,auto_reconstructed:1,effect_unknown:1,legacy_manual_cleanup_flag:1,low_statement_source_overlap:1",2026-02-16T21:56:48.904558+00:00
doi:10.1007/978-981-99-8405-3_13,TBL-20260215013054-005,queued_table_remake,translation_status_untranslatable_noise,1,1,1.0000,"auto_denoised:1,auto_reconstructed:1,effect_unknown:1,legacy_manual_cleanup_flag:1,low_statement_source_overlap:1",2026-02-16T21:56:48.904558+00:00
doi:10.1007/978-981-99-8405-3_13,TBL-20260215013054-006,queued_table_remake,translation_status_untranslatable_noise,2,2,1.0000,"auto_denoised:2,auto_reconstructed:2,effect_unknown:2,legacy_manual_cleanup_flag:2,low_statement_source_overlap:2",2026-02-16T21:56:48.904558+00:00
doi:10.1007/978-981-99-8405-3_13,TBL-20260215013054-007,queued_table_remake,translation_status_untranslatable_noise,1,1,1.0000,"auto_denoised:1,auto_reconstructed:1,effect_unknown:1,environment_unresolved:1,legacy_manual_cleanup_flag:1",2026-02-16T21:56:48.904558+00:00
doi:10.1007/978-981-99-8405-3_13,TBL-20260215013054-008,queued_table_remake,translation_status_untranslatable_noise,2,2,1.0000,"auto_denoised:2,auto_reconstructed:2,effect_unknown:2,legacy_manual_cleanup_flag:2,low_statement_source_overlap:2",2026-02-16T21:56:48.904558+00:00
doi:10.1007/978-981-99-8405-3_13,TBL-20260215013054-009,queued_table_remake,translation_status_untranslatable_noise,1,1,1.0000,"auto_denoised:1,auto_reconstructed:1,effect_unknown:1,legacy_manual_cleanup_flag:1,low_statement_source_overlap:1",2026-02-16T21:56:48.904558+00:00
doi:10.1007/978-981-99-8405-3_13,TBL-20260215013054-010,queued_table_remake,translation_status_untranslatable_noise,1,1,1.0000,"auto_denoised:1,auto_reconstructed:1,effect_unknown:1,environment_unresolved:1,legacy_manual_cleanup_flag:1",2026-02-16T21:56:48.904558+00:00
doi:10.1007/978-981-99-8405-3_13,TBL-20260215013054-011,queued_table_remake,translation_status_untranslatable_noise,1,1,1.0000,"auto_denoised:1,auto_reconstructed:1,effect_unknown:1,legacy_manual_cleanup_flag:1,low_statement_source_overlap:1",2026-02-16T21:56:48.904558+00:00
doi:10.1007/978-981-99-8405-3_13,TBL-20260215013054-012,queued_table_remake,translation_status_untranslatable_noise,1,1,1.0000,"auto_denoised:1,auto_reconstructed:1,effect_unknown:1,legacy_manual_cleanup_flag:1,low_statement_source_overlap:1",2026-02-16T21:56:48.904558+00:00
doi:10.1007/978-981-99-8405-3_13,TBL-20260215013054-013,queued_table_remake,translation_status_untranslatable_noise,2,2,1.0000,"auto_denoised:2,auto_reconstructed:2,effect_unknown:2,legacy_manual_cleanup_flag:2,low_statement_source_overlap:2",2026-02-16T21:56:48.904558+00:00
doi:10.1007/978-981-99-8405-3_13,TBL-20260215013054-014,queued_table_remake,translation_status_untranslatable_noise,1,1,1.0000,"auto_denoised:1,auto_reconstructed:1,effect_unknown:1,environment_unresolved:1,legacy_manual_cleanup_flag:1",2026-02-16T21:56:48.904558+00:00
doi:10.1007/bf00996485,TBL-20260216151612-001,queued_table_remake,translation_status_untranslatable_noise,2,2,1.0000,"auto_denoised:2,auto_reconstructed:2,effect_unknown:2,legacy_manual_cleanup_flag:2,low_statement_source_overlap:2",2026-02-16T21:56:48.904558+00:00
doi:10.1007/bf00996485,TBL-20260216151612-002,queued_table_remake,translation_status_untranslatable_noise,4,4,1.0000,"auto_denoised:4,auto_reconstructed:4,effect_unknown:4,legacy_manual_cleanup_flag:4,low_statement_source_overlap:4",2026-02-16T21:56:48.904558+00:00
doi:10.1007/bf00996485,TBL-20260216151612-003,queued_table_remake,translation_status_untranslatable_noise,1,1,1.0000,"auto_denoised:1,auto_reconstructed:1,effect_unknown:1,environment_unresolved:1,legacy_manual_cleanup_flag:1",2026-02-16T21:56:48.904558+00:00
doi:10.1007/bf00996485,TBL-20260216151612-004,queued_table_remake,translation_status_untranslatable_noise,7,7,1.0000,"auto_denoised:7,auto_reconstructed:7,effect_unknown:7,legacy_manual_cleanup_flag:7,low_statement_source_overlap:7",2026-02-16T21:56:48.904558+00:00
doi:10.1007/bf00996485,TBL-20260216151612-005,queued_table_remake,translation_status_untranslatable_noise,4,4,1.0000,"auto_denoised:4,auto_reconstructed:4,effect_unknown:4,legacy_manual_cleanup_flag:4,low_statement_source_overlap:4",2026-02-16T21:56:48.904558+00:00
doi:10.1007/bf00996485,TBL-20260216151612-006,queued_table_remake,translation_status_untranslatable_noise,10,10,1.0000,"auto_denoised:10,auto_reconstructed:10,effect_unknown:10,legacy_manual_cleanup_flag:10,low_statement_source_overlap:10",2026-02-16T21:56:48.904558+00:00
doi:10.1007/bf00996485,TBL-20260216151612-008,queued_table_remake,translation_status_untranslatable_noise,8,8,1.0000,"auto_denoised:8,auto_reconstructed:8,effect_unknown:8,legacy_manual_cleanup_flag:8,low_statement_source_overlap:8",2026-02-16T21:56:48.904558+00:00
doi:10.1007/bf00996485,TBL-20260216151612-009,queued_table_remake,translation_status_untranslatable_noise,5,5,1.0000,"auto_denoised:5,auto_reconstructed:5,effect_unknown:5,legacy_manual_cleanup_flag:5,low_statement_source_overlap:5",2026-02-16T21:56:48.904558+00:00
doi:10.1007/bf00996485,TBL-20260216151612-010,queued_table_remake,translation_status_untranslatable_noise,7,7,1.0000,"auto_denoised:7,auto_reconstructed:7,effect_unknown:7,legacy_manual_cleanup_flag:7,low_statement_source_overlap:7",2026-02-16T21:56:48.904558+00:00
doi:10.1007/bf00996485,TBL-20260216151612-011,queued_table_remake,translation_status_untranslatable_noise,9,9,1.0000,"auto_denoised:9,auto_reconstructed:9,effect_unknown:9,legacy_manual_cleanup_flag:9,low_statement_source_overlap:9",2026-02-16T21:56:48.904558+00:00
doi:10.1007/bf00996485,TBL-20260216151612-012,queued_table_remake,translation_status_untranslatable_noise,7,7,1.0000,"auto_denoised:7,auto_reconstructed:7,effect_unknown:7,legacy_manual_cleanup_flag:7,low_statement_source_overlap:7",2026-02-16T21:56:48.904558+00:00
doi:10.1007/bf00996485,TBL-20260216151612-013,queued_table_remake,translation_status_untranslatable_noise,4,4,1.0000,"auto_denoised:4,auto_reconstructed:4,effect_unknown:4,legacy_manual_cleanup_flag:4,low_statement_source_overlap:4",2026-02-16T21:56:48.904558+00:00
doi:10.1007/bf00996485,TBL-20260216151612-014,queued_table_remake,translation_status_untranslatable_noise,2,2,1.0000,"auto_denoised:2,auto_reconstructed:2,effect_unknown:2,legacy_manual_cleanup_flag:2,low_statement_source_overlap:2",2026-02-16T21:56:48.904558+00:00
doi:10.1007/bf00996485,TBL-20260216151612-015,queued_table_remake,translation_status_untranslatable_noise,5,5,1.0000,"auto_denoised:5,auto_reconstructed:5,effect_unknown:5,legacy_manual_cleanup_flag:5,low_statement_source_overlap:5",2026-02-16T21:56:48.904558+00:00
doi:10.1007/s00221-008-1382-0,TBL-20260216151638-001,queued_table_remake,translation_status_untranslatable_noise,25,25,1.0000,"auto_denoised:25,auto_reconstructed:25,effect_unknown:25,legacy_manual_cleanup_flag:25,low_statement_source_overlap:25",2026-02-16T21:56:48.904558+00:00
doi:10.1007/s00221-008-1382-0,TBL-20260216151638-002,queued_table_remake,translation_status_untranslatable_noise,6,6,1.0000,"auto_denoised:6,auto_reconstructed:6,effect_unknown:6,legacy_manual_cleanup_flag:6,low_statement_source_overlap:6",2026-02-16T21:56:48.904558+00:00
doi:10.1007/s00226-021-01320-7,TBL-20260216195702-001,queued_table_remake,translation_status_untranslatable_noise,7,7,1.0000,"effect_unknown:7,legacy_manual_cleanup_flag:7,low_statement_source_overlap:7,translation_status:untranslatable_noise:7,outcome_unresolved:6",2026-02-16T21:56:48.904558+00:00
doi:10.1007/s00226-021-01320-7,TBL-20260216195702-003,queued_table_remake,translation_status_untranslatable_noise,5,5,1.0000,"effect_unknown:5,legacy_manual_cleanup_flag:5,low_statement_source_overlap:5,outcome_unresolved:5,translation_status:untranslatable_noise:5",2026-02-16T21:56:48.904558+00:00
doi:10.1007/s00226-021-01320-7,TBL-20260216195702-004,queued_table_remake,translation_status_untranslatable_noise,1,1,1.0000,"effect_unknown:1,environment_unresolved:1,legacy_manual_cleanup_flag:1,low_statement_source_overlap:1,outcome_unresolved:1",2026-02-16T21:56:48.904558+00:00
doi:10.1007/s00226-021-01320-7,TBL-20260216195702-005,queued_table_remake,translation_status_untranslatable_noise,1,1,1.0000,"effect_unknown:1,legacy_manual_cleanup_flag:1,low_statement_source_overlap:1,outcome_unresolved:1,translation_status:untranslatable_noise:1",2026-02-16T21:56:48.904558+00:00
doi:10.1007/s00226-021-01320-7,TBL-20260216195702-006,queued_table_remake,translation_status_untranslatable_noise,7,7,1.0000,"effect_unknown:7,legacy_manual_cleanup_flag:7,low_statement_source_overlap:7,outcome_unresolved:7,translation_status:untranslatable_noise:7",2026-02-16T21:56:48.904558+00:00
doi:10.1007/s00226-021-01320-7,TBL-20260216195702-008,queued_table_remake,translation_status_untranslatable_noise,9,9,1.0000,"effect_unknown:9,legacy_manual_cleanup_flag:9,low_statement_source_overlap:9,outcome_unresolved:9,source_row_low_information:9",2026-02-16T21:56:48.904558+00:00
doi:10.1007/s00226-021-01320-7,TBL-20260216195702-010,queued_table_remake,translation_status_untranslatable_noise,1,1,1.0000,"effect_unknown:1,environment_unresolved:1,legacy_manual_cleanup_flag:1,low_statement_source_overlap:1,translation_status:untranslatable_noise:1",2026-02-16T21:56:48.904558+00:00
doi:10.1007/s00226-021-01320-7,TBL-20260216195702-012,queued_table_remake,translation_status_untranslatable_noise,2,2,1.0000,"effect_unknown:2,environment_unresolved:2,legacy_manual_cleanup_flag:2,low_statement_source_overlap:2,outcome_unresolved:2",2026-02-16T21:56:48.904558+00:00
doi:10.1007/s00226-021-01320-7,TBL-20260216195702-014,queued_table_remake,translation_status_untranslatable_noise,1,1,1.0000,"effect_unknown:1,environment_unresolved:1,legacy_manual_cleanup_flag:1,low_statement_source_overlap:1,outcome_unresolved:1",2026-02-16T21:56:48.904558+00:00
doi:10.1007/s00226-021-01320-7,TBL-20260216195702-016,queued_table_remake,translation_status_untranslatable_noise,10,10,1.0000,"effect_unknown:10,legacy_manual_cleanup_flag:10,low_statement_source_overlap:10,outcome_unresolved:10,translation_status:untranslatable_noise:10",2026-02-16T21:56:48.904558+00:00
doi:10.1007/s00226-021-01320-7,TBL-20260216195702-017,queued_table_remake,translation_status_untranslatable_noise,8,8,1.0000,"effect_unknown:8,legacy_manual_cleanup_flag:8,low_statement_source_overlap:8,outcome_unresolved:8,translation_status:untranslatable_noise:8",2026-02-16T21:56:48.904558+00:00
doi:10.1007/s00226-021-01320-7,TBL-20260216195702-020,queued_table_remake,translation_status_untranslatable_noise,1,1,1.0000,"effect_unknown:1,legacy_manual_cleanup_flag:1,low_statement_source_overlap:1,outcome_unresolved:1,translation_status:untranslatable_noise:1",2026-02-16T21:56:48.904558+00:00
doi:10.1007/s00226-021-01320-7,TBL-20260216195702-021,queued_table_remake,translation_status_untranslatable_noise,6,6,1.0000,"effect_unknown:6,legacy_manual_cleanup_flag:6,low_statement_source_overlap:6,outcome_unresolved:6,translation_status:untranslatable_noise:6",2026-02-16T21:56:48.904558+00:00
doi:10.1007/s00226-021-01320-7,TBL-20260216195702-022,queued_table_remake,translation_status_untranslatable_noise,5,5,1.0000,"effect_unknown:5,legacy_manual_cleanup_flag:5,low_statement_source_overlap:5,translation_status:untranslatable_noise:5,outcome_unresolved:4",2026-02-16T21:56:48.904558+00:00
doi:10.1007/s00226-021-01320-7,TBL-20260216195702-023,queued_table_remake,translation_status_untranslatable_noise,14,14,1.0000,"effect_unknown:14,legacy_manual_cleanup_flag:14,low_statement_source_overlap:14,outcome_unresolved:14,translation_status:untranslatable_noise:14",2026-02-16T21:56:48.904558+00:00
doi:10.1007/s00226-021-01320-7,TBL-20260216195702-024,queued_table_remake,translation_status_untranslatable_noise,7,7,1.0000,"effect_unknown:7,legacy_manual_cleanup_flag:7,low_statement_source_overlap:7,outcome_unresolved:7,translation_status:untranslatable_noise:7",2026-02-16T21:56:48.904558+00:00
doi:10.1007/s00265-018-2602-7,TBL-20260216195715-002,queued_table_remake,translation_status_untranslatable_noise,10,10,1.0000,"effect_unknown:10,legacy_manual_cleanup_flag:10,low_statement_source_overlap:10,outcome_unresolved:10,translation_status:untranslatable_noise:10",2026-02-16T21:56:48.904558+00:00
doi:10.1007/s10086-006-0812-5,TBL-20260216151711-001,queued_table_remake,translation_status_untranslatable_noise,4,4,1.0000,"auto_denoised:4,auto_reconstructed:4,effect_unknown:4,legacy_manual_cleanup_flag:4,low_statement_source_overlap:4",2026-02-16T21:56:48.904558+00:00
doi:10.1007/s10086-006-0812-5,TBL-20260216151711-002,queued_table_remake,translation_status_untranslatable_noise,1,1,1.0000,"auto_denoised:1,auto_reconstructed:1,effect_unknown:1,legacy_manual_cleanup_flag:1,low_statement_source_overlap:1",2026-02-16T21:56:48.904558+00:00
doi:10.1007/s10086-006-0812-5,TBL-20260216151711-003,queued_table_remake,translation_status_untranslatable_noise,15,15,1.0000,"auto_denoised:15,auto_reconstructed:15,effect_unknown:15,legacy_manual_cleanup_flag:15,low_statement_source_overlap:15",2026-02-16T21:56:48.904558+00:00
doi:10.1007/s10086-016-1597-9,TBL-20260214155607-001,queued_table_remake,translation_status_untranslatable_noise,1,1,1.0000,"auto_denoised:1,auto_reconstructed:1,effect_unknown:1,legacy_manual_cleanup_flag:1,low_statement_source_overlap:1",2026-02-16T21:56:48.904558+00:00
doi:10.1007/s10086-016-1597-9,TBL-20260214155607-002,queued_table_remake,translation_status_untranslatable_noise,1,1,1.0000,"auto_denoised:1,auto_reconstructed:1,effect_unknown:1,environment_unresolved:1,legacy_manual_cleanup_flag:1",2026-02-16T21:56:48.904558+00:00
doi:10.1007/s10936-023-09967-y,TBL-20260216195733-001,queued_table_remake,translation_status_untranslatable_noise,2,2,1.0000,"effect_unknown:2,legacy_manual_cleanup_flag:2,low_statement_source_overlap:2,outcome_unresolved:2,source_row_low_information:2",2026-02-16T21:56:48.904558+00:00
doi:10.1007/s11229-019-02131-x,TBL-20260216195736-001,queued_table_remake,translation_status_untranslatable_noise,6,6,1.0000,"effect_unknown:6,environment_unresolved:6,legacy_manual_cleanup_flag:6,low_statement_source_overlap:6,translation_status:untranslatable_noise:6",2026-02-16T21:56:48.904558+00:00
doi:10.1007/s11229-019-02131-x,TBL-20260216195736-002,queued_table_remake,translation_status_untranslatable_noise,1,1,1.0000,"effect_unknown:1,environment_unresolved:1,legacy_manual_cleanup_flag:1,low_statement_source_overlap:1,outcome_unresolved:1",2026-02-16T21:56:48.904558+00:00
doi:10.1007/s11229-019-02131-x,TBL-20260216195736-003,queued_table_remake,translation_status_untranslatable_noise,1,1,1.0000,"effect_unknown:1,environment_unresolved:1,legacy_manual_cleanup_flag:1,low_statement_source_overlap:1,outcome_unresolved:1",2026-02-16T21:56:48.904558+00:00
doi:10.1007/s11406-017-9841-0,TBL-20260216195743-001,queued_table_remake,translation_status_untranslatable_noise,2,2,1.0000,"effect_unknown:2,legacy_manual_cleanup_flag:2,low_statement_source_overlap:2,outcome_unresolved:2,translation_status:untranslatable_noise:2",2026-02-16T21:56:48.904558+00:00
doi:10.1007/s11406-017-9841-0,TBL-20260216195743-002,queued_table_remake,translation_status_untranslatable_noise,3,3,1.0000,"effect_unknown:3,legacy_manual_cleanup_flag:3,outcome_unresolved:3,translation_status:untranslatable_noise:3,low_statement_source_overlap:2",2026-02-16T21:56:48.904558+00:00
doi:10.1007/s11406-017-9841-0,TBL-20260216195743-003,queued_table_remake,translation_status_untranslatable_noise,2,2,1.0000,"effect_unknown:2,legacy_manual_cleanup_flag:2,low_statement_source_overlap:2,outcome_unresolved:2,translation_status:untranslatable_noise:2",2026-02-16T21:56:48.904558+00:00
doi:10.1007/s11406-017-9841-0,TBL-20260216195745-004,queued_table_remake,translation_status_untranslatable_noise,3,3,1.0000,"effect_unknown:3,legacy_manual_cleanup_flag:3,low_statement_source_overlap:3,outcome_unresolved:3,translation_status:untranslatable_noise:3",2026-02-16T21:56:48.904558+00:00
doi:10.1007/s11406-017-9841-0,TBL-20260216195747-006,queued_table_remake,translation_status_untranslatable_noise,3,3,1.0000,"effect_unknown:3,legacy_manual_cleanup_flag:3,low_statement_source_overlap:3,outcome_unresolved:3,translation_status:untranslatable_noise:3",2026-02-16T21:56:48.904558+00:00
doi:10.1007/s11406-017-9841-0,TBL-20260216195749-007,queued_table_remake,translation_status_untranslatable_noise,2,2,1.0000,"effect_unknown:2,legacy_manual_cleanup_flag:2,low_statement_source_overlap:2,outcome_unresolved:2,translation_status:untranslatable_noise:2",2026-02-16T21:56:48.904558+00:00
doi:10.1007/s11406-017-9841-0,TBL-20260216195750-008,queued_table_remake,translation_status_untranslatable_noise,1,1,1.0000,"effect_unknown:1,environment_unresolved:1,legacy_manual_cleanup_flag:1,low_statement_source_overlap:1,outcome_unresolved:1",2026-02-16T21:56:48.904558+00:00
doi:10.1007/s11406-017-9841-0,TBL-20260216195750-009,queued_table_remake,translation_status_untranslatable_noise,2,1,0.5000,"effect_unknown:1,environment_unresolved:1,legacy_manual_cleanup_flag:1,low_statement_source_overlap:1,translation_status:untranslatable_noise:1",2026-02-16T21:56:48.904558+00:00
doi:10.1007/s11406-017-9841-0,TBL-20260216195750-010,queued_table_remake,translation_status_untranslatable_noise,2,1,0.5000,"effect_unknown:1,environment_unresolved:1,legacy_manual_cleanup_flag:1,low_statement_source_overlap:1,translation_status:untranslatable_noise:1",2026-02-16T21:56:48.904558+00:00
doi:10.1007/s11406-017-9841-0,TBL-20260216195752-013,queued_table_remake,translation_status_untranslatable_noise,2,1,0.5000,"effect_unknown:1,environment_unresolved:1,legacy_manual_cleanup_flag:1,low_statement_source_overlap:1,translation_status:untranslatable_noise:1",2026-02-16T21:56:48.904558+00:00
doi:10.1007/s11406-017-9841-0,TBL-20260216195753-015,queued_table_remake,translation_status_untranslatable_noise,2,1,0.5000,"translation_status:inferred:1,effect_unknown:1,environment_unresolved:1,legacy_manual_cleanup_flag:1,low_statement_source_overlap:1",2026-02-16T21:56:48.904558+00:00
doi:10.1007/s11406-017-9841-0,TBL-20260216195753-016,queued_table_remake,translation_status_untranslatable_noise,1,1,1.0000,"effect_unknown:1,legacy_manual_cleanup_flag:1,low_statement_source_overlap:1,outcome_unresolved:1,translation_status:untranslatable_noise:1",2026-02-16T21:56:48.904558+00:00
doi:10.1007/s11406-017-9841-0,TBL-20260216195753-017,queued_table_remake,translation_status_untranslatable_noise,2,2,1.0000,"effect_unknown:2,legacy_manual_cleanup_flag:2,low_statement_source_overlap:2,translation_status:untranslatable_noise:2,outcome_unresolved:1",2026-02-16T21:56:48.904558+00:00
doi:10.1007/s11406-017-9841-0,TBL-20260216195755-018,queued_table_remake,translation_status_untranslatable_noise,2,2,1.0000,"effect_unknown:2,legacy_manual_cleanup_flag:2,outcome_unresolved:2,translation_status:untranslatable_noise:2",2026-02-16T21:56:48.904558+00:00
doi:10.1007/s11406-017-9841-0,TBL-20260216195757-020,queued_table_remake,translation_status_untranslatable_noise,2,1,0.5000,"effect_unknown:1,legacy_manual_cleanup_flag:1,low_statement_source_overlap:1,translation_status:untranslatable_noise:1,translation_status:inferred:1",2026-02-16T21:56:48.904558+00:00
doi:10.1007/s11406-017-9841-0,TBL-20260216195757-021,queued_table_remake,translation_status_untranslatable_noise,2,1,0.5000,"effect_unknown:1,environment_unresolved:1,legacy_manual_cleanup_flag:1,low_statement_source_overlap:1,outcome_unresolved:1",2026-02-16T21:56:48.904558+00:00
doi:10.1007/s11406-017-9841-0,TBL-20260216195757-022,queued_table_remake,translation_status_untranslatable_noise,1,1,1.0000,"effect_unknown:1,legacy_manual_cleanup_flag:1,low_statement_source_overlap:1,outcome_unresolved:1,translation_status:untranslatable_noise:1",2026-02-16T21:56:48.904558+00:00
doi:10.1007/s11406-017-9841-0,TBL-20260216195757-023,queued_table_remake,translation_status_untranslatable_noise,1,1,1.0000,"effect_unknown:1,environment_unresolved:1,legacy_manual_cleanup_flag:1,low_statement_source_overlap:1,outcome_unresolved:1",2026-02-16T21:56:48.904558+00:00
doi:10.1007/s11406-017-9841-0,TBL-20260216195758-024,queued_table_remake,translation_status_untranslatable_noise,2,1,0.5000,"effect_unknown:1,legacy_manual_cleanup_flag:1,low_statement_source_overlap:1,outcome_unresolved:1,translation_status:untranslatable_noise:1",2026-02-16T21:56:48.904558+00:00
doi:10.1007/s11406-017-9841-0,TBL-20260216195758-025,queued_table_remake,translation_status_untranslatable_noise,2,1,0.5000,"effect_unknown:1,environment_unresolved:1,legacy_manual_cleanup_flag:1,low_statement_source_overlap:1,outcome_unresolved:1",2026-02-16T21:56:48.904558+00:00
doi:10.1007/s11406-017-9841-0,TBL-20260216195758-026,queued_table_remake,translation_status_untranslatable_noise,2,1,0.5000,"effect_unknown:1,legacy_manual_cleanup_flag:1,low_statement_source_overlap:1,outcome_unresolved:1,translation_status:untranslatable_noise:1",2026-02-16T21:56:48.904558+00:00
doi:10.1007/s11406-017-9841-0,TBL-20260216195758-027,queued_table_remake,translation_status_untranslatable_noise,2,2,1.0000,"effect_unknown:2,legacy_manual_cleanup_flag:2,low_statement_source_overlap:2,outcome_unresolved:2,translation_status:untranslatable_noise:2",2026-02-16T21:56:48.904558+00:00
doi:10.1007/s11406-017-9841-0,TBL-20260216195758-028,queued_table_remake,translation_status_untranslatable_noise,1,1,1.0000,"effect_unknown:1,legacy_manual_cleanup_flag:1,low_statement_source_overlap:1,outcome_unresolved:1,translation_status:untranslatable_noise:1",2026-02-16T21:56:48.904558+00:00
doi:10.1007/s11406-017-9841-0,TBL-20260216195758-029,queued_table_remake,translation_status_untranslatable_noise,1,1,1.0000,"effect_unknown:1,legacy_manual_cleanup_flag:1,low_statement_source_overlap:1,outcome_unresolved:1,translation_status:untranslatable_noise:1",2026-02-16T21:56:48.904558+00:00
doi:10.1007/s11406-017-9841-0,TBL-20260216195758-030,queued_table_remake,translation_status_untranslatable_noise,2,1,0.5000,"translation_status:inferred:1,effect_unknown:1,legacy_manual_cleanup_flag:1,low_statement_source_overlap:1,outcome_unresolved:1",2026-02-16T21:56:48.904558+00:00
doi:10.1007/s11406-017-9841-0,TBL-20260216195759-031,queued_table_remake,translation_status_untranslatable_noise,2,2,1.0000,"effect_unknown:2,legacy_manual_cleanup_flag:2,low_statement_source_overlap:2,outcome_unresolved:2,translation_status:untranslatable_noise:2",2026-02-16T21:56:48.904558+00:00
doi:10.1007/s11406-017-9841-0,TBL-20260216195759-032,queued_table_remake,translation_status_untranslatable_noise,2,1,0.5000,"effect_unknown:1,legacy_manual_cleanup_flag:1,low_statement_source_overlap:1,outcome_unresolved:1,translation_status:untranslatable_noise:1",2026-02-16T21:56:48.904558+00:00
doi:10.1007/s11406-017-9841-0,TBL-20260216195759-033,queued_table_remake,translation_status_untranslatable_noise,1,1,1.0000,"effect_unknown:1,legacy_manual_cleanup_flag:1,low_statement_source_overlap:1,outcome_unresolved:1,translation_status:untranslatable_noise:1",2026-02-16T21:56:48.904558+00:00
doi:10.1007/s11406-017-9841-0,TBL-20260216195759-034,queued_table_remake,translation_status_untranslatable_noise,2,1,0.5000,"effect_unknown:1,legacy_manual_cleanup_flag:1,low_statement_source_overlap:1,outcome_unresolved:1,translation_status:untranslatable_noise:1",2026-02-16T21:56:48.904558+00:00
doi:10.1007/s11406-017-9841-0,TBL-20260216195759-035,queued_table_remake,translation_status_untranslatable_noise,2,1,0.5000,"effect_unknown:1,legacy_manual_cleanup_flag:1,low_statement_source_overlap:1,outcome_unresolved:1,translation_status:untranslatable_noise:1",2026-02-16T21:56:48.904558+00:00
doi:10.1007/s11406-017-9841-0,TBL-20260216195800-036,queued_table_remake,translation_status_untranslatable_noise,2,1,0.5000,"effect_unknown:1,legacy_manual_cleanup_flag:1,low_statement_source_overlap:1,translation_status:untranslatable_noise:1,translation_status:inferred:1",2026-02-16T21:56:48.904558+00:00
doi:10.1007/s11406-017-9841-0,TBL-20260216195800-037,queued_table_remake,translation_status_untranslatable_noise,2,2,1.0000,"effect_unknown:2,legacy_manual_cleanup_flag:2,low_statement_source_overlap:2,outcome_unresolved:2,translation_status:untranslatable_noise:2",2026-02-16T21:56:48.904558+00:00
doi:10.1007/s11406-017-9841-0,TBL-20260216195800-038,queued_table_remake,translation_status_untranslatable_noise,2,2,1.0000,"effect_unknown:2,legacy_manual_cleanup_flag:2,low_statement_source_overlap:2,outcome_unresolved:2,translation_status:untranslatable_noise:2",2026-02-16T21:56:48.904558+00:00
doi:10.1007/s11406-017-9841-0,TBL-20260216195800-039,queued_table_remake,translation_status_untranslatable_noise,2,2,1.0000,"effect_unknown:2,legacy_manual_cleanup_flag:2,low_statement_source_overlap:2,outcome_unresolved:2,translation_status:untranslatable_noise:2",2026-02-16T21:56:48.904558+00:00
doi:10.1007/s11406-017-9841-0,TBL-20260216195800-040,queued_table_remake,translation_status_untranslatable_noise,2,1,0.5000,"effect_unknown:1,legacy_manual_cleanup_flag:1,low_statement_source_overlap:1,outcome_unresolved:1,translation_status:untranslatable_noise:1",2026-02-16T21:56:48.904558+00:00
doi:10.1007/s11406-017-9841-0,TBL-20260216195800-041,queued_table_remake,translation_status_untranslatable_noise,2,1,0.5000,"effect_unknown:1,legacy_manual_cleanup_flag:1,low_statement_source_overlap:1,outcome_unresolved:1,translation_status:untranslatable_noise:1",2026-02-16T21:56:48.904558+00:00
doi:10.1007/s11406-017-9841-0,TBL-20260216195802-046,queued_table_remake,translation_status_untranslatable_noise,2,1,0.5000,"translation_status:inferred:1,effect_unknown:1,legacy_manual_cleanup_flag:1,low_statement_source_overlap:1,outcome_unresolved:1",2026-02-16T21:56:48.904558+00:00
doi:10.1007/s11406-017-9841-0,TBL-20260216195802-050,queued_table_remake,translation_status_untranslatable_noise,2,1,0.5000,"effect_unknown:1,legacy_manual_cleanup_flag:1,low_statement_source_overlap:1,outcome_unresolved:1,translation_status:untranslatable_noise:1",2026-02-16T21:56:48.904558+00:00
doi:10.1007/s11406-017-9841-0,TBL-20260216195803-052,queued_table_remake,translation_status_untranslatable_noise,3,3,1.0000,"effect_unknown:3,legacy_manual_cleanup_flag:3,low_statement_source_overlap:3,outcome_unresolved:3,translation_status:untranslatable_noise:3",2026-02-16T21:56:48.904558+00:00
doi:10.1007/s11406-017-9841-0,TBL-20260216195803-053,queued_table_remake,translation_status_untranslatable_noise,1,1,1.0000,"effect_unknown:1,legacy_manual_cleanup_flag:1,low_statement_source_overlap:1,outcome_unresolved:1,translation_status:untranslatable_noise:1",2026-02-16T21:56:48.904558+00:00
doi:10.1007/s11406-017-9841-0,TBL-20260216195803-054,queued_table_remake,translation_status_untranslatable_noise,2,2,1.0000,"effect_unknown:2,legacy_manual_cleanup_flag:2,low_statement_source_overlap:2,outcome_unresolved:2,translation_status:untranslatable_noise:2",2026-02-16T21:56:48.904558+00:00
doi:10.1007/s11406-017-9841-0,TBL-20260216195804-055,queued_table_remake,translation_status_untranslatable_noise,2,1,0.5000,"effect_unknown:1,legacy_manual_cleanup_flag:1,low_statement_source_overlap:1,outcome_unresolved:1,translation_status:untranslatable_noise:1",2026-02-16T21:56:48.904558+00:00
doi:10.1007/s11406-017-9841-0,TBL-20260216195804-056,queued_table_remake,translation_status_untranslatable_noise,2,2,1.0000,"effect_unknown:2,legacy_manual_cleanup_flag:2,low_statement_source_overlap:2,outcome_unresolved:2,translation_status:untranslatable_noise:2",2026-02-16T21:56:48.904558+00:00
doi:10.1007/s11406-017-9841-0,TBL-20260216195805-063,queued_table_remake,translation_status_untranslatable_noise,2,2,1.0000,"effect_unknown:2,environment_unresolved:2,legacy_manual_cleanup_flag:2,low_statement_source_overlap:2,outcome_unresolved:2",2026-02-16T21:56:48.904558+00:00
doi:10.1007/s11406-017-9841-0,TBL-20260216195806-064,queued_table_remake,translation_status_untranslatable_noise,2,2,1.0000,"effect_unknown:2,legacy_manual_cleanup_flag:2,low_statement_source_overlap:2,outcome_unresolved:2,translation_status:untranslatable_noise:2",2026-02-16T21:56:48.904558+00:00
doi:10.1007/s11406-017-9841-0,TBL-20260216195806-065,queued_table_remake,translation_status_untranslatable_noise,2,2,1.0000,"effect_unknown:2,legacy_manual_cleanup_flag:2,outcome_unresolved:2,translation_status:untranslatable_noise:2,low_statement_source_overlap:1",2026-02-16T21:56:48.904558+00:00
doi:10.1007/s11406-017-9841-0,TBL-20260216195807-066,queued_table_remake,translation_status_untranslatable_noise,2,2,1.0000,"effect_unknown:2,legacy_manual_cleanup_flag:2,low_statement_source_overlap:2,outcome_unresolved:2,translation_status:untranslatable_noise:2",2026-02-16T21:56:48.904558+00:00
doi:10.1007/s11406-017-9841-0,TBL-20260216195807-067,queued_table_remake,translation_status_untranslatable_noise,2,2,1.0000,"effect_unknown:2,legacy_manual_cleanup_flag:2,low_statement_source_overlap:2,outcome_unresolved:2,translation_status:untranslatable_noise:2",2026-02-16T21:56:48.904558+00:00
doi:10.1007/s11406-017-9841-0,TBL-20260216195807-068,queued_table_remake,translation_status_untranslatable_noise,2,2,1.0000,"effect_unknown:2,legacy_manual_cleanup_flag:2,low_statement_source_overlap:2,outcome_unresolved:2,translation_status:untranslatable_noise:2",2026-02-16T21:56:48.904558+00:00
doi:10.1007/s11406-017-9841-0,TBL-20260216195807-069,queued_table_remake,translation_status_untranslatable_noise,1,1,1.0000,"effect_unknown:1,legacy_manual_cleanup_flag:1,low_statement_source_overlap:1,outcome_unresolved:1,translation_status:untranslatable_noise:1",2026-02-16T21:56:48.904558+00:00
doi:10.1007/s11406-017-9841-0,TBL-20260216195808-070,queued_table_remake,translation_status_untranslatable_noise,2,2,1.0000,"effect_unknown:2,environment_unresolved:2,legacy_manual_cleanup_flag:2,translation_status:untranslatable_noise:2,low_statement_source_overlap:1",2026-02-16T21:56:48.904558+00:00
doi:10.1007/s11406-017-9841-0,TBL-20260216195808-071,queued_table_remake,translation_status_untranslatable_noise,2,2,1.0000,"effect_unknown:2,environment_unresolved:2,legacy_manual_cleanup_flag:2,outcome_unresolved:2,translation_status:untranslatable_noise:2",2026-02-16T21:56:48.904558+00:00
doi:10.1007/s11406-017-9841-0,TBL-20260216195808-074,queued_table_remake,translation_status_untranslatable_noise,2,2,1.0000,"effect_unknown:2,legacy_manual_cleanup_flag:2,low_statement_source_overlap:2,outcome_unresolved:2,translation_status:untranslatable_noise:2",2026-02-16T21:56:48.904558+00:00
doi:10.1007/s11406-017-9841-0,TBL-20260216195809-075,queued_table_remake,translation_status_untranslatable_noise,2,2,1.0000,"effect_unknown:2,legacy_manual_cleanup_flag:2,low_statement_source_overlap:2,outcome_unresolved:2,translation_status:untranslatable_noise:2",2026-02-16T21:56:48.904558+00:00
doi:10.1007/s11406-017-9841-0,TBL-20260216195809-076,queued_table_remake,translation_status_untranslatable_noise,1,1,1.0000,"effect_unknown:1,legacy_manual_cleanup_flag:1,low_statement_source_overlap:1,outcome_unresolved:1,translation_status:untranslatable_noise:1",2026-02-16T21:56:48.904558+00:00
doi:10.1007/s11406-017-9841-0,TBL-20260216195810-078,queued_table_remake,translation_status_untranslatable_noise,2,2,1.0000,"effect_unknown:2,environment_unresolved:2,legacy_manual_cleanup_flag:2,low_statement_source_overlap:2,outcome_unresolved:2",2026-02-16T21:56:48.904558+00:00
doi:10.1007/s11406-017-9841-0,TBL-20260216195810-079,queued_table_remake,translation_status_untranslatable_noise,2,1,0.5000,"effect_unknown:1,legacy_manual_cleanup_flag:1,low_statement_source_overlap:1,outcome_unresolved:1,translation_status:untranslatable_noise:1",2026-02-16T21:56:48.904558+00:00
doi:10.1007/s11406-017-9841-0,TBL-20260216195810-080,queued_table_remake,translation_status_untranslatable_noise,2,2,1.0000,"effect_unknown:2,environment_unresolved:2,legacy_manual_cleanup_flag:2,low_statement_source_overlap:2,outcome_unresolved:2",2026-02-16T21:56:48.904558+00:00
doi:10.1007/s11406-017-9841-0,TBL-20260216195811-081,queued_table_remake,translation_status_untranslatable_noise,2,1,0.5000,"effect_unknown:1,legacy_manual_cleanup_flag:1,low_statement_source_overlap:1,outcome_unresolved:1,translation_status:untranslatable_noise:1",2026-02-16T21:56:48.904558+00:00
doi:10.1007/s11406-017-9841-0,TBL-20260216195811-082,queued_table_remake,translation_status_untranslatable_noise,2,2,1.0000,"effect_unknown:2,environment_unresolved:2,legacy_manual_cleanup_flag:2,outcome_unresolved:2,translation_status:untranslatable_noise:2",2026-02-16T21:56:48.904558+00:00
doi:10.1007/s11406-017-9841-0,TBL-20260216195811-083,queued_table_remake,translation_status_untranslatable_noise,2,2,1.0000,"effect_unknown:2,environment_unresolved:2,legacy_manual_cleanup_flag:2,low_statement_source_overlap:2,translation_status:untranslatable_noise:2",2026-02-16T21:56:48.904558+00:00
doi:10.1007/s11406-017-9841-0,TBL-20260216195811-084,queued_table_remake,translation_status_untranslatable_noise,2,2,1.0000,"effect_unknown:2,legacy_manual_cleanup_flag:2,low_statement_source_overlap:2,outcome_unresolved:2,translation_status:untranslatable_noise:2",2026-02-16T21:56:48.904558+00:00
doi:10.1007/s11676-023-01683-6,TBL-20260216195743-001,queued_table_remake,translation_status_untranslatable_noise,5,5,1.0000,"effect_unknown:5,legacy_manual_cleanup_flag:5,low_statement_source_overlap:5,translation_status:untranslatable_noise:5,outcome_unresolved:4",2026-02-16T21:56:48.904558+00:00
doi:10.1007/s11676-023-01683-6,TBL-20260216195743-002,queued_table_remake,translation_status_untranslatable_noise,1,1,1.0000,"effect_unknown:1,environment_unresolved:1,legacy_manual_cleanup_flag:1,low_statement_source_overlap:1,outcome_unresolved:1",2026-02-16T21:56:48.904558+00:00
doi:10.1007/s11676-023-01683-6,TBL-20260216195743-003,queued_table_remake,translation_status_untranslatable_noise,1,1,1.0000,"effect_unknown:1,environment_unresolved:1,legacy_manual_cleanup_flag:1,low_statement_source_overlap:1,outcome_unresolved:1",2026-02-16T21:56:48.904558+00:00
doi:10.1007/s11676-023-01683-6,TBL-20260216195743-004,queued_table_remake,translation_status_untranslatable_noise,13,13,1.0000,"effect_unknown:13,legacy_manual_cleanup_flag:13,low_statement_source_overlap:13,outcome_unresolved:13,translation_status:untranslatable_noise:13",2026-02-16T21:56:48.904558+00:00
doi:10.1007/s11676-023-01683-6,TBL-20260216195743-005,queued_table_remake,translation_status_untranslatable_noise,5,5,1.0000,"effect_unknown:5,legacy_manual_cleanup_flag:5,low_statement_source_overlap:5,outcome_unresolved:5,translation_status:untranslatable_noise:5",2026-02-16T21:56:48.904558+00:00
doi:10.1007/s11676-023-01683-6,TBL-20260216195743-006,queued_table_remake,translation_status_untranslatable_noise,24,24,1.0000,"effect_unknown:24,legacy_manual_cleanup_flag:24,low_statement_source_overlap:24,outcome_unresolved:24,translation_status:untranslatable_noise:24",2026-02-16T21:56:48.904558+00:00
doi:10.1007/s11676-023-01683-6,TBL-20260216195743-007,queued_table_remake,translation_status_untranslatable_noise,5,5,1.0000,"effect_unknown:5,legacy_manual_cleanup_flag:5,low_statement_source_overlap:5,outcome_unresolved:5,translation_status:untranslatable_noise:5",2026-02-16T21:56:48.904558+00:00
doi:10.1007/s11676-023-01683-6,TBL-20260216195743-008,queued_table_remake,translation_status_untranslatable_noise,1,1,1.0000,"effect_unknown:1,environment_unresolved:1,legacy_manual_cleanup_flag:1,low_statement_source_overlap:1,outcome_unresolved:1",2026-02-16T21:56:48.904558+00:00
doi:10.1007/s11676-023-01683-6,TBL-20260216195743-009,queued_table_remake,translation_status_untranslatable_noise,25,25,1.0000,"effect_unknown:25,legacy_manual_cleanup_flag:25,low_statement_source_overlap:25,outcome_unresolved:25,translation_status:untranslatable_noise:25",2026-02-16T21:56:48.904558+00:00
doi:10.1007/s11676-023-01683-6,TBL-20260216195743-010,queued_table_remake,translation_status_untranslatable_noise,2,2,1.0000,"effect_unknown:2,environment_unresolved:2,legacy_manual_cleanup_flag:2,low_statement_source_overlap:2,outcome_unresolved:2",2026-02-16T21:56:48.904558+00:00
doi:10.1007/s11676-023-01683-6,TBL-20260216195743-011,queued_table_remake,translation_status_untranslatable_noise,1,1,1.0000,"effect_unknown:1,legacy_manual_cleanup_flag:1,low_statement_source_overlap:1,outcome_unresolved:1,translation_status:untranslatable_noise:1",2026-02-16T21:56:48.904558+00:00
doi:10.1007/s11676-023-01683-6,TBL-20260216195743-012,queued_table_remake,translation_status_untranslatable_noise,1,1,1.0000,"effect_unknown:1,environment_unresolved:1,legacy_manual_cleanup_flag:1,low_statement_source_overlap:1,outcome_unresolved:1",2026-02-16T21:56:48.904558+00:00
doi:10.1007/s11676-023-01683-6,TBL-20260216195743-014,queued_table_remake,translation_status_untranslatable_noise,4,4,1.0000,"effect_unknown:4,environment_unresolved:4,legacy_manual_cleanup_flag:4,low_statement_source_overlap:4,outcome_unresolved:4",2026-02-16T21:56:48.904558+00:00
doi:10.1007/s13762-023-04869-x,TBL-20260216195903-001,queued_table_remake,translation_status_untranslatable_noise,2,2,1.0000,"effect_unknown:2,legacy_manual_cleanup_flag:2,low_statement_source_overlap:2,outcome_unresolved:2,translation_status:untranslatable_noise:2",2026-02-16T21:56:48.904558+00:00
doi:10.1007/s13762-023-04869-x,TBL-20260216195903-002,queued_table_remake,translation_status_untranslatable_noise,3,3,1.0000,"effect_unknown:3,legacy_manual_cleanup_flag:3,outcome_unresolved:3,translation_status:untranslatable_noise:3,environment_unresolved:2",2026-02-16T21:56:48.904558+00:00
doi:10.1007/s13762-023-04869-x,TBL-20260216195903-003,queued_table_remake,translation_status_untranslatable_noise,5,5,1.0000,"effect_unknown:5,legacy_manual_cleanup_flag:5,low_statement_source_overlap:5,outcome_unresolved:5,translation_status:untranslatable_noise:5",2026-02-16T21:56:48.904558+00:00
doi:10.1007/s13762-023-04869-x,TBL-20260216195903-004,queued_table_remake,translation_status_untranslatable_noise,1,1,1.0000,"effect_unknown:1,environment_unresolved:1,legacy_manual_cleanup_flag:1,low_statement_source_overlap:1,outcome_unresolved:1",2026-02-16T21:56:48.904558+00:00
doi:10.1007/s13762-023-04869-x,TBL-20260216195903-005,queued_table_remake,translation_status_untranslatable_noise,1,1,1.0000,"effect_unknown:1,legacy_manual_cleanup_flag:1,low_statement_source_overlap:1,outcome_unresolved:1,translation_status:untranslatable_noise:1",2026-02-16T21:56:48.904558+00:00
doi:10.1007/s44223-024-00073-0,TBL-20260216151912-001,queued_table_remake,translation_status_untranslatable_noise,6,6,1.0000,"auto_denoised:6,auto_reconstructed:6,effect_unknown:6,legacy_manual_cleanup_flag:6,low_statement_source_overlap:6",2026-02-16T21:56:48.904558+00:00
doi:10.1007/s44223-024-00073-0,TBL-20260216151912-002,queued_table_remake,translation_status_untranslatable_noise,3,3,1.0000,"auto_denoised:3,auto_reconstructed:3,effect_unknown:3,legacy_manual_cleanup_flag:3,low_statement_source_overlap:3",2026-02-16T21:56:48.904558+00:00
doi:10.1007/s44223-024-00073-0,TBL-20260216151912-003,queued_table_remake,translation_status_untranslatable_noise,1,1,1.0000,"auto_denoised:1,auto_reconstructed:1,effect_unknown:1,environment_unresolved:1,legacy_manual_cleanup_flag:1",2026-02-16T21:56:48.904558+00:00
doi:10.1016/0010-0285(78)90006-3,TBL-20260216151922-001,queued_table_remake,translation_status_untranslatable_noise,1,1,1.0000,"auto_denoised:1,auto_reconstructed:1,effect_unknown:1,environment_unresolved:1,legacy_manual_cleanup_flag:1",2026-02-16T21:56:48.904558+00:00
doi:10.1016/0010-0285(78)90006-3,TBL-20260216151922-002,queued_table_remake,translation_status_untranslatable_noise,5,5,1.0000,"auto_denoised:5,auto_reconstructed:5,effect_unknown:5,legacy_manual_cleanup_flag:5,low_statement_source_overlap:5",2026-02-16T21:56:48.904558+00:00
doi:10.1016/0010-0285(78)90006-3,TBL-20260216151922-003,queued_table_remake,translation_status_untranslatable_noise,6,6,1.0000,"auto_denoised:6,auto_reconstructed:6,effect_unknown:6,legacy_manual_cleanup_flag:6,outcome_unresolved:6",2026-02-16T21:56:48.904558+00:00
doi:10.1016/0010-0285(78)90006-3,TBL-20260216151922-005,queued_table_remake,translation_status_untranslatable_noise,7,7,1.0000,"auto_denoised:7,auto_reconstructed:7,effect_unknown:7,environment_unresolved:7,legacy_manual_cleanup_flag:7",2026-02-16T21:56:48.904558+00:00
doi:10.1016/0010-0285(78)90006-3,TBL-20260216151922-006,queued_table_remake,translation_status_untranslatable_noise,1,1,1.0000,"auto_denoised:1,auto_reconstructed:1,effect_unknown:1,environment_unresolved:1,legacy_manual_cleanup_flag:1",2026-02-16T21:56:48.904558+00:00
doi:10.1016/0010-0285(78)90006-3,TBL-20260216151922-007,queued_table_remake,translation_status_untranslatable_noise,5,5,1.0000,"auto_denoised:5,auto_reconstructed:5,effect_unknown:5,legacy_manual_cleanup_flag:5,low_statement_source_overlap:5",2026-02-16T21:56:48.904558+00:00
doi:10.1016/0010-0285(78)90006-3,TBL-20260216151922-008,queued_table_remake,translation_status_untranslatable_noise,3,3,1.0000,"auto_denoised:3,auto_reconstructed:3,effect_unknown:3,legacy_manual_cleanup_flag:3,low_statement_source_overlap:3",2026-02-16T21:56:48.904558+00:00
doi:10.1016/0010-0285(78)90006-3,TBL-20260216151922-009,queued_table_remake,translation_status_untranslatable_noise,5,5,1.0000,"auto_denoised:5,auto_reconstructed:5,effect_unknown:5,legacy_manual_cleanup_flag:5,low_statement_source_overlap:5",2026-02-16T21:56:48.904558+00:00
doi:10.1016/0010-0285(78)90006-3,TBL-20260216151922-010,queued_table_remake,translation_status_untranslatable_noise,4,4,1.0000,"auto_denoised:4,auto_reconstructed:4,effect_unknown:4,legacy_manual_cleanup_flag:4,low_statement_source_overlap:4",2026-02-16T21:56:48.904558+00:00
doi:10.1016/0010-0285(87)90008-9,TBL-20260216195915-001,queued_table_remake,translation_status_untranslatable_noise,2,2,1.0000,"effect_unknown:2,legacy_manual_cleanup_flag:2,low_statement_source_overlap:2,outcome_unresolved:2,translation_status:untranslatable_noise:2",2026-02-16T21:56:48.904558+00:00
doi:10.1016/0010-0285(87)90008-9,TBL-20260216195915-002,queued_table_remake,translation_status_untranslatable_noise,9,9,1.0000,"effect_unknown:9,legacy_manual_cleanup_flag:9,low_statement_source_overlap:9,outcome_unresolved:9,translation_status:untranslatable_noise:9",2026-02-16T21:56:48.904558+00:00
doi:10.1016/0010-0285(87)90008-9,TBL-20260216195915-003,queued_table_remake,translation_status_untranslatable_noise,4,4,1.0000,"effect_unknown:4,legacy_manual_cleanup_flag:4,low_statement_source_overlap:4,translation_status:untranslatable_noise:4,outcome_unresolved:3",2026-02-16T21:56:48.904558+00:00
doi:10.1016/0010-0285(87)90008-9,TBL-20260216195915-004,queued_table_remake,translation_status_untranslatable_noise,25,25,1.0000,"effect_unknown:25,legacy_manual_cleanup_flag:25,low_statement_source_overlap:25,outcome_unresolved:25,translation_status:untranslatable_noise:25",2026-02-16T21:56:48.904558+00:00
doi:10.1016/0010-0285(87)90008-9,TBL-20260216195915-005,queued_table_remake,translation_status_untranslatable_noise,2,2,1.0000,"effect_unknown:2,environment_unresolved:2,legacy_manual_cleanup_flag:2,low_statement_source_overlap:2,translation_status:untranslatable_noise:2",2026-02-16T21:56:48.904558+00:00
doi:10.1016/0010-0285(87)90008-9,TBL-20260216195915-006,queued_table_remake,translation_status_untranslatable_noise,4,4,1.0000,"effect_unknown:4,legacy_manual_cleanup_flag:4,outcome_unresolved:4,translation_status:untranslatable_noise:4,environment_unresolved:3",2026-02-16T21:56:48.904558+00:00
doi:10.1016/0010-0285(87)90008-9,TBL-20260216195915-007,queued_table_remake,translation_status_untranslatable_noise,6,6,1.0000,"effect_unknown:6,legacy_manual_cleanup_flag:6,low_statement_source_overlap:6,outcome_unresolved:6,translation_status:untranslatable_noise:6",2026-02-16T21:56:48.904558+00:00
doi:10.1016/0010-0285(87)90008-9,TBL-20260216195915-010,queued_table_remake,translation_status_untranslatable_noise,7,7,1.0000,"effect_unknown:7,legacy_manual_cleanup_flag:7,low_statement_source_overlap:7,outcome_unresolved:7,translation_status:untranslatable_noise:7",2026-02-16T21:56:48.904558+00:00
doi:10.1016/0010-0285(87)90008-9,TBL-20260216195915-011,queued_table_remake,translation_status_untranslatable_noise,2,2,1.0000,"effect_unknown:2,environment_unresolved:2,legacy_manual_cleanup_flag:2,low_statement_source_overlap:2,outcome_unresolved:2",2026-02-16T21:56:48.904558+00:00
doi:10.1016/0272-4944(95)90013-6,TBL-20260216195914-001,queued_table_remake,translation_status_untranslatable_noise,2,2,1.0000,"effect_unknown:2,legacy_manual_cleanup_flag:2,low_statement_source_overlap:2,outcome_unresolved:2,translation_status:untranslatable_noise:2",2026-02-16T21:56:48.904558+00:00
doi:10.1016/0272-4944(95)90013-6,TBL-20260216195914-002,queued_table_remake,translation_status_untranslatable_noise,6,6,1.0000,"effect_unknown:6,legacy_manual_cleanup_flag:6,low_statement_source_overlap:6,translation_status:untranslatable_noise:6,outcome_unresolved:4",2026-02-16T21:56:48.904558+00:00
doi:10.1016/0272-4944(95)90013-6,TBL-20260216195914-003,queued_table_remake,translation_status_untranslatable_noise,5,5,1.0000,"effect_unknown:5,legacy_manual_cleanup_flag:5,low_statement_source_overlap:5,outcome_unresolved:5,translation_status:untranslatable_noise:5",2026-02-16T21:56:48.904558+00:00
doi:10.1016/0272-4944(95)90013-6,TBL-20260216195914-004,queued_table_remake,translation_status_untranslatable_noise,3,3,1.0000,"effect_unknown:3,legacy_manual_cleanup_flag:3,low_statement_source_overlap:3,translation_status:untranslatable_noise:3,environment_unresolved:2",2026-02-16T21:56:48.904558+00:00
doi:10.1016/0272-4944(95)90013-6,TBL-20260216195914-005,queued_table_remake,translation_status_untranslatable_noise,1,1,1.0000,"effect_unknown:1,environment_unresolved:1,legacy_manual_cleanup_flag:1,low_statement_source_overlap:1,outcome_unresolved:1",2026-02-16T21:56:48.904558+00:00
doi:10.1016/0272-4944(95)90013-6,TBL-20260216195914-006,queued_table_remake,translation_status_untranslatable_noise,1,1,1.0000,"effect_unknown:1,environment_unresolved:1,legacy_manual_cleanup_flag:1,low_statement_source_overlap:1,outcome_unresolved:1",2026-02-16T21:56:48.904558+00:00
doi:10.1016/0272-4944(95)90013-6,TBL-20260216195914-007,queued_table_remake,translation_status_untranslatable_noise,13,13,1.0000,"effect_unknown:13,legacy_manual_cleanup_flag:13,low_statement_source_overlap:13,translation_status:untranslatable_noise:13,outcome_unresolved:10",2026-02-16T21:56:48.904558+00:00
doi:10.1016/0272-4944(95)90013-6,TBL-20260216195914-008,queued_table_remake,translation_status_untranslatable_noise,8,8,1.0000,"effect_unknown:8,legacy_manual_cleanup_flag:8,low_statement_source_overlap:8,translation_status:untranslatable_noise:8,outcome_unresolved:7",2026-02-16T21:56:48.904558+00:00
doi:10.1016/b978-0-12-802075-3.00011-5,TBL-20260216152001-001,queued_table_remake,translation_status_untranslatable_noise,4,4,1.0000,"auto_denoised:4,auto_reconstructed:4,effect_unknown:4,legacy_manual_cleanup_flag:4,low_statement_source_overlap:4",2026-02-16T21:56:48.904558+00:00
doi:10.1016/b978-0-12-802075-3.00011-5,TBL-20260216152001-003,queued_table_remake,translation_status_untranslatable_noise,1,1,1.0000,"auto_denoised:1,auto_reconstructed:1,effect_unknown:1,environment_unresolved:1,legacy_manual_cleanup_flag:1",2026-02-16T21:56:48.904558+00:00
doi:10.1016/b978-0-12-802075-3.00011-5,TBL-20260216152001-004,queued_table_remake,translation_status_untranslatable_noise,6,6,1.0000,"auto_denoised:6,auto_reconstructed:6,effect_unknown:6,legacy_manual_cleanup_flag:6,low_statement_source_overlap:6",2026-02-16T21:56:48.904558+00:00
doi:10.1016/b978-0-12-802075-3.00011-5,TBL-20260216152001-005,queued_table_remake,translation_status_untranslatable_noise,4,4,1.0000,"auto_denoised:4,auto_reconstructed:4,effect_unknown:4,environment_unresolved:4,legacy_manual_cleanup_flag:4",2026-02-16T21:56:48.904558+00:00
doi:10.1016/b978-0-444-53817-8.00007-4,TBL-20260216195926-001,queued_table_remake,translation_status_untranslatable_noise,1,1,1.0000,"effect_unknown:1,legacy_manual_cleanup_flag:1,low_statement_source_overlap:1,outcome_unresolved:1,source_row_low_information:1",2026-02-16T21:56:48.904558+00:00
doi:10.1016/j.actpsy.2015.06.005,TBL-20260216152453-001,queued_table_remake,translation_status_untranslatable_noise,10,10,1.0000,"auto_denoised:10,auto_reconstructed:10,effect_unknown:10,legacy_manual_cleanup_flag:10,low_statement_source_overlap:10",2026-02-16T21:56:48.904558+00:00
doi:10.1016/j.actpsy.2015.06.005,TBL-20260216152453-003,queued_table_remake,translation_status_untranslatable_noise,6,6,1.0000,"auto_denoised:6,auto_reconstructed:6,effect_unknown:6,legacy_manual_cleanup_flag:6,outcome_unresolved:6",2026-02-16T21:56:48.904558+00:00
doi:10.1016/j.actpsy.2021.103285,TBL-20260216195941-005,queued_table_remake,translation_status_untranslatable_noise,2,2,1.0000,"effect_unknown:2,legacy_manual_cleanup_flag:2,low_statement_source_overlap:2,outcome_unresolved:2,source_row_low_information:2",2026-02-16T21:56:48.904558+00:00
doi:10.1016/j.actpsy.2021.103285,TBL-20260216195941-006,queued_table_remake,translation_status_untranslatable_noise,1,1,1.0000,"effect_unknown:1,legacy_manual_cleanup_flag:1,low_statement_source_overlap:1,outcome_unresolved:1,source_row_low_information:1",2026-02-16T21:56:48.904558+00:00
doi:10.1016/j.actpsy.2021.103285,TBL-20260216195941-007,queued_table_remake,translation_status_untranslatable_noise,1,1,1.0000,"effect_unknown:1,legacy_manual_cleanup_flag:1,low_statement_source_overlap:1,outcome_unresolved:1,source_row_low_information:1",2026-02-16T21:56:48.904558+00:00
doi:10.1016/j.actpsy.2021.103285,TBL-20260216195941-008,queued_table_remake,translation_status_untranslatable_noise,1,1,1.0000,"effect_unknown:1,legacy_manual_cleanup_flag:1,low_statement_source_overlap:1,outcome_unresolved:1,source_row_low_information:1",2026-02-16T21:56:48.904558+00:00
doi:10.1016/j.actpsy.2021.103285,TBL-20260216195941-009,queued_table_remake,translation_status_untranslatable_noise,1,1,1.0000,"effect_unknown:1,legacy_manual_cleanup_flag:1,low_statement_source_overlap:1,outcome_unresolved:1,source_row_low_information:1",2026-02-16T21:56:48.904558+00:00
doi:10.1016/j.actpsy.2021.103285,TBL-20260216195941-010,queued_table_remake,translation_status_untranslatable_noise,1,1,1.0000,"effect_unknown:1,legacy_manual_cleanup_flag:1,low_statement_source_overlap:1,outcome_unresolved:1,source_row_low_information:1",2026-02-16T21:56:48.904558+00:00
doi:10.1016/j.actpsy.2021.103285,TBL-20260216195942-017,queued_table_remake,translation_status_untranslatable_noise,29,2,0.0690,"translation_status:inferred:27,effect_unknown:2,environment_unresolved:2,legacy_manual_cleanup_flag:2,low_statement_source_overlap:2",2026-02-16T21:56:48.904558+00:00
doi:10.1016/j.actpsy.2021.103285,TBL-20260216195942-018,queued_table_remake,translation_status_untranslatable_noise,28,1,0.0357,"translation_status:inferred:27,effect_unknown:1,environment_unresolved:1,legacy_manual_cleanup_flag:1,low_statement_source_overlap:1",2026-02-16T21:56:48.904558+00:00
doi:10.1016/j.actpsy.2021.103285,TBL-20260216195942-019,queued_table_remake,translation_status_untranslatable_noise,16,11,0.6875,"effect_unknown:11,legacy_manual_cleanup_flag:11,low_statement_source_overlap:11,outcome_unresolved:11,translation_status:untranslatable_noise:11",2026-02-16T21:56:48.904558+00:00
doi:10.1016/j.asej.2022.101810,TBL-20260214155418-001,queued_table_remake,translation_status_untranslatable_noise,7,7,1.0000,"auto_denoised:7,auto_reconstructed:7,effect_unknown:7,legacy_manual_cleanup_flag:7,low_statement_source_overlap:7",2026-02-16T21:56:48.904558+00:00
doi:10.1016/j.asej.2022.101810,TBL-20260214155418-003,queued_table_remake,translation_status_untranslatable_noise,1,1,1.0000,"auto_denoised:1,auto_reconstructed:1,effect_unknown:1,environment_unresolved:1,legacy_manual_cleanup_flag:1",2026-02-16T21:56:48.904558+00:00
doi:10.1016/j.asej.2022.101810,TBL-20260214155418-004,queued_table_remake,translation_status_untranslatable_noise,4,4,1.0000,"auto_denoised:4,auto_reconstructed:4,effect_unknown:4,legacy_manual_cleanup_flag:4,low_statement_source_overlap:4",2026-02-16T21:56:48.904558+00:00
doi:10.1016/j.asej.2022.101810,TBL-20260214155418-005,queued_table_remake,translation_status_untranslatable_noise,2,2,1.0000,"auto_denoised:2,auto_reconstructed:2,effect_unknown:2,legacy_manual_cleanup_flag:2,low_statement_source_overlap:2",2026-02-16T21:56:48.904558+00:00
doi:10.1016/j.asej.2022.101810,TBL-20260214192645-001,queued_table_remake,translation_status_untranslatable_noise,7,7,1.0000,"auto_denoised:7,auto_reconstructed:7,effect_unknown:7,legacy_manual_cleanup_flag:7,low_statement_source_overlap:7",2026-02-16T21:56:48.904558+00:00
doi:10.1016/j.asej.2022.101810,TBL-20260214192645-003,queued_table_remake,translation_status_untranslatable_noise,1,1,1.0000,"auto_denoised:1,auto_reconstructed:1,effect_unknown:1,environment_unresolved:1,legacy_manual_cleanup_flag:1",2026-02-16T21:56:48.904558+00:00
doi:10.1016/j.asej.2022.101810,TBL-20260214192645-004,queued_table_remake,translation_status_untranslatable_noise,4,4,1.0000,"auto_denoised:4,auto_reconstructed:4,effect_unknown:4,legacy_manual_cleanup_flag:4,low_statement_source_overlap:4",2026-02-16T21:56:48.904558+00:00
doi:10.1016/j.asej.2022.101810,TBL-20260214192645-005,queued_table_remake,translation_status_untranslatable_noise,2,2,1.0000,"auto_denoised:2,auto_reconstructed:2,effect_unknown:2,legacy_manual_cleanup_flag:2,low_statement_source_overlap:2",2026-02-16T21:56:48.904558+00:00
doi:10.1016/j.asej.2022.101810,TBL-20260215012826-001,queued_table_remake,translation_status_untranslatable_noise,7,7,1.0000,"auto_denoised:7,auto_reconstructed:7,effect_unknown:7,legacy_manual_cleanup_flag:7,low_statement_source_overlap:7",2026-02-16T21:56:48.904558+00:00
doi:10.1016/j.asej.2022.101810,TBL-20260215012826-003,queued_table_remake,translation_status_untranslatable_noise,1,1,1.0000,"auto_denoised:1,auto_reconstructed:1,effect_unknown:1,environment_unresolved:1,legacy_manual_cleanup_flag:1",2026-02-16T21:56:48.904558+00:00
doi:10.1016/j.asej.2022.101810,TBL-20260215012826-004,queued_table_remake,translation_status_untranslatable_noise,4,4,1.0000,"auto_denoised:4,auto_reconstructed:4,effect_unknown:4,legacy_manual_cleanup_flag:4,low_statement_source_overlap:4",2026-02-16T21:56:48.904558+00:00
doi:10.1016/j.asej.2022.101810,TBL-20260215012826-005,queued_table_remake,translation_status_untranslatable_noise,2,2,1.0000,"auto_denoised:2,auto_reconstructed:2,effect_unknown:2,legacy_manual_cleanup_flag:2,low_statement_source_overlap:2",2026-02-16T21:56:48.904558+00:00
doi:10.1016/j.buildenv.2018.04.029,TBL-20260216195942-001,queued_table_remake,translation_status_untranslatable_noise,4,4,1.0000,"effect_unknown:4,environment_unresolved:4,legacy_manual_cleanup_flag:4,low_statement_source_overlap:4,outcome_unresolved:4",2026-02-16T21:56:48.904558+00:00
doi:10.1016/j.buildenv.2018.04.029,TBL-20260216195942-002,queued_table_remake,translation_status_untranslatable_noise,1,1,1.0000,"effect_unknown:1,environment_unresolved:1,legacy_manual_cleanup_flag:1,low_statement_source_overlap:1,outcome_unresolved:1",2026-02-16T21:56:48.904558+00:00
doi:10.1016/j.buildenv.2018.04.029,TBL-20260216195945-003,queued_table_remake,translation_status_untranslatable_noise,2,1,0.5000,"translation_status:inferred:1,effect_unknown:1,environment_unresolved:1,legacy_manual_cleanup_flag:1,low_statement_source_overlap:1",2026-02-16T21:56:48.904558+00:00
doi:10.1016/j.buildenv.2018.04.029,TBL-20260216195946-005,queued_table_remake,translation_status_untranslatable_noise,2,2,1.0000,"effect_unknown:2,legacy_manual_cleanup_flag:2,low_statement_source_overlap:2,outcome_unresolved:2,source_row_low_information:2",2026-02-16T21:56:48.904558+00:00
doi:10.1016/j.buildenv.2018.04.029,TBL-20260216195949-006,queued_table_remake,translation_status_untranslatable_noise,13,11,0.8462,"outcome_unresolved:12,effect_unknown:11,legacy_manual_cleanup_flag:11,low_statement_source_overlap:11,source_row_low_information:11",2026-02-16T21:56:48.904558+00:00
doi:10.1016/j.buildenv.2018.04.029,TBL-20260216195949-007,queued_table_remake,translation_status_untranslatable_noise,1,1,1.0000,"effect_unknown:1,environment_unresolved:1,legacy_manual_cleanup_flag:1,low_statement_source_overlap:1,outcome_unresolved:1",2026-02-16T21:56:48.904558+00:00
doi:10.1016/j.buildenv.2018.04.029,TBL-20260216195950-008,queued_table_remake,translation_status_untranslatable_noise,18,18,1.0000,"effect_unknown:18,environment_unresolved:18,legacy_manual_cleanup_flag:18,low_statement_source_overlap:18,outcome_unresolved:18",2026-02-16T21:56:48.904558+00:00
doi:10.1016/j.buildenv.2018.04.029,TBL-20260216195950-009,queued_table_remake,translation_status_untranslatable_noise,28,1,0.0357,"translation_status:inferred:27,source_row_low_information:23,statement_low_information:22,effect_unknown:1,environment_unresolved:1",2026-02-16T21:56:48.904558+00:00
doi:10.1016/j.buildenv.2018.04.029,TBL-20260216195953-011,queued_table_remake,translation_status_untranslatable_noise,13,4,0.3077,"source_row_low_information:11,translation_status:inferred:9,statement_low_information:7,effect_unknown:4,environment_unresolved:4",2026-02-16T21:56:48.904558+00:00
doi:10.1016/j.buildenv.2021.108733,TBL-20260214160930-001,queued_table_remake,translation_status_untranslatable_noise,8,8,1.0000,"auto_denoised:8,auto_reconstructed:8,effect_unknown:8,legacy_manual_cleanup_flag:8,low_statement_source_overlap:8",2026-02-16T21:56:48.904558+00:00
doi:10.1016/j.buildenv.2021.108733,TBL-20260214160930-003,queued_table_remake,translation_status_untranslatable_noise,2,2,1.0000,"auto_denoised:2,auto_reconstructed:2,effect_unknown:2,environment_unresolved:2,legacy_manual_cleanup_flag:2",2026-02-16T21:56:48.904558+00:00
doi:10.1016/j.buildenv.2021.108733,TBL-20260214160930-004,queued_table_remake,translation_status_untranslatable_noise,1,1,1.0000,"auto_denoised:1,auto_reconstructed:1,effect_unknown:1,environment_unresolved:1,legacy_manual_cleanup_flag:1",2026-02-16T21:56:48.904558+00:00
doi:10.1016/j.buildenv.2021.108733,TBL-20260214160930-005,queued_table_remake,translation_status_untranslatable_noise,1,1,1.0000,"auto_denoised:1,auto_reconstructed:1,effect_unknown:1,environment_unresolved:1,legacy_manual_cleanup_flag:1",2026-02-16T21:56:48.904558+00:00
doi:10.1016/j.compfluid.2019.06.031,TBL-20260216200033-003,queued_table_remake,translation_status_untranslatable_noise,5,1,0.2000,"translation_status:inferred:4,effect_unknown:1,environment_unresolved:1,legacy_manual_cleanup_flag:1,low_statement_source_overlap:1",2026-02-16T21:56:48.904558+00:00
doi:10.1016/j.compfluid.2019.06.031,TBL-20260216200034-006,queued_table_remake,translation_status_untranslatable_noise,1,1,1.0000,"effect_unknown:1,environment_unresolved:1,legacy_manual_cleanup_flag:1,low_statement_source_overlap:1,outcome_unresolved:1",2026-02-16T21:56:48.904558+00:00
doi:10.1016/j.compfluid.2019.06.031,TBL-20260216200034-009,queued_table_remake,translation_status_untranslatable_noise,1,1,1.0000,"effect_unknown:1,environment_unresolved:1,legacy_manual_cleanup_flag:1,low_statement_source_overlap:1,outcome_unresolved:1",2026-02-16T21:56:48.904558+00:00
doi:10.1016/j.compfluid.2019.06.031,TBL-20260216200034-011,queued_table_remake,translation_status_untranslatable_noise,1,1,1.0000,"effect_unknown:1,environment_unresolved:1,legacy_manual_cleanup_flag:1,low_statement_source_overlap:1,outcome_unresolved:1",2026-02-16T21:56:48.904558+00:00
doi:10.1016/j.compfluid.2019.06.031,TBL-20260216200035-014,queued_table_remake,translation_status_untranslatable_noise,2,2,1.0000,"effect_unknown:2,environment_unresolved:2,legacy_manual_cleanup_flag:2,low_statement_source_overlap:2,outcome_unresolved:2",2026-02-16T21:56:48.904558+00:00
doi:10.1016/j.compfluid.2019.06.031,TBL-20260216200035-015,queued_table_remake,translation_status_untranslatable_noise,2,2,1.0000,"effect_unknown:2,environment_unresolved:2,legacy_manual_cleanup_flag:2,low_statement_source_overlap:2,outcome_unresolved:2",2026-02-16T21:56:48.904558+00:00
doi:10.1016/j.compfluid.2019.06.031,TBL-20260216200036-016,queued_table_remake,translation_status_untranslatable_noise,1,1,1.0000,"effect_unknown:1,legacy_manual_cleanup_flag:1,low_statement_source_overlap:1,outcome_unresolved:1,source_row_low_information:1",2026-02-16T21:56:48.904558+00:00
doi:10.1016/j.enbuild.2022.112079,TBL-20260214155716-001,queued_table_remake,translation_status_untranslatable_noise,1,1,1.0000,"auto_denoised:1,auto_reconstructed:1,effect_unknown:1,environment_unresolved:1,legacy_manual_cleanup_flag:1",2026-02-16T21:56:48.904558+00:00
doi:10.1016/j.envres.2020.110169,TBL-20260216200045-001,queued_table_remake,translation_status_untranslatable_noise,3,3,1.0000,"effect_unknown:3,legacy_manual_cleanup_flag:3,low_statement_source_overlap:3,outcome_unresolved:3,source_row_low_information:3",2026-02-16T21:56:48.904558+00:00
doi:10.1016/j.erss.2016.02.008,TBL-20260216200057-002,queued_table_remake,translation_status_untranslatable_noise,5,5,1.0000,"effect_unknown:5,legacy_manual_cleanup_flag:5,low_statement_source_overlap:5,outcome_unresolved:5,translation_status:untranslatable_noise:5",2026-02-16T21:56:48.904558+00:00
doi:10.1016/j.erss.2016.02.008,TBL-20260216200057-003,queued_table_remake,translation_status_untranslatable_noise,3,3,1.0000,"effect_unknown:3,environment_unresolved:3,legacy_manual_cleanup_flag:3,low_statement_source_overlap:3,outcome_unresolved:3",2026-02-16T21:56:48.904558+00:00
doi:10.1016/j.erss.2016.02.008,TBL-20260216200057-004,queued_table_remake,translation_status_untranslatable_noise,1,1,1.0000,"effect_unknown:1,environment_unresolved:1,legacy_manual_cleanup_flag:1,low_statement_source_overlap:1,outcome_unresolved:1",2026-02-16T21:56:48.904558+00:00
doi:10.1016/j.erss.2016.02.008,TBL-20260216200057-007,queued_table_remake,translation_status_untranslatable_noise,9,9,1.0000,"effect_unknown:9,legacy_manual_cleanup_flag:9,low_statement_source_overlap:9,outcome_unresolved:9,translation_status:untranslatable_noise:9",2026-02-16T21:56:48.904558+00:00
doi:10.1016/j.erss.2016.02.008,TBL-20260216200057-009,queued_table_remake,translation_status_untranslatable_noise,25,25,1.0000,"effect_unknown:25,legacy_manual_cleanup_flag:25,low_statement_source_overlap:25,translation_status:untranslatable_noise:25,outcome_unresolved:24",2026-02-16T21:56:48.904558+00:00
doi:10.1016/j.erss.2016.02.008,TBL-20260216200057-011,queued_table_remake,translation_status_untranslatable_noise,4,4,1.0000,"effect_unknown:4,legacy_manual_cleanup_flag:4,low_statement_source_overlap:4,outcome_unresolved:4,translation_status:untranslatable_noise:4",2026-02-16T21:56:48.904558+00:00
doi:10.1016/j.landurbplan.2012.12.013,TBL-20260216200056-004,queued_table_remake,translation_status_untranslatable_noise,4,4,1.0000,"effect_unknown:4,legacy_manual_cleanup_flag:4,low_statement_source_overlap:4,outcome_unresolved:4,source_row_low_information:4",2026-02-16T21:56:48.904558+00:00
doi:10.1016/j.neuropsychologia.2014.08.030,TBL-20260216200114-007,queued_table_remake,translation_status_untranslatable_noise,2,2,1.0000,"effect_unknown:2,legacy_manual_cleanup_flag:2,low_statement_source_overlap:2,outcome_unresolved:2,source_row_low_information:2",2026-02-16T21:56:48.904558+00:00
doi:10.1016/j.neuropsychologia.2014.08.030,TBL-20260216200114-008,queued_table_remake,translation_status_untranslatable_noise,2,2,1.0000,"effect_unknown:2,legacy_manual_cleanup_flag:2,low_statement_source_overlap:2,outcome_unresolved:2,translation_status:untranslatable_noise:2",2026-02-16T21:56:48.904558+00:00
doi:10.1016/j.neuropsychologia.2014.08.030,TBL-20260216200116-014,queued_table_remake,translation_status_untranslatable_noise,17,2,0.1176,"translation_status:inferred:15,effect_unknown:2,environment_unresolved:2,legacy_manual_cleanup_flag:2,low_statement_source_overlap:2",2026-02-16T21:56:48.904558+00:00
doi:10.1016/j.neuropsychologia.2014.08.030,TBL-20260216200117-016,queued_table_remake,translation_status_untranslatable_noise,7,3,0.4286,"translation_status:inferred:4,outcome_unresolved:4,source_row_low_information:4,effect_unknown:3,legacy_manual_cleanup_flag:3",2026-02-16T21:56:48.904558+00:00
doi:10.1016/j.neuropsychologia.2014.08.030,TBL-20260216200119-019,queued_table_remake,translation_status_untranslatable_noise,26,1,0.0385,"translation_status:inferred:25,effect_unknown:1,legacy_manual_cleanup_flag:1,low_statement_source_overlap:1,outcome_unresolved:1",2026-02-16T21:56:48.904558+00:00
doi:10.1016/j.neuropsychologia.2014.08.030,TBL-20260216200119-020,queued_table_remake,translation_status_untranslatable_noise,25,13,0.5200,"effect_unknown:13,legacy_manual_cleanup_flag:13,low_statement_source_overlap:13,outcome_unresolved:13,source_row_low_information:13",2026-02-16T21:56:48.904558+00:00
doi:10.1016/j.neuropsychologia.2014.08.030,TBL-20260216200119-021,queued_table_remake,translation_status_untranslatable_noise,5,3,0.6000,"effect_unknown:3,legacy_manual_cleanup_flag:3,low_statement_source_overlap:3,outcome_unresolved:3,source_row_low_information:3",2026-02-16T21:56:48.904558+00:00
doi:10.1016/j.neuropsychologia.2014.08.030,TBL-20260216200119-022,queued_table_remake,translation_status_untranslatable_noise,17,17,1.0000,"effect_unknown:17,legacy_manual_cleanup_flag:17,low_statement_source_overlap:17,outcome_unresolved:17,source_row_low_information:17",2026-02-16T21:56:48.904558+00:00
doi:10.1016/j.neuropsychologia.2014.08.030,TBL-20260216200119-023,queued_table_remake,translation_status_untranslatable_noise,4,2,0.5000,"effect_unknown:2,legacy_manual_cleanup_flag:2,low_statement_source_overlap:2,outcome_unresolved:2,source_row_low_information:2",2026-02-16T21:56:48.904558+00:00
doi:10.1016/j.neuropsychologia.2014.08.030,TBL-20260216200119-024,queued_table_remake,translation_status_untranslatable_noise,11,11,1.0000,"effect_unknown:11,legacy_manual_cleanup_flag:11,low_statement_source_overlap:11,outcome_unresolved:11,source_row_low_information:11",2026-02-16T21:56:48.904558+00:00
doi:10.1016/j.neuropsychologia.2014.08.030,TBL-20260216200119-025,queued_table_remake,translation_status_untranslatable_noise,14,14,1.0000,"effect_unknown:14,legacy_manual_cleanup_flag:14,low_statement_source_overlap:14,outcome_unresolved:14,source_row_low_information:14",2026-02-16T21:56:48.904558+00:00
doi:10.1016/j.neuropsychologia.2014.08.030,TBL-20260216200122-029,queued_table_remake,translation_status_untranslatable_noise,3,1,0.3333,"source_row_low_information:3,statement_low_information:2,translation_status:inferred:2,effect_unknown:1,environment_unresolved:1",2026-02-16T21:56:48.904558+00:00
doi:10.1016/j.neuropsychologia.2014.08.030,TBL-20260216200122-030,queued_table_remake,translation_status_untranslatable_noise,2,2,1.0000,"effect_unknown:2,environment_unresolved:2,legacy_manual_cleanup_flag:2,low_statement_source_overlap:2,outcome_unresolved:2",2026-02-16T21:56:48.904558+00:00
doi:10.1016/j.neuropsychologia.2014.08.030,TBL-20260216200122-032,queued_table_remake,translation_status_untranslatable_noise,3,1,0.3333,"translation_status:inferred:2,effect_unknown:1,environment_unresolved:1,legacy_manual_cleanup_flag:1,low_statement_source_overlap:1",2026-02-16T21:56:48.904558+00:00
doi:10.1016/j.neuropsychologia.2014.08.030,TBL-20260216200122-033,queued_table_remake,translation_status_untranslatable_noise,3,3,1.0000,"effect_unknown:3,legacy_manual_cleanup_flag:3,low_statement_source_overlap:3,outcome_unresolved:3,source_row_low_information:3",2026-02-16T21:56:48.904558+00:00
doi:10.1016/j.neuropsychologia.2014.08.030,TBL-20260216200122-052,queued_table_remake,translation_status_untranslatable_noise,5,1,0.2000,"source_row_low_information:5,statement_low_information:4,translation_status:inferred:4,effect_unknown:1,environment_unresolved:1",2026-02-16T21:56:48.904558+00:00
doi:10.1016/j.neuropsychologia.2014.08.030,TBL-20260216200122-053,queued_table_remake,translation_status_untranslatable_noise,11,3,0.2727,"translation_status:inferred:8,effect_unknown:3,environment_unresolved:3,legacy_manual_cleanup_flag:3,low_statement_source_overlap:3",2026-02-16T21:56:48.904558+00:00
doi:10.1016/j.neuropsychologia.2014.08.030,TBL-20260216200122-065,queued_table_remake,translation_status_untranslatable_noise,2,1,0.5000,"translation_status:inferred:1,effect_unknown:1,environment_unresolved:1,legacy_manual_cleanup_flag:1,low_statement_source_overlap:1",2026-02-16T21:56:48.904558+00:00
doi:10.1016/j.neuropsychologia.2014.08.030,TBL-20260216200122-078,queued_table_remake,translation_status_untranslatable_noise,43,8,0.1860,"translation_status:inferred:35,effect_unknown:8,legacy_manual_cleanup_flag:8,low_statement_source_overlap:8,outcome_unresolved:8",2026-02-16T21:56:48.904558+00:00
doi:10.1016/j.neuropsychologia.2014.08.030,TBL-20260216200122-079,queued_table_remake,translation_status_untranslatable_noise,13,2,0.1538,"translation_status:inferred:11,source_row_low_information:4,statement_low_information:2,effect_unknown:2,legacy_manual_cleanup_flag:2",2026-02-16T21:56:48.904558+00:00
doi:10.1016/j.neuropsychologia.2014.08.030,TBL-20260216200123-080,queued_table_remake,translation_status_untranslatable_noise,16,8,0.5000,"translation_status:inferred:8,effect_unknown:8,legacy_manual_cleanup_flag:8,low_statement_source_overlap:8,outcome_unresolved:8",2026-02-16T21:56:48.904558+00:00
doi:10.1016/j.neuropsychologia.2014.08.030,TBL-20260216200123-081,queued_table_remake,translation_status_untranslatable_noise,6,2,0.3333,"translation_status:inferred:4,effect_unknown:2,legacy_manual_cleanup_flag:2,low_statement_source_overlap:2,outcome_unresolved:2",2026-02-16T21:56:48.904558+00:00
doi:10.1016/j.neuropsychologia.2014.08.030,TBL-20260216200123-083,queued_table_remake,translation_status_untranslatable_noise,3,3,1.0000,"effect_unknown:3,legacy_manual_cleanup_flag:3,low_statement_source_overlap:3,outcome_unresolved:3,source_row_low_information:3",2026-02-16T21:56:48.904558+00:00
doi:10.1016/j.neuropsychologia.2014.08.030,TBL-20260216200123-084,queued_table_remake,translation_status_untranslatable_noise,7,3,0.4286,"source_row_low_information:4,translation_status:inferred:4,effect_unknown:3,environment_unresolved:3,legacy_manual_cleanup_flag:3",2026-02-16T21:56:48.904558+00:00
doi:10.1016/j.neuropsychologia.2014.08.030,TBL-20260216200123-086,queued_table_remake,translation_status_untranslatable_noise,7,7,1.0000,"effect_unknown:7,legacy_manual_cleanup_flag:7,low_statement_source_overlap:7,outcome_unresolved:7,source_row_low_information:7",2026-02-16T21:56:48.904558+00:00
doi:10.1016/j.neuropsychologia.2014.08.030,TBL-20260216200123-087,queued_table_remake,translation_status_untranslatable_noise,6,6,1.0000,"effect_unknown:6,legacy_manual_cleanup_flag:6,low_statement_source_overlap:6,outcome_unresolved:6,source_row_low_information:6",2026-02-16T21:56:48.904558+00:00
doi:10.1016/j.neuropsychologia.2014.08.030,TBL-20260216200123-088,queued_table_remake,translation_status_untranslatable_noise,8,2,0.2500,"translation_status:inferred:6,source_row_low_information:3,effect_unknown:2,environment_unresolved:2,legacy_manual_cleanup_flag:2",2026-02-16T21:56:48.904558+00:00
doi:10.1016/j.smrv.2007.07.009,TBL-20260216200220-002,queued_table_remake,translation_status_untranslatable_noise,1,1,1.0000,"effect_unknown:1,legacy_manual_cleanup_flag:1,low_statement_source_overlap:1,outcome_unresolved:1,source_row_low_information:1",2026-02-16T21:56:48.904558+00:00
doi:10.1016/j.tics.2010.06.008,TBL-20260216200230-001,queued_table_remake,translation_status_untranslatable_noise,2,2,1.0000,"effect_unknown:2,legacy_manual_cleanup_flag:2,low_statement_source_overlap:2,outcome_unresolved:2,translation_status:untranslatable_noise:2",2026-02-16T21:56:48.904558+00:00
doi:10.1016/j.tics.2010.06.008,TBL-20260216200230-002,queued_table_remake,translation_status_untranslatable_noise,9,9,1.0000,"effect_unknown:9,legacy_manual_cleanup_flag:9,low_statement_source_overlap:9,outcome_unresolved:9,translation_status:untranslatable_noise:9",2026-02-16T21:56:48.904558+00:00
doi:10.1016/j.tics.2010.06.008,TBL-20260216200230-003,queued_table_remake,translation_status_untranslatable_noise,1,1,1.0000,"effect_unknown:1,environment_unresolved:1,legacy_manual_cleanup_flag:1,low_statement_source_overlap:1,outcome_unresolved:1",2026-02-16T21:56:48.904558+00:00
doi:10.1016/j.tics.2010.06.008,TBL-20260216200230-004,queued_table_remake,translation_status_untranslatable_noise,2,2,1.0000,"effect_unknown:2,environment_unresolved:2,legacy_manual_cleanup_flag:2,low_statement_source_overlap:2,outcome_unresolved:2",2026-02-16T21:56:48.904558+00:00
doi:10.1037/0033-295x.113.2.358,TBL-20260216200238-011,queued_table_remake,translation_status_untranslatable_noise,11,2,0.1818,"translation_status:inferred:9,effect_unknown:2,environment_unresolved:2,legacy_manual_cleanup_flag:2,low_statement_source_overlap:2",2026-02-16T21:56:48.904558+00:00
doi:10.1037/0033-295x.113.2.358,TBL-20260216200240-012,queued_table_remake,translation_status_untranslatable_noise,2,1,0.5000,"translation_status:inferred:1,effect_unknown:1,legacy_manual_cleanup_flag:1,low_statement_source_overlap:1,outcome_unresolved:1",2026-02-16T21:56:48.904558+00:00
doi:10.1037/0033-295x.113.2.358,TBL-20260216200240-013,queued_table_remake,translation_status_untranslatable_noise,40,4,0.1000,"translation_status:inferred:36,effect_unknown:4,legacy_manual_cleanup_flag:4,low_statement_source_overlap:4,outcome_unresolved:4",2026-02-16T21:56:48.904558+00:00
doi:10.1037/0033-295x.113.2.358,TBL-20260216200240-015,queued_table_remake,translation_status_untranslatable_noise,34,3,0.0882,"translation_status:inferred:31,effect_unknown:3,environment_unresolved:3,legacy_manual_cleanup_flag:3,low_statement_source_overlap:3",2026-02-16T21:56:48.904558+00:00
doi:10.1037/a0037983,TBL-20260214160830-001,queued_table_remake,translation_status_untranslatable_noise,2,2,1.0000,"auto_denoised:2,auto_reconstructed:2,effect_unknown:2,legacy_manual_cleanup_flag:2,low_statement_source_overlap:2",2026-02-16T21:56:48.904558+00:00
doi:10.1037/a0037983,TBL-20260214160830-002,queued_table_remake,translation_status_untranslatable_noise,1,1,1.0000,"auto_denoised:1,auto_reconstructed:1,effect_unknown:1,environment_unresolved:1,legacy_manual_cleanup_flag:1",2026-02-16T21:56:48.904558+00:00
doi:10.1037/a0037983,TBL-20260214193343-001,queued_table_remake,translation_status_untranslatable_noise,2,2,1.0000,"auto_denoised:2,auto_reconstructed:2,effect_unknown:2,legacy_manual_cleanup_flag:2,low_statement_source_overlap:2",2026-02-16T21:56:48.904558+00:00
doi:10.1037/a0037983,TBL-20260214193343-002,queued_table_remake,translation_status_untranslatable_noise,1,1,1.0000,"auto_denoised:1,auto_reconstructed:1,effect_unknown:1,environment_unresolved:1,legacy_manual_cleanup_flag:1",2026-02-16T21:56:48.904558+00:00
doi:10.1037/a0037983,TBL-20260215013620-001,queued_table_remake,translation_status_untranslatable_noise,2,2,1.0000,"auto_denoised:2,auto_reconstructed:2,effect_unknown:2,legacy_manual_cleanup_flag:2,low_statement_source_overlap:2",2026-02-16T21:56:48.904558+00:00
doi:10.1037/a0037983,TBL-20260215013620-002,queued_table_remake,translation_status_untranslatable_noise,1,1,1.0000,"auto_denoised:1,auto_reconstructed:1,effect_unknown:1,environment_unresolved:1,legacy_manual_cleanup_flag:1",2026-02-16T21:56:48.904558+00:00
doi:10.1037/aca0000359,TBL-20260216200240-002,queued_table_remake,translation_status_untranslatable_noise,10,10,1.0000,"effect_unknown:10,legacy_manual_cleanup_flag:10,low_statement_source_overlap:10,outcome_unresolved:10,translation_status:untranslatable_noise:10",2026-02-16T21:56:48.904558+00:00
doi:10.1038/s41562-019-0718-z,TBL-20260216200330-002,queued_table_remake,translation_status_untranslatable_noise,1,1,1.0000,"effect_unknown:1,legacy_manual_cleanup_flag:1,low_statement_source_overlap:1,outcome_unresolved:1,source_row_low_information:1",2026-02-16T21:56:48.904558+00:00
doi:10.1038/s41562-019-0718-z,TBL-20260216200330-003,queued_table_remake,translation_status_untranslatable_noise,2,2,1.0000,"effect_unknown:2,legacy_manual_cleanup_flag:2,low_statement_source_overlap:2,outcome_unresolved:2,source_row_low_information:2",2026-02-16T21:56:48.904558+00:00
doi:10.1038/s41598-022-20649-y,TBL-20260216200330-003,queued_table_remake,translation_status_untranslatable_noise,16,1,0.0625,"translation_status:inferred:15,effect_unknown:1,legacy_manual_cleanup_flag:1,low_statement_source_overlap:1,outcome_unresolved:1",2026-02-16T21:56:48.904558+00:00
doi:10.1068/b2725,TBL-20260216200341-001,queued_table_remake,translation_status_untranslatable_noise,18,18,1.0000,"effect_unknown:18,legacy_manual_cleanup_flag:18,low_statement_source_overlap:18,outcome_unresolved:18,translation_status:untranslatable_noise:18",2026-02-16T21:56:48.904558+00:00
doi:10.1068/b2725,TBL-20260216200341-002,queued_table_remake,translation_status_untranslatable_noise,1,1,1.0000,"effect_unknown:1,legacy_manual_cleanup_flag:1,low_statement_source_overlap:1,outcome_unresolved:1,source_row_low_information:1",2026-02-16T21:56:48.904558+00:00
doi:10.1068/b33050,TBL-20260216200344-002,queued_table_remake,translation_status_untranslatable_noise,1,1,1.0000,"effect_unknown:1,environment_unresolved:1,legacy_manual_cleanup_flag:1,low_statement_source_overlap:1,outcome_unresolved:1",2026-02-16T21:56:48.904558+00:00
doi:10.1068/p5292,TBL-20260216200355-003,queued_table_remake,translation_status_untranslatable_noise,1,1,1.0000,"effect_unknown:1,environment_unresolved:1,legacy_manual_cleanup_flag:1,low_statement_source_overlap:1,outcome_unresolved:1",2026-02-16T21:56:48.904558+00:00
doi:10.1068/p5921,TBL-20260216200405-002,queued_table_remake,translation_status_untranslatable_noise,12,3,0.2500,"translation_status:inferred:9,effect_unknown:3,environment_unresolved:3,legacy_manual_cleanup_flag:3,low_statement_source_overlap:3",2026-02-16T21:56:48.904558+00:00
doi:10.1073/pnas.2112318119,TBL-20260216200411-002,queued_table_remake,translation_status_untranslatable_noise,17,16,0.9412,"effect_unknown:16,legacy_manual_cleanup_flag:16,low_statement_source_overlap:16,outcome_unresolved:16,translation_status:untranslatable_noise:16",2026-02-16T21:56:48.904558+00:00
doi:10.1073/pnas.2112318119,TBL-20260216200412-003,queued_table_remake,translation_status_untranslatable_noise,14,5,0.3571,"translation_status:inferred:9,source_row_low_information:6,effect_unknown:5,legacy_manual_cleanup_flag:5,low_statement_source_overlap:5",2026-02-16T21:56:48.904558+00:00
doi:10.1073/pnas.2112318119,TBL-20260216200412-004,queued_table_remake,translation_status_untranslatable_noise,3,2,0.6667,"source_row_low_information:3,effect_unknown:2,environment_unresolved:2,legacy_manual_cleanup_flag:2,low_statement_source_overlap:2",2026-02-16T21:56:48.904558+00:00
doi:10.1073/pnas.2112318119,TBL-20260216200412-005,queued_table_remake,translation_status_untranslatable_noise,1,1,1.0000,"effect_unknown:1,environment_unresolved:1,legacy_manual_cleanup_flag:1,low_statement_source_overlap:1,outcome_unresolved:1",2026-02-16T21:56:48.904558+00:00
doi:10.1073/pnas.2112318119,TBL-20260216200412-007,queued_table_remake,translation_status_untranslatable_noise,1,1,1.0000,"effect_unknown:1,environment_unresolved:1,legacy_manual_cleanup_flag:1,low_statement_source_overlap:1,outcome_unresolved:1",2026-02-16T21:56:48.904558+00:00
doi:10.1073/pnas.2112318119,TBL-20260216200412-008,queued_table_remake,translation_status_untranslatable_noise,1,1,1.0000,"effect_unknown:1,environment_unresolved:1,legacy_manual_cleanup_flag:1,low_statement_source_overlap:1,outcome_unresolved:1",2026-02-16T21:56:48.904558+00:00
doi:10.1073/pnas.2112318119,TBL-20260216200412-009,queued_table_remake,translation_status_untranslatable_noise,1,1,1.0000,"effect_unknown:1,environment_unresolved:1,legacy_manual_cleanup_flag:1,low_statement_source_overlap:1,outcome_unresolved:1",2026-02-16T21:56:48.904558+00:00
doi:10.1073/pnas.2112318119,TBL-20260216200412-010,queued_table_remake,translation_status_untranslatable_noise,9,5,0.5556,"effect_unknown:5,environment_unresolved:5,legacy_manual_cleanup_flag:5,low_statement_source_overlap:5,outcome_unresolved:5",2026-02-16T21:56:48.904558+00:00
doi:10.1073/pnas.2112318119,TBL-20260216200412-011,queued_table_remake,translation_status_untranslatable_noise,16,15,0.9375,"effect_unknown:15,legacy_manual_cleanup_flag:15,low_statement_source_overlap:15,outcome_unresolved:15,translation_status:untranslatable_noise:15",2026-02-16T21:56:48.904558+00:00
doi:10.1073/pnas.2112318119,TBL-20260216200413-014,queued_table_remake,translation_status_untranslatable_noise,8,4,0.5000,"effect_unknown:4,environment_unresolved:4,legacy_manual_cleanup_flag:4,low_statement_source_overlap:4,outcome_unresolved:4",2026-02-16T21:56:48.904558+00:00
doi:10.1073/pnas.2112318119,TBL-20260216200413-015,queued_table_remake,translation_status_untranslatable_noise,23,18,0.7826,"effect_unknown:18,legacy_manual_cleanup_flag:18,low_statement_source_overlap:18,outcome_unresolved:18,source_row_low_information:18",2026-02-16T21:56:48.904558+00:00
doi:10.1073/pnas.2112318119,TBL-20260216200413-016,queued_table_remake,translation_status_untranslatable_noise,13,1,0.0769,"translation_status:inferred:12,source_row_low_information:2,statement_low_information:1,effect_unknown:1,legacy_manual_cleanup_flag:1",2026-02-16T21:56:48.904558+00:00
doi:10.1080/00038628.2018.1523129,TBL-20260214155854-001,queued_table_remake,translation_status_untranslatable_noise,8,8,1.0000,"auto_denoised:8,auto_reconstructed:8,effect_unknown:8,legacy_manual_cleanup_flag:8,low_statement_source_overlap:8",2026-02-16T21:56:48.904558+00:00
doi:10.1080/00038628.2018.1523129,TBL-20260214155854-002,queued_table_remake,translation_status_untranslatable_noise,6,6,1.0000,"auto_denoised:6,auto_reconstructed:6,effect_unknown:6,legacy_manual_cleanup_flag:6,low_statement_source_overlap:6",2026-02-16T21:56:48.904558+00:00
doi:10.1080/00038628.2018.1523129,TBL-20260214155854-003,queued_table_remake,translation_status_untranslatable_noise,7,7,1.0000,"auto_denoised:7,auto_reconstructed:7,effect_unknown:7,legacy_manual_cleanup_flag:7,low_statement_source_overlap:7",2026-02-16T21:56:48.904558+00:00
doi:10.1080/00038628.2018.1523129,TBL-20260214155854-004,queued_table_remake,translation_status_untranslatable_noise,1,1,1.0000,"auto_denoised:1,auto_reconstructed:1,effect_unknown:1,environment_unresolved:1,legacy_manual_cleanup_flag:1",2026-02-16T21:56:48.904558+00:00
doi:10.1080/00038628.2018.1523129,TBL-20260214192811-001,queued_table_remake,translation_status_untranslatable_noise,8,8,1.0000,"auto_denoised:8,auto_reconstructed:8,effect_unknown:8,legacy_manual_cleanup_flag:8,low_statement_source_overlap:8",2026-02-16T21:56:48.904558+00:00
doi:10.1080/00038628.2018.1523129,TBL-20260214192811-002,queued_table_remake,translation_status_untranslatable_noise,6,6,1.0000,"auto_denoised:6,auto_reconstructed:6,effect_unknown:6,legacy_manual_cleanup_flag:6,low_statement_source_overlap:6",2026-02-16T21:56:48.904558+00:00
doi:10.1080/00038628.2018.1523129,TBL-20260214192811-003,queued_table_remake,translation_status_untranslatable_noise,7,7,1.0000,"auto_denoised:7,auto_reconstructed:7,effect_unknown:7,legacy_manual_cleanup_flag:7,low_statement_source_overlap:7",2026-02-16T21:56:48.904558+00:00
doi:10.1080/00038628.2018.1523129,TBL-20260214192811-004,queued_table_remake,translation_status_untranslatable_noise,1,1,1.0000,"auto_denoised:1,auto_reconstructed:1,effect_unknown:1,environment_unresolved:1,legacy_manual_cleanup_flag:1",2026-02-16T21:56:48.904558+00:00
doi:10.1080/00038628.2018.1523129,TBL-20260215012949-001,queued_table_remake,translation_status_untranslatable_noise,8,8,1.0000,"auto_denoised:8,auto_reconstructed:8,effect_unknown:8,legacy_manual_cleanup_flag:8,low_statement_source_overlap:8",2026-02-16T21:56:48.904558+00:00
doi:10.1080/00038628.2018.1523129,TBL-20260215012949-002,queued_table_remake,translation_status_untranslatable_noise,6,6,1.0000,"auto_denoised:6,auto_reconstructed:6,effect_unknown:6,legacy_manual_cleanup_flag:6,low_statement_source_overlap:6",2026-02-16T21:56:48.904558+00:00
doi:10.1080/00038628.2018.1523129,TBL-20260215012949-003,queued_table_remake,translation_status_untranslatable_noise,7,7,1.0000,"auto_denoised:7,auto_reconstructed:7,effect_unknown:7,legacy_manual_cleanup_flag:7,low_statement_source_overlap:7",2026-02-16T21:56:48.904558+00:00
doi:10.1080/00038628.2018.1523129,TBL-20260215012949-004,queued_table_remake,translation_status_untranslatable_noise,1,1,1.0000,"auto_denoised:1,auto_reconstructed:1,effect_unknown:1,environment_unresolved:1,legacy_manual_cleanup_flag:1",2026-02-16T21:56:48.904558+00:00
doi:10.1080/00140130903154579,TBL-20260214155433-001,queued_table_remake,translation_status_untranslatable_noise,2,2,1.0000,"auto_denoised:2,auto_reconstructed:2,effect_unknown:2,legacy_manual_cleanup_flag:2,low_statement_source_overlap:2",2026-02-16T21:56:48.904558+00:00
doi:10.1080/00140130903154579,TBL-20260214155433-004,queued_table_remake,translation_status_untranslatable_noise,3,3,1.0000,"auto_denoised:3,auto_reconstructed:3,effect_unknown:3,legacy_manual_cleanup_flag:3,translation_status:untranslatable_noise:3",2026-02-16T21:56:48.904558+00:00
doi:10.1080/00140130903154579,TBL-20260214155433-007,queued_table_remake,translation_status_untranslatable_noise,9,9,1.0000,"auto_denoised:9,auto_reconstructed:9,effect_unknown:9,legacy_manual_cleanup_flag:9,low_statement_source_overlap:9",2026-02-16T21:56:48.904558+00:00
doi:10.1080/00140130903154579,TBL-20260214155433-008,queued_table_remake,translation_status_untranslatable_noise,13,13,1.0000,"auto_denoised:13,auto_reconstructed:13,effect_unknown:13,legacy_manual_cleanup_flag:13,low_statement_source_overlap:13",2026-02-16T21:56:48.904558+00:00
doi:10.1080/00140130903154579,TBL-20260214155433-012,queued_table_remake,translation_status_untranslatable_noise,5,5,1.0000,"auto_denoised:5,auto_reconstructed:5,effect_unknown:5,environment_unresolved:5,legacy_manual_cleanup_flag:5",2026-02-16T21:56:48.904558+00:00
doi:10.1080/00140130903154579,TBL-20260214155433-013,queued_table_remake,translation_status_untranslatable_noise,8,8,1.0000,"auto_denoised:8,auto_reconstructed:8,effect_unknown:8,legacy_manual_cleanup_flag:8,low_statement_source_overlap:8",2026-02-16T21:56:48.904558+00:00
doi:10.1080/00140130903154579,TBL-20260214155433-014,queued_table_remake,translation_status_untranslatable_noise,1,1,1.0000,"auto_denoised:1,auto_reconstructed:1,effect_unknown:1,environment_unresolved:1,legacy_manual_cleanup_flag:1",2026-02-16T21:56:48.904558+00:00
doi:10.1080/00140130903154579,TBL-20260214155433-015,queued_table_remake,translation_status_untranslatable_noise,1,1,1.0000,"auto_denoised:1,auto_reconstructed:1,effect_unknown:1,legacy_manual_cleanup_flag:1,low_statement_source_overlap:1",2026-02-16T21:56:48.904558+00:00
doi:10.1080/00140130903154579,TBL-20260214155433-016,queued_table_remake,translation_status_untranslatable_noise,1,1,1.0000,"auto_denoised:1,auto_reconstructed:1,effect_unknown:1,environment_unresolved:1,legacy_manual_cleanup_flag:1",2026-02-16T21:56:48.904558+00:00
doi:10.1080/00140130903154579,TBL-20260214155433-017,queued_table_remake,translation_status_untranslatable_noise,2,2,1.0000,"auto_denoised:2,auto_reconstructed:2,effect_unknown:2,environment_unresolved:2,legacy_manual_cleanup_flag:2",2026-02-16T21:56:48.904558+00:00
doi:10.1080/00140130903154579,TBL-20260215003510-001,queued_table_remake,translation_status_untranslatable_noise,2,2,1.0000,"auto_denoised:2,auto_reconstructed:2,effect_unknown:2,legacy_manual_cleanup_flag:2,low_statement_source_overlap:2",2026-02-16T21:56:48.904558+00:00
doi:10.1080/00140130903154579,TBL-20260215003510-004,queued_table_remake,translation_status_untranslatable_noise,3,3,1.0000,"auto_denoised:3,auto_reconstructed:3,effect_unknown:3,legacy_manual_cleanup_flag:3,translation_status:untranslatable_noise:3",2026-02-16T21:56:48.904558+00:00
doi:10.1080/00140130903154579,TBL-20260215003510-007,queued_table_remake,translation_status_untranslatable_noise,9,9,1.0000,"auto_denoised:9,auto_reconstructed:9,effect_unknown:9,legacy_manual_cleanup_flag:9,low_statement_source_overlap:9",2026-02-16T21:56:48.904558+00:00
doi:10.1080/00140130903154579,TBL-20260215003510-008,queued_table_remake,translation_status_untranslatable_noise,13,13,1.0000,"auto_denoised:13,auto_reconstructed:13,effect_unknown:13,legacy_manual_cleanup_flag:13,low_statement_source_overlap:13",2026-02-16T21:56:48.904558+00:00
doi:10.1080/00140130903154579,TBL-20260215003510-012,queued_table_remake,translation_status_untranslatable_noise,5,5,1.0000,"auto_denoised:5,auto_reconstructed:5,effect_unknown:5,environment_unresolved:5,legacy_manual_cleanup_flag:5",2026-02-16T21:56:48.904558+00:00
doi:10.1080/00140130903154579,TBL-20260215003510-013,queued_table_remake,translation_status_untranslatable_noise,8,8,1.0000,"auto_denoised:8,auto_reconstructed:8,effect_unknown:8,legacy_manual_cleanup_flag:8,low_statement_source_overlap:8",2026-02-16T21:56:48.904558+00:00
doi:10.1080/00140130903154579,TBL-20260215003510-014,queued_table_remake,translation_status_untranslatable_noise,1,1,1.0000,"auto_denoised:1,auto_reconstructed:1,effect_unknown:1,environment_unresolved:1,legacy_manual_cleanup_flag:1",2026-02-16T21:56:48.904558+00:00
doi:10.1080/00140130903154579,TBL-20260215003510-015,queued_table_remake,translation_status_untranslatable_noise,1,1,1.0000,"auto_denoised:1,auto_reconstructed:1,effect_unknown:1,legacy_manual_cleanup_flag:1,low_statement_source_overlap:1",2026-02-16T21:56:48.904558+00:00
doi:10.1080/00140130903154579,TBL-20260215003510-016,queued_table_remake,translation_status_untranslatable_noise,1,1,1.0000,"auto_denoised:1,auto_reconstructed:1,effect_unknown:1,environment_unresolved:1,legacy_manual_cleanup_flag:1",2026-02-16T21:56:48.904558+00:00
doi:10.1080/00140130903154579,TBL-20260215003510-017,queued_table_remake,translation_status_untranslatable_noise,2,2,1.0000,"auto_denoised:2,auto_reconstructed:2,effect_unknown:2,environment_unresolved:2,legacy_manual_cleanup_flag:2",2026-02-16T21:56:48.904558+00:00
doi:10.1080/01441647.2012.712555,TBL-20260214155856-001,queued_table_remake,translation_status_untranslatable_noise,1,1,1.0000,"auto_denoised:1,auto_reconstructed:1,effect_unknown:1,legacy_manual_cleanup_flag:1,low_statement_source_overlap:1",2026-02-16T21:56:48.904558+00:00
doi:10.1080/01441647.2012.712555,TBL-20260214155856-002,queued_table_remake,translation_status_untranslatable_noise,4,4,1.0000,"auto_denoised:4,auto_reconstructed:4,effect_unknown:4,legacy_manual_cleanup_flag:4,low_statement_source_overlap:4",2026-02-16T21:56:48.904558+00:00
doi:10.1080/01441647.2012.712555,TBL-20260214155856-003,queued_table_remake,translation_status_untranslatable_noise,2,2,1.0000,"auto_denoised:2,auto_reconstructed:2,effect_unknown:2,environment_unresolved:2,legacy_manual_cleanup_flag:2",2026-02-16T21:56:48.904558+00:00
doi:10.1080/01441647.2012.712555,TBL-20260214155856-004,queued_table_remake,translation_status_untranslatable_noise,1,1,1.0000,"auto_denoised:1,auto_reconstructed:1,effect_unknown:1,legacy_manual_cleanup_flag:1,low_statement_source_overlap:1",2026-02-16T21:56:48.904558+00:00
doi:10.1080/01441647.2012.712555,TBL-20260214155856-005,queued_table_remake,translation_status_untranslatable_noise,1,1,1.0000,"auto_denoised:1,auto_reconstructed:1,effect_unknown:1,legacy_manual_cleanup_flag:1,low_statement_source_overlap:1",2026-02-16T21:56:48.904558+00:00
doi:10.1080/01441647.2012.712555,TBL-20260214155856-006,queued_table_remake,translation_status_untranslatable_noise,2,2,1.0000,"auto_denoised:2,auto_reconstructed:2,effect_unknown:2,legacy_manual_cleanup_flag:2,low_statement_source_overlap:2",2026-02-16T21:56:48.904558+00:00
doi:10.1080/01441647.2012.712555,TBL-20260214155856-007,queued_table_remake,translation_status_untranslatable_noise,1,1,1.0000,"auto_denoised:1,auto_reconstructed:1,effect_unknown:1,environment_unresolved:1,legacy_manual_cleanup_flag:1",2026-02-16T21:56:48.904558+00:00
doi:10.1080/01441647.2012.712555,TBL-20260214155856-008,queued_table_remake,translation_status_untranslatable_noise,2,2,1.0000,"auto_denoised:2,auto_reconstructed:2,effect_unknown:2,legacy_manual_cleanup_flag:2,low_statement_source_overlap:2",2026-02-16T21:56:48.904558+00:00
doi:10.1080/01441647.2012.712555,TBL-20260214155856-009,queued_table_remake,translation_status_untranslatable_noise,1,1,1.0000,"auto_denoised:1,auto_reconstructed:1,effect_unknown:1,legacy_manual_cleanup_flag:1,low_statement_source_overlap:1",2026-02-16T21:56:48.904558+00:00
doi:10.1080/01441647.2012.712555,TBL-20260214155856-010,queued_table_remake,translation_status_untranslatable_noise,1,1,1.0000,"auto_denoised:1,auto_reconstructed:1,effect_unknown:1,environment_unresolved:1,legacy_manual_cleanup_flag:1",2026-02-16T21:56:48.904558+00:00
doi:10.1080/01441647.2012.712555,TBL-20260214155856-011,queued_table_remake,translation_status_untranslatable_noise,1,1,1.0000,"auto_denoised:1,auto_reconstructed:1,effect_unknown:1,legacy_manual_cleanup_flag:1,low_statement_source_overlap:1",2026-02-16T21:56:48.904558+00:00
doi:10.1080/01441647.2012.712555,TBL-20260214155856-012,queued_table_remake,translation_status_untranslatable_noise,1,1,1.0000,"auto_denoised:1,auto_reconstructed:1,effect_unknown:1,legacy_manual_cleanup_flag:1,low_statement_source_overlap:1",2026-02-16T21:56:48.904558+00:00
doi:10.1080/01441647.2012.712555,TBL-20260214155856-013,queued_table_remake,translation_status_untranslatable_noise,2,2,1.0000,"auto_denoised:2,auto_reconstructed:2,effect_unknown:2,legacy_manual_cleanup_flag:2,low_statement_source_overlap:2",2026-02-16T21:56:48.904558+00:00
doi:10.1080/01441647.2012.712555,TBL-20260214155856-014,queued_table_remake,translation_status_untranslatable_noise,1,1,1.0000,"auto_denoised:1,auto_reconstructed:1,effect_unknown:1,environment_unresolved:1,legacy_manual_cleanup_flag:1",2026-02-16T21:56:48.904558+00:00
doi:10.1080/01441647.2012.712555,TBL-20260214192856-001,queued_table_remake,translation_status_untranslatable_noise,1,1,1.0000,"auto_denoised:1,auto_reconstructed:1,effect_unknown:1,legacy_manual_cleanup_flag:1,low_statement_source_overlap:1",2026-02-16T21:56:48.904558+00:00
doi:10.1080/01441647.2012.712555,TBL-20260214192856-002,queued_table_remake,translation_status_untranslatable_noise,4,4,1.0000,"auto_denoised:4,auto_reconstructed:4,effect_unknown:4,legacy_manual_cleanup_flag:4,low_statement_source_overlap:4",2026-02-16T21:56:48.904558+00:00
doi:10.1080/01441647.2012.712555,TBL-20260214192856-003,queued_table_remake,translation_status_untranslatable_noise,2,2,1.0000,"auto_denoised:2,auto_reconstructed:2,effect_unknown:2,environment_unresolved:2,legacy_manual_cleanup_flag:2",2026-02-16T21:56:48.904558+00:00
doi:10.1080/01441647.2012.712555,TBL-20260214192856-004,queued_table_remake,translation_status_untranslatable_noise,1,1,1.0000,"auto_denoised:1,auto_reconstructed:1,effect_unknown:1,legacy_manual_cleanup_flag:1,low_statement_source_overlap:1",2026-02-16T21:56:48.904558+00:00
doi:10.1080/01441647.2012.712555,TBL-20260214192856-005,queued_table_remake,translation_status_untranslatable_noise,1,1,1.0000,"auto_denoised:1,auto_reconstructed:1,effect_unknown:1,legacy_manual_cleanup_flag:1,low_statement_source_overlap:1",2026-02-16T21:56:48.904558+00:00
doi:10.1080/01441647.2012.712555,TBL-20260214192856-006,queued_table_remake,translation_status_untranslatable_noise,2,2,1.0000,"auto_denoised:2,auto_reconstructed:2,effect_unknown:2,legacy_manual_cleanup_flag:2,low_statement_source_overlap:2",2026-02-16T21:56:48.904558+00:00
doi:10.1080/01441647.2012.712555,TBL-20260214192856-007,queued_table_remake,translation_status_untranslatable_noise,1,1,1.0000,"auto_denoised:1,auto_reconstructed:1,effect_unknown:1,environment_unresolved:1,legacy_manual_cleanup_flag:1",2026-02-16T21:56:48.904558+00:00
doi:10.1080/01441647.2012.712555,TBL-20260214192856-008,queued_table_remake,translation_status_untranslatable_noise,2,2,1.0000,"auto_denoised:2,auto_reconstructed:2,effect_unknown:2,legacy_manual_cleanup_flag:2,low_statement_source_overlap:2",2026-02-16T21:56:48.904558+00:00
doi:10.1080/01441647.2012.712555,TBL-20260214192856-009,queued_table_remake,translation_status_untranslatable_noise,1,1,1.0000,"auto_denoised:1,auto_reconstructed:1,effect_unknown:1,legacy_manual_cleanup_flag:1,low_statement_source_overlap:1",2026-02-16T21:56:48.904558+00:00
doi:10.1080/01441647.2012.712555,TBL-20260214192856-010,queued_table_remake,translation_status_untranslatable_noise,1,1,1.0000,"auto_denoised:1,auto_reconstructed:1,effect_unknown:1,environment_unresolved:1,legacy_manual_cleanup_flag:1",2026-02-16T21:56:48.904558+00:00
doi:10.1080/01441647.2012.712555,TBL-20260214192856-011,queued_table_remake,translation_status_untranslatable_noise,1,1,1.0000,"auto_denoised:1,auto_reconstructed:1,effect_unknown:1,legacy_manual_cleanup_flag:1,low_statement_source_overlap:1",2026-02-16T21:56:48.904558+00:00
doi:10.1080/01441647.2012.712555,TBL-20260214192856-012,queued_table_remake,translation_status_untranslatable_noise,1,1,1.0000,"auto_denoised:1,auto_reconstructed:1,effect_unknown:1,legacy_manual_cleanup_flag:1,low_statement_source_overlap:1",2026-02-16T21:56:48.904558+00:00
doi:10.1080/01441647.2012.712555,TBL-20260214192856-013,queued_table_remake,translation_status_untranslatable_noise,2,2,1.0000,"auto_denoised:2,auto_reconstructed:2,effect_unknown:2,legacy_manual_cleanup_flag:2,low_statement_source_overlap:2",2026-02-16T21:56:48.904558+00:00
doi:10.1080/01441647.2012.712555,TBL-20260214192856-014,queued_table_remake,translation_status_untranslatable_noise,1,1,1.0000,"auto_denoised:1,auto_reconstructed:1,effect_unknown:1,environment_unresolved:1,legacy_manual_cleanup_flag:1",2026-02-16T21:56:48.904558+00:00
doi:10.1080/01441647.2012.712555,TBL-20260215013040-001,queued_table_remake,translation_status_untranslatable_noise,1,1,1.0000,"auto_denoised:1,auto_reconstructed:1,effect_unknown:1,legacy_manual_cleanup_flag:1,low_statement_source_overlap:1",2026-02-16T21:56:48.904558+00:00
doi:10.1080/01441647.2012.712555,TBL-20260215013040-002,queued_table_remake,translation_status_untranslatable_noise,4,4,1.0000,"auto_denoised:4,auto_reconstructed:4,effect_unknown:4,legacy_manual_cleanup_flag:4,low_statement_source_overlap:4",2026-02-16T21:56:48.904558+00:00
doi:10.1080/01441647.2012.712555,TBL-20260215013040-003,queued_table_remake,translation_status_untranslatable_noise,2,2,1.0000,"auto_denoised:2,auto_reconstructed:2,effect_unknown:2,environment_unresolved:2,legacy_manual_cleanup_flag:2",2026-02-16T21:56:48.904558+00:00
doi:10.1080/01441647.2012.712555,TBL-20260215013040-004,queued_table_remake,translation_status_untranslatable_noise,1,1,1.0000,"auto_denoised:1,auto_reconstructed:1,effect_unknown:1,legacy_manual_cleanup_flag:1,low_statement_source_overlap:1",2026-02-16T21:56:48.904558+00:00
doi:10.1080/01441647.2012.712555,TBL-20260215013040-005,queued_table_remake,translation_status_untranslatable_noise,1,1,1.0000,"auto_denoised:1,auto_reconstructed:1,effect_unknown:1,legacy_manual_cleanup_flag:1,low_statement_source_overlap:1",2026-02-16T21:56:48.904558+00:00
doi:10.1080/01441647.2012.712555,TBL-20260215013040-006,queued_table_remake,translation_status_untranslatable_noise,2,2,1.0000,"auto_denoised:2,auto_reconstructed:2,effect_unknown:2,legacy_manual_cleanup_flag:2,low_statement_source_overlap:2",2026-02-16T21:56:48.904558+00:00
doi:10.1080/01441647.2012.712555,TBL-20260215013040-007,queued_table_remake,translation_status_untranslatable_noise,1,1,1.0000,"auto_denoised:1,auto_reconstructed:1,effect_unknown:1,environment_unresolved:1,legacy_manual_cleanup_flag:1",2026-02-16T21:56:48.904558+00:00
doi:10.1080/01441647.2012.712555,TBL-20260215013040-008,queued_table_remake,translation_status_untranslatable_noise,2,2,1.0000,"auto_denoised:2,auto_reconstructed:2,effect_unknown:2,legacy_manual_cleanup_flag:2,low_statement_source_overlap:2",2026-02-16T21:56:48.904558+00:00
doi:10.1080/01441647.2012.712555,TBL-20260215013040-009,queued_table_remake,translation_status_untranslatable_noise,1,1,1.0000,"auto_denoised:1,auto_reconstructed:1,effect_unknown:1,legacy_manual_cleanup_flag:1,low_statement_source_overlap:1",2026-02-16T21:56:48.904558+00:00
doi:10.1080/01441647.2012.712555,TBL-20260215013040-010,queued_table_remake,translation_status_untranslatable_noise,1,1,1.0000,"auto_denoised:1,auto_reconstructed:1,effect_unknown:1,environment_unresolved:1,legacy_manual_cleanup_flag:1",2026-02-16T21:56:48.904558+00:00
doi:10.1080/01441647.2012.712555,TBL-20260215013040-011,queued_table_remake,translation_status_untranslatable_noise,1,1,1.0000,"auto_denoised:1,auto_reconstructed:1,effect_unknown:1,legacy_manual_cleanup_flag:1,low_statement_source_overlap:1",2026-02-16T21:56:48.904558+00:00
doi:10.1080/01441647.2012.712555,TBL-20260215013040-012,queued_table_remake,translation_status_untranslatable_noise,1,1,1.0000,"auto_denoised:1,auto_reconstructed:1,effect_unknown:1,legacy_manual_cleanup_flag:1,low_statement_source_overlap:1",2026-02-16T21:56:48.904558+00:00
doi:10.1080/01441647.2012.712555,TBL-20260215013040-013,queued_table_remake,translation_status_untranslatable_noise,2,2,1.0000,"auto_denoised:2,auto_reconstructed:2,effect_unknown:2,legacy_manual_cleanup_flag:2,low_statement_source_overlap:2",2026-02-16T21:56:48.904558+00:00
doi:10.1080/01441647.2012.712555,TBL-20260215013040-014,queued_table_remake,translation_status_untranslatable_noise,1,1,1.0000,"auto_denoised:1,auto_reconstructed:1,effect_unknown:1,environment_unresolved:1,legacy_manual_cleanup_flag:1",2026-02-16T21:56:48.904558+00:00
doi:10.1080/13602365.2024.2331505,TBL-20260216200511-001,queued_table_remake,translation_status_untranslatable_noise,3,3,1.0000,"effect_unknown:3,legacy_manual_cleanup_flag:3,low_statement_source_overlap:3,outcome_unresolved:3,translation_status:untranslatable_noise:3",2026-02-16T21:56:48.904558+00:00
doi:10.1080/13602365.2024.2331505,TBL-20260216200511-002,queued_table_remake,translation_status_untranslatable_noise,4,4,1.0000,"effect_unknown:4,environment_unresolved:4,legacy_manual_cleanup_flag:4,low_statement_source_overlap:4,translation_status:untranslatable_noise:4",2026-02-16T21:56:48.904558+00:00
doi:10.1080/13602365.2024.2331505,TBL-20260216200511-003,queued_table_remake,translation_status_untranslatable_noise,1,1,1.0000,"effect_unknown:1,legacy_manual_cleanup_flag:1,low_statement_source_overlap:1,outcome_unresolved:1,translation_status:untranslatable_noise:1",2026-02-16T21:56:48.904558+00:00
doi:10.1080/13602365.2024.2331505,TBL-20260216200511-004,queued_table_remake,translation_status_untranslatable_noise,1,1,1.0000,"effect_unknown:1,environment_unresolved:1,legacy_manual_cleanup_flag:1,low_statement_source_overlap:1,outcome_unresolved:1",2026-02-16T21:56:48.904558+00:00
doi:10.1080/13602365.2024.2331505,TBL-20260216200511-005,queued_table_remake,translation_status_untranslatable_noise,2,2,1.0000,"effect_unknown:2,legacy_manual_cleanup_flag:2,low_statement_source_overlap:2,outcome_unresolved:2,translation_status:untranslatable_noise:2",2026-02-16T21:56:48.904558+00:00
doi:10.1080/13602365.2024.2331505,TBL-20260216200511-006,queued_table_remake,translation_status_untranslatable_noise,3,3,1.0000,"effect_unknown:3,legacy_manual_cleanup_flag:3,low_statement_source_overlap:3,outcome_unresolved:3,translation_status:untranslatable_noise:3",2026-02-16T21:56:48.904558+00:00
doi:10.1080/13602365.2024.2331505,TBL-20260216200511-009,queued_table_remake,translation_status_untranslatable_noise,1,1,1.0000,"effect_unknown:1,legacy_manual_cleanup_flag:1,low_statement_source_overlap:1,outcome_unresolved:1,source_row_low_information:1",2026-02-16T21:56:48.904558+00:00
doi:10.1080/17508975.2020.1732859,TBL-20260216200455-005,queued_table_remake,translation_status_untranslatable_noise,16,2,0.1250,"translation_status:inferred:14,effect_unknown:2,environment_unresolved:2,legacy_manual_cleanup_flag:2,low_statement_source_overlap:2",2026-02-16T21:56:48.904558+00:00
doi:10.1080/17508975.2020.1732859,TBL-20260216200456-011,queued_table_remake,translation_status_untranslatable_noise,1,1,1.0000,"effect_unknown:1,legacy_manual_cleanup_flag:1,low_statement_source_overlap:1,outcome_unresolved:1,source_row_low_information:1",2026-02-16T21:56:48.904558+00:00
doi:10.1080/17508975.2020.1732859,TBL-20260216200457-013,queued_table_remake,translation_status_untranslatable_noise,24,1,0.0417,"translation_status:inferred:23,effect_unknown:1,environment_unresolved:1,legacy_manual_cleanup_flag:1,low_statement_source_overlap:1",2026-02-16T21:56:48.904558+00:00
doi:10.1080/23744731.2022.2049639,TBL-20260216200519-001,queued_table_remake,translation_status_untranslatable_noise,5,5,1.0000,"effect_unknown:5,environment_unresolved:5,legacy_manual_cleanup_flag:5,low_statement_source_overlap:5,translation_status:untranslatable_noise:5",2026-02-16T21:56:48.904558+00:00
doi:10.1080/23744731.2022.2049639,TBL-20260216200519-002,queued_table_remake,translation_status_untranslatable_noise,5,5,1.0000,"effect_unknown:5,legacy_manual_cleanup_flag:5,low_statement_source_overlap:5,outcome_unresolved:5,translation_status:untranslatable_noise:5",2026-02-16T21:56:48.904558+00:00
doi:10.1093/cercor/bhr310,TBL-20260216200529-001,queued_table_remake,translation_status_untranslatable_noise,1,1,1.0000,"effect_unknown:1,legacy_manual_cleanup_flag:1,low_statement_source_overlap:1,outcome_unresolved:1,source_row_low_information:1",2026-02-16T21:56:48.904558+00:00
doi:10.1093/cercor/bhr310,TBL-20260216200529-002,queued_table_remake,translation_status_untranslatable_noise,9,9,1.0000,"effect_unknown:9,environment_unresolved:9,legacy_manual_cleanup_flag:9,low_statement_source_overlap:9,translation_status:untranslatable_noise:9",2026-02-16T21:56:48.904558+00:00
doi:10.1093/cercor/bhr310,TBL-20260216200529-003,queued_table_remake,translation_status_untranslatable_noise,1,1,1.0000,"effect_unknown:1,legacy_manual_cleanup_flag:1,low_statement_source_overlap:1,translation_status:untranslatable_noise:1",2026-02-16T21:56:48.904558+00:00
doi:10.1093/cercor/bhr310,TBL-20260216200529-004,queued_table_remake,translation_status_untranslatable_noise,2,2,1.0000,"effect_unknown:2,legacy_manual_cleanup_flag:2,low_statement_source_overlap:2,outcome_unresolved:2,translation_status:untranslatable_noise:2",2026-02-16T21:56:48.904558+00:00
doi:10.1093/oxfordhb/9780198735410.013.10,TBL-20260215003629-001,queued_table_remake,translation_status_untranslatable_noise,2,2,1.0000,"auto_denoised:2,auto_reconstructed:2,effect_unknown:2,environment_unresolved:2,legacy_manual_cleanup_flag:2",2026-02-16T21:56:48.904558+00:00
doi:10.1098/rsos.240762,TBL-20260216200526-013,queued_table_remake,translation_status_untranslatable_noise,10,1,0.1000,"translation_status:inferred:9,effect_unknown:1,environment_unresolved:1,legacy_manual_cleanup_flag:1,low_statement_source_overlap:1",2026-02-16T21:56:48.904558+00:00
doi:10.1108/17465729200400010,TBL-20260216200536-001,queued_table_remake,translation_status_untranslatable_noise,3,3,1.0000,"effect_unknown:3,legacy_manual_cleanup_flag:3,low_statement_source_overlap:3,outcome_unresolved:3,source_row_low_information:3",2026-02-16T21:56:48.904558+00:00
doi:10.1111/cogs.12518,TBL-20260216200558-001,queued_table_remake,translation_status_untranslatable_noise,1,1,1.0000,"effect_unknown:1,environment_unresolved:1,legacy_manual_cleanup_flag:1,low_statement_source_overlap:1,outcome_unresolved:1",2026-02-16T21:56:48.904558+00:00
doi:10.1111/cogs.12518,TBL-20260216200601-009,queued_table_remake,translation_status_untranslatable_noise,3,1,0.3333,"translation_status:inferred:2,effect_unknown:1,environment_unresolved:1,legacy_manual_cleanup_flag:1,low_statement_source_overlap:1",2026-02-16T21:56:48.904558+00:00
doi:10.1111/cogs.12518,TBL-20260216200601-010,queued_table_remake,translation_status_untranslatable_noise,2,1,0.5000,"translation_status:inferred:1,effect_unknown:1,environment_unresolved:1,legacy_manual_cleanup_flag:1,low_statement_source_overlap:1",2026-02-16T21:56:48.904558+00:00
doi:10.1111/cogs.12518,TBL-20260216200601-012,queued_table_remake,translation_status_untranslatable_noise,2,1,0.5000,"translation_status:inferred:1,effect_unknown:1,legacy_manual_cleanup_flag:1,low_statement_source_overlap:1,outcome_unresolved:1",2026-02-16T21:56:48.904558+00:00
doi:10.1111/cogs.12518,TBL-20260216200601-014,queued_table_remake,translation_status_untranslatable_noise,5,1,0.2000,"source_row_low_information:4,translation_status:inferred:4,statement_low_information:3,effect_unknown:1,environment_unresolved:1",2026-02-16T21:56:48.904558+00:00
doi:10.1111/cogs.12518,TBL-20260216200601-019,queued_table_remake,translation_status_untranslatable_noise,2,1,0.5000,"translation_status:inferred:1,effect_unknown:1,environment_unresolved:1,legacy_manual_cleanup_flag:1,low_statement_source_overlap:1",2026-02-16T21:56:48.904558+00:00
doi:10.1111/cogs.12518,TBL-20260216200601-020,queued_table_remake,translation_status_untranslatable_noise,3,1,0.3333,"translation_status:inferred:2,effect_unknown:1,legacy_manual_cleanup_flag:1,low_statement_source_overlap:1,outcome_unresolved:1",2026-02-16T21:56:48.904558+00:00
doi:10.1111/cogs.12518,TBL-20260216200601-021,queued_table_remake,translation_status_untranslatable_noise,4,1,0.2500,"translation_status:inferred:3,effect_unknown:1,environment_unresolved:1,legacy_manual_cleanup_flag:1,low_statement_source_overlap:1",2026-02-16T21:56:48.904558+00:00
doi:10.1111/cogs.12518,TBL-20260216200601-022,queued_table_remake,translation_status_untranslatable_noise,4,1,0.2500,"translation_status:inferred:3,effect_unknown:1,environment_unresolved:1,legacy_manual_cleanup_flag:1,low_statement_source_overlap:1",2026-02-16T21:56:48.904558+00:00
doi:10.1111/cogs.12518,TBL-20260216200601-023,queued_table_remake,translation_status_untranslatable_noise,6,1,0.1667,"translation_status:inferred:5,source_row_low_information:2,statement_low_information:1,effect_unknown:1,legacy_manual_cleanup_flag:1",2026-02-16T21:56:48.904558+00:00
doi:10.1111/cogs.12518,TBL-20260216200601-025,queued_table_remake,translation_status_untranslatable_noise,2,1,0.5000,"translation_status:inferred:1,effect_unknown:1,environment_unresolved:1,legacy_manual_cleanup_flag:1,low_statement_source_overlap:1",2026-02-16T21:56:48.904558+00:00
doi:10.1111/cogs.12518,TBL-20260216200601-028,queued_table_remake,translation_status_untranslatable_noise,5,1,0.2000,"translation_status:inferred:3,translation_status:fuzzy:1,effect_unknown:1,legacy_manual_cleanup_flag:1,low_statement_source_overlap:1",2026-02-16T21:56:48.904558+00:00
doi:10.1111/cogs.12518,TBL-20260216200601-030,queued_table_remake,translation_status_untranslatable_noise,2,1,0.5000,"translation_status:inferred:1,effect_unknown:1,legacy_manual_cleanup_flag:1,low_statement_source_overlap:1,outcome_unresolved:1",2026-02-16T21:56:48.904558+00:00
doi:10.1111/cogs.12518,TBL-20260216200601-034,queued_table_remake,translation_status_untranslatable_noise,4,1,0.2500,"translation_status:inferred:2,translation_status:fuzzy:1,effect_unknown:1,environment_unresolved:1,legacy_manual_cleanup_flag:1",2026-02-16T21:56:48.904558+00:00
doi:10.1111/cogs.12518,TBL-20260216200601-035,queued_table_remake,translation_status_untranslatable_noise,4,1,0.2500,"translation_status:inferred:3,effect_unknown:1,legacy_manual_cleanup_flag:1,low_statement_source_overlap:1,outcome_unresolved:1",2026-02-16T21:56:48.904558+00:00
doi:10.1111/cogs.12518,TBL-20260216200601-036,queued_table_remake,translation_status_untranslatable_noise,3,1,0.3333,"translation_status:inferred:2,effect_unknown:1,environment_unresolved:1,legacy_manual_cleanup_flag:1,low_statement_source_overlap:1",2026-02-16T21:56:48.904558+00:00
doi:10.1111/cogs.12518,TBL-20260216200601-037,queued_table_remake,translation_status_untranslatable_noise,4,1,0.2500,"translation_status:inferred:3,effect_unknown:1,legacy_manual_cleanup_flag:1,low_statement_source_overlap:1,outcome_unresolved:1",2026-02-16T21:56:48.904558+00:00
doi:10.1111/cogs.12518,TBL-20260216200601-038,queued_table_remake,translation_status_untranslatable_noise,3,1,0.3333,"translation_status:inferred:2,effect_unknown:1,legacy_manual_cleanup_flag:1,low_statement_source_overlap:1,outcome_unresolved:1",2026-02-16T21:56:48.904558+00:00
doi:10.1111/cogs.12518,TBL-20260216200601-039,queued_table_remake,translation_status_untranslatable_noise,4,2,0.5000,"effect_unknown:2,legacy_manual_cleanup_flag:2,low_statement_source_overlap:2,outcome_unresolved:2,translation_status:untranslatable_noise:2",2026-02-16T21:56:48.904558+00:00
doi:10.1111/cogs.12518,TBL-20260216200602-042,queued_table_remake,translation_status_untranslatable_noise,5,2,0.4000,"translation_status:fuzzy:3,effect_unknown:2,legacy_manual_cleanup_flag:2,low_statement_source_overlap:2,outcome_unresolved:2",2026-02-16T21:56:48.904558+00:00
doi:10.1111/cogs.12518,TBL-20260216200602-044,queued_table_remake,translation_status_untranslatable_noise,3,1,0.3333,"translation_status:inferred:2,effect_unknown:1,environment_unresolved:1,legacy_manual_cleanup_flag:1,low_statement_source_overlap:1",2026-02-16T21:56:48.904558+00:00
doi:10.1111/cogs.12518,TBL-20260216200602-045,queued_table_remake,translation_status_untranslatable_noise,4,1,0.2500,"translation_status:inferred:2,translation_status:fuzzy:1,effect_unknown:1,legacy_manual_cleanup_flag:1,low_statement_source_overlap:1",2026-02-16T21:56:48.904558+00:00
doi:10.1111/cogs.12518,TBL-20260216200602-046,queued_table_remake,translation_status_untranslatable_noise,7,1,0.1429,"translation_status:inferred:6,effect_unknown:1,legacy_manual_cleanup_flag:1,low_statement_source_overlap:1,outcome_unresolved:1",2026-02-16T21:56:48.904558+00:00
doi:10.1111/cogs.12518,TBL-20260216200602-047,queued_table_remake,translation_status_untranslatable_noise,3,1,0.3333,"translation_status:inferred:2,effect_unknown:1,environment_unresolved:1,legacy_manual_cleanup_flag:1,low_statement_source_overlap:1",2026-02-16T21:56:48.904558+00:00
doi:10.1111/cogs.12518,TBL-20260216200602-048,queued_table_remake,translation_status_untranslatable_noise,4,1,0.2500,"translation_status:inferred:3,effect_unknown:1,legacy_manual_cleanup_flag:1,low_statement_source_overlap:1,outcome_unresolved:1",2026-02-16T21:56:48.904558+00:00
doi:10.1111/cogs.12518,TBL-20260216200602-049,queued_table_remake,translation_status_untranslatable_noise,2,1,0.5000,"translation_status:inferred:1,effect_unknown:1,environment_unresolved:1,legacy_manual_cleanup_flag:1,low_statement_source_overlap:1",2026-02-16T21:56:48.904558+00:00
doi:10.1111/cogs.12518,TBL-20260216200602-050,queued_table_remake,translation_status_untranslatable_noise,4,1,0.2500,"translation_status:inferred:3,source_row_low_information:2,effect_unknown:1,environment_unresolved:1,legacy_manual_cleanup_flag:1",2026-02-16T21:56:48.904558+00:00
doi:10.1111/cogs.12518,TBL-20260216200602-051,queued_table_remake,translation_status_untranslatable_noise,6,1,0.1667,"translation_status:inferred:5,effect_unknown:1,environment_unresolved:1,legacy_manual_cleanup_flag:1,low_statement_source_overlap:1",2026-02-16T21:56:48.904558+00:00
doi:10.1111/cogs.12518,TBL-20260216200602-052,queued_table_remake,translation_status_untranslatable_noise,2,1,0.5000,"translation_status:fuzzy:1,effect_unknown:1,environment_unresolved:1,legacy_manual_cleanup_flag:1,low_statement_source_overlap:1",2026-02-16T21:56:48.904558+00:00
doi:10.1111/cogs.12518,TBL-20260216200602-053,queued_table_remake,translation_status_untranslatable_noise,3,1,0.3333,"translation_status:inferred:2,effect_unknown:1,legacy_manual_cleanup_flag:1,low_statement_source_overlap:1,outcome_unresolved:1",2026-02-16T21:56:48.904558+00:00
doi:10.1111/cogs.12518,TBL-20260216200602-058,queued_table_remake,translation_status_untranslatable_noise,6,1,0.1667,"translation_status:inferred:4,translation_status:fuzzy:1,effect_unknown:1,legacy_manual_cleanup_flag:1,low_statement_source_overlap:1",2026-02-16T21:56:48.904558+00:00
doi:10.1111/cogs.12518,TBL-20260216200602-060,queued_table_remake,translation_status_untranslatable_noise,4,1,0.2500,"translation_status:inferred:3,source_row_low_information:2,statement_low_information:1,effect_unknown:1,legacy_manual_cleanup_flag:1",2026-02-16T21:56:48.904558+00:00
doi:10.1111/cogs.12518,TBL-20260216200602-061,queued_table_remake,translation_status_untranslatable_noise,5,1,0.2000,"translation_status:inferred:4,effect_unknown:1,legacy_manual_cleanup_flag:1,low_statement_source_overlap:1,outcome_unresolved:1",2026-02-16T21:56:48.904558+00:00
doi:10.1111/cogs.12518,TBL-20260216200602-063,queued_table_remake,translation_status_untranslatable_noise,3,1,0.3333,"translation_status:inferred:2,effect_unknown:1,environment_unresolved:1,legacy_manual_cleanup_flag:1,low_statement_source_overlap:1",2026-02-16T21:56:48.904558+00:00
doi:10.1111/cogs.12518,TBL-20260216200602-065,queued_table_remake,translation_status_untranslatable_noise,2,1,0.5000,"translation_status:inferred:1,effect_unknown:1,legacy_manual_cleanup_flag:1,low_statement_source_overlap:1,outcome_unresolved:1",2026-02-16T21:56:48.904558+00:00
doi:10.1111/cogs.12518,TBL-20260216200602-067,queued_table_remake,translation_status_untranslatable_noise,3,1,0.3333,"translation_status:inferred:2,effect_unknown:1,environment_unresolved:1,legacy_manual_cleanup_flag:1,low_statement_source_overlap:1",2026-02-16T21:56:48.904558+00:00
doi:10.1111/cogs.12518,TBL-20260216200602-068,queued_table_remake,translation_status_untranslatable_noise,3,1,0.3333,"translation_status:inferred:2,effect_unknown:1,legacy_manual_cleanup_flag:1,low_statement_source_overlap:1,outcome_unresolved:1",2026-02-16T21:56:48.904558+00:00
doi:10.1111/cogs.12518,TBL-20260216200602-069,queued_table_remake,translation_status_untranslatable_noise,4,2,0.5000,"effect_unknown:2,legacy_manual_cleanup_flag:2,low_statement_source_overlap:2,outcome_unresolved:2,translation_status:untranslatable_noise:2",2026-02-16T21:56:48.904558+00:00
doi:10.1111/cogs.12518,TBL-20260216200602-070,queued_table_remake,translation_status_untranslatable_noise,3,1,0.3333,"translation_status:inferred:2,effect_unknown:1,environment_unresolved:1,legacy_manual_cleanup_flag:1,low_statement_source_overlap:1",2026-02-16T21:56:48.904558+00:00
doi:10.1111/cogs.12518,TBL-20260216200602-071,queued_table_remake,translation_status_untranslatable_noise,4,1,0.2500,"translation_status:inferred:3,effect_unknown:1,legacy_manual_cleanup_flag:1,low_statement_source_overlap:1,outcome_unresolved:1",2026-02-16T21:56:48.904558+00:00
doi:10.1111/cogs.12518,TBL-20260216200603-075,queued_table_remake,translation_status_untranslatable_noise,3,1,0.3333,"translation_status:inferred:2,effect_unknown:1,environment_unresolved:1,legacy_manual_cleanup_flag:1,low_statement_source_overlap:1",2026-02-16T21:56:48.904558+00:00
doi:10.1111/cogs.12518,TBL-20260216200603-076,queued_table_remake,translation_status_untranslatable_noise,6,1,0.1667,"translation_status:inferred:3,translation_status:fuzzy:2,effect_unknown:1,legacy_manual_cleanup_flag:1,low_statement_source_overlap:1",2026-02-16T21:56:48.904558+00:00
doi:10.1111/cogs.12518,TBL-20260216200603-077,queued_table_remake,translation_status_untranslatable_noise,3,1,0.3333,"translation_status:fuzzy:1,translation_status:inferred:1,effect_unknown:1,environment_unresolved:1,legacy_manual_cleanup_flag:1",2026-02-16T21:56:48.904558+00:00
doi:10.1111/cogs.12518,TBL-20260216200603-080,queued_table_remake,translation_status_untranslatable_noise,5,2,0.4000,"translation_status:inferred:3,effect_unknown:2,legacy_manual_cleanup_flag:2,low_statement_source_overlap:2,outcome_unresolved:2",2026-02-16T21:56:48.904558+00:00
doi:10.1111/cogs.12518,TBL-20260216200603-081,queued_table_remake,translation_status_untranslatable_noise,4,1,0.2500,"translation_status:inferred:3,effect_unknown:1,environment_unresolved:1,legacy_manual_cleanup_flag:1,low_statement_source_overlap:1",2026-02-16T21:56:48.904558+00:00
doi:10.1111/cogs.12518,TBL-20260216200603-082,queued_table_remake,translation_status_untranslatable_noise,3,1,0.3333,"translation_status:inferred:2,effect_unknown:1,legacy_manual_cleanup_flag:1,low_statement_source_overlap:1,outcome_unresolved:1",2026-02-16T21:56:48.904558+00:00
doi:10.1111/cogs.12518,TBL-20260216200603-084,queued_table_remake,translation_status_untranslatable_noise,3,1,0.3333,"translation_status:inferred:2,effect_unknown:1,environment_unresolved:1,legacy_manual_cleanup_flag:1,low_statement_source_overlap:1",2026-02-16T21:56:48.904558+00:00
doi:10.1111/cogs.12518,TBL-20260216200603-085,queued_table_remake,translation_status_untranslatable_noise,4,1,0.2500,"translation_status:inferred:3,effect_unknown:1,environment_unresolved:1,legacy_manual_cleanup_flag:1,low_statement_source_overlap:1",2026-02-16T21:56:48.904558+00:00
doi:10.1111/cogs.12518,TBL-20260216200603-087,queued_table_remake,translation_status_untranslatable_noise,5,1,0.2000,"translation_status:inferred:4,effect_unknown:1,environment_unresolved:1,legacy_manual_cleanup_flag:1,low_statement_source_overlap:1",2026-02-16T21:56:48.904558+00:00
doi:10.1111/cogs.12518,TBL-20260216200603-089,queued_table_remake,translation_status_untranslatable_noise,4,1,0.2500,"translation_status:inferred:3,effect_unknown:1,legacy_manual_cleanup_flag:1,low_statement_source_overlap:1,outcome_unresolved:1",2026-02-16T21:56:48.904558+00:00
doi:10.1111/cogs.12518,TBL-20260216200603-090,queued_table_remake,translation_status_untranslatable_noise,4,1,0.2500,"translation_status:inferred:3,effect_unknown:1,environment_unresolved:1,legacy_manual_cleanup_flag:1,low_statement_source_overlap:1",2026-02-16T21:56:48.904558+00:00
doi:10.1111/cogs.12518,TBL-20260216200603-091,queued_table_remake,translation_status_untranslatable_noise,5,1,0.2000,"translation_status:inferred:4,source_row_low_information:2,statement_low_information:1,effect_unknown:1,environment_unresolved:1",2026-02-16T21:56:48.904558+00:00
doi:10.1111/cogs.12518,TBL-20260216200603-093,queued_table_remake,translation_status_untranslatable_noise,4,1,0.2500,"translation_status:inferred:3,effect_unknown:1,legacy_manual_cleanup_flag:1,low_statement_source_overlap:1,outcome_unresolved:1",2026-02-16T21:56:48.904558+00:00
doi:10.1111/cogs.12518,TBL-20260216200603-094,queued_table_remake,translation_status_untranslatable_noise,3,1,0.3333,"translation_status:inferred:2,effect_unknown:1,legacy_manual_cleanup_flag:1,low_statement_source_overlap:1,outcome_unresolved:1",2026-02-16T21:56:48.904558+00:00
doi:10.1111/cogs.12518,TBL-20260216200604-095,queued_table_remake,translation_status_untranslatable_noise,4,1,0.2500,"translation_status:inferred:3,effect_unknown:1,legacy_manual_cleanup_flag:1,low_statement_source_overlap:1,outcome_unresolved:1",2026-02-16T21:56:48.904558+00:00
doi:10.1111/cogs.12518,TBL-20260216200604-097,queued_table_remake,translation_status_untranslatable_noise,3,1,0.3333,"translation_status:inferred:2,effect_unknown:1,environment_unresolved:1,legacy_manual_cleanup_flag:1,low_statement_source_overlap:1",2026-02-16T21:56:48.904558+00:00
doi:10.1111/cogs.12518,TBL-20260216200604-100,queued_table_remake,translation_status_untranslatable_noise,3,1,0.3333,"translation_status:inferred:2,effect_unknown:1,legacy_manual_cleanup_flag:1,low_statement_source_overlap:1,outcome_unresolved:1",2026-02-16T21:56:48.904558+00:00
doi:10.1111/cogs.12518,TBL-20260216200604-101,queued_table_remake,translation_status_untranslatable_noise,4,1,0.2500,"translation_status:inferred:3,effect_unknown:1,legacy_manual_cleanup_flag:1,low_statement_source_overlap:1,outcome_unresolved:1",2026-02-16T21:56:48.904558+00:00
doi:10.1111/cogs.12518,TBL-20260216200604-103,queued_table_remake,translation_status_untranslatable_noise,4,1,0.2500,"translation_status:inferred:3,source_row_low_information:2,statement_low_information:1,effect_unknown:1,legacy_manual_cleanup_flag:1",2026-02-16T21:56:48.904558+00:00
doi:10.1111/cogs.12518,TBL-20260216200604-104,queued_table_remake,translation_status_untranslatable_noise,4,1,0.2500,"translation_status:inferred:3,effect_unknown:1,environment_unresolved:1,legacy_manual_cleanup_flag:1,low_statement_source_overlap:1",2026-02-16T21:56:48.904558+00:00
doi:10.1111/cogs.12518,TBL-20260216200604-105,queued_table_remake,translation_status_untranslatable_noise,1,1,1.0000,"effect_unknown:1,environment_unresolved:1,legacy_manual_cleanup_flag:1,low_statement_source_overlap:1,outcome_unresolved:1",2026-02-16T21:56:48.904558+00:00
doi:10.1111/cogs.12518,TBL-20260216200604-108,queued_table_remake,translation_status_untranslatable_noise,4,1,0.2500,"translation_status:inferred:3,effect_unknown:1,legacy_manual_cleanup_flag:1,low_statement_source_overlap:1,outcome_unresolved:1",2026-02-16T21:56:48.904558+00:00
doi:10.1111/cogs.12518,TBL-20260216200604-109,queued_table_remake,translation_status_untranslatable_noise,5,1,0.2000,"translation_status:inferred:4,effect_unknown:1,environment_unresolved:1,legacy_manual_cleanup_flag:1,low_statement_source_overlap:1",2026-02-16T21:56:48.904558+00:00
doi:10.1111/cogs.12518,TBL-20260216200604-111,queued_table_remake,translation_status_untranslatable_noise,4,1,0.2500,"translation_status:inferred:3,effect_unknown:1,environment_unresolved:1,legacy_manual_cleanup_flag:1,low_statement_source_overlap:1",2026-02-16T21:56:48.904558+00:00
doi:10.1111/cogs.12518,TBL-20260216200604-112,queued_table_remake,translation_status_untranslatable_noise,5,1,0.2000,"translation_status:inferred:4,effect_unknown:1,legacy_manual_cleanup_flag:1,low_statement_source_overlap:1,outcome_unresolved:1",2026-02-16T21:56:48.904558+00:00
doi:10.1111/cogs.12518,TBL-20260216200604-113,queued_table_remake,translation_status_untranslatable_noise,3,1,0.3333,"translation_status:inferred:2,effect_unknown:1,environment_unresolved:1,legacy_manual_cleanup_flag:1,low_statement_source_overlap:1",2026-02-16T21:56:48.904558+00:00
doi:10.1111/cogs.12518,TBL-20260216200604-114,queued_table_remake,translation_status_untranslatable_noise,4,1,0.2500,"translation_status:inferred:3,effect_unknown:1,legacy_manual_cleanup_flag:1,low_statement_source_overlap:1,outcome_unresolved:1",2026-02-16T21:56:48.904558+00:00
doi:10.1111/cogs.12518,TBL-20260216200604-115,queued_table_remake,translation_status_untranslatable_noise,5,1,0.2000,"translation_status:inferred:3,translation_status:fuzzy:1,effect_unknown:1,environment_unresolved:1,legacy_manual_cleanup_flag:1",2026-02-16T21:56:48.904558+00:00
doi:10.1111/cogs.12518,TBL-20260216200604-119,queued_table_remake,translation_status_untranslatable_noise,4,1,0.2500,"translation_status:fuzzy:2,translation_status:inferred:1,effect_unknown:1,environment_unresolved:1,legacy_manual_cleanup_flag:1",2026-02-16T21:56:48.904558+00:00
doi:10.1111/cogs.12518,TBL-20260216200604-120,queued_table_remake,translation_status_untranslatable_noise,4,1,0.2500,"translation_status:inferred:3,effect_unknown:1,legacy_manual_cleanup_flag:1,low_statement_source_overlap:1,outcome_unresolved:1",2026-02-16T21:56:48.904558+00:00
doi:10.1111/cogs.12518,TBL-20260216200604-121,queued_table_remake,translation_status_untranslatable_noise,5,1,0.2000,"translation_status:inferred:4,effect_unknown:1,legacy_manual_cleanup_flag:1,low_statement_source_overlap:1,outcome_unresolved:1",2026-02-16T21:56:48.904558+00:00
doi:10.1111/cogs.12518,TBL-20260216200604-122,queued_table_remake,translation_status_untranslatable_noise,3,1,0.3333,"translation_status:inferred:2,effect_unknown:1,environment_unresolved:1,legacy_manual_cleanup_flag:1,low_statement_source_overlap:1",2026-02-16T21:56:48.904558+00:00
doi:10.1111/cogs.12518,TBL-20260216200604-127,queued_table_remake,translation_status_untranslatable_noise,3,1,0.3333,"translation_status:inferred:2,effect_unknown:1,legacy_manual_cleanup_flag:1,low_statement_source_overlap:1,outcome_unresolved:1",2026-02-16T21:56:48.904558+00:00
doi:10.1111/cogs.12518,TBL-20260216200605-129,queued_table_remake,translation_status_untranslatable_noise,5,1,0.2000,"translation_status:inferred:4,effect_unknown:1,environment_unresolved:1,legacy_manual_cleanup_flag:1,low_statement_source_overlap:1",2026-02-16T21:56:48.904558+00:00
doi:10.1111/cogs.12518,TBL-20260216200605-131,queued_table_remake,translation_status_untranslatable_noise,6,1,0.1667,"translation_status:inferred:5,effect_unknown:1,environment_unresolved:1,legacy_manual_cleanup_flag:1,low_statement_source_overlap:1",2026-02-16T21:56:48.904558+00:00
doi:10.1111/cogs.12518,TBL-20260216200605-133,queued_table_remake,translation_status_untranslatable_noise,4,1,0.2500,"translation_status:inferred:3,source_row_low_information:2,effect_unknown:1,environment_unresolved:1,legacy_manual_cleanup_flag:1",2026-02-16T21:56:48.904558+00:00
doi:10.1111/cogs.12518,TBL-20260216200605-136,queued_table_remake,translation_status_untranslatable_noise,4,1,0.2500,"translation_status:inferred:2,translation_status:fuzzy:1,effect_unknown:1,environment_unresolved:1,legacy_manual_cleanup_flag:1",2026-02-16T21:56:48.904558+00:00
doi:10.1111/cogs.12518,TBL-20260216200605-138,queued_table_remake,translation_status_untranslatable_noise,4,1,0.2500,"translation_status:inferred:3,effect_unknown:1,legacy_manual_cleanup_flag:1,low_statement_source_overlap:1,outcome_unresolved:1",2026-02-16T21:56:48.904558+00:00
doi:10.1111/cogs.12518,TBL-20260216200605-140,queued_table_remake,translation_status_untranslatable_noise,5,1,0.2000,"translation_status:inferred:3,translation_status:fuzzy:1,effect_unknown:1,environment_unresolved:1,legacy_manual_cleanup_flag:1",2026-02-16T21:56:48.904558+00:00
doi:10.1111/cogs.12518,TBL-20260216200605-143,queued_table_remake,translation_status_untranslatable_noise,6,1,0.1667,"translation_status:inferred:5,effect_unknown:1,legacy_manual_cleanup_flag:1,low_statement_source_overlap:1,outcome_unresolved:1",2026-02-16T21:56:48.904558+00:00
doi:10.1111/cogs.12518,TBL-20260216200605-146,queued_table_remake,translation_status_untranslatable_noise,9,1,0.1111,"translation_status:inferred:8,source_row_low_information:2,statement_low_information:1,effect_unknown:1,legacy_manual_cleanup_flag:1",2026-02-16T21:56:48.904558+00:00
doi:10.1111/cogs.12518,TBL-20260216200605-149,queued_table_remake,translation_status_untranslatable_noise,4,1,0.2500,"translation_status:inferred:3,source_row_low_information:2,statement_low_information:1,effect_unknown:1,legacy_manual_cleanup_flag:1",2026-02-16T21:56:48.904558+00:00
doi:10.1111/cogs.12518,TBL-20260216200605-151,queued_table_remake,translation_status_untranslatable_noise,4,1,0.2500,"translation_status:inferred:3,effect_unknown:1,environment_unresolved:1,legacy_manual_cleanup_flag:1,low_statement_source_overlap:1",2026-02-16T21:56:48.904558+00:00
doi:10.1111/cogs.12518,TBL-20260216200605-153,queued_table_remake,translation_status_untranslatable_noise,4,1,0.2500,"translation_status:inferred:3,effect_unknown:1,legacy_manual_cleanup_flag:1,low_statement_source_overlap:1,outcome_unresolved:1",2026-02-16T21:56:48.904558+00:00
doi:10.1111/cogs.12518,TBL-20260216200606-156,queued_table_remake,translation_status_untranslatable_noise,2,1,0.5000,"translation_status:inferred:1,effect_unknown:1,environment_unresolved:1,legacy_manual_cleanup_flag:1,low_statement_source_overlap:1",2026-02-16T21:56:48.904558+00:00
doi:10.1111/cogs.12518,TBL-20260216200606-157,queued_table_remake,translation_status_untranslatable_noise,4,1,0.2500,"translation_status:inferred:3,source_row_low_information:2,statement_low_information:1,effect_unknown:1,legacy_manual_cleanup_flag:1",2026-02-16T21:56:48.904558+00:00
doi:10.1111/cogs.12518,TBL-20260216200606-158,queued_table_remake,translation_status_untranslatable_noise,4,1,0.2500,"translation_status:inferred:2,translation_status:fuzzy:1,effect_unknown:1,legacy_manual_cleanup_flag:1,low_statement_source_overlap:1",2026-02-16T21:56:48.904558+00:00
doi:10.1111/cogs.12518,TBL-20260216200606-160,queued_table_remake,translation_status_untranslatable_noise,5,1,0.2000,"translation_status:inferred:4,effect_unknown:1,legacy_manual_cleanup_flag:1,low_statement_source_overlap:1,outcome_unresolved:1",2026-02-16T21:56:48.904558+00:00
doi:10.1111/cogs.12518,TBL-20260216200606-162,queued_table_remake,translation_status_untranslatable_noise,3,1,0.3333,"translation_status:inferred:2,effect_unknown:1,environment_unresolved:1,legacy_manual_cleanup_flag:1,low_statement_source_overlap:1",2026-02-16T21:56:48.904558+00:00
doi:10.1111/cogs.12518,TBL-20260216200606-163,queued_table_remake,translation_status_untranslatable_noise,3,1,0.3333,"translation_status:inferred:1,translation_status:fuzzy:1,effect_unknown:1,environment_unresolved:1,legacy_manual_cleanup_flag:1",2026-02-16T21:56:48.904558+00:00
doi:10.1111/cogs.12518,TBL-20260216200606-164,queued_table_remake,translation_status_untranslatable_noise,4,1,0.2500,"translation_status:inferred:3,effect_unknown:1,legacy_manual_cleanup_flag:1,low_statement_source_overlap:1,outcome_unresolved:1",2026-02-16T21:56:48.904558+00:00
doi:10.1111/cogs.12518,TBL-20260216200606-166,queued_table_remake,translation_status_untranslatable_noise,4,1,0.2500,"translation_status:inferred:3,source_row_low_information:2,effect_unknown:1,environment_unresolved:1,legacy_manual_cleanup_flag:1",2026-02-16T21:56:48.904558+00:00
doi:10.1111/cogs.12518,TBL-20260216200606-167,queued_table_remake,translation_status_untranslatable_noise,3,1,0.3333,"translation_status:inferred:2,effect_unknown:1,legacy_manual_cleanup_flag:1,low_statement_source_overlap:1,outcome_unresolved:1",2026-02-16T21:56:48.904558+00:00
doi:10.1111/cogs.12518,TBL-20260216200606-169,queued_table_remake,translation_status_untranslatable_noise,3,1,0.3333,"translation_status:inferred:2,effect_unknown:1,environment_unresolved:1,legacy_manual_cleanup_flag:1,low_statement_source_overlap:1",2026-02-16T21:56:48.904558+00:00
doi:10.1111/cogs.12518,TBL-20260216200606-170,queued_table_remake,translation_status_untranslatable_noise,5,1,0.2000,"translation_status:inferred:4,source_row_low_information:2,statement_low_information:1,effect_unknown:1,legacy_manual_cleanup_flag:1",2026-02-16T21:56:48.904558+00:00
doi:10.1111/cogs.12518,TBL-20260216200606-172,queued_table_remake,translation_status_untranslatable_noise,3,1,0.3333,"translation_status:fuzzy:1,translation_status:inferred:1,effect_unknown:1,legacy_manual_cleanup_flag:1,low_statement_source_overlap:1",2026-02-16T21:56:48.904558+00:00
doi:10.1111/cogs.12518,TBL-20260216200606-173,queued_table_remake,translation_status_untranslatable_noise,4,1,0.2500,"translation_status:inferred:3,effect_unknown:1,legacy_manual_cleanup_flag:1,low_statement_source_overlap:1,outcome_unresolved:1",2026-02-16T21:56:48.904558+00:00
doi:10.1111/cogs.12518,TBL-20260216200606-175,queued_table_remake,translation_status_untranslatable_noise,4,1,0.2500,"translation_status:inferred:3,effect_unknown:1,legacy_manual_cleanup_flag:1,low_statement_source_overlap:1,outcome_unresolved:1",2026-02-16T21:56:48.904558+00:00
doi:10.1111/cogs.12518,TBL-20260216200607-178,queued_table_remake,translation_status_untranslatable_noise,4,1,0.2500,"translation_status:inferred:3,effect_unknown:1,environment_unresolved:1,legacy_manual_cleanup_flag:1,low_statement_source_overlap:1",2026-02-16T21:56:48.904558+00:00
doi:10.1111/cogs.12518,TBL-20260216200607-182,queued_table_remake,translation_status_untranslatable_noise,5,2,0.4000,"translation_status:inferred:3,effect_unknown:2,legacy_manual_cleanup_flag:2,low_statement_source_overlap:2,outcome_unresolved:2",2026-02-16T21:56:48.904558+00:00
doi:10.1111/cogs.12518,TBL-20260216200609-183,queued_table_remake,translation_status_untranslatable_noise,3,1,0.3333,"translation_status:inferred:2,effect_unknown:1,environment_unresolved:1,legacy_manual_cleanup_flag:1,low_statement_source_overlap:1",2026-02-16T21:56:48.904558+00:00
doi:10.1111/j.1559-1816.1971.tb00350.x,TBL-20260216200817-001,queued_table_remake,translation_status_untranslatable_noise,6,6,1.0000,"effect_unknown:6,environment_unresolved:6,legacy_manual_cleanup_flag:6,low_statement_source_overlap:6,translation_status:untranslatable_noise:6",2026-02-16T21:56:48.904558+00:00
doi:10.1111/j.1559-1816.1971.tb00350.x,TBL-20260216200817-002,queued_table_remake,translation_status_untranslatable_noise,1,1,1.0000,"effect_unknown:1,environment_unresolved:1,legacy_manual_cleanup_flag:1,low_statement_source_overlap:1,outcome_unresolved:1",2026-02-16T21:56:48.904558+00:00
doi:10.1111/j.1559-1816.1971.tb00350.x,TBL-20260216200817-003,queued_table_remake,translation_status_untranslatable_noise,1,1,1.0000,"effect_unknown:1,environment_unresolved:1,legacy_manual_cleanup_flag:1,low_statement_source_overlap:1,outcome_unresolved:1",2026-02-16T21:56:48.904558+00:00
doi:10.1111/j.1939-1668.2004.tb00398.x,TBL-20260216200816-001,queued_table_remake,translation_status_untranslatable_noise,2,2,1.0000,"effect_unknown:2,environment_unresolved:2,legacy_manual_cleanup_flag:2,low_statement_source_overlap:2,outcome_unresolved:2",2026-02-16T21:56:48.904558+00:00
doi:10.1111/j.1939-1668.2004.tb00398.x,TBL-20260216200816-004,queued_table_remake,translation_status_untranslatable_noise,8,8,1.0000,"effect_unknown:8,legacy_manual_cleanup_flag:8,low_statement_source_overlap:8,translation_status:untranslatable_noise:8,outcome_unresolved:6",2026-02-16T21:56:48.904558+00:00
doi:10.1111/j.1939-1668.2004.tb00398.x,TBL-20260216200816-005,queued_table_remake,translation_status_untranslatable_noise,10,10,1.0000,"effect_unknown:10,legacy_manual_cleanup_flag:10,low_statement_source_overlap:10,outcome_unresolved:10,translation_status:untranslatable_noise:10",2026-02-16T21:56:48.904558+00:00
doi:10.1111/j.1939-1668.2004.tb00398.x,TBL-20260216200816-006,queued_table_remake,translation_status_untranslatable_noise,2,2,1.0000,"effect_unknown:2,environment_unresolved:2,legacy_manual_cleanup_flag:2,low_statement_source_overlap:2,outcome_unresolved:2",2026-02-16T21:56:48.904558+00:00
doi:10.1111/joid.12165,TBL-20260214094343-006,queued_table_remake,translation_status_untranslatable_noise,2,1,0.5000,"translation_status:inferred:1,environment_unresolved:1,legacy_manual_cleanup_flag:1,low_statement_source_overlap:1,translation_status:untranslatable_noise:1",2026-02-16T21:56:48.904558+00:00
doi:10.1111/joid.12165,TBL-20260214103022-006,queued_table_remake,translation_status_untranslatable_noise,2,1,0.5000,"translation_status:inferred:1,environment_unresolved:1,legacy_manual_cleanup_flag:1,low_statement_source_overlap:1,translation_status:untranslatable_noise:1",2026-02-16T21:56:48.904558+00:00
doi:10.1111/joid.12165,TBL-20260214103604-006,queued_table_remake,translation_status_untranslatable_noise,2,1,0.5000,"translation_status:inferred:1,environment_unresolved:1,legacy_manual_cleanup_flag:1,low_statement_source_overlap:1,translation_status:untranslatable_noise:1",2026-02-16T21:56:48.904558+00:00
doi:10.1111/joid.12165,TBL-20260214124358-006,queued_table_remake,translation_status_untranslatable_noise,2,1,0.5000,"translation_status:inferred:1,environment_unresolved:1,legacy_manual_cleanup_flag:1,low_statement_source_overlap:1,translation_status:untranslatable_noise:1",2026-02-16T21:56:48.904558+00:00
doi:10.1111/psyp.14121,TBL-20260216200823-004,queued_table_remake,translation_status_untranslatable_noise,1,1,1.0000,"effect_unknown:1,legacy_manual_cleanup_flag:1,low_statement_source_overlap:1,translation_status:untranslatable_noise:1",2026-02-16T21:56:48.904558+00:00
doi:10.1111/psyp.14121,TBL-20260216200823-006,queued_table_remake,translation_status_untranslatable_noise,1,1,1.0000,"effect_unknown:1,legacy_manual_cleanup_flag:1,low_statement_source_overlap:1,outcome_unresolved:1,translation_status:untranslatable_noise:1",2026-02-16T21:56:48.904558+00:00
doi:10.1111/sjop.12171,TBL-20260214160921-001,queued_table_remake,translation_status_untranslatable_noise,1,1,1.0000,"auto_denoised:1,auto_reconstructed:1,effect_unknown:1,environment_unresolved:1,legacy_manual_cleanup_flag:1",2026-02-16T21:56:48.904558+00:00
doi:10.1111/sjop.12171,TBL-20260214160921-002,queued_table_remake,translation_status_untranslatable_noise,2,2,1.0000,"auto_denoised:2,auto_reconstructed:2,effect_unknown:2,legacy_manual_cleanup_flag:2,low_statement_source_overlap:2",2026-02-16T21:56:48.904558+00:00
doi:10.1111/sjop.12171,TBL-20260215004328-001,queued_table_remake,translation_status_untranslatable_noise,1,1,1.0000,"auto_denoised:1,auto_reconstructed:1,effect_unknown:1,environment_unresolved:1,legacy_manual_cleanup_flag:1",2026-02-16T21:56:48.904558+00:00
doi:10.1111/sjop.12171,TBL-20260215004328-002,queued_table_remake,translation_status_untranslatable_noise,2,2,1.0000,"auto_denoised:2,auto_reconstructed:2,effect_unknown:2,legacy_manual_cleanup_flag:2,low_statement_source_overlap:2",2026-02-16T21:56:48.904558+00:00
doi:10.1113/jphysiol.2009.172445,TBL-20260215004224-001,queued_table_remake,translation_status_untranslatable_noise,2,2,1.0000,"auto_denoised:2,auto_reconstructed:2,effect_unknown:2,environment_unresolved:2,legacy_manual_cleanup_flag:2",2026-02-16T21:56:48.904558+00:00
doi:10.1113/jphysiol.2009.172445,TBL-20260215004224-002,queued_table_remake,translation_status_untranslatable_noise,4,4,1.0000,"auto_denoised:4,auto_reconstructed:4,effect_unknown:4,legacy_manual_cleanup_flag:4,outcome_unresolved:4",2026-02-16T21:56:48.904558+00:00
doi:10.1113/jphysiol.2009.172445,TBL-20260215004224-003,queued_table_remake,translation_status_untranslatable_noise,3,3,1.0000,"auto_denoised:3,auto_reconstructed:3,effect_unknown:3,legacy_manual_cleanup_flag:3,low_statement_source_overlap:3",2026-02-16T21:56:48.904558+00:00
doi:10.1113/jphysiol.2009.172445,TBL-20260215004224-004,queued_table_remake,translation_status_untranslatable_noise,1,1,1.0000,"auto_denoised:1,auto_reconstructed:1,effect_unknown:1,legacy_manual_cleanup_flag:1,low_statement_source_overlap:1",2026-02-16T21:56:48.904558+00:00
doi:10.1113/jphysiol.2009.172445,TBL-20260215004224-005,queued_table_remake,translation_status_untranslatable_noise,22,22,1.0000,"auto_denoised:22,auto_reconstructed:22,effect_unknown:22,legacy_manual_cleanup_flag:22,low_statement_source_overlap:22",2026-02-16T21:56:48.904558+00:00
doi:10.1113/jphysiol.2009.172445,TBL-20260215004224-007,queued_table_remake,translation_status_untranslatable_noise,24,24,1.0000,"auto_denoised:24,auto_reconstructed:24,effect_unknown:24,legacy_manual_cleanup_flag:24,low_statement_source_overlap:24",2026-02-16T21:56:48.904558+00:00
doi:10.1113/jphysiol.2009.172445,TBL-20260215004224-008,queued_table_remake,translation_status_untranslatable_noise,10,10,1.0000,"auto_denoised:10,auto_reconstructed:10,effect_unknown:10,legacy_manual_cleanup_flag:10,low_statement_source_overlap:10",2026-02-16T21:56:48.904558+00:00
doi:10.1113/jphysiol.2009.172445,TBL-20260215004224-009,queued_table_remake,translation_status_untranslatable_noise,19,19,1.0000,"auto_denoised:19,auto_reconstructed:19,effect_unknown:19,legacy_manual_cleanup_flag:19,low_statement_source_overlap:19",2026-02-16T21:56:48.904558+00:00
doi:10.1113/jphysiol.2009.172445,TBL-20260215004224-010,queued_table_remake,translation_status_untranslatable_noise,1,1,1.0000,"auto_denoised:1,auto_reconstructed:1,effect_unknown:1,legacy_manual_cleanup_flag:1,low_statement_source_overlap:1",2026-02-16T21:56:48.904558+00:00
doi:10.1113/jphysiol.2009.172445,TBL-20260215004224-011,queued_table_remake,translation_status_untranslatable_noise,7,7,1.0000,"auto_denoised:7,auto_reconstructed:7,effect_unknown:7,environment_unresolved:7,legacy_manual_cleanup_flag:7",2026-02-16T21:56:48.904558+00:00
doi:10.1113/jphysiol.2009.172445,TBL-20260215013446-001,queued_table_remake,translation_status_untranslatable_noise,2,2,1.0000,"auto_denoised:2,auto_reconstructed:2,effect_unknown:2,environment_unresolved:2,legacy_manual_cleanup_flag:2",2026-02-16T21:56:48.904558+00:00
doi:10.1113/jphysiol.2009.172445,TBL-20260215013446-002,queued_table_remake,translation_status_untranslatable_noise,4,4,1.0000,"auto_denoised:4,auto_reconstructed:4,effect_unknown:4,legacy_manual_cleanup_flag:4,outcome_unresolved:4",2026-02-16T21:56:48.904558+00:00
doi:10.1113/jphysiol.2009.172445,TBL-20260215013446-003,queued_table_remake,translation_status_untranslatable_noise,3,3,1.0000,"auto_denoised:3,auto_reconstructed:3,effect_unknown:3,legacy_manual_cleanup_flag:3,low_statement_source_overlap:3",2026-02-16T21:56:48.904558+00:00
doi:10.1113/jphysiol.2009.172445,TBL-20260215013446-004,queued_table_remake,translation_status_untranslatable_noise,1,1,1.0000,"auto_denoised:1,auto_reconstructed:1,effect_unknown:1,legacy_manual_cleanup_flag:1,low_statement_source_overlap:1",2026-02-16T21:56:48.904558+00:00
doi:10.1113/jphysiol.2009.172445,TBL-20260215013446-005,queued_table_remake,translation_status_untranslatable_noise,22,22,1.0000,"auto_denoised:22,auto_reconstructed:22,effect_unknown:22,legacy_manual_cleanup_flag:22,low_statement_source_overlap:22",2026-02-16T21:56:48.904558+00:00
doi:10.1113/jphysiol.2009.172445,TBL-20260215013446-007,queued_table_remake,translation_status_untranslatable_noise,24,24,1.0000,"auto_denoised:24,auto_reconstructed:24,effect_unknown:24,legacy_manual_cleanup_flag:24,low_statement_source_overlap:24",2026-02-16T21:56:48.904558+00:00
doi:10.1113/jphysiol.2009.172445,TBL-20260215013446-008,queued_table_remake,translation_status_untranslatable_noise,10,10,1.0000,"auto_denoised:10,auto_reconstructed:10,effect_unknown:10,legacy_manual_cleanup_flag:10,low_statement_source_overlap:10",2026-02-16T21:56:48.904558+00:00
doi:10.1113/jphysiol.2009.172445,TBL-20260215013446-009,queued_table_remake,translation_status_untranslatable_noise,19,19,1.0000,"auto_denoised:19,auto_reconstructed:19,effect_unknown:19,legacy_manual_cleanup_flag:19,low_statement_source_overlap:19",2026-02-16T21:56:48.904558+00:00
doi:10.1113/jphysiol.2009.172445,TBL-20260215013446-010,queued_table_remake,translation_status_untranslatable_noise,1,1,1.0000,"auto_denoised:1,auto_reconstructed:1,effect_unknown:1,legacy_manual_cleanup_flag:1,low_statement_source_overlap:1",2026-02-16T21:56:48.904558+00:00
doi:10.1113/jphysiol.2009.172445,TBL-20260215013446-011,queued_table_remake,translation_status_untranslatable_noise,7,7,1.0000,"auto_denoised:7,auto_reconstructed:7,effect_unknown:7,environment_unresolved:7,legacy_manual_cleanup_flag:7",2026-02-16T21:56:48.904558+00:00
doi:10.1121/1.1490363,TBL-20260216200825-001,queued_table_remake,translation_status_untranslatable_noise,11,11,1.0000,"effect_unknown:11,legacy_manual_cleanup_flag:11,low_statement_source_overlap:11,outcome_unresolved:11,translation_status:untranslatable_noise:11",2026-02-16T21:56:48.904558+00:00
doi:10.1121/1.1490363,TBL-20260216200825-002,queued_table_remake,translation_status_untranslatable_noise,1,1,1.0000,"effect_unknown:1,environment_unresolved:1,legacy_manual_cleanup_flag:1,low_statement_source_overlap:1,outcome_unresolved:1",2026-02-16T21:56:48.904558+00:00
doi:10.1121/1.1490363,TBL-20260216200825-003,queued_table_remake,translation_status_untranslatable_noise,2,2,1.0000,"effect_unknown:2,legacy_manual_cleanup_flag:2,low_statement_source_overlap:2,outcome_unresolved:2,translation_status:untranslatable_noise:2",2026-02-16T21:56:48.904558+00:00
doi:10.1121/1.1490363,TBL-20260216200825-004,queued_table_remake,translation_status_untranslatable_noise,19,19,1.0000,"effect_unknown:19,legacy_manual_cleanup_flag:19,low_statement_source_overlap:19,outcome_unresolved:19,translation_status:untranslatable_noise:19",2026-02-16T21:56:48.904558+00:00
doi:10.1121/1.1490363,TBL-20260216200825-005,queued_table_remake,translation_status_untranslatable_noise,1,1,1.0000,"effect_unknown:1,legacy_manual_cleanup_flag:1,low_statement_source_overlap:1,outcome_unresolved:1,source_row_low_information:1",2026-02-16T21:56:48.904558+00:00
doi:10.1121/1.1490363,TBL-20260216200825-006,queued_table_remake,translation_status_untranslatable_noise,2,2,1.0000,"effect_unknown:2,environment_unresolved:2,legacy_manual_cleanup_flag:2,low_statement_source_overlap:2,outcome_unresolved:2",2026-02-16T21:56:48.904558+00:00
doi:10.1121/1.1490363,TBL-20260216200825-007,queued_table_remake,translation_status_untranslatable_noise,1,1,1.0000,"effect_unknown:1,environment_unresolved:1,legacy_manual_cleanup_flag:1,low_statement_source_overlap:1,outcome_unresolved:1",2026-02-16T21:56:48.904558+00:00
doi:10.1121/1.1918154,TBL-20260216200839-001,queued_table_remake,translation_status_untranslatable_noise,5,5,1.0000,"effect_unknown:5,environment_unresolved:5,legacy_manual_cleanup_flag:5,low_statement_source_overlap:5,outcome_unresolved:5",2026-02-16T21:56:48.904558+00:00
doi:10.1121/1.1918154,TBL-20260216200839-004,queued_table_remake,translation_status_untranslatable_noise,11,11,1.0000,"effect_unknown:11,legacy_manual_cleanup_flag:11,low_statement_source_overlap:11,outcome_unresolved:11,translation_status:untranslatable_noise:11",2026-02-16T21:56:48.904558+00:00
doi:10.1121/1.1918154,TBL-20260216200839-005,queued_table_remake,translation_status_untranslatable_noise,2,2,1.0000,"effect_unknown:2,legacy_manual_cleanup_flag:2,low_statement_source_overlap:2,outcome_unresolved:2,translation_status:untranslatable_noise:2",2026-02-16T21:56:48.904558+00:00
doi:10.1121/1.1918154,TBL-20260216200839-006,queued_table_remake,translation_status_untranslatable_noise,2,2,1.0000,"effect_unknown:2,legacy_manual_cleanup_flag:2,low_statement_source_overlap:2,outcome_unresolved:2,translation_status:untranslatable_noise:2",2026-02-16T21:56:48.904558+00:00
doi:10.1121/1.1918154,TBL-20260216200839-007,queued_table_remake,translation_status_untranslatable_noise,6,6,1.0000,"effect_unknown:6,legacy_manual_cleanup_flag:6,low_statement_source_overlap:6,outcome_unresolved:6,translation_status:untranslatable_noise:6",2026-02-16T21:56:48.904558+00:00
doi:10.1121/1.1918154,TBL-20260216200839-008,queued_table_remake,translation_status_untranslatable_noise,4,4,1.0000,"effect_unknown:4,legacy_manual_cleanup_flag:4,low_statement_source_overlap:4,outcome_unresolved:4,translation_status:untranslatable_noise:4",2026-02-16T21:56:48.904558+00:00
doi:10.1121/1.1918154,TBL-20260216200839-009,queued_table_remake,translation_status_untranslatable_noise,10,10,1.0000,"effect_unknown:10,legacy_manual_cleanup_flag:10,low_statement_source_overlap:10,outcome_unresolved:10,translation_status:untranslatable_noise:10",2026-02-16T21:56:48.904558+00:00
doi:10.1121/1.1918154,TBL-20260216200839-010,queued_table_remake,translation_status_untranslatable_noise,2,2,1.0000,"effect_unknown:2,environment_unresolved:2,legacy_manual_cleanup_flag:2,low_statement_source_overlap:2,outcome_unresolved:2",2026-02-16T21:56:48.904558+00:00
doi:10.1121/1.1918154,TBL-20260216200839-011,queued_table_remake,translation_status_untranslatable_noise,2,2,1.0000,"effect_unknown:2,environment_unresolved:2,legacy_manual_cleanup_flag:2,low_statement_source_overlap:2,outcome_unresolved:2",2026-02-16T21:56:48.904558+00:00
doi:10.1121/1.1918154,TBL-20260216200839-014,queued_table_remake,translation_status_untranslatable_noise,4,4,1.0000,"effect_unknown:4,legacy_manual_cleanup_flag:4,low_statement_source_overlap:4,outcome_unresolved:4,translation_status:untranslatable_noise:4",2026-02-16T21:56:48.904558+00:00
doi:10.1121/1.1918154,TBL-20260216200839-018,queued_table_remake,translation_status_untranslatable_noise,12,12,1.0000,"effect_unknown:12,legacy_manual_cleanup_flag:12,low_statement_source_overlap:12,outcome_unresolved:12,translation_status:untranslatable_noise:12",2026-02-16T21:56:48.904558+00:00
doi:10.1121/1.1918154,TBL-20260216200839-019,queued_table_remake,translation_status_untranslatable_noise,3,3,1.0000,"effect_unknown:3,legacy_manual_cleanup_flag:3,low_statement_source_overlap:3,outcome_unresolved:3,translation_status:untranslatable_noise:3",2026-02-16T21:56:48.904558+00:00
doi:10.1121/1.2839283,TBL-20260216200836-003,queued_table_remake,translation_status_untranslatable_noise,1,1,1.0000,"effect_unknown:1,legacy_manual_cleanup_flag:1,low_statement_source_overlap:1,outcome_unresolved:1,source_row_low_information:1",2026-02-16T21:56:48.904558+00:00
doi:10.1121/1.2839283,TBL-20260216200836-005,queued_table_remake,translation_status_untranslatable_noise,1,1,1.0000,"effect_unknown:1,environment_unresolved:1,legacy_manual_cleanup_flag:1,low_statement_source_overlap:1,outcome_unresolved:1",2026-02-16T21:56:48.904558+00:00
doi:10.1145/3676488,TBL-20260216200852-002,queued_table_remake,translation_status_untranslatable_noise,1,1,1.0000,"effect_unknown:1,environment_unresolved:1,legacy_manual_cleanup_flag:1,low_statement_source_overlap:1,outcome_unresolved:1",2026-02-16T21:56:48.904558+00:00
doi:10.1145/3676488,TBL-20260216200853-005,queued_table_remake,translation_status_untranslatable_noise,1,1,1.0000,"effect_unknown:1,legacy_manual_cleanup_flag:1,low_statement_source_overlap:1,outcome_unresolved:1,source_row_low_information:1",2026-02-16T21:56:48.904558+00:00
doi:10.1145/3676488,TBL-20260216200853-006,queued_table_remake,translation_status_untranslatable_noise,1,1,1.0000,"effect_unknown:1,legacy_manual_cleanup_flag:1,low_statement_source_overlap:1,outcome_unresolved:1,source_row_low_information:1",2026-02-16T21:56:48.904558+00:00
doi:10.1146/annurev-neuro-072116-031215,TBL-20260216200859-001,queued_table_remake,translation_status_untranslatable_noise,9,9,1.0000,"effect_unknown:9,legacy_manual_cleanup_flag:9,low_statement_source_overlap:9,translation_status:untranslatable_noise:9,outcome_unresolved:8",2026-02-16T21:56:48.904558+00:00
doi:10.1146/annurev-neuro-072116-031215,TBL-20260216200859-002,queued_table_remake,translation_status_untranslatable_noise,1,1,1.0000,"effect_unknown:1,environment_unresolved:1,legacy_manual_cleanup_flag:1,low_statement_source_overlap:1,outcome_unresolved:1",2026-02-16T21:56:48.904558+00:00
doi:10.1146/annurev-neuro-072116-031215,TBL-20260216200859-008,queued_table_remake,translation_status_untranslatable_noise,1,1,1.0000,"effect_unknown:1,environment_unresolved:1,legacy_manual_cleanup_flag:1,low_statement_source_overlap:1,outcome_unresolved:1",2026-02-16T21:56:48.904558+00:00
doi:10.1146/annurev-neuro-072116-031215,TBL-20260216200859-009,queued_table_remake,translation_status_untranslatable_noise,23,23,1.0000,"effect_unknown:23,legacy_manual_cleanup_flag:23,low_statement_source_overlap:23,translation_status:untranslatable_noise:23,outcome_unresolved:21",2026-02-16T21:56:48.904558+00:00
doi:10.1146/annurev-neuro-072116-031215,TBL-20260216200859-010,queued_table_remake,translation_status_untranslatable_noise,1,1,1.0000,"effect_unknown:1,environment_unresolved:1,legacy_manual_cleanup_flag:1,low_statement_source_overlap:1,outcome_unresolved:1",2026-02-16T21:56:48.904558+00:00
doi:10.1146/annurev-neuro-072116-031215,TBL-20260216200859-012,queued_table_remake,translation_status_untranslatable_noise,5,5,1.0000,"effect_unknown:5,legacy_manual_cleanup_flag:5,low_statement_source_overlap:5,outcome_unresolved:5,translation_status:untranslatable_noise:5",2026-02-16T21:56:48.904558+00:00
doi:10.1146/annurev-neuro-072116-031215,TBL-20260216200859-013,queued_table_remake,translation_status_untranslatable_noise,1,1,1.0000,"effect_unknown:1,environment_unresolved:1,legacy_manual_cleanup_flag:1,low_statement_source_overlap:1,outcome_unresolved:1",2026-02-16T21:56:48.904558+00:00
doi:10.1146/annurev-neuro-072116-031215,TBL-20260216200859-014,queued_table_remake,translation_status_untranslatable_noise,3,3,1.0000,"effect_unknown:3,environment_unresolved:3,legacy_manual_cleanup_flag:3,low_statement_source_overlap:3,outcome_unresolved:3",2026-02-16T21:56:48.904558+00:00
doi:10.1146/annurev-neuro-072116-031215,TBL-20260216200859-015,queued_table_remake,translation_status_untranslatable_noise,2,2,1.0000,"effect_unknown:2,environment_unresolved:2,legacy_manual_cleanup_flag:2,low_statement_source_overlap:2,outcome_unresolved:2",2026-02-16T21:56:48.904558+00:00
doi:10.1146/annurev-neuro-072116-031215,TBL-20260216200859-016,queued_table_remake,translation_status_untranslatable_noise,4,4,1.0000,"effect_unknown:4,legacy_manual_cleanup_flag:4,low_statement_source_overlap:4,outcome_unresolved:4,translation_status:untranslatable_noise:4",2026-02-16T21:56:48.904558+00:00
doi:10.1146/annurev-neuro-072116-031215,TBL-20260216200859-020,queued_table_remake,translation_status_untranslatable_noise,12,12,1.0000,"effect_unknown:12,legacy_manual_cleanup_flag:12,low_statement_source_overlap:12,outcome_unresolved:12,translation_status:untranslatable_noise:12",2026-02-16T21:56:48.904558+00:00
doi:10.1146/annurev-neuro-072116-031215,TBL-20260216200859-021,queued_table_remake,translation_status_untranslatable_noise,5,5,1.0000,"effect_unknown:5,legacy_manual_cleanup_flag:5,low_statement_source_overlap:5,outcome_unresolved:5,translation_status:untranslatable_noise:5",2026-02-16T21:56:48.904558+00:00
doi:10.1146/annurev.psych.47.1.273,TBL-20260216200912-001,queued_table_remake,translation_status_untranslatable_noise,2,1,0.5000,"effect_unknown:1,legacy_manual_cleanup_flag:1,low_statement_source_overlap:1,outcome_unresolved:1,source_row_low_information:1",2026-02-16T21:56:48.904558+00:00
doi:10.1146/annurev.psych.47.1.273,TBL-20260216200912-004,queued_table_remake,translation_status_untranslatable_noise,1,1,1.0000,"effect_unknown:1,legacy_manual_cleanup_flag:1,low_statement_source_overlap:1,outcome_unresolved:1,source_row_low_information:1",2026-02-16T21:56:48.904558+00:00
doi:10.1162/105474603322761289,TBL-20260216200919-001,queued_table_remake,translation_status_untranslatable_noise,31,23,0.7419,"source_row_low_information:28,effect_unknown:23,environment_unresolved:23,legacy_manual_cleanup_flag:23,low_statement_source_overlap:23",2026-02-16T21:56:48.904558+00:00
doi:10.1162/jocn_a_00491,TBL-20260215003951-001,queued_table_remake,translation_status_untranslatable_noise,3,3,1.0000,"auto_denoised:3,auto_reconstructed:3,effect_unknown:3,legacy_manual_cleanup_flag:3,low_statement_source_overlap:3",2026-02-16T21:56:48.904558+00:00
doi:10.1162/jocn_a_00491,TBL-20260215003951-003,queued_table_remake,translation_status_untranslatable_noise,25,25,1.0000,"auto_denoised:25,auto_reconstructed:25,effect_unknown:25,legacy_manual_cleanup_flag:25,low_statement_source_overlap:25",2026-02-16T21:56:48.904558+00:00
doi:10.1162/jocn_a_00491,TBL-20260215003951-004,queued_table_remake,translation_status_untranslatable_noise,13,13,1.0000,"auto_denoised:13,auto_reconstructed:13,effect_unknown:13,legacy_manual_cleanup_flag:13,low_statement_source_overlap:13",2026-02-16T21:56:48.904558+00:00
doi:10.1162/jocn_a_00491,TBL-20260215003951-005,queued_table_remake,translation_status_untranslatable_noise,2,2,1.0000,"auto_denoised:2,auto_reconstructed:2,effect_unknown:2,legacy_manual_cleanup_flag:2,low_statement_source_overlap:2",2026-02-16T21:56:48.904558+00:00
doi:10.1177/0013916502238868,TBL-20260216200935-001,queued_table_remake,translation_status_untranslatable_noise,16,16,1.0000,"effect_unknown:16,legacy_manual_cleanup_flag:16,low_statement_source_overlap:16,translation_status:untranslatable_noise:16,outcome_unresolved:15",2026-02-16T21:56:48.904558+00:00
doi:10.1177/0013916502238868,TBL-20260216200935-002,queued_table_remake,translation_status_untranslatable_noise,1,1,1.0000,"effect_unknown:1,environment_unresolved:1,legacy_manual_cleanup_flag:1,low_statement_source_overlap:1,outcome_unresolved:1",2026-02-16T21:56:48.904558+00:00
doi:10.1177/0013916502238868,TBL-20260216200935-003,queued_table_remake,translation_status_untranslatable_noise,1,1,1.0000,"effect_unknown:1,environment_unresolved:1,legacy_manual_cleanup_flag:1,low_statement_source_overlap:1,outcome_unresolved:1",2026-02-16T21:56:48.904558+00:00
doi:10.1177/0013916502238868,TBL-20260216200935-004,queued_table_remake,translation_status_untranslatable_noise,18,18,1.0000,"effect_unknown:18,environment_unresolved:18,legacy_manual_cleanup_flag:18,low_statement_source_overlap:18,outcome_unresolved:18",2026-02-16T21:56:48.904558+00:00
doi:10.1177/0013916502238868,TBL-20260216200935-005,queued_table_remake,translation_status_untranslatable_noise,5,5,1.0000,"effect_unknown:5,environment_unresolved:5,legacy_manual_cleanup_flag:5,low_statement_source_overlap:5,outcome_unresolved:5",2026-02-16T21:56:48.904558+00:00
doi:10.1177/0013916502238868,TBL-20260216200935-008,queued_table_remake,translation_status_untranslatable_noise,1,1,1.0000,"effect_unknown:1,environment_unresolved:1,legacy_manual_cleanup_flag:1,low_statement_source_overlap:1,outcome_unresolved:1",2026-02-16T21:56:48.904558+00:00
doi:10.1177/0018720819892383,TBL-20260214095610-004,queued_table_remake,translation_status_untranslatable_noise,3,3,1.0000,"legacy_manual_cleanup_flag:3,outcome_unresolved:3,translation_status:untranslatable_noise:3,environment_unresolved:2,auto_denoised:2",2026-02-16T21:56:48.904558+00:00
doi:10.1177/0018720819892383,TBL-20260214095610-005,queued_table_remake,translation_status_untranslatable_noise,9,9,1.0000,"legacy_manual_cleanup_flag:9,low_statement_source_overlap:9,outcome_unresolved:9,translation_status:untranslatable_noise:9,auto_denoised:4",2026-02-16T21:56:48.904558+00:00
doi:10.1177/0018720819892383,TBL-20260214095611-007,queued_table_remake,translation_status_untranslatable_noise,9,9,1.0000,"legacy_manual_cleanup_flag:9,low_statement_source_overlap:9,outcome_unresolved:9,translation_status:untranslatable_noise:9,environment_unresolved:1",2026-02-16T21:56:48.904558+00:00
doi:10.1177/0018720819892383,TBL-20260214102521-004,queued_table_remake,translation_status_untranslatable_noise,3,3,1.0000,"legacy_manual_cleanup_flag:3,outcome_unresolved:3,translation_status:untranslatable_noise:3,environment_unresolved:2,auto_denoised:2",2026-02-16T21:56:48.904558+00:00
doi:10.1177/0018720819892383,TBL-20260214102522-005,queued_table_remake,translation_status_untranslatable_noise,9,9,1.0000,"legacy_manual_cleanup_flag:9,low_statement_source_overlap:9,outcome_unresolved:9,translation_status:untranslatable_noise:9,auto_denoised:4",2026-02-16T21:56:48.904558+00:00
doi:10.1177/0018720819892383,TBL-20260214102523-007,queued_table_remake,translation_status_untranslatable_noise,9,9,1.0000,"legacy_manual_cleanup_flag:9,low_statement_source_overlap:9,outcome_unresolved:9,translation_status:untranslatable_noise:9,environment_unresolved:1",2026-02-16T21:56:48.904558+00:00
doi:10.1177/0018720819892383,TBL-20260214102636-004,queued_table_remake,translation_status_untranslatable_noise,3,3,1.0000,"legacy_manual_cleanup_flag:3,outcome_unresolved:3,translation_status:untranslatable_noise:3,environment_unresolved:2,auto_denoised:2",2026-02-16T21:56:48.904558+00:00
doi:10.1177/0018720819892383,TBL-20260214102637-005,queued_table_remake,translation_status_untranslatable_noise,9,9,1.0000,"legacy_manual_cleanup_flag:9,low_statement_source_overlap:9,outcome_unresolved:9,translation_status:untranslatable_noise:9,auto_denoised:4",2026-02-16T21:56:48.904558+00:00
doi:10.1177/0018720819892383,TBL-20260214102638-007,queued_table_remake,translation_status_untranslatable_noise,9,9,1.0000,"legacy_manual_cleanup_flag:9,low_statement_source_overlap:9,outcome_unresolved:9,translation_status:untranslatable_noise:9,environment_unresolved:1",2026-02-16T21:56:48.904558+00:00
doi:10.1177/0018720819892383,TBL-20260214124019-004,queued_table_remake,translation_status_untranslatable_noise,3,3,1.0000,"legacy_manual_cleanup_flag:3,outcome_unresolved:3,translation_status:untranslatable_noise:3,environment_unresolved:2,auto_denoised:2",2026-02-16T21:56:48.904558+00:00
doi:10.1177/0018720819892383,TBL-20260214124020-005,queued_table_remake,translation_status_untranslatable_noise,9,9,1.0000,"legacy_manual_cleanup_flag:9,low_statement_source_overlap:9,outcome_unresolved:9,translation_status:untranslatable_noise:9,auto_denoised:4",2026-02-16T21:56:48.904558+00:00
doi:10.1177/0018720819892383,TBL-20260214124020-007,queued_table_remake,translation_status_untranslatable_noise,9,9,1.0000,"legacy_manual_cleanup_flag:9,low_statement_source_overlap:9,outcome_unresolved:9,translation_status:untranslatable_noise:9,environment_unresolved:1",2026-02-16T21:56:48.904558+00:00
doi:10.1177/03010066211020598,TBL-20260216201000-001,queued_table_remake,translation_status_untranslatable_noise,1,1,1.0000,"effect_unknown:1,legacy_manual_cleanup_flag:1,low_statement_source_overlap:1,outcome_unresolved:1,source_row_low_information:1",2026-02-16T21:56:48.904558+00:00
doi:10.1177/03010066211020598,TBL-20260216201001-003,queued_table_remake,translation_status_untranslatable_noise,2,2,1.0000,"effect_unknown:2,legacy_manual_cleanup_flag:2,low_statement_source_overlap:2,outcome_unresolved:2,source_row_low_information:2",2026-02-16T21:56:48.904558+00:00
doi:10.1177/0885412205286160,TBL-20260215003717-001,queued_table_remake,translation_status_untranslatable_noise,3,3,1.0000,"auto_denoised:3,auto_reconstructed:3,effect_unknown:3,legacy_manual_cleanup_flag:3,low_statement_source_overlap:3",2026-02-16T21:56:48.904558+00:00
doi:10.1177/0885412205286160,TBL-20260215003717-002,queued_table_remake,translation_status_untranslatable_noise,3,3,1.0000,"auto_denoised:3,auto_reconstructed:3,effect_unknown:3,environment_unresolved:3,legacy_manual_cleanup_flag:3",2026-02-16T21:56:48.904558+00:00
doi:10.1177/0885412205286160,TBL-20260215003717-003,queued_table_remake,translation_status_untranslatable_noise,1,1,1.0000,"auto_denoised:1,auto_reconstructed:1,effect_unknown:1,environment_unresolved:1,legacy_manual_cleanup_flag:1",2026-02-16T21:56:48.904558+00:00
doi:10.1177/0885412205286160,TBL-20260215003717-004,queued_table_remake,translation_status_untranslatable_noise,1,1,1.0000,"auto_denoised:1,auto_reconstructed:1,effect_unknown:1,environment_unresolved:1,legacy_manual_cleanup_flag:1",2026-02-16T21:56:48.904558+00:00
doi:10.1177/0885412205286160,TBL-20260215003717-005,queued_table_remake,translation_status_untranslatable_noise,1,1,1.0000,"auto_denoised:1,auto_reconstructed:1,effect_unknown:1,legacy_manual_cleanup_flag:1,low_statement_source_overlap:1",2026-02-16T21:56:48.904558+00:00
doi:10.1177/1477153509104765,TBL-20260216200954-001,queued_table_remake,translation_status_untranslatable_noise,7,7,1.0000,"effect_unknown:7,legacy_manual_cleanup_flag:7,low_statement_source_overlap:7,outcome_unresolved:7,translation_status:untranslatable_noise:7",2026-02-16T21:56:48.904558+00:00
doi:10.1177/1477153509104765,TBL-20260216200954-002,queued_table_remake,translation_status_untranslatable_noise,5,5,1.0000,"effect_unknown:5,legacy_manual_cleanup_flag:5,low_statement_source_overlap:5,outcome_unresolved:5,translation_status:untranslatable_noise:5",2026-02-16T21:56:48.904558+00:00
doi:10.1177/1477153509104765,TBL-20260216200954-003,queued_table_remake,translation_status_untranslatable_noise,11,11,1.0000,"effect_unknown:11,legacy_manual_cleanup_flag:11,low_statement_source_overlap:11,outcome_unresolved:11,translation_status:untranslatable_noise:11",2026-02-16T21:56:48.904558+00:00
doi:10.1177/1477153509104765,TBL-20260216200954-004,queued_table_remake,translation_status_untranslatable_noise,6,6,1.0000,"effect_unknown:6,legacy_manual_cleanup_flag:6,low_statement_source_overlap:6,outcome_unresolved:6,translation_status:untranslatable_noise:6",2026-02-16T21:56:48.904558+00:00
doi:10.1177/1477153509104765,TBL-20260216200954-005,queued_table_remake,translation_status_untranslatable_noise,1,1,1.0000,"effect_unknown:1,legacy_manual_cleanup_flag:1,low_statement_source_overlap:1,outcome_unresolved:1,source_row_low_information:1",2026-02-16T21:56:48.904558+00:00
doi:10.1177/1477153509104765,TBL-20260216200954-007,queued_table_remake,translation_status_untranslatable_noise,10,10,1.0000,"effect_unknown:10,legacy_manual_cleanup_flag:10,outcome_unresolved:10,translation_status:untranslatable_noise:10,low_statement_source_overlap:9",2026-02-16T21:56:48.904558+00:00
doi:10.1177/1477153509104765,TBL-20260216200954-009,queued_table_remake,translation_status_untranslatable_noise,2,2,1.0000,"effect_unknown:2,legacy_manual_cleanup_flag:2,low_statement_source_overlap:2,outcome_unresolved:2,translation_status:untranslatable_noise:2",2026-02-16T21:56:48.904558+00:00
doi:10.1177/1477153509104765,TBL-20260216200954-010,queued_table_remake,translation_status_untranslatable_noise,10,10,1.0000,"effect_unknown:10,legacy_manual_cleanup_flag:10,low_statement_source_overlap:10,outcome_unresolved:10,translation_status:untranslatable_noise:10",2026-02-16T21:56:48.904558+00:00
doi:10.1177/1477153517750714,TBL-20260216201008-001,queued_table_remake,translation_status_untranslatable_noise,3,3,1.0000,"effect_unknown:3,environment_unresolved:3,legacy_manual_cleanup_flag:3,low_statement_source_overlap:3,outcome_unresolved:3",2026-02-16T21:56:48.904558+00:00
doi:10.1177/1477153517750714,TBL-20260216201008-003,queued_table_remake,translation_status_untranslatable_noise,14,14,1.0000,"effect_unknown:14,legacy_manual_cleanup_flag:14,low_statement_source_overlap:14,outcome_unresolved:14,translation_status:untranslatable_noise:14",2026-02-16T21:56:48.904558+00:00
doi:10.1177/1477153517750714,TBL-20260216201008-004,queued_table_remake,translation_status_untranslatable_noise,2,2,1.0000,"effect_unknown:2,legacy_manual_cleanup_flag:2,low_statement_source_overlap:2,outcome_unresolved:2,translation_status:untranslatable_noise:2",2026-02-16T21:56:48.904558+00:00
doi:10.1177/1477153517750714,TBL-20260216201008-006,queued_table_remake,translation_status_untranslatable_noise,1,1,1.0000,"effect_unknown:1,environment_unresolved:1,legacy_manual_cleanup_flag:1,low_statement_source_overlap:1,translation_status:untranslatable_noise:1",2026-02-16T21:56:48.904558+00:00
doi:10.1177/1477153517750714,TBL-20260216201008-007,queued_table_remake,translation_status_untranslatable_noise,1,1,1.0000,"effect_unknown:1,environment_unresolved:1,legacy_manual_cleanup_flag:1,low_statement_source_overlap:1,outcome_unresolved:1",2026-02-16T21:56:48.904558+00:00
doi:10.1177/1477153517750714,TBL-20260216201008-008,queued_table_remake,translation_status_untranslatable_noise,7,7,1.0000,"effect_unknown:7,legacy_manual_cleanup_flag:7,low_statement_source_overlap:7,translation_status:untranslatable_noise:7,outcome_unresolved:6",2026-02-16T21:56:48.904558+00:00
doi:10.1177/1477153517750714,TBL-20260216201008-010,queued_table_remake,translation_status_untranslatable_noise,12,12,1.0000,"effect_unknown:12,legacy_manual_cleanup_flag:12,low_statement_source_overlap:12,outcome_unresolved:12,translation_status:untranslatable_noise:12",2026-02-16T21:56:48.904558+00:00
doi:10.1177/1477153517750714,TBL-20260216201008-012,queued_table_remake,translation_status_untranslatable_noise,2,2,1.0000,"effect_unknown:2,environment_unresolved:2,legacy_manual_cleanup_flag:2,low_statement_source_overlap:2,translation_status:untranslatable_noise:2",2026-02-16T21:56:48.904558+00:00
doi:10.1177/1477153517750714,TBL-20260216201008-013,queued_table_remake,translation_status_untranslatable_noise,3,3,1.0000,"effect_unknown:3,legacy_manual_cleanup_flag:3,low_statement_source_overlap:3,translation_status:untranslatable_noise:3,environment_unresolved:2",2026-02-16T21:56:48.904558+00:00
doi:10.1177/1477153517750714,TBL-20260216201008-014,queued_table_remake,translation_status_untranslatable_noise,8,8,1.0000,"effect_unknown:8,environment_unresolved:8,legacy_manual_cleanup_flag:8,low_statement_source_overlap:8,outcome_unresolved:8",2026-02-16T21:56:48.904558+00:00
doi:10.1177/1477153517750714,TBL-20260216201008-016,queued_table_remake,translation_status_untranslatable_noise,4,4,1.0000,"effect_unknown:4,legacy_manual_cleanup_flag:4,low_statement_source_overlap:4,translation_status:untranslatable_noise:4,environment_unresolved:3",2026-02-16T21:56:48.904558+00:00
doi:10.1177/1477153517750714,TBL-20260216201008-018,queued_table_remake,translation_status_untranslatable_noise,16,16,1.0000,"effect_unknown:16,legacy_manual_cleanup_flag:16,low_statement_source_overlap:16,outcome_unresolved:16,translation_status:untranslatable_noise:16",2026-02-16T21:56:48.904558+00:00
doi:10.1177/1477153517750714,TBL-20260216201008-019,queued_table_remake,translation_status_untranslatable_noise,13,13,1.0000,"effect_unknown:13,environment_unresolved:13,legacy_manual_cleanup_flag:13,low_statement_source_overlap:13,translation_status:untranslatable_noise:13",2026-02-16T21:56:48.904558+00:00
doi:10.1177/1477153517750714,TBL-20260216201008-020,queued_table_remake,translation_status_untranslatable_noise,2,2,1.0000,"effect_unknown:2,legacy_manual_cleanup_flag:2,low_statement_source_overlap:2,outcome_unresolved:2,translation_status:untranslatable_noise:2",2026-02-16T21:56:48.904558+00:00
doi:10.1177/1477153517750714,TBL-20260216201008-024,queued_table_remake,translation_status_untranslatable_noise,15,15,1.0000,"effect_unknown:15,legacy_manual_cleanup_flag:15,low_statement_source_overlap:15,translation_status:untranslatable_noise:15,outcome_unresolved:13",2026-02-16T21:56:48.904558+00:00
doi:10.1177/1477153517750714,TBL-20260216201008-025,queued_table_remake,translation_status_untranslatable_noise,1,1,1.0000,"effect_unknown:1,legacy_manual_cleanup_flag:1,low_statement_source_overlap:1,outcome_unresolved:1,source_row_low_information:1",2026-02-16T21:56:48.904558+00:00
doi:10.1177/2158244012445585,TBL-20260216201032-001,queued_table_remake,translation_status_untranslatable_noise,1,1,1.0000,"effect_unknown:1,legacy_manual_cleanup_flag:1,low_statement_source_overlap:1,outcome_unresolved:1,source_row_low_information:1",2026-02-16T21:56:48.904558+00:00
doi:10.1177/2398212818810686,TBL-20260214160108-001,queued_table_remake,translation_status_untranslatable_noise,2,2,1.0000,"auto_denoised:2,auto_reconstructed:2,effect_unknown:2,legacy_manual_cleanup_flag:2,low_statement_source_overlap:2",2026-02-16T21:56:48.904558+00:00
doi:10.1177/2398212818810686,TBL-20260214160108-002,queued_table_remake,translation_status_untranslatable_noise,3,3,1.0000,"auto_denoised:3,auto_reconstructed:3,effect_unknown:3,environment_unresolved:3,legacy_manual_cleanup_flag:3",2026-02-16T21:56:48.904558+00:00
doi:10.1184/r1/23538486.v1,TBL-20260215003805-009,queued_table_remake,translation_status_untranslatable_noise,14,1,0.0714,"translation_status:inferred:13,auto_denoised:1,auto_reconstructed:1,effect_unknown:1,environment_unresolved:1",2026-02-16T21:56:48.904558+00:00
doi:10.1186/1880-6805-32-7,TBL-20260214155603-001,queued_table_remake,translation_status_untranslatable_noise,2,2,1.0000,"auto_denoised:2,auto_reconstructed:2,effect_unknown:2,environment_unresolved:2,legacy_manual_cleanup_flag:2",2026-02-16T21:56:48.904558+00:00
doi:10.1186/1880-6805-32-7,TBL-20260214155603-002,queued_table_remake,translation_status_untranslatable_noise,2,2,1.0000,"auto_denoised:2,auto_reconstructed:2,effect_unknown:2,legacy_manual_cleanup_flag:2,low_statement_source_overlap:2",2026-02-16T21:56:48.904558+00:00
doi:10.1260/135101003768965960,TBL-20260215003632-001,queued_table_remake,translation_status_untranslatable_noise,6,6,1.0000,"auto_denoised:6,auto_reconstructed:6,effect_unknown:6,legacy_manual_cleanup_flag:6,outcome_unresolved:6",2026-02-16T21:56:48.904558+00:00
doi:10.1260/135101003768965960,TBL-20260215003632-002,queued_table_remake,translation_status_untranslatable_noise,10,10,1.0000,"auto_denoised:10,auto_reconstructed:10,effect_unknown:10,legacy_manual_cleanup_flag:10,outcome_unresolved:10",2026-02-16T21:56:48.904558+00:00
doi:10.1260/135101003768965960,TBL-20260215003632-004,queued_table_remake,translation_status_untranslatable_noise,2,2,1.0000,"auto_denoised:2,auto_reconstructed:2,effect_unknown:2,legacy_manual_cleanup_flag:2,outcome_unresolved:2",2026-02-16T21:56:48.904558+00:00
doi:10.1260/135101003768965960,TBL-20260215003632-006,queued_table_remake,translation_status_untranslatable_noise,12,12,1.0000,"auto_denoised:12,auto_reconstructed:12,effect_unknown:12,legacy_manual_cleanup_flag:12,low_statement_source_overlap:12",2026-02-16T21:56:48.904558+00:00
doi:10.1260/135101003768965960,TBL-20260215003632-007,queued_table_remake,translation_status_untranslatable_noise,5,5,1.0000,"auto_denoised:5,auto_reconstructed:5,effect_unknown:5,legacy_manual_cleanup_flag:5,low_statement_source_overlap:5",2026-02-16T21:56:48.904558+00:00
doi:10.1371/journal.pone.0123783,TBL-20260216201039-001,queued_table_remake,translation_status_untranslatable_noise,7,1,0.1429,"translation_status:inferred:6,effect_unknown:1,legacy_manual_cleanup_flag:1,low_statement_source_overlap:1,outcome_unresolved:1",2026-02-16T21:56:48.904558+00:00
doi:10.1371/journal.pone.0123783,TBL-20260216201043-003,queued_table_remake,translation_status_untranslatable_noise,18,1,0.0556,"translation_status:inferred:16,effect_unknown:1,legacy_manual_cleanup_flag:1,low_statement_source_overlap:1,outcome_unresolved:1",2026-02-16T21:56:48.904558+00:00
doi:10.1371/journal.pone.0123783,TBL-20260216201043-004,queued_table_remake,translation_status_untranslatable_noise,1,1,1.0000,"effect_unknown:1,environment_unresolved:1,legacy_manual_cleanup_flag:1,low_statement_source_overlap:1,outcome_unresolved:1",2026-02-16T21:56:48.904558+00:00
doi:10.1371/journal.pone.0123783,TBL-20260216201043-006,queued_table_remake,translation_status_untranslatable_noise,5,4,0.8000,"effect_unknown:4,legacy_manual_cleanup_flag:4,low_statement_source_overlap:4,outcome_unresolved:4,translation_status:untranslatable_noise:4",2026-02-16T21:56:48.904558+00:00
doi:10.1371/journal.pone.0123783,TBL-20260216201044-012,queued_table_remake,translation_status_untranslatable_noise,4,3,0.7500,"effect_unknown:3,legacy_manual_cleanup_flag:3,low_statement_source_overlap:3,outcome_unresolved:3,translation_status:untranslatable_noise:3",2026-02-16T21:56:48.904558+00:00
doi:10.1371/journal.pone.0123783,TBL-20260216201044-013,queued_table_remake,translation_status_untranslatable_noise,12,1,0.0833,"translation_status:inferred:11,effect_unknown:1,environment_unresolved:1,legacy_manual_cleanup_flag:1,low_statement_source_overlap:1",2026-02-16T21:56:48.904558+00:00
doi:10.1371/journal.pone.0123783,TBL-20260216201045-016,queued_table_remake,translation_status_untranslatable_noise,4,2,0.5000,"effect_unknown:2,legacy_manual_cleanup_flag:2,low_statement_source_overlap:2,outcome_unresolved:2,translation_status:untranslatable_noise:2",2026-02-16T21:56:48.904558+00:00
doi:10.1371/journal.pone.0123783,TBL-20260216201045-017,queued_table_remake,translation_status_untranslatable_noise,3,3,1.0000,"effect_unknown:3,legacy_manual_cleanup_flag:3,low_statement_source_overlap:3,outcome_unresolved:3,source_row_low_information:3",2026-02-16T21:56:48.904558+00:00
doi:10.1371/journal.pone.0123783,TBL-20260216201047-020,queued_table_remake,translation_status_untranslatable_noise,19,1,0.0526,"translation_status:inferred:18,effect_unknown:1,environment_unresolved:1,legacy_manual_cleanup_flag:1,low_statement_source_overlap:1",2026-02-16T21:56:48.904558+00:00
doi:10.1371/journal.pone.0243259,TBL-20260216201034-001,queued_table_remake,translation_status_untranslatable_noise,8,8,1.0000,"effect_unknown:8,environment_unresolved:8,legacy_manual_cleanup_flag:8,low_statement_source_overlap:8,outcome_unresolved:8",2026-02-16T21:56:48.904558+00:00
doi:10.1371/journal.pone.0243259,TBL-20260216201035-003,queued_table_remake,translation_status_untranslatable_noise,20,1,0.0500,"translation_status:inferred:19,effect_unknown:1,legacy_manual_cleanup_flag:1,low_statement_source_overlap:1,outcome_unresolved:1",2026-02-16T21:56:48.904558+00:00
doi:10.1371/journal.pone.0265412,TBL-20260216201044-001,queued_table_remake,translation_status_untranslatable_noise,7,1,0.1429,"translation_status:inferred:6,effect_unknown:1,environment_unresolved:1,legacy_manual_cleanup_flag:1,low_statement_source_overlap:1",2026-02-16T21:56:48.904558+00:00
doi:10.1371/journal.pone.0265412,TBL-20260216201045-003,queued_table_remake,translation_status_untranslatable_noise,9,3,0.3333,"translation_status:inferred:6,effect_unknown:3,environment_unresolved:3,legacy_manual_cleanup_flag:3,low_statement_source_overlap:3",2026-02-16T21:56:48.904558+00:00
doi:10.1371/journal.pone.0265412,TBL-20260216201045-004,queued_table_remake,translation_status_untranslatable_noise,4,4,1.0000,"effect_unknown:4,environment_unresolved:4,legacy_manual_cleanup_flag:4,low_statement_source_overlap:4,outcome_unresolved:4",2026-02-16T21:56:48.904558+00:00
doi:10.14288/1.0071305,TBL-20260216201118-001,queued_table_remake,translation_status_untranslatable_noise,1,1,1.0000,"effect_unknown:1,environment_unresolved:1,legacy_manual_cleanup_flag:1,low_statement_source_overlap:1,outcome_unresolved:1",2026-02-16T21:56:48.904558+00:00
doi:10.14288/1.0071305,TBL-20260216201118-002,queued_table_remake,translation_status_untranslatable_noise,1,1,1.0000,"effect_unknown:1,legacy_manual_cleanup_flag:1,low_statement_source_overlap:1,outcome_unresolved:1,translation_status:untranslatable_noise:1",2026-02-16T21:56:48.904558+00:00
doi:10.14288/1.0071305,TBL-20260216201119-003,queued_table_remake,translation_status_untranslatable_noise,4,4,1.0000,"effect_unknown:4,legacy_manual_cleanup_flag:4,low_statement_source_overlap:4,outcome_unresolved:4,source_row_low_information:4",2026-02-16T21:56:48.904558+00:00
doi:10.14288/1.0071305,TBL-20260216201121-005,queued_table_remake,translation_status_untranslatable_noise,7,1,0.1429,"translation_status:inferred:6,effect_unknown:1,environment_unresolved:1,legacy_manual_cleanup_flag:1,low_statement_source_overlap:1",2026-02-16T21:56:48.904558+00:00
doi:10.14288/1.0071305,TBL-20260216201121-006,queued_table_remake,translation_status_untranslatable_noise,3,3,1.0000,"effect_unknown:3,environment_unresolved:3,legacy_manual_cleanup_flag:3,low_statement_source_overlap:3,outcome_unresolved:3",2026-02-16T21:56:48.904558+00:00
doi:10.14288/1.0071305,TBL-20260216201121-007,queued_table_remake,translation_status_untranslatable_noise,1,1,1.0000,"effect_unknown:1,legacy_manual_cleanup_flag:1,low_statement_source_overlap:1,outcome_unresolved:1,translation_status:untranslatable_noise:1",2026-02-16T21:56:48.904558+00:00
doi:10.14288/1.0071305,TBL-20260216201122-009,queued_table_remake,translation_status_untranslatable_noise,1,1,1.0000,"effect_unknown:1,legacy_manual_cleanup_flag:1,low_statement_source_overlap:1,outcome_unresolved:1,translation_status:untranslatable_noise:1",2026-02-16T21:56:48.904558+00:00
doi:10.14288/1.0071305,TBL-20260216201122-010,queued_table_remake,translation_status_untranslatable_noise,1,1,1.0000,"effect_unknown:1,legacy_manual_cleanup_flag:1,low_statement_source_overlap:1,outcome_unresolved:1,translation_status:untranslatable_noise:1",2026-02-16T21:56:48.904558+00:00
doi:10.14288/1.0071305,TBL-20260216201122-011,queued_table_remake,translation_status_untranslatable_noise,1,1,1.0000,"effect_unknown:1,legacy_manual_cleanup_flag:1,low_statement_source_overlap:1,outcome_unresolved:1,translation_status:untranslatable_noise:1",2026-02-16T21:56:48.904558+00:00
doi:10.14288/1.0071305,TBL-20260216201122-012,queued_table_remake,translation_status_untranslatable_noise,1,1,1.0000,"effect_unknown:1,legacy_manual_cleanup_flag:1,low_statement_source_overlap:1,outcome_unresolved:1,translation_status:untranslatable_noise:1",2026-02-16T21:56:48.904558+00:00
doi:10.14288/1.0071305,TBL-20260216201122-013,queued_table_remake,translation_status_untranslatable_noise,1,1,1.0000,"effect_unknown:1,legacy_manual_cleanup_flag:1,low_statement_source_overlap:1,outcome_unresolved:1,translation_status:untranslatable_noise:1",2026-02-16T21:56:48.904558+00:00
doi:10.14288/1.0071305,TBL-20260216201122-014,queued_table_remake,translation_status_untranslatable_noise,1,1,1.0000,"effect_unknown:1,legacy_manual_cleanup_flag:1,low_statement_source_overlap:1,outcome_unresolved:1,translation_status:untranslatable_noise:1",2026-02-16T21:56:48.904558+00:00
doi:10.14288/1.0071305,TBL-20260216201122-015,queued_table_remake,translation_status_untranslatable_noise,1,1,1.0000,"effect_unknown:1,legacy_manual_cleanup_flag:1,low_statement_source_overlap:1,outcome_unresolved:1,translation_status:untranslatable_noise:1",2026-02-16T21:56:48.904558+00:00
doi:10.14288/1.0071305,TBL-20260216201122-016,queued_table_remake,translation_status_untranslatable_noise,1,1,1.0000,"effect_unknown:1,legacy_manual_cleanup_flag:1,low_statement_source_overlap:1,outcome_unresolved:1,translation_status:untranslatable_noise:1",2026-02-16T21:56:48.904558+00:00
doi:10.14288/1.0071305,TBL-20260216201123-017,queued_table_remake,translation_status_untranslatable_noise,1,1,1.0000,"effect_unknown:1,legacy_manual_cleanup_flag:1,low_statement_source_overlap:1,outcome_unresolved:1,translation_status:untranslatable_noise:1",2026-02-16T21:56:48.904558+00:00
doi:10.14288/1.0071305,TBL-20260216201123-018,queued_table_remake,translation_status_untranslatable_noise,1,1,1.0000,"effect_unknown:1,legacy_manual_cleanup_flag:1,low_statement_source_overlap:1,outcome_unresolved:1,translation_status:untranslatable_noise:1",2026-02-16T21:56:48.904558+00:00
doi:10.14288/1.0071305,TBL-20260216201123-019,queued_table_remake,translation_status_untranslatable_noise,1,1,1.0000,"effect_unknown:1,legacy_manual_cleanup_flag:1,low_statement_source_overlap:1,outcome_unresolved:1,translation_status:untranslatable_noise:1",2026-02-16T21:56:48.904558+00:00
doi:10.14288/1.0071305,TBL-20260216201123-020,queued_table_remake,translation_status_untranslatable_noise,1,1,1.0000,"effect_unknown:1,legacy_manual_cleanup_flag:1,low_statement_source_overlap:1,outcome_unresolved:1,translation_status:untranslatable_noise:1",2026-02-16T21:56:48.904558+00:00
doi:10.14288/1.0071305,TBL-20260216201123-021,queued_table_remake,translation_status_untranslatable_noise,1,1,1.0000,"effect_unknown:1,legacy_manual_cleanup_flag:1,low_statement_source_overlap:1,outcome_unresolved:1,translation_status:untranslatable_noise:1",2026-02-16T21:56:48.904558+00:00
doi:10.14288/1.0071305,TBL-20260216201123-022,queued_table_remake,translation_status_untranslatable_noise,1,1,1.0000,"effect_unknown:1,legacy_manual_cleanup_flag:1,low_statement_source_overlap:1,outcome_unresolved:1,translation_status:untranslatable_noise:1",2026-02-16T21:56:48.904558+00:00
doi:10.14288/1.0071305,TBL-20260216201123-023,queued_table_remake,translation_status_untranslatable_noise,1,1,1.0000,"effect_unknown:1,legacy_manual_cleanup_flag:1,low_statement_source_overlap:1,outcome_unresolved:1,translation_status:untranslatable_noise:1",2026-02-16T21:56:48.904558+00:00
doi:10.14288/1.0071305,TBL-20260216201123-024,queued_table_remake,translation_status_untranslatable_noise,1,1,1.0000,"effect_unknown:1,legacy_manual_cleanup_flag:1,low_statement_source_overlap:1,outcome_unresolved:1,translation_status:untranslatable_noise:1",2026-02-16T21:56:48.904558+00:00
doi:10.14288/1.0071305,TBL-20260216201123-025,queued_table_remake,translation_status_untranslatable_noise,1,1,1.0000,"effect_unknown:1,legacy_manual_cleanup_flag:1,low_statement_source_overlap:1,outcome_unresolved:1,translation_status:untranslatable_noise:1",2026-02-16T21:56:48.904558+00:00
doi:10.14288/1.0071305,TBL-20260216201124-026,queued_table_remake,translation_status_untranslatable_noise,1,1,1.0000,"effect_unknown:1,legacy_manual_cleanup_flag:1,low_statement_source_overlap:1,outcome_unresolved:1,translation_status:untranslatable_noise:1",2026-02-16T21:56:48.904558+00:00
doi:10.14288/1.0071305,TBL-20260216201124-027,queued_table_remake,translation_status_untranslatable_noise,1,1,1.0000,"effect_unknown:1,legacy_manual_cleanup_flag:1,low_statement_source_overlap:1,outcome_unresolved:1,translation_status:untranslatable_noise:1",2026-02-16T21:56:48.904558+00:00
doi:10.14288/1.0071305,TBL-20260216201124-028,queued_table_remake,translation_status_untranslatable_noise,1,1,1.0000,"effect_unknown:1,legacy_manual_cleanup_flag:1,low_statement_source_overlap:1,outcome_unresolved:1,translation_status:untranslatable_noise:1",2026-02-16T21:56:48.904558+00:00
doi:10.14288/1.0071305,TBL-20260216201125-035,queued_table_remake,translation_status_untranslatable_noise,17,10,0.5882,"effect_unknown:10,legacy_manual_cleanup_flag:10,low_statement_source_overlap:10,outcome_unresolved:10,translation_status:untranslatable_noise:10",2026-02-16T21:56:48.904558+00:00
doi:10.15126/thesis.901052,TBL-20260216201145-001,queued_table_remake,translation_status_untranslatable_noise,1,1,1.0000,"effect_unknown:1,environment_unresolved:1,legacy_manual_cleanup_flag:1,low_statement_source_overlap:1,outcome_unresolved:1",2026-02-16T21:56:48.904558+00:00
doi:10.15126/thesis.901052,TBL-20260216201147-009,queued_table_remake,translation_status_untranslatable_noise,3,1,0.3333,"translation_status:inferred:2,effect_unknown:1,environment_unresolved:1,legacy_manual_cleanup_flag:1,low_statement_source_overlap:1",2026-02-16T21:56:48.904558+00:00
doi:10.15126/thesis.901052,TBL-20260216201147-010,queued_table_remake,translation_status_untranslatable_noise,2,1,0.5000,"translation_status:inferred:1,effect_unknown:1,environment_unresolved:1,legacy_manual_cleanup_flag:1,low_statement_source_overlap:1",2026-02-16T21:56:48.904558+00:00
doi:10.15126/thesis.901052,TBL-20260216201147-012,queued_table_remake,translation_status_untranslatable_noise,2,1,0.5000,"translation_status:inferred:1,effect_unknown:1,legacy_manual_cleanup_flag:1,low_statement_source_overlap:1,outcome_unresolved:1",2026-02-16T21:56:48.904558+00:00
doi:10.15126/thesis.901052,TBL-20260216201147-014,queued_table_remake,translation_status_untranslatable_noise,5,1,0.2000,"source_row_low_information:4,translation_status:inferred:4,statement_low_information:3,effect_unknown:1,environment_unresolved:1",2026-02-16T21:56:48.904558+00:00
doi:10.15126/thesis.901052,TBL-20260216201147-019,queued_table_remake,translation_status_untranslatable_noise,2,1,0.5000,"translation_status:inferred:1,effect_unknown:1,environment_unresolved:1,legacy_manual_cleanup_flag:1,low_statement_source_overlap:1",2026-02-16T21:56:48.904558+00:00
doi:10.15126/thesis.901052,TBL-20260216201147-020,queued_table_remake,translation_status_untranslatable_noise,3,1,0.3333,"translation_status:inferred:2,effect_unknown:1,legacy_manual_cleanup_flag:1,low_statement_source_overlap:1,outcome_unresolved:1",2026-02-16T21:56:48.904558+00:00
doi:10.15126/thesis.901052,TBL-20260216201147-021,queued_table_remake,translation_status_untranslatable_noise,4,1,0.2500,"translation_status:inferred:3,effect_unknown:1,environment_unresolved:1,legacy_manual_cleanup_flag:1,low_statement_source_overlap:1",2026-02-16T21:56:48.904558+00:00
doi:10.15126/thesis.901052,TBL-20260216201147-022,queued_table_remake,translation_status_untranslatable_noise,4,1,0.2500,"translation_status:inferred:3,effect_unknown:1,environment_unresolved:1,legacy_manual_cleanup_flag:1,low_statement_source_overlap:1",2026-02-16T21:56:48.904558+00:00
doi:10.15126/thesis.901052,TBL-20260216201147-023,queued_table_remake,translation_status_untranslatable_noise,6,1,0.1667,"translation_status:inferred:5,source_row_low_information:2,statement_low_information:1,effect_unknown:1,legacy_manual_cleanup_flag:1",2026-02-16T21:56:48.904558+00:00
doi:10.15126/thesis.901052,TBL-20260216201148-025,queued_table_remake,translation_status_untranslatable_noise,2,1,0.5000,"translation_status:inferred:1,effect_unknown:1,environment_unresolved:1,legacy_manual_cleanup_flag:1,low_statement_source_overlap:1",2026-02-16T21:56:48.904558+00:00
doi:10.15126/thesis.901052,TBL-20260216201148-028,queued_table_remake,translation_status_untranslatable_noise,5,1,0.2000,"translation_status:inferred:3,translation_status:fuzzy:1,effect_unknown:1,legacy_manual_cleanup_flag:1,low_statement_source_overlap:1",2026-02-16T21:56:48.904558+00:00
doi:10.15126/thesis.901052,TBL-20260216201148-030,queued_table_remake,translation_status_untranslatable_noise,2,1,0.5000,"translation_status:inferred:1,effect_unknown:1,legacy_manual_cleanup_flag:1,low_statement_source_overlap:1,outcome_unresolved:1",2026-02-16T21:56:48.904558+00:00
doi:10.15126/thesis.901052,TBL-20260216201148-034,queued_table_remake,translation_status_untranslatable_noise,4,1,0.2500,"translation_status:inferred:2,translation_status:fuzzy:1,effect_unknown:1,environment_unresolved:1,legacy_manual_cleanup_flag:1",2026-02-16T21:56:48.904558+00:00
doi:10.15126/thesis.901052,TBL-20260216201148-035,queued_table_remake,translation_status_untranslatable_noise,4,1,0.2500,"translation_status:inferred:3,effect_unknown:1,legacy_manual_cleanup_flag:1,low_statement_source_overlap:1,outcome_unresolved:1",2026-02-16T21:56:48.904558+00:00
doi:10.15126/thesis.901052,TBL-20260216201148-036,queued_table_remake,translation_status_untranslatable_noise,3,1,0.3333,"translation_status:inferred:2,effect_unknown:1,environment_unresolved:1,legacy_manual_cleanup_flag:1,low_statement_source_overlap:1",2026-02-16T21:56:48.904558+00:00
doi:10.15126/thesis.901052,TBL-20260216201148-037,queued_table_remake,translation_status_untranslatable_noise,4,1,0.2500,"translation_status:inferred:3,effect_unknown:1,legacy_manual_cleanup_flag:1,low_statement_source_overlap:1,outcome_unresolved:1",2026-02-16T21:56:48.904558+00:00
doi:10.15126/thesis.901052,TBL-20260216201148-038,queued_table_remake,translation_status_untranslatable_noise,3,1,0.3333,"translation_status:inferred:2,effect_unknown:1,legacy_manual_cleanup_flag:1,low_statement_source_overlap:1,outcome_unresolved:1",2026-02-16T21:56:48.904558+00:00
doi:10.15126/thesis.901052,TBL-20260216201148-039,queued_table_remake,translation_status_untranslatable_noise,4,2,0.5000,"effect_unknown:2,legacy_manual_cleanup_flag:2,low_statement_source_overlap:2,outcome_unresolved:2,translation_status:untranslatable_noise:2",2026-02-16T21:56:48.904558+00:00
doi:10.15126/thesis.901052,TBL-20260216201148-042,queued_table_remake,translation_status_untranslatable_noise,5,2,0.4000,"translation_status:fuzzy:3,effect_unknown:2,legacy_manual_cleanup_flag:2,low_statement_source_overlap:2,outcome_unresolved:2",2026-02-16T21:56:48.904558+00:00
doi:10.15126/thesis.901052,TBL-20260216201148-044,queued_table_remake,translation_status_untranslatable_noise,3,1,0.3333,"translation_status:inferred:2,effect_unknown:1,environment_unresolved:1,legacy_manual_cleanup_flag:1,low_statement_source_overlap:1",2026-02-16T21:56:48.904558+00:00
doi:10.15126/thesis.901052,TBL-20260216201148-045,queued_table_remake,translation_status_untranslatable_noise,4,1,0.2500,"translation_status:inferred:2,translation_status:fuzzy:1,effect_unknown:1,legacy_manual_cleanup_flag:1,low_statement_source_overlap:1",2026-02-16T21:56:48.904558+00:00
doi:10.15126/thesis.901052,TBL-20260216201148-046,queued_table_remake,translation_status_untranslatable_noise,7,1,0.1429,"translation_status:inferred:6,effect_unknown:1,legacy_manual_cleanup_flag:1,low_statement_source_overlap:1,outcome_unresolved:1",2026-02-16T21:56:48.904558+00:00
doi:10.15126/thesis.901052,TBL-20260216201148-047,queued_table_remake,translation_status_untranslatable_noise,3,1,0.3333,"translation_status:inferred:2,effect_unknown:1,environment_unresolved:1,legacy_manual_cleanup_flag:1,low_statement_source_overlap:1",2026-02-16T21:56:48.904558+00:00
doi:10.15126/thesis.901052,TBL-20260216201148-048,queued_table_remake,translation_status_untranslatable_noise,4,1,0.2500,"translation_status:inferred:3,effect_unknown:1,legacy_manual_cleanup_flag:1,low_statement_source_overlap:1,outcome_unresolved:1",2026-02-16T21:56:48.904558+00:00
doi:10.15126/thesis.901052,TBL-20260216201148-049,queued_table_remake,translation_status_untranslatable_noise,2,1,0.5000,"translation_status:inferred:1,effect_unknown:1,environment_unresolved:1,legacy_manual_cleanup_flag:1,low_statement_source_overlap:1",2026-02-16T21:56:48.904558+00:00
doi:10.15126/thesis.901052,TBL-20260216201148-050,queued_table_remake,translation_status_untranslatable_noise,4,1,0.2500,"translation_status:inferred:3,source_row_low_information:2,effect_unknown:1,environment_unresolved:1,legacy_manual_cleanup_flag:1",2026-02-16T21:56:48.904558+00:00
doi:10.15126/thesis.901052,TBL-20260216201148-051,queued_table_remake,translation_status_untranslatable_noise,6,1,0.1667,"translation_status:inferred:5,effect_unknown:1,environment_unresolved:1,legacy_manual_cleanup_flag:1,low_statement_source_overlap:1",2026-02-16T21:56:48.904558+00:00
doi:10.15126/thesis.901052,TBL-20260216201148-052,queued_table_remake,translation_status_untranslatable_noise,2,1,0.5000,"translation_status:fuzzy:1,effect_unknown:1,environment_unresolved:1,legacy_manual_cleanup_flag:1,low_statement_source_overlap:1",2026-02-16T21:56:48.904558+00:00
doi:10.15126/thesis.901052,TBL-20260216201148-053,queued_table_remake,translation_status_untranslatable_noise,3,1,0.3333,"translation_status:inferred:2,effect_unknown:1,legacy_manual_cleanup_flag:1,low_statement_source_overlap:1,outcome_unresolved:1",2026-02-16T21:56:48.904558+00:00
doi:10.15126/thesis.901052,TBL-20260216201149-058,queued_table_remake,translation_status_untranslatable_noise,6,1,0.1667,"translation_status:inferred:4,translation_status:fuzzy:1,effect_unknown:1,legacy_manual_cleanup_flag:1,low_statement_source_overlap:1",2026-02-16T21:56:48.904558+00:00
doi:10.15126/thesis.901052,TBL-20260216201149-060,queued_table_remake,translation_status_untranslatable_noise,4,1,0.2500,"translation_status:inferred:3,source_row_low_information:2,statement_low_information:1,effect_unknown:1,legacy_manual_cleanup_flag:1",2026-02-16T21:56:48.904558+00:00
doi:10.15126/thesis.901052,TBL-20260216201149-061,queued_table_remake,translation_status_untranslatable_noise,5,1,0.2000,"translation_status:inferred:4,effect_unknown:1,legacy_manual_cleanup_flag:1,low_statement_source_overlap:1,outcome_unresolved:1",2026-02-16T21:56:48.904558+00:00
doi:10.15126/thesis.901052,TBL-20260216201149-063,queued_table_remake,translation_status_untranslatable_noise,3,1,0.3333,"translation_status:inferred:2,effect_unknown:1,environment_unresolved:1,legacy_manual_cleanup_flag:1,low_statement_source_overlap:1",2026-02-16T21:56:48.904558+00:00
doi:10.15126/thesis.901052,TBL-20260216201149-065,queued_table_remake,translation_status_untranslatable_noise,2,1,0.5000,"translation_status:inferred:1,effect_unknown:1,legacy_manual_cleanup_flag:1,low_statement_source_overlap:1,outcome_unresolved:1",2026-02-16T21:56:48.904558+00:00
doi:10.15126/thesis.901052,TBL-20260216201149-067,queued_table_remake,translation_status_untranslatable_noise,3,1,0.3333,"translation_status:inferred:2,effect_unknown:1,environment_unresolved:1,legacy_manual_cleanup_flag:1,low_statement_source_overlap:1",2026-02-16T21:56:48.904558+00:00
doi:10.15126/thesis.901052,TBL-20260216201149-068,queued_table_remake,translation_status_untranslatable_noise,3,1,0.3333,"translation_status:inferred:2,effect_unknown:1,legacy_manual_cleanup_flag:1,low_statement_source_overlap:1,outcome_unresolved:1",2026-02-16T21:56:48.904558+00:00
doi:10.15126/thesis.901052,TBL-20260216201149-069,queued_table_remake,translation_status_untranslatable_noise,4,2,0.5000,"effect_unknown:2,legacy_manual_cleanup_flag:2,low_statement_source_overlap:2,outcome_unresolved:2,translation_status:untranslatable_noise:2",2026-02-16T21:56:48.904558+00:00
doi:10.15126/thesis.901052,TBL-20260216201149-070,queued_table_remake,translation_status_untranslatable_noise,3,1,0.3333,"translation_status:inferred:2,effect_unknown:1,environment_unresolved:1,legacy_manual_cleanup_flag:1,low_statement_source_overlap:1",2026-02-16T21:56:48.904558+00:00
doi:10.15126/thesis.901052,TBL-20260216201149-071,queued_table_remake,translation_status_untranslatable_noise,4,1,0.2500,"translation_status:inferred:3,effect_unknown:1,legacy_manual_cleanup_flag:1,low_statement_source_overlap:1,outcome_unresolved:1",2026-02-16T21:56:48.904558+00:00
doi:10.15126/thesis.901052,TBL-20260216201149-075,queued_table_remake,translation_status_untranslatable_noise,3,1,0.3333,"translation_status:inferred:2,effect_unknown:1,environment_unresolved:1,legacy_manual_cleanup_flag:1,low_statement_source_overlap:1",2026-02-16T21:56:48.904558+00:00
doi:10.15126/thesis.901052,TBL-20260216201149-076,queued_table_remake,translation_status_untranslatable_noise,6,1,0.1667,"translation_status:inferred:3,translation_status:fuzzy:2,effect_unknown:1,legacy_manual_cleanup_flag:1,low_statement_source_overlap:1",2026-02-16T21:56:48.904558+00:00
doi:10.15126/thesis.901052,TBL-20260216201149-077,queued_table_remake,translation_status_untranslatable_noise,3,1,0.3333,"translation_status:fuzzy:1,translation_status:inferred:1,effect_unknown:1,environment_unresolved:1,legacy_manual_cleanup_flag:1",2026-02-16T21:56:48.904558+00:00
doi:10.15126/thesis.901052,TBL-20260216201149-080,queued_table_remake,translation_status_untranslatable_noise,5,2,0.4000,"translation_status:inferred:3,effect_unknown:2,legacy_manual_cleanup_flag:2,low_statement_source_overlap:2,outcome_unresolved:2",2026-02-16T21:56:48.904558+00:00
doi:10.15126/thesis.901052,TBL-20260216201149-081,queued_table_remake,translation_status_untranslatable_noise,4,1,0.2500,"translation_status:inferred:3,effect_unknown:1,environment_unresolved:1,legacy_manual_cleanup_flag:1,low_statement_source_overlap:1",2026-02-16T21:56:48.904558+00:00
doi:10.15126/thesis.901052,TBL-20260216201149-082,queued_table_remake,translation_status_untranslatable_noise,3,1,0.3333,"translation_status:inferred:2,effect_unknown:1,legacy_manual_cleanup_flag:1,low_statement_source_overlap:1,outcome_unresolved:1",2026-02-16T21:56:48.904558+00:00
doi:10.15126/thesis.901052,TBL-20260216201149-084,queued_table_remake,translation_status_untranslatable_noise,3,1,0.3333,"translation_status:inferred:2,effect_unknown:1,environment_unresolved:1,legacy_manual_cleanup_flag:1,low_statement_source_overlap:1",2026-02-16T21:56:48.904558+00:00
doi:10.15126/thesis.901052,TBL-20260216201149-085,queued_table_remake,translation_status_untranslatable_noise,4,1,0.2500,"translation_status:inferred:3,effect_unknown:1,environment_unresolved:1,legacy_manual_cleanup_flag:1,low_statement_source_overlap:1",2026-02-16T21:56:48.904558+00:00
doi:10.15126/thesis.901052,TBL-20260216201149-087,queued_table_remake,translation_status_untranslatable_noise,5,1,0.2000,"translation_status:inferred:4,effect_unknown:1,environment_unresolved:1,legacy_manual_cleanup_flag:1,low_statement_source_overlap:1",2026-02-16T21:56:48.904558+00:00
doi:10.15126/thesis.901052,TBL-20260216201150-089,queued_table_remake,translation_status_untranslatable_noise,4,1,0.2500,"translation_status:inferred:3,effect_unknown:1,legacy_manual_cleanup_flag:1,low_statement_source_overlap:1,outcome_unresolved:1",2026-02-16T21:56:48.904558+00:00
doi:10.15126/thesis.901052,TBL-20260216201150-090,queued_table_remake,translation_status_untranslatable_noise,4,1,0.2500,"translation_status:inferred:3,effect_unknown:1,environment_unresolved:1,legacy_manual_cleanup_flag:1,low_statement_source_overlap:1",2026-02-16T21:56:48.904558+00:00
doi:10.15126/thesis.901052,TBL-20260216201150-091,queued_table_remake,translation_status_untranslatable_noise,5,1,0.2000,"translation_status:inferred:4,source_row_low_information:2,statement_low_information:1,effect_unknown:1,environment_unresolved:1",2026-02-16T21:56:48.904558+00:00
doi:10.15126/thesis.901052,TBL-20260216201150-093,queued_table_remake,translation_status_untranslatable_noise,4,1,0.2500,"translation_status:inferred:3,effect_unknown:1,legacy_manual_cleanup_flag:1,low_statement_source_overlap:1,outcome_unresolved:1",2026-02-16T21:56:48.904558+00:00
doi:10.15126/thesis.901052,TBL-20260216201150-094,queued_table_remake,translation_status_untranslatable_noise,3,1,0.3333,"translation_status:inferred:2,effect_unknown:1,legacy_manual_cleanup_flag:1,low_statement_source_overlap:1,outcome_unresolved:1",2026-02-16T21:56:48.904558+00:00
doi:10.15126/thesis.901052,TBL-20260216201150-095,queued_table_remake,translation_status_untranslatable_noise,4,1,0.2500,"translation_status:inferred:3,effect_unknown:1,legacy_manual_cleanup_flag:1,low_statement_source_overlap:1,outcome_unresolved:1",2026-02-16T21:56:48.904558+00:00
doi:10.15126/thesis.901052,TBL-20260216201150-097,queued_table_remake,translation_status_untranslatable_noise,3,1,0.3333,"translation_status:inferred:2,effect_unknown:1,environment_unresolved:1,legacy_manual_cleanup_flag:1,low_statement_source_overlap:1",2026-02-16T21:56:48.904558+00:00
doi:10.15126/thesis.901052,TBL-20260216201150-100,queued_table_remake,translation_status_untranslatable_noise,3,1,0.3333,"translation_status:inferred:2,effect_unknown:1,legacy_manual_cleanup_flag:1,low_statement_source_overlap:1,outcome_unresolved:1",2026-02-16T21:56:48.904558+00:00
doi:10.15126/thesis.901052,TBL-20260216201150-101,queued_table_remake,translation_status_untranslatable_noise,4,1,0.2500,"translation_status:inferred:3,effect_unknown:1,legacy_manual_cleanup_flag:1,low_statement_source_overlap:1,outcome_unresolved:1",2026-02-16T21:56:48.904558+00:00
doi:10.15126/thesis.901052,TBL-20260216201150-103,queued_table_remake,translation_status_untranslatable_noise,4,1,0.2500,"translation_status:inferred:3,source_row_low_information:2,statement_low_information:1,effect_unknown:1,legacy_manual_cleanup_flag:1",2026-02-16T21:56:48.904558+00:00
doi:10.15126/thesis.901052,TBL-20260216201150-104,queued_table_remake,translation_status_untranslatable_noise,4,1,0.2500,"translation_status:inferred:3,effect_unknown:1,environment_unresolved:1,legacy_manual_cleanup_flag:1,low_statement_source_overlap:1",2026-02-16T21:56:48.904558+00:00
doi:10.15126/thesis.901052,TBL-20260216201150-105,queued_table_remake,translation_status_untranslatable_noise,1,1,1.0000,"effect_unknown:1,environment_unresolved:1,legacy_manual_cleanup_flag:1,low_statement_source_overlap:1,outcome_unresolved:1",2026-02-16T21:56:48.904558+00:00
doi:10.15126/thesis.901052,TBL-20260216201150-108,queued_table_remake,translation_status_untranslatable_noise,4,1,0.2500,"translation_status:inferred:3,effect_unknown:1,legacy_manual_cleanup_flag:1,low_statement_source_overlap:1,outcome_unresolved:1",2026-02-16T21:56:48.904558+00:00
doi:10.15126/thesis.901052,TBL-20260216201150-109,queued_table_remake,translation_status_untranslatable_noise,5,1,0.2000,"translation_status:inferred:4,effect_unknown:1,environment_unresolved:1,legacy_manual_cleanup_flag:1,low_statement_source_overlap:1",2026-02-16T21:56:48.904558+00:00
doi:10.15126/thesis.901052,TBL-20260216201150-111,queued_table_remake,translation_status_untranslatable_noise,4,1,0.2500,"translation_status:inferred:3,effect_unknown:1,environment_unresolved:1,legacy_manual_cleanup_flag:1,low_statement_source_overlap:1",2026-02-16T21:56:48.904558+00:00
doi:10.15126/thesis.901052,TBL-20260216201150-112,queued_table_remake,translation_status_untranslatable_noise,5,1,0.2000,"translation_status:inferred:4,effect_unknown:1,legacy_manual_cleanup_flag:1,low_statement_source_overlap:1,outcome_unresolved:1",2026-02-16T21:56:48.904558+00:00
doi:10.15126/thesis.901052,TBL-20260216201150-113,queued_table_remake,translation_status_untranslatable_noise,3,1,0.3333,"translation_status:inferred:2,effect_unknown:1,environment_unresolved:1,legacy_manual_cleanup_flag:1,low_statement_source_overlap:1",2026-02-16T21:56:48.904558+00:00
doi:10.15126/thesis.901052,TBL-20260216201150-114,queued_table_remake,translation_status_untranslatable_noise,4,1,0.2500,"translation_status:inferred:3,effect_unknown:1,legacy_manual_cleanup_flag:1,low_statement_source_overlap:1,outcome_unresolved:1",2026-02-16T21:56:48.904558+00:00
doi:10.15126/thesis.901052,TBL-20260216201150-115,queued_table_remake,translation_status_untranslatable_noise,5,1,0.2000,"translation_status:inferred:3,translation_status:fuzzy:1,effect_unknown:1,environment_unresolved:1,legacy_manual_cleanup_flag:1",2026-02-16T21:56:48.904558+00:00
doi:10.15126/thesis.901052,TBL-20260216201150-119,queued_table_remake,translation_status_untranslatable_noise,4,1,0.2500,"translation_status:fuzzy:2,translation_status:inferred:1,effect_unknown:1,environment_unresolved:1,legacy_manual_cleanup_flag:1",2026-02-16T21:56:48.904558+00:00
doi:10.15126/thesis.901052,TBL-20260216201150-120,queued_table_remake,translation_status_untranslatable_noise,4,1,0.2500,"translation_status:inferred:3,effect_unknown:1,legacy_manual_cleanup_flag:1,low_statement_source_overlap:1,outcome_unresolved:1",2026-02-16T21:56:48.904558+00:00
doi:10.15126/thesis.901052,TBL-20260216201150-121,queued_table_remake,translation_status_untranslatable_noise,5,1,0.2000,"translation_status:inferred:4,effect_unknown:1,legacy_manual_cleanup_flag:1,low_statement_source_overlap:1,outcome_unresolved:1",2026-02-16T21:56:48.904558+00:00
doi:10.15126/thesis.901052,TBL-20260216201150-122,queued_table_remake,translation_status_untranslatable_noise,3,1,0.3333,"translation_status:inferred:2,effect_unknown:1,environment_unresolved:1,legacy_manual_cleanup_flag:1,low_statement_source_overlap:1",2026-02-16T21:56:48.904558+00:00
doi:10.15126/thesis.901052,TBL-20260216201150-127,queued_table_remake,translation_status_untranslatable_noise,3,1,0.3333,"translation_status:inferred:2,effect_unknown:1,legacy_manual_cleanup_flag:1,low_statement_source_overlap:1,outcome_unresolved:1",2026-02-16T21:56:48.904558+00:00
doi:10.15126/thesis.901052,TBL-20260216201151-129,queued_table_remake,translation_status_untranslatable_noise,5,1,0.2000,"translation_status:inferred:4,effect_unknown:1,environment_unresolved:1,legacy_manual_cleanup_flag:1,low_statement_source_overlap:1",2026-02-16T21:56:48.904558+00:00
doi:10.15126/thesis.901052,TBL-20260216201151-131,queued_table_remake,translation_status_untranslatable_noise,6,1,0.1667,"translation_status:inferred:5,effect_unknown:1,environment_unresolved:1,legacy_manual_cleanup_flag:1,low_statement_source_overlap:1",2026-02-16T21:56:48.904558+00:00
doi:10.15126/thesis.901052,TBL-20260216201151-133,queued_table_remake,translation_status_untranslatable_noise,4,1,0.2500,"translation_status:inferred:3,source_row_low_information:2,effect_unknown:1,environment_unresolved:1,legacy_manual_cleanup_flag:1",2026-02-16T21:56:48.904558+00:00
doi:10.15126/thesis.901052,TBL-20260216201151-136,queued_table_remake,translation_status_untranslatable_noise,4,1,0.2500,"translation_status:inferred:2,translation_status:fuzzy:1,effect_unknown:1,environment_unresolved:1,legacy_manual_cleanup_flag:1",2026-02-16T21:56:48.904558+00:00
doi:10.15126/thesis.901052,TBL-20260216201151-138,queued_table_remake,translation_status_untranslatable_noise,4,1,0.2500,"translation_status:inferred:3,effect_unknown:1,legacy_manual_cleanup_flag:1,low_statement_source_overlap:1,outcome_unresolved:1",2026-02-16T21:56:48.904558+00:00
doi:10.15126/thesis.901052,TBL-20260216201151-140,queued_table_remake,translation_status_untranslatable_noise,5,1,0.2000,"translation_status:inferred:3,translation_status:fuzzy:1,effect_unknown:1,environment_unresolved:1,legacy_manual_cleanup_flag:1",2026-02-16T21:56:48.904558+00:00
doi:10.15126/thesis.901052,TBL-20260216201151-143,queued_table_remake,translation_status_untranslatable_noise,6,1,0.1667,"translation_status:inferred:5,effect_unknown:1,legacy_manual_cleanup_flag:1,low_statement_source_overlap:1,outcome_unresolved:1",2026-02-16T21:56:48.904558+00:00
doi:10.15126/thesis.901052,TBL-20260216201151-146,queued_table_remake,translation_status_untranslatable_noise,9,1,0.1111,"translation_status:inferred:8,source_row_low_information:2,statement_low_information:1,effect_unknown:1,legacy_manual_cleanup_flag:1",2026-02-16T21:56:48.904558+00:00
doi:10.15126/thesis.901052,TBL-20260216201151-149,queued_table_remake,translation_status_untranslatable_noise,4,1,0.2500,"translation_status:inferred:3,source_row_low_information:2,statement_low_information:1,effect_unknown:1,legacy_manual_cleanup_flag:1",2026-02-16T21:56:48.904558+00:00
doi:10.15126/thesis.901052,TBL-20260216201151-151,queued_table_remake,translation_status_untranslatable_noise,4,1,0.2500,"translation_status:inferred:3,effect_unknown:1,environment_unresolved:1,legacy_manual_cleanup_flag:1,low_statement_source_overlap:1",2026-02-16T21:56:48.904558+00:00
doi:10.15126/thesis.901052,TBL-20260216201151-153,queued_table_remake,translation_status_untranslatable_noise,4,1,0.2500,"translation_status:inferred:3,effect_unknown:1,legacy_manual_cleanup_flag:1,low_statement_source_overlap:1,outcome_unresolved:1",2026-02-16T21:56:48.904558+00:00
doi:10.15126/thesis.901052,TBL-20260216201151-156,queued_table_remake,translation_status_untranslatable_noise,2,1,0.5000,"translation_status:inferred:1,effect_unknown:1,environment_unresolved:1,legacy_manual_cleanup_flag:1,low_statement_source_overlap:1",2026-02-16T21:56:48.904558+00:00
doi:10.15126/thesis.901052,TBL-20260216201151-157,queued_table_remake,translation_status_untranslatable_noise,4,1,0.2500,"translation_status:inferred:3,source_row_low_information:2,statement_low_information:1,effect_unknown:1,legacy_manual_cleanup_flag:1",2026-02-16T21:56:48.904558+00:00
doi:10.15126/thesis.901052,TBL-20260216201151-158,queued_table_remake,translation_status_untranslatable_noise,4,1,0.2500,"translation_status:inferred:2,translation_status:fuzzy:1,effect_unknown:1,legacy_manual_cleanup_flag:1,low_statement_source_overlap:1",2026-02-16T21:56:48.904558+00:00
doi:10.15126/thesis.901052,TBL-20260216201151-160,queued_table_remake,translation_status_untranslatable_noise,5,1,0.2000,"translation_status:inferred:4,effect_unknown:1,legacy_manual_cleanup_flag:1,low_statement_source_overlap:1,outcome_unresolved:1",2026-02-16T21:56:48.904558+00:00
doi:10.15126/thesis.901052,TBL-20260216201151-162,queued_table_remake,translation_status_untranslatable_noise,3,1,0.3333,"translation_status:inferred:2,effect_unknown:1,environment_unresolved:1,legacy_manual_cleanup_flag:1,low_statement_source_overlap:1",2026-02-16T21:56:48.904558+00:00
doi:10.15126/thesis.901052,TBL-20260216201151-163,queued_table_remake,translation_status_untranslatable_noise,3,1,0.3333,"translation_status:inferred:1,translation_status:fuzzy:1,effect_unknown:1,environment_unresolved:1,legacy_manual_cleanup_flag:1",2026-02-16T21:56:48.904558+00:00
doi:10.15126/thesis.901052,TBL-20260216201152-164,queued_table_remake,translation_status_untranslatable_noise,4,1,0.2500,"translation_status:inferred:3,effect_unknown:1,legacy_manual_cleanup_flag:1,low_statement_source_overlap:1,outcome_unresolved:1",2026-02-16T21:56:48.904558+00:00
doi:10.15126/thesis.901052,TBL-20260216201152-166,queued_table_remake,translation_status_untranslatable_noise,4,1,0.2500,"translation_status:inferred:3,source_row_low_information:2,effect_unknown:1,environment_unresolved:1,legacy_manual_cleanup_flag:1",2026-02-16T21:56:48.904558+00:00
doi:10.15126/thesis.901052,TBL-20260216201152-167,queued_table_remake,translation_status_untranslatable_noise,3,1,0.3333,"translation_status:inferred:2,effect_unknown:1,legacy_manual_cleanup_flag:1,low_statement_source_overlap:1,outcome_unresolved:1",2026-02-16T21:56:48.904558+00:00
doi:10.15126/thesis.901052,TBL-20260216201152-169,queued_table_remake,translation_status_untranslatable_noise,3,1,0.3333,"translation_status:inferred:2,effect_unknown:1,environment_unresolved:1,legacy_manual_cleanup_flag:1,low_statement_source_overlap:1",2026-02-16T21:56:48.904558+00:00
doi:10.15126/thesis.901052,TBL-20260216201152-170,queued_table_remake,translation_status_untranslatable_noise,5,1,0.2000,"translation_status:inferred:4,source_row_low_information:2,statement_low_information:1,effect_unknown:1,legacy_manual_cleanup_flag:1",2026-02-16T21:56:48.904558+00:00
doi:10.15126/thesis.901052,TBL-20260216201152-172,queued_table_remake,translation_status_untranslatable_noise,3,1,0.3333,"translation_status:fuzzy:1,translation_status:inferred:1,effect_unknown:1,legacy_manual_cleanup_flag:1,low_statement_source_overlap:1",2026-02-16T21:56:48.904558+00:00
doi:10.15126/thesis.901052,TBL-20260216201152-173,queued_table_remake,translation_status_untranslatable_noise,4,1,0.2500,"translation_status:inferred:3,effect_unknown:1,legacy_manual_cleanup_flag:1,low_statement_source_overlap:1,outcome_unresolved:1",2026-02-16T21:56:48.904558+00:00
doi:10.15126/thesis.901052,TBL-20260216201152-175,queued_table_remake,translation_status_untranslatable_noise,4,1,0.2500,"translation_status:inferred:3,effect_unknown:1,legacy_manual_cleanup_flag:1,low_statement_source_overlap:1,outcome_unresolved:1",2026-02-16T21:56:48.904558+00:00
doi:10.15126/thesis.901052,TBL-20260216201153-178,queued_table_remake,translation_status_untranslatable_noise,4,1,0.2500,"translation_status:inferred:3,effect_unknown:1,environment_unresolved:1,legacy_manual_cleanup_flag:1,low_statement_source_overlap:1",2026-02-16T21:56:48.904558+00:00
doi:10.15126/thesis.901052,TBL-20260216201153-182,queued_table_remake,translation_status_untranslatable_noise,5,2,0.4000,"translation_status:inferred:3,effect_unknown:2,legacy_manual_cleanup_flag:2,low_statement_source_overlap:2,outcome_unresolved:2",2026-02-16T21:56:48.904558+00:00
doi:10.15126/thesis.901052,TBL-20260216201154-183,queued_table_remake,translation_status_untranslatable_noise,3,1,0.3333,"translation_status:inferred:2,effect_unknown:1,environment_unresolved:1,legacy_manual_cleanup_flag:1,low_statement_source_overlap:1",2026-02-16T21:56:48.904558+00:00
doi:10.1613/jair.301,TBL-20260216201208-001,queued_table_remake,translation_status_untranslatable_noise,3,3,1.0000,"effect_unknown:3,environment_unresolved:3,legacy_manual_cleanup_flag:3,translation_status:untranslatable_noise:3,low_statement_source_overlap:2",2026-02-16T21:56:48.904558+00:00
doi:10.1613/jair.301,TBL-20260216201208-004,queued_table_remake,translation_status_untranslatable_noise,1,1,1.0000,"effect_unknown:1,environment_unresolved:1,legacy_manual_cleanup_flag:1,low_statement_source_overlap:1,outcome_unresolved:1",2026-02-16T21:56:48.904558+00:00
doi:10.1613/jair.301,TBL-20260216201208-005,queued_table_remake,translation_status_untranslatable_noise,2,2,1.0000,"effect_unknown:2,environment_unresolved:2,legacy_manual_cleanup_flag:2,low_statement_source_overlap:2,translation_status:untranslatable_noise:2",2026-02-16T21:56:48.904558+00:00
doi:10.1613/jair.301,TBL-20260216201208-006,queued_table_remake,translation_status_untranslatable_noise,3,3,1.0000,"effect_unknown:3,environment_unresolved:3,legacy_manual_cleanup_flag:3,low_statement_source_overlap:3,outcome_unresolved:3",2026-02-16T21:56:48.904558+00:00
doi:10.1613/jair.301,TBL-20260216201208-009,queued_table_remake,translation_status_untranslatable_noise,4,4,1.0000,"effect_unknown:4,legacy_manual_cleanup_flag:4,low_statement_source_overlap:4,translation_status:untranslatable_noise:4,outcome_unresolved:3",2026-02-16T21:56:48.904558+00:00
doi:10.1613/jair.301,TBL-20260216201208-010,queued_table_remake,translation_status_untranslatable_noise,3,3,1.0000,"effect_unknown:3,legacy_manual_cleanup_flag:3,low_statement_source_overlap:3,outcome_unresolved:3,translation_status:untranslatable_noise:3",2026-02-16T21:56:48.904558+00:00
doi:10.1613/jair.301,TBL-20260216201208-011,queued_table_remake,translation_status_untranslatable_noise,2,2,1.0000,"effect_unknown:2,legacy_manual_cleanup_flag:2,low_statement_source_overlap:2,translation_status:untranslatable_noise:2,outcome_unresolved:1",2026-02-16T21:56:48.904558+00:00
doi:10.1613/jair.301,TBL-20260216201208-015,queued_table_remake,translation_status_untranslatable_noise,11,11,1.0000,"effect_unknown:11,legacy_manual_cleanup_flag:11,low_statement_source_overlap:11,translation_status:untranslatable_noise:11,outcome_unresolved:9",2026-02-16T21:56:48.904558+00:00
doi:10.1613/jair.301,TBL-20260216201208-016,queued_table_remake,translation_status_untranslatable_noise,1,1,1.0000,"effect_unknown:1,environment_unresolved:1,legacy_manual_cleanup_flag:1,low_statement_source_overlap:1,outcome_unresolved:1",2026-02-16T21:56:48.904558+00:00
doi:10.1613/jair.301,TBL-20260216201208-017,queued_table_remake,translation_status_untranslatable_noise,2,2,1.0000,"effect_unknown:2,environment_unresolved:2,legacy_manual_cleanup_flag:2,low_statement_source_overlap:2,outcome_unresolved:2",2026-02-16T21:56:48.904558+00:00
doi:10.1613/jair.301,TBL-20260216201208-019,queued_table_remake,translation_status_untranslatable_noise,1,1,1.0000,"effect_unknown:1,environment_unresolved:1,legacy_manual_cleanup_flag:1,low_statement_source_overlap:1,outcome_unresolved:1",2026-02-16T21:56:48.904558+00:00
doi:10.1613/jair.301,TBL-20260216201208-020,queued_table_remake,translation_status_untranslatable_noise,1,1,1.0000,"effect_unknown:1,environment_unresolved:1,legacy_manual_cleanup_flag:1,low_statement_source_overlap:1,outcome_unresolved:1",2026-02-16T21:56:48.904558+00:00
doi:10.1613/jair.301,TBL-20260216201208-021,queued_table_remake,translation_status_untranslatable_noise,1,1,1.0000,"effect_unknown:1,environment_unresolved:1,legacy_manual_cleanup_flag:1,low_statement_source_overlap:1,outcome_unresolved:1",2026-02-16T21:56:48.904558+00:00
doi:10.17179/excli2021-3974,TBL-20260216201335-001,queued_table_remake,translation_status_untranslatable_noise,1,1,1.0000,"effect_unknown:1,environment_unresolved:1,legacy_manual_cleanup_flag:1,low_statement_source_overlap:1,outcome_unresolved:1",2026-02-16T21:56:48.904558+00:00
doi:10.17179/excli2021-3974,TBL-20260216201335-003,queued_table_remake,translation_status_untranslatable_noise,3,3,1.0000,"effect_unknown:3,legacy_manual_cleanup_flag:3,low_statement_source_overlap:3,outcome_unresolved:3,source_row_low_information:3",2026-02-16T21:56:48.904558+00:00
doi:10.17179/excli2021-3974,TBL-20260216201335-004,queued_table_remake,translation_status_untranslatable_noise,11,1,0.0909,"translation_status:inferred:10,effect_unknown:1,environment_unresolved:1,legacy_manual_cleanup_flag:1,low_statement_source_overlap:1",2026-02-16T21:56:48.904558+00:00
doi:10.17179/excli2021-3974,TBL-20260216201335-006,queued_table_remake,translation_status_untranslatable_noise,9,3,0.3333,"translation_status:inferred:6,effect_unknown:3,legacy_manual_cleanup_flag:3,low_statement_source_overlap:3,outcome_unresolved:3",2026-02-16T21:56:48.904558+00:00
doi:10.17179/excli2021-3974,TBL-20260216201335-007,queued_table_remake,translation_status_untranslatable_noise,9,1,0.1111,"translation_status:inferred:8,effect_unknown:1,legacy_manual_cleanup_flag:1,low_statement_source_overlap:1,outcome_unresolved:1",2026-02-16T21:56:48.904558+00:00
doi:10.17863/cam.41365,TBL-20260216201346-002,queued_table_remake,translation_status_untranslatable_noise,3,3,1.0000,"effect_unknown:3,environment_unresolved:3,legacy_manual_cleanup_flag:3,low_statement_source_overlap:3,outcome_unresolved:3",2026-02-16T21:56:48.904558+00:00
doi:10.17863/cam.41365,TBL-20260216201348-008,queued_table_remake,translation_status_untranslatable_noise,5,5,1.0000,"effect_unknown:5,environment_unresolved:5,legacy_manual_cleanup_flag:5,low_statement_source_overlap:5,outcome_unresolved:5",2026-02-16T21:56:48.904558+00:00
doi:10.17863/cam.41365,TBL-20260216201348-009,queued_table_remake,translation_status_untranslatable_noise,5,5,1.0000,"effect_unknown:5,environment_unresolved:5,legacy_manual_cleanup_flag:5,low_statement_source_overlap:5,outcome_unresolved:5",2026-02-16T21:56:48.904558+00:00
doi:10.17863/cam.41365,TBL-20260216201348-010,queued_table_remake,translation_status_untranslatable_noise,3,3,1.0000,"effect_unknown:3,legacy_manual_cleanup_flag:3,low_statement_source_overlap:3,outcome_unresolved:3,translation_status:untranslatable_noise:3",2026-02-16T21:56:48.904558+00:00
doi:10.17863/cam.41365,TBL-20260216201348-011,queued_table_remake,translation_status_untranslatable_noise,3,3,1.0000,"effect_unknown:3,legacy_manual_cleanup_flag:3,low_statement_source_overlap:3,outcome_unresolved:3,source_row_low_information:3",2026-02-16T21:56:48.904558+00:00
doi:10.17863/cam.41365,TBL-20260216201352-017,queued_table_remake,translation_status_untranslatable_noise,13,7,0.5385,"source_row_low_information:13,effect_unknown:7,environment_unresolved:7,legacy_manual_cleanup_flag:7,low_statement_source_overlap:7",2026-02-16T21:56:48.904558+00:00
doi:10.17863/cam.41365,TBL-20260216201353-018,queued_table_remake,translation_status_untranslatable_noise,14,2,0.1429,"translation_status:inferred:12,source_row_low_information:7,statement_low_information:5,effect_unknown:2,environment_unresolved:2",2026-02-16T21:56:48.904558+00:00
doi:10.17863/cam.41365,TBL-20260216201354-021,queued_table_remake,translation_status_untranslatable_noise,14,7,0.5000,"source_row_low_information:12,translation_status:inferred:7,effect_unknown:7,environment_unresolved:7,legacy_manual_cleanup_flag:7",2026-02-16T21:56:48.904558+00:00
doi:10.17863/cam.41365,TBL-20260216201355-022,queued_table_remake,translation_status_untranslatable_noise,14,2,0.1429,"translation_status:inferred:12,source_row_low_information:5,statement_low_information:3,effect_unknown:2,environment_unresolved:2",2026-02-16T21:56:48.904558+00:00
doi:10.17863/cam.41365,TBL-20260216201356-025,queued_table_remake,translation_status_untranslatable_noise,14,6,0.4286,"source_row_low_information:12,translation_status:inferred:8,statement_low_information:6,effect_unknown:6,legacy_manual_cleanup_flag:6",2026-02-16T21:56:48.904558+00:00
doi:10.17863/cam.41365,TBL-20260216201356-026,queued_table_remake,translation_status_untranslatable_noise,11,2,0.1818,"translation_status:inferred:9,source_row_low_information:7,statement_low_information:5,effect_unknown:2,legacy_manual_cleanup_flag:2",2026-02-16T21:56:48.904558+00:00
doi:10.17863/cam.41365,TBL-20260216201358-029,queued_table_remake,translation_status_untranslatable_noise,4,2,0.5000,"translation_status:inferred:2,effect_unknown:2,legacy_manual_cleanup_flag:2,low_statement_source_overlap:2,outcome_unresolved:2",2026-02-16T21:56:48.904558+00:00
doi:10.18419/opus-9385,TBL-20260216201354-002,queued_table_remake,translation_status_untranslatable_noise,2,1,0.5000,"source_row_low_information:2,effect_unknown:1,environment_unresolved:1,legacy_manual_cleanup_flag:1,low_statement_source_overlap:1",2026-02-16T21:56:48.904558+00:00
doi:10.18419/opus-9385,TBL-20260216201356-007,queued_table_remake,translation_status_untranslatable_noise,2,1,0.5000,"effect_unknown:1,environment_unresolved:1,legacy_manual_cleanup_flag:1,low_statement_source_overlap:1,outcome_unresolved:1",2026-02-16T21:56:48.904558+00:00
doi:10.18419/opus-9385,TBL-20260216201357-008,queued_table_remake,translation_status_untranslatable_noise,2,1,0.5000,"effect_unknown:1,environment_unresolved:1,legacy_manual_cleanup_flag:1,low_statement_source_overlap:1,outcome_unresolved:1",2026-02-16T21:56:48.904558+00:00
doi:10.18419/opus-9385,TBL-20260216201359-010,queued_table_remake,translation_status_untranslatable_noise,2,1,0.5000,"effect_unknown:1,environment_unresolved:1,legacy_manual_cleanup_flag:1,low_statement_source_overlap:1,outcome_unresolved:1",2026-02-16T21:56:48.904558+00:00
doi:10.18419/opus-9385,TBL-20260216201404-016,queued_table_remake,translation_status_untranslatable_noise,2,1,0.5000,"effect_unknown:1,environment_unresolved:1,legacy_manual_cleanup_flag:1,low_statement_source_overlap:1,outcome_unresolved:1",2026-02-16T21:56:48.904558+00:00
doi:10.18419/opus-9385,TBL-20260216201407-017,queued_table_remake,translation_status_untranslatable_noise,2,1,0.5000,"effect_unknown:1,environment_unresolved:1,legacy_manual_cleanup_flag:1,low_statement_source_overlap:1,outcome_unresolved:1",2026-02-16T21:56:48.904558+00:00
doi:10.18419/opus-9385,TBL-20260216201410-024,queued_table_remake,translation_status_untranslatable_noise,13,5,0.3846,"translation_status:inferred:8,effect_unknown:5,environment_unresolved:5,legacy_manual_cleanup_flag:5,low_statement_source_overlap:5",2026-02-16T21:56:48.904558+00:00
doi:10.18419/opus-9385,TBL-20260216201411-026,queued_table_remake,translation_status_untranslatable_noise,1,1,1.0000,"effect_unknown:1,environment_unresolved:1,legacy_manual_cleanup_flag:1,low_statement_source_overlap:1,outcome_unresolved:1",2026-02-16T21:56:48.904558+00:00
doi:10.18419/opus-9385,TBL-20260216201411-030,queued_table_remake,translation_status_untranslatable_noise,2,1,0.5000,"source_row_low_information:2,effect_unknown:1,environment_unresolved:1,legacy_manual_cleanup_flag:1,low_statement_source_overlap:1",2026-02-16T21:56:48.904558+00:00
doi:10.18419/opus-9385,TBL-20260216201414-035,queued_table_remake,translation_status_untranslatable_noise,4,3,0.7500,"effect_unknown:3,environment_unresolved:3,legacy_manual_cleanup_flag:3,low_statement_source_overlap:3,outcome_unresolved:3",2026-02-16T21:56:48.904558+00:00
doi:10.18419/opus-9385,TBL-20260216201415-038,queued_table_remake,translation_status_untranslatable_noise,2,1,0.5000,"effect_unknown:1,environment_unresolved:1,legacy_manual_cleanup_flag:1,low_statement_source_overlap:1,outcome_unresolved:1",2026-02-16T21:56:48.904558+00:00
doi:10.18419/opus-9385,TBL-20260216201421-045,queued_table_remake,translation_status_untranslatable_noise,2,1,0.5000,"effect_unknown:1,environment_unresolved:1,legacy_manual_cleanup_flag:1,low_statement_source_overlap:1,outcome_unresolved:1",2026-02-16T21:56:48.904558+00:00
doi:10.18419/opus-9385,TBL-20260216201423-047,queued_table_remake,translation_status_untranslatable_noise,1,1,1.0000,"effect_unknown:1,legacy_manual_cleanup_flag:1,low_statement_source_overlap:1,outcome_unresolved:1,source_row_low_information:1",2026-02-16T21:56:48.904558+00:00
doi:10.18419/opus-9385,TBL-20260216201423-048,queued_table_remake,translation_status_untranslatable_noise,6,5,0.8333,"effect_unknown:5,legacy_manual_cleanup_flag:5,low_statement_source_overlap:5,outcome_unresolved:5,translation_status:untranslatable_noise:5",2026-02-16T21:56:48.904558+00:00
doi:10.18419/opus-9385,TBL-20260216201423-049,queued_table_remake,translation_status_untranslatable_noise,5,4,0.8000,"effect_unknown:4,legacy_manual_cleanup_flag:4,low_statement_source_overlap:4,outcome_unresolved:4,translation_status:untranslatable_noise:4",2026-02-16T21:56:48.904558+00:00
doi:10.18419/opus-9385,TBL-20260216201423-050,queued_table_remake,translation_status_untranslatable_noise,10,9,0.9000,"effect_unknown:9,legacy_manual_cleanup_flag:9,low_statement_source_overlap:9,outcome_unresolved:9,translation_status:untranslatable_noise:9",2026-02-16T21:56:48.904558+00:00
doi:10.18419/opus-9385,TBL-20260216201423-051,queued_table_remake,translation_status_untranslatable_noise,19,19,1.0000,"effect_unknown:19,environment_unresolved:19,legacy_manual_cleanup_flag:19,low_statement_source_overlap:19,outcome_unresolved:19",2026-02-16T21:56:48.904558+00:00
doi:10.18419/opus-9385,TBL-20260216201423-052,queued_table_remake,translation_status_untranslatable_noise,7,5,0.7143,"effect_unknown:5,environment_unresolved:5,legacy_manual_cleanup_flag:5,low_statement_source_overlap:5,outcome_unresolved:5",2026-02-16T21:56:48.904558+00:00
doi:10.18419/opus-9385,TBL-20260216201424-053,queued_table_remake,translation_status_untranslatable_noise,9,8,0.8889,"effect_unknown:8,environment_unresolved:8,legacy_manual_cleanup_flag:8,low_statement_source_overlap:8,outcome_unresolved:8",2026-02-16T21:56:48.904558+00:00
doi:10.18419/opus-9385,TBL-20260216201424-054,queued_table_remake,translation_status_untranslatable_noise,3,2,0.6667,"effect_unknown:2,environment_unresolved:2,legacy_manual_cleanup_flag:2,low_statement_source_overlap:2,outcome_unresolved:2",2026-02-16T21:56:48.904558+00:00
doi:10.18419/opus-9385,TBL-20260216201424-055,queued_table_remake,translation_status_untranslatable_noise,1,1,1.0000,"effect_unknown:1,legacy_manual_cleanup_flag:1,low_statement_source_overlap:1,outcome_unresolved:1,source_row_low_information:1",2026-02-16T21:56:48.904558+00:00
doi:10.18419/opus-9385,TBL-20260216201424-056,queued_table_remake,translation_status_untranslatable_noise,4,4,1.0000,"effect_unknown:4,legacy_manual_cleanup_flag:4,low_statement_source_overlap:4,outcome_unresolved:4,translation_status:untranslatable_noise:4",2026-02-16T21:56:48.904558+00:00
doi:10.18419/opus-9385,TBL-20260216201424-058,queued_table_remake,translation_status_untranslatable_noise,6,6,1.0000,"effect_unknown:6,legacy_manual_cleanup_flag:6,low_statement_source_overlap:6,outcome_unresolved:6,source_row_low_information:6",2026-02-16T21:56:48.904558+00:00
doi:10.18419/opus-9385,TBL-20260216201424-059,queued_table_remake,translation_status_untranslatable_noise,6,4,0.6667,"effect_unknown:4,environment_unresolved:4,legacy_manual_cleanup_flag:4,low_statement_source_overlap:4,outcome_unresolved:4",2026-02-16T21:56:48.904558+00:00
doi:10.18419/opus-9385,TBL-20260216201424-060,queued_table_remake,translation_status_untranslatable_noise,7,6,0.8571,"effect_unknown:6,environment_unresolved:6,legacy_manual_cleanup_flag:6,low_statement_source_overlap:6,outcome_unresolved:6",2026-02-16T21:56:48.904558+00:00
doi:10.18419/opus-9385,TBL-20260216201425-061,queued_table_remake,translation_status_untranslatable_noise,1,1,1.0000,"effect_unknown:1,legacy_manual_cleanup_flag:1,low_statement_source_overlap:1,outcome_unresolved:1,source_row_low_information:1",2026-02-16T21:56:48.904558+00:00
doi:10.18419/opus-9385,TBL-20260216201425-062,queued_table_remake,translation_status_untranslatable_noise,7,6,0.8571,"effect_unknown:6,environment_unresolved:6,legacy_manual_cleanup_flag:6,low_statement_source_overlap:6,outcome_unresolved:6",2026-02-16T21:56:48.904558+00:00
doi:10.18419/opus-9385,TBL-20260216201425-063,queued_table_remake,translation_status_untranslatable_noise,6,6,1.0000,"effect_unknown:6,environment_unresolved:6,legacy_manual_cleanup_flag:6,low_statement_source_overlap:6,outcome_unresolved:6",2026-02-16T21:56:48.904558+00:00
doi:10.18419/opus-9385,TBL-20260216201425-064,queued_table_remake,translation_status_untranslatable_noise,8,7,0.8750,"effect_unknown:7,environment_unresolved:7,legacy_manual_cleanup_flag:7,low_statement_source_overlap:7,outcome_unresolved:7",2026-02-16T21:56:48.904558+00:00
doi:10.18419/opus-9385,TBL-20260216201426-065,queued_table_remake,translation_status_untranslatable_noise,13,9,0.6923,"effect_unknown:9,environment_unresolved:9,legacy_manual_cleanup_flag:9,low_statement_source_overlap:9,outcome_unresolved:9",2026-02-16T21:56:48.904558+00:00
doi:10.18419/opus-9385,TBL-20260216201426-066,queued_table_remake,translation_status_untranslatable_noise,10,6,0.6000,"effect_unknown:6,environment_unresolved:6,legacy_manual_cleanup_flag:6,low_statement_source_overlap:6,outcome_unresolved:6",2026-02-16T21:56:48.904558+00:00
doi:10.18419/opus-9385,TBL-20260216201426-067,queued_table_remake,translation_status_untranslatable_noise,3,2,0.6667,"effect_unknown:2,environment_unresolved:2,legacy_manual_cleanup_flag:2,low_statement_source_overlap:2,outcome_unresolved:2",2026-02-16T21:56:48.904558+00:00
doi:10.18419/opus-9385,TBL-20260216201426-068,queued_table_remake,translation_status_untranslatable_noise,5,5,1.0000,"effect_unknown:5,legacy_manual_cleanup_flag:5,low_statement_source_overlap:5,outcome_unresolved:5,translation_status:untranslatable_noise:5",2026-02-16T21:56:48.904558+00:00
doi:10.18419/opus-9385,TBL-20260216201426-069,queued_table_remake,translation_status_untranslatable_noise,6,5,0.8333,"source_row_low_information:6,effect_unknown:5,environment_unresolved:5,legacy_manual_cleanup_flag:5,low_statement_source_overlap:5",2026-02-16T21:56:48.904558+00:00
doi:10.18419/opus-9385,TBL-20260216201426-071,queued_table_remake,translation_status_untranslatable_noise,1,1,1.0000,"effect_unknown:1,legacy_manual_cleanup_flag:1,low_statement_source_overlap:1,outcome_unresolved:1,source_row_low_information:1",2026-02-16T21:56:48.904558+00:00
doi:10.18419/opus-9385,TBL-20260216201426-072,queued_table_remake,translation_status_untranslatable_noise,9,7,0.7778,"effect_unknown:7,legacy_manual_cleanup_flag:7,low_statement_source_overlap:7,outcome_unresolved:7,translation_status:untranslatable_noise:7",2026-02-16T21:56:48.904558+00:00
doi:10.18419/opus-9385,TBL-20260216201427-073,queued_table_remake,translation_status_untranslatable_noise,1,1,1.0000,"effect_unknown:1,legacy_manual_cleanup_flag:1,low_statement_source_overlap:1,outcome_unresolved:1,source_row_low_information:1",2026-02-16T21:56:48.904558+00:00
doi:10.18419/opus-9385,TBL-20260216201427-074,queued_table_remake,translation_status_untranslatable_noise,8,8,1.0000,"effect_unknown:8,legacy_manual_cleanup_flag:8,low_statement_source_overlap:8,outcome_unresolved:8,translation_status:untranslatable_noise:8",2026-02-16T21:56:48.904558+00:00
doi:10.18419/opus-9385,TBL-20260216201427-076,queued_table_remake,translation_status_untranslatable_noise,6,6,1.0000,"effect_unknown:6,environment_unresolved:6,legacy_manual_cleanup_flag:6,low_statement_source_overlap:6,outcome_unresolved:6",2026-02-16T21:56:48.904558+00:00
doi:10.18419/opus-9385,TBL-20260216201427-077,queued_table_remake,translation_status_untranslatable_noise,5,5,1.0000,"effect_unknown:5,legacy_manual_cleanup_flag:5,low_statement_source_overlap:5,outcome_unresolved:5,translation_status:untranslatable_noise:5",2026-02-16T21:56:48.904558+00:00
doi:10.18419/opus-9385,TBL-20260216201427-079,queued_table_remake,translation_status_untranslatable_noise,6,6,1.0000,"effect_unknown:6,legacy_manual_cleanup_flag:6,low_statement_source_overlap:6,outcome_unresolved:6,translation_status:untranslatable_noise:6",2026-02-16T21:56:48.904558+00:00
doi:10.18419/opus-9385,TBL-20260216201428-080,queued_table_remake,translation_status_untranslatable_noise,3,3,1.0000,"effect_unknown:3,legacy_manual_cleanup_flag:3,low_statement_source_overlap:3,outcome_unresolved:3,translation_status:untranslatable_noise:3",2026-02-16T21:56:48.904558+00:00
doi:10.18419/opus-9385,TBL-20260216201428-082,queued_table_remake,translation_status_untranslatable_noise,7,7,1.0000,"effect_unknown:7,environment_unresolved:7,legacy_manual_cleanup_flag:7,low_statement_source_overlap:7,outcome_unresolved:7",2026-02-16T21:56:48.904558+00:00
doi:10.18419/opus-9385,TBL-20260216201428-084,queued_table_remake,translation_status_untranslatable_noise,7,6,0.8571,"source_row_low_information:7,effect_unknown:6,environment_unresolved:6,legacy_manual_cleanup_flag:6,low_statement_source_overlap:6",2026-02-16T21:56:48.904558+00:00
doi:10.18419/opus-9385,TBL-20260216201428-085,queued_table_remake,translation_status_untranslatable_noise,6,4,0.6667,"effect_unknown:4,environment_unresolved:4,legacy_manual_cleanup_flag:4,low_statement_source_overlap:4,outcome_unresolved:4",2026-02-16T21:56:48.904558+00:00
doi:10.18419/opus-9385,TBL-20260216201428-087,queued_table_remake,translation_status_untranslatable_noise,5,5,1.0000,"effect_unknown:5,environment_unresolved:5,legacy_manual_cleanup_flag:5,low_statement_source_overlap:5,outcome_unresolved:5",2026-02-16T21:56:48.904558+00:00
doi:10.18419/opus-9385,TBL-20260216201429-088,queued_table_remake,translation_status_untranslatable_noise,5,5,1.0000,"effect_unknown:5,legacy_manual_cleanup_flag:5,low_statement_source_overlap:5,outcome_unresolved:5,translation_status:untranslatable_noise:5",2026-02-16T21:56:48.904558+00:00
doi:10.18419/opus-9385,TBL-20260216201429-090,queued_table_remake,translation_status_untranslatable_noise,5,5,1.0000,"effect_unknown:5,environment_unresolved:5,legacy_manual_cleanup_flag:5,low_statement_source_overlap:5,outcome_unresolved:5",2026-02-16T21:56:48.904558+00:00
doi:10.18419/opus-9385,TBL-20260216201429-091,queued_table_remake,translation_status_untranslatable_noise,7,6,0.8571,"effect_unknown:6,environment_unresolved:6,legacy_manual_cleanup_flag:6,low_statement_source_overlap:6,outcome_unresolved:6",2026-02-16T21:56:48.904558+00:00
doi:10.18419/opus-9385,TBL-20260216201429-093,queued_table_remake,translation_status_untranslatable_noise,8,8,1.0000,"effect_unknown:8,environment_unresolved:8,legacy_manual_cleanup_flag:8,low_statement_source_overlap:8,outcome_unresolved:8",2026-02-16T21:56:48.904558+00:00
doi:10.18419/opus-9385,TBL-20260216201430-094,queued_table_remake,translation_status_untranslatable_noise,5,3,0.6000,"effect_unknown:3,legacy_manual_cleanup_flag:3,low_statement_source_overlap:3,outcome_unresolved:3,translation_status:untranslatable_noise:3",2026-02-16T21:56:48.904558+00:00
doi:10.18419/opus-9385,TBL-20260216201430-096,queued_table_remake,translation_status_untranslatable_noise,4,4,1.0000,"effect_unknown:4,environment_unresolved:4,legacy_manual_cleanup_flag:4,low_statement_source_overlap:4,outcome_unresolved:4",2026-02-16T21:56:48.904558+00:00
doi:10.18419/opus-9385,TBL-20260216201430-098,queued_table_remake,translation_status_untranslatable_noise,6,5,0.8333,"effect_unknown:5,legacy_manual_cleanup_flag:5,low_statement_source_overlap:5,outcome_unresolved:5,translation_status:untranslatable_noise:5",2026-02-16T21:56:48.904558+00:00
doi:10.18419/opus-9385,TBL-20260216201430-099,queued_table_remake,translation_status_untranslatable_noise,3,3,1.0000,"effect_unknown:3,environment_unresolved:3,legacy_manual_cleanup_flag:3,low_statement_source_overlap:3,outcome_unresolved:3",2026-02-16T21:56:48.904558+00:00
doi:10.18419/opus-9385,TBL-20260216201430-100,queued_table_remake,translation_status_untranslatable_noise,1,1,1.0000,"effect_unknown:1,legacy_manual_cleanup_flag:1,low_statement_source_overlap:1,outcome_unresolved:1,source_row_low_information:1",2026-02-16T21:56:48.904558+00:00
doi:10.18419/opus-9385,TBL-20260216201430-101,queued_table_remake,translation_status_untranslatable_noise,9,9,1.0000,"effect_unknown:9,legacy_manual_cleanup_flag:9,low_statement_source_overlap:9,outcome_unresolved:9,translation_status:untranslatable_noise:9",2026-02-16T21:56:48.904558+00:00
doi:10.18419/opus-9385,TBL-20260216201431-102,queued_table_remake,translation_status_untranslatable_noise,1,1,1.0000,"effect_unknown:1,legacy_manual_cleanup_flag:1,low_statement_source_overlap:1,outcome_unresolved:1,source_row_low_information:1",2026-02-16T21:56:48.904558+00:00
doi:10.18419/opus-9385,TBL-20260216201431-103,queued_table_remake,translation_status_untranslatable_noise,8,7,0.8750,"effect_unknown:7,legacy_manual_cleanup_flag:7,low_statement_source_overlap:7,outcome_unresolved:7,translation_status:untranslatable_noise:7",2026-02-16T21:56:48.904558+00:00
doi:10.18419/opus-9385,TBL-20260216201431-104,queued_table_remake,translation_status_untranslatable_noise,5,5,1.0000,"effect_unknown:5,environment_unresolved:5,legacy_manual_cleanup_flag:5,low_statement_source_overlap:5,outcome_unresolved:5",2026-02-16T21:56:48.904558+00:00
doi:10.18419/opus-9385,TBL-20260216201431-106,queued_table_remake,translation_status_untranslatable_noise,5,5,1.0000,"effect_unknown:5,environment_unresolved:5,legacy_manual_cleanup_flag:5,low_statement_source_overlap:5,outcome_unresolved:5",2026-02-16T21:56:48.904558+00:00
doi:10.18419/opus-9385,TBL-20260216201432-111,queued_table_remake,translation_status_untranslatable_noise,1,1,1.0000,"effect_unknown:1,legacy_manual_cleanup_flag:1,low_statement_source_overlap:1,outcome_unresolved:1,source_row_low_information:1",2026-02-16T21:56:48.904558+00:00
doi:10.18419/opus-9385,TBL-20260216201432-113,queued_table_remake,translation_status_untranslatable_noise,5,4,0.8000,"effect_unknown:4,environment_unresolved:4,legacy_manual_cleanup_flag:4,low_statement_source_overlap:4,outcome_unresolved:4",2026-02-16T21:56:48.904558+00:00
doi:10.18419/opus-9385,TBL-20260216201433-115,queued_table_remake,translation_status_untranslatable_noise,11,10,0.9091,"effect_unknown:10,environment_unresolved:10,legacy_manual_cleanup_flag:10,low_statement_source_overlap:10,outcome_unresolved:10",2026-02-16T21:56:48.904558+00:00
doi:10.18419/opus-9385,TBL-20260216201433-117,queued_table_remake,translation_status_untranslatable_noise,2,1,0.5000,"effect_unknown:1,environment_unresolved:1,legacy_manual_cleanup_flag:1,low_statement_source_overlap:1,outcome_unresolved:1",2026-02-16T21:56:48.904558+00:00
doi:10.18419/opus-9385,TBL-20260216201437-142,queued_table_remake,translation_status_untranslatable_noise,2,1,0.5000,"source_row_low_information:2,statement_low_information:1,translation_status:inferred:1,effect_unknown:1,legacy_manual_cleanup_flag:1",2026-02-16T21:56:48.904558+00:00
doi:10.18419/opus-9385,TBL-20260216201437-143,queued_table_remake,translation_status_untranslatable_noise,2,2,1.0000,"effect_unknown:2,environment_unresolved:2,legacy_manual_cleanup_flag:2,low_statement_source_overlap:2,outcome_unresolved:2",2026-02-16T21:56:48.904558+00:00
doi:10.18419/opus-9385,TBL-20260216201437-146,queued_table_remake,translation_status_untranslatable_noise,1,1,1.0000,"effect_unknown:1,environment_unresolved:1,legacy_manual_cleanup_flag:1,low_statement_source_overlap:1,outcome_unresolved:1",2026-02-16T21:56:48.904558+00:00
doi:10.18419/opus-9385,TBL-20260216201439-206,queued_table_remake,translation_status_untranslatable_noise,2,1,0.5000,"effect_unknown:1,environment_unresolved:1,legacy_manual_cleanup_flag:1,low_statement_source_overlap:1,outcome_unresolved:1",2026-02-16T21:56:48.904558+00:00
doi:10.18419/opus-9385,TBL-20260216201442-227,queued_table_remake,translation_status_untranslatable_noise,19,1,0.0526,"translation_status:inferred:18,effect_unknown:1,environment_unresolved:1,legacy_manual_cleanup_flag:1,low_statement_source_overlap:1",2026-02-16T21:56:48.904558+00:00
doi:10.18419/opus-9385,TBL-20260216201442-231,queued_table_remake,translation_status_untranslatable_noise,2,2,1.0000,"effect_unknown:2,environment_unresolved:2,legacy_manual_cleanup_flag:2,low_statement_source_overlap:2,outcome_unresolved:2",2026-02-16T21:56:48.904558+00:00
doi:10.18419/opus-9385,TBL-20260216201443-232,queued_table_remake,translation_status_untranslatable_noise,1,1,1.0000,"effect_unknown:1,environment_unresolved:1,legacy_manual_cleanup_flag:1,low_statement_source_overlap:1,outcome_unresolved:1",2026-02-16T21:56:48.904558+00:00
doi:10.18419/opus-9385,TBL-20260216201444-234,queued_table_remake,translation_status_untranslatable_noise,4,4,1.0000,"effect_unknown:4,environment_unresolved:4,legacy_manual_cleanup_flag:4,low_statement_source_overlap:4,outcome_unresolved:4",2026-02-16T21:56:48.904558+00:00
doi:10.18419/opus-9385,TBL-20260216201444-235,queued_table_remake,translation_status_untranslatable_noise,1,1,1.0000,"effect_unknown:1,environment_unresolved:1,legacy_manual_cleanup_flag:1,low_statement_source_overlap:1,outcome_unresolved:1",2026-02-16T21:56:48.904558+00:00
doi:10.18419/opus-9385,TBL-20260216201445-250,queued_table_remake,translation_status_untranslatable_noise,5,3,0.6000,"effect_unknown:3,environment_unresolved:3,legacy_manual_cleanup_flag:3,low_statement_source_overlap:3,outcome_unresolved:3",2026-02-16T21:56:48.904558+00:00
doi:10.18419/opus-9385,TBL-20260216201446-269,queued_table_remake,translation_status_untranslatable_noise,4,4,1.0000,"effect_unknown:4,legacy_manual_cleanup_flag:4,low_statement_source_overlap:4,outcome_unresolved:4,source_row_low_information:4",2026-02-16T21:56:48.904558+00:00
doi:10.18419/opus-9385,TBL-20260216201446-276,queued_table_remake,translation_status_untranslatable_noise,4,4,1.0000,"effect_unknown:4,environment_unresolved:4,legacy_manual_cleanup_flag:4,low_statement_source_overlap:4,outcome_unresolved:4",2026-02-16T21:56:48.904558+00:00
doi:10.18419/opus-9385,TBL-20260216201446-280,queued_table_remake,translation_status_untranslatable_noise,3,3,1.0000,"effect_unknown:3,legacy_manual_cleanup_flag:3,low_statement_source_overlap:3,outcome_unresolved:3,source_row_low_information:3",2026-02-16T21:56:48.904558+00:00
doi:10.18419/opus-9385,TBL-20260216201448-309,queued_table_remake,translation_status_untranslatable_noise,11,11,1.0000,"effect_unknown:11,legacy_manual_cleanup_flag:11,low_statement_source_overlap:11,outcome_unresolved:11,source_row_low_information:11",2026-02-16T21:56:48.904558+00:00
doi:10.18419/opus-9385,TBL-20260216201448-313,queued_table_remake,translation_status_untranslatable_noise,1,1,1.0000,"effect_unknown:1,environment_unresolved:1,legacy_manual_cleanup_flag:1,low_statement_source_overlap:1,outcome_unresolved:1",2026-02-16T21:56:48.904558+00:00
doi:10.18419/opus-9385,TBL-20260216201448-315,queued_table_remake,translation_status_untranslatable_noise,1,1,1.0000,"effect_unknown:1,legacy_manual_cleanup_flag:1,low_statement_source_overlap:1,outcome_unresolved:1,source_row_low_information:1",2026-02-16T21:56:48.904558+00:00
doi:10.18419/opus-9385,TBL-20260216201448-316,queued_table_remake,translation_status_untranslatable_noise,1,1,1.0000,"effect_unknown:1,legacy_manual_cleanup_flag:1,low_statement_source_overlap:1,outcome_unresolved:1,source_row_low_information:1",2026-02-16T21:56:48.904558+00:00
doi:10.18419/opus-9385,TBL-20260216201448-317,queued_table_remake,translation_status_untranslatable_noise,1,1,1.0000,"effect_unknown:1,legacy_manual_cleanup_flag:1,low_statement_source_overlap:1,outcome_unresolved:1,source_row_low_information:1",2026-02-16T21:56:48.904558+00:00
doi:10.18419/opus-9385,TBL-20260216201448-318,queued_table_remake,translation_status_untranslatable_noise,1,1,1.0000,"effect_unknown:1,legacy_manual_cleanup_flag:1,low_statement_source_overlap:1,outcome_unresolved:1,source_row_low_information:1",2026-02-16T21:56:48.904558+00:00
doi:10.18419/opus-9385,TBL-20260216201448-324,queued_table_remake,translation_status_untranslatable_noise,1,1,1.0000,"effect_unknown:1,legacy_manual_cleanup_flag:1,low_statement_source_overlap:1,outcome_unresolved:1,source_row_low_information:1",2026-02-16T21:56:48.904558+00:00
doi:10.18419/opus-9385,TBL-20260216201448-326,queued_table_remake,translation_status_untranslatable_noise,1,1,1.0000,"effect_unknown:1,legacy_manual_cleanup_flag:1,low_statement_source_overlap:1,outcome_unresolved:1,source_row_low_information:1",2026-02-16T21:56:48.904558+00:00
doi:10.18419/opus-9385,TBL-20260216201449-327,queued_table_remake,translation_status_untranslatable_noise,1,1,1.0000,"effect_unknown:1,legacy_manual_cleanup_flag:1,low_statement_source_overlap:1,outcome_unresolved:1,source_row_low_information:1",2026-02-16T21:56:48.904558+00:00
doi:10.18419/opus-9385,TBL-20260216201449-329,queued_table_remake,translation_status_untranslatable_noise,1,1,1.0000,"effect_unknown:1,legacy_manual_cleanup_flag:1,low_statement_source_overlap:1,outcome_unresolved:1,source_row_low_information:1",2026-02-16T21:56:48.904558+00:00
doi:10.18419/opus-9385,TBL-20260216201449-330,queued_table_remake,translation_status_untranslatable_noise,1,1,1.0000,"effect_unknown:1,legacy_manual_cleanup_flag:1,low_statement_source_overlap:1,outcome_unresolved:1,source_row_low_information:1",2026-02-16T21:56:48.904558+00:00
doi:10.18419/opus-9385,TBL-20260216201449-331,queued_table_remake,translation_status_untranslatable_noise,1,1,1.0000,"effect_unknown:1,legacy_manual_cleanup_flag:1,low_statement_source_overlap:1,outcome_unresolved:1,source_row_low_information:1",2026-02-16T21:56:48.904558+00:00
doi:10.22068/ijaup.761,TBL-20260216201516-001,queued_table_remake,translation_status_untranslatable_noise,1,1,1.0000,"effect_unknown:1,legacy_manual_cleanup_flag:1,low_statement_source_overlap:1,outcome_unresolved:1,source_row_low_information:1",2026-02-16T21:56:48.904558+00:00
doi:10.24382/5191,TBL-20260216201645-008,queued_table_remake,translation_status_untranslatable_noise,9,1,0.1111,"translation_status:inferred:8,effect_unknown:1,environment_unresolved:1,legacy_manual_cleanup_flag:1,low_statement_source_overlap:1",2026-02-16T21:56:48.904558+00:00
doi:10.24382/5191,TBL-20260216201650-012,queued_table_remake,translation_status_untranslatable_noise,2,2,1.0000,"effect_unknown:2,legacy_manual_cleanup_flag:2,low_statement_source_overlap:2,outcome_unresolved:2,source_row_low_information:2",2026-02-16T21:56:48.904558+00:00
doi:10.24382/5191,TBL-20260216201650-013,queued_table_remake,translation_status_untranslatable_noise,1,1,1.0000,"effect_unknown:1,legacy_manual_cleanup_flag:1,low_statement_source_overlap:1,outcome_unresolved:1,source_row_low_information:1",2026-02-16T21:56:48.904558+00:00
doi:10.24382/5191,TBL-20260216201650-017,queued_table_remake,translation_status_untranslatable_noise,1,1,1.0000,"effect_unknown:1,legacy_manual_cleanup_flag:1,low_statement_source_overlap:1,outcome_unresolved:1,source_row_low_information:1",2026-02-16T21:56:48.904558+00:00
doi:10.24382/5191,TBL-20260216201650-018,queued_table_remake,translation_status_untranslatable_noise,2,2,1.0000,"effect_unknown:2,legacy_manual_cleanup_flag:2,low_statement_source_overlap:2,outcome_unresolved:2,source_row_low_information:2",2026-02-16T21:56:48.904558+00:00
doi:10.24382/5191,TBL-20260216201650-019,queued_table_remake,translation_status_untranslatable_noise,1,1,1.0000,"effect_unknown:1,legacy_manual_cleanup_flag:1,low_statement_source_overlap:1,outcome_unresolved:1,source_row_low_information:1",2026-02-16T21:56:48.904558+00:00
doi:10.24382/5191,TBL-20260216201650-020,queued_table_remake,translation_status_untranslatable_noise,1,1,1.0000,"effect_unknown:1,legacy_manual_cleanup_flag:1,low_statement_source_overlap:1,outcome_unresolved:1,source_row_low_information:1",2026-02-16T21:56:48.904558+00:00
doi:10.24382/5191,TBL-20260216201650-021,queued_table_remake,translation_status_untranslatable_noise,1,1,1.0000,"effect_unknown:1,environment_unresolved:1,legacy_manual_cleanup_flag:1,low_statement_source_overlap:1,outcome_unresolved:1",2026-02-16T21:56:48.904558+00:00
doi:10.24382/5191,TBL-20260216201650-022,queued_table_remake,translation_status_untranslatable_noise,1,1,1.0000,"effect_unknown:1,legacy_manual_cleanup_flag:1,low_statement_source_overlap:1,outcome_unresolved:1,source_row_low_information:1",2026-02-16T21:56:48.904558+00:00
doi:10.24382/5191,TBL-20260216201651-027,queued_table_remake,translation_status_untranslatable_noise,2,2,1.0000,"effect_unknown:2,legacy_manual_cleanup_flag:2,low_statement_source_overlap:2,outcome_unresolved:2,source_row_low_information:2",2026-02-16T21:56:48.904558+00:00
doi:10.24382/5191,TBL-20260216201652-029,queued_table_remake,translation_status_untranslatable_noise,13,5,0.3846,"translation_status:inferred:8,effect_unknown:5,environment_unresolved:5,legacy_manual_cleanup_flag:5,low_statement_source_overlap:5",2026-02-16T21:56:48.904558+00:00
doi:10.24382/5191,TBL-20260216201652-030,queued_table_remake,translation_status_untranslatable_noise,5,5,1.0000,"effect_unknown:5,legacy_manual_cleanup_flag:5,low_statement_source_overlap:5,outcome_unresolved:5,translation_status:untranslatable_noise:5",2026-02-16T21:56:48.904558+00:00
doi:10.24382/5191,TBL-20260216201655-036,queued_table_remake,translation_status_untranslatable_noise,8,5,0.6250,"effect_unknown:5,legacy_manual_cleanup_flag:5,low_statement_source_overlap:5,translation_status:untranslatable_noise:5,outcome_unresolved:4",2026-02-16T21:56:48.904558+00:00
doi:10.25916/sut.26402764.v1,TBL-20260216201649-006,queued_table_remake,translation_status_untranslatable_noise,1,1,1.0000,"effect_unknown:1,environment_unresolved:1,legacy_manual_cleanup_flag:1,low_statement_source_overlap:1,outcome_unresolved:1",2026-02-16T21:56:48.904558+00:00
doi:10.25916/sut.26402764.v1,TBL-20260216201656-014,queued_table_remake,translation_status_untranslatable_noise,5,5,1.0000,"effect_unknown:5,legacy_manual_cleanup_flag:5,low_statement_source_overlap:5,outcome_unresolved:5,source_row_low_information:5",2026-02-16T21:56:48.904558+00:00
doi:10.25916/sut.26402764.v1,TBL-20260216201657-015,queued_table_remake,translation_status_untranslatable_noise,6,6,1.0000,"effect_unknown:6,legacy_manual_cleanup_flag:6,low_statement_source_overlap:6,outcome_unresolved:6,source_row_low_information:6",2026-02-16T21:56:48.904558+00:00
doi:10.25916/sut.26402764.v1,TBL-20260216201702-021,queued_table_remake,translation_status_untranslatable_noise,2,2,1.0000,"effect_unknown:2,environment_unresolved:2,legacy_manual_cleanup_flag:2,low_statement_source_overlap:2,outcome_unresolved:2",2026-02-16T21:56:48.904558+00:00
doi:10.25916/sut.26402764.v1,TBL-20260216201703-028,queued_table_remake,translation_status_untranslatable_noise,7,4,0.5714,"effect_unknown:4,environment_unresolved:4,legacy_manual_cleanup_flag:4,low_statement_source_overlap:4,outcome_unresolved:4",2026-02-16T21:56:48.904558+00:00
doi:10.25916/sut.26402764.v1,TBL-20260216201703-031,queued_table_remake,translation_status_untranslatable_noise,5,3,0.6000,"effect_unknown:3,environment_unresolved:3,legacy_manual_cleanup_flag:3,low_statement_source_overlap:3,outcome_unresolved:3",2026-02-16T21:56:48.904558+00:00
doi:10.25916/sut.26402764.v1,TBL-20260216201703-032,queued_table_remake,translation_status_untranslatable_noise,1,1,1.0000,"effect_unknown:1,environment_unresolved:1,legacy_manual_cleanup_flag:1,low_statement_source_overlap:1,outcome_unresolved:1",2026-02-16T21:56:48.904558+00:00
doi:10.25916/sut.26402764.v1,TBL-20260216201704-033,queued_table_remake,translation_status_untranslatable_noise,2,1,0.5000,"effect_unknown:1,environment_unresolved:1,legacy_manual_cleanup_flag:1,low_statement_source_overlap:1,outcome_unresolved:1",2026-02-16T21:56:48.904558+00:00
doi:10.25916/sut.26402764.v1,TBL-20260216201705-036,queued_table_remake,translation_status_untranslatable_noise,2,2,1.0000,"effect_unknown:2,legacy_manual_cleanup_flag:2,low_statement_source_overlap:2,outcome_unresolved:2,translation_status:untranslatable_noise:2",2026-02-16T21:56:48.904558+00:00
doi:10.25916/sut.26402764.v1,TBL-20260216201706-040,queued_table_remake,translation_status_untranslatable_noise,19,3,0.1579,"translation_status:inferred:15,effect_unknown:3,legacy_manual_cleanup_flag:3,low_statement_source_overlap:3,outcome_unresolved:3",2026-02-16T21:56:48.904558+00:00
doi:10.26204/kluedo/7316,TBL-20260216201831-005,queued_table_remake,translation_status_untranslatable_noise,2,2,1.0000,"effect_unknown:2,legacy_manual_cleanup_flag:2,low_statement_source_overlap:2,outcome_unresolved:2,source_row_low_information:2",2026-02-16T21:56:48.904558+00:00
doi:10.26204/kluedo/7316,TBL-20260216201831-006,queued_table_remake,translation_status_untranslatable_noise,1,1,1.0000,"effect_unknown:1,legacy_manual_cleanup_flag:1,low_statement_source_overlap:1,outcome_unresolved:1,source_row_low_information:1",2026-02-16T21:56:48.904558+00:00
doi:10.26204/kluedo/7316,TBL-20260216201831-007,queued_table_remake,translation_status_untranslatable_noise,1,1,1.0000,"effect_unknown:1,legacy_manual_cleanup_flag:1,low_statement_source_overlap:1,outcome_unresolved:1,source_row_low_information:1",2026-02-16T21:56:48.904558+00:00
doi:10.26204/kluedo/7316,TBL-20260216201831-008,queued_table_remake,translation_status_untranslatable_noise,1,1,1.0000,"effect_unknown:1,legacy_manual_cleanup_flag:1,low_statement_source_overlap:1,outcome_unresolved:1,source_row_low_information:1",2026-02-16T21:56:48.904558+00:00
doi:10.26204/kluedo/7316,TBL-20260216201831-009,queued_table_remake,translation_status_untranslatable_noise,1,1,1.0000,"effect_unknown:1,legacy_manual_cleanup_flag:1,low_statement_source_overlap:1,outcome_unresolved:1,source_row_low_information:1",2026-02-16T21:56:48.904558+00:00
doi:10.26204/kluedo/7316,TBL-20260216201831-010,queued_table_remake,translation_status_untranslatable_noise,1,1,1.0000,"effect_unknown:1,legacy_manual_cleanup_flag:1,low_statement_source_overlap:1,outcome_unresolved:1,source_row_low_information:1",2026-02-16T21:56:48.904558+00:00
doi:10.26204/kluedo/7316,TBL-20260216201832-017,queued_table_remake,translation_status_untranslatable_noise,29,2,0.0690,"translation_status:inferred:27,effect_unknown:2,environment_unresolved:2,legacy_manual_cleanup_flag:2,low_statement_source_overlap:2",2026-02-16T21:56:48.904558+00:00
doi:10.26204/kluedo/7316,TBL-20260216201832-018,queued_table_remake,translation_status_untranslatable_noise,28,1,0.0357,"translation_status:inferred:27,effect_unknown:1,environment_unresolved:1,legacy_manual_cleanup_flag:1,low_statement_source_overlap:1",2026-02-16T21:56:48.904558+00:00
doi:10.26204/kluedo/7316,TBL-20260216201833-019,queued_table_remake,translation_status_untranslatable_noise,16,11,0.6875,"effect_unknown:11,legacy_manual_cleanup_flag:11,low_statement_source_overlap:11,outcome_unresolved:11,translation_status:untranslatable_noise:11",2026-02-16T21:56:48.904558+00:00
doi:10.3389/fbuil.2024.1431780,TBL-20260216201821-004,queued_table_remake,translation_status_untranslatable_noise,9,1,0.1111,"translation_status:inferred:8,effect_unknown:1,environment_unresolved:1,legacy_manual_cleanup_flag:1,low_statement_source_overlap:1",2026-02-16T21:56:48.904558+00:00
doi:10.3389/fbuil.2024.1431780,TBL-20260216201821-005,queued_table_remake,translation_status_untranslatable_noise,9,1,0.1111,"translation_status:inferred:8,effect_unknown:1,environment_unresolved:1,legacy_manual_cleanup_flag:1,low_statement_source_overlap:1",2026-02-16T21:56:48.904558+00:00
doi:10.3389/fbuil.2024.1431780,TBL-20260216201821-006,queued_table_remake,translation_status_untranslatable_noise,9,1,0.1111,"translation_status:inferred:8,effect_unknown:1,environment_unresolved:1,legacy_manual_cleanup_flag:1,low_statement_source_overlap:1",2026-02-16T21:56:48.904558+00:00
doi:10.3389/ffgc.2023.1218134,TBL-20260214095840-002,queued_table_remake,translation_status_untranslatable_noise,5,1,0.2000,"translation_status:inferred:4,auto_reconstructed:1,effect_unknown:1,environment_unresolved:1,legacy_manual_cleanup_flag:1",2026-02-16T21:56:48.904558+00:00
doi:10.3389/ffgc.2023.1218134,TBL-20260214095840-003,queued_table_remake,translation_status_untranslatable_noise,5,1,0.2000,"translation_status:inferred:4,auto_reconstructed:1,effect_unknown:1,environment_unresolved:1,legacy_manual_cleanup_flag:1",2026-02-16T21:56:48.904558+00:00
doi:10.3389/ffgc.2023.1218134,TBL-20260214095840-004,queued_table_remake,translation_status_untranslatable_noise,5,1,0.2000,"translation_status:inferred:4,auto_reconstructed:1,effect_unknown:1,legacy_manual_cleanup_flag:1,low_statement_source_overlap:1",2026-02-16T21:56:48.904558+00:00
doi:10.3389/ffgc.2023.1218134,TBL-20260214095840-005,queued_table_remake,translation_status_untranslatable_noise,5,1,0.2000,"translation_status:inferred:4,auto_reconstructed:1,effect_unknown:1,environment_unresolved:1,legacy_manual_cleanup_flag:1",2026-02-16T21:56:48.904558+00:00
doi:10.3389/ffgc.2023.1218134,TBL-20260214100326-002,queued_table_remake,translation_status_untranslatable_noise,5,1,0.2000,"translation_status:inferred:4,auto_reconstructed:1,effect_unknown:1,environment_unresolved:1,legacy_manual_cleanup_flag:1",2026-02-16T21:56:48.904558+00:00
doi:10.3389/ffgc.2023.1218134,TBL-20260214100326-003,queued_table_remake,translation_status_untranslatable_noise,5,1,0.2000,"translation_status:inferred:4,auto_reconstructed:1,effect_unknown:1,environment_unresolved:1,legacy_manual_cleanup_flag:1",2026-02-16T21:56:48.904558+00:00
doi:10.3389/ffgc.2023.1218134,TBL-20260214100326-004,queued_table_remake,translation_status_untranslatable_noise,5,1,0.2000,"translation_status:inferred:4,auto_reconstructed:1,effect_unknown:1,legacy_manual_cleanup_flag:1,low_statement_source_overlap:1",2026-02-16T21:56:48.904558+00:00
doi:10.3389/ffgc.2023.1218134,TBL-20260214100326-005,queued_table_remake,translation_status_untranslatable_noise,5,1,0.2000,"translation_status:inferred:4,auto_reconstructed:1,effect_unknown:1,environment_unresolved:1,legacy_manual_cleanup_flag:1",2026-02-16T21:56:48.904558+00:00
doi:10.3389/ffgc.2023.1218134,TBL-20260214100414-002,queued_table_remake,translation_status_untranslatable_noise,5,1,0.2000,"translation_status:inferred:4,auto_reconstructed:1,effect_unknown:1,environment_unresolved:1,legacy_manual_cleanup_flag:1",2026-02-16T21:56:48.904558+00:00
doi:10.3389/ffgc.2023.1218134,TBL-20260214100414-003,queued_table_remake,translation_status_untranslatable_noise,5,1,0.2000,"translation_status:inferred:4,auto_reconstructed:1,effect_unknown:1,environment_unresolved:1,legacy_manual_cleanup_flag:1",2026-02-16T21:56:48.904558+00:00
doi:10.3389/ffgc.2023.1218134,TBL-20260214100414-004,queued_table_remake,translation_status_untranslatable_noise,5,1,0.2000,"translation_status:inferred:4,auto_reconstructed:1,effect_unknown:1,legacy_manual_cleanup_flag:1,low_statement_source_overlap:1",2026-02-16T21:56:48.904558+00:00
doi:10.3389/ffgc.2023.1218134,TBL-20260214100414-005,queued_table_remake,translation_status_untranslatable_noise,5,1,0.2000,"translation_status:inferred:4,auto_reconstructed:1,effect_unknown:1,environment_unresolved:1,legacy_manual_cleanup_flag:1",2026-02-16T21:56:48.904558+00:00
doi:10.3389/ffgc.2023.1218134,TBL-20260214122050-002,queued_table_remake,translation_status_untranslatable_noise,5,1,0.2000,"translation_status:inferred:4,auto_reconstructed:1,effect_unknown:1,environment_unresolved:1,legacy_manual_cleanup_flag:1",2026-02-16T21:56:48.904558+00:00
doi:10.3389/ffgc.2023.1218134,TBL-20260214122050-003,queued_table_remake,translation_status_untranslatable_noise,5,1,0.2000,"translation_status:inferred:4,auto_reconstructed:1,effect_unknown:1,environment_unresolved:1,legacy_manual_cleanup_flag:1",2026-02-16T21:56:48.904558+00:00
doi:10.3389/ffgc.2023.1218134,TBL-20260214122050-004,queued_table_remake,translation_status_untranslatable_noise,5,1,0.2000,"translation_status:inferred:4,auto_reconstructed:1,effect_unknown:1,legacy_manual_cleanup_flag:1,low_statement_source_overlap:1",2026-02-16T21:56:48.904558+00:00
doi:10.3389/ffgc.2023.1218134,TBL-20260214122050-005,queued_table_remake,translation_status_untranslatable_noise,5,1,0.2000,"translation_status:inferred:4,auto_reconstructed:1,effect_unknown:1,environment_unresolved:1,legacy_manual_cleanup_flag:1",2026-02-16T21:56:48.904558+00:00
doi:10.3389/fnhum.2021.771711,TBL-20260216201907-001,queued_table_remake,translation_status_untranslatable_noise,1,1,1.0000,"effect_unknown:1,environment_unresolved:1,legacy_manual_cleanup_flag:1,low_statement_source_overlap:1,outcome_unresolved:1",2026-02-16T21:56:48.904558+00:00
doi:10.3389/fnhum.2021.771711,TBL-20260216201907-002,queued_table_remake,translation_status_untranslatable_noise,13,13,1.0000,"effect_unknown:13,legacy_manual_cleanup_flag:13,low_statement_source_overlap:13,translation_status:untranslatable_noise:13,environment_unresolved:12",2026-02-16T21:56:48.904558+00:00
doi:10.3389/fnhum.2021.771711,TBL-20260216201907-003,queued_table_remake,translation_status_untranslatable_noise,1,1,1.0000,"effect_unknown:1,legacy_manual_cleanup_flag:1,low_statement_source_overlap:1,outcome_unresolved:1,translation_status:untranslatable_noise:1",2026-02-16T21:56:48.904558+00:00
doi:10.3389/fnhum.2021.771711,TBL-20260216201907-004,queued_table_remake,translation_status_untranslatable_noise,14,14,1.0000,"effect_unknown:14,environment_unresolved:14,legacy_manual_cleanup_flag:14,low_statement_source_overlap:14,outcome_unresolved:14",2026-02-16T21:56:48.904558+00:00
doi:10.3389/fnhum.2021.771711,TBL-20260216201907-005,queued_table_remake,translation_status_untranslatable_noise,3,3,1.0000,"effect_unknown:3,legacy_manual_cleanup_flag:3,low_statement_source_overlap:3,outcome_unresolved:3,translation_status:untranslatable_noise:3",2026-02-16T21:56:48.904558+00:00
doi:10.3389/fpsyg.2015.00637,TBL-20260216201919-001,queued_table_remake,translation_status_untranslatable_noise,2,1,0.5000,"translation_status:inferred:1,effect_unknown:1,environment_unresolved:1,legacy_manual_cleanup_flag:1,low_statement_source_overlap:1",2026-02-16T21:56:48.904558+00:00
doi:10.3389/fpsyg.2015.00637,TBL-20260216201920-014,queued_table_remake,translation_status_untranslatable_noise,11,1,0.0909,"translation_status:inferred:10,effect_unknown:1,environment_unresolved:1,legacy_manual_cleanup_flag:1,low_statement_source_overlap:1",2026-02-16T21:56:48.904558+00:00
doi:10.3389/fpsyg.2015.00637,TBL-20260216201920-021,queued_table_remake,translation_status_untranslatable_noise,13,1,0.0769,"translation_status:inferred:12,effect_unknown:1,environment_unresolved:1,legacy_manual_cleanup_flag:1,low_statement_source_overlap:1",2026-02-16T21:56:48.904558+00:00
doi:10.3389/fpsyg.2015.00637,TBL-20260216201920-026,queued_table_remake,translation_status_untranslatable_noise,20,1,0.0500,"translation_status:inferred:18,translation_status:fuzzy:1,effect_unknown:1,environment_unresolved:1,legacy_manual_cleanup_flag:1",2026-02-16T21:56:48.904558+00:00
doi:10.3389/fpsyg.2015.00637,TBL-20260216201920-027,queued_table_remake,translation_status_untranslatable_noise,3,1,0.3333,"translation_status:inferred:2,effect_unknown:1,environment_unresolved:1,legacy_manual_cleanup_flag:1,low_statement_source_overlap:1",2026-02-16T21:56:48.904558+00:00
doi:10.3389/fpsyg.2017.01454,TBL-20260216201947-013,queued_table_remake,translation_status_untranslatable_noise,10,1,0.1000,"translation_status:inferred:9,effect_unknown:1,environment_unresolved:1,legacy_manual_cleanup_flag:1,low_statement_source_overlap:1",2026-02-16T21:56:48.904558+00:00
doi:10.3389/fpsyg.2020.560833,TBL-20260214155411-001,queued_table_remake,translation_status_untranslatable_noise,2,2,1.0000,"auto_denoised:2,auto_reconstructed:2,effect_unknown:2,environment_unresolved:2,legacy_manual_cleanup_flag:2",2026-02-16T21:56:48.904558+00:00
doi:10.3389/fpsyg.2020.560833,TBL-20260214155411-002,queued_table_remake,translation_status_untranslatable_noise,3,3,1.0000,"auto_denoised:3,auto_reconstructed:3,effect_unknown:3,environment_unresolved:3,legacy_manual_cleanup_flag:3",2026-02-16T21:56:48.904558+00:00
doi:10.3389/fpsyg.2020.560833,TBL-20260214155411-003,queued_table_remake,translation_status_untranslatable_noise,1,1,1.0000,"auto_denoised:1,auto_reconstructed:1,effect_unknown:1,environment_unresolved:1,legacy_manual_cleanup_flag:1",2026-02-16T21:56:48.904558+00:00
doi:10.3389/fpsyg.2020.560833,TBL-20260214155411-005,queued_table_remake,translation_status_untranslatable_noise,1,1,1.0000,"auto_denoised:1,auto_reconstructed:1,effect_unknown:1,environment_unresolved:1,legacy_manual_cleanup_flag:1",2026-02-16T21:56:48.904558+00:00
doi:10.3389/fpsyg.2021.699962,TBL-20260215003449-001,queued_table_remake,translation_status_untranslatable_noise,4,4,1.0000,"auto_denoised:4,auto_reconstructed:4,effect_unknown:4,legacy_manual_cleanup_flag:4,outcome_unresolved:4",2026-02-16T21:56:48.904558+00:00
doi:10.3389/fpsyg.2021.699962,TBL-20260215003449-003,queued_table_remake,translation_status_untranslatable_noise,2,2,1.0000,"auto_denoised:2,auto_reconstructed:2,effect_unknown:2,legacy_manual_cleanup_flag:2,low_statement_source_overlap:2",2026-02-16T21:56:48.904558+00:00
doi:10.3389/fpsyg.2021.699962,TBL-20260215003449-004,queued_table_remake,translation_status_untranslatable_noise,2,2,1.0000,"auto_denoised:2,auto_reconstructed:2,effect_unknown:2,environment_unresolved:2,legacy_manual_cleanup_flag:2",2026-02-16T21:56:48.904558+00:00
doi:10.3389/fpsyg.2021.699962,TBL-20260215003449-005,queued_table_remake,translation_status_untranslatable_noise,4,4,1.0000,"auto_denoised:4,auto_reconstructed:4,effect_unknown:4,legacy_manual_cleanup_flag:4,low_statement_source_overlap:4",2026-02-16T21:56:48.904558+00:00
doi:10.3389/fpsyg.2021.699962,TBL-20260215003449-006,queued_table_remake,translation_status_untranslatable_noise,5,5,1.0000,"auto_denoised:5,auto_reconstructed:5,effect_unknown:5,legacy_manual_cleanup_flag:5,low_statement_source_overlap:5",2026-02-16T21:56:48.904558+00:00
doi:10.3389/fpsyg.2021.699962,TBL-20260215003449-007,queued_table_remake,translation_status_untranslatable_noise,2,2,1.0000,"auto_denoised:2,auto_reconstructed:2,effect_unknown:2,environment_unresolved:2,legacy_manual_cleanup_flag:2",2026-02-16T21:56:48.904558+00:00
doi:10.3389/fpsyg.2021.699962,TBL-20260215003449-008,queued_table_remake,translation_status_untranslatable_noise,14,14,1.0000,"auto_denoised:14,auto_reconstructed:14,effect_unknown:14,legacy_manual_cleanup_flag:14,low_statement_source_overlap:14",2026-02-16T21:56:48.904558+00:00
doi:10.3389/fpsyg.2021.699962,TBL-20260215003449-009,queued_table_remake,translation_status_untranslatable_noise,2,2,1.0000,"auto_denoised:2,auto_reconstructed:2,effect_unknown:2,environment_unresolved:2,legacy_manual_cleanup_flag:2",2026-02-16T21:56:48.904558+00:00
doi:10.3389/fpsyg.2021.699962,TBL-20260215003449-010,queued_table_remake,translation_status_untranslatable_noise,4,4,1.0000,"auto_denoised:4,auto_reconstructed:4,effect_unknown:4,legacy_manual_cleanup_flag:4,low_statement_source_overlap:4",2026-02-16T21:56:48.904558+00:00
doi:10.3389/fpsyg.2021.699962,TBL-20260215003449-011,queued_table_remake,translation_status_untranslatable_noise,2,2,1.0000,"auto_denoised:2,auto_reconstructed:2,effect_unknown:2,environment_unresolved:2,legacy_manual_cleanup_flag:2",2026-02-16T21:56:48.904558+00:00
doi:10.3389/fpsyg.2021.699962,TBL-20260215003449-012,queued_table_remake,translation_status_untranslatable_noise,5,5,1.0000,"auto_denoised:5,auto_reconstructed:5,effect_unknown:5,legacy_manual_cleanup_flag:5,low_statement_source_overlap:5",2026-02-16T21:56:48.904558+00:00
doi:10.3389/fpsyg.2021.699962,TBL-20260215003449-014,queued_table_remake,translation_status_untranslatable_noise,3,3,1.0000,"auto_denoised:3,auto_reconstructed:3,effect_unknown:3,environment_unresolved:3,legacy_manual_cleanup_flag:3",2026-02-16T21:56:48.904558+00:00
doi:10.3389/fpsyg.2021.699962,TBL-20260215003449-015,queued_table_remake,translation_status_untranslatable_noise,4,4,1.0000,"auto_denoised:4,auto_reconstructed:4,effect_unknown:4,legacy_manual_cleanup_flag:4,low_statement_source_overlap:4",2026-02-16T21:56:48.904558+00:00
doi:10.3389/frsc.2021.690055,TBL-20260214155415-001,queued_table_remake,translation_status_untranslatable_noise,1,1,1.0000,"auto_denoised:1,auto_reconstructed:1,effect_unknown:1,legacy_manual_cleanup_flag:1,low_statement_source_overlap:1",2026-02-16T21:56:48.904558+00:00
doi:10.3389/frsc.2021.690055,TBL-20260214155415-003,queued_table_remake,translation_status_untranslatable_noise,1,1,1.0000,"auto_denoised:1,auto_reconstructed:1,effect_unknown:1,legacy_manual_cleanup_flag:1,low_statement_source_overlap:1",2026-02-16T21:56:48.904558+00:00
doi:10.3389/frsc.2021.690055,TBL-20260214155415-004,queued_table_remake,translation_status_untranslatable_noise,16,16,1.0000,"auto_denoised:16,auto_reconstructed:16,effect_unknown:16,legacy_manual_cleanup_flag:16,low_statement_source_overlap:16",2026-02-16T21:56:48.904558+00:00
doi:10.3389/frsc.2021.690055,TBL-20260214155415-005,queued_table_remake,translation_status_untranslatable_noise,17,17,1.0000,"auto_denoised:17,auto_reconstructed:17,effect_unknown:17,legacy_manual_cleanup_flag:17,low_statement_source_overlap:17",2026-02-16T21:56:48.904558+00:00
doi:10.3389/frsc.2021.690055,TBL-20260214155415-006,queued_table_remake,translation_status_untranslatable_noise,3,3,1.0000,"auto_denoised:3,auto_reconstructed:3,effect_unknown:3,legacy_manual_cleanup_flag:3,low_statement_source_overlap:3",2026-02-16T21:56:48.904558+00:00
doi:10.3389/frsc.2021.690055,TBL-20260214155415-007,queued_table_remake,translation_status_untranslatable_noise,1,1,1.0000,"auto_denoised:1,auto_reconstructed:1,effect_unknown:1,environment_unresolved:1,legacy_manual_cleanup_flag:1",2026-02-16T21:56:48.904558+00:00
doi:10.3389/frsc.2021.690055,TBL-20260214155415-008,queued_table_remake,translation_status_untranslatable_noise,3,3,1.0000,"auto_denoised:3,auto_reconstructed:3,effect_unknown:3,legacy_manual_cleanup_flag:3,low_statement_source_overlap:3",2026-02-16T21:56:48.904558+00:00
doi:10.3389/frsc.2021.690055,TBL-20260214155415-009,queued_table_remake,translation_status_untranslatable_noise,1,1,1.0000,"auto_denoised:1,auto_reconstructed:1,effect_unknown:1,environment_unresolved:1,legacy_manual_cleanup_flag:1",2026-02-16T21:56:48.904558+00:00
doi:10.3389/frsc.2021.690055,TBL-20260214155415-011,queued_table_remake,translation_status_untranslatable_noise,10,10,1.0000,"auto_denoised:10,auto_reconstructed:10,effect_unknown:10,legacy_manual_cleanup_flag:10,low_statement_source_overlap:10",2026-02-16T21:56:48.904558+00:00
doi:10.3389/frsc.2021.690055,TBL-20260214155415-012,queued_table_remake,translation_status_untranslatable_noise,2,2,1.0000,"auto_denoised:2,auto_reconstructed:2,effect_unknown:2,legacy_manual_cleanup_flag:2,low_statement_source_overlap:2",2026-02-16T21:56:48.904558+00:00
doi:10.3389/frsc.2021.690055,TBL-20260214155415-013,queued_table_remake,translation_status_untranslatable_noise,22,22,1.0000,"auto_denoised:22,auto_reconstructed:22,effect_unknown:22,legacy_manual_cleanup_flag:22,low_statement_source_overlap:22",2026-02-16T21:56:48.904558+00:00
doi:10.3389/frsc.2021.690055,TBL-20260214192642-001,queued_table_remake,translation_status_untranslatable_noise,1,1,1.0000,"auto_denoised:1,auto_reconstructed:1,effect_unknown:1,legacy_manual_cleanup_flag:1,low_statement_source_overlap:1",2026-02-16T21:56:48.904558+00:00
doi:10.3389/frsc.2021.690055,TBL-20260214192642-003,queued_table_remake,translation_status_untranslatable_noise,1,1,1.0000,"auto_denoised:1,auto_reconstructed:1,effect_unknown:1,legacy_manual_cleanup_flag:1,low_statement_source_overlap:1",2026-02-16T21:56:48.904558+00:00
doi:10.3389/frsc.2021.690055,TBL-20260214192642-004,queued_table_remake,translation_status_untranslatable_noise,16,16,1.0000,"auto_denoised:16,auto_reconstructed:16,effect_unknown:16,legacy_manual_cleanup_flag:16,low_statement_source_overlap:16",2026-02-16T21:56:48.904558+00:00
doi:10.3389/frsc.2021.690055,TBL-20260214192642-005,queued_table_remake,translation_status_untranslatable_noise,17,17,1.0000,"auto_denoised:17,auto_reconstructed:17,effect_unknown:17,legacy_manual_cleanup_flag:17,low_statement_source_overlap:17",2026-02-16T21:56:48.904558+00:00
doi:10.3389/frsc.2021.690055,TBL-20260214192642-006,queued_table_remake,translation_status_untranslatable_noise,3,3,1.0000,"auto_denoised:3,auto_reconstructed:3,effect_unknown:3,legacy_manual_cleanup_flag:3,low_statement_source_overlap:3",2026-02-16T21:56:48.904558+00:00
doi:10.3389/frsc.2021.690055,TBL-20260214192642-007,queued_table_remake,translation_status_untranslatable_noise,1,1,1.0000,"auto_denoised:1,auto_reconstructed:1,effect_unknown:1,environment_unresolved:1,legacy_manual_cleanup_flag:1",2026-02-16T21:56:48.904558+00:00
doi:10.3389/frsc.2021.690055,TBL-20260214192642-008,queued_table_remake,translation_status_untranslatable_noise,3,3,1.0000,"auto_denoised:3,auto_reconstructed:3,effect_unknown:3,legacy_manual_cleanup_flag:3,low_statement_source_overlap:3",2026-02-16T21:56:48.904558+00:00
doi:10.3389/frsc.2021.690055,TBL-20260214192642-009,queued_table_remake,translation_status_untranslatable_noise,1,1,1.0000,"auto_denoised:1,auto_reconstructed:1,effect_unknown:1,environment_unresolved:1,legacy_manual_cleanup_flag:1",2026-02-16T21:56:48.904558+00:00
doi:10.3389/frsc.2021.690055,TBL-20260214192642-011,queued_table_remake,translation_status_untranslatable_noise,10,10,1.0000,"auto_denoised:10,auto_reconstructed:10,effect_unknown:10,legacy_manual_cleanup_flag:10,low_statement_source_overlap:10",2026-02-16T21:56:48.904558+00:00
doi:10.3389/frsc.2021.690055,TBL-20260214192642-012,queued_table_remake,translation_status_untranslatable_noise,2,2,1.0000,"auto_denoised:2,auto_reconstructed:2,effect_unknown:2,legacy_manual_cleanup_flag:2,low_statement_source_overlap:2",2026-02-16T21:56:48.904558+00:00
doi:10.3389/frsc.2021.690055,TBL-20260214192642-013,queued_table_remake,translation_status_untranslatable_noise,22,22,1.0000,"auto_denoised:22,auto_reconstructed:22,effect_unknown:22,legacy_manual_cleanup_flag:22,low_statement_source_overlap:22",2026-02-16T21:56:48.904558+00:00
doi:10.3389/frsc.2021.690055,TBL-20260215012822-001,queued_table_remake,translation_status_untranslatable_noise,1,1,1.0000,"auto_denoised:1,auto_reconstructed:1,effect_unknown:1,legacy_manual_cleanup_flag:1,low_statement_source_overlap:1",2026-02-16T21:56:48.904558+00:00
doi:10.3389/frsc.2021.690055,TBL-20260215012822-003,queued_table_remake,translation_status_untranslatable_noise,1,1,1.0000,"auto_denoised:1,auto_reconstructed:1,effect_unknown:1,legacy_manual_cleanup_flag:1,low_statement_source_overlap:1",2026-02-16T21:56:48.904558+00:00
doi:10.3389/frsc.2021.690055,TBL-20260215012822-004,queued_table_remake,translation_status_untranslatable_noise,16,16,1.0000,"auto_denoised:16,auto_reconstructed:16,effect_unknown:16,legacy_manual_cleanup_flag:16,low_statement_source_overlap:16",2026-02-16T21:56:48.904558+00:00
doi:10.3389/frsc.2021.690055,TBL-20260215012822-005,queued_table_remake,translation_status_untranslatable_noise,17,17,1.0000,"auto_denoised:17,auto_reconstructed:17,effect_unknown:17,legacy_manual_cleanup_flag:17,low_statement_source_overlap:17",2026-02-16T21:56:48.904558+00:00
doi:10.3389/frsc.2021.690055,TBL-20260215012822-006,queued_table_remake,translation_status_untranslatable_noise,3,3,1.0000,"auto_denoised:3,auto_reconstructed:3,effect_unknown:3,legacy_manual_cleanup_flag:3,low_statement_source_overlap:3",2026-02-16T21:56:48.904558+00:00
doi:10.3389/frsc.2021.690055,TBL-20260215012822-007,queued_table_remake,translation_status_untranslatable_noise,1,1,1.0000,"auto_denoised:1,auto_reconstructed:1,effect_unknown:1,environment_unresolved:1,legacy_manual_cleanup_flag:1",2026-02-16T21:56:48.904558+00:00
doi:10.3389/frsc.2021.690055,TBL-20260215012822-008,queued_table_remake,translation_status_untranslatable_noise,3,3,1.0000,"auto_denoised:3,auto_reconstructed:3,effect_unknown:3,legacy_manual_cleanup_flag:3,low_statement_source_overlap:3",2026-02-16T21:56:48.904558+00:00
doi:10.3389/frsc.2021.690055,TBL-20260215012822-009,queued_table_remake,translation_status_untranslatable_noise,1,1,1.0000,"auto_denoised:1,auto_reconstructed:1,effect_unknown:1,environment_unresolved:1,legacy_manual_cleanup_flag:1",2026-02-16T21:56:48.904558+00:00
doi:10.3389/frsc.2021.690055,TBL-20260215012822-011,queued_table_remake,translation_status_untranslatable_noise,10,10,1.0000,"auto_denoised:10,auto_reconstructed:10,effect_unknown:10,legacy_manual_cleanup_flag:10,low_statement_source_overlap:10",2026-02-16T21:56:48.904558+00:00
doi:10.3389/frsc.2021.690055,TBL-20260215012822-012,queued_table_remake,translation_status_untranslatable_noise,2,2,1.0000,"auto_denoised:2,auto_reconstructed:2,effect_unknown:2,legacy_manual_cleanup_flag:2,low_statement_source_overlap:2",2026-02-16T21:56:48.904558+00:00
doi:10.3389/frsc.2021.690055,TBL-20260215012822-013,queued_table_remake,translation_status_untranslatable_noise,22,22,1.0000,"auto_denoised:22,auto_reconstructed:22,effect_unknown:22,legacy_manual_cleanup_flag:22,low_statement_source_overlap:22",2026-02-16T21:56:48.904558+00:00
doi:10.3390/app11093942,TBL-20260216201950-007,queued_table_remake,translation_status_untranslatable_noise,1,1,1.0000,"effect_unknown:1,legacy_manual_cleanup_flag:1,low_statement_source_overlap:1,outcome_unresolved:1,source_row_low_information:1",2026-02-16T21:56:48.904558+00:00
doi:10.3390/app11093942,TBL-20260216201950-008,queued_table_remake,translation_status_untranslatable_noise,1,1,1.0000,"effect_unknown:1,legacy_manual_cleanup_flag:1,low_statement_source_overlap:1,outcome_unresolved:1,source_row_low_information:1",2026-02-16T21:56:48.904558+00:00
doi:10.3390/app11093942,TBL-20260216201951-011,queued_table_remake,translation_status_untranslatable_noise,2,2,1.0000,"effect_unknown:2,environment_unresolved:2,legacy_manual_cleanup_flag:2,low_statement_source_overlap:2,outcome_unresolved:2",2026-02-16T21:56:48.904558+00:00
doi:10.3390/app11093942,TBL-20260216201951-012,queued_table_remake,translation_status_untranslatable_noise,1,1,1.0000,"effect_unknown:1,legacy_manual_cleanup_flag:1,low_statement_source_overlap:1,outcome_unresolved:1,source_row_low_information:1",2026-02-16T21:56:48.904558+00:00
doi:10.3390/app11093942,TBL-20260216201951-013,queued_table_remake,translation_status_untranslatable_noise,3,3,1.0000,"effect_unknown:3,legacy_manual_cleanup_flag:3,low_statement_source_overlap:3,outcome_unresolved:3,source_row_low_information:3",2026-02-16T21:56:48.904558+00:00
doi:10.3390/buildings13082000,TBL-20260214155511-001,queued_table_remake,translation_status_untranslatable_noise,3,3,1.0000,"auto_denoised:3,auto_reconstructed:3,effect_unknown:3,environment_unresolved:3,legacy_manual_cleanup_flag:3",2026-02-16T21:56:48.904558+00:00
doi:10.3390/buildings13082000,TBL-20260214155511-002,queued_table_remake,translation_status_untranslatable_noise,3,3,1.0000,"auto_denoised:3,auto_reconstructed:3,effect_unknown:3,environment_unresolved:3,legacy_manual_cleanup_flag:3",2026-02-16T21:56:48.904558+00:00
doi:10.3390/buildings13082000,TBL-20260214155511-003,queued_table_remake,translation_status_untranslatable_noise,1,1,1.0000,"auto_denoised:1,auto_reconstructed:1,effect_unknown:1,environment_unresolved:1,legacy_manual_cleanup_flag:1",2026-02-16T21:56:48.904558+00:00
doi:10.3390/buildings13082000,TBL-20260215003601-001,queued_table_remake,translation_status_untranslatable_noise,3,3,1.0000,"auto_denoised:3,auto_reconstructed:3,effect_unknown:3,environment_unresolved:3,legacy_manual_cleanup_flag:3",2026-02-16T21:56:48.904558+00:00
doi:10.3390/buildings13082000,TBL-20260215003601-002,queued_table_remake,translation_status_untranslatable_noise,3,3,1.0000,"auto_denoised:3,auto_reconstructed:3,effect_unknown:3,environment_unresolved:3,legacy_manual_cleanup_flag:3",2026-02-16T21:56:48.904558+00:00
doi:10.3390/buildings13082000,TBL-20260215003601-003,queued_table_remake,translation_status_untranslatable_noise,1,1,1.0000,"auto_denoised:1,auto_reconstructed:1,effect_unknown:1,environment_unresolved:1,legacy_manual_cleanup_flag:1",2026-02-16T21:56:48.904558+00:00
doi:10.3390/buildings14041115,TBL-20260216202019-002,queued_table_remake,translation_status_untranslatable_noise,3,2,0.6667,"effect_unknown:2,environment_unresolved:2,legacy_manual_cleanup_flag:2,low_statement_source_overlap:2,outcome_unresolved:2",2026-02-16T21:56:48.904558+00:00
doi:10.3390/buildings14103293,TBL-20260216202111-001,queued_table_remake,translation_status_untranslatable_noise,4,4,1.0000,"effect_unknown:4,legacy_manual_cleanup_flag:4,low_statement_source_overlap:4,outcome_unresolved:4,translation_status:untranslatable_noise:4",2026-02-16T21:56:48.904558+00:00
doi:10.3390/buildings14103293,TBL-20260216202111-002,queued_table_remake,translation_status_untranslatable_noise,1,1,1.0000,"effect_unknown:1,environment_unresolved:1,legacy_manual_cleanup_flag:1,low_statement_source_overlap:1,translation_status:untranslatable_noise:1",2026-02-16T21:56:48.904558+00:00
doi:10.3390/buildings14103293,TBL-20260216202111-003,queued_table_remake,translation_status_untranslatable_noise,10,10,1.0000,"effect_unknown:10,legacy_manual_cleanup_flag:10,low_statement_source_overlap:10,outcome_unresolved:10,translation_status:untranslatable_noise:10",2026-02-16T21:56:48.904558+00:00
doi:10.3390/buildings14103293,TBL-20260216202111-004,queued_table_remake,translation_status_untranslatable_noise,1,1,1.0000,"effect_unknown:1,legacy_manual_cleanup_flag:1,low_statement_source_overlap:1,outcome_unresolved:1,source_row_low_information:1",2026-02-16T21:56:48.904558+00:00
doi:10.3390/buildings14103293,TBL-20260216202111-005,queued_table_remake,translation_status_untranslatable_noise,5,5,1.0000,"effect_unknown:5,legacy_manual_cleanup_flag:5,low_statement_source_overlap:5,outcome_unresolved:5,translation_status:untranslatable_noise:5",2026-02-16T21:56:48.904558+00:00
doi:10.3390/buildings14113408,TBL-20260216202107-001,queued_table_remake,translation_status_untranslatable_noise,4,4,1.0000,"effect_unknown:4,legacy_manual_cleanup_flag:4,low_statement_source_overlap:4,outcome_unresolved:4,source_row_low_information:4",2026-02-16T21:56:48.904558+00:00
doi:10.3390/buildings7020032,TBL-20260216202131-011,queued_table_remake,translation_status_untranslatable_noise,11,2,0.1818,"translation_status:inferred:9,effect_unknown:2,environment_unresolved:2,legacy_manual_cleanup_flag:2,low_statement_source_overlap:2",2026-02-16T21:56:48.904558+00:00
doi:10.3390/buildings7020032,TBL-20260216202134-012,queued_table_remake,translation_status_untranslatable_noise,2,1,0.5000,"translation_status:inferred:1,effect_unknown:1,legacy_manual_cleanup_flag:1,low_statement_source_overlap:1,outcome_unresolved:1",2026-02-16T21:56:48.904558+00:00
doi:10.3390/buildings7020032,TBL-20260216202134-013,queued_table_remake,translation_status_untranslatable_noise,40,4,0.1000,"translation_status:inferred:36,effect_unknown:4,legacy_manual_cleanup_flag:4,low_statement_source_overlap:4,outcome_unresolved:4",2026-02-16T21:56:48.904558+00:00
doi:10.3390/buildings7020032,TBL-20260216202134-015,queued_table_remake,translation_status_untranslatable_noise,34,3,0.0882,"translation_status:inferred:31,effect_unknown:3,environment_unresolved:3,legacy_manual_cleanup_flag:3,low_statement_source_overlap:3",2026-02-16T21:56:48.904558+00:00
doi:10.3390/gels4020043,TBL-20260216202129-001,queued_table_remake,translation_status_untranslatable_noise,2,2,1.0000,"effect_unknown:2,legacy_manual_cleanup_flag:2,low_statement_source_overlap:2,outcome_unresolved:2,translation_status:untranslatable_noise:2",2026-02-16T21:56:48.904558+00:00
doi:10.3390/gels4020043,TBL-20260216202129-002,queued_table_remake,translation_status_untranslatable_noise,1,1,1.0000,"effect_unknown:1,legacy_manual_cleanup_flag:1,low_statement_source_overlap:1,outcome_unresolved:1,translation_status:untranslatable_noise:1",2026-02-16T21:56:48.904558+00:00
doi:10.3390/gels4020043,TBL-20260216202129-003,queued_table_remake,translation_status_untranslatable_noise,1,1,1.0000,"effect_unknown:1,environment_unresolved:1,legacy_manual_cleanup_flag:1,low_statement_source_overlap:1,outcome_unresolved:1",2026-02-16T21:56:48.904558+00:00
doi:10.3390/gels4020043,TBL-20260216202129-004,queued_table_remake,translation_status_untranslatable_noise,1,1,1.0000,"effect_unknown:1,environment_unresolved:1,legacy_manual_cleanup_flag:1,low_statement_source_overlap:1,outcome_unresolved:1",2026-02-16T21:56:48.904558+00:00
doi:10.3390/ijerph110202108,TBL-20260216202220-003,queued_table_remake,translation_status_untranslatable_noise,3,3,1.0000,"effect_unknown:3,environment_unresolved:3,legacy_manual_cleanup_flag:3,low_statement_source_overlap:3,outcome_unresolved:3",2026-02-16T21:56:48.904558+00:00
doi:10.3390/ijerph110202108,TBL-20260216202220-005,queued_table_remake,translation_status_untranslatable_noise,8,8,1.0000,"effect_unknown:8,legacy_manual_cleanup_flag:8,low_statement_source_overlap:8,translation_status:untranslatable_noise:8,outcome_unresolved:7",2026-02-16T21:56:48.904558+00:00
doi:10.3390/ijerph110202108,TBL-20260216202220-006,queued_table_remake,translation_status_untranslatable_noise,1,1,1.0000,"effect_unknown:1,environment_unresolved:1,legacy_manual_cleanup_flag:1,low_statement_source_overlap:1,outcome_unresolved:1",2026-02-16T21:56:48.904558+00:00
doi:10.3390/ijerph110202108,TBL-20260216202220-007,queued_table_remake,translation_status_untranslatable_noise,12,12,1.0000,"effect_unknown:12,legacy_manual_cleanup_flag:12,low_statement_source_overlap:12,translation_status:untranslatable_noise:12,outcome_unresolved:11",2026-02-16T21:56:48.904558+00:00
doi:10.3390/ijerph110202108,TBL-20260216202220-008,queued_table_remake,translation_status_untranslatable_noise,1,1,1.0000,"effect_unknown:1,environment_unresolved:1,legacy_manual_cleanup_flag:1,low_statement_source_overlap:1,outcome_unresolved:1",2026-02-16T21:56:48.904558+00:00
doi:10.3390/ijerph110202108,TBL-20260216202220-009,queued_table_remake,translation_status_untranslatable_noise,25,25,1.0000,"effect_unknown:25,legacy_manual_cleanup_flag:25,low_statement_source_overlap:25,translation_status:untranslatable_noise:25,outcome_unresolved:24",2026-02-16T21:56:48.904558+00:00
doi:10.3390/ijerph110202108,TBL-20260216202220-010,queued_table_remake,translation_status_untranslatable_noise,1,1,1.0000,"effect_unknown:1,environment_unresolved:1,legacy_manual_cleanup_flag:1,low_statement_source_overlap:1,outcome_unresolved:1",2026-02-16T21:56:48.904558+00:00
doi:10.3390/ijerph110202108,TBL-20260216202220-011,queued_table_remake,translation_status_untranslatable_noise,14,14,1.0000,"effect_unknown:14,legacy_manual_cleanup_flag:14,low_statement_source_overlap:14,outcome_unresolved:14,translation_status:untranslatable_noise:14",2026-02-16T21:56:48.904558+00:00
doi:10.3390/ijerph110202108,TBL-20260216202220-012,queued_table_remake,translation_status_untranslatable_noise,3,3,1.0000,"effect_unknown:3,environment_unresolved:3,legacy_manual_cleanup_flag:3,low_statement_source_overlap:3,outcome_unresolved:3",2026-02-16T21:56:48.904558+00:00
doi:10.3390/ijerph16244934,TBL-20260214155627-001,queued_table_remake,translation_status_untranslatable_noise,7,7,1.0000,"auto_denoised:7,auto_reconstructed:7,effect_unknown:7,legacy_manual_cleanup_flag:7,low_statement_source_overlap:7",2026-02-16T21:56:48.904558+00:00
doi:10.3390/ijerph16244934,TBL-20260214155627-003,queued_table_remake,translation_status_untranslatable_noise,9,9,1.0000,"auto_denoised:9,auto_reconstructed:9,effect_unknown:9,legacy_manual_cleanup_flag:9,low_statement_source_overlap:9",2026-02-16T21:56:48.904558+00:00
doi:10.3390/ijerph16244934,TBL-20260215003726-001,queued_table_remake,translation_status_untranslatable_noise,7,7,1.0000,"auto_denoised:7,auto_reconstructed:7,effect_unknown:7,legacy_manual_cleanup_flag:7,low_statement_source_overlap:7",2026-02-16T21:56:48.904558+00:00
doi:10.3390/ijerph16244934,TBL-20260215003726-003,queued_table_remake,translation_status_untranslatable_noise,9,9,1.0000,"auto_denoised:9,auto_reconstructed:9,effect_unknown:9,legacy_manual_cleanup_flag:9,low_statement_source_overlap:9",2026-02-16T21:56:48.904558+00:00
doi:10.3390/ijerph182312510,TBL-20260216202233-001,queued_table_remake,translation_status_untranslatable_noise,1,1,1.0000,"effect_unknown:1,legacy_manual_cleanup_flag:1,low_statement_source_overlap:1,outcome_unresolved:1,source_row_low_information:1",2026-02-16T21:56:48.904558+00:00
doi:10.3390/ijerph182312510,TBL-20260216202233-002,queued_table_remake,translation_status_untranslatable_noise,16,16,1.0000,"effect_unknown:16,legacy_manual_cleanup_flag:16,low_statement_source_overlap:16,translation_status:untranslatable_noise:16,outcome_unresolved:14",2026-02-16T21:56:48.904558+00:00
doi:10.3390/ijerph182312510,TBL-20260216202233-003,queued_table_remake,translation_status_untranslatable_noise,14,14,1.0000,"effect_unknown:14,legacy_manual_cleanup_flag:14,low_statement_source_overlap:14,outcome_unresolved:14,translation_status:untranslatable_noise:14",2026-02-16T21:56:48.904558+00:00
doi:10.3390/land13121978,TBL-20260216202237-001,queued_table_remake,translation_status_untranslatable_noise,4,4,1.0000,"effect_unknown:4,legacy_manual_cleanup_flag:4,low_statement_source_overlap:4,outcome_unresolved:4,source_row_low_information:4",2026-02-16T21:56:48.904558+00:00
doi:10.3390/s22218135,TBL-20260214160241-001,queued_table_remake,translation_status_untranslatable_noise,8,8,1.0000,"auto_denoised:8,auto_reconstructed:8,effect_unknown:8,environment_unresolved:8,legacy_manual_cleanup_flag:8",2026-02-16T21:56:48.904558+00:00
doi:10.3390/s22218135,TBL-20260214160241-002,queued_table_remake,translation_status_untranslatable_noise,1,1,1.0000,"auto_denoised:1,auto_reconstructed:1,effect_unknown:1,environment_unresolved:1,legacy_manual_cleanup_flag:1",2026-02-16T21:56:48.904558+00:00
doi:10.3390/s22218135,TBL-20260214160241-003,queued_table_remake,translation_status_untranslatable_noise,6,6,1.0000,"auto_denoised:6,auto_reconstructed:6,effect_unknown:6,legacy_manual_cleanup_flag:6,low_statement_source_overlap:6",2026-02-16T21:56:48.904558+00:00
doi:10.3390/s22218135,TBL-20260214193138-001,queued_table_remake,translation_status_untranslatable_noise,8,8,1.0000,"auto_denoised:8,auto_reconstructed:8,effect_unknown:8,environment_unresolved:8,legacy_manual_cleanup_flag:8",2026-02-16T21:56:48.904558+00:00
doi:10.3390/s22218135,TBL-20260214193138-002,queued_table_remake,translation_status_untranslatable_noise,1,1,1.0000,"auto_denoised:1,auto_reconstructed:1,effect_unknown:1,environment_unresolved:1,legacy_manual_cleanup_flag:1",2026-02-16T21:56:48.904558+00:00
doi:10.3390/s22218135,TBL-20260214193138-003,queued_table_remake,translation_status_untranslatable_noise,6,6,1.0000,"auto_denoised:6,auto_reconstructed:6,effect_unknown:6,legacy_manual_cleanup_flag:6,low_statement_source_overlap:6",2026-02-16T21:56:48.904558+00:00
doi:10.3390/s22218135,TBL-20260215013412-001,queued_table_remake,translation_status_untranslatable_noise,8,8,1.0000,"auto_denoised:8,auto_reconstructed:8,effect_unknown:8,environment_unresolved:8,legacy_manual_cleanup_flag:8",2026-02-16T21:56:48.904558+00:00
doi:10.3390/s22218135,TBL-20260215013412-002,queued_table_remake,translation_status_untranslatable_noise,1,1,1.0000,"auto_denoised:1,auto_reconstructed:1,effect_unknown:1,environment_unresolved:1,legacy_manual_cleanup_flag:1",2026-02-16T21:56:48.904558+00:00
doi:10.3390/s22218135,TBL-20260215013412-003,queued_table_remake,translation_status_untranslatable_noise,6,6,1.0000,"auto_denoised:6,auto_reconstructed:6,effect_unknown:6,legacy_manual_cleanup_flag:6,low_statement_source_overlap:6",2026-02-16T21:56:48.904558+00:00
doi:10.3390/s24123944,TBL-20260214160107-001,queued_table_remake,translation_status_untranslatable_noise,5,5,1.0000,"auto_denoised:5,auto_reconstructed:5,effect_unknown:5,legacy_manual_cleanup_flag:5,low_statement_source_overlap:5",2026-02-16T21:56:48.904558+00:00
doi:10.3390/s24237838,TBL-20260216202247-001,queued_table_remake,translation_status_untranslatable_noise,2,2,1.0000,"effect_unknown:2,environment_unresolved:2,legacy_manual_cleanup_flag:2,low_statement_source_overlap:2,outcome_unresolved:2",2026-02-16T21:56:48.904558+00:00
doi:10.3390/su12051830,TBL-20260216202244-001,queued_table_remake,translation_status_untranslatable_noise,5,5,1.0000,"effect_unknown:5,legacy_manual_cleanup_flag:5,low_statement_source_overlap:5,outcome_unresolved:5,translation_status:untranslatable_noise:5",2026-02-16T21:56:48.904558+00:00
doi:10.3390/su12051830,TBL-20260216202244-002,queued_table_remake,translation_status_untranslatable_noise,14,14,1.0000,"effect_unknown:14,legacy_manual_cleanup_flag:14,low_statement_source_overlap:14,outcome_unresolved:14,translation_status:untranslatable_noise:14",2026-02-16T21:56:48.904558+00:00
doi:10.3390/su12051830,TBL-20260216202244-005,queued_table_remake,translation_status_untranslatable_noise,14,14,1.0000,"effect_unknown:14,legacy_manual_cleanup_flag:14,low_statement_source_overlap:14,outcome_unresolved:14,translation_status:untranslatable_noise:14",2026-02-16T21:56:48.904558+00:00
doi:10.3390/su12051830,TBL-20260216202244-008,queued_table_remake,translation_status_untranslatable_noise,1,1,1.0000,"effect_unknown:1,legacy_manual_cleanup_flag:1,low_statement_source_overlap:1,outcome_unresolved:1,translation_status:untranslatable_noise:1",2026-02-16T21:56:48.904558+00:00
doi:10.3390/su12051830,TBL-20260216202244-009,queued_table_remake,translation_status_untranslatable_noise,1,1,1.0000,"effect_unknown:1,environment_unresolved:1,legacy_manual_cleanup_flag:1,low_statement_source_overlap:1,outcome_unresolved:1",2026-02-16T21:56:48.904558+00:00
doi:10.3390/su12051830,TBL-20260216202244-010,queued_table_remake,translation_status_untranslatable_noise,10,10,1.0000,"effect_unknown:10,legacy_manual_cleanup_flag:10,outcome_unresolved:10,translation_status:untranslatable_noise:10,low_statement_source_overlap:9",2026-02-16T21:56:48.904558+00:00
doi:10.3390/su12051830,TBL-20260216202244-013,queued_table_remake,translation_status_untranslatable_noise,25,25,1.0000,"effect_unknown:25,legacy_manual_cleanup_flag:25,low_statement_source_overlap:25,outcome_unresolved:25,translation_status:untranslatable_noise:25",2026-02-16T21:56:48.904558+00:00
doi:10.3390/su12051830,TBL-20260216202244-014,queued_table_remake,translation_status_untranslatable_noise,5,5,1.0000,"effect_unknown:5,legacy_manual_cleanup_flag:5,low_statement_source_overlap:5,outcome_unresolved:5,translation_status:untranslatable_noise:5",2026-02-16T21:56:48.904558+00:00
doi:10.3390/su12104263,TBL-20260216202305-001,queued_table_remake,translation_status_untranslatable_noise,7,7,1.0000,"effect_unknown:7,environment_unresolved:7,legacy_manual_cleanup_flag:7,low_statement_source_overlap:7,outcome_unresolved:7",2026-02-16T21:56:48.904558+00:00
doi:10.3390/su12176760,TBL-20260216202306-003,queued_table_remake,translation_status_untranslatable_noise,1,1,1.0000,"effect_unknown:1,environment_unresolved:1,legacy_manual_cleanup_flag:1,low_statement_source_overlap:1,outcome_unresolved:1",2026-02-16T21:56:48.904558+00:00
doi:10.3390/su12176760,TBL-20260216202306-009,queued_table_remake,translation_status_untranslatable_noise,1,1,1.0000,"effect_unknown:1,environment_unresolved:1,legacy_manual_cleanup_flag:1,low_statement_source_overlap:1,outcome_unresolved:1",2026-02-16T21:56:48.904558+00:00
doi:10.3390/su12239813,TBL-20260216202314-001,queued_table_remake,translation_status_untranslatable_noise,2,2,1.0000,"effect_unknown:2,legacy_manual_cleanup_flag:2,low_statement_source_overlap:2,outcome_unresolved:2,source_row_low_information:2",2026-02-16T21:56:48.904558+00:00
doi:10.3390/su13168816,TBL-20260214094932-004,queued_table_remake,translation_status_untranslatable_noise,1,1,1.0000,"legacy_manual_cleanup_flag:1,low_statement_source_overlap:1,source_row_low_information:1,translation_status:untranslatable_noise:1",2026-02-16T21:56:48.904558+00:00
doi:10.3390/su13168816,TBL-20260214095124-004,queued_table_remake,translation_status_untranslatable_noise,1,1,1.0000,"legacy_manual_cleanup_flag:1,low_statement_source_overlap:1,source_row_low_information:1,translation_status:untranslatable_noise:1",2026-02-16T21:56:48.904558+00:00
doi:10.3390/su13168816,TBL-20260214095448-004,queued_table_remake,translation_status_untranslatable_noise,1,1,1.0000,"legacy_manual_cleanup_flag:1,low_statement_source_overlap:1,source_row_low_information:1,translation_status:untranslatable_noise:1",2026-02-16T21:56:48.904558+00:00
doi:10.3390/su13168816,TBL-20260214121025-004,queued_table_remake,translation_status_untranslatable_noise,1,1,1.0000,"legacy_manual_cleanup_flag:1,low_statement_source_overlap:1,source_row_low_information:1,translation_status:untranslatable_noise:1",2026-02-16T21:56:48.904558+00:00
doi:10.3390/su152216104,TBL-20260216202325-001,queued_table_remake,translation_status_untranslatable_noise,3,3,1.0000,"effect_unknown:3,environment_unresolved:3,legacy_manual_cleanup_flag:3,low_statement_source_overlap:3,outcome_unresolved:3",2026-02-16T21:56:48.904558+00:00
doi:10.3390/su152216104,TBL-20260216202325-003,queued_table_remake,translation_status_untranslatable_noise,8,8,1.0000,"effect_unknown:8,legacy_manual_cleanup_flag:8,low_statement_source_overlap:8,translation_status:untranslatable_noise:8,environment_unresolved:6",2026-02-16T21:56:48.904558+00:00
doi:10.3390/su152216104,TBL-20260216202325-005,queued_table_remake,translation_status_untranslatable_noise,24,24,1.0000,"effect_unknown:24,legacy_manual_cleanup_flag:24,low_statement_source_overlap:24,outcome_unresolved:24,translation_status:untranslatable_noise:24",2026-02-16T21:56:48.904558+00:00
doi:10.3390/su152216104,TBL-20260216202325-006,queued_table_remake,translation_status_untranslatable_noise,5,5,1.0000,"effect_unknown:5,legacy_manual_cleanup_flag:5,outcome_unresolved:5,translation_status:untranslatable_noise:5,low_statement_source_overlap:4",2026-02-16T21:56:48.904558+00:00
doi:10.3390/su152216104,TBL-20260216202325-007,queued_table_remake,translation_status_untranslatable_noise,3,3,1.0000,"effect_unknown:3,legacy_manual_cleanup_flag:3,low_statement_source_overlap:3,translation_status:untranslatable_noise:3,environment_unresolved:2",2026-02-16T21:56:48.904558+00:00
doi:10.3390/su152216104,TBL-20260216202325-008,queued_table_remake,translation_status_untranslatable_noise,6,6,1.0000,"effect_unknown:6,environment_unresolved:6,legacy_manual_cleanup_flag:6,low_statement_source_overlap:6,translation_status:untranslatable_noise:6",2026-02-16T21:56:48.904558+00:00
doi:10.3390/su152216104,TBL-20260216202325-009,queued_table_remake,translation_status_untranslatable_noise,21,21,1.0000,"effect_unknown:21,legacy_manual_cleanup_flag:21,low_statement_source_overlap:21,translation_status:untranslatable_noise:21,outcome_unresolved:18",2026-02-16T21:56:48.904558+00:00
doi:10.3390/su16124935,TBL-20260216202321-001,queued_table_remake,translation_status_untranslatable_noise,5,3,0.6000,"effect_unknown:3,legacy_manual_cleanup_flag:3,low_statement_source_overlap:3,outcome_unresolved:3,source_row_low_information:3",2026-02-16T21:56:48.904558+00:00
doi:10.3390/su16124935,TBL-20260216202321-002,queued_table_remake,translation_status_untranslatable_noise,18,18,1.0000,"effect_unknown:18,environment_unresolved:18,legacy_manual_cleanup_flag:18,low_statement_source_overlap:18,outcome_unresolved:18",2026-02-16T21:56:48.904558+00:00
doi:10.3390/su162310251,TBL-20260216202348-001,queued_table_remake,translation_status_untranslatable_noise,1,1,1.0000,"effect_unknown:1,legacy_manual_cleanup_flag:1,low_statement_source_overlap:1,outcome_unresolved:1,translation_status:untranslatable_noise:1",2026-02-16T21:56:48.904558+00:00
doi:10.3390/su162310251,TBL-20260216202348-002,queued_table_remake,translation_status_untranslatable_noise,20,20,1.0000,"effect_unknown:20,legacy_manual_cleanup_flag:20,low_statement_source_overlap:20,outcome_unresolved:20,source_row_low_information:20",2026-02-16T21:56:48.904558+00:00
doi:10.3758/s13421-021-01209-7,TBL-20260216202341-001,queued_table_remake,translation_status_untranslatable_noise,1,1,1.0000,"effect_unknown:1,legacy_manual_cleanup_flag:1,low_statement_source_overlap:1,outcome_unresolved:1,source_row_low_information:1",2026-02-16T21:56:48.904558+00:00
doi:10.3758/s13421-021-01209-7,TBL-20260216202341-002,queued_table_remake,translation_status_untranslatable_noise,1,1,1.0000,"effect_unknown:1,legacy_manual_cleanup_flag:1,low_statement_source_overlap:1,outcome_unresolved:1,source_row_low_information:1",2026-02-16T21:56:48.904558+00:00
doi:10.3758/s13421-021-01209-7,TBL-20260216202341-003,queued_table_remake,translation_status_untranslatable_noise,5,2,0.4000,"translation_status:inferred:3,effect_unknown:2,legacy_manual_cleanup_flag:2,low_statement_source_overlap:2,outcome_unresolved:2",2026-02-16T21:56:48.904558+00:00
doi:10.3758/s13421-021-01209-7,TBL-20260216202341-004,queued_table_remake,translation_status_untranslatable_noise,1,1,1.0000,"effect_unknown:1,legacy_manual_cleanup_flag:1,low_statement_source_overlap:1,outcome_unresolved:1,source_row_low_information:1",2026-02-16T21:56:48.904558+00:00
doi:10.3758/s13421-021-01209-7,TBL-20260216202341-006,queued_table_remake,translation_status_untranslatable_noise,1,1,1.0000,"effect_unknown:1,legacy_manual_cleanup_flag:1,low_statement_source_overlap:1,outcome_unresolved:1,source_row_low_information:1",2026-02-16T21:56:48.904558+00:00
doi:10.3758/s13421-021-01209-7,TBL-20260216202341-007,queued_table_remake,translation_status_untranslatable_noise,1,1,1.0000,"effect_unknown:1,legacy_manual_cleanup_flag:1,low_statement_source_overlap:1,outcome_unresolved:1,source_row_low_information:1",2026-02-16T21:56:48.904558+00:00
doi:10.3758/s13421-021-01209-7,TBL-20260216202341-008,queued_table_remake,translation_status_untranslatable_noise,2,2,1.0000,"effect_unknown:2,legacy_manual_cleanup_flag:2,low_statement_source_overlap:2,outcome_unresolved:2,source_row_low_information:2",2026-02-16T21:56:48.904558+00:00
doi:10.3758/s13421-021-01209-7,TBL-20260216202341-010,queued_table_remake,translation_status_untranslatable_noise,1,1,1.0000,"effect_unknown:1,legacy_manual_cleanup_flag:1,low_statement_source_overlap:1,outcome_unresolved:1,source_row_low_information:1",2026-02-16T21:56:48.904558+00:00
doi:10.3758/s13421-021-01209-7,TBL-20260216202341-011,queued_table_remake,translation_status_untranslatable_noise,2,2,1.0000,"effect_unknown:2,legacy_manual_cleanup_flag:2,low_statement_source_overlap:2,outcome_unresolved:2,source_row_low_information:2",2026-02-16T21:56:48.904558+00:00
doi:10.3758/s13421-021-01209-7,TBL-20260216202341-012,queued_table_remake,translation_status_untranslatable_noise,3,3,1.0000,"effect_unknown:3,legacy_manual_cleanup_flag:3,low_statement_source_overlap:3,outcome_unresolved:3,source_row_low_information:3",2026-02-16T21:56:48.904558+00:00
doi:10.3758/s13421-021-01209-7,TBL-20260216202341-013,queued_table_remake,translation_status_untranslatable_noise,1,1,1.0000,"effect_unknown:1,legacy_manual_cleanup_flag:1,low_statement_source_overlap:1,outcome_unresolved:1,source_row_low_information:1",2026-02-16T21:56:48.904558+00:00
doi:10.3758/s13428-019-01242-0,TBL-20260216202355-001,queued_table_remake,translation_status_untranslatable_noise,2,2,1.0000,"effect_unknown:2,legacy_manual_cleanup_flag:2,low_statement_source_overlap:2,outcome_unresolved:2,translation_status:untranslatable_noise:2",2026-02-16T21:56:48.904558+00:00
doi:10.3758/s13428-019-01242-0,TBL-20260216202355-002,queued_table_remake,translation_status_untranslatable_noise,6,6,1.0000,"effect_unknown:6,legacy_manual_cleanup_flag:6,low_statement_source_overlap:6,outcome_unresolved:6,translation_status:untranslatable_noise:6",2026-02-16T21:56:48.904558+00:00
doi:10.3758/s13428-019-01242-0,TBL-20260216202355-003,queued_table_remake,translation_status_untranslatable_noise,3,3,1.0000,"effect_unknown:3,legacy_manual_cleanup_flag:3,low_statement_source_overlap:3,translation_status:untranslatable_noise:3,outcome_unresolved:2",2026-02-16T21:56:48.904558+00:00
doi:10.48550/arxiv.2309.15840,TBL-20260216202403-001,queued_table_remake,translation_status_untranslatable_noise,12,12,1.0000,"effect_unknown:12,legacy_manual_cleanup_flag:12,low_statement_source_overlap:12,outcome_unresolved:12,translation_status:untranslatable_noise:12",2026-02-16T21:56:48.904558+00:00
doi:10.48550/arxiv.2406.02728,TBL-20260216202411-001,queued_table_remake,translation_status_untranslatable_noise,4,4,1.0000,"effect_unknown:4,legacy_manual_cleanup_flag:4,low_statement_source_overlap:4,outcome_unresolved:4,source_row_low_information:4",2026-02-16T21:56:48.904558+00:00
doi:10.5120/ijca2016908617,TBL-20260214095814-001,queued_table_remake,translation_status_untranslatable_noise,1,1,1.0000,"auto_denoised:1,auto_reconstructed:1,effect_unknown:1,environment_unresolved:1,legacy_manual_cleanup_flag:1",2026-02-16T21:56:48.904558+00:00
doi:10.5120/ijca2016908617,TBL-20260214113008-001,queued_table_remake,translation_status_untranslatable_noise,1,1,1.0000,"auto_denoised:1,auto_reconstructed:1,effect_unknown:1,environment_unresolved:1,legacy_manual_cleanup_flag:1",2026-02-16T21:56:48.904558+00:00
doi:10.5120/ijca2016908617,TBL-20260214113444-001,queued_table_remake,translation_status_untranslatable_noise,1,1,1.0000,"auto_denoised:1,auto_reconstructed:1,effect_unknown:1,environment_unresolved:1,legacy_manual_cleanup_flag:1",2026-02-16T21:56:48.904558+00:00
doi:10.5120/ijca2016908617,TBL-20260214133104-001,queued_table_remake,translation_status_untranslatable_noise,1,1,1.0000,"auto_denoised:1,auto_reconstructed:1,effect_unknown:1,environment_unresolved:1,legacy_manual_cleanup_flag:1",2026-02-16T21:56:48.904558+00:00
doi:10.5281/zenodo.7191265,TBL-20260214155539-001,queued_table_remake,translation_status_untranslatable_noise,5,5,1.0000,"auto_denoised:5,auto_reconstructed:5,effect_unknown:5,environment_unresolved:5,legacy_manual_cleanup_flag:5",2026-02-16T21:56:48.904558+00:00
doi:10.54864/planarch.1491955,TBL-20260216202410-001,queued_table_remake,translation_status_untranslatable_noise,37,1,0.0270,"translation_status:inferred:36,source_row_low_information:2,effect_unknown:1,environment_unresolved:1,legacy_manual_cleanup_flag:1",2026-02-16T21:56:48.904558+00:00
doi:10.54864/planarch.1491955,TBL-20260216202411-009,queued_table_remake,translation_status_untranslatable_noise,1,1,1.0000,"effect_unknown:1,legacy_manual_cleanup_flag:1,low_statement_source_overlap:1,outcome_unresolved:1,source_row_low_information:1",2026-02-16T21:56:48.904558+00:00
doi:10.54864/planarch.1491955,TBL-20260216202413-043,queued_table_remake,translation_status_untranslatable_noise,10,1,0.1000,"translation_status:inferred:9,effect_unknown:1,legacy_manual_cleanup_flag:1,low_statement_source_overlap:1,outcome_unresolved:1",2026-02-16T21:56:48.904558+00:00
doi:10.7302/1414,TBL-20260216202431-001,queued_table_remake,translation_status_untranslatable_noise,1,1,1.0000,"effect_unknown:1,legacy_manual_cleanup_flag:1,low_statement_source_overlap:1,outcome_unresolved:1,source_row_low_information:1",2026-02-16T21:56:48.904558+00:00
doi:10.7302/1414,TBL-20260216202431-003,queued_table_remake,translation_status_untranslatable_noise,2,2,1.0000,"effect_unknown:2,legacy_manual_cleanup_flag:2,low_statement_source_overlap:2,outcome_unresolved:2,source_row_low_information:2",2026-02-16T21:56:48.904558+00:00
sha256:4f30e0b5608b,TBL-20260216202502-001,queued_table_remake,translation_status_untranslatable_noise,4,4,1.0000,"effect_unknown:4,legacy_manual_cleanup_flag:4,low_statement_source_overlap:4,outcome_unresolved:4,translation_status:untranslatable_noise:4",2026-02-16T21:56:48.904558+00:00
sha256:4f30e0b5608b,TBL-20260216202502-002,queued_table_remake,translation_status_untranslatable_noise,3,3,1.0000,"effect_unknown:3,environment_unresolved:3,legacy_manual_cleanup_flag:3,low_statement_source_overlap:3,outcome_unresolved:3",2026-02-16T21:56:48.904558+00:00
sha256:4f30e0b5608b,TBL-20260216202502-003,queued_table_remake,translation_status_untranslatable_noise,1,1,1.0000,"effect_unknown:1,legacy_manual_cleanup_flag:1,low_statement_source_overlap:1,outcome_unresolved:1,source_row_low_information:1",2026-02-16T21:56:48.904558+00:00
sha256:4f30e0b5608b,TBL-20260216202502-004,queued_table_remake,translation_status_untranslatable_noise,3,3,1.0000,"effect_unknown:3,environment_unresolved:3,legacy_manual_cleanup_flag:3,low_statement_source_overlap:3,outcome_unresolved:3",2026-02-16T21:56:48.904558+00:00
sha256:4f30e0b5608b,TBL-20260216202502-005,queued_table_remake,translation_status_untranslatable_noise,4,4,1.0000,"effect_unknown:4,environment_unresolved:4,legacy_manual_cleanup_flag:4,low_statement_source_overlap:4,outcome_unresolved:4",2026-02-16T21:56:48.904558+00:00
sha256:4f30e0b5608b,TBL-20260216202502-006,queued_table_remake,translation_status_untranslatable_noise,6,6,1.0000,"effect_unknown:6,legacy_manual_cleanup_flag:6,low_statement_source_overlap:6,outcome_unresolved:6,translation_status:untranslatable_noise:6",2026-02-16T21:56:48.904558+00:00
sha256:4f30e0b5608b,TBL-20260216202502-007,queued_table_remake,translation_status_untranslatable_noise,1,1,1.0000,"effect_unknown:1,environment_unresolved:1,legacy_manual_cleanup_flag:1,low_statement_source_overlap:1,outcome_unresolved:1",2026-02-16T21:56:48.904558+00:00
sha256:4f30e0b5608b,TBL-20260216202502-008,queued_table_remake,translation_status_untranslatable_noise,2,2,1.0000,"effect_unknown:2,environment_unresolved:2,legacy_manual_cleanup_flag:2,low_statement_source_overlap:2,outcome_unresolved:2",2026-02-16T21:56:48.904558+00:00
sha256:4f30e0b5608b,TBL-20260216202502-009,queued_table_remake,translation_status_untranslatable_noise,4,4,1.0000,"effect_unknown:4,legacy_manual_cleanup_flag:4,low_statement_source_overlap:4,outcome_unresolved:4,translation_status:untranslatable_noise:4",2026-02-16T21:56:48.904558+00:00
sha256:4f30e0b5608b,TBL-20260216202502-010,queued_table_remake,translation_status_untranslatable_noise,22,22,1.0000,"effect_unknown:22,legacy_manual_cleanup_flag:22,low_statement_source_overlap:22,outcome_unresolved:22,translation_status:untranslatable_noise:22",2026-02-16T21:56:48.904558+00:00
sha256:4f30e0b5608b,TBL-20260216202502-011,queued_table_remake,translation_status_untranslatable_noise,19,19,1.0000,"effect_unknown:19,legacy_manual_cleanup_flag:19,low_statement_source_overlap:19,outcome_unresolved:19,translation_status:untranslatable_noise:19",2026-02-16T21:56:48.904558+00:00
zotero:2CHCFQSX,TBL-20260216202914-003,queued_table_remake,translation_status_untranslatable_noise,1,1,1.0000,"effect_unknown:1,environment_unresolved:1,legacy_manual_cleanup_flag:1,low_statement_source_overlap:1,outcome_unresolved:1",2026-02-16T21:56:48.904558+00:00
zotero:2CHCFQSX,TBL-20260216202914-006,queued_table_remake,translation_status_untranslatable_noise,1,1,1.0000,"effect_unknown:1,environment_unresolved:1,legacy_manual_cleanup_flag:1,low_statement_source_overlap:1,outcome_unresolved:1",2026-02-16T21:56:48.904558+00:00
zotero:2E64CG9B,TBL-20260216202934-011,queued_table_remake,translation_status_untranslatable_noise,3,3,1.0000,"effect_unknown:3,legacy_manual_cleanup_flag:3,low_statement_source_overlap:3,outcome_unresolved:3,translation_status:untranslatable_noise:3",2026-02-16T21:56:48.904558+00:00
zotero:2E64CG9B,TBL-20260216202934-012,queued_table_remake,translation_status_untranslatable_noise,8,8,1.0000,"effect_unknown:8,legacy_manual_cleanup_flag:8,low_statement_source_overlap:8,outcome_unresolved:8,translation_status:untranslatable_noise:8",2026-02-16T21:56:48.904558+00:00
zotero:2E64CG9B,TBL-20260216202939-015,queued_table_remake,translation_status_untranslatable_noise,2,1,0.5000,"translation_status:inferred:1,effect_unknown:1,legacy_manual_cleanup_flag:1,low_statement_source_overlap:1,outcome_unresolved:1",2026-02-16T21:56:48.904558+00:00
zotero:2E64CG9B,TBL-20260216202948-022,queued_table_remake,translation_status_untranslatable_noise,1,1,1.0000,"effect_unknown:1,environment_unresolved:1,legacy_manual_cleanup_flag:1,low_statement_source_overlap:1,outcome_unresolved:1",2026-02-16T21:56:48.904558+00:00
zotero:2K5RUFVM,TBL-20260216203054-018,queued_table_remake,translation_status_untranslatable_noise,1,1,1.0000,"effect_unknown:1,environment_unresolved:1,legacy_manual_cleanup_flag:1,low_statement_source_overlap:1,outcome_unresolved:1",2026-02-16T21:56:48.904558+00:00
zotero:2K5RUFVM,TBL-20260216203054-020,queued_table_remake,translation_status_untranslatable_noise,24,2,0.0833,"translation_status:inferred:22,effect_unknown:2,environment_unresolved:2,legacy_manual_cleanup_flag:2,low_statement_source_overlap:2",2026-02-16T21:56:48.904558+00:00
zotero:4Q9UNT4M,TBL-20260216203158-001,queued_table_remake,translation_status_untranslatable_noise,17,1,0.0588,"translation_status:inferred:16,effect_unknown:1,environment_unresolved:1,legacy_manual_cleanup_flag:1,low_statement_source_overlap:1",2026-02-16T21:56:48.904558+00:00
zotero:4Q9UNT4M,TBL-20260216203209-007,queued_table_remake,translation_status_untranslatable_noise,1,1,1.0000,"effect_unknown:1,legacy_manual_cleanup_flag:1,low_statement_source_overlap:1,outcome_unresolved:1,source_row_low_information:1",2026-02-16T21:56:48.904558+00:00
zotero:4Q9UNT4M,TBL-20260216203209-010,queued_table_remake,translation_status_untranslatable_noise,7,3,0.4286,"translation_status:inferred:4,effect_unknown:3,environment_unresolved:3,legacy_manual_cleanup_flag:3,low_statement_source_overlap:3",2026-02-16T21:56:48.904558+00:00
zotero:4Q9UNT4M,TBL-20260216203213-017,queued_table_remake,translation_status_untranslatable_noise,23,4,0.1739,"translation_status:inferred:19,source_row_low_information:9,statement_low_information:5,effect_unknown:4,legacy_manual_cleanup_flag:4",2026-02-16T21:56:48.904558+00:00
zotero:4Q9UNT4M,TBL-20260216203216-020,queued_table_remake,translation_status_untranslatable_noise,16,4,0.2500,"translation_status:inferred:12,effect_unknown:4,environment_unresolved:4,legacy_manual_cleanup_flag:4,low_statement_source_overlap:4",2026-02-16T21:56:48.904558+00:00
zotero:4Q9UNT4M,TBL-20260216203218-023,queued_table_remake,translation_status_untranslatable_noise,4,2,0.5000,"source_row_low_information:3,effect_unknown:2,legacy_manual_cleanup_flag:2,low_statement_source_overlap:2,outcome_unresolved:2",2026-02-16T21:56:48.904558+00:00
zotero:4Q9UNT4M,TBL-20260216203218-027,queued_table_remake,translation_status_untranslatable_noise,4,2,0.5000,"source_row_low_information:3,effect_unknown:2,environment_unresolved:2,legacy_manual_cleanup_flag:2,low_statement_source_overlap:2",2026-02-16T21:56:48.904558+00:00
zotero:4Q9UNT4M,TBL-20260216203219-029,queued_table_remake,translation_status_untranslatable_noise,2,1,0.5000,"effect_unknown:1,legacy_manual_cleanup_flag:1,low_statement_source_overlap:1,outcome_unresolved:1,source_row_low_information:1",2026-02-16T21:56:48.904558+00:00
zotero:4QHCLZ4R,TBL-20260216203314-004,queued_table_remake,translation_status_untranslatable_noise,4,2,0.5000,"translation_status:inferred:2,effect_unknown:2,environment_unresolved:2,legacy_manual_cleanup_flag:2,low_statement_source_overlap:2",2026-02-16T21:56:48.904558+00:00
zotero:4QHCLZ4R,TBL-20260216203314-005,queued_table_remake,translation_status_untranslatable_noise,5,5,1.0000,"effect_unknown:5,environment_unresolved:5,legacy_manual_cleanup_flag:5,low_statement_source_overlap:5,outcome_unresolved:5",2026-02-16T21:56:48.904558+00:00
zotero:4QHCLZ4R,TBL-20260216203314-006,queued_table_remake,translation_status_untranslatable_noise,11,10,0.9091,"effect_unknown:10,environment_unresolved:10,legacy_manual_cleanup_flag:10,low_statement_source_overlap:10,outcome_unresolved:10",2026-02-16T21:56:48.904558+00:00
zotero:4QHCLZ4R,TBL-20260216203315-012,queued_table_remake,translation_status_untranslatable_noise,2,1,0.5000,"translation_status:inferred:1,effect_unknown:1,legacy_manual_cleanup_flag:1,low_statement_source_overlap:1,outcome_unresolved:1",2026-02-16T21:56:48.904558+00:00
zotero:4QHCLZ4R,TBL-20260216203315-016,queued_table_remake,translation_status_untranslatable_noise,2,1,0.5000,"translation_status:fuzzy:1,effect_unknown:1,legacy_manual_cleanup_flag:1,low_statement_source_overlap:1,outcome_unresolved:1",2026-02-16T21:56:48.904558+00:00
zotero:4QHCLZ4R,TBL-20260216203315-026,queued_table_remake,translation_status_untranslatable_noise,9,8,0.8889,"effect_unknown:8,environment_unresolved:8,legacy_manual_cleanup_flag:8,low_statement_source_overlap:8,outcome_unresolved:8",2026-02-16T21:56:48.904558+00:00
zotero:4QHCLZ4R,TBL-20260216203315-027,queued_table_remake,translation_status_untranslatable_noise,8,8,1.0000,"effect_unknown:8,environment_unresolved:8,legacy_manual_cleanup_flag:8,low_statement_source_overlap:8,outcome_unresolved:8",2026-02-16T21:56:48.904558+00:00
zotero:4QHCLZ4R,TBL-20260216203315-028,queued_table_remake,translation_status_untranslatable_noise,10,9,0.9000,"effect_unknown:9,environment_unresolved:9,legacy_manual_cleanup_flag:9,low_statement_source_overlap:9,outcome_unresolved:9",2026-02-16T21:56:48.904558+00:00
zotero:4QHCLZ4R,TBL-20260216203315-029,queued_table_remake,translation_status_untranslatable_noise,5,4,0.8000,"effect_unknown:4,environment_unresolved:4,legacy_manual_cleanup_flag:4,low_statement_source_overlap:4,outcome_unresolved:4",2026-02-16T21:56:48.904558+00:00
zotero:4QHCLZ4R,TBL-20260216203315-030,queued_table_remake,translation_status_untranslatable_noise,5,4,0.8000,"effect_unknown:4,environment_unresolved:4,legacy_manual_cleanup_flag:4,low_statement_source_overlap:4,outcome_unresolved:4",2026-02-16T21:56:48.904558+00:00
zotero:4QHCLZ4R,TBL-20260216203315-031,queued_table_remake,translation_status_untranslatable_noise,11,1,0.0909,"translation_status:inferred:10,effect_unknown:1,environment_unresolved:1,legacy_manual_cleanup_flag:1,low_statement_source_overlap:1",2026-02-16T21:56:48.904558+00:00
zotero:4QHCLZ4R,TBL-20260216203315-032,queued_table_remake,translation_status_untranslatable_noise,11,1,0.0909,"translation_status:inferred:10,effect_unknown:1,environment_unresolved:1,legacy_manual_cleanup_flag:1,low_statement_source_overlap:1",2026-02-16T21:56:48.904558+00:00
zotero:6TNNU66U,TBL-20260216203336-001,queued_table_remake,translation_status_untranslatable_noise,2,2,1.0000,"effect_unknown:2,legacy_manual_cleanup_flag:2,low_statement_source_overlap:2,outcome_unresolved:2,translation_status:untranslatable_noise:2",2026-02-16T21:56:48.904558+00:00
zotero:6TNNU66U,TBL-20260216203336-002,queued_table_remake,translation_status_untranslatable_noise,9,9,1.0000,"effect_unknown:9,legacy_manual_cleanup_flag:9,low_statement_source_overlap:9,outcome_unresolved:9,translation_status:untranslatable_noise:9",2026-02-16T21:56:48.904558+00:00
zotero:6TNNU66U,TBL-20260216203336-003,queued_table_remake,translation_status_untranslatable_noise,4,4,1.0000,"effect_unknown:4,legacy_manual_cleanup_flag:4,low_statement_source_overlap:4,translation_status:untranslatable_noise:4,outcome_unresolved:3",2026-02-16T21:56:48.904558+00:00
zotero:6TNNU66U,TBL-20260216203336-004,queued_table_remake,translation_status_untranslatable_noise,25,25,1.0000,"effect_unknown:25,legacy_manual_cleanup_flag:25,low_statement_source_overlap:25,outcome_unresolved:25,translation_status:untranslatable_noise:25",2026-02-16T21:56:48.904558+00:00
zotero:6TNNU66U,TBL-20260216203336-005,queued_table_remake,translation_status_untranslatable_noise,2,2,1.0000,"effect_unknown:2,environment_unresolved:2,legacy_manual_cleanup_flag:2,low_statement_source_overlap:2,translation_status:untranslatable_noise:2",2026-02-16T21:56:48.904558+00:00
zotero:6TNNU66U,TBL-20260216203336-006,queued_table_remake,translation_status_untranslatable_noise,4,4,1.0000,"effect_unknown:4,legacy_manual_cleanup_flag:4,outcome_unresolved:4,translation_status:untranslatable_noise:4,environment_unresolved:3",2026-02-16T21:56:48.904558+00:00
zotero:6TNNU66U,TBL-20260216203336-007,queued_table_remake,translation_status_untranslatable_noise,6,6,1.0000,"effect_unknown:6,legacy_manual_cleanup_flag:6,low_statement_source_overlap:6,outcome_unresolved:6,translation_status:untranslatable_noise:6",2026-02-16T21:56:48.904558+00:00
zotero:6TNNU66U,TBL-20260216203336-010,queued_table_remake,translation_status_untranslatable_noise,7,7,1.0000,"effect_unknown:7,legacy_manual_cleanup_flag:7,low_statement_source_overlap:7,outcome_unresolved:7,translation_status:untranslatable_noise:7",2026-02-16T21:56:48.904558+00:00
zotero:6TNNU66U,TBL-20260216203336-011,queued_table_remake,translation_status_untranslatable_noise,2,2,1.0000,"effect_unknown:2,environment_unresolved:2,legacy_manual_cleanup_flag:2,low_statement_source_overlap:2,outcome_unresolved:2",2026-02-16T21:56:48.904558+00:00
zotero:878RTY64,TBL-20260214095911-013,queued_table_remake,translation_status_untranslatable_noise,3,1,0.3333,"translation_status:inferred:2,legacy_manual_cleanup_flag:1,low_statement_source_overlap:1,outcome_unresolved:1,source_row_low_information:1",2026-02-16T21:56:48.904558+00:00
zotero:878RTY64,TBL-20260214113105-013,queued_table_remake,translation_status_untranslatable_noise,3,1,0.3333,"translation_status:inferred:2,legacy_manual_cleanup_flag:1,low_statement_source_overlap:1,outcome_unresolved:1,source_row_low_information:1",2026-02-16T21:56:48.904558+00:00
zotero:878RTY64,TBL-20260214113538-013,queued_table_remake,translation_status_untranslatable_noise,3,1,0.3333,"translation_status:inferred:2,legacy_manual_cleanup_flag:1,low_statement_source_overlap:1,outcome_unresolved:1,source_row_low_information:1",2026-02-16T21:56:48.904558+00:00
zotero:878RTY64,TBL-20260214133158-013,queued_table_remake,translation_status_untranslatable_noise,3,1,0.3333,"translation_status:inferred:2,legacy_manual_cleanup_flag:1,low_statement_source_overlap:1,outcome_unresolved:1,source_row_low_information:1",2026-02-16T21:56:48.904558+00:00
zotero:BYQ83W2G,TBL-20260216203358-001,queued_table_remake,translation_status_untranslatable_noise,7,1,0.1429,"translation_status:inferred:6,effect_unknown:1,legacy_manual_cleanup_flag:1,low_statement_source_overlap:1,outcome_unresolved:1",2026-02-16T21:56:48.904558+00:00
zotero:BYQ83W2G,TBL-20260216203400-003,queued_table_remake,translation_status_untranslatable_noise,18,1,0.0556,"translation_status:inferred:16,effect_unknown:1,legacy_manual_cleanup_flag:1,low_statement_source_overlap:1,outcome_unresolved:1",2026-02-16T21:56:48.904558+00:00
zotero:BYQ83W2G,TBL-20260216203400-004,queued_table_remake,translation_status_untranslatable_noise,1,1,1.0000,"effect_unknown:1,environment_unresolved:1,legacy_manual_cleanup_flag:1,low_statement_source_overlap:1,outcome_unresolved:1",2026-02-16T21:56:48.904558+00:00
zotero:BYQ83W2G,TBL-20260216203400-006,queued_table_remake,translation_status_untranslatable_noise,5,4,0.8000,"effect_unknown:4,legacy_manual_cleanup_flag:4,low_statement_source_overlap:4,outcome_unresolved:4,translation_status:untranslatable_noise:4",2026-02-16T21:56:48.904558+00:00
zotero:BYQ83W2G,TBL-20260216203401-012,queued_table_remake,translation_status_untranslatable_noise,4,3,0.7500,"effect_unknown:3,legacy_manual_cleanup_flag:3,low_statement_source_overlap:3,outcome_unresolved:3,translation_status:untranslatable_noise:3",2026-02-16T21:56:48.904558+00:00
zotero:BYQ83W2G,TBL-20260216203401-013,queued_table_remake,translation_status_untranslatable_noise,12,1,0.0833,"translation_status:inferred:11,effect_unknown:1,environment_unresolved:1,legacy_manual_cleanup_flag:1,low_statement_source_overlap:1",2026-02-16T21:56:48.904558+00:00
zotero:BYQ83W2G,TBL-20260216203402-016,queued_table_remake,translation_status_untranslatable_noise,4,2,0.5000,"effect_unknown:2,legacy_manual_cleanup_flag:2,low_statement_source_overlap:2,outcome_unresolved:2,translation_status:untranslatable_noise:2",2026-02-16T21:56:48.904558+00:00
zotero:BYQ83W2G,TBL-20260216203402-017,queued_table_remake,translation_status_untranslatable_noise,3,3,1.0000,"effect_unknown:3,legacy_manual_cleanup_flag:3,low_statement_source_overlap:3,outcome_unresolved:3,source_row_low_information:3",2026-02-16T21:56:48.904558+00:00
zotero:BYQ83W2G,TBL-20260216203403-020,queued_table_remake,translation_status_untranslatable_noise,19,1,0.0526,"translation_status:inferred:18,effect_unknown:1,environment_unresolved:1,legacy_manual_cleanup_flag:1,low_statement_source_overlap:1",2026-02-16T21:56:48.904558+00:00
zotero:F4X7UZLU,TBL-20260216203430-004,queued_table_remake,translation_status_untranslatable_noise,1,1,1.0000,"effect_unknown:1,legacy_manual_cleanup_flag:1,low_statement_source_overlap:1,outcome_unresolved:1,source_row_low_information:1",2026-02-16T21:56:48.904558+00:00
zotero:F4X7UZLU,TBL-20260216203431-015,queued_table_remake,translation_status_untranslatable_noise,10,1,0.1000,"translation_status:inferred:9,effect_unknown:1,legacy_manual_cleanup_flag:1,low_statement_source_overlap:1,outcome_unresolved:1",2026-02-16T21:56:48.904558+00:00
zotero:F4X7UZLU,TBL-20260216203434-046,queued_table_remake,translation_status_untranslatable_noise,23,2,0.0870,"translation_status:inferred:21,effect_unknown:2,legacy_manual_cleanup_flag:2,low_statement_source_overlap:2,outcome_unresolved:2",2026-02-16T21:56:48.904558+00:00
zotero:FCWVA4AN,TBL-20260214100125-003,queued_table_remake,translation_status_untranslatable_noise,1,1,1.0000,"auto_denoised:1,auto_reconstructed:1,effect_unknown:1,environment_unresolved:1,legacy_manual_cleanup_flag:1",2026-02-16T21:56:48.904558+00:00
zotero:FCWVA4AN,TBL-20260214100449-003,queued_table_remake,translation_status_untranslatable_noise,1,1,1.0000,"auto_denoised:1,auto_reconstructed:1,effect_unknown:1,environment_unresolved:1,legacy_manual_cleanup_flag:1",2026-02-16T21:56:48.904558+00:00
zotero:FCWVA4AN,TBL-20260214100537-003,queued_table_remake,translation_status_untranslatable_noise,1,1,1.0000,"auto_denoised:1,auto_reconstructed:1,effect_unknown:1,environment_unresolved:1,legacy_manual_cleanup_flag:1",2026-02-16T21:56:48.904558+00:00
zotero:FCWVA4AN,TBL-20260214122211-003,queued_table_remake,translation_status_untranslatable_noise,1,1,1.0000,"auto_denoised:1,auto_reconstructed:1,effect_unknown:1,environment_unresolved:1,legacy_manual_cleanup_flag:1",2026-02-16T21:56:48.904558+00:00
zotero:FIZG8FDN,TBL-20260216203500-001,queued_table_remake,translation_status_untranslatable_noise,21,21,1.0000,"effect_unknown:21,legacy_manual_cleanup_flag:21,low_statement_source_overlap:21,translation_status:untranslatable_noise:21,outcome_unresolved:19",2026-02-16T21:56:48.904558+00:00
zotero:FIZG8FDN,TBL-20260216203500-002,queued_table_remake,translation_status_untranslatable_noise,2,2,1.0000,"effect_unknown:2,environment_unresolved:2,legacy_manual_cleanup_flag:2,low_statement_source_overlap:2,outcome_unresolved:2",2026-02-16T21:56:48.904558+00:00
zotero:FIZG8FDN,TBL-20260216203500-003,queued_table_remake,translation_status_untranslatable_noise,5,5,1.0000,"effect_unknown:5,legacy_manual_cleanup_flag:5,low_statement_source_overlap:5,outcome_unresolved:5,translation_status:untranslatable_noise:5",2026-02-16T21:56:48.904558+00:00
zotero:FIZG8FDN,TBL-20260216203500-004,queued_table_remake,translation_status_untranslatable_noise,6,6,1.0000,"effect_unknown:6,legacy_manual_cleanup_flag:6,low_statement_source_overlap:6,outcome_unresolved:6,translation_status:untranslatable_noise:6",2026-02-16T21:56:48.904558+00:00
zotero:FIZG8FDN,TBL-20260216203500-005,queued_table_remake,translation_status_untranslatable_noise,1,1,1.0000,"effect_unknown:1,environment_unresolved:1,legacy_manual_cleanup_flag:1,low_statement_source_overlap:1,outcome_unresolved:1",2026-02-16T21:56:48.904558+00:00
zotero:FIZG8FDN,TBL-20260216203500-006,queued_table_remake,translation_status_untranslatable_noise,5,5,1.0000,"effect_unknown:5,legacy_manual_cleanup_flag:5,low_statement_source_overlap:5,outcome_unresolved:5,translation_status:untranslatable_noise:5",2026-02-16T21:56:48.904558+00:00
zotero:H2N34YKV,TBL-20260216203509-006,queued_table_remake,translation_status_untranslatable_noise,4,1,0.2500,"translation_status:inferred:3,effect_unknown:1,legacy_manual_cleanup_flag:1,low_statement_source_overlap:1,outcome_unresolved:1",2026-02-16T21:56:48.904558+00:00
zotero:H6V4IFMZ,TBL-20260216203515-002,queued_table_remake,translation_status_untranslatable_noise,1,1,1.0000,"effect_unknown:1,legacy_manual_cleanup_flag:1,low_statement_source_overlap:1,outcome_unresolved:1,source_row_low_information:1",2026-02-16T21:56:48.904558+00:00
zotero:H6V4IFMZ,TBL-20260216203515-003,queued_table_remake,translation_status_untranslatable_noise,1,1,1.0000,"effect_unknown:1,legacy_manual_cleanup_flag:1,low_statement_source_overlap:1,outcome_unresolved:1,source_row_low_information:1",2026-02-16T21:56:48.904558+00:00
zotero:H6V4IFMZ,TBL-20260216203516-004,queued_table_remake,translation_status_untranslatable_noise,1,1,1.0000,"effect_unknown:1,legacy_manual_cleanup_flag:1,low_statement_source_overlap:1,outcome_unresolved:1,source_row_low_information:1",2026-02-16T21:56:48.904558+00:00
zotero:H6V4IFMZ,TBL-20260216203516-005,queued_table_remake,translation_status_untranslatable_noise,1,1,1.0000,"effect_unknown:1,legacy_manual_cleanup_flag:1,low_statement_source_overlap:1,outcome_unresolved:1,source_row_low_information:1",2026-02-16T21:56:48.904558+00:00
zotero:H6V4IFMZ,TBL-20260216203516-006,queued_table_remake,translation_status_untranslatable_noise,1,1,1.0000,"effect_unknown:1,legacy_manual_cleanup_flag:1,low_statement_source_overlap:1,outcome_unresolved:1,source_row_low_information:1",2026-02-16T21:56:48.904558+00:00
zotero:H6V4IFMZ,TBL-20260216203516-007,queued_table_remake,translation_status_untranslatable_noise,1,1,1.0000,"effect_unknown:1,legacy_manual_cleanup_flag:1,low_statement_source_overlap:1,outcome_unresolved:1,source_row_low_information:1",2026-02-16T21:56:48.904558+00:00
zotero:H6V4IFMZ,TBL-20260216203516-008,queued_table_remake,translation_status_untranslatable_noise,1,1,1.0000,"effect_unknown:1,legacy_manual_cleanup_flag:1,low_statement_source_overlap:1,outcome_unresolved:1,source_row_low_information:1",2026-02-16T21:56:48.904558+00:00
zotero:H6V4IFMZ,TBL-20260216203516-009,queued_table_remake,translation_status_untranslatable_noise,1,1,1.0000,"effect_unknown:1,legacy_manual_cleanup_flag:1,low_statement_source_overlap:1,outcome_unresolved:1,source_row_low_information:1",2026-02-16T21:56:48.904558+00:00
zotero:H6V4IFMZ,TBL-20260216203516-010,queued_table_remake,translation_status_untranslatable_noise,1,1,1.0000,"effect_unknown:1,legacy_manual_cleanup_flag:1,low_statement_source_overlap:1,outcome_unresolved:1,source_row_low_information:1",2026-02-16T21:56:48.904558+00:00
zotero:H6V4IFMZ,TBL-20260216203516-011,queued_table_remake,translation_status_untranslatable_noise,1,1,1.0000,"effect_unknown:1,legacy_manual_cleanup_flag:1,low_statement_source_overlap:1,outcome_unresolved:1,source_row_low_information:1",2026-02-16T21:56:48.904558+00:00
zotero:H6V4IFMZ,TBL-20260216203516-012,queued_table_remake,translation_status_untranslatable_noise,1,1,1.0000,"effect_unknown:1,legacy_manual_cleanup_flag:1,low_statement_source_overlap:1,outcome_unresolved:1,source_row_low_information:1",2026-02-16T21:56:48.904558+00:00
zotero:H6V4IFMZ,TBL-20260216203516-013,queued_table_remake,translation_status_untranslatable_noise,1,1,1.0000,"effect_unknown:1,legacy_manual_cleanup_flag:1,low_statement_source_overlap:1,outcome_unresolved:1,source_row_low_information:1",2026-02-16T21:56:48.904558+00:00
zotero:H6V4IFMZ,TBL-20260216203516-014,queued_table_remake,translation_status_untranslatable_noise,1,1,1.0000,"effect_unknown:1,legacy_manual_cleanup_flag:1,low_statement_source_overlap:1,outcome_unresolved:1,source_row_low_information:1",2026-02-16T21:56:48.904558+00:00
zotero:H6V4IFMZ,TBL-20260216203516-019,queued_table_remake,translation_status_untranslatable_noise,1,1,1.0000,"effect_unknown:1,environment_unresolved:1,legacy_manual_cleanup_flag:1,low_statement_source_overlap:1,outcome_unresolved:1",2026-02-16T21:56:48.904558+00:00
zotero:H6V4IFMZ,TBL-20260216203516-020,queued_table_remake,translation_status_untranslatable_noise,1,1,1.0000,"effect_unknown:1,legacy_manual_cleanup_flag:1,low_statement_source_overlap:1,outcome_unresolved:1,source_row_low_information:1",2026-02-16T21:56:48.904558+00:00
zotero:H6V4IFMZ,TBL-20260216203517-022,queued_table_remake,translation_status_untranslatable_noise,1,1,1.0000,"effect_unknown:1,environment_unresolved:1,legacy_manual_cleanup_flag:1,low_statement_source_overlap:1,outcome_unresolved:1",2026-02-16T21:56:48.904558+00:00
zotero:H6V4IFMZ,TBL-20260216203517-025,queued_table_remake,translation_status_untranslatable_noise,1,1,1.0000,"effect_unknown:1,legacy_manual_cleanup_flag:1,low_statement_source_overlap:1,outcome_unresolved:1,source_row_low_information:1",2026-02-16T21:56:48.904558+00:00
zotero:H6V4IFMZ,TBL-20260216203517-028,queued_table_remake,translation_status_untranslatable_noise,1,1,1.0000,"effect_unknown:1,legacy_manual_cleanup_flag:1,low_statement_source_overlap:1,outcome_unresolved:1,source_row_low_information:1",2026-02-16T21:56:48.904558+00:00
zotero:H6V4IFMZ,TBL-20260216203517-029,queued_table_remake,translation_status_untranslatable_noise,1,1,1.0000,"effect_unknown:1,legacy_manual_cleanup_flag:1,low_statement_source_overlap:1,outcome_unresolved:1,source_row_low_information:1",2026-02-16T21:56:48.904558+00:00
zotero:H6V4IFMZ,TBL-20260216203517-030,queued_table_remake,translation_status_untranslatable_noise,1,1,1.0000,"effect_unknown:1,legacy_manual_cleanup_flag:1,low_statement_source_overlap:1,outcome_unresolved:1,source_row_low_information:1",2026-02-16T21:56:48.904558+00:00
zotero:H6V4IFMZ,TBL-20260216203517-031,queued_table_remake,translation_status_untranslatable_noise,1,1,1.0000,"effect_unknown:1,legacy_manual_cleanup_flag:1,low_statement_source_overlap:1,outcome_unresolved:1,source_row_low_information:1",2026-02-16T21:56:48.904558+00:00
zotero:H6V4IFMZ,TBL-20260216203517-032,queued_table_remake,translation_status_untranslatable_noise,1,1,1.0000,"effect_unknown:1,legacy_manual_cleanup_flag:1,low_statement_source_overlap:1,outcome_unresolved:1,source_row_low_information:1",2026-02-16T21:56:48.904558+00:00
zotero:MRZL6AGQ,TBL-20260216203524-001,queued_table_remake,translation_status_untranslatable_noise,2,1,0.5000,"translation_status:inferred:1,effect_unknown:1,environment_unresolved:1,legacy_manual_cleanup_flag:1,low_statement_source_overlap:1",2026-02-16T21:56:48.904558+00:00
zotero:MRZL6AGQ,TBL-20260216203524-014,queued_table_remake,translation_status_untranslatable_noise,11,1,0.0909,"translation_status:inferred:10,effect_unknown:1,environment_unresolved:1,legacy_manual_cleanup_flag:1,low_statement_source_overlap:1",2026-02-16T21:56:48.904558+00:00
zotero:MRZL6AGQ,TBL-20260216203524-021,queued_table_remake,translation_status_untranslatable_noise,13,1,0.0769,"translation_status:inferred:12,effect_unknown:1,environment_unresolved:1,legacy_manual_cleanup_flag:1,low_statement_source_overlap:1",2026-02-16T21:56:48.904558+00:00
zotero:MRZL6AGQ,TBL-20260216203524-026,queued_table_remake,translation_status_untranslatable_noise,20,1,0.0500,"translation_status:inferred:18,translation_status:fuzzy:1,effect_unknown:1,environment_unresolved:1,legacy_manual_cleanup_flag:1",2026-02-16T21:56:48.904558+00:00
zotero:MRZL6AGQ,TBL-20260216203524-027,queued_table_remake,translation_status_untranslatable_noise,3,1,0.3333,"translation_status:inferred:2,effect_unknown:1,environment_unresolved:1,legacy_manual_cleanup_flag:1,low_statement_source_overlap:1",2026-02-16T21:56:48.904558+00:00
zotero:Q5YDAT65,TBL-20260216203549-002,queued_table_remake,translation_status_untranslatable_noise,17,16,0.9412,"effect_unknown:16,legacy_manual_cleanup_flag:16,low_statement_source_overlap:16,outcome_unresolved:16,translation_status:untranslatable_noise:16",2026-02-16T21:56:48.904558+00:00
zotero:Q5YDAT65,TBL-20260216203549-003,queued_table_remake,translation_status_untranslatable_noise,14,5,0.3571,"translation_status:inferred:9,source_row_low_information:6,effect_unknown:5,legacy_manual_cleanup_flag:5,low_statement_source_overlap:5",2026-02-16T21:56:48.904558+00:00
zotero:Q5YDAT65,TBL-20260216203549-004,queued_table_remake,translation_status_untranslatable_noise,3,2,0.6667,"source_row_low_information:3,effect_unknown:2,environment_unresolved:2,legacy_manual_cleanup_flag:2,low_statement_source_overlap:2",2026-02-16T21:56:48.904558+00:00
zotero:Q5YDAT65,TBL-20260216203549-005,queued_table_remake,translation_status_untranslatable_noise,1,1,1.0000,"effect_unknown:1,environment_unresolved:1,legacy_manual_cleanup_flag:1,low_statement_source_overlap:1,outcome_unresolved:1",2026-02-16T21:56:48.904558+00:00
zotero:Q5YDAT65,TBL-20260216203549-007,queued_table_remake,translation_status_untranslatable_noise,1,1,1.0000,"effect_unknown:1,environment_unresolved:1,legacy_manual_cleanup_flag:1,low_statement_source_overlap:1,outcome_unresolved:1",2026-02-16T21:56:48.904558+00:00
zotero:Q5YDAT65,TBL-20260216203549-008,queued_table_remake,translation_status_untranslatable_noise,1,1,1.0000,"effect_unknown:1,environment_unresolved:1,legacy_manual_cleanup_flag:1,low_statement_source_overlap:1,outcome_unresolved:1",2026-02-16T21:56:48.904558+00:00
zotero:Q5YDAT65,TBL-20260216203549-009,queued_table_remake,translation_status_untranslatable_noise,1,1,1.0000,"effect_unknown:1,environment_unresolved:1,legacy_manual_cleanup_flag:1,low_statement_source_overlap:1,outcome_unresolved:1",2026-02-16T21:56:48.904558+00:00
zotero:Q5YDAT65,TBL-20260216203549-010,queued_table_remake,translation_status_untranslatable_noise,9,5,0.5556,"effect_unknown:5,environment_unresolved:5,legacy_manual_cleanup_flag:5,low_statement_source_overlap:5,outcome_unresolved:5",2026-02-16T21:56:48.904558+00:00
zotero:Q5YDAT65,TBL-20260216203549-011,queued_table_remake,translation_status_untranslatable_noise,16,15,0.9375,"effect_unknown:15,legacy_manual_cleanup_flag:15,low_statement_source_overlap:15,outcome_unresolved:15,translation_status:untranslatable_noise:15",2026-02-16T21:56:48.904558+00:00
zotero:Q5YDAT65,TBL-20260216203549-014,queued_table_remake,translation_status_untranslatable_noise,8,4,0.5000,"effect_unknown:4,environment_unresolved:4,legacy_manual_cleanup_flag:4,low_statement_source_overlap:4,outcome_unresolved:4",2026-02-16T21:56:48.904558+00:00
zotero:Q5YDAT65,TBL-20260216203550-015,queued_table_remake,translation_status_untranslatable_noise,23,18,0.7826,"effect_unknown:18,legacy_manual_cleanup_flag:18,low_statement_source_overlap:18,outcome_unresolved:18,source_row_low_information:18",2026-02-16T21:56:48.904558+00:00
zotero:Q5YDAT65,TBL-20260216203550-016,queued_table_remake,translation_status_untranslatable_noise,13,1,0.0769,"translation_status:inferred:12,source_row_low_information:2,statement_low_information:1,effect_unknown:1,legacy_manual_cleanup_flag:1",2026-02-16T21:56:48.904558+00:00
zotero:SUUECVYU,TBL-20260216203618-004,queued_table_remake,translation_status_untranslatable_noise,3,3,1.0000,"effect_unknown:3,legacy_manual_cleanup_flag:3,low_statement_source_overlap:3,outcome_unresolved:3,source_row_low_information:3",2026-02-16T21:56:48.904558+00:00
zotero:TFKWSKYP,TBL-20260214160410-001,queued_table_remake,translation_status_untranslatable_noise,7,7,1.0000,"auto_denoised:7,auto_reconstructed:7,effect_unknown:7,legacy_manual_cleanup_flag:7,low_statement_source_overlap:7",2026-02-16T21:56:48.904558+00:00
zotero:TFKWSKYP,TBL-20260214160410-002,queued_table_remake,translation_status_untranslatable_noise,1,1,1.0000,"auto_denoised:1,auto_reconstructed:1,effect_unknown:1,environment_unresolved:1,legacy_manual_cleanup_flag:1",2026-02-16T21:56:48.904558+00:00
zotero:TFKWSKYP,TBL-20260214160410-003,queued_table_remake,translation_status_untranslatable_noise,4,4,1.0000,"auto_denoised:4,auto_reconstructed:4,effect_unknown:4,environment_unresolved:4,legacy_manual_cleanup_flag:4",2026-02-16T21:56:48.904558+00:00
zotero:TFKWSKYP,TBL-20260214160410-004,queued_table_remake,translation_status_untranslatable_noise,4,4,1.0000,"auto_denoised:4,auto_reconstructed:4,effect_unknown:4,legacy_manual_cleanup_flag:4,low_statement_source_overlap:4",2026-02-16T21:56:48.904558+00:00
zotero:TFKWSKYP,TBL-20260214193239-001,queued_table_remake,translation_status_untranslatable_noise,7,7,1.0000,"auto_denoised:7,auto_reconstructed:7,effect_unknown:7,legacy_manual_cleanup_flag:7,low_statement_source_overlap:7",2026-02-16T21:56:48.904558+00:00
zotero:TFKWSKYP,TBL-20260214193239-002,queued_table_remake,translation_status_untranslatable_noise,1,1,1.0000,"auto_denoised:1,auto_reconstructed:1,effect_unknown:1,environment_unresolved:1,legacy_manual_cleanup_flag:1",2026-02-16T21:56:48.904558+00:00
zotero:TFKWSKYP,TBL-20260214193239-003,queued_table_remake,translation_status_untranslatable_noise,4,4,1.0000,"auto_denoised:4,auto_reconstructed:4,effect_unknown:4,environment_unresolved:4,legacy_manual_cleanup_flag:4",2026-02-16T21:56:48.904558+00:00
zotero:TFKWSKYP,TBL-20260214193239-004,queued_table_remake,translation_status_untranslatable_noise,4,4,1.0000,"auto_denoised:4,auto_reconstructed:4,effect_unknown:4,legacy_manual_cleanup_flag:4,low_statement_source_overlap:4",2026-02-16T21:56:48.904558+00:00
zotero:TFKWSKYP,TBL-20260215013509-001,queued_table_remake,translation_status_untranslatable_noise,7,7,1.0000,"auto_denoised:7,auto_reconstructed:7,effect_unknown:7,legacy_manual_cleanup_flag:7,low_statement_source_overlap:7",2026-02-16T21:56:48.904558+00:00
zotero:TFKWSKYP,TBL-20260215013509-002,queued_table_remake,translation_status_untranslatable_noise,1,1,1.0000,"auto_denoised:1,auto_reconstructed:1,effect_unknown:1,environment_unresolved:1,legacy_manual_cleanup_flag:1",2026-02-16T21:56:48.904558+00:00
zotero:TFKWSKYP,TBL-20260215013509-003,queued_table_remake,translation_status_untranslatable_noise,4,4,1.0000,"auto_denoised:4,auto_reconstructed:4,effect_unknown:4,environment_unresolved:4,legacy_manual_cleanup_flag:4",2026-02-16T21:56:48.904558+00:00
zotero:TFKWSKYP,TBL-20260215013509-004,queued_table_remake,translation_status_untranslatable_noise,4,4,1.0000,"auto_denoised:4,auto_reconstructed:4,effect_unknown:4,legacy_manual_cleanup_flag:4,low_statement_source_overlap:4",2026-02-16T21:56:48.904558+00:00
zotero:TR3IUBWZ,TBL-20260215003935-001,queued_table_remake,translation_status_untranslatable_noise,3,3,1.0000,"auto_denoised:3,auto_reconstructed:3,effect_unknown:3,legacy_manual_cleanup_flag:3,low_statement_source_overlap:3",2026-02-16T21:56:48.904558+00:00
zotero:TR3IUBWZ,TBL-20260215003935-002,queued_table_remake,translation_status_untranslatable_noise,1,1,1.0000,"auto_denoised:1,auto_reconstructed:1,effect_unknown:1,environment_unresolved:1,legacy_manual_cleanup_flag:1",2026-02-16T21:56:48.904558+00:00
zotero:TR3IUBWZ,TBL-20260215003935-003,queued_table_remake,translation_status_untranslatable_noise,14,14,1.0000,"auto_denoised:14,auto_reconstructed:14,effect_unknown:14,environment_unresolved:14,legacy_manual_cleanup_flag:14",2026-02-16T21:56:48.904558+00:00
zotero:TR3IUBWZ,TBL-20260215003935-004,queued_table_remake,translation_status_untranslatable_noise,1,1,1.0000,"auto_denoised:1,auto_reconstructed:1,effect_unknown:1,legacy_manual_cleanup_flag:1,low_statement_source_overlap:1",2026-02-16T21:56:48.904558+00:00
zotero:UGQXI6YQ,TBL-20260214160044-001,queued_table_remake,translation_status_untranslatable_noise,3,3,1.0000,"auto_denoised:3,auto_reconstructed:3,effect_unknown:3,legacy_manual_cleanup_flag:3,low_statement_source_overlap:3",2026-02-16T21:56:48.904558+00:00
