paper_id,source_table_id,table_status,rows_total,verified_strong,verified_weak,suspect_rule,suspect_table,low_info_source_rows,env_resolved_rows,out_resolved_rows,effect_known_rows,auto_reconstructed_rows,auto_denoised_rows,top_reasons
doi:10.1002/cne.920180503,TBL-20260216225733-001,inadequate_table_remake,25,0,0,5,20,20,25,25,0,0,0,"low_statement_source_overlap:25,effect_unknown:25,translation_status:untranslatable_noise:25,source_row_low_information:20"
doi:10.1002/cne.920180503,TBL-20260216225733-003,inadequate_table_remake,21,0,0,10,11,11,21,21,0,0,0,"effect_unknown:21,translation_status:untranslatable_noise:21,low_statement_source_overlap:20,source_row_low_information:11"
doi:10.1002/cne.920180503,TBL-20260216225733-007,inadequate_table_remake,23,0,0,4,19,19,23,23,0,0,0,"low_statement_source_overlap:23,effect_unknown:23,translation_status:untranslatable_noise:23,source_row_low_information:19"
doi:10.1002/cne.920180503,TBL-20260216225733-009,inadequate_table_remake,14,0,0,5,9,9,14,14,0,0,0,"low_statement_source_overlap:14,effect_unknown:14,translation_status:untranslatable_noise:14,source_row_low_information:9"
doi:10.1002/cne.920180503,TBL-20260216225733-013,inadequate_table_remake,23,0,0,2,21,21,23,23,0,0,0,"low_statement_source_overlap:23,effect_unknown:23,translation_status:untranslatable_noise:23,source_row_low_information:21"
doi:10.1002/cne.920180503,TBL-20260216225733-014,inadequate_table_remake,21,0,0,3,18,18,21,21,0,0,0,"low_statement_source_overlap:21,effect_unknown:21,translation_status:untranslatable_noise:21,source_row_low_information:18"
doi:10.1002/cne.920180503,TBL-20260216225733-015,inadequate_table_remake,11,0,0,6,5,5,11,11,0,0,0,"low_statement_source_overlap:11,effect_unknown:11,translation_status:untranslatable_noise:11,source_row_low_information:5"
doi:10.1002/cne.920180503,TBL-20260216225733-016,inadequate_table_remake,25,0,0,5,20,20,25,24,0,0,0,"low_statement_source_overlap:25,effect_unknown:25,translation_status:untranslatable_noise:25,source_row_low_information:20,outcome_unresolved:1"
doi:10.1002/cne.920180503,TBL-20260216225733-017,inadequate_table_remake,1,0,0,0,1,1,1,1,0,0,0,"source_row_low_information:1,low_statement_source_overlap:1,effect_unknown:1,translation_status:untranslatable_noise:1"
doi:10.1002/cne.920180503,TBL-20260216225733-020,inadequate_table_remake,24,0,0,2,22,22,24,24,0,0,0,"low_statement_source_overlap:24,effect_unknown:24,translation_status:untranslatable_noise:24,source_row_low_information:22"
doi:10.1002/cne.920180503,TBL-20260216225733-022,inadequate_table_remake,2,0,0,1,1,1,2,2,0,0,0,"low_statement_source_overlap:2,effect_unknown:2,translation_status:untranslatable_noise:2,source_row_low_information:1"
doi:10.1002/cne.920180503,TBL-20260216225733-028,inadequate_table_remake,14,0,0,7,7,7,14,14,0,0,0,"low_statement_source_overlap:14,effect_unknown:14,translation_status:untranslatable_noise:14,source_row_low_information:7"
doi:10.1002/cne.920180503,TBL-20260216225733-029,inadequate_table_remake,1,0,0,0,1,1,1,1,0,0,0,"source_row_low_information:1,low_statement_source_overlap:1,effect_unknown:1,translation_status:untranslatable_noise:1"
doi:10.1002/hbm.24616,TBL-20260216225749-002,inadequate_table_remake,1,0,0,0,1,1,1,0,0,0,0,"source_row_low_information:1,low_statement_source_overlap:1,outcome_unresolved:1,effect_unknown:1,translation_status:untranslatable_noise:1"
doi:10.1002/hbm.24616,TBL-20260216225749-003,inadequate_table_remake,2,0,0,0,2,2,2,0,0,0,0,"source_row_low_information:2,low_statement_source_overlap:2,outcome_unresolved:2,effect_unknown:2,translation_status:untranslatable_noise:2"
doi:10.1002/joc.2120,TBL-20260216225753-001,inadequate_table_remake,2,1,0,0,1,1,2,1,1,0,0,"source_row_low_information:1,low_statement_source_overlap:1,outcome_unresolved:1,effect_unknown:1,translation_status:untranslatable_noise:1,translation_status:inferred:1"
doi:10.1002/joc.2120,TBL-20260216225753-004,inadequate_table_remake,1,0,0,0,1,1,1,0,0,0,0,"source_row_low_information:1,low_statement_source_overlap:1,outcome_unresolved:1,effect_unknown:1,translation_status:untranslatable_noise:1"
doi:10.1006/jevp.1996.0015,TBL-20260216225840-002,inadequate_table_remake,1,0,0,0,1,1,1,1,0,0,0,"source_row_low_information:1,low_statement_source_overlap:1,effect_unknown:1,translation_status:untranslatable_noise:1"
doi:10.1006/jevp.1996.0015,TBL-20260216225840-003,inadequate_table_remake,1,0,0,0,1,1,1,0,0,0,0,"source_row_low_information:1,low_statement_source_overlap:1,outcome_unresolved:1,effect_unknown:1,translation_status:untranslatable_noise:1"
doi:10.1006/jevp.1996.0015,TBL-20260216225840-004,inadequate_table_remake,1,0,0,0,1,1,1,0,0,0,0,"source_row_low_information:1,low_statement_source_overlap:1,outcome_unresolved:1,effect_unknown:1,translation_status:untranslatable_noise:1"
doi:10.1006/jevp.1996.0015,TBL-20260216225840-006,inadequate_table_remake,1,0,0,0,1,1,1,0,0,0,0,"source_row_low_information:1,low_statement_source_overlap:1,outcome_unresolved:1,effect_unknown:1,translation_status:untranslatable_noise:1"
doi:10.1006/jevp.1996.0015,TBL-20260216225840-007,inadequate_table_remake,1,0,0,0,1,1,1,0,0,0,0,"source_row_low_information:1,low_statement_source_overlap:1,outcome_unresolved:1,effect_unknown:1,translation_status:untranslatable_noise:1"
doi:10.1006/jevp.1996.0032,TBL-20260216225846-004,inadequate_table_remake,1,0,0,0,1,1,1,1,0,0,0,"source_row_low_information:1,low_statement_source_overlap:1,effect_unknown:1,translation_status:untranslatable_noise:1"
doi:10.1006/jevp.1999.0169,TBL-20260216225851-003,inadequate_table_remake,1,0,0,0,1,1,1,0,0,0,0,"source_row_low_information:1,low_statement_source_overlap:1,outcome_unresolved:1,effect_unknown:1,translation_status:untranslatable_noise:1"
doi:10.1006/jevp.1999.0169,TBL-20260216225851-004,inadequate_table_remake,1,0,0,0,1,1,1,0,0,0,0,"source_row_low_information:1,low_statement_source_overlap:1,outcome_unresolved:1,effect_unknown:1,translation_status:untranslatable_noise:1"
doi:10.1006/jevp.1999.0169,TBL-20260216225851-007,inadequate_table_remake,1,0,0,0,1,1,1,0,0,0,0,"source_row_low_information:1,low_statement_source_overlap:1,outcome_unresolved:1,effect_unknown:1,translation_status:untranslatable_noise:1"
doi:10.1007/11853565_19,TBL-20260216225911-002,inadequate_table_remake,1,0,0,0,1,1,1,1,0,0,0,"source_row_low_information:1,low_statement_source_overlap:1,effect_unknown:1,translation_status:untranslatable_noise:1"
doi:10.1007/3-540-48384-5_25,TBL-20260216225938-002,inadequate_table_remake,14,0,0,1,13,13,14,14,0,0,0,"low_statement_source_overlap:14,effect_unknown:14,translation_status:untranslatable_noise:14,source_row_low_information:13"
doi:10.1007/3-540-48384-5_25,TBL-20260216225938-003,inadequate_table_remake,22,0,0,1,21,21,22,22,0,0,0,"low_statement_source_overlap:22,effect_unknown:22,translation_status:untranslatable_noise:22,source_row_low_information:21"
doi:10.1007/978-3-031-41148-9_12,TBL-20260216195251-001,inadequate_table_remake,4,0,4,0,0,4,4,4,4,0,0,"source_row_low_information:4,low_statement_source_overlap:4,translation_status:noncausal:4"
doi:10.1007/978-3-031-64699-7_9,TBL-20260216230012-001,inadequate_table_remake,5,0,0,0,5,5,5,5,0,0,0,"source_row_low_information:5,low_statement_source_overlap:5,effect_unknown:5,translation_status:untranslatable_noise:5"
doi:10.1007/978-3-319-45430-6,TBL-20260216230021-001,inadequate_table_remake,17,1,16,0,0,16,17,17,17,0,0,"translation_status:inferred:17,source_row_low_information:16,statement_low_information:16"
doi:10.1007/978-3-319-45430-6,TBL-20260216230024-006,inadequate_table_remake,9,0,9,0,0,9,9,9,9,0,0,"source_row_low_information:9,statement_low_information:9,translation_status:inferred:8,translation_status:fuzzy:1"
doi:10.1007/978-3-319-45430-6,TBL-20260216230029-012,inadequate_table_remake,2,1,0,0,1,1,2,2,1,0,0,"translation_status:inferred:1,source_row_low_information:1,low_statement_source_overlap:1,effect_unknown:1,translation_status:untranslatable_noise:1"
doi:10.1007/978-981-99-4638-9_27-1,TBL-20260216195654-001,inadequate_table_remake,10,4,6,0,0,6,10,10,10,0,0,"translation_status:inferred:10,source_row_low_information:6,statement_low_information:6"
doi:10.1007/s00226-021-01320-7,TBL-20260216230153-003,inadequate_table_remake,5,0,0,2,3,3,5,5,0,0,0,"low_statement_source_overlap:5,effect_unknown:5,translation_status:untranslatable_noise:5,source_row_low_information:3"
doi:10.1007/s00226-021-01320-7,TBL-20260216230153-008,inadequate_table_remake,9,0,0,0,9,9,9,6,0,0,0,"source_row_low_information:9,low_statement_source_overlap:9,effect_unknown:9,translation_status:untranslatable_noise:9,outcome_unresolved:3"
doi:10.1007/s00226-021-01320-7,TBL-20260216230153-016,inadequate_table_remake,10,0,0,7,3,3,10,9,0,0,0,"low_statement_source_overlap:10,effect_unknown:10,translation_status:untranslatable_noise:10,source_row_low_information:3,outcome_unresolved:1"
doi:10.1007/s00226-021-01320-7,TBL-20260216230153-023,inadequate_table_remake,14,0,0,9,5,5,14,14,0,0,0,"low_statement_source_overlap:14,effect_unknown:14,translation_status:untranslatable_noise:14,source_row_low_information:5"
doi:10.1007/s00265-018-2602-7,TBL-20260216230205-006,inadequate_table_remake,5,1,4,0,0,4,5,5,5,0,0,"source_row_low_information:4,statement_low_information:4,translation_status:inferred:4,translation_status:fuzzy:1"
doi:10.1007/s00426-018-1015-6,TBL-20260216195715-003,inadequate_table_remake,4,1,3,0,0,3,4,4,4,0,0,"translation_status:inferred:4,source_row_low_information:3,statement_low_information:3"
doi:10.1007/s10936-023-09967-y,TBL-20260216230229-001,inadequate_table_remake,2,0,0,0,2,2,2,0,0,0,0,"source_row_low_information:2,low_statement_source_overlap:2,outcome_unresolved:2,effect_unknown:2,translation_status:untranslatable_noise:2"
doi:10.1007/s11406-017-9841-0,TBL-20260216230318-015,inadequate_table_remake,2,1,0,0,1,1,2,2,1,0,0,"translation_status:fuzzy:1,source_row_low_information:1,low_statement_source_overlap:1,effect_unknown:1,translation_status:untranslatable_noise:1"
doi:10.1007/s11676-023-01683-6,TBL-20260216230315-006,inadequate_table_remake,24,0,0,17,7,7,24,24,0,0,0,"low_statement_source_overlap:24,effect_unknown:24,translation_status:untranslatable_noise:24,source_row_low_information:7"
doi:10.1007/s11676-023-01683-6,TBL-20260216230315-007,inadequate_table_remake,5,0,0,2,3,3,5,5,0,0,0,"low_statement_source_overlap:5,effect_unknown:5,translation_status:untranslatable_noise:5,source_row_low_information:3"
doi:10.1007/s11676-023-01683-6,TBL-20260216230315-009,inadequate_table_remake,25,0,0,12,13,13,25,25,0,0,0,"low_statement_source_overlap:25,effect_unknown:25,translation_status:untranslatable_noise:25,source_row_low_information:13"
doi:10.1007/s13762-023-04869-x,TBL-20260216230346-001,inadequate_table_remake,2,0,0,1,1,1,2,1,0,0,0,"low_statement_source_overlap:2,effect_unknown:2,translation_status:untranslatable_noise:2,source_row_low_information:1,outcome_unresolved:1"
doi:10.1016/0010-0285(87)90008-9,TBL-20260216230455-004,inadequate_table_remake,25,0,0,7,18,18,25,25,0,0,0,"low_statement_source_overlap:25,effect_unknown:25,translation_status:untranslatable_noise:25,source_row_low_information:18"
doi:10.1016/0272-4944(95)90013-6,TBL-20260216230458-001,inadequate_table_remake,2,0,0,1,1,1,2,2,0,0,0,"low_statement_source_overlap:2,effect_unknown:2,translation_status:untranslatable_noise:2,source_row_low_information:1"
doi:10.1016/b978-0-444-53817-8.00007-4,TBL-20260216230511-001,inadequate_table_remake,1,0,0,0,1,1,1,0,0,0,0,"source_row_low_information:1,low_statement_source_overlap:1,outcome_unresolved:1,effect_unknown:1,translation_status:untranslatable_noise:1"
doi:10.1016/j.actpsy.2021.103285,TBL-20260216230531-005,inadequate_table_remake,2,0,0,0,2,2,2,1,0,0,0,"source_row_low_information:2,low_statement_source_overlap:2,effect_unknown:2,translation_status:untranslatable_noise:2,outcome_unresolved:1"
doi:10.1016/j.actpsy.2021.103285,TBL-20260216230531-006,inadequate_table_remake,1,0,0,0,1,1,1,0,0,0,0,"source_row_low_information:1,low_statement_source_overlap:1,outcome_unresolved:1,effect_unknown:1,translation_status:untranslatable_noise:1"
doi:10.1016/j.actpsy.2021.103285,TBL-20260216230531-007,inadequate_table_remake,1,0,0,0,1,1,1,0,0,0,0,"source_row_low_information:1,low_statement_source_overlap:1,outcome_unresolved:1,effect_unknown:1,translation_status:untranslatable_noise:1"
doi:10.1016/j.actpsy.2021.103285,TBL-20260216230531-008,inadequate_table_remake,1,0,0,0,1,1,1,0,0,0,0,"source_row_low_information:1,low_statement_source_overlap:1,outcome_unresolved:1,effect_unknown:1,translation_status:untranslatable_noise:1"
doi:10.1016/j.actpsy.2021.103285,TBL-20260216230531-009,inadequate_table_remake,1,0,0,0,1,1,1,0,0,0,0,"source_row_low_information:1,low_statement_source_overlap:1,outcome_unresolved:1,effect_unknown:1,translation_status:untranslatable_noise:1"
doi:10.1016/j.actpsy.2021.103285,TBL-20260216230531-010,inadequate_table_remake,1,0,0,0,1,1,1,0,0,0,0,"source_row_low_information:1,low_statement_source_overlap:1,outcome_unresolved:1,effect_unknown:1,translation_status:untranslatable_noise:1"
doi:10.1016/j.buildenv.2018.04.029,TBL-20260216230608-001,inadequate_table_remake,4,0,0,0,4,4,4,4,0,0,0,"source_row_low_information:4,low_statement_source_overlap:4,effect_unknown:4,translation_status:untranslatable_noise:4"
doi:10.1016/j.buildenv.2018.04.029,TBL-20260216230608-002,inadequate_table_remake,1,0,0,0,1,1,1,1,0,0,0,"source_row_low_information:1,low_statement_source_overlap:1,effect_unknown:1,translation_status:untranslatable_noise:1"
doi:10.1016/j.buildenv.2018.04.029,TBL-20260216230610-003,inadequate_table_remake,2,1,0,0,1,1,2,2,1,0,0,"translation_status:inferred:1,source_row_low_information:1,low_statement_source_overlap:1,effect_unknown:1,translation_status:untranslatable_noise:1"
doi:10.1016/j.buildenv.2018.04.029,TBL-20260216230611-004,inadequate_table_remake,36,3,33,0,0,33,36,36,36,0,0,"translation_status:inferred:36,source_row_low_information:33,statement_low_information:33"
doi:10.1016/j.buildenv.2018.04.029,TBL-20260216230611-005,inadequate_table_remake,2,0,0,0,2,2,2,0,0,0,0,"source_row_low_information:2,low_statement_source_overlap:2,outcome_unresolved:2,effect_unknown:2,translation_status:untranslatable_noise:2"
doi:10.1016/j.buildenv.2018.04.029,TBL-20260216230613-006,inadequate_table_remake,13,1,1,0,11,11,13,1,2,0,0,"outcome_unresolved:12,source_row_low_information:11,low_statement_source_overlap:11,effect_unknown:11,translation_status:untranslatable_noise:11,translation_status:inferred:2"
doi:10.1016/j.buildenv.2018.04.029,TBL-20260216230614-007,inadequate_table_remake,1,0,0,0,1,1,1,1,0,0,0,"source_row_low_information:1,low_statement_source_overlap:1,effect_unknown:1,translation_status:untranslatable_noise:1"
doi:10.1016/j.buildenv.2018.04.029,TBL-20260216230614-008,inadequate_table_remake,18,0,0,0,18,18,18,18,0,0,0,"source_row_low_information:18,low_statement_source_overlap:18,effect_unknown:18,translation_status:untranslatable_noise:18"
doi:10.1016/j.buildenv.2018.04.029,TBL-20260216230615-009,inadequate_table_remake,28,5,22,0,1,23,28,28,27,0,0,"translation_status:inferred:26,source_row_low_information:23,statement_low_information:22,low_statement_source_overlap:1,effect_unknown:1,translation_status:untranslatable_noise:1"
doi:10.1016/j.buildenv.2018.04.029,TBL-20260216230617-011,inadequate_table_remake,13,2,7,0,4,11,13,13,9,0,0,"source_row_low_information:11,translation_status:inferred:9,statement_low_information:7,low_statement_source_overlap:4,effect_unknown:4,translation_status:untranslatable_noise:4"
doi:10.1016/j.buildenv.2018.04.029,TBL-20260216230618-013,inadequate_table_remake,5,0,5,0,0,5,5,5,5,0,0,"source_row_low_information:5,statement_low_information:5,translation_status:inferred:5"
doi:10.1016/j.compfluid.2019.06.031,TBL-20260216230624-001,inadequate_table_remake,6,3,3,0,0,3,6,6,6,0,0,"translation_status:inferred:6,source_row_low_information:3,statement_low_information:3"
doi:10.1016/j.compfluid.2019.06.031,TBL-20260216230627-011,inadequate_table_remake,1,0,0,0,1,1,1,1,0,0,0,"source_row_low_information:1,low_statement_source_overlap:1,effect_unknown:1,translation_status:untranslatable_noise:1"
doi:10.1016/j.compfluid.2019.06.031,TBL-20260216230632-016,inadequate_table_remake,1,0,0,0,1,1,1,0,0,0,0,"source_row_low_information:1,low_statement_source_overlap:1,outcome_unresolved:1,effect_unknown:1,translation_status:untranslatable_noise:1"
doi:10.1016/j.envres.2020.110169,TBL-20260216230711-001,inadequate_table_remake,3,0,0,0,3,3,3,0,0,0,0,"source_row_low_information:3,low_statement_source_overlap:3,outcome_unresolved:3,effect_unknown:3,translation_status:untranslatable_noise:3"
doi:10.1016/j.erss.2016.02.008,TBL-20260216230728-007,inadequate_table_remake,9,0,0,3,6,6,9,9,0,0,0,"low_statement_source_overlap:9,effect_unknown:9,translation_status:untranslatable_noise:9,source_row_low_information:6"
doi:10.1016/j.erss.2016.02.008,TBL-20260216230728-009,inadequate_table_remake,25,0,0,20,5,5,25,25,0,0,0,"low_statement_source_overlap:25,effect_unknown:25,translation_status:untranslatable_noise:25,source_row_low_information:5"
doi:10.1016/j.landurbplan.2012.12.013,TBL-20260216230729-004,inadequate_table_remake,4,0,0,0,4,4,4,4,0,0,0,"source_row_low_information:4,low_statement_source_overlap:4,effect_unknown:4,translation_status:untranslatable_noise:4"
doi:10.1016/j.neuropsychologia.2014.08.030,TBL-20260216230757-007,inadequate_table_remake,2,0,0,0,2,2,2,0,0,0,0,"source_row_low_information:2,low_statement_source_overlap:2,outcome_unresolved:2,effect_unknown:2,translation_status:untranslatable_noise:2"
doi:10.1016/j.neuropsychologia.2014.08.030,TBL-20260216230757-008,inadequate_table_remake,2,0,0,1,1,1,2,1,0,0,0,"low_statement_source_overlap:2,effect_unknown:2,translation_status:untranslatable_noise:2,source_row_low_information:1,outcome_unresolved:1"
doi:10.1016/j.neuropsychologia.2014.08.030,TBL-20260216230802-016,inadequate_table_remake,7,3,0,0,4,4,7,3,4,0,0,"translation_status:inferred:4,source_row_low_information:4,outcome_unresolved:4,low_statement_source_overlap:3,effect_unknown:3,translation_status:untranslatable_noise:3"
doi:10.1016/j.neuropsychologia.2014.08.030,TBL-20260216230807-020,inadequate_table_remake,25,12,0,0,13,13,25,23,12,0,0,"source_row_low_information:13,low_statement_source_overlap:13,effect_unknown:13,translation_status:untranslatable_noise:13,translation_status:inferred:12,outcome_unresolved:2"
doi:10.1016/j.neuropsychologia.2014.08.030,TBL-20260216230807-021,inadequate_table_remake,5,2,0,0,3,3,5,2,2,0,0,"source_row_low_information:3,low_statement_source_overlap:3,outcome_unresolved:3,effect_unknown:3,translation_status:untranslatable_noise:3,translation_status:inferred:2"
doi:10.1016/j.neuropsychologia.2014.08.030,TBL-20260216230807-022,inadequate_table_remake,17,0,0,0,17,17,17,0,0,0,0,"source_row_low_information:17,low_statement_source_overlap:17,outcome_unresolved:17,effect_unknown:17,translation_status:untranslatable_noise:17"
doi:10.1016/j.neuropsychologia.2014.08.030,TBL-20260216230807-023,inadequate_table_remake,4,2,0,0,2,2,4,2,2,0,0,"source_row_low_information:2,low_statement_source_overlap:2,outcome_unresolved:2,effect_unknown:2,translation_status:untranslatable_noise:2,translation_status:inferred:2"
doi:10.1016/j.neuropsychologia.2014.08.030,TBL-20260216230807-024,inadequate_table_remake,11,0,0,0,11,11,11,0,0,0,0,"source_row_low_information:11,low_statement_source_overlap:11,outcome_unresolved:11,effect_unknown:11,translation_status:untranslatable_noise:11"
doi:10.1016/j.neuropsychologia.2014.08.030,TBL-20260216230807-025,inadequate_table_remake,14,0,0,0,14,14,14,0,0,0,0,"source_row_low_information:14,low_statement_source_overlap:14,outcome_unresolved:14,effect_unknown:14,translation_status:untranslatable_noise:14"
doi:10.1016/j.neuropsychologia.2014.08.030,TBL-20260216230811-029,inadequate_table_remake,3,0,2,0,1,3,3,3,2,0,0,"source_row_low_information:3,statement_low_information:2,translation_status:inferred:2,low_statement_source_overlap:1,effect_unknown:1,translation_status:untranslatable_noise:1"
doi:10.1016/j.neuropsychologia.2014.08.030,TBL-20260216230811-030,inadequate_table_remake,2,0,0,0,2,2,2,2,0,0,0,"source_row_low_information:2,low_statement_source_overlap:2,effect_unknown:2,translation_status:untranslatable_noise:2"
doi:10.1016/j.neuropsychologia.2014.08.030,TBL-20260216230811-033,inadequate_table_remake,3,0,0,0,3,3,3,0,0,0,0,"source_row_low_information:3,low_statement_source_overlap:3,outcome_unresolved:3,effect_unknown:3,translation_status:untranslatable_noise:3"
doi:10.1016/j.neuropsychologia.2014.08.030,TBL-20260216230811-052,inadequate_table_remake,5,0,4,0,1,5,5,5,4,0,0,"source_row_low_information:5,statement_low_information:4,translation_status:inferred:4,low_statement_source_overlap:1,effect_unknown:1,translation_status:untranslatable_noise:1"
doi:10.1016/j.neuropsychologia.2014.08.030,TBL-20260216230812-053,inadequate_table_remake,11,8,0,0,3,3,11,11,8,0,0,"translation_status:inferred:8,source_row_low_information:3,low_statement_source_overlap:3,effect_unknown:3,translation_status:untranslatable_noise:3"
doi:10.1016/j.neuropsychologia.2014.08.030,TBL-20260216230812-065,inadequate_table_remake,2,1,0,0,1,1,2,2,1,0,0,"translation_status:inferred:1,source_row_low_information:1,low_statement_source_overlap:1,effect_unknown:1,translation_status:untranslatable_noise:1"
doi:10.1016/j.neuropsychologia.2014.08.030,TBL-20260216230813-078,inadequate_table_remake,43,35,0,0,8,8,43,35,35,0,0,"translation_status:inferred:35,source_row_low_information:8,low_statement_source_overlap:8,outcome_unresolved:8,effect_unknown:8,translation_status:untranslatable_noise:8"
doi:10.1016/j.neuropsychologia.2014.08.030,TBL-20260216230813-079,inadequate_table_remake,13,9,2,0,2,4,13,11,11,0,0,"translation_status:inferred:11,source_row_low_information:4,statement_low_information:2,low_statement_source_overlap:2,outcome_unresolved:2,effect_unknown:2"
doi:10.1016/j.neuropsychologia.2014.08.030,TBL-20260216230813-080,inadequate_table_remake,16,8,0,0,8,8,16,8,8,0,0,"translation_status:inferred:8,source_row_low_information:8,low_statement_source_overlap:8,outcome_unresolved:8,effect_unknown:8,translation_status:untranslatable_noise:8"
doi:10.1016/j.neuropsychologia.2014.08.030,TBL-20260216230814-082,inadequate_table_remake,12,5,7,0,0,7,12,12,12,0,0,"translation_status:inferred:12,source_row_low_information:7,statement_low_information:7"
doi:10.1016/j.neuropsychologia.2014.08.030,TBL-20260216230814-083,inadequate_table_remake,3,0,0,0,3,3,3,0,0,0,0,"source_row_low_information:3,low_statement_source_overlap:3,outcome_unresolved:3,effect_unknown:3,translation_status:untranslatable_noise:3"
doi:10.1016/j.neuropsychologia.2014.08.030,TBL-20260216230814-084,inadequate_table_remake,7,3,1,0,3,4,7,7,4,0,0,"source_row_low_information:4,translation_status:inferred:4,low_statement_source_overlap:3,effect_unknown:3,translation_status:untranslatable_noise:3,statement_low_information:1"
doi:10.1016/j.neuropsychologia.2014.08.030,TBL-20260216230814-086,inadequate_table_remake,7,0,0,0,7,7,7,0,0,0,0,"source_row_low_information:7,low_statement_source_overlap:7,outcome_unresolved:7,effect_unknown:7,translation_status:untranslatable_noise:7"
doi:10.1016/j.neuropsychologia.2014.08.030,TBL-20260216230814-087,inadequate_table_remake,6,0,0,0,6,6,6,0,0,0,0,"source_row_low_information:6,low_statement_source_overlap:6,outcome_unresolved:6,effect_unknown:6,translation_status:untranslatable_noise:6"
doi:10.1016/j.neuropsychologia.2014.08.030,TBL-20260216230814-088,inadequate_table_remake,8,5,1,0,2,3,8,8,6,0,0,"translation_status:inferred:6,source_row_low_information:3,low_statement_source_overlap:2,effect_unknown:2,translation_status:untranslatable_noise:2,statement_low_information:1"
doi:10.1016/j.smrv.2007.07.009,TBL-20260216230746-002,inadequate_table_remake,1,0,0,0,1,1,1,1,0,0,0,"source_row_low_information:1,low_statement_source_overlap:1,effect_unknown:1,translation_status:untranslatable_noise:1"
doi:10.1016/j.tics.2010.06.008,TBL-20260216230758-002,inadequate_table_remake,9,0,0,1,8,8,9,9,0,0,0,"low_statement_source_overlap:9,effect_unknown:9,translation_status:untranslatable_noise:9,source_row_low_information:8"
doi:10.1037/0033-295x.113.2.358,TBL-20260216230810-001,inadequate_table_remake,17,1,16,0,0,16,17,17,17,0,0,"translation_status:inferred:17,source_row_low_information:16,statement_low_information:16"
doi:10.1037/0033-295x.113.2.358,TBL-20260216230816-006,inadequate_table_remake,9,0,9,0,0,9,9,9,9,0,0,"source_row_low_information:9,statement_low_information:9,translation_status:inferred:8,translation_status:fuzzy:1"
doi:10.1037/0033-295x.113.2.358,TBL-20260216230828-012,inadequate_table_remake,2,1,0,0,1,1,2,2,1,0,0,"translation_status:inferred:1,source_row_low_information:1,low_statement_source_overlap:1,effect_unknown:1,translation_status:untranslatable_noise:1"
doi:10.1037/aca0000359,TBL-20260216231023-006,inadequate_table_remake,5,1,4,0,0,4,5,5,5,0,0,"source_row_low_information:4,statement_low_information:4,translation_status:inferred:4,translation_status:fuzzy:1"
doi:10.1038/s41562-019-0718-z,TBL-20260216231044-002,inadequate_table_remake,1,0,0,0,1,1,1,0,0,0,0,"source_row_low_information:1,low_statement_source_overlap:1,outcome_unresolved:1,effect_unknown:1,translation_status:untranslatable_noise:1"
doi:10.1038/s41562-019-0718-z,TBL-20260216231045-003,inadequate_table_remake,2,0,0,0,2,2,2,0,0,0,0,"source_row_low_information:2,low_statement_source_overlap:2,outcome_unresolved:2,effect_unknown:2,translation_status:untranslatable_noise:2"
doi:10.1038/s41598-022-20649-y,TBL-20260216231048-010,inadequate_table_remake,6,0,6,0,0,6,6,6,6,0,0,"source_row_low_information:6,translation_status:noncausal:6,low_statement_source_overlap:5,statement_low_information:1"
doi:10.1068/b2725,TBL-20260216231103-002,inadequate_table_remake,1,0,0,0,1,1,1,1,0,0,0,"source_row_low_information:1,low_statement_source_overlap:1,effect_unknown:1,translation_status:untranslatable_noise:1"
doi:10.1068/p5292,TBL-20260216231113-003,inadequate_table_remake,1,0,0,0,1,1,1,1,0,0,0,"source_row_low_information:1,low_statement_source_overlap:1,effect_unknown:1,translation_status:untranslatable_noise:1"
doi:10.1068/p5921,TBL-20260216231126-002,inadequate_table_remake,12,9,0,0,3,3,12,12,9,0,0,"translation_status:inferred:9,source_row_low_information:3,low_statement_source_overlap:3,effect_unknown:3,translation_status:untranslatable_noise:3"
doi:10.1073/pnas.2112318119,TBL-20260216231152-003,inadequate_table_remake,14,8,1,0,5,6,14,13,9,0,0,"translation_status:inferred:9,source_row_low_information:6,low_statement_source_overlap:5,effect_unknown:5,translation_status:untranslatable_noise:5,outcome_unresolved:1"
doi:10.1073/pnas.2112318119,TBL-20260216231152-004,inadequate_table_remake,3,0,1,0,2,3,3,3,1,0,0,"source_row_low_information:3,low_statement_source_overlap:2,effect_unknown:2,translation_status:untranslatable_noise:2,statement_low_information:1,translation_status:inferred:1"
doi:10.1073/pnas.2112318119,TBL-20260216231152-005,inadequate_table_remake,1,0,0,0,1,1,1,1,0,0,0,"source_row_low_information:1,low_statement_source_overlap:1,effect_unknown:1,translation_status:untranslatable_noise:1"
doi:10.1073/pnas.2112318119,TBL-20260216231153-008,inadequate_table_remake,1,0,0,0,1,1,1,1,0,0,0,"source_row_low_information:1,low_statement_source_overlap:1,effect_unknown:1,translation_status:untranslatable_noise:1"
doi:10.1073/pnas.2112318119,TBL-20260216231153-009,inadequate_table_remake,1,0,0,0,1,1,1,1,0,0,0,"source_row_low_information:1,low_statement_source_overlap:1,effect_unknown:1,translation_status:untranslatable_noise:1"
doi:10.1073/pnas.2112318119,TBL-20260216231154-015,inadequate_table_remake,23,5,0,0,18,18,23,11,5,0,0,"source_row_low_information:18,low_statement_source_overlap:18,effect_unknown:18,translation_status:untranslatable_noise:18,outcome_unresolved:12,translation_status:inferred:5"
doi:10.1080/13602365.2024.2331505,TBL-20260216231302-009,inadequate_table_remake,1,0,0,0,1,1,1,1,0,0,0,"source_row_low_information:1,low_statement_source_overlap:1,effect_unknown:1,translation_status:untranslatable_noise:1"
doi:10.1080/17508975.2020.1732859,TBL-20260216231239-011,inadequate_table_remake,1,0,0,0,1,1,1,1,0,0,0,"source_row_low_information:1,low_statement_source_overlap:1,effect_unknown:1,translation_status:untranslatable_noise:1"
doi:10.1080/23744731.2022.2049639,TBL-20260216231308-002,inadequate_table_remake,5,0,0,2,3,3,5,5,0,0,0,"low_statement_source_overlap:5,effect_unknown:5,translation_status:untranslatable_noise:5,source_row_low_information:3"
doi:10.1093/cercor/bhr310,TBL-20260216231317-001,inadequate_table_remake,1,0,0,0,1,1,1,0,0,0,0,"source_row_low_information:1,low_statement_source_overlap:1,outcome_unresolved:1,effect_unknown:1,translation_status:untranslatable_noise:1"
doi:10.1108/17465729200400010,TBL-20260216231823-001,inadequate_table_remake,3,0,0,0,3,3,3,0,0,0,0,"source_row_low_information:3,low_statement_source_overlap:3,outcome_unresolved:3,effect_unknown:3,translation_status:untranslatable_noise:3"
doi:10.1111/cogs.12518,TBL-20260216231833-001,inadequate_table_remake,1,0,0,0,1,1,1,1,0,0,0,"source_row_low_information:1,low_statement_source_overlap:1,effect_unknown:1,translation_status:untranslatable_noise:1"
doi:10.1111/cogs.12518,TBL-20260216231834-010,inadequate_table_remake,2,1,0,0,1,1,2,2,1,0,0,"translation_status:inferred:1,source_row_low_information:1,low_statement_source_overlap:1,effect_unknown:1,translation_status:untranslatable_noise:1"
doi:10.1111/cogs.12518,TBL-20260216231834-012,inadequate_table_remake,2,1,0,0,1,1,2,1,1,0,0,"translation_status:fuzzy:1,source_row_low_information:1,low_statement_source_overlap:1,outcome_unresolved:1,effect_unknown:1,translation_status:untranslatable_noise:1"
doi:10.1111/cogs.12518,TBL-20260216231834-014,inadequate_table_remake,5,1,3,0,1,4,5,5,4,0,0,"source_row_low_information:4,translation_status:inferred:4,statement_low_information:3,low_statement_source_overlap:1,effect_unknown:1,translation_status:untranslatable_noise:1"
doi:10.1111/cogs.12518,TBL-20260216231834-019,inadequate_table_remake,2,1,0,0,1,1,2,2,1,0,0,"translation_status:inferred:1,source_row_low_information:1,low_statement_source_overlap:1,effect_unknown:1,translation_status:untranslatable_noise:1"
doi:10.1111/cogs.12518,TBL-20260216231835-025,inadequate_table_remake,2,1,0,0,1,1,2,2,1,0,0,"translation_status:inferred:1,source_row_low_information:1,low_statement_source_overlap:1,effect_unknown:1,translation_status:untranslatable_noise:1"
doi:10.1111/cogs.12518,TBL-20260216231835-030,inadequate_table_remake,2,1,0,0,1,1,2,1,1,0,0,"translation_status:inferred:1,source_row_low_information:1,low_statement_source_overlap:1,outcome_unresolved:1,effect_unknown:1,translation_status:untranslatable_noise:1"
doi:10.1111/cogs.12518,TBL-20260216231835-049,inadequate_table_remake,2,1,0,0,1,1,2,2,1,0,0,"translation_status:inferred:1,source_row_low_information:1,low_statement_source_overlap:1,effect_unknown:1,translation_status:untranslatable_noise:1"
doi:10.1111/cogs.12518,TBL-20260216231835-052,inadequate_table_remake,2,1,0,0,1,1,2,2,1,0,0,"translation_status:fuzzy:1,source_row_low_information:1,low_statement_source_overlap:1,effect_unknown:1,translation_status:untranslatable_noise:1"
doi:10.1111/cogs.12518,TBL-20260216231835-065,inadequate_table_remake,2,1,0,0,1,1,2,1,1,0,0,"translation_status:inferred:1,source_row_low_information:1,low_statement_source_overlap:1,outcome_unresolved:1,effect_unknown:1,translation_status:untranslatable_noise:1"
doi:10.1111/cogs.12518,TBL-20260216231837-156,inadequate_table_remake,2,1,0,0,1,1,2,2,1,0,0,"translation_status:inferred:1,source_row_low_information:1,low_statement_source_overlap:1,effect_unknown:1,translation_status:untranslatable_noise:1"
doi:10.1121/1.1490363,TBL-20260216232120-004,inadequate_table_remake,19,0,0,10,9,9,19,19,0,0,0,"low_statement_source_overlap:19,effect_unknown:19,translation_status:untranslatable_noise:19,source_row_low_information:9"
doi:10.1121/1.1490363,TBL-20260216232120-005,inadequate_table_remake,1,0,0,0,1,1,1,1,0,0,0,"source_row_low_information:1,low_statement_source_overlap:1,effect_unknown:1,translation_status:untranslatable_noise:1"
doi:10.1121/1.1918154,TBL-20260216232128-005,inadequate_table_remake,2,0,0,1,1,1,2,2,0,0,0,"low_statement_source_overlap:2,effect_unknown:2,translation_status:untranslatable_noise:2,source_row_low_information:1"
doi:10.1121/1.2839283,TBL-20260216232140-003,inadequate_table_remake,1,0,0,0,1,1,1,0,0,0,0,"source_row_low_information:1,low_statement_source_overlap:1,outcome_unresolved:1,effect_unknown:1,translation_status:untranslatable_noise:1"
doi:10.1145/3676488,TBL-20260216232148-002,inadequate_table_remake,1,0,0,0,1,1,1,1,0,0,0,"source_row_low_information:1,low_statement_source_overlap:1,effect_unknown:1,translation_status:untranslatable_noise:1"
doi:10.1145/3676488,TBL-20260216232149-005,inadequate_table_remake,1,0,0,0,1,1,1,0,0,0,0,"source_row_low_information:1,low_statement_source_overlap:1,outcome_unresolved:1,effect_unknown:1,translation_status:untranslatable_noise:1"
doi:10.1145/3676488,TBL-20260216232149-006,inadequate_table_remake,1,0,0,0,1,1,1,0,0,0,0,"source_row_low_information:1,low_statement_source_overlap:1,outcome_unresolved:1,effect_unknown:1,translation_status:untranslatable_noise:1"
doi:10.1146/annurev-neuro-072116-031215,TBL-20260216232200-009,inadequate_table_remake,23,0,0,14,9,9,23,23,0,0,0,"low_statement_source_overlap:23,effect_unknown:23,translation_status:untranslatable_noise:23,source_row_low_information:9"
doi:10.1146/annurev-neuro-072116-031215,TBL-20260216232200-021,inadequate_table_remake,5,0,0,2,3,3,5,5,0,0,0,"low_statement_source_overlap:5,effect_unknown:5,translation_status:untranslatable_noise:5,source_row_low_information:3"
doi:10.1146/annurev.psych.47.1.273,TBL-20260216232209-001,inadequate_table_remake,2,1,0,0,1,1,2,1,1,0,0,"source_row_low_information:1,low_statement_source_overlap:1,outcome_unresolved:1,effect_unknown:1,translation_status:untranslatable_noise:1,translation_status:inferred:1"
doi:10.1146/annurev.psych.47.1.273,TBL-20260216232209-004,inadequate_table_remake,1,0,0,0,1,1,1,0,0,0,0,"source_row_low_information:1,low_statement_source_overlap:1,outcome_unresolved:1,effect_unknown:1,translation_status:untranslatable_noise:1"
doi:10.1162/105474603322761289,TBL-20260216232216-001,inadequate_table_remake,31,3,5,0,23,28,31,31,8,0,0,"source_row_low_information:28,low_statement_source_overlap:23,effect_unknown:23,translation_status:untranslatable_noise:23,translation_status:inferred:8,statement_low_information:5"
doi:10.1177/0018720819892383,TBL-20260216232257-001,inadequate_table_remake,7,1,0,0,6,6,7,1,1,0,0,"source_row_low_information:6,low_statement_source_overlap:6,outcome_unresolved:6,effect_unknown:6,translation_status:untranslatable_noise:6,translation_status:inferred:1"
doi:10.1177/03010066211020598,TBL-20260216232322-001,inadequate_table_remake,1,0,0,0,1,1,1,0,0,0,0,"source_row_low_information:1,low_statement_source_overlap:1,outcome_unresolved:1,effect_unknown:1,translation_status:untranslatable_noise:1"
doi:10.1177/03010066211020598,TBL-20260216232323-003,inadequate_table_remake,2,0,0,0,2,2,2,0,0,0,0,"source_row_low_information:2,low_statement_source_overlap:2,outcome_unresolved:2,effect_unknown:2,translation_status:untranslatable_noise:2"
doi:10.1177/1477153509104765,TBL-20260216232341-005,inadequate_table_remake,1,0,0,0,1,1,1,1,0,0,0,"source_row_low_information:1,low_statement_source_overlap:1,effect_unknown:1,translation_status:untranslatable_noise:1"
doi:10.1177/1477153517750714,TBL-20260216232351-004,inadequate_table_remake,2,0,0,1,1,1,2,2,0,0,0,"low_statement_source_overlap:2,effect_unknown:2,translation_status:untranslatable_noise:2,source_row_low_information:1"
doi:10.1177/1477153517750714,TBL-20260216232351-018,inadequate_table_remake,16,0,0,9,7,7,16,16,0,0,0,"low_statement_source_overlap:16,effect_unknown:16,translation_status:untranslatable_noise:16,source_row_low_information:7"
doi:10.1177/1477153517750714,TBL-20260216232351-019,inadequate_table_remake,13,0,0,5,8,8,13,13,0,0,0,"low_statement_source_overlap:13,effect_unknown:13,translation_status:untranslatable_noise:13,source_row_low_information:8"
doi:10.1177/1477153517750714,TBL-20260216232351-025,inadequate_table_remake,1,0,0,0,1,1,1,0,0,0,0,"source_row_low_information:1,low_statement_source_overlap:1,outcome_unresolved:1,effect_unknown:1,translation_status:untranslatable_noise:1"
doi:10.1177/1754073911410744,TBL-20260216201024-003,inadequate_table_remake,4,1,3,0,0,3,4,4,4,0,0,"translation_status:inferred:4,source_row_low_information:3,statement_low_information:3"
doi:10.1177/2158244012445585,TBL-20260216232406-001,inadequate_table_remake,1,0,0,0,1,1,1,1,0,0,0,"source_row_low_information:1,low_statement_source_overlap:1,effect_unknown:1,translation_status:untranslatable_noise:1"
doi:10.1371/journal.pone.0123783,TBL-20260216232503-005,inadequate_table_remake,10,0,10,0,0,10,10,10,10,0,0,"source_row_low_information:10,statement_low_information:10,translation_status:inferred:8,translation_status:fuzzy:2"
doi:10.1371/journal.pone.0123783,TBL-20260216232504-017,inadequate_table_remake,3,0,0,0,3,3,3,0,0,0,0,"source_row_low_information:3,low_statement_source_overlap:3,outcome_unresolved:3,effect_unknown:3,translation_status:untranslatable_noise:3"
doi:10.1371/journal.pone.0123783,TBL-20260216232505-019,inadequate_table_remake,11,3,8,0,0,8,11,11,11,0,0,"translation_status:inferred:11,source_row_low_information:8,statement_low_information:8"
doi:10.1371/journal.pone.0243259,TBL-20260216232539-001,inadequate_table_remake,8,0,0,0,8,8,8,8,0,0,0,"source_row_low_information:8,low_statement_source_overlap:8,effect_unknown:8,translation_status:untranslatable_noise:8"
doi:10.1371/journal.pone.0265412,TBL-20260216232546-004,inadequate_table_remake,4,0,0,0,4,4,4,4,0,0,0,"source_row_low_information:4,low_statement_source_overlap:4,effect_unknown:4,translation_status:untranslatable_noise:4"
doi:10.1371/journal.pone.0307934,TBL-20260216201116-001,inadequate_table_remake,9,2,7,0,0,7,9,9,9,0,0,"translation_status:inferred:9,source_row_low_information:7,statement_low_information:7"
doi:10.1371/journal.pone.0307934,TBL-20260216201117-003,inadequate_table_remake,27,22,5,0,0,5,27,27,27,0,0,"translation_status:inferred:27,source_row_low_information:5,statement_low_information:5"
doi:10.14288/1.0071305,TBL-20260216232552-001,inadequate_table_remake,1,0,0,0,1,1,1,1,0,0,0,"source_row_low_information:1,low_statement_source_overlap:1,effect_unknown:1,translation_status:untranslatable_noise:1"
doi:10.14288/1.0071305,TBL-20260216232553-003,inadequate_table_remake,4,0,0,0,4,4,4,4,0,0,0,"source_row_low_information:4,low_statement_source_overlap:4,effect_unknown:4,translation_status:untranslatable_noise:4"
doi:10.14288/1.0071305,TBL-20260216232557-037,inadequate_table_remake,26,0,26,0,0,26,26,26,26,0,0,"source_row_low_information:26,low_statement_source_overlap:26,translation_status:noncausal:26"
doi:10.15126/thesis.901052,TBL-20260216232623-001,inadequate_table_remake,1,0,0,0,1,1,1,1,0,0,0,"source_row_low_information:1,low_statement_source_overlap:1,effect_unknown:1,translation_status:untranslatable_noise:1"
doi:10.15126/thesis.901052,TBL-20260216232624-010,inadequate_table_remake,2,1,0,0,1,1,2,2,1,0,0,"translation_status:inferred:1,source_row_low_information:1,low_statement_source_overlap:1,effect_unknown:1,translation_status:untranslatable_noise:1"
doi:10.15126/thesis.901052,TBL-20260216232624-012,inadequate_table_remake,2,1,0,0,1,1,2,1,1,0,0,"translation_status:fuzzy:1,source_row_low_information:1,low_statement_source_overlap:1,outcome_unresolved:1,effect_unknown:1,translation_status:untranslatable_noise:1"
doi:10.15126/thesis.901052,TBL-20260216232624-014,inadequate_table_remake,5,1,3,0,1,4,5,5,4,0,0,"source_row_low_information:4,translation_status:inferred:4,statement_low_information:3,low_statement_source_overlap:1,effect_unknown:1,translation_status:untranslatable_noise:1"
doi:10.15126/thesis.901052,TBL-20260216232624-019,inadequate_table_remake,2,1,0,0,1,1,2,2,1,0,0,"translation_status:inferred:1,source_row_low_information:1,low_statement_source_overlap:1,effect_unknown:1,translation_status:untranslatable_noise:1"
doi:10.15126/thesis.901052,TBL-20260216232624-025,inadequate_table_remake,2,1,0,0,1,1,2,2,1,0,0,"translation_status:inferred:1,source_row_low_information:1,low_statement_source_overlap:1,effect_unknown:1,translation_status:untranslatable_noise:1"
doi:10.15126/thesis.901052,TBL-20260216232624-030,inadequate_table_remake,2,1,0,0,1,1,2,1,1,0,0,"translation_status:inferred:1,source_row_low_information:1,low_statement_source_overlap:1,outcome_unresolved:1,effect_unknown:1,translation_status:untranslatable_noise:1"
doi:10.15126/thesis.901052,TBL-20260216232625-049,inadequate_table_remake,2,1,0,0,1,1,2,2,1,0,0,"translation_status:inferred:1,source_row_low_information:1,low_statement_source_overlap:1,effect_unknown:1,translation_status:untranslatable_noise:1"
doi:10.15126/thesis.901052,TBL-20260216232625-052,inadequate_table_remake,2,1,0,0,1,1,2,2,1,0,0,"translation_status:fuzzy:1,source_row_low_information:1,low_statement_source_overlap:1,effect_unknown:1,translation_status:untranslatable_noise:1"
doi:10.15126/thesis.901052,TBL-20260216232625-065,inadequate_table_remake,2,1,0,0,1,1,2,1,1,0,0,"translation_status:inferred:1,source_row_low_information:1,low_statement_source_overlap:1,outcome_unresolved:1,effect_unknown:1,translation_status:untranslatable_noise:1"
doi:10.15126/thesis.901052,TBL-20260216232626-156,inadequate_table_remake,2,1,0,0,1,1,2,2,1,0,0,"translation_status:inferred:1,source_row_low_information:1,low_statement_source_overlap:1,effect_unknown:1,translation_status:untranslatable_noise:1"
doi:10.1613/jair.301,TBL-20260216232832-015,inadequate_table_remake,11,0,0,4,7,7,11,11,0,0,0,"low_statement_source_overlap:11,effect_unknown:11,translation_status:untranslatable_noise:11,source_row_low_information:7"
doi:10.17179/excli2021-3974,TBL-20260216232839-003,inadequate_table_remake,3,0,0,0,3,3,3,3,0,0,0,"source_row_low_information:3,low_statement_source_overlap:3,effect_unknown:3,translation_status:untranslatable_noise:3"
doi:10.17863/cam.41365,TBL-20260216233213-003,inadequate_table_remake,3,0,3,0,0,3,3,3,3,0,0,"source_row_low_information:3,low_statement_source_overlap:3,translation_status:noncausal:3"
doi:10.17863/cam.41365,TBL-20260216233215-010,inadequate_table_remake,3,0,0,1,2,2,3,0,0,0,0,"low_statement_source_overlap:3,outcome_unresolved:3,effect_unknown:3,translation_status:untranslatable_noise:3,source_row_low_information:2"
doi:10.17863/cam.41365,TBL-20260216233215-011,inadequate_table_remake,3,0,0,0,3,3,3,0,0,0,0,"source_row_low_information:3,low_statement_source_overlap:3,outcome_unresolved:3,effect_unknown:3,translation_status:untranslatable_noise:3"
doi:10.17863/cam.41365,TBL-20260216233216-013,inadequate_table_remake,9,2,7,0,0,7,9,9,9,0,0,"translation_status:inferred:9,source_row_low_information:7,statement_low_information:7"
doi:10.17863/cam.41365,TBL-20260216233216-014,inadequate_table_remake,6,0,6,0,0,6,6,6,6,0,0,"source_row_low_information:6,statement_low_information:6,translation_status:inferred:6"
doi:10.17863/cam.41365,TBL-20260216233217-017,inadequate_table_remake,13,0,6,0,7,13,13,13,6,0,0,"source_row_low_information:13,low_statement_source_overlap:7,effect_unknown:7,translation_status:untranslatable_noise:7,statement_low_information:6,translation_status:inferred:6"
doi:10.17863/cam.41365,TBL-20260216233217-018,inadequate_table_remake,14,7,5,0,2,7,14,14,12,0,0,"translation_status:inferred:12,source_row_low_information:7,statement_low_information:5,low_statement_source_overlap:2,effect_unknown:2,translation_status:untranslatable_noise:2"
doi:10.17863/cam.41365,TBL-20260216233218-021,inadequate_table_remake,14,2,5,0,7,12,14,14,7,0,0,"source_row_low_information:12,translation_status:inferred:7,low_statement_source_overlap:7,effect_unknown:7,translation_status:untranslatable_noise:7,statement_low_information:5"
doi:10.17863/cam.41365,TBL-20260216233218-022,inadequate_table_remake,14,9,3,0,2,5,14,14,12,0,0,"translation_status:inferred:12,source_row_low_information:5,statement_low_information:3,low_statement_source_overlap:2,effect_unknown:2,translation_status:untranslatable_noise:2"
doi:10.17863/cam.41365,TBL-20260216233219-023,inadequate_table_remake,6,3,3,0,0,3,6,6,6,0,0,"translation_status:inferred:6,source_row_low_information:3,statement_low_information:3"
doi:10.17863/cam.41365,TBL-20260216233219-024,inadequate_table_remake,6,3,3,0,0,3,6,6,6,0,0,"translation_status:inferred:6,source_row_low_information:3,statement_low_information:3"
doi:10.17863/cam.41365,TBL-20260216233219-025,inadequate_table_remake,14,2,6,0,6,12,14,8,8,0,0,"source_row_low_information:12,translation_status:inferred:8,statement_low_information:6,low_statement_source_overlap:6,outcome_unresolved:6,effect_unknown:6"
doi:10.17863/cam.41365,TBL-20260216233219-026,inadequate_table_remake,11,4,5,0,2,7,11,9,9,0,0,"translation_status:inferred:9,source_row_low_information:7,statement_low_information:5,low_statement_source_overlap:2,outcome_unresolved:2,effect_unknown:2"
doi:10.18419/opus-9385,TBL-20260216235812-002,inadequate_table_remake,2,0,1,0,1,2,2,2,1,0,0,"source_row_low_information:2,low_statement_source_overlap:1,effect_unknown:1,translation_status:untranslatable_noise:1,statement_low_information:1,translation_status:inferred:1"
doi:10.18419/opus-9385,TBL-20260216235813-007,inadequate_table_remake,2,1,0,0,1,1,2,2,1,0,0,"source_row_low_information:1,low_statement_source_overlap:1,effect_unknown:1,translation_status:untranslatable_noise:1,translation_status:inferred:1"
doi:10.18419/opus-9385,TBL-20260216235814-008,inadequate_table_remake,2,1,0,0,1,1,2,2,1,0,0,"source_row_low_information:1,low_statement_source_overlap:1,effect_unknown:1,translation_status:untranslatable_noise:1,translation_status:inferred:1"
doi:10.18419/opus-9385,TBL-20260216235815-010,inadequate_table_remake,2,1,0,0,1,1,2,2,1,0,0,"source_row_low_information:1,low_statement_source_overlap:1,effect_unknown:1,translation_status:untranslatable_noise:1,translation_status:fuzzy:1"
doi:10.18419/opus-9385,TBL-20260216235817-016,inadequate_table_remake,2,1,0,0,1,1,2,2,1,0,0,"source_row_low_information:1,low_statement_source_overlap:1,effect_unknown:1,translation_status:untranslatable_noise:1,translation_status:inferred:1"
doi:10.18419/opus-9385,TBL-20260216235818-017,inadequate_table_remake,2,1,0,0,1,1,2,2,1,0,0,"source_row_low_information:1,low_statement_source_overlap:1,effect_unknown:1,translation_status:untranslatable_noise:1,translation_status:fuzzy:1"
doi:10.18419/opus-9385,TBL-20260216235820-024,inadequate_table_remake,13,8,0,0,5,5,13,13,8,0,0,"translation_status:inferred:8,source_row_low_information:5,low_statement_source_overlap:5,effect_unknown:5,translation_status:untranslatable_noise:5"
doi:10.18419/opus-9385,TBL-20260216235820-026,inadequate_table_remake,1,0,0,0,1,1,1,1,0,0,0,"source_row_low_information:1,low_statement_source_overlap:1,effect_unknown:1,translation_status:untranslatable_noise:1"
doi:10.18419/opus-9385,TBL-20260216235820-030,inadequate_table_remake,2,0,1,0,1,2,2,2,1,0,0,"source_row_low_information:2,low_statement_source_overlap:1,effect_unknown:1,translation_status:untranslatable_noise:1,statement_low_information:1,translation_status:inferred:1"
doi:10.18419/opus-9385,TBL-20260216235822-038,inadequate_table_remake,2,1,0,0,1,1,2,2,1,0,0,"source_row_low_information:1,low_statement_source_overlap:1,effect_unknown:1,translation_status:untranslatable_noise:1,translation_status:inferred:1"
doi:10.18419/opus-9385,TBL-20260216235823-041,inadequate_table_remake,11,0,11,0,0,11,11,11,11,0,0,"source_row_low_information:11,low_statement_source_overlap:11,translation_status:noncausal:11"
doi:10.18419/opus-9385,TBL-20260216235823-042,inadequate_table_remake,10,0,10,0,0,10,10,10,10,0,0,"source_row_low_information:10,low_statement_source_overlap:10,translation_status:noncausal:10"
doi:10.18419/opus-9385,TBL-20260216235825-045,inadequate_table_remake,2,1,0,0,1,1,2,2,1,0,0,"source_row_low_information:1,low_statement_source_overlap:1,effect_unknown:1,translation_status:untranslatable_noise:1,translation_status:inferred:1"
doi:10.18419/opus-9385,TBL-20260216235825-047,inadequate_table_remake,1,0,0,0,1,1,1,0,0,0,0,"source_row_low_information:1,low_statement_source_overlap:1,outcome_unresolved:1,effect_unknown:1,translation_status:untranslatable_noise:1"
doi:10.18419/opus-9385,TBL-20260216235825-050,inadequate_table_remake,10,1,0,3,6,6,10,4,1,0,0,"low_statement_source_overlap:9,effect_unknown:9,translation_status:untranslatable_noise:9,source_row_low_information:6,outcome_unresolved:6,translation_status:inferred:1"
doi:10.18419/opus-9385,TBL-20260216235826-051,inadequate_table_remake,19,0,0,10,9,9,19,19,0,0,0,"low_statement_source_overlap:19,effect_unknown:19,translation_status:untranslatable_noise:19,source_row_low_information:9"
doi:10.18419/opus-9385,TBL-20260216235826-055,inadequate_table_remake,1,0,0,0,1,1,1,0,0,0,0,"source_row_low_information:1,low_statement_source_overlap:1,outcome_unresolved:1,effect_unknown:1,translation_status:untranslatable_noise:1"
doi:10.18419/opus-9385,TBL-20260216235826-058,inadequate_table_remake,6,0,0,0,6,6,6,0,0,0,0,"source_row_low_information:6,low_statement_source_overlap:6,outcome_unresolved:6,effect_unknown:6,translation_status:untranslatable_noise:6"
doi:10.18419/opus-9385,TBL-20260216235826-060,inadequate_table_remake,7,1,0,0,6,6,7,7,1,0,0,"source_row_low_information:6,low_statement_source_overlap:6,effect_unknown:6,translation_status:untranslatable_noise:6,translation_status:inferred:1"
doi:10.18419/opus-9385,TBL-20260216235826-061,inadequate_table_remake,1,0,0,0,1,1,1,0,0,0,0,"source_row_low_information:1,low_statement_source_overlap:1,outcome_unresolved:1,effect_unknown:1,translation_status:untranslatable_noise:1"
doi:10.18419/opus-9385,TBL-20260216235827-065,inadequate_table_remake,13,4,0,0,9,9,13,13,4,0,0,"source_row_low_information:9,low_statement_source_overlap:9,effect_unknown:9,translation_status:untranslatable_noise:9,translation_status:inferred:4"
doi:10.18419/opus-9385,TBL-20260216235827-066,inadequate_table_remake,10,4,0,0,6,6,10,10,4,0,0,"source_row_low_information:6,low_statement_source_overlap:6,effect_unknown:6,translation_status:untranslatable_noise:6,translation_status:inferred:4"
doi:10.18419/opus-9385,TBL-20260216235827-069,inadequate_table_remake,6,0,1,0,5,6,6,6,1,0,0,"source_row_low_information:6,low_statement_source_overlap:5,effect_unknown:5,translation_status:untranslatable_noise:5,statement_low_information:1,translation_status:inferred:1"
doi:10.18419/opus-9385,TBL-20260216235827-071,inadequate_table_remake,1,0,0,0,1,1,1,0,0,0,0,"source_row_low_information:1,low_statement_source_overlap:1,outcome_unresolved:1,effect_unknown:1,translation_status:untranslatable_noise:1"
doi:10.18419/opus-9385,TBL-20260216235827-073,inadequate_table_remake,1,0,0,0,1,1,1,0,0,0,0,"source_row_low_information:1,low_statement_source_overlap:1,outcome_unresolved:1,effect_unknown:1,translation_status:untranslatable_noise:1"
doi:10.18419/opus-9385,TBL-20260216235827-076,inadequate_table_remake,6,0,0,0,6,6,6,6,0,0,0,"source_row_low_information:6,low_statement_source_overlap:6,effect_unknown:6,translation_status:untranslatable_noise:6"
doi:10.18419/opus-9385,TBL-20260216235828-084,inadequate_table_remake,7,0,1,0,6,7,7,7,1,0,0,"source_row_low_information:7,low_statement_source_overlap:6,effect_unknown:6,translation_status:untranslatable_noise:6,statement_low_information:1,translation_status:inferred:1"
doi:10.18419/opus-9385,TBL-20260216235828-087,inadequate_table_remake,5,0,0,0,5,5,5,5,0,0,0,"source_row_low_information:5,low_statement_source_overlap:5,effect_unknown:5,translation_status:untranslatable_noise:5"
doi:10.18419/opus-9385,TBL-20260216235828-090,inadequate_table_remake,5,0,0,0,5,5,5,5,0,0,0,"source_row_low_information:5,low_statement_source_overlap:5,effect_unknown:5,translation_status:untranslatable_noise:5"
doi:10.18419/opus-9385,TBL-20260216235828-093,inadequate_table_remake,8,0,0,0,8,8,8,8,0,0,0,"source_row_low_information:8,low_statement_source_overlap:8,effect_unknown:8,translation_status:untranslatable_noise:8"
doi:10.18419/opus-9385,TBL-20260216235829-096,inadequate_table_remake,4,0,0,0,4,4,4,4,0,0,0,"source_row_low_information:4,low_statement_source_overlap:4,effect_unknown:4,translation_status:untranslatable_noise:4"
doi:10.18419/opus-9385,TBL-20260216235829-100,inadequate_table_remake,1,0,0,0,1,1,1,0,0,0,0,"source_row_low_information:1,low_statement_source_overlap:1,outcome_unresolved:1,effect_unknown:1,translation_status:untranslatable_noise:1"
doi:10.18419/opus-9385,TBL-20260216235829-102,inadequate_table_remake,1,0,0,0,1,1,1,0,0,0,0,"source_row_low_information:1,low_statement_source_overlap:1,outcome_unresolved:1,effect_unknown:1,translation_status:untranslatable_noise:1"
doi:10.18419/opus-9385,TBL-20260216235829-106,inadequate_table_remake,5,0,0,0,5,5,5,5,0,0,0,"source_row_low_information:5,low_statement_source_overlap:5,effect_unknown:5,translation_status:untranslatable_noise:5"
doi:10.18419/opus-9385,TBL-20260216235830-111,inadequate_table_remake,1,0,0,0,1,1,1,0,0,0,0,"source_row_low_information:1,low_statement_source_overlap:1,outcome_unresolved:1,effect_unknown:1,translation_status:untranslatable_noise:1"
doi:10.18419/opus-9385,TBL-20260216235830-117,inadequate_table_remake,2,1,0,0,1,1,2,2,1,0,0,"source_row_low_information:1,low_statement_source_overlap:1,effect_unknown:1,translation_status:untranslatable_noise:1,translation_status:inferred:1"
doi:10.18419/opus-9385,TBL-20260216235832-142,inadequate_table_remake,2,0,1,0,1,2,2,2,1,0,0,"source_row_low_information:2,statement_low_information:1,translation_status:inferred:1,low_statement_source_overlap:1,effect_unknown:1,translation_status:untranslatable_noise:1"
doi:10.18419/opus-9385,TBL-20260216235832-143,inadequate_table_remake,2,0,0,0,2,2,2,2,0,0,0,"source_row_low_information:2,low_statement_source_overlap:2,effect_unknown:2,translation_status:untranslatable_noise:2"
doi:10.18419/opus-9385,TBL-20260216235833-146,inadequate_table_remake,1,0,0,0,1,1,1,1,0,0,0,"source_row_low_information:1,low_statement_source_overlap:1,effect_unknown:1,translation_status:untranslatable_noise:1"
doi:10.18419/opus-9385,TBL-20260216235834-206,inadequate_table_remake,2,1,0,0,1,1,2,2,1,0,0,"source_row_low_information:1,low_statement_source_overlap:1,effect_unknown:1,translation_status:untranslatable_noise:1,translation_status:inferred:1"
doi:10.18419/opus-9385,TBL-20260216235835-231,inadequate_table_remake,2,0,0,0,2,2,2,2,0,0,0,"source_row_low_information:2,low_statement_source_overlap:2,effect_unknown:2,translation_status:untranslatable_noise:2"
doi:10.18419/opus-9385,TBL-20260216235836-232,inadequate_table_remake,1,0,0,0,1,1,1,1,0,0,0,"source_row_low_information:1,low_statement_source_overlap:1,effect_unknown:1,translation_status:untranslatable_noise:1"
doi:10.18419/opus-9385,TBL-20260216235837-234,inadequate_table_remake,4,0,0,0,4,4,4,4,0,0,0,"source_row_low_information:4,low_statement_source_overlap:4,effect_unknown:4,translation_status:untranslatable_noise:4"
doi:10.18419/opus-9385,TBL-20260216235837-235,inadequate_table_remake,1,0,0,0,1,1,1,1,0,0,0,"source_row_low_information:1,low_statement_source_overlap:1,effect_unknown:1,translation_status:untranslatable_noise:1"
doi:10.18419/opus-9385,TBL-20260216235837-250,inadequate_table_remake,5,2,0,0,3,3,5,5,2,0,0,"source_row_low_information:3,low_statement_source_overlap:3,effect_unknown:3,translation_status:untranslatable_noise:3,translation_status:inferred:2"
doi:10.18419/opus-9385,TBL-20260216235838-269,inadequate_table_remake,4,0,0,0,4,4,4,0,0,0,0,"source_row_low_information:4,low_statement_source_overlap:4,outcome_unresolved:4,effect_unknown:4,translation_status:untranslatable_noise:4"
doi:10.18419/opus-9385,TBL-20260216235838-276,inadequate_table_remake,4,0,0,0,4,4,4,4,0,0,0,"source_row_low_information:4,low_statement_source_overlap:4,effect_unknown:4,translation_status:untranslatable_noise:4"
doi:10.18419/opus-9385,TBL-20260216235838-280,inadequate_table_remake,3,0,0,0,3,3,3,1,0,0,0,"source_row_low_information:3,low_statement_source_overlap:3,effect_unknown:3,translation_status:untranslatable_noise:3,outcome_unresolved:2"
doi:10.18419/opus-9385,TBL-20260216235839-309,inadequate_table_remake,11,0,0,0,11,11,11,1,0,0,0,"source_row_low_information:11,low_statement_source_overlap:11,effect_unknown:11,translation_status:untranslatable_noise:11,outcome_unresolved:10"
doi:10.18419/opus-9385,TBL-20260216235839-313,inadequate_table_remake,1,0,0,0,1,1,1,1,0,0,0,"source_row_low_information:1,low_statement_source_overlap:1,effect_unknown:1,translation_status:untranslatable_noise:1"
doi:10.18419/opus-9385,TBL-20260216235839-315,inadequate_table_remake,1,0,0,0,1,1,1,0,0,0,0,"source_row_low_information:1,low_statement_source_overlap:1,outcome_unresolved:1,effect_unknown:1,translation_status:untranslatable_noise:1"
doi:10.18419/opus-9385,TBL-20260216235839-316,inadequate_table_remake,1,0,0,0,1,1,1,0,0,0,0,"source_row_low_information:1,low_statement_source_overlap:1,outcome_unresolved:1,effect_unknown:1,translation_status:untranslatable_noise:1"
doi:10.18419/opus-9385,TBL-20260216235839-317,inadequate_table_remake,1,0,0,0,1,1,1,0,0,0,0,"source_row_low_information:1,low_statement_source_overlap:1,outcome_unresolved:1,effect_unknown:1,translation_status:untranslatable_noise:1"
doi:10.18419/opus-9385,TBL-20260216235839-318,inadequate_table_remake,1,0,0,0,1,1,1,0,0,0,0,"source_row_low_information:1,low_statement_source_overlap:1,outcome_unresolved:1,effect_unknown:1,translation_status:untranslatable_noise:1"
doi:10.18419/opus-9385,TBL-20260216235839-324,inadequate_table_remake,1,0,0,0,1,1,1,0,0,0,0,"source_row_low_information:1,low_statement_source_overlap:1,outcome_unresolved:1,effect_unknown:1,translation_status:untranslatable_noise:1"
doi:10.18419/opus-9385,TBL-20260216235839-326,inadequate_table_remake,1,0,0,0,1,1,1,0,0,0,0,"source_row_low_information:1,low_statement_source_overlap:1,outcome_unresolved:1,effect_unknown:1,translation_status:untranslatable_noise:1"
doi:10.18419/opus-9385,TBL-20260216235839-327,inadequate_table_remake,1,0,0,0,1,1,1,0,0,0,0,"source_row_low_information:1,low_statement_source_overlap:1,outcome_unresolved:1,effect_unknown:1,translation_status:untranslatable_noise:1"
doi:10.18419/opus-9385,TBL-20260216235839-329,inadequate_table_remake,1,0,0,0,1,1,1,0,0,0,0,"source_row_low_information:1,low_statement_source_overlap:1,outcome_unresolved:1,effect_unknown:1,translation_status:untranslatable_noise:1"
doi:10.18419/opus-9385,TBL-20260216235839-330,inadequate_table_remake,1,0,0,0,1,1,1,0,0,0,0,"source_row_low_information:1,low_statement_source_overlap:1,outcome_unresolved:1,effect_unknown:1,translation_status:untranslatable_noise:1"
doi:10.18419/opus-9385,TBL-20260216235839-331,inadequate_table_remake,1,0,0,0,1,1,1,0,0,0,0,"source_row_low_information:1,low_statement_source_overlap:1,outcome_unresolved:1,effect_unknown:1,translation_status:untranslatable_noise:1"
doi:10.22068/ijaup.761,TBL-20260216233533-001,inadequate_table_remake,1,0,0,0,1,1,1,0,0,0,0,"source_row_low_information:1,low_statement_source_overlap:1,outcome_unresolved:1,effect_unknown:1,translation_status:untranslatable_noise:1"
doi:10.24382/5191,TBL-20260216233546-012,inadequate_table_remake,2,0,0,0,2,2,2,0,0,0,0,"source_row_low_information:2,low_statement_source_overlap:2,outcome_unresolved:2,effect_unknown:2,translation_status:untranslatable_noise:2"
doi:10.24382/5191,TBL-20260216233546-013,inadequate_table_remake,1,0,0,0,1,1,1,0,0,0,0,"source_row_low_information:1,low_statement_source_overlap:1,outcome_unresolved:1,effect_unknown:1,translation_status:untranslatable_noise:1"
doi:10.24382/5191,TBL-20260216233546-017,inadequate_table_remake,1,0,0,0,1,1,1,1,0,0,0,"source_row_low_information:1,low_statement_source_overlap:1,effect_unknown:1,translation_status:untranslatable_noise:1"
doi:10.24382/5191,TBL-20260216233546-018,inadequate_table_remake,2,0,0,0,2,2,2,0,0,0,0,"source_row_low_information:2,low_statement_source_overlap:2,outcome_unresolved:2,effect_unknown:2,translation_status:untranslatable_noise:2"
doi:10.24382/5191,TBL-20260216233546-019,inadequate_table_remake,1,0,0,0,1,1,1,0,0,0,0,"source_row_low_information:1,low_statement_source_overlap:1,outcome_unresolved:1,effect_unknown:1,translation_status:untranslatable_noise:1"
doi:10.24382/5191,TBL-20260216233546-020,inadequate_table_remake,1,0,0,0,1,1,1,0,0,0,0,"source_row_low_information:1,low_statement_source_overlap:1,outcome_unresolved:1,effect_unknown:1,translation_status:untranslatable_noise:1"
doi:10.24382/5191,TBL-20260216233546-021,inadequate_table_remake,1,0,0,0,1,1,1,1,0,0,0,"source_row_low_information:1,low_statement_source_overlap:1,effect_unknown:1,translation_status:untranslatable_noise:1"
doi:10.24382/5191,TBL-20260216233546-022,inadequate_table_remake,1,0,0,0,1,1,1,0,0,0,0,"source_row_low_information:1,low_statement_source_overlap:1,outcome_unresolved:1,effect_unknown:1,translation_status:untranslatable_noise:1"
doi:10.24382/5191,TBL-20260216233546-027,inadequate_table_remake,2,0,0,0,2,2,2,1,0,0,0,"source_row_low_information:2,low_statement_source_overlap:2,effect_unknown:2,translation_status:untranslatable_noise:2,outcome_unresolved:1"
doi:10.25916/sut.26402764.v1,TBL-20260216233651-006,inadequate_table_remake,1,0,0,0,1,1,1,1,0,0,0,"source_row_low_information:1,low_statement_source_overlap:1,effect_unknown:1,translation_status:untranslatable_noise:1"
doi:10.25916/sut.26402764.v1,TBL-20260216233654-014,inadequate_table_remake,5,0,0,0,5,5,5,0,0,0,0,"source_row_low_information:5,low_statement_source_overlap:5,outcome_unresolved:5,effect_unknown:5,translation_status:untranslatable_noise:5"
doi:10.25916/sut.26402764.v1,TBL-20260216233655-015,inadequate_table_remake,6,0,0,0,6,6,6,0,0,0,0,"source_row_low_information:6,low_statement_source_overlap:6,outcome_unresolved:6,effect_unknown:6,translation_status:untranslatable_noise:6"
doi:10.25916/sut.26402764.v1,TBL-20260216233657-021,inadequate_table_remake,2,0,0,0,2,2,2,2,0,0,0,"source_row_low_information:2,low_statement_source_overlap:2,effect_unknown:2,translation_status:untranslatable_noise:2"
doi:10.25916/sut.26402764.v1,TBL-20260216233657-028,inadequate_table_remake,7,3,0,0,4,4,7,7,3,0,0,"source_row_low_information:4,low_statement_source_overlap:4,effect_unknown:4,translation_status:untranslatable_noise:4,translation_status:inferred:3"
doi:10.25916/sut.26402764.v1,TBL-20260216233658-031,inadequate_table_remake,5,2,0,0,3,3,5,5,2,0,0,"source_row_low_information:3,low_statement_source_overlap:3,effect_unknown:3,translation_status:untranslatable_noise:3,translation_status:inferred:2"
doi:10.25916/sut.26402764.v1,TBL-20260216233658-032,inadequate_table_remake,1,0,0,0,1,1,1,1,0,0,0,"source_row_low_information:1,low_statement_source_overlap:1,effect_unknown:1,translation_status:untranslatable_noise:1"
doi:10.26204/kluedo/7316,TBL-20260216233746-005,inadequate_table_remake,2,0,0,0,2,2,2,1,0,0,0,"source_row_low_information:2,low_statement_source_overlap:2,effect_unknown:2,translation_status:untranslatable_noise:2,outcome_unresolved:1"
doi:10.26204/kluedo/7316,TBL-20260216233746-006,inadequate_table_remake,1,0,0,0,1,1,1,0,0,0,0,"source_row_low_information:1,low_statement_source_overlap:1,outcome_unresolved:1,effect_unknown:1,translation_status:untranslatable_noise:1"
doi:10.26204/kluedo/7316,TBL-20260216233746-007,inadequate_table_remake,1,0,0,0,1,1,1,0,0,0,0,"source_row_low_information:1,low_statement_source_overlap:1,outcome_unresolved:1,effect_unknown:1,translation_status:untranslatable_noise:1"
doi:10.26204/kluedo/7316,TBL-20260216233746-008,inadequate_table_remake,1,0,0,0,1,1,1,0,0,0,0,"source_row_low_information:1,low_statement_source_overlap:1,outcome_unresolved:1,effect_unknown:1,translation_status:untranslatable_noise:1"
doi:10.26204/kluedo/7316,TBL-20260216233746-009,inadequate_table_remake,1,0,0,0,1,1,1,0,0,0,0,"source_row_low_information:1,low_statement_source_overlap:1,outcome_unresolved:1,effect_unknown:1,translation_status:untranslatable_noise:1"
doi:10.26204/kluedo/7316,TBL-20260216233746-010,inadequate_table_remake,1,0,0,0,1,1,1,0,0,0,0,"source_row_low_information:1,low_statement_source_overlap:1,outcome_unresolved:1,effect_unknown:1,translation_status:untranslatable_noise:1"
doi:10.3389/fbuil.2024.1431780,TBL-20260216233811-003,inadequate_table_remake,16,1,15,0,0,15,16,16,16,0,0,"translation_status:inferred:16,source_row_low_information:15,statement_low_information:15"
doi:10.3389/fnhum.2021.771711,TBL-20260216233837-004,inadequate_table_remake,14,0,0,7,7,7,14,14,0,0,0,"low_statement_source_overlap:14,effect_unknown:14,translation_status:untranslatable_noise:14,source_row_low_information:7"
doi:10.3389/fnsys.2021.672740,TBL-20260216201908-001,inadequate_table_remake,10,4,6,0,0,6,10,10,10,0,0,"translation_status:inferred:10,source_row_low_information:6,statement_low_information:6"
doi:10.3389/fpsyg.2015.00637,TBL-20260216233845-001,inadequate_table_remake,2,1,0,0,1,1,2,2,1,0,0,"translation_status:inferred:1,source_row_low_information:1,low_statement_source_overlap:1,effect_unknown:1,translation_status:untranslatable_noise:1"
doi:10.3390/app11093942,TBL-20260216234107-007,inadequate_table_remake,1,0,0,0,1,1,1,0,0,0,0,"source_row_low_information:1,low_statement_source_overlap:1,outcome_unresolved:1,effect_unknown:1,translation_status:untranslatable_noise:1"
doi:10.3390/app11093942,TBL-20260216234107-008,inadequate_table_remake,1,0,0,0,1,1,1,0,0,0,0,"source_row_low_information:1,low_statement_source_overlap:1,outcome_unresolved:1,effect_unknown:1,translation_status:untranslatable_noise:1"
doi:10.3390/app11093942,TBL-20260216234108-011,inadequate_table_remake,2,0,0,0,2,2,2,2,0,0,0,"source_row_low_information:2,low_statement_source_overlap:2,effect_unknown:2,translation_status:untranslatable_noise:2"
doi:10.3390/app11093942,TBL-20260216234108-012,inadequate_table_remake,1,0,0,0,1,1,1,0,0,0,0,"source_row_low_information:1,low_statement_source_overlap:1,outcome_unresolved:1,effect_unknown:1,translation_status:untranslatable_noise:1"
doi:10.3390/app11093942,TBL-20260216234108-013,inadequate_table_remake,3,0,0,0,3,3,3,0,0,0,0,"source_row_low_information:3,low_statement_source_overlap:3,outcome_unresolved:3,effect_unknown:3,translation_status:untranslatable_noise:3"
doi:10.3390/buildings14041115,TBL-20260216234125-002,inadequate_table_remake,3,1,0,0,2,2,3,3,1,0,0,"source_row_low_information:2,low_statement_source_overlap:2,effect_unknown:2,translation_status:untranslatable_noise:2,translation_status:inferred:1"
doi:10.3390/buildings14103293,TBL-20260216234134-003,inadequate_table_remake,10,0,0,6,4,4,10,10,0,0,0,"low_statement_source_overlap:10,effect_unknown:10,translation_status:untranslatable_noise:10,source_row_low_information:4"
doi:10.3390/buildings14103293,TBL-20260216234134-004,inadequate_table_remake,1,0,0,0,1,1,1,1,0,0,0,"source_row_low_information:1,low_statement_source_overlap:1,effect_unknown:1,translation_status:untranslatable_noise:1"
doi:10.3390/buildings14113408,TBL-20260216234139-001,inadequate_table_remake,4,0,0,0,4,4,4,0,0,0,0,"source_row_low_information:4,low_statement_source_overlap:4,outcome_unresolved:4,effect_unknown:4,translation_status:untranslatable_noise:4"
doi:10.3390/buildings7020032,TBL-20260216234146-001,inadequate_table_remake,17,1,16,0,0,16,17,17,17,0,0,"translation_status:inferred:17,source_row_low_information:16,statement_low_information:16"
doi:10.3390/buildings7020032,TBL-20260216234149-006,inadequate_table_remake,9,0,9,0,0,9,9,9,9,0,0,"source_row_low_information:9,statement_low_information:9,translation_status:inferred:8,translation_status:fuzzy:1"
doi:10.3390/buildings7020032,TBL-20260216234155-012,inadequate_table_remake,2,1,0,0,1,1,2,2,1,0,0,"translation_status:inferred:1,source_row_low_information:1,low_statement_source_overlap:1,effect_unknown:1,translation_status:untranslatable_noise:1"
doi:10.3390/gels4020043,TBL-20260216234245-001,inadequate_table_remake,2,0,0,1,1,1,2,1,0,0,0,"low_statement_source_overlap:2,effect_unknown:2,translation_status:untranslatable_noise:2,source_row_low_information:1,outcome_unresolved:1"
doi:10.3390/ijerph182312510,TBL-20260216234316-001,inadequate_table_remake,1,0,0,0,1,1,1,1,0,0,0,"source_row_low_information:1,low_statement_source_overlap:1,effect_unknown:1,translation_status:untranslatable_noise:1"
doi:10.3390/land13121978,TBL-20260216234322-001,inadequate_table_remake,4,0,0,0,4,4,4,0,0,0,0,"source_row_low_information:4,low_statement_source_overlap:4,outcome_unresolved:4,effect_unknown:4,translation_status:untranslatable_noise:4"
doi:10.3390/s24237838,TBL-20260216234338-001,inadequate_table_remake,2,0,0,0,2,2,2,2,0,0,0,"source_row_low_information:2,low_statement_source_overlap:2,effect_unknown:2,translation_status:untranslatable_noise:2"
doi:10.3390/su12051830,TBL-20260216234346-002,inadequate_table_remake,14,0,0,11,3,3,14,14,0,0,0,"low_statement_source_overlap:14,effect_unknown:14,translation_status:untranslatable_noise:14,source_row_low_information:3"
doi:10.3390/su12176760,TBL-20260216234411-003,inadequate_table_remake,1,0,0,0,1,1,1,1,0,0,0,"source_row_low_information:1,low_statement_source_overlap:1,effect_unknown:1,translation_status:untranslatable_noise:1"
doi:10.3390/su12176760,TBL-20260216234411-009,inadequate_table_remake,1,0,0,0,1,1,1,1,0,0,0,"source_row_low_information:1,low_statement_source_overlap:1,effect_unknown:1,translation_status:untranslatable_noise:1"
doi:10.3390/su12239813,TBL-20260216234415-001,inadequate_table_remake,2,0,0,0,2,2,2,0,0,0,0,"source_row_low_information:2,low_statement_source_overlap:2,outcome_unresolved:2,effect_unknown:2,translation_status:untranslatable_noise:2"
doi:10.3390/su13168816,TBL-20260216234419-002,inadequate_table_remake,1,0,0,0,1,1,1,0,0,0,0,"source_row_low_information:1,low_statement_source_overlap:1,outcome_unresolved:1,effect_unknown:1,translation_status:untranslatable_noise:1"
doi:10.3390/su152216104,TBL-20260216234427-005,inadequate_table_remake,24,0,0,19,5,5,24,24,0,0,0,"low_statement_source_overlap:24,effect_unknown:24,translation_status:untranslatable_noise:24,source_row_low_information:5"
doi:10.3390/su152216104,TBL-20260216234427-009,inadequate_table_remake,21,0,0,15,6,6,21,21,0,0,0,"low_statement_source_overlap:21,effect_unknown:21,translation_status:untranslatable_noise:21,source_row_low_information:6"
doi:10.3390/su16124935,TBL-20260216234441-001,inadequate_table_remake,5,2,0,0,3,3,5,2,2,0,0,"source_row_low_information:3,low_statement_source_overlap:3,outcome_unresolved:3,effect_unknown:3,translation_status:untranslatable_noise:3,translation_status:inferred:2"
doi:10.3390/su16124935,TBL-20260216234441-002,inadequate_table_remake,18,0,0,0,18,18,18,18,0,0,0,"source_row_low_information:18,low_statement_source_overlap:18,effect_unknown:18,translation_status:untranslatable_noise:18"
doi:10.3390/su162310251,TBL-20260216234451-002,inadequate_table_remake,20,0,0,0,20,20,20,20,0,0,0,"source_row_low_information:20,low_statement_source_overlap:20,effect_unknown:20,translation_status:untranslatable_noise:20"
doi:10.3758/s13421-021-01209-7,TBL-20260216234456-001,inadequate_table_remake,1,0,0,0,1,1,1,0,0,0,0,"source_row_low_information:1,low_statement_source_overlap:1,outcome_unresolved:1,effect_unknown:1,translation_status:untranslatable_noise:1"
doi:10.3758/s13421-021-01209-7,TBL-20260216234456-002,inadequate_table_remake,1,0,0,0,1,1,1,0,0,0,0,"source_row_low_information:1,low_statement_source_overlap:1,outcome_unresolved:1,effect_unknown:1,translation_status:untranslatable_noise:1"
doi:10.3758/s13421-021-01209-7,TBL-20260216234456-004,inadequate_table_remake,1,0,0,0,1,1,1,0,0,0,0,"source_row_low_information:1,low_statement_source_overlap:1,outcome_unresolved:1,effect_unknown:1,translation_status:untranslatable_noise:1"
doi:10.3758/s13421-021-01209-7,TBL-20260216234456-006,inadequate_table_remake,1,0,0,0,1,1,1,0,0,0,0,"source_row_low_information:1,low_statement_source_overlap:1,outcome_unresolved:1,effect_unknown:1,translation_status:untranslatable_noise:1"
doi:10.3758/s13421-021-01209-7,TBL-20260216234456-007,inadequate_table_remake,1,0,0,0,1,1,1,0,0,0,0,"source_row_low_information:1,low_statement_source_overlap:1,outcome_unresolved:1,effect_unknown:1,translation_status:untranslatable_noise:1"
doi:10.3758/s13421-021-01209-7,TBL-20260216234456-008,inadequate_table_remake,2,0,0,0,2,2,2,0,0,0,0,"source_row_low_information:2,low_statement_source_overlap:2,outcome_unresolved:2,effect_unknown:2,translation_status:untranslatable_noise:2"
doi:10.3758/s13421-021-01209-7,TBL-20260216234456-010,inadequate_table_remake,1,0,0,0,1,1,1,0,0,0,0,"source_row_low_information:1,low_statement_source_overlap:1,outcome_unresolved:1,effect_unknown:1,translation_status:untranslatable_noise:1"
doi:10.3758/s13421-021-01209-7,TBL-20260216234456-011,inadequate_table_remake,2,0,0,0,2,2,2,0,0,0,0,"source_row_low_information:2,low_statement_source_overlap:2,outcome_unresolved:2,effect_unknown:2,translation_status:untranslatable_noise:2"
doi:10.3758/s13421-021-01209-7,TBL-20260216234456-012,inadequate_table_remake,3,0,0,0,3,3,3,0,0,0,0,"source_row_low_information:3,low_statement_source_overlap:3,outcome_unresolved:3,effect_unknown:3,translation_status:untranslatable_noise:3"
doi:10.3758/s13421-021-01209-7,TBL-20260216234456-013,inadequate_table_remake,1,0,0,0,1,1,1,0,0,0,0,"source_row_low_information:1,low_statement_source_overlap:1,outcome_unresolved:1,effect_unknown:1,translation_status:untranslatable_noise:1"
doi:10.48550/arxiv.2309.15840,TBL-20260216234518-001,inadequate_table_remake,12,0,0,7,5,5,12,12,0,0,0,"low_statement_source_overlap:12,effect_unknown:12,translation_status:untranslatable_noise:12,source_row_low_information:5"
doi:10.48550/arxiv.2406.02728,TBL-20260216234524-001,inadequate_table_remake,4,0,0,0,4,4,4,4,0,0,0,"source_row_low_information:4,low_statement_source_overlap:4,effect_unknown:4,translation_status:untranslatable_noise:4"
doi:10.54864/planarch.1491955,TBL-20260216234539-009,inadequate_table_remake,1,0,0,0,1,1,1,0,0,0,0,"source_row_low_information:1,low_statement_source_overlap:1,outcome_unresolved:1,effect_unknown:1,translation_status:untranslatable_noise:1"
doi:10.7302/1414,TBL-20260216234615-001,inadequate_table_remake,1,0,0,0,1,1,1,0,0,0,0,"source_row_low_information:1,low_statement_source_overlap:1,outcome_unresolved:1,effect_unknown:1,translation_status:untranslatable_noise:1"
doi:10.7302/1414,TBL-20260216234616-003,inadequate_table_remake,2,0,0,0,2,2,2,0,0,0,0,"source_row_low_information:2,low_statement_source_overlap:2,outcome_unresolved:2,effect_unknown:2,translation_status:untranslatable_noise:2"
sha256:4f30e0b5608b,TBL-20260216234636-003,inadequate_table_remake,1,0,0,0,1,1,1,1,0,0,0,"source_row_low_information:1,low_statement_source_overlap:1,effect_unknown:1,translation_status:untranslatable_noise:1"
zotero:2CHCFQSX,TBL-20260216234651-002,inadequate_table_remake,4,1,3,0,0,3,4,4,4,0,0,"translation_status:inferred:4,source_row_low_information:3,statement_low_information:3"
zotero:2CHCFQSX,TBL-20260216234651-003,inadequate_table_remake,1,0,0,0,1,1,1,1,0,0,0,"source_row_low_information:1,low_statement_source_overlap:1,effect_unknown:1,translation_status:untranslatable_noise:1"
zotero:2CHCFQSX,TBL-20260216234651-006,inadequate_table_remake,1,0,0,0,1,1,1,1,0,0,0,"source_row_low_information:1,low_statement_source_overlap:1,effect_unknown:1,translation_status:untranslatable_noise:1"
zotero:2E64CG9B,TBL-20260216234657-009,inadequate_table_remake,6,0,6,0,0,6,6,6,6,0,0,"source_row_low_information:6,low_statement_source_overlap:6,translation_status:noncausal:6"
zotero:2E64CG9B,TBL-20260216234712-022,inadequate_table_remake,1,0,0,0,1,1,1,1,0,0,0,"source_row_low_information:1,low_statement_source_overlap:1,effect_unknown:1,translation_status:untranslatable_noise:1"
zotero:2K5RUFVM,TBL-20260216234825-018,inadequate_table_remake,1,0,0,0,1,1,1,1,0,0,0,"source_row_low_information:1,low_statement_source_overlap:1,effect_unknown:1,translation_status:untranslatable_noise:1"
zotero:4Q9UNT4M,TBL-20260216234949-007,inadequate_table_remake,1,0,0,0,1,1,1,0,0,0,0,"source_row_low_information:1,low_statement_source_overlap:1,outcome_unresolved:1,effect_unknown:1,translation_status:untranslatable_noise:1"
zotero:4Q9UNT4M,TBL-20260216234950-010,inadequate_table_remake,7,4,0,0,3,3,7,7,4,0,0,"translation_status:inferred:4,source_row_low_information:3,low_statement_source_overlap:3,effect_unknown:3,translation_status:untranslatable_noise:3"
zotero:4Q9UNT4M,TBL-20260216234952-016,inadequate_table_remake,9,4,5,0,0,5,9,9,9,0,0,"translation_status:inferred:9,source_row_low_information:5,statement_low_information:5"
zotero:4Q9UNT4M,TBL-20260216234954-017,inadequate_table_remake,23,14,5,0,4,9,23,23,19,0,0,"translation_status:inferred:19,source_row_low_information:9,statement_low_information:5,low_statement_source_overlap:4,effect_unknown:4,translation_status:untranslatable_noise:4"
zotero:4Q9UNT4M,TBL-20260216234956-020,inadequate_table_remake,16,12,0,0,4,4,16,16,12,0,0,"translation_status:inferred:12,source_row_low_information:4,low_statement_source_overlap:4,effect_unknown:4,translation_status:untranslatable_noise:4"
zotero:4Q9UNT4M,TBL-20260216234959-023,inadequate_table_remake,4,1,1,0,2,3,4,3,2,0,0,"source_row_low_information:3,low_statement_source_overlap:2,effect_unknown:2,translation_status:untranslatable_noise:2,translation_status:inferred:2,outcome_unresolved:1"
zotero:4Q9UNT4M,TBL-20260216234959-026,inadequate_table_remake,5,1,4,0,0,4,5,5,5,0,0,"translation_status:inferred:5,source_row_low_information:4,statement_low_information:4"
zotero:4Q9UNT4M,TBL-20260216234959-027,inadequate_table_remake,4,1,1,0,2,3,4,4,2,0,0,"source_row_low_information:3,low_statement_source_overlap:2,effect_unknown:2,translation_status:untranslatable_noise:2,translation_status:inferred:2,statement_low_information:1"
zotero:4Q9UNT4M,TBL-20260216235000-029,inadequate_table_remake,2,1,0,0,1,1,2,2,1,0,0,"source_row_low_information:1,low_statement_source_overlap:1,effect_unknown:1,translation_status:untranslatable_noise:1,translation_status:inferred:1"
zotero:4QHCLZ4R,TBL-20260216235104-002,inadequate_table_remake,5,0,5,0,0,5,5,5,5,0,0,"source_row_low_information:5,low_statement_source_overlap:5,translation_status:noncausal:5"
zotero:4QHCLZ4R,TBL-20260216235104-012,inadequate_table_remake,2,1,0,0,1,1,2,1,1,0,0,"translation_status:inferred:1,source_row_low_information:1,low_statement_source_overlap:1,outcome_unresolved:1,effect_unknown:1,translation_status:untranslatable_noise:1"
zotero:4QHCLZ4R,TBL-20260216235104-016,inadequate_table_remake,2,1,0,0,1,1,2,1,1,0,0,"translation_status:fuzzy:1,source_row_low_information:1,low_statement_source_overlap:1,outcome_unresolved:1,effect_unknown:1,translation_status:untranslatable_noise:1"
zotero:6TNNU66U,TBL-20260216235131-004,inadequate_table_remake,25,0,0,7,18,18,25,25,0,0,0,"low_statement_source_overlap:25,effect_unknown:25,translation_status:untranslatable_noise:25,source_row_low_information:18"
zotero:878RTY64,TBL-20260216235143-034,inadequate_table_remake,2,1,0,0,1,1,2,1,1,0,0,"translation_status:inferred:1,source_row_low_information:1,low_statement_source_overlap:1,outcome_unresolved:1,effect_unknown:1,translation_status:untranslatable_noise:1"
zotero:BYQ83W2G,TBL-20260216235204-005,inadequate_table_remake,10,0,10,0,0,10,10,10,10,0,0,"source_row_low_information:10,statement_low_information:10,translation_status:inferred:8,translation_status:fuzzy:2"
zotero:BYQ83W2G,TBL-20260216235206-017,inadequate_table_remake,3,0,0,0,3,3,3,0,0,0,0,"source_row_low_information:3,low_statement_source_overlap:3,outcome_unresolved:3,effect_unknown:3,translation_status:untranslatable_noise:3"
zotero:BYQ83W2G,TBL-20260216235207-019,inadequate_table_remake,11,3,8,0,0,8,11,11,11,0,0,"translation_status:inferred:11,source_row_low_information:8,statement_low_information:8"
zotero:F4X7UZLU,TBL-20260216235240-004,inadequate_table_remake,1,0,0,0,1,1,1,0,0,0,0,"source_row_low_information:1,low_statement_source_overlap:1,outcome_unresolved:1,effect_unknown:1,translation_status:untranslatable_noise:1"
zotero:FIZG8FDN,TBL-20260216235334-001,inadequate_table_remake,21,0,0,14,7,7,21,21,0,0,0,"low_statement_source_overlap:21,effect_unknown:21,translation_status:untranslatable_noise:21,source_row_low_information:7"
zotero:H6V4IFMZ,TBL-20260216235352-002,inadequate_table_remake,1,0,0,0,1,1,1,0,0,0,0,"source_row_low_information:1,low_statement_source_overlap:1,outcome_unresolved:1,effect_unknown:1,translation_status:untranslatable_noise:1"
zotero:H6V4IFMZ,TBL-20260216235352-003,inadequate_table_remake,1,0,0,0,1,1,1,0,0,0,0,"source_row_low_information:1,low_statement_source_overlap:1,outcome_unresolved:1,effect_unknown:1,translation_status:untranslatable_noise:1"
zotero:H6V4IFMZ,TBL-20260216235352-004,inadequate_table_remake,1,0,0,0,1,1,1,0,0,0,0,"source_row_low_information:1,low_statement_source_overlap:1,outcome_unresolved:1,effect_unknown:1,translation_status:untranslatable_noise:1"
zotero:H6V4IFMZ,TBL-20260216235352-005,inadequate_table_remake,1,0,0,0,1,1,1,0,0,0,0,"source_row_low_information:1,low_statement_source_overlap:1,outcome_unresolved:1,effect_unknown:1,translation_status:untranslatable_noise:1"
zotero:H6V4IFMZ,TBL-20260216235352-006,inadequate_table_remake,1,0,0,0,1,1,1,0,0,0,0,"source_row_low_information:1,low_statement_source_overlap:1,outcome_unresolved:1,effect_unknown:1,translation_status:untranslatable_noise:1"
zotero:H6V4IFMZ,TBL-20260216235352-007,inadequate_table_remake,1,0,0,0,1,1,1,0,0,0,0,"source_row_low_information:1,low_statement_source_overlap:1,outcome_unresolved:1,effect_unknown:1,translation_status:untranslatable_noise:1"
zotero:H6V4IFMZ,TBL-20260216235352-008,inadequate_table_remake,1,0,0,0,1,1,1,0,0,0,0,"source_row_low_information:1,low_statement_source_overlap:1,outcome_unresolved:1,effect_unknown:1,translation_status:untranslatable_noise:1"
zotero:H6V4IFMZ,TBL-20260216235353-009,inadequate_table_remake,1,0,0,0,1,1,1,0,0,0,0,"source_row_low_information:1,low_statement_source_overlap:1,outcome_unresolved:1,effect_unknown:1,translation_status:untranslatable_noise:1"
zotero:H6V4IFMZ,TBL-20260216235353-010,inadequate_table_remake,1,0,0,0,1,1,1,0,0,0,0,"source_row_low_information:1,low_statement_source_overlap:1,outcome_unresolved:1,effect_unknown:1,translation_status:untranslatable_noise:1"
zotero:H6V4IFMZ,TBL-20260216235353-011,inadequate_table_remake,1,0,0,0,1,1,1,0,0,0,0,"source_row_low_information:1,low_statement_source_overlap:1,outcome_unresolved:1,effect_unknown:1,translation_status:untranslatable_noise:1"
zotero:H6V4IFMZ,TBL-20260216235353-012,inadequate_table_remake,1,0,0,0,1,1,1,0,0,0,0,"source_row_low_information:1,low_statement_source_overlap:1,outcome_unresolved:1,effect_unknown:1,translation_status:untranslatable_noise:1"
zotero:H6V4IFMZ,TBL-20260216235353-013,inadequate_table_remake,1,0,0,0,1,1,1,0,0,0,0,"source_row_low_information:1,low_statement_source_overlap:1,outcome_unresolved:1,effect_unknown:1,translation_status:untranslatable_noise:1"
zotero:H6V4IFMZ,TBL-20260216235353-014,inadequate_table_remake,1,0,0,0,1,1,1,0,0,0,0,"source_row_low_information:1,low_statement_source_overlap:1,outcome_unresolved:1,effect_unknown:1,translation_status:untranslatable_noise:1"
zotero:H6V4IFMZ,TBL-20260216235353-019,inadequate_table_remake,1,0,0,0,1,1,1,1,0,0,0,"source_row_low_information:1,low_statement_source_overlap:1,effect_unknown:1,translation_status:untranslatable_noise:1"
zotero:H6V4IFMZ,TBL-20260216235353-020,inadequate_table_remake,1,0,0,0,1,1,1,0,0,0,0,"source_row_low_information:1,low_statement_source_overlap:1,outcome_unresolved:1,effect_unknown:1,translation_status:untranslatable_noise:1"
zotero:H6V4IFMZ,TBL-20260216235353-022,inadequate_table_remake,1,0,0,0,1,1,1,1,0,0,0,"source_row_low_information:1,low_statement_source_overlap:1,effect_unknown:1,translation_status:untranslatable_noise:1"
zotero:H6V4IFMZ,TBL-20260216235353-025,inadequate_table_remake,1,0,0,0,1,1,1,0,0,0,0,"source_row_low_information:1,low_statement_source_overlap:1,outcome_unresolved:1,effect_unknown:1,translation_status:untranslatable_noise:1"
zotero:H6V4IFMZ,TBL-20260216235353-028,inadequate_table_remake,1,0,0,0,1,1,1,0,0,0,0,"source_row_low_information:1,low_statement_source_overlap:1,outcome_unresolved:1,effect_unknown:1,translation_status:untranslatable_noise:1"
zotero:H6V4IFMZ,TBL-20260216235353-029,inadequate_table_remake,1,0,0,0,1,1,1,0,0,0,0,"source_row_low_information:1,low_statement_source_overlap:1,outcome_unresolved:1,effect_unknown:1,translation_status:untranslatable_noise:1"
zotero:H6V4IFMZ,TBL-20260216235354-030,inadequate_table_remake,1,0,0,0,1,1,1,0,0,0,0,"source_row_low_information:1,low_statement_source_overlap:1,outcome_unresolved:1,effect_unknown:1,translation_status:untranslatable_noise:1"
zotero:H6V4IFMZ,TBL-20260216235354-031,inadequate_table_remake,1,0,0,0,1,1,1,0,0,0,0,"source_row_low_information:1,low_statement_source_overlap:1,outcome_unresolved:1,effect_unknown:1,translation_status:untranslatable_noise:1"
zotero:H6V4IFMZ,TBL-20260216235354-032,inadequate_table_remake,1,0,0,0,1,1,1,0,0,0,0,"source_row_low_information:1,low_statement_source_overlap:1,outcome_unresolved:1,effect_unknown:1,translation_status:untranslatable_noise:1"
zotero:MRZL6AGQ,TBL-20260216235402-001,inadequate_table_remake,2,1,0,0,1,1,2,2,1,0,0,"translation_status:inferred:1,source_row_low_information:1,low_statement_source_overlap:1,effect_unknown:1,translation_status:untranslatable_noise:1"
zotero:Q5YDAT65,TBL-20260216235434-003,inadequate_table_remake,14,8,1,0,5,6,14,13,9,0,0,"translation_status:inferred:9,source_row_low_information:6,low_statement_source_overlap:5,effect_unknown:5,translation_status:untranslatable_noise:5,outcome_unresolved:1"
zotero:Q5YDAT65,TBL-20260216235434-004,inadequate_table_remake,3,0,1,0,2,3,3,3,1,0,0,"source_row_low_information:3,low_statement_source_overlap:2,effect_unknown:2,translation_status:untranslatable_noise:2,statement_low_information:1,translation_status:inferred:1"
zotero:Q5YDAT65,TBL-20260216235434-005,inadequate_table_remake,1,0,0,0,1,1,1,1,0,0,0,"source_row_low_information:1,low_statement_source_overlap:1,effect_unknown:1,translation_status:untranslatable_noise:1"
zotero:Q5YDAT65,TBL-20260216235434-008,inadequate_table_remake,1,0,0,0,1,1,1,1,0,0,0,"source_row_low_information:1,low_statement_source_overlap:1,effect_unknown:1,translation_status:untranslatable_noise:1"
zotero:Q5YDAT65,TBL-20260216235434-009,inadequate_table_remake,1,0,0,0,1,1,1,1,0,0,0,"source_row_low_information:1,low_statement_source_overlap:1,effect_unknown:1,translation_status:untranslatable_noise:1"
zotero:Q5YDAT65,TBL-20260216235434-015,inadequate_table_remake,23,5,0,0,18,18,23,11,5,0,0,"source_row_low_information:18,low_statement_source_overlap:18,effect_unknown:18,translation_status:untranslatable_noise:18,outcome_unresolved:12,translation_status:inferred:5"
zotero:SUUECVYU,TBL-20260216235458-004,inadequate_table_remake,3,0,0,0,3,3,3,0,0,0,0,"source_row_low_information:3,low_statement_source_overlap:3,outcome_unresolved:3,effect_unknown:3,translation_status:untranslatable_noise:3"
zotero:TVRKWFKJ,TBL-20260216203630-001,inadequate_table_remake,5,0,5,0,0,5,5,5,5,0,0,"source_row_low_information:5,low_statement_source_overlap:5,translation_status:noncausal:5"
doi:10.1002/adfm.202008831,TBL-20260216225726-001,suspect_rule_alignment,7,0,0,7,0,0,7,7,0,0,0,"low_statement_source_overlap:7,effect_unknown:7,translation_status:untranslatable_noise:7"
doi:10.1002/adfm.202008831,TBL-20260216225726-002,suspect_rule_alignment,1,0,0,1,0,0,1,1,0,0,0,"low_statement_source_overlap:1,effect_unknown:1,translation_status:untranslatable_noise:1"
doi:10.1002/adfm.202008831,TBL-20260216225726-003,suspect_rule_alignment,7,0,0,7,0,0,7,7,0,0,0,"low_statement_source_overlap:7,effect_unknown:7,translation_status:untranslatable_noise:7"
doi:10.1002/cne.920180503,TBL-20260216225733-002,suspect_rule_alignment,2,0,0,2,0,0,2,2,0,0,0,"low_statement_source_overlap:2,effect_unknown:2,translation_status:untranslatable_noise:2"
doi:10.1002/cne.920180503,TBL-20260216225733-006,suspect_rule_alignment,8,0,0,8,0,0,8,8,0,0,0,"low_statement_source_overlap:8,effect_unknown:8,translation_status:untranslatable_noise:8"
doi:10.1002/cne.920180503,TBL-20260216225733-008,suspect_rule_alignment,1,0,0,1,0,0,1,1,0,0,0,"effect_unknown:1,translation_status:untranslatable_noise:1"
doi:10.1002/cne.920180503,TBL-20260216225733-011,suspect_rule_alignment,3,0,0,3,0,0,3,3,0,0,0,"low_statement_source_overlap:3,effect_unknown:3,translation_status:untranslatable_noise:3"
doi:10.1002/cne.920180503,TBL-20260216225733-018,suspect_rule_alignment,2,0,0,2,0,0,2,2,0,0,0,"low_statement_source_overlap:2,effect_unknown:2,translation_status:untranslatable_noise:2"
doi:10.1002/cne.920180503,TBL-20260216225733-021,suspect_rule_alignment,4,0,0,4,0,0,4,4,0,0,0,"effect_unknown:4,translation_status:untranslatable_noise:4,low_statement_source_overlap:3"
doi:10.1002/cne.920180503,TBL-20260216225733-023,suspect_rule_alignment,1,0,0,1,0,0,1,1,0,0,0,"effect_unknown:1,translation_status:untranslatable_noise:1"
doi:10.1002/cne.920180503,TBL-20260216225733-025,suspect_rule_alignment,1,0,0,1,0,0,1,1,0,0,0,"low_statement_source_overlap:1,effect_unknown:1,translation_status:untranslatable_noise:1"
doi:10.1002/wcs.147,TBL-20260216225757-001,suspect_rule_alignment,21,0,0,21,0,0,21,21,0,0,0,"low_statement_source_overlap:21,effect_unknown:21,translation_status:untranslatable_noise:21"
doi:10.1002/wcs.147,TBL-20260216225757-002,suspect_rule_alignment,17,0,0,17,0,0,17,17,0,0,0,"low_statement_source_overlap:17,effect_unknown:17,translation_status:untranslatable_noise:17"
doi:10.1002/wcs.147,TBL-20260216225757-003,suspect_rule_alignment,20,0,0,20,0,0,20,20,0,0,0,"low_statement_source_overlap:20,effect_unknown:20,translation_status:untranslatable_noise:20"
doi:10.1002/wcs.147,TBL-20260216225757-004,suspect_rule_alignment,23,11,0,12,0,0,23,23,11,0,0,"low_statement_source_overlap:12,effect_unknown:12,translation_status:untranslatable_noise:12,translation_status:inferred:11"
doi:10.1006/jevp.2000.0186,TBL-20260216225857-001,suspect_rule_alignment,21,0,0,21,0,0,21,21,0,0,0,"low_statement_source_overlap:21,effect_unknown:21,translation_status:untranslatable_noise:21"
doi:10.1006/jevp.2000.0186,TBL-20260216225857-002,suspect_rule_alignment,1,0,0,1,0,0,1,1,0,0,0,"low_statement_source_overlap:1,effect_unknown:1,translation_status:untranslatable_noise:1"
doi:10.1006/jevp.2000.0186,TBL-20260216225857-003,suspect_rule_alignment,2,0,0,2,0,0,2,2,0,0,0,"low_statement_source_overlap:2,effect_unknown:2,translation_status:untranslatable_noise:2"
doi:10.1006/jevp.2001.0221,TBL-20260216225902-001,suspect_rule_alignment,6,0,0,6,0,0,6,6,0,0,0,"low_statement_source_overlap:6,effect_unknown:6,translation_status:untranslatable_noise:6"
doi:10.1006/jevp.2001.0221,TBL-20260216225902-003,suspect_rule_alignment,1,0,0,1,0,0,1,1,0,0,0,"low_statement_source_overlap:1,effect_unknown:1,translation_status:untranslatable_noise:1"
doi:10.1006/jevp.2001.0221,TBL-20260216225902-004,suspect_rule_alignment,7,0,0,7,0,0,7,7,0,0,0,"low_statement_source_overlap:7,effect_unknown:7,translation_status:untranslatable_noise:7"
doi:10.1006/jevp.2001.0221,TBL-20260216225902-005,suspect_rule_alignment,2,0,0,2,0,0,2,2,0,0,0,"low_statement_source_overlap:2,effect_unknown:2,translation_status:untranslatable_noise:2"
doi:10.1006/jevp.2001.0221,TBL-20260216225902-006,suspect_rule_alignment,4,0,0,4,0,0,4,4,0,0,0,"low_statement_source_overlap:4,effect_unknown:4,translation_status:untranslatable_noise:4"
doi:10.1007/3-540-48384-5_25,TBL-20260216225938-001,suspect_rule_alignment,2,0,0,2,0,0,2,2,0,0,0,"low_statement_source_overlap:2,effect_unknown:2,translation_status:untranslatable_noise:2"
doi:10.1007/3-540-48384-5_25,TBL-20260216225938-004,suspect_rule_alignment,1,0,0,1,0,0,1,1,0,0,0,"low_statement_source_overlap:1,effect_unknown:1,translation_status:untranslatable_noise:1"
doi:10.1007/978-1-4613-3539-9_4,TBL-20260216225948-001,suspect_rule_alignment,4,0,0,4,0,0,4,4,0,0,0,"low_statement_source_overlap:4,effect_unknown:4,translation_status:untranslatable_noise:4"
doi:10.1007/978-1-4613-3539-9_4,TBL-20260216225948-002,suspect_rule_alignment,9,0,0,9,0,0,9,9,0,0,0,"low_statement_source_overlap:9,effect_unknown:9,translation_status:untranslatable_noise:9"
doi:10.1007/978-1-4613-3539-9_4,TBL-20260216225948-003,suspect_rule_alignment,5,0,0,5,0,0,5,5,0,0,0,"low_statement_source_overlap:5,effect_unknown:5,translation_status:untranslatable_noise:5"
doi:10.1007/978-1-4757-4425-5_4,TBL-20260216225956-001,suspect_rule_alignment,8,0,0,6,2,2,8,8,0,0,0,"low_statement_source_overlap:8,effect_unknown:8,translation_status:untranslatable_noise:8,source_row_low_information:2"
doi:10.1007/978-1-4757-4425-5_4,TBL-20260216225956-003,suspect_rule_alignment,2,0,0,2,0,0,2,2,0,0,0,"low_statement_source_overlap:2,effect_unknown:2,translation_status:untranslatable_noise:2"
doi:10.1007/978-1-4757-4425-5_4,TBL-20260216225956-004,suspect_rule_alignment,1,0,0,1,0,0,1,1,0,0,0,"low_statement_source_overlap:1,effect_unknown:1,translation_status:untranslatable_noise:1"
doi:10.1007/978-1-4757-4425-5_4,TBL-20260216225956-005,suspect_rule_alignment,1,0,0,1,0,0,1,1,0,0,0,"low_statement_source_overlap:1,effect_unknown:1,translation_status:untranslatable_noise:1"
doi:10.1007/978-3-031-04714-5_6,TBL-20260216230002-001,suspect_rule_alignment,1,0,0,1,0,0,1,1,0,0,0,"low_statement_source_overlap:1,effect_unknown:1,translation_status:untranslatable_noise:1"
doi:10.1007/978-3-031-04714-5_6,TBL-20260216230002-002,suspect_rule_alignment,9,0,0,9,0,0,9,9,0,0,0,"effect_unknown:9,translation_status:untranslatable_noise:9,low_statement_source_overlap:8"
doi:10.1007/978-3-031-04714-5_6,TBL-20260216230002-004,suspect_rule_alignment,21,0,0,19,2,2,21,21,0,0,0,"low_statement_source_overlap:21,effect_unknown:21,translation_status:untranslatable_noise:21,source_row_low_information:2"
doi:10.1007/978-3-031-04714-5_6,TBL-20260216230002-006,suspect_rule_alignment,6,0,0,6,0,0,6,6,0,0,0,"low_statement_source_overlap:6,effect_unknown:6,translation_status:untranslatable_noise:6"
doi:10.1007/978-3-031-04714-5_6,TBL-20260216230002-008,suspect_rule_alignment,15,0,0,15,0,0,15,15,0,0,0,"effect_unknown:15,translation_status:untranslatable_noise:15,low_statement_source_overlap:14"
doi:10.1007/978-3-031-04714-5_6,TBL-20260216230002-009,suspect_rule_alignment,8,0,0,7,1,1,8,8,0,0,0,"low_statement_source_overlap:8,effect_unknown:8,translation_status:untranslatable_noise:8,source_row_low_information:1"
doi:10.1007/978-3-031-04714-5_6,TBL-20260216230002-012,suspect_rule_alignment,9,0,0,9,0,0,9,9,0,0,0,"low_statement_source_overlap:9,effect_unknown:9,translation_status:untranslatable_noise:9"
doi:10.1007/978-94-017-9297-4_1,TBL-20260216230113-001,suspect_rule_alignment,5,0,0,5,0,0,5,5,0,0,0,"low_statement_source_overlap:5,effect_unknown:5,translation_status:untranslatable_noise:5"
doi:10.1007/978-981-99-8405-3_13,TBL-20260216230120-001,suspect_rule_alignment,1,0,0,1,0,0,1,1,0,0,0,"low_statement_source_overlap:1,effect_unknown:1,translation_status:untranslatable_noise:1"
doi:10.1007/978-981-99-8405-3_13,TBL-20260216230120-002,suspect_rule_alignment,4,0,0,4,0,0,4,4,0,0,0,"low_statement_source_overlap:4,effect_unknown:4,translation_status:untranslatable_noise:4"
doi:10.1007/978-981-99-8405-3_13,TBL-20260216230120-003,suspect_rule_alignment,2,0,0,2,0,0,2,2,0,0,0,"low_statement_source_overlap:2,effect_unknown:2,translation_status:untranslatable_noise:2"
doi:10.1007/978-981-99-8405-3_13,TBL-20260216230120-004,suspect_rule_alignment,1,0,0,1,0,0,1,1,0,0,0,"low_statement_source_overlap:1,effect_unknown:1,translation_status:untranslatable_noise:1"
doi:10.1007/978-981-99-8405-3_13,TBL-20260216230120-005,suspect_rule_alignment,1,0,0,1,0,0,1,1,0,0,0,"low_statement_source_overlap:1,effect_unknown:1,translation_status:untranslatable_noise:1"
doi:10.1007/978-981-99-8405-3_13,TBL-20260216230120-006,suspect_rule_alignment,2,0,0,2,0,0,2,2,0,0,0,"low_statement_source_overlap:2,effect_unknown:2,translation_status:untranslatable_noise:2"
doi:10.1007/978-981-99-8405-3_13,TBL-20260216230120-007,suspect_rule_alignment,1,0,0,1,0,0,1,1,0,0,0,"low_statement_source_overlap:1,effect_unknown:1,translation_status:untranslatable_noise:1"
doi:10.1007/978-981-99-8405-3_13,TBL-20260216230120-008,suspect_rule_alignment,2,0,0,2,0,0,2,2,0,0,0,"low_statement_source_overlap:2,effect_unknown:2,translation_status:untranslatable_noise:2"
doi:10.1007/978-981-99-8405-3_13,TBL-20260216230120-009,suspect_rule_alignment,1,0,0,1,0,0,1,1,0,0,0,"low_statement_source_overlap:1,effect_unknown:1,translation_status:untranslatable_noise:1"
doi:10.1007/978-981-99-8405-3_13,TBL-20260216230120-010,suspect_rule_alignment,1,0,0,1,0,0,1,1,0,0,0,"low_statement_source_overlap:1,effect_unknown:1,translation_status:untranslatable_noise:1"
doi:10.1007/978-981-99-8405-3_13,TBL-20260216230120-011,suspect_rule_alignment,1,0,0,1,0,0,1,1,0,0,0,"low_statement_source_overlap:1,effect_unknown:1,translation_status:untranslatable_noise:1"
doi:10.1007/978-981-99-8405-3_13,TBL-20260216230120-012,suspect_rule_alignment,1,0,0,1,0,0,1,1,0,0,0,"low_statement_source_overlap:1,effect_unknown:1,translation_status:untranslatable_noise:1"
doi:10.1007/978-981-99-8405-3_13,TBL-20260216230120-013,suspect_rule_alignment,2,0,0,2,0,0,2,2,0,0,0,"low_statement_source_overlap:2,effect_unknown:2,translation_status:untranslatable_noise:2"
doi:10.1007/978-981-99-8405-3_13,TBL-20260216230120-014,suspect_rule_alignment,1,0,0,1,0,0,1,1,0,0,0,"low_statement_source_overlap:1,effect_unknown:1,translation_status:untranslatable_noise:1"
doi:10.1007/bf00996485,TBL-20260216230128-001,suspect_rule_alignment,2,0,0,2,0,0,2,2,0,0,0,"low_statement_source_overlap:2,effect_unknown:2,translation_status:untranslatable_noise:2"
doi:10.1007/bf00996485,TBL-20260216230128-002,suspect_rule_alignment,4,0,0,4,0,0,4,4,0,0,0,"low_statement_source_overlap:4,effect_unknown:4,translation_status:untranslatable_noise:4"
doi:10.1007/bf00996485,TBL-20260216230128-003,suspect_rule_alignment,1,0,0,1,0,0,1,1,0,0,0,"low_statement_source_overlap:1,effect_unknown:1,translation_status:untranslatable_noise:1"
doi:10.1007/bf00996485,TBL-20260216230128-004,suspect_rule_alignment,7,0,0,6,1,1,7,7,0,0,0,"low_statement_source_overlap:7,effect_unknown:7,translation_status:untranslatable_noise:7,source_row_low_information:1"
doi:10.1007/bf00996485,TBL-20260216230128-005,suspect_rule_alignment,4,0,0,4,0,0,4,4,0,0,0,"low_statement_source_overlap:4,effect_unknown:4,translation_status:untranslatable_noise:4"
doi:10.1007/bf00996485,TBL-20260216230128-006,suspect_rule_alignment,10,0,0,10,0,0,10,10,0,0,0,"low_statement_source_overlap:10,effect_unknown:10,translation_status:untranslatable_noise:10"
doi:10.1007/bf00996485,TBL-20260216230128-008,suspect_rule_alignment,8,0,0,8,0,0,8,8,0,0,0,"low_statement_source_overlap:8,effect_unknown:8,translation_status:untranslatable_noise:8"
doi:10.1007/bf00996485,TBL-20260216230128-009,suspect_rule_alignment,5,0,0,5,0,0,5,5,0,0,0,"low_statement_source_overlap:5,effect_unknown:5,translation_status:untranslatable_noise:5"
doi:10.1007/bf00996485,TBL-20260216230128-010,suspect_rule_alignment,7,0,0,7,0,0,7,7,0,0,0,"low_statement_source_overlap:7,effect_unknown:7,translation_status:untranslatable_noise:7"
doi:10.1007/bf00996485,TBL-20260216230128-011,suspect_rule_alignment,9,0,0,9,0,0,9,9,0,0,0,"low_statement_source_overlap:9,effect_unknown:9,translation_status:untranslatable_noise:9"
doi:10.1007/bf00996485,TBL-20260216230128-012,suspect_rule_alignment,7,0,0,7,0,0,7,7,0,0,0,"low_statement_source_overlap:7,effect_unknown:7,translation_status:untranslatable_noise:7"
doi:10.1007/bf00996485,TBL-20260216230128-013,suspect_rule_alignment,4,0,0,4,0,0,4,4,0,0,0,"low_statement_source_overlap:4,effect_unknown:4,translation_status:untranslatable_noise:4"
doi:10.1007/bf00996485,TBL-20260216230128-014,suspect_rule_alignment,2,0,0,2,0,0,2,2,0,0,0,"low_statement_source_overlap:2,effect_unknown:2,translation_status:untranslatable_noise:2"
doi:10.1007/bf00996485,TBL-20260216230128-015,suspect_rule_alignment,5,0,0,5,0,0,5,5,0,0,0,"low_statement_source_overlap:5,effect_unknown:5,translation_status:untranslatable_noise:5"
doi:10.1007/s00221-008-1382-0,TBL-20260216230143-001,suspect_rule_alignment,25,0,0,25,0,0,25,25,0,0,0,"low_statement_source_overlap:25,effect_unknown:25,translation_status:untranslatable_noise:25"
doi:10.1007/s00221-008-1382-0,TBL-20260216230143-002,suspect_rule_alignment,6,0,0,6,0,0,6,6,0,0,0,"low_statement_source_overlap:6,effect_unknown:6,translation_status:untranslatable_noise:6"
doi:10.1007/s00226-021-01320-7,TBL-20260216230153-001,suspect_rule_alignment,7,0,0,7,0,0,7,7,0,0,0,"low_statement_source_overlap:7,effect_unknown:7,translation_status:untranslatable_noise:7"
doi:10.1007/s00226-021-01320-7,TBL-20260216230153-004,suspect_rule_alignment,1,0,0,1,0,0,1,1,0,0,0,"low_statement_source_overlap:1,effect_unknown:1,translation_status:untranslatable_noise:1"
doi:10.1007/s00226-021-01320-7,TBL-20260216230153-005,suspect_rule_alignment,1,0,0,1,0,0,1,1,0,0,0,"low_statement_source_overlap:1,effect_unknown:1,translation_status:untranslatable_noise:1"
doi:10.1007/s00226-021-01320-7,TBL-20260216230153-006,suspect_rule_alignment,7,0,0,7,0,0,7,7,0,0,0,"low_statement_source_overlap:7,effect_unknown:7,translation_status:untranslatable_noise:7"
doi:10.1007/s00226-021-01320-7,TBL-20260216230153-010,suspect_rule_alignment,1,0,0,1,0,0,1,1,0,0,0,"low_statement_source_overlap:1,effect_unknown:1,translation_status:untranslatable_noise:1"
doi:10.1007/s00226-021-01320-7,TBL-20260216230153-012,suspect_rule_alignment,2,0,0,2,0,0,2,2,0,0,0,"low_statement_source_overlap:2,effect_unknown:2,translation_status:untranslatable_noise:2"
doi:10.1007/s00226-021-01320-7,TBL-20260216230153-014,suspect_rule_alignment,1,0,0,1,0,0,1,1,0,0,0,"low_statement_source_overlap:1,effect_unknown:1,translation_status:untranslatable_noise:1"
doi:10.1007/s00226-021-01320-7,TBL-20260216230153-017,suspect_rule_alignment,8,0,0,8,0,0,8,8,0,0,0,"low_statement_source_overlap:8,effect_unknown:8,translation_status:untranslatable_noise:8"
doi:10.1007/s00226-021-01320-7,TBL-20260216230153-020,suspect_rule_alignment,1,0,0,1,0,0,1,1,0,0,0,"low_statement_source_overlap:1,effect_unknown:1,translation_status:untranslatable_noise:1"
doi:10.1007/s00226-021-01320-7,TBL-20260216230153-021,suspect_rule_alignment,6,0,0,6,0,0,6,6,0,0,0,"low_statement_source_overlap:6,effect_unknown:6,translation_status:untranslatable_noise:6"
doi:10.1007/s00226-021-01320-7,TBL-20260216230153-022,suspect_rule_alignment,5,0,0,5,0,0,5,5,0,0,0,"low_statement_source_overlap:5,effect_unknown:5,translation_status:untranslatable_noise:5"
doi:10.1007/s00226-021-01320-7,TBL-20260216230153-024,suspect_rule_alignment,7,0,0,7,0,0,7,7,0,0,0,"low_statement_source_overlap:7,effect_unknown:7,translation_status:untranslatable_noise:7"
doi:10.1007/s00265-018-2602-7,TBL-20260216230204-002,suspect_rule_alignment,10,0,0,10,0,0,10,10,0,0,0,"low_statement_source_overlap:10,effect_unknown:10,translation_status:untranslatable_noise:10"
doi:10.1007/s10086-006-0812-5,TBL-20260216230219-001,suspect_rule_alignment,4,0,0,3,1,1,4,4,0,0,0,"low_statement_source_overlap:4,effect_unknown:4,translation_status:untranslatable_noise:4,source_row_low_information:1"
doi:10.1007/s10086-006-0812-5,TBL-20260216230219-002,suspect_rule_alignment,1,0,0,1,0,0,1,1,0,0,0,"low_statement_source_overlap:1,effect_unknown:1,translation_status:untranslatable_noise:1"
doi:10.1007/s10086-006-0812-5,TBL-20260216230219-003,suspect_rule_alignment,15,0,0,14,1,1,15,15,0,0,0,"low_statement_source_overlap:15,effect_unknown:15,translation_status:untranslatable_noise:15,source_row_low_information:1"
doi:10.1007/s10086-016-1597-9,TBL-20260216230227-001,suspect_rule_alignment,1,0,0,1,0,0,1,1,0,0,0,"low_statement_source_overlap:1,effect_unknown:1,translation_status:untranslatable_noise:1"
doi:10.1007/s10086-016-1597-9,TBL-20260216230227-002,suspect_rule_alignment,1,0,0,1,0,0,1,1,0,0,0,"low_statement_source_overlap:1,effect_unknown:1,translation_status:untranslatable_noise:1"
doi:10.1007/s11229-019-02131-x,TBL-20260216230306-001,suspect_rule_alignment,6,0,0,6,0,0,6,6,0,0,0,"low_statement_source_overlap:6,effect_unknown:6,translation_status:untranslatable_noise:6"
doi:10.1007/s11229-019-02131-x,TBL-20260216230306-002,suspect_rule_alignment,1,0,0,1,0,0,1,1,0,0,0,"low_statement_source_overlap:1,effect_unknown:1,translation_status:untranslatable_noise:1"
doi:10.1007/s11229-019-02131-x,TBL-20260216230306-003,suspect_rule_alignment,1,0,0,1,0,0,1,1,0,0,0,"low_statement_source_overlap:1,effect_unknown:1,translation_status:untranslatable_noise:1"
doi:10.1007/s11406-017-9841-0,TBL-20260216230309-001,suspect_rule_alignment,2,0,0,2,0,0,2,2,0,0,0,"low_statement_source_overlap:2,effect_unknown:2,translation_status:untranslatable_noise:2"
doi:10.1007/s11406-017-9841-0,TBL-20260216230309-002,suspect_rule_alignment,3,0,0,3,0,0,3,3,0,0,0,"effect_unknown:3,translation_status:untranslatable_noise:3,low_statement_source_overlap:2"
doi:10.1007/s11406-017-9841-0,TBL-20260216230309-003,suspect_rule_alignment,2,0,0,2,0,0,2,2,0,0,0,"low_statement_source_overlap:2,effect_unknown:2,translation_status:untranslatable_noise:2"
doi:10.1007/s11406-017-9841-0,TBL-20260216230310-004,suspect_rule_alignment,3,0,0,3,0,0,3,3,0,0,0,"low_statement_source_overlap:3,effect_unknown:3,translation_status:untranslatable_noise:3"
doi:10.1007/s11406-017-9841-0,TBL-20260216230312-006,suspect_rule_alignment,3,0,0,3,0,0,3,3,0,0,0,"low_statement_source_overlap:3,effect_unknown:3,translation_status:untranslatable_noise:3"
doi:10.1007/s11406-017-9841-0,TBL-20260216230314-007,suspect_rule_alignment,2,0,0,2,0,0,2,2,0,0,0,"low_statement_source_overlap:2,effect_unknown:2,translation_status:untranslatable_noise:2"
doi:10.1007/s11406-017-9841-0,TBL-20260216230314-008,suspect_rule_alignment,1,0,0,1,0,0,1,1,0,0,0,"low_statement_source_overlap:1,effect_unknown:1,translation_status:untranslatable_noise:1"
doi:10.1007/s11406-017-9841-0,TBL-20260216230314-009,suspect_rule_alignment,2,1,0,1,0,0,2,2,1,0,0,"low_statement_source_overlap:1,effect_unknown:1,translation_status:untranslatable_noise:1,translation_status:inferred:1"
doi:10.1007/s11406-017-9841-0,TBL-20260216230315-010,suspect_rule_alignment,2,1,0,1,0,0,2,2,1,0,0,"low_statement_source_overlap:1,effect_unknown:1,translation_status:untranslatable_noise:1,translation_status:fuzzy:1"
doi:10.1007/s11406-017-9841-0,TBL-20260216230317-013,suspect_rule_alignment,2,1,0,1,0,0,2,2,1,0,0,"low_statement_source_overlap:1,effect_unknown:1,translation_status:untranslatable_noise:1,translation_status:fuzzy:1"
doi:10.1007/s11406-017-9841-0,TBL-20260216230318-016,suspect_rule_alignment,1,0,0,1,0,0,1,1,0,0,0,"low_statement_source_overlap:1,effect_unknown:1,translation_status:untranslatable_noise:1"
doi:10.1007/s11406-017-9841-0,TBL-20260216230318-017,suspect_rule_alignment,2,0,0,2,0,0,2,2,0,0,0,"low_statement_source_overlap:2,effect_unknown:2,translation_status:untranslatable_noise:2"
doi:10.1007/s11406-017-9841-0,TBL-20260216230320-018,suspect_rule_alignment,2,0,0,2,0,0,2,2,0,0,0,"effect_unknown:2,translation_status:untranslatable_noise:2"
doi:10.1007/s11406-017-9841-0,TBL-20260216230321-020,suspect_rule_alignment,2,1,0,1,0,0,2,2,1,0,0,"low_statement_source_overlap:1,effect_unknown:1,translation_status:untranslatable_noise:1,translation_status:inferred:1"
doi:10.1007/s11406-017-9841-0,TBL-20260216230322-021,suspect_rule_alignment,2,1,0,1,0,0,2,2,1,0,0,"low_statement_source_overlap:1,effect_unknown:1,translation_status:untranslatable_noise:1,translation_status:inferred:1"
doi:10.1007/s11406-017-9841-0,TBL-20260216230322-022,suspect_rule_alignment,1,0,0,1,0,0,1,1,0,0,0,"low_statement_source_overlap:1,effect_unknown:1,translation_status:untranslatable_noise:1"
doi:10.1007/s11406-017-9841-0,TBL-20260216230322-023,suspect_rule_alignment,1,0,0,1,0,0,1,1,0,0,0,"low_statement_source_overlap:1,effect_unknown:1,translation_status:untranslatable_noise:1"
doi:10.1007/s11406-017-9841-0,TBL-20260216230322-024,suspect_rule_alignment,2,1,0,1,0,0,2,2,1,0,0,"low_statement_source_overlap:1,effect_unknown:1,translation_status:untranslatable_noise:1,translation_status:inferred:1"
doi:10.1007/s11406-017-9841-0,TBL-20260216230323-025,suspect_rule_alignment,2,1,0,1,0,0,2,2,1,0,0,"low_statement_source_overlap:1,effect_unknown:1,translation_status:untranslatable_noise:1,translation_status:inferred:1"
doi:10.1007/s11406-017-9841-0,TBL-20260216230323-026,suspect_rule_alignment,2,1,0,1,0,0,2,2,1,0,0,"low_statement_source_overlap:1,effect_unknown:1,translation_status:untranslatable_noise:1,translation_status:inferred:1"
doi:10.1007/s11406-017-9841-0,TBL-20260216230323-027,suspect_rule_alignment,2,0,0,2,0,0,2,2,0,0,0,"low_statement_source_overlap:2,effect_unknown:2,translation_status:untranslatable_noise:2"
doi:10.1007/s11406-017-9841-0,TBL-20260216230323-028,suspect_rule_alignment,1,0,0,1,0,0,1,1,0,0,0,"low_statement_source_overlap:1,effect_unknown:1,translation_status:untranslatable_noise:1"
doi:10.1007/s11406-017-9841-0,TBL-20260216230323-029,suspect_rule_alignment,1,0,0,1,0,0,1,1,0,0,0,"low_statement_source_overlap:1,effect_unknown:1,translation_status:untranslatable_noise:1"
doi:10.1007/s11406-017-9841-0,TBL-20260216230323-030,suspect_rule_alignment,2,1,0,1,0,0,2,2,1,0,0,"translation_status:inferred:1,low_statement_source_overlap:1,effect_unknown:1,translation_status:untranslatable_noise:1"
doi:10.1007/s11406-017-9841-0,TBL-20260216230324-031,suspect_rule_alignment,2,0,0,2,0,0,2,2,0,0,0,"low_statement_source_overlap:2,effect_unknown:2,translation_status:untranslatable_noise:2"
doi:10.1007/s11406-017-9841-0,TBL-20260216230324-032,suspect_rule_alignment,2,1,0,1,0,0,2,2,1,0,0,"low_statement_source_overlap:1,effect_unknown:1,translation_status:untranslatable_noise:1,translation_status:inferred:1"
doi:10.1007/s11406-017-9841-0,TBL-20260216230324-033,suspect_rule_alignment,1,0,0,1,0,0,1,1,0,0,0,"low_statement_source_overlap:1,effect_unknown:1,translation_status:untranslatable_noise:1"
doi:10.1007/s11406-017-9841-0,TBL-20260216230324-034,suspect_rule_alignment,2,1,0,1,0,0,2,2,1,0,0,"low_statement_source_overlap:1,effect_unknown:1,translation_status:untranslatable_noise:1,translation_status:inferred:1"
doi:10.1007/s11406-017-9841-0,TBL-20260216230324-035,suspect_rule_alignment,2,1,0,1,0,0,2,2,1,0,0,"low_statement_source_overlap:1,effect_unknown:1,translation_status:untranslatable_noise:1,translation_status:inferred:1"
doi:10.1007/s11406-017-9841-0,TBL-20260216230325-036,suspect_rule_alignment,2,1,0,1,0,0,2,2,1,0,0,"low_statement_source_overlap:1,effect_unknown:1,translation_status:untranslatable_noise:1,translation_status:inferred:1"
doi:10.1007/s11406-017-9841-0,TBL-20260216230325-037,suspect_rule_alignment,2,0,0,2,0,0,2,2,0,0,0,"low_statement_source_overlap:2,effect_unknown:2,translation_status:untranslatable_noise:2"
doi:10.1007/s11406-017-9841-0,TBL-20260216230325-038,suspect_rule_alignment,2,0,0,2,0,0,2,2,0,0,0,"low_statement_source_overlap:2,effect_unknown:2,translation_status:untranslatable_noise:2"
doi:10.1007/s11406-017-9841-0,TBL-20260216230325-039,suspect_rule_alignment,2,0,0,2,0,0,2,2,0,0,0,"low_statement_source_overlap:2,effect_unknown:2,translation_status:untranslatable_noise:2"
doi:10.1007/s11406-017-9841-0,TBL-20260216230325-040,suspect_rule_alignment,2,1,0,1,0,0,2,2,1,0,0,"low_statement_source_overlap:1,effect_unknown:1,translation_status:untranslatable_noise:1,translation_status:inferred:1"
doi:10.1007/s11406-017-9841-0,TBL-20260216230326-041,suspect_rule_alignment,2,1,0,1,0,0,2,2,1,0,0,"low_statement_source_overlap:1,effect_unknown:1,translation_status:untranslatable_noise:1,translation_status:inferred:1"
doi:10.1007/s11406-017-9841-0,TBL-20260216230327-046,suspect_rule_alignment,2,1,0,1,0,0,2,2,1,0,0,"translation_status:fuzzy:1,low_statement_source_overlap:1,effect_unknown:1,translation_status:untranslatable_noise:1"
doi:10.1007/s11406-017-9841-0,TBL-20260216230328-050,suspect_rule_alignment,2,1,0,1,0,0,2,2,1,0,0,"low_statement_source_overlap:1,effect_unknown:1,translation_status:untranslatable_noise:1,translation_status:inferred:1"
doi:10.1007/s11406-017-9841-0,TBL-20260216230329-052,suspect_rule_alignment,3,0,0,3,0,0,3,3,0,0,0,"low_statement_source_overlap:3,effect_unknown:3,translation_status:untranslatable_noise:3"
doi:10.1007/s11406-017-9841-0,TBL-20260216230330-053,suspect_rule_alignment,1,0,0,1,0,0,1,1,0,0,0,"low_statement_source_overlap:1,effect_unknown:1,translation_status:untranslatable_noise:1"
doi:10.1007/s11406-017-9841-0,TBL-20260216230331-054,suspect_rule_alignment,2,0,0,2,0,0,2,2,0,0,0,"low_statement_source_overlap:2,effect_unknown:2,translation_status:untranslatable_noise:2"
doi:10.1007/s11406-017-9841-0,TBL-20260216230331-055,suspect_rule_alignment,2,1,0,1,0,0,2,2,1,0,0,"low_statement_source_overlap:1,effect_unknown:1,translation_status:untranslatable_noise:1,translation_status:inferred:1"
doi:10.1007/s11406-017-9841-0,TBL-20260216230332-056,suspect_rule_alignment,2,0,0,2,0,0,2,2,0,0,0,"low_statement_source_overlap:2,effect_unknown:2,translation_status:untranslatable_noise:2"
doi:10.1007/s11406-017-9841-0,TBL-20260216230333-063,suspect_rule_alignment,2,0,0,2,0,0,2,2,0,0,0,"low_statement_source_overlap:2,effect_unknown:2,translation_status:untranslatable_noise:2"
doi:10.1007/s11406-017-9841-0,TBL-20260216230336-064,suspect_rule_alignment,2,0,0,2,0,0,2,2,0,0,0,"low_statement_source_overlap:2,effect_unknown:2,translation_status:untranslatable_noise:2"
doi:10.1007/s11406-017-9841-0,TBL-20260216230337-065,suspect_rule_alignment,2,0,0,2,0,0,2,2,0,0,0,"effect_unknown:2,translation_status:untranslatable_noise:2,low_statement_source_overlap:1"
doi:10.1007/s11406-017-9841-0,TBL-20260216230337-066,suspect_rule_alignment,2,0,0,2,0,0,2,2,0,0,0,"low_statement_source_overlap:2,effect_unknown:2,translation_status:untranslatable_noise:2"
doi:10.1007/s11406-017-9841-0,TBL-20260216230337-067,suspect_rule_alignment,2,0,0,2,0,0,2,2,0,0,0,"low_statement_source_overlap:2,effect_unknown:2,translation_status:untranslatable_noise:2"
doi:10.1007/s11406-017-9841-0,TBL-20260216230337-068,suspect_rule_alignment,2,0,0,2,0,0,2,2,0,0,0,"low_statement_source_overlap:2,effect_unknown:2,translation_status:untranslatable_noise:2"
doi:10.1007/s11406-017-9841-0,TBL-20260216230338-069,suspect_rule_alignment,1,0,0,1,0,0,1,1,0,0,0,"low_statement_source_overlap:1,effect_unknown:1,translation_status:untranslatable_noise:1"
doi:10.1007/s11406-017-9841-0,TBL-20260216230338-070,suspect_rule_alignment,2,0,0,2,0,0,2,2,0,0,0,"effect_unknown:2,translation_status:untranslatable_noise:2,low_statement_source_overlap:1"
doi:10.1007/s11406-017-9841-0,TBL-20260216230339-071,suspect_rule_alignment,2,0,0,2,0,0,2,2,0,0,0,"effect_unknown:2,translation_status:untranslatable_noise:2"
doi:10.1007/s11406-017-9841-0,TBL-20260216230339-074,suspect_rule_alignment,2,0,0,2,0,0,2,2,0,0,0,"low_statement_source_overlap:2,effect_unknown:2,translation_status:untranslatable_noise:2"
doi:10.1007/s11406-017-9841-0,TBL-20260216230340-075,suspect_rule_alignment,2,0,0,2,0,0,2,2,0,0,0,"low_statement_source_overlap:2,effect_unknown:2,translation_status:untranslatable_noise:2"
doi:10.1007/s11406-017-9841-0,TBL-20260216230341-076,suspect_rule_alignment,1,0,0,1,0,0,1,1,0,0,0,"low_statement_source_overlap:1,effect_unknown:1,translation_status:untranslatable_noise:1"
doi:10.1007/s11406-017-9841-0,TBL-20260216230341-078,suspect_rule_alignment,2,0,0,2,0,0,2,2,0,0,0,"low_statement_source_overlap:2,effect_unknown:2,translation_status:untranslatable_noise:2"
doi:10.1007/s11406-017-9841-0,TBL-20260216230342-079,suspect_rule_alignment,2,1,0,1,0,0,2,2,1,0,0,"low_statement_source_overlap:1,effect_unknown:1,translation_status:untranslatable_noise:1,translation_status:inferred:1"
doi:10.1007/s11406-017-9841-0,TBL-20260216230342-080,suspect_rule_alignment,2,0,0,2,0,0,2,2,0,0,0,"low_statement_source_overlap:2,effect_unknown:2,translation_status:untranslatable_noise:2"
doi:10.1007/s11406-017-9841-0,TBL-20260216230342-081,suspect_rule_alignment,2,1,0,1,0,0,2,2,1,0,0,"low_statement_source_overlap:1,effect_unknown:1,translation_status:untranslatable_noise:1,translation_status:inferred:1"
doi:10.1007/s11406-017-9841-0,TBL-20260216230342-082,suspect_rule_alignment,2,0,0,2,0,0,2,2,0,0,0,"effect_unknown:2,translation_status:untranslatable_noise:2,low_statement_source_overlap:1"
doi:10.1007/s11406-017-9841-0,TBL-20260216230342-083,suspect_rule_alignment,2,0,0,2,0,0,2,2,0,0,0,"low_statement_source_overlap:2,effect_unknown:2,translation_status:untranslatable_noise:2"
doi:10.1007/s11406-017-9841-0,TBL-20260216230342-084,suspect_rule_alignment,2,0,0,2,0,0,2,2,0,0,0,"low_statement_source_overlap:2,effect_unknown:2,translation_status:untranslatable_noise:2"
doi:10.1007/s11676-023-01683-6,TBL-20260216230315-001,suspect_rule_alignment,5,0,0,5,0,0,5,5,0,0,0,"low_statement_source_overlap:5,effect_unknown:5,translation_status:untranslatable_noise:5"
doi:10.1007/s11676-023-01683-6,TBL-20260216230315-002,suspect_rule_alignment,1,0,0,1,0,0,1,1,0,0,0,"low_statement_source_overlap:1,effect_unknown:1,translation_status:untranslatable_noise:1"
doi:10.1007/s11676-023-01683-6,TBL-20260216230315-003,suspect_rule_alignment,1,0,0,1,0,0,1,1,0,0,0,"low_statement_source_overlap:1,effect_unknown:1,translation_status:untranslatable_noise:1"
doi:10.1007/s11676-023-01683-6,TBL-20260216230315-004,suspect_rule_alignment,13,0,0,13,0,0,13,13,0,0,0,"low_statement_source_overlap:13,effect_unknown:13,translation_status:untranslatable_noise:13"
doi:10.1007/s11676-023-01683-6,TBL-20260216230315-005,suspect_rule_alignment,5,0,0,4,1,1,5,5,0,0,0,"low_statement_source_overlap:5,effect_unknown:5,translation_status:untranslatable_noise:5,source_row_low_information:1"
doi:10.1007/s11676-023-01683-6,TBL-20260216230315-008,suspect_rule_alignment,1,0,0,1,0,0,1,1,0,0,0,"low_statement_source_overlap:1,effect_unknown:1,translation_status:untranslatable_noise:1"
doi:10.1007/s11676-023-01683-6,TBL-20260216230315-010,suspect_rule_alignment,2,0,0,2,0,0,2,2,0,0,0,"low_statement_source_overlap:2,effect_unknown:2,translation_status:untranslatable_noise:2"
doi:10.1007/s11676-023-01683-6,TBL-20260216230315-011,suspect_rule_alignment,1,0,0,1,0,0,1,1,0,0,0,"low_statement_source_overlap:1,effect_unknown:1,translation_status:untranslatable_noise:1"
doi:10.1007/s11676-023-01683-6,TBL-20260216230315-012,suspect_rule_alignment,1,0,0,1,0,0,1,1,0,0,0,"low_statement_source_overlap:1,effect_unknown:1,translation_status:untranslatable_noise:1"
doi:10.1007/s11676-023-01683-6,TBL-20260216230315-014,suspect_rule_alignment,4,0,0,4,0,0,4,4,0,0,0,"low_statement_source_overlap:4,effect_unknown:4,translation_status:untranslatable_noise:4"
doi:10.1007/s13762-023-04869-x,TBL-20260216230346-002,suspect_rule_alignment,3,0,0,3,0,0,3,3,0,0,0,"effect_unknown:3,translation_status:untranslatable_noise:3,low_statement_source_overlap:2"
doi:10.1007/s13762-023-04869-x,TBL-20260216230346-003,suspect_rule_alignment,5,0,0,5,0,0,5,5,0,0,0,"low_statement_source_overlap:5,effect_unknown:5,translation_status:untranslatable_noise:5"
doi:10.1007/s13762-023-04869-x,TBL-20260216230346-004,suspect_rule_alignment,1,0,0,1,0,0,1,1,0,0,0,"low_statement_source_overlap:1,effect_unknown:1,translation_status:untranslatable_noise:1"
doi:10.1007/s13762-023-04869-x,TBL-20260216230346-005,suspect_rule_alignment,1,0,0,1,0,0,1,1,0,0,0,"low_statement_source_overlap:1,effect_unknown:1,translation_status:untranslatable_noise:1"
doi:10.1007/s44223-024-00073-0,TBL-20260216230441-001,suspect_rule_alignment,6,0,0,6,0,0,6,6,0,0,0,"low_statement_source_overlap:6,effect_unknown:6,translation_status:untranslatable_noise:6"
doi:10.1007/s44223-024-00073-0,TBL-20260216230441-002,suspect_rule_alignment,3,0,0,3,0,0,3,3,0,0,0,"low_statement_source_overlap:3,effect_unknown:3,translation_status:untranslatable_noise:3"
doi:10.1007/s44223-024-00073-0,TBL-20260216230441-003,suspect_rule_alignment,1,0,0,1,0,0,1,1,0,0,0,"low_statement_source_overlap:1,effect_unknown:1,translation_status:untranslatable_noise:1"
doi:10.1016/0010-0285(78)90006-3,TBL-20260216230440-001,suspect_rule_alignment,1,0,0,1,0,0,1,1,0,0,0,"low_statement_source_overlap:1,effect_unknown:1,translation_status:untranslatable_noise:1"
doi:10.1016/0010-0285(78)90006-3,TBL-20260216230440-002,suspect_rule_alignment,5,0,0,5,0,0,5,5,0,0,0,"low_statement_source_overlap:5,effect_unknown:5,translation_status:untranslatable_noise:5"
doi:10.1016/0010-0285(78)90006-3,TBL-20260216230440-003,suspect_rule_alignment,6,0,0,6,0,0,6,6,0,0,0,"low_statement_source_overlap:6,effect_unknown:6,translation_status:untranslatable_noise:6"
doi:10.1016/0010-0285(78)90006-3,TBL-20260216230440-005,suspect_rule_alignment,7,0,0,7,0,0,7,7,0,0,0,"low_statement_source_overlap:7,effect_unknown:7,translation_status:untranslatable_noise:7"
doi:10.1016/0010-0285(78)90006-3,TBL-20260216230440-006,suspect_rule_alignment,1,0,0,1,0,0,1,1,0,0,0,"low_statement_source_overlap:1,effect_unknown:1,translation_status:untranslatable_noise:1"
doi:10.1016/0010-0285(78)90006-3,TBL-20260216230440-007,suspect_rule_alignment,5,0,0,4,1,1,5,5,0,0,0,"low_statement_source_overlap:5,effect_unknown:5,translation_status:untranslatable_noise:5,source_row_low_information:1"
doi:10.1016/0010-0285(78)90006-3,TBL-20260216230440-008,suspect_rule_alignment,3,0,0,2,1,1,3,3,0,0,0,"low_statement_source_overlap:3,effect_unknown:3,translation_status:untranslatable_noise:3,source_row_low_information:1"
doi:10.1016/0010-0285(78)90006-3,TBL-20260216230440-009,suspect_rule_alignment,5,0,0,5,0,0,5,5,0,0,0,"low_statement_source_overlap:5,effect_unknown:5,translation_status:untranslatable_noise:5"
doi:10.1016/0010-0285(78)90006-3,TBL-20260216230440-010,suspect_rule_alignment,4,0,0,4,0,0,4,4,0,0,0,"low_statement_source_overlap:4,effect_unknown:4,translation_status:untranslatable_noise:4"
doi:10.1016/0010-0285(87)90008-9,TBL-20260216230455-001,suspect_rule_alignment,2,0,0,2,0,0,2,2,0,0,0,"low_statement_source_overlap:2,effect_unknown:2,translation_status:untranslatable_noise:2"
doi:10.1016/0010-0285(87)90008-9,TBL-20260216230455-002,suspect_rule_alignment,9,0,0,9,0,0,9,9,0,0,0,"low_statement_source_overlap:9,effect_unknown:9,translation_status:untranslatable_noise:9"
doi:10.1016/0010-0285(87)90008-9,TBL-20260216230455-003,suspect_rule_alignment,4,0,0,4,0,0,4,4,0,0,0,"low_statement_source_overlap:4,effect_unknown:4,translation_status:untranslatable_noise:4"
doi:10.1016/0010-0285(87)90008-9,TBL-20260216230455-005,suspect_rule_alignment,2,0,0,2,0,0,2,2,0,0,0,"low_statement_source_overlap:2,effect_unknown:2,translation_status:untranslatable_noise:2"
doi:10.1016/0010-0285(87)90008-9,TBL-20260216230455-006,suspect_rule_alignment,4,0,0,4,0,0,4,4,0,0,0,"effect_unknown:4,translation_status:untranslatable_noise:4,low_statement_source_overlap:3"
doi:10.1016/0010-0285(87)90008-9,TBL-20260216230455-007,suspect_rule_alignment,6,0,0,6,0,0,6,6,0,0,0,"low_statement_source_overlap:6,effect_unknown:6,translation_status:untranslatable_noise:6"
doi:10.1016/0010-0285(87)90008-9,TBL-20260216230455-010,suspect_rule_alignment,7,0,0,7,0,0,7,7,0,0,0,"low_statement_source_overlap:7,effect_unknown:7,translation_status:untranslatable_noise:7"
doi:10.1016/0010-0285(87)90008-9,TBL-20260216230455-011,suspect_rule_alignment,2,0,0,2,0,0,2,2,0,0,0,"low_statement_source_overlap:2,effect_unknown:2,translation_status:untranslatable_noise:2"
doi:10.1016/0272-4944(95)90013-6,TBL-20260216230458-002,suspect_rule_alignment,6,0,0,6,0,0,6,6,0,0,0,"low_statement_source_overlap:6,effect_unknown:6,translation_status:untranslatable_noise:6"
doi:10.1016/0272-4944(95)90013-6,TBL-20260216230458-003,suspect_rule_alignment,5,0,0,5,0,0,5,5,0,0,0,"low_statement_source_overlap:5,effect_unknown:5,translation_status:untranslatable_noise:5"
doi:10.1016/0272-4944(95)90013-6,TBL-20260216230458-004,suspect_rule_alignment,3,0,0,3,0,0,3,3,0,0,0,"low_statement_source_overlap:3,effect_unknown:3,translation_status:untranslatable_noise:3"
doi:10.1016/0272-4944(95)90013-6,TBL-20260216230458-005,suspect_rule_alignment,1,0,0,1,0,0,1,1,0,0,0,"low_statement_source_overlap:1,effect_unknown:1,translation_status:untranslatable_noise:1"
doi:10.1016/0272-4944(95)90013-6,TBL-20260216230458-006,suspect_rule_alignment,1,0,0,1,0,0,1,1,0,0,0,"low_statement_source_overlap:1,effect_unknown:1,translation_status:untranslatable_noise:1"
doi:10.1016/0272-4944(95)90013-6,TBL-20260216230458-007,suspect_rule_alignment,13,0,0,13,0,0,13,13,0,0,0,"low_statement_source_overlap:13,effect_unknown:13,translation_status:untranslatable_noise:13"
doi:10.1016/0272-4944(95)90013-6,TBL-20260216230458-008,suspect_rule_alignment,8,0,0,8,0,0,8,8,0,0,0,"low_statement_source_overlap:8,effect_unknown:8,translation_status:untranslatable_noise:8"
doi:10.1016/b978-0-12-802075-3.00011-5,TBL-20260216230512-001,suspect_rule_alignment,4,0,0,4,0,0,4,4,0,0,0,"low_statement_source_overlap:4,effect_unknown:4,translation_status:untranslatable_noise:4"
doi:10.1016/b978-0-12-802075-3.00011-5,TBL-20260216230512-003,suspect_rule_alignment,1,0,0,1,0,0,1,1,0,0,0,"low_statement_source_overlap:1,effect_unknown:1,translation_status:untranslatable_noise:1"
doi:10.1016/b978-0-12-802075-3.00011-5,TBL-20260216230512-004,suspect_rule_alignment,6,0,0,6,0,0,6,6,0,0,0,"low_statement_source_overlap:6,effect_unknown:6,translation_status:untranslatable_noise:6"
doi:10.1016/b978-0-12-802075-3.00011-5,TBL-20260216230512-005,suspect_rule_alignment,4,0,0,4,0,0,4,4,0,0,0,"low_statement_source_overlap:4,effect_unknown:4,translation_status:untranslatable_noise:4"
doi:10.1016/j.actpsy.2015.06.005,TBL-20260216230521-001,suspect_rule_alignment,10,0,0,10,0,0,10,10,0,0,0,"low_statement_source_overlap:10,effect_unknown:10,translation_status:untranslatable_noise:10"
doi:10.1016/j.actpsy.2015.06.005,TBL-20260216230521-003,suspect_rule_alignment,6,0,0,4,2,2,6,6,0,0,0,"low_statement_source_overlap:6,effect_unknown:6,translation_status:untranslatable_noise:6,source_row_low_information:2"
doi:10.1016/j.actpsy.2021.103285,TBL-20260216230532-019,suspect_rule_alignment,16,5,0,10,1,1,16,15,5,0,0,"low_statement_source_overlap:11,effect_unknown:11,translation_status:untranslatable_noise:11,translation_status:inferred:5,source_row_low_information:1,outcome_unresolved:1"
doi:10.1016/j.asej.2022.101810,TBL-20260216230600-001,suspect_rule_alignment,7,0,0,7,0,0,7,7,0,0,0,"low_statement_source_overlap:7,effect_unknown:7,translation_status:untranslatable_noise:7"
doi:10.1016/j.asej.2022.101810,TBL-20260216230600-003,suspect_rule_alignment,1,0,0,1,0,0,1,1,0,0,0,"low_statement_source_overlap:1,effect_unknown:1,translation_status:untranslatable_noise:1"
doi:10.1016/j.asej.2022.101810,TBL-20260216230600-004,suspect_rule_alignment,4,0,0,4,0,0,4,4,0,0,0,"low_statement_source_overlap:4,effect_unknown:4,translation_status:untranslatable_noise:4"
doi:10.1016/j.asej.2022.101810,TBL-20260216230600-005,suspect_rule_alignment,2,0,0,2,0,0,2,2,0,0,0,"low_statement_source_overlap:2,effect_unknown:2,translation_status:untranslatable_noise:2"
doi:10.1016/j.buildenv.2021.108733,TBL-20260216230616-001,suspect_rule_alignment,8,0,0,6,2,2,8,8,0,0,0,"low_statement_source_overlap:8,effect_unknown:8,translation_status:untranslatable_noise:8,source_row_low_information:2"
doi:10.1016/j.buildenv.2021.108733,TBL-20260216230616-003,suspect_rule_alignment,2,0,0,2,0,0,2,2,0,0,0,"low_statement_source_overlap:2,effect_unknown:2,translation_status:untranslatable_noise:2"
doi:10.1016/j.buildenv.2021.108733,TBL-20260216230616-004,suspect_rule_alignment,1,0,0,1,0,0,1,1,0,0,0,"low_statement_source_overlap:1,effect_unknown:1,translation_status:untranslatable_noise:1"
doi:10.1016/j.buildenv.2021.108733,TBL-20260216230616-005,suspect_rule_alignment,1,0,0,1,0,0,1,1,0,0,0,"low_statement_source_overlap:1,effect_unknown:1,translation_status:untranslatable_noise:1"
doi:10.1016/j.compfluid.2019.06.031,TBL-20260216230626-006,suspect_rule_alignment,1,0,0,1,0,0,1,1,0,0,0,"low_statement_source_overlap:1,effect_unknown:1,translation_status:untranslatable_noise:1"
doi:10.1016/j.compfluid.2019.06.031,TBL-20260216230627-009,suspect_rule_alignment,1,0,0,1,0,0,1,1,0,0,0,"low_statement_source_overlap:1,effect_unknown:1,translation_status:untranslatable_noise:1"
doi:10.1016/j.compfluid.2019.06.031,TBL-20260216230629-014,suspect_rule_alignment,2,0,0,2,0,0,2,2,0,0,0,"low_statement_source_overlap:2,effect_unknown:2,translation_status:untranslatable_noise:2"
doi:10.1016/j.compfluid.2019.06.031,TBL-20260216230630-015,suspect_rule_alignment,2,0,0,2,0,0,2,2,0,0,0,"low_statement_source_overlap:2,effect_unknown:2,translation_status:untranslatable_noise:2"
doi:10.1016/j.enbuild.2022.112079,TBL-20260216230719-001,suspect_rule_alignment,1,0,0,1,0,0,1,1,0,0,0,"low_statement_source_overlap:1,effect_unknown:1,translation_status:untranslatable_noise:1"
doi:10.1016/j.erss.2016.02.008,TBL-20260216230728-002,suspect_rule_alignment,5,0,0,5,0,0,5,5,0,0,0,"low_statement_source_overlap:5,effect_unknown:5,translation_status:untranslatable_noise:5"
doi:10.1016/j.erss.2016.02.008,TBL-20260216230728-003,suspect_rule_alignment,3,0,0,3,0,0,3,3,0,0,0,"low_statement_source_overlap:3,effect_unknown:3,translation_status:untranslatable_noise:3"
doi:10.1016/j.erss.2016.02.008,TBL-20260216230728-004,suspect_rule_alignment,1,0,0,1,0,0,1,1,0,0,0,"low_statement_source_overlap:1,effect_unknown:1,translation_status:untranslatable_noise:1"
doi:10.1016/j.erss.2016.02.008,TBL-20260216230728-011,suspect_rule_alignment,4,0,0,4,0,0,4,4,0,0,0,"low_statement_source_overlap:4,effect_unknown:4,translation_status:untranslatable_noise:4"
doi:10.1016/j.tics.2010.06.008,TBL-20260216230758-001,suspect_rule_alignment,2,0,0,2,0,0,2,2,0,0,0,"low_statement_source_overlap:2,effect_unknown:2,translation_status:untranslatable_noise:2"
doi:10.1016/j.tics.2010.06.008,TBL-20260216230758-003,suspect_rule_alignment,1,0,0,1,0,0,1,1,0,0,0,"low_statement_source_overlap:1,effect_unknown:1,translation_status:untranslatable_noise:1"
doi:10.1016/j.tics.2010.06.008,TBL-20260216230758-004,suspect_rule_alignment,2,0,0,2,0,0,2,2,0,0,0,"low_statement_source_overlap:2,effect_unknown:2,translation_status:untranslatable_noise:2"
doi:10.1037/a0037983,TBL-20260216231034-001,suspect_rule_alignment,2,0,0,2,0,0,2,2,0,0,0,"low_statement_source_overlap:2,effect_unknown:2,translation_status:untranslatable_noise:2"
doi:10.1037/a0037983,TBL-20260216231034-002,suspect_rule_alignment,1,0,0,1,0,0,1,1,0,0,0,"low_statement_source_overlap:1,effect_unknown:1,translation_status:untranslatable_noise:1"
doi:10.1037/aca0000359,TBL-20260216231022-002,suspect_rule_alignment,10,0,0,10,0,0,10,10,0,0,0,"low_statement_source_overlap:10,effect_unknown:10,translation_status:untranslatable_noise:10"
doi:10.1068/b2725,TBL-20260216231103-001,suspect_rule_alignment,18,0,0,18,0,0,18,18,0,0,0,"low_statement_source_overlap:18,effect_unknown:18,translation_status:untranslatable_noise:18"
doi:10.1068/b33050,TBL-20260216231102-002,suspect_rule_alignment,1,0,0,1,0,0,1,1,0,0,0,"low_statement_source_overlap:1,effect_unknown:1,translation_status:untranslatable_noise:1"
doi:10.1073/pnas.2112318119,TBL-20260216231152-002,suspect_rule_alignment,17,1,0,16,0,0,17,17,1,0,0,"low_statement_source_overlap:16,effect_unknown:16,translation_status:untranslatable_noise:16,translation_status:inferred:1"
doi:10.1073/pnas.2112318119,TBL-20260216231153-007,suspect_rule_alignment,1,0,0,1,0,0,1,1,0,0,0,"low_statement_source_overlap:1,effect_unknown:1,translation_status:untranslatable_noise:1"
doi:10.1073/pnas.2112318119,TBL-20260216231153-010,suspect_rule_alignment,9,4,0,5,0,0,9,9,4,0,0,"low_statement_source_overlap:5,effect_unknown:5,translation_status:untranslatable_noise:5,translation_status:inferred:4"
doi:10.1073/pnas.2112318119,TBL-20260216231153-011,suspect_rule_alignment,16,1,0,14,1,1,16,16,1,0,0,"low_statement_source_overlap:15,effect_unknown:15,translation_status:untranslatable_noise:15,source_row_low_information:1,translation_status:inferred:1"
doi:10.1073/pnas.2112318119,TBL-20260216231153-014,suspect_rule_alignment,8,4,0,4,0,0,8,8,4,0,0,"low_statement_source_overlap:4,effect_unknown:4,translation_status:untranslatable_noise:4,translation_status:inferred:4"
doi:10.1080/00038628.2018.1523129,TBL-20260216231159-001,suspect_rule_alignment,8,0,0,8,0,0,8,8,0,0,0,"low_statement_source_overlap:8,effect_unknown:8,translation_status:untranslatable_noise:8"
doi:10.1080/00038628.2018.1523129,TBL-20260216231159-002,suspect_rule_alignment,6,0,0,5,1,1,6,6,0,0,0,"low_statement_source_overlap:6,effect_unknown:6,translation_status:untranslatable_noise:6,source_row_low_information:1"
doi:10.1080/00038628.2018.1523129,TBL-20260216231159-003,suspect_rule_alignment,7,0,0,7,0,0,7,7,0,0,0,"low_statement_source_overlap:7,effect_unknown:7,translation_status:untranslatable_noise:7"
doi:10.1080/00038628.2018.1523129,TBL-20260216231159-004,suspect_rule_alignment,1,0,0,1,0,0,1,1,0,0,0,"low_statement_source_overlap:1,effect_unknown:1,translation_status:untranslatable_noise:1"
doi:10.1080/00140130903154579,TBL-20260216231218-001,suspect_rule_alignment,2,0,0,2,0,0,2,2,0,0,0,"low_statement_source_overlap:2,effect_unknown:2,translation_status:untranslatable_noise:2"
doi:10.1080/00140130903154579,TBL-20260216231218-004,suspect_rule_alignment,3,0,0,3,0,0,3,3,0,0,0,"low_statement_source_overlap:3,effect_unknown:3,translation_status:untranslatable_noise:3"
doi:10.1080/00140130903154579,TBL-20260216231218-007,suspect_rule_alignment,9,0,0,9,0,0,9,9,0,0,0,"low_statement_source_overlap:9,effect_unknown:9,translation_status:untranslatable_noise:9"
doi:10.1080/00140130903154579,TBL-20260216231218-008,suspect_rule_alignment,13,0,0,13,0,0,13,13,0,0,0,"low_statement_source_overlap:13,effect_unknown:13,translation_status:untranslatable_noise:13"
doi:10.1080/00140130903154579,TBL-20260216231218-012,suspect_rule_alignment,5,0,0,5,0,0,5,5,0,0,0,"low_statement_source_overlap:5,effect_unknown:5,translation_status:untranslatable_noise:5"
doi:10.1080/00140130903154579,TBL-20260216231218-013,suspect_rule_alignment,8,0,0,8,0,0,8,8,0,0,0,"low_statement_source_overlap:8,effect_unknown:8,translation_status:untranslatable_noise:8"
doi:10.1080/00140130903154579,TBL-20260216231218-014,suspect_rule_alignment,1,0,0,1,0,0,1,1,0,0,0,"low_statement_source_overlap:1,effect_unknown:1,translation_status:untranslatable_noise:1"
doi:10.1080/00140130903154579,TBL-20260216231218-015,suspect_rule_alignment,1,0,0,1,0,0,1,1,0,0,0,"low_statement_source_overlap:1,effect_unknown:1,translation_status:untranslatable_noise:1"
doi:10.1080/00140130903154579,TBL-20260216231218-016,suspect_rule_alignment,1,0,0,1,0,0,1,1,0,0,0,"low_statement_source_overlap:1,effect_unknown:1,translation_status:untranslatable_noise:1"
doi:10.1080/00140130903154579,TBL-20260216231218-017,suspect_rule_alignment,2,0,0,2,0,0,2,2,0,0,0,"low_statement_source_overlap:2,effect_unknown:2,translation_status:untranslatable_noise:2"
doi:10.1080/01441647.2012.712555,TBL-20260216231231-001,suspect_rule_alignment,1,0,0,1,0,0,1,1,0,0,0,"low_statement_source_overlap:1,effect_unknown:1,translation_status:untranslatable_noise:1"
doi:10.1080/01441647.2012.712555,TBL-20260216231231-002,suspect_rule_alignment,4,0,0,4,0,0,4,4,0,0,0,"low_statement_source_overlap:4,effect_unknown:4,translation_status:untranslatable_noise:4"
doi:10.1080/01441647.2012.712555,TBL-20260216231231-003,suspect_rule_alignment,2,0,0,2,0,0,2,2,0,0,0,"low_statement_source_overlap:2,effect_unknown:2,translation_status:untranslatable_noise:2"
doi:10.1080/01441647.2012.712555,TBL-20260216231231-004,suspect_rule_alignment,1,0,0,1,0,0,1,1,0,0,0,"low_statement_source_overlap:1,effect_unknown:1,translation_status:untranslatable_noise:1"
doi:10.1080/01441647.2012.712555,TBL-20260216231231-005,suspect_rule_alignment,1,0,0,1,0,0,1,1,0,0,0,"low_statement_source_overlap:1,effect_unknown:1,translation_status:untranslatable_noise:1"
doi:10.1080/01441647.2012.712555,TBL-20260216231231-006,suspect_rule_alignment,2,0,0,2,0,0,2,2,0,0,0,"low_statement_source_overlap:2,effect_unknown:2,translation_status:untranslatable_noise:2"
doi:10.1080/01441647.2012.712555,TBL-20260216231231-007,suspect_rule_alignment,1,0,0,1,0,0,1,1,0,0,0,"low_statement_source_overlap:1,effect_unknown:1,translation_status:untranslatable_noise:1"
doi:10.1080/01441647.2012.712555,TBL-20260216231231-008,suspect_rule_alignment,2,0,0,2,0,0,2,2,0,0,0,"low_statement_source_overlap:2,effect_unknown:2,translation_status:untranslatable_noise:2"
doi:10.1080/01441647.2012.712555,TBL-20260216231231-009,suspect_rule_alignment,1,0,0,1,0,0,1,1,0,0,0,"low_statement_source_overlap:1,effect_unknown:1,translation_status:untranslatable_noise:1"
doi:10.1080/01441647.2012.712555,TBL-20260216231231-010,suspect_rule_alignment,1,0,0,1,0,0,1,1,0,0,0,"low_statement_source_overlap:1,effect_unknown:1,translation_status:untranslatable_noise:1"
doi:10.1080/01441647.2012.712555,TBL-20260216231231-011,suspect_rule_alignment,1,0,0,1,0,0,1,1,0,0,0,"low_statement_source_overlap:1,effect_unknown:1,translation_status:untranslatable_noise:1"
doi:10.1080/01441647.2012.712555,TBL-20260216231231-012,suspect_rule_alignment,1,0,0,1,0,0,1,1,0,0,0,"low_statement_source_overlap:1,effect_unknown:1,translation_status:untranslatable_noise:1"
doi:10.1080/01441647.2012.712555,TBL-20260216231231-013,suspect_rule_alignment,2,0,0,2,0,0,2,2,0,0,0,"low_statement_source_overlap:2,effect_unknown:2,translation_status:untranslatable_noise:2"
doi:10.1080/01441647.2012.712555,TBL-20260216231231-014,suspect_rule_alignment,1,0,0,1,0,0,1,1,0,0,0,"low_statement_source_overlap:1,effect_unknown:1,translation_status:untranslatable_noise:1"
doi:10.1080/13602365.2024.2331505,TBL-20260216231302-001,suspect_rule_alignment,3,0,0,3,0,0,3,3,0,0,0,"low_statement_source_overlap:3,effect_unknown:3,translation_status:untranslatable_noise:3"
doi:10.1080/13602365.2024.2331505,TBL-20260216231302-002,suspect_rule_alignment,4,0,0,4,0,0,4,4,0,0,0,"low_statement_source_overlap:4,effect_unknown:4,translation_status:untranslatable_noise:4"
doi:10.1080/13602365.2024.2331505,TBL-20260216231302-003,suspect_rule_alignment,1,0,0,1,0,0,1,1,0,0,0,"low_statement_source_overlap:1,effect_unknown:1,translation_status:untranslatable_noise:1"
doi:10.1080/13602365.2024.2331505,TBL-20260216231302-004,suspect_rule_alignment,1,0,0,1,0,0,1,1,0,0,0,"low_statement_source_overlap:1,effect_unknown:1,translation_status:untranslatable_noise:1"
doi:10.1080/13602365.2024.2331505,TBL-20260216231302-005,suspect_rule_alignment,2,0,0,2,0,0,2,2,0,0,0,"low_statement_source_overlap:2,effect_unknown:2,translation_status:untranslatable_noise:2"
doi:10.1080/13602365.2024.2331505,TBL-20260216231302-006,suspect_rule_alignment,3,0,0,2,1,1,3,3,0,0,0,"low_statement_source_overlap:3,effect_unknown:3,translation_status:untranslatable_noise:3,source_row_low_information:1"
doi:10.1080/23744731.2022.2049639,TBL-20260216231308-001,suspect_rule_alignment,5,0,0,5,0,0,5,5,0,0,0,"low_statement_source_overlap:5,effect_unknown:5,translation_status:untranslatable_noise:5"
doi:10.1093/cercor/bhr310,TBL-20260216231317-002,suspect_rule_alignment,9,0,0,9,0,0,9,9,0,0,0,"low_statement_source_overlap:9,effect_unknown:9,translation_status:untranslatable_noise:9"
doi:10.1093/cercor/bhr310,TBL-20260216231317-003,suspect_rule_alignment,1,0,0,1,0,0,1,1,0,0,0,"low_statement_source_overlap:1,effect_unknown:1,translation_status:untranslatable_noise:1"
doi:10.1093/cercor/bhr310,TBL-20260216231317-004,suspect_rule_alignment,2,0,0,2,0,0,2,2,0,0,0,"low_statement_source_overlap:2,effect_unknown:2,translation_status:untranslatable_noise:2"
doi:10.1093/oxfordhb/9780198735410.013.10,TBL-20260216231658-001,suspect_rule_alignment,2,0,0,2,0,0,2,2,0,0,0,"effect_unknown:2,translation_status:untranslatable_noise:2,low_statement_source_overlap:1"
doi:10.1111/cogs.12518,TBL-20260216231835-039,suspect_rule_alignment,4,2,0,1,1,1,4,3,2,0,0,"low_statement_source_overlap:2,effect_unknown:2,translation_status:untranslatable_noise:2,translation_status:inferred:2,source_row_low_information:1,outcome_unresolved:1"
doi:10.1111/cogs.12518,TBL-20260216231835-069,suspect_rule_alignment,4,2,0,1,1,1,4,3,2,0,0,"low_statement_source_overlap:2,effect_unknown:2,translation_status:untranslatable_noise:2,translation_status:inferred:2,source_row_low_information:1,outcome_unresolved:1"
doi:10.1111/cogs.12518,TBL-20260216231836-105,suspect_rule_alignment,1,0,0,1,0,0,1,1,0,0,0,"low_statement_source_overlap:1,effect_unknown:1,translation_status:untranslatable_noise:1"
doi:10.1111/j.1559-1816.1971.tb00350.x,TBL-20260216232040-001,suspect_rule_alignment,6,0,0,6,0,0,6,6,0,0,0,"low_statement_source_overlap:6,effect_unknown:6,translation_status:untranslatable_noise:6"
doi:10.1111/j.1559-1816.1971.tb00350.x,TBL-20260216232040-002,suspect_rule_alignment,1,0,0,1,0,0,1,1,0,0,0,"low_statement_source_overlap:1,effect_unknown:1,translation_status:untranslatable_noise:1"
doi:10.1111/j.1559-1816.1971.tb00350.x,TBL-20260216232040-003,suspect_rule_alignment,1,0,0,1,0,0,1,1,0,0,0,"low_statement_source_overlap:1,effect_unknown:1,translation_status:untranslatable_noise:1"
doi:10.1111/j.1939-1668.2004.tb00398.x,TBL-20260216232044-001,suspect_rule_alignment,2,0,0,2,0,0,2,2,0,0,0,"low_statement_source_overlap:2,effect_unknown:2,translation_status:untranslatable_noise:2"
doi:10.1111/j.1939-1668.2004.tb00398.x,TBL-20260216232044-004,suspect_rule_alignment,8,0,0,8,0,0,8,8,0,0,0,"low_statement_source_overlap:8,effect_unknown:8,translation_status:untranslatable_noise:8"
doi:10.1111/j.1939-1668.2004.tb00398.x,TBL-20260216232044-005,suspect_rule_alignment,10,0,0,10,0,0,9,9,0,0,0,"low_statement_source_overlap:10,effect_unknown:10,translation_status:untranslatable_noise:10,environment_unresolved:1,outcome_unresolved:1"
doi:10.1111/j.1939-1668.2004.tb00398.x,TBL-20260216232044-006,suspect_rule_alignment,2,0,0,2,0,0,2,2,0,0,0,"low_statement_source_overlap:2,effect_unknown:2,translation_status:untranslatable_noise:2"
doi:10.1111/joid.12165,TBL-20260216232050-004,suspect_rule_alignment,2,1,0,1,0,0,2,2,1,0,0,"translation_status:inferred:1,low_statement_source_overlap:1,effect_unknown:1,translation_status:untranslatable_noise:1"
doi:10.1111/psyp.14121,TBL-20260216232055-004,suspect_rule_alignment,1,0,0,1,0,0,1,1,0,0,0,"low_statement_source_overlap:1,effect_unknown:1,translation_status:untranslatable_noise:1"
doi:10.1111/psyp.14121,TBL-20260216232055-006,suspect_rule_alignment,1,0,0,1,0,0,1,1,0,0,0,"low_statement_source_overlap:1,effect_unknown:1,translation_status:untranslatable_noise:1"
doi:10.1111/sjop.12171,TBL-20260216232102-001,suspect_rule_alignment,1,0,0,1,0,0,1,1,0,0,0,"low_statement_source_overlap:1,effect_unknown:1,translation_status:untranslatable_noise:1"
doi:10.1111/sjop.12171,TBL-20260216232102-002,suspect_rule_alignment,2,0,0,2,0,0,2,2,0,0,0,"low_statement_source_overlap:2,effect_unknown:2,translation_status:untranslatable_noise:2"
doi:10.1113/jphysiol.2009.172445,TBL-20260216232104-001,suspect_rule_alignment,2,0,0,2,0,0,2,2,0,0,0,"low_statement_source_overlap:2,effect_unknown:2,translation_status:untranslatable_noise:2"
doi:10.1113/jphysiol.2009.172445,TBL-20260216232104-002,suspect_rule_alignment,4,0,0,4,0,0,4,4,0,0,0,"low_statement_source_overlap:4,effect_unknown:4,translation_status:untranslatable_noise:4"
doi:10.1113/jphysiol.2009.172445,TBL-20260216232104-003,suspect_rule_alignment,3,0,0,2,1,1,3,3,0,0,0,"low_statement_source_overlap:3,effect_unknown:3,translation_status:untranslatable_noise:3,source_row_low_information:1"
doi:10.1113/jphysiol.2009.172445,TBL-20260216232104-004,suspect_rule_alignment,1,0,0,1,0,0,1,1,0,0,0,"low_statement_source_overlap:1,effect_unknown:1,translation_status:untranslatable_noise:1"
doi:10.1113/jphysiol.2009.172445,TBL-20260216232104-005,suspect_rule_alignment,22,0,0,22,0,0,22,22,0,0,0,"low_statement_source_overlap:22,effect_unknown:22,translation_status:untranslatable_noise:22"
doi:10.1113/jphysiol.2009.172445,TBL-20260216232104-007,suspect_rule_alignment,24,0,0,22,2,2,24,24,0,0,0,"low_statement_source_overlap:24,effect_unknown:24,translation_status:untranslatable_noise:24,source_row_low_information:2"
doi:10.1113/jphysiol.2009.172445,TBL-20260216232104-008,suspect_rule_alignment,10,0,0,10,0,0,10,10,0,0,0,"low_statement_source_overlap:10,effect_unknown:10,translation_status:untranslatable_noise:10"
doi:10.1113/jphysiol.2009.172445,TBL-20260216232104-009,suspect_rule_alignment,19,0,0,18,1,1,19,19,0,0,0,"low_statement_source_overlap:19,effect_unknown:19,translation_status:untranslatable_noise:19,source_row_low_information:1"
doi:10.1113/jphysiol.2009.172445,TBL-20260216232104-010,suspect_rule_alignment,1,0,0,1,0,0,1,1,0,0,0,"low_statement_source_overlap:1,effect_unknown:1,translation_status:untranslatable_noise:1"
doi:10.1113/jphysiol.2009.172445,TBL-20260216232104-011,suspect_rule_alignment,7,0,0,7,0,0,7,7,0,0,0,"low_statement_source_overlap:7,effect_unknown:7,translation_status:untranslatable_noise:7"
doi:10.1121/1.1490363,TBL-20260216232120-001,suspect_rule_alignment,11,0,0,11,0,0,11,11,0,0,0,"low_statement_source_overlap:11,effect_unknown:11,translation_status:untranslatable_noise:11"
doi:10.1121/1.1490363,TBL-20260216232120-002,suspect_rule_alignment,1,0,0,1,0,0,1,1,0,0,0,"low_statement_source_overlap:1,effect_unknown:1,translation_status:untranslatable_noise:1"
doi:10.1121/1.1490363,TBL-20260216232120-003,suspect_rule_alignment,2,0,0,2,0,0,2,2,0,0,0,"low_statement_source_overlap:2,effect_unknown:2,translation_status:untranslatable_noise:2"
doi:10.1121/1.1490363,TBL-20260216232120-006,suspect_rule_alignment,2,0,0,2,0,0,1,1,0,0,0,"low_statement_source_overlap:2,effect_unknown:2,translation_status:untranslatable_noise:2,environment_unresolved:1,outcome_unresolved:1"
doi:10.1121/1.1490363,TBL-20260216232120-007,suspect_rule_alignment,1,0,0,1,0,0,1,1,0,0,0,"low_statement_source_overlap:1,effect_unknown:1,translation_status:untranslatable_noise:1"
doi:10.1121/1.1918154,TBL-20260216232128-001,suspect_rule_alignment,5,0,0,5,0,0,5,5,0,0,0,"low_statement_source_overlap:5,effect_unknown:5,translation_status:untranslatable_noise:5"
doi:10.1121/1.1918154,TBL-20260216232128-004,suspect_rule_alignment,11,0,0,11,0,0,11,11,0,0,0,"low_statement_source_overlap:11,effect_unknown:11,translation_status:untranslatable_noise:11"
doi:10.1121/1.1918154,TBL-20260216232128-006,suspect_rule_alignment,2,0,0,2,0,0,2,2,0,0,0,"low_statement_source_overlap:2,effect_unknown:2,translation_status:untranslatable_noise:2"
doi:10.1121/1.1918154,TBL-20260216232128-007,suspect_rule_alignment,6,0,0,5,1,1,6,6,0,0,0,"low_statement_source_overlap:6,effect_unknown:6,translation_status:untranslatable_noise:6,source_row_low_information:1"
doi:10.1121/1.1918154,TBL-20260216232128-008,suspect_rule_alignment,4,0,0,4,0,0,4,4,0,0,0,"low_statement_source_overlap:4,effect_unknown:4,translation_status:untranslatable_noise:4"
doi:10.1121/1.1918154,TBL-20260216232128-009,suspect_rule_alignment,10,0,0,10,0,0,10,10,0,0,0,"low_statement_source_overlap:10,effect_unknown:10,translation_status:untranslatable_noise:10"
doi:10.1121/1.1918154,TBL-20260216232128-010,suspect_rule_alignment,2,0,0,2,0,0,2,2,0,0,0,"low_statement_source_overlap:2,effect_unknown:2,translation_status:untranslatable_noise:2"
doi:10.1121/1.1918154,TBL-20260216232128-011,suspect_rule_alignment,2,0,0,2,0,0,2,2,0,0,0,"low_statement_source_overlap:2,effect_unknown:2,translation_status:untranslatable_noise:2"
doi:10.1121/1.1918154,TBL-20260216232128-014,suspect_rule_alignment,4,0,0,4,0,0,4,4,0,0,0,"low_statement_source_overlap:4,effect_unknown:4,translation_status:untranslatable_noise:4"
doi:10.1121/1.1918154,TBL-20260216232128-018,suspect_rule_alignment,12,0,0,12,0,0,12,12,0,0,0,"low_statement_source_overlap:12,effect_unknown:12,translation_status:untranslatable_noise:12"
doi:10.1121/1.1918154,TBL-20260216232128-019,suspect_rule_alignment,3,0,0,3,0,0,3,3,0,0,0,"low_statement_source_overlap:3,effect_unknown:3,translation_status:untranslatable_noise:3"
doi:10.1121/1.2839283,TBL-20260216232140-005,suspect_rule_alignment,1,0,0,1,0,0,1,1,0,0,0,"low_statement_source_overlap:1,effect_unknown:1,translation_status:untranslatable_noise:1"
doi:10.1146/annurev-neuro-072116-031215,TBL-20260216232200-001,suspect_rule_alignment,9,0,0,8,1,1,9,9,0,0,0,"low_statement_source_overlap:9,effect_unknown:9,translation_status:untranslatable_noise:9,source_row_low_information:1"
doi:10.1146/annurev-neuro-072116-031215,TBL-20260216232200-002,suspect_rule_alignment,1,0,0,1,0,0,1,1,0,0,0,"low_statement_source_overlap:1,effect_unknown:1,translation_status:untranslatable_noise:1"
doi:10.1146/annurev-neuro-072116-031215,TBL-20260216232200-008,suspect_rule_alignment,1,0,0,1,0,0,1,1,0,0,0,"low_statement_source_overlap:1,effect_unknown:1,translation_status:untranslatable_noise:1"
doi:10.1146/annurev-neuro-072116-031215,TBL-20260216232200-010,suspect_rule_alignment,1,0,0,1,0,0,1,1,0,0,0,"low_statement_source_overlap:1,effect_unknown:1,translation_status:untranslatable_noise:1"
doi:10.1146/annurev-neuro-072116-031215,TBL-20260216232200-012,suspect_rule_alignment,5,0,0,3,2,2,5,5,0,0,0,"low_statement_source_overlap:5,effect_unknown:5,translation_status:untranslatable_noise:5,source_row_low_information:2"
doi:10.1146/annurev-neuro-072116-031215,TBL-20260216232200-013,suspect_rule_alignment,1,0,0,1,0,0,1,1,0,0,0,"low_statement_source_overlap:1,effect_unknown:1,translation_status:untranslatable_noise:1"
doi:10.1146/annurev-neuro-072116-031215,TBL-20260216232200-014,suspect_rule_alignment,3,0,0,3,0,0,3,3,0,0,0,"low_statement_source_overlap:3,effect_unknown:3,translation_status:untranslatable_noise:3"
doi:10.1146/annurev-neuro-072116-031215,TBL-20260216232200-015,suspect_rule_alignment,2,0,0,2,0,0,2,2,0,0,0,"low_statement_source_overlap:2,effect_unknown:2,translation_status:untranslatable_noise:2"
doi:10.1146/annurev-neuro-072116-031215,TBL-20260216232200-016,suspect_rule_alignment,4,0,0,4,0,0,4,4,0,0,0,"low_statement_source_overlap:4,effect_unknown:4,translation_status:untranslatable_noise:4"
doi:10.1146/annurev-neuro-072116-031215,TBL-20260216232200-020,suspect_rule_alignment,12,0,0,10,2,2,12,12,0,0,0,"low_statement_source_overlap:12,effect_unknown:12,translation_status:untranslatable_noise:12,source_row_low_information:2"
doi:10.1162/jocn_a_00491,TBL-20260216232235-001,suspect_rule_alignment,3,0,0,3,0,0,3,3,0,0,0,"low_statement_source_overlap:3,effect_unknown:3,translation_status:untranslatable_noise:3"
doi:10.1162/jocn_a_00491,TBL-20260216232235-003,suspect_rule_alignment,25,0,0,25,0,0,25,25,0,0,0,"low_statement_source_overlap:25,effect_unknown:25,translation_status:untranslatable_noise:25"
doi:10.1162/jocn_a_00491,TBL-20260216232235-004,suspect_rule_alignment,13,0,0,13,0,0,13,13,0,0,0,"low_statement_source_overlap:13,effect_unknown:13,translation_status:untranslatable_noise:13"
doi:10.1162/jocn_a_00491,TBL-20260216232235-005,suspect_rule_alignment,2,0,0,2,0,0,2,2,0,0,0,"low_statement_source_overlap:2,effect_unknown:2,translation_status:untranslatable_noise:2"
doi:10.1177/0013916502238868,TBL-20260216232248-001,suspect_rule_alignment,16,0,0,16,0,0,16,16,0,0,0,"low_statement_source_overlap:16,effect_unknown:16,translation_status:untranslatable_noise:16"
doi:10.1177/0013916502238868,TBL-20260216232248-002,suspect_rule_alignment,1,0,0,1,0,0,1,1,0,0,0,"low_statement_source_overlap:1,effect_unknown:1,translation_status:untranslatable_noise:1"
doi:10.1177/0013916502238868,TBL-20260216232248-003,suspect_rule_alignment,1,0,0,1,0,0,1,1,0,0,0,"low_statement_source_overlap:1,effect_unknown:1,translation_status:untranslatable_noise:1"
doi:10.1177/0013916502238868,TBL-20260216232248-004,suspect_rule_alignment,18,0,0,18,0,0,18,18,0,0,0,"low_statement_source_overlap:18,effect_unknown:18,translation_status:untranslatable_noise:18"
doi:10.1177/0013916502238868,TBL-20260216232248-005,suspect_rule_alignment,5,0,0,5,0,0,5,5,0,0,0,"low_statement_source_overlap:5,effect_unknown:5,translation_status:untranslatable_noise:5"
doi:10.1177/0013916502238868,TBL-20260216232248-008,suspect_rule_alignment,1,0,0,1,0,0,1,1,0,0,0,"low_statement_source_overlap:1,effect_unknown:1,translation_status:untranslatable_noise:1"
doi:10.1177/0018720819892383,TBL-20260216232258-004,suspect_rule_alignment,3,0,0,3,0,0,3,3,0,0,0,"low_statement_source_overlap:3,effect_unknown:3,translation_status:untranslatable_noise:3"
doi:10.1177/0018720819892383,TBL-20260216232258-005,suspect_rule_alignment,9,0,0,9,0,0,9,9,0,0,0,"low_statement_source_overlap:9,effect_unknown:9,translation_status:untranslatable_noise:9"
doi:10.1177/0018720819892383,TBL-20260216232258-007,suspect_rule_alignment,9,0,0,9,0,0,9,9,0,0,0,"low_statement_source_overlap:9,effect_unknown:9,translation_status:untranslatable_noise:9"
doi:10.1177/0018720819892383,TBL-20260216232258-008,suspect_rule_alignment,9,0,0,9,0,0,9,9,0,0,0,"low_statement_source_overlap:9,effect_unknown:9,translation_status:untranslatable_noise:9"
doi:10.1177/0018720819892383,TBL-20260216232258-009,suspect_rule_alignment,9,0,0,9,0,0,9,9,0,0,0,"low_statement_source_overlap:9,effect_unknown:9,translation_status:untranslatable_noise:9"
doi:10.1177/0018720819892383,TBL-20260216232258-010,suspect_rule_alignment,9,0,0,9,0,0,9,9,0,0,0,"low_statement_source_overlap:9,effect_unknown:9,translation_status:untranslatable_noise:9"
doi:10.1177/0885412205286160,TBL-20260216232335-001,suspect_rule_alignment,3,0,0,3,0,0,3,3,0,0,0,"low_statement_source_overlap:3,effect_unknown:3,translation_status:untranslatable_noise:3"
doi:10.1177/0885412205286160,TBL-20260216232335-002,suspect_rule_alignment,3,0,0,3,0,0,3,3,0,0,0,"low_statement_source_overlap:3,effect_unknown:3,translation_status:untranslatable_noise:3"
doi:10.1177/0885412205286160,TBL-20260216232335-003,suspect_rule_alignment,1,0,0,1,0,0,1,1,0,0,0,"low_statement_source_overlap:1,effect_unknown:1,translation_status:untranslatable_noise:1"
doi:10.1177/0885412205286160,TBL-20260216232335-004,suspect_rule_alignment,1,0,0,1,0,0,1,1,0,0,0,"low_statement_source_overlap:1,effect_unknown:1,translation_status:untranslatable_noise:1"
doi:10.1177/0885412205286160,TBL-20260216232335-005,suspect_rule_alignment,1,0,0,1,0,0,1,1,0,0,0,"low_statement_source_overlap:1,effect_unknown:1,translation_status:untranslatable_noise:1"
doi:10.1177/1477153509104765,TBL-20260216232341-001,suspect_rule_alignment,7,0,0,7,0,0,7,7,0,0,0,"low_statement_source_overlap:7,effect_unknown:7,translation_status:untranslatable_noise:7"
doi:10.1177/1477153509104765,TBL-20260216232341-002,suspect_rule_alignment,5,0,0,5,0,0,5,5,0,0,0,"low_statement_source_overlap:5,effect_unknown:5,translation_status:untranslatable_noise:5"
doi:10.1177/1477153509104765,TBL-20260216232341-003,suspect_rule_alignment,11,0,0,11,0,0,11,11,0,0,0,"low_statement_source_overlap:11,effect_unknown:11,translation_status:untranslatable_noise:11"
doi:10.1177/1477153509104765,TBL-20260216232341-004,suspect_rule_alignment,6,0,0,5,1,1,6,6,0,0,0,"low_statement_source_overlap:6,effect_unknown:6,translation_status:untranslatable_noise:6,source_row_low_information:1"
doi:10.1177/1477153509104765,TBL-20260216232341-007,suspect_rule_alignment,10,0,0,9,1,1,10,9,0,0,0,"effect_unknown:10,translation_status:untranslatable_noise:10,low_statement_source_overlap:9,source_row_low_information:1,outcome_unresolved:1"
doi:10.1177/1477153509104765,TBL-20260216232341-009,suspect_rule_alignment,2,0,0,2,0,0,2,2,0,0,0,"low_statement_source_overlap:2,effect_unknown:2,translation_status:untranslatable_noise:2"
doi:10.1177/1477153509104765,TBL-20260216232341-010,suspect_rule_alignment,10,0,0,10,0,0,10,10,0,0,0,"low_statement_source_overlap:10,effect_unknown:10,translation_status:untranslatable_noise:10"
doi:10.1177/1477153517750714,TBL-20260216232351-001,suspect_rule_alignment,3,0,0,3,0,0,3,3,0,0,0,"low_statement_source_overlap:3,effect_unknown:3,translation_status:untranslatable_noise:3"
doi:10.1177/1477153517750714,TBL-20260216232351-003,suspect_rule_alignment,14,0,0,13,1,1,14,14,0,0,0,"low_statement_source_overlap:14,effect_unknown:14,translation_status:untranslatable_noise:14,source_row_low_information:1"
doi:10.1177/1477153517750714,TBL-20260216232351-006,suspect_rule_alignment,1,0,0,1,0,0,1,1,0,0,0,"low_statement_source_overlap:1,effect_unknown:1,translation_status:untranslatable_noise:1"
doi:10.1177/1477153517750714,TBL-20260216232351-007,suspect_rule_alignment,1,0,0,1,0,0,1,1,0,0,0,"low_statement_source_overlap:1,effect_unknown:1,translation_status:untranslatable_noise:1"
doi:10.1177/1477153517750714,TBL-20260216232351-008,suspect_rule_alignment,7,0,0,7,0,0,7,7,0,0,0,"low_statement_source_overlap:7,effect_unknown:7,translation_status:untranslatable_noise:7"
doi:10.1177/1477153517750714,TBL-20260216232351-010,suspect_rule_alignment,12,0,0,11,1,1,12,12,0,0,0,"low_statement_source_overlap:12,effect_unknown:12,translation_status:untranslatable_noise:12,source_row_low_information:1"
doi:10.1177/1477153517750714,TBL-20260216232351-012,suspect_rule_alignment,2,0,0,2,0,0,2,2,0,0,0,"low_statement_source_overlap:2,effect_unknown:2,translation_status:untranslatable_noise:2"
doi:10.1177/1477153517750714,TBL-20260216232351-013,suspect_rule_alignment,3,0,0,3,0,0,3,3,0,0,0,"low_statement_source_overlap:3,effect_unknown:3,translation_status:untranslatable_noise:3"
doi:10.1177/1477153517750714,TBL-20260216232351-014,suspect_rule_alignment,8,0,0,8,0,0,8,8,0,0,0,"low_statement_source_overlap:8,effect_unknown:8,translation_status:untranslatable_noise:8"
doi:10.1177/1477153517750714,TBL-20260216232351-016,suspect_rule_alignment,4,0,0,4,0,0,4,4,0,0,0,"low_statement_source_overlap:4,effect_unknown:4,translation_status:untranslatable_noise:4"
doi:10.1177/1477153517750714,TBL-20260216232351-020,suspect_rule_alignment,2,0,0,2,0,0,2,2,0,0,0,"low_statement_source_overlap:2,effect_unknown:2,translation_status:untranslatable_noise:2"
doi:10.1177/1477153517750714,TBL-20260216232351-024,suspect_rule_alignment,15,0,0,15,0,0,15,15,0,0,0,"low_statement_source_overlap:15,effect_unknown:15,translation_status:untranslatable_noise:15"
doi:10.1177/2398212818810686,TBL-20260216232408-001,suspect_rule_alignment,2,0,0,2,0,0,2,2,0,0,0,"low_statement_source_overlap:2,effect_unknown:2,translation_status:untranslatable_noise:2"
doi:10.1177/2398212818810686,TBL-20260216232408-002,suspect_rule_alignment,3,0,0,3,0,0,3,3,0,0,0,"low_statement_source_overlap:3,effect_unknown:3,translation_status:untranslatable_noise:3"
doi:10.1186/1880-6805-32-7,TBL-20260216232445-001,suspect_rule_alignment,2,0,0,2,0,0,2,2,0,0,0,"low_statement_source_overlap:2,effect_unknown:2,translation_status:untranslatable_noise:2"
doi:10.1186/1880-6805-32-7,TBL-20260216232445-002,suspect_rule_alignment,2,0,0,2,0,0,2,2,0,0,0,"low_statement_source_overlap:2,effect_unknown:2,translation_status:untranslatable_noise:2"
doi:10.1260/135101003768965960,TBL-20260216232451-001,suspect_rule_alignment,6,0,0,6,0,0,6,6,0,0,0,"low_statement_source_overlap:6,effect_unknown:6,translation_status:untranslatable_noise:6"
doi:10.1260/135101003768965960,TBL-20260216232451-002,suspect_rule_alignment,10,0,0,10,0,0,10,10,0,0,0,"low_statement_source_overlap:10,effect_unknown:10,translation_status:untranslatable_noise:10"
doi:10.1260/135101003768965960,TBL-20260216232451-004,suspect_rule_alignment,2,0,0,2,0,0,2,2,0,0,0,"low_statement_source_overlap:2,effect_unknown:2,translation_status:untranslatable_noise:2"
doi:10.1260/135101003768965960,TBL-20260216232451-006,suspect_rule_alignment,12,0,0,12,0,0,12,12,0,0,0,"low_statement_source_overlap:12,effect_unknown:12,translation_status:untranslatable_noise:12"
doi:10.1260/135101003768965960,TBL-20260216232451-007,suspect_rule_alignment,5,0,0,5,0,0,5,5,0,0,0,"low_statement_source_overlap:5,effect_unknown:5,translation_status:untranslatable_noise:5"
doi:10.1371/journal.pone.0123783,TBL-20260216232503-004,suspect_rule_alignment,1,0,0,1,0,0,1,1,0,0,0,"low_statement_source_overlap:1,effect_unknown:1,translation_status:untranslatable_noise:1"
doi:10.1371/journal.pone.0123783,TBL-20260216232503-006,suspect_rule_alignment,5,0,1,4,0,1,5,5,1,0,0,"low_statement_source_overlap:4,effect_unknown:4,translation_status:untranslatable_noise:4,source_row_low_information:1,statement_low_information:1,translation_status:inferred:1"
doi:10.1371/journal.pone.0123783,TBL-20260216232503-012,suspect_rule_alignment,4,1,0,3,0,0,4,4,1,0,0,"low_statement_source_overlap:3,effect_unknown:3,translation_status:untranslatable_noise:3,translation_status:inferred:1"
doi:10.1371/journal.pone.0123783,TBL-20260216232504-016,suspect_rule_alignment,4,2,0,1,1,1,4,4,2,0,0,"low_statement_source_overlap:2,effect_unknown:2,translation_status:untranslatable_noise:2,translation_status:inferred:2,source_row_low_information:1"
doi:10.14288/1.0071305,TBL-20260216232552-002,suspect_rule_alignment,1,0,0,1,0,0,1,1,0,0,0,"low_statement_source_overlap:1,effect_unknown:1,translation_status:untranslatable_noise:1"
doi:10.14288/1.0071305,TBL-20260216232553-006,suspect_rule_alignment,3,0,0,3,0,0,3,3,0,0,0,"low_statement_source_overlap:3,effect_unknown:3,translation_status:untranslatable_noise:3"
doi:10.14288/1.0071305,TBL-20260216232553-007,suspect_rule_alignment,1,0,0,1,0,0,1,1,0,0,0,"low_statement_source_overlap:1,effect_unknown:1,translation_status:untranslatable_noise:1"
doi:10.14288/1.0071305,TBL-20260216232554-009,suspect_rule_alignment,1,0,0,1,0,0,1,1,0,0,0,"low_statement_source_overlap:1,effect_unknown:1,translation_status:untranslatable_noise:1"
doi:10.14288/1.0071305,TBL-20260216232554-010,suspect_rule_alignment,1,0,0,1,0,0,1,1,0,0,0,"low_statement_source_overlap:1,effect_unknown:1,translation_status:untranslatable_noise:1"
doi:10.14288/1.0071305,TBL-20260216232554-011,suspect_rule_alignment,1,0,0,1,0,0,1,1,0,0,0,"low_statement_source_overlap:1,effect_unknown:1,translation_status:untranslatable_noise:1"
doi:10.14288/1.0071305,TBL-20260216232554-012,suspect_rule_alignment,1,0,0,1,0,0,1,1,0,0,0,"low_statement_source_overlap:1,effect_unknown:1,translation_status:untranslatable_noise:1"
doi:10.14288/1.0071305,TBL-20260216232554-013,suspect_rule_alignment,1,0,0,1,0,0,1,1,0,0,0,"low_statement_source_overlap:1,effect_unknown:1,translation_status:untranslatable_noise:1"
doi:10.14288/1.0071305,TBL-20260216232554-014,suspect_rule_alignment,1,0,0,1,0,0,1,1,0,0,0,"low_statement_source_overlap:1,effect_unknown:1,translation_status:untranslatable_noise:1"
doi:10.14288/1.0071305,TBL-20260216232554-015,suspect_rule_alignment,1,0,0,1,0,0,1,1,0,0,0,"low_statement_source_overlap:1,effect_unknown:1,translation_status:untranslatable_noise:1"
doi:10.14288/1.0071305,TBL-20260216232554-016,suspect_rule_alignment,1,0,0,1,0,0,1,1,0,0,0,"low_statement_source_overlap:1,effect_unknown:1,translation_status:untranslatable_noise:1"
doi:10.14288/1.0071305,TBL-20260216232554-017,suspect_rule_alignment,1,0,0,1,0,0,1,1,0,0,0,"low_statement_source_overlap:1,effect_unknown:1,translation_status:untranslatable_noise:1"
doi:10.14288/1.0071305,TBL-20260216232554-018,suspect_rule_alignment,1,0,0,1,0,0,1,1,0,0,0,"low_statement_source_overlap:1,effect_unknown:1,translation_status:untranslatable_noise:1"
doi:10.14288/1.0071305,TBL-20260216232554-019,suspect_rule_alignment,1,0,0,1,0,0,1,1,0,0,0,"low_statement_source_overlap:1,effect_unknown:1,translation_status:untranslatable_noise:1"
doi:10.14288/1.0071305,TBL-20260216232554-020,suspect_rule_alignment,1,0,0,1,0,0,1,1,0,0,0,"low_statement_source_overlap:1,effect_unknown:1,translation_status:untranslatable_noise:1"
doi:10.14288/1.0071305,TBL-20260216232554-021,suspect_rule_alignment,1,0,0,1,0,0,1,1,0,0,0,"low_statement_source_overlap:1,effect_unknown:1,translation_status:untranslatable_noise:1"
doi:10.14288/1.0071305,TBL-20260216232554-022,suspect_rule_alignment,1,0,0,1,0,0,1,1,0,0,0,"low_statement_source_overlap:1,effect_unknown:1,translation_status:untranslatable_noise:1"
doi:10.14288/1.0071305,TBL-20260216232554-023,suspect_rule_alignment,1,0,0,1,0,0,1,1,0,0,0,"low_statement_source_overlap:1,effect_unknown:1,translation_status:untranslatable_noise:1"
doi:10.14288/1.0071305,TBL-20260216232555-024,suspect_rule_alignment,1,0,0,1,0,0,1,1,0,0,0,"low_statement_source_overlap:1,effect_unknown:1,translation_status:untranslatable_noise:1"
doi:10.14288/1.0071305,TBL-20260216232555-025,suspect_rule_alignment,1,0,0,1,0,0,1,1,0,0,0,"low_statement_source_overlap:1,effect_unknown:1,translation_status:untranslatable_noise:1"
doi:10.14288/1.0071305,TBL-20260216232555-026,suspect_rule_alignment,1,0,0,1,0,0,1,1,0,0,0,"low_statement_source_overlap:1,effect_unknown:1,translation_status:untranslatable_noise:1"
doi:10.14288/1.0071305,TBL-20260216232555-027,suspect_rule_alignment,1,0,0,1,0,0,1,1,0,0,0,"low_statement_source_overlap:1,effect_unknown:1,translation_status:untranslatable_noise:1"
doi:10.14288/1.0071305,TBL-20260216232555-028,suspect_rule_alignment,1,0,0,1,0,0,1,1,0,0,0,"low_statement_source_overlap:1,effect_unknown:1,translation_status:untranslatable_noise:1"
doi:10.14288/1.0071305,TBL-20260216232555-035,suspect_rule_alignment,17,7,0,10,0,0,17,17,7,0,0,"low_statement_source_overlap:10,effect_unknown:10,translation_status:untranslatable_noise:10,translation_status:inferred:6,translation_status:fuzzy:1"
doi:10.15126/thesis.901052,TBL-20260216232624-039,suspect_rule_alignment,4,2,0,1,1,1,4,3,2,0,0,"low_statement_source_overlap:2,effect_unknown:2,translation_status:untranslatable_noise:2,translation_status:inferred:2,source_row_low_information:1,outcome_unresolved:1"
doi:10.15126/thesis.901052,TBL-20260216232625-069,suspect_rule_alignment,4,2,0,1,1,1,4,3,2,0,0,"low_statement_source_overlap:2,effect_unknown:2,translation_status:untranslatable_noise:2,translation_status:inferred:2,source_row_low_information:1,outcome_unresolved:1"
doi:10.15126/thesis.901052,TBL-20260216232626-105,suspect_rule_alignment,1,0,0,1,0,0,1,1,0,0,0,"low_statement_source_overlap:1,effect_unknown:1,translation_status:untranslatable_noise:1"
doi:10.1613/jair.301,TBL-20260216232832-001,suspect_rule_alignment,3,0,0,3,0,0,3,3,0,0,0,"effect_unknown:3,translation_status:untranslatable_noise:3,low_statement_source_overlap:2"
doi:10.1613/jair.301,TBL-20260216232832-004,suspect_rule_alignment,1,0,0,1,0,0,1,1,0,0,0,"low_statement_source_overlap:1,effect_unknown:1,translation_status:untranslatable_noise:1"
doi:10.1613/jair.301,TBL-20260216232832-005,suspect_rule_alignment,2,0,0,2,0,0,2,2,0,0,0,"low_statement_source_overlap:2,effect_unknown:2,translation_status:untranslatable_noise:2"
doi:10.1613/jair.301,TBL-20260216232832-006,suspect_rule_alignment,3,0,0,3,0,0,3,3,0,0,0,"low_statement_source_overlap:3,effect_unknown:3,translation_status:untranslatable_noise:3"
doi:10.1613/jair.301,TBL-20260216232832-009,suspect_rule_alignment,4,0,0,4,0,0,4,4,0,0,0,"low_statement_source_overlap:4,effect_unknown:4,translation_status:untranslatable_noise:4"
doi:10.1613/jair.301,TBL-20260216232832-010,suspect_rule_alignment,3,0,0,3,0,0,3,3,0,0,0,"low_statement_source_overlap:3,effect_unknown:3,translation_status:untranslatable_noise:3"
doi:10.1613/jair.301,TBL-20260216232832-011,suspect_rule_alignment,2,0,0,2,0,0,2,2,0,0,0,"low_statement_source_overlap:2,effect_unknown:2,translation_status:untranslatable_noise:2"
doi:10.1613/jair.301,TBL-20260216232832-016,suspect_rule_alignment,1,0,0,1,0,0,1,1,0,0,0,"low_statement_source_overlap:1,effect_unknown:1,translation_status:untranslatable_noise:1"
doi:10.1613/jair.301,TBL-20260216232832-017,suspect_rule_alignment,2,0,0,2,0,0,2,2,0,0,0,"low_statement_source_overlap:2,effect_unknown:2,translation_status:untranslatable_noise:2"
doi:10.1613/jair.301,TBL-20260216232832-019,suspect_rule_alignment,1,0,0,1,0,0,1,1,0,0,0,"low_statement_source_overlap:1,effect_unknown:1,translation_status:untranslatable_noise:1"
doi:10.1613/jair.301,TBL-20260216232832-020,suspect_rule_alignment,1,0,0,1,0,0,1,1,0,0,0,"low_statement_source_overlap:1,effect_unknown:1,translation_status:untranslatable_noise:1"
doi:10.1613/jair.301,TBL-20260216232832-021,suspect_rule_alignment,1,0,0,1,0,0,1,1,0,0,0,"low_statement_source_overlap:1,effect_unknown:1,translation_status:untranslatable_noise:1"
doi:10.17179/excli2021-3974,TBL-20260216232839-001,suspect_rule_alignment,1,0,0,1,0,0,1,1,0,0,0,"low_statement_source_overlap:1,effect_unknown:1,translation_status:untranslatable_noise:1"
doi:10.17863/cam.41365,TBL-20260216233213-002,suspect_rule_alignment,3,0,0,3,0,0,3,3,0,0,0,"low_statement_source_overlap:3,effect_unknown:3,translation_status:untranslatable_noise:3"
doi:10.17863/cam.41365,TBL-20260216233215-008,suspect_rule_alignment,5,0,0,5,0,0,5,5,0,0,0,"low_statement_source_overlap:5,effect_unknown:5,translation_status:untranslatable_noise:5"
doi:10.17863/cam.41365,TBL-20260216233215-009,suspect_rule_alignment,5,0,0,5,0,0,5,5,0,0,0,"low_statement_source_overlap:5,effect_unknown:5,translation_status:untranslatable_noise:5"
doi:10.17863/cam.41365,TBL-20260216233220-029,suspect_rule_alignment,4,2,0,2,0,0,4,4,2,0,0,"translation_status:inferred:2,low_statement_source_overlap:2,effect_unknown:2,translation_status:untranslatable_noise:2"
doi:10.18419/opus-9385,TBL-20260216235822-035,suspect_rule_alignment,4,1,0,3,0,0,4,4,1,0,0,"low_statement_source_overlap:3,effect_unknown:3,translation_status:untranslatable_noise:3,translation_status:inferred:1"
doi:10.18419/opus-9385,TBL-20260216235825-048,suspect_rule_alignment,6,1,0,5,0,0,6,6,1,0,0,"low_statement_source_overlap:5,effect_unknown:5,translation_status:untranslatable_noise:5,translation_status:inferred:1"
doi:10.18419/opus-9385,TBL-20260216235825-049,suspect_rule_alignment,5,0,1,3,1,2,5,5,1,0,0,"low_statement_source_overlap:4,effect_unknown:4,translation_status:untranslatable_noise:4,source_row_low_information:2,statement_low_information:1,translation_status:inferred:1"
doi:10.18419/opus-9385,TBL-20260216235826-052,suspect_rule_alignment,7,2,0,5,0,0,7,7,2,0,0,"low_statement_source_overlap:5,effect_unknown:5,translation_status:untranslatable_noise:5,translation_status:inferred:2"
doi:10.18419/opus-9385,TBL-20260216235826-053,suspect_rule_alignment,9,1,0,8,0,0,9,9,1,0,0,"low_statement_source_overlap:8,effect_unknown:8,translation_status:untranslatable_noise:8,translation_status:inferred:1"
doi:10.18419/opus-9385,TBL-20260216235826-054,suspect_rule_alignment,3,1,0,2,0,0,3,3,1,0,0,"low_statement_source_overlap:2,effect_unknown:2,translation_status:untranslatable_noise:2,translation_status:inferred:1"
doi:10.18419/opus-9385,TBL-20260216235826-056,suspect_rule_alignment,4,0,0,4,0,0,4,4,0,0,0,"low_statement_source_overlap:4,effect_unknown:4,translation_status:untranslatable_noise:4"
doi:10.18419/opus-9385,TBL-20260216235826-059,suspect_rule_alignment,6,1,1,4,0,1,6,6,2,0,0,"low_statement_source_overlap:4,effect_unknown:4,translation_status:untranslatable_noise:4,translation_status:inferred:2,source_row_low_information:1,statement_low_information:1"
doi:10.18419/opus-9385,TBL-20260216235826-062,suspect_rule_alignment,7,1,0,5,1,1,7,7,1,0,0,"low_statement_source_overlap:6,effect_unknown:6,translation_status:untranslatable_noise:6,translation_status:inferred:1,source_row_low_information:1"
doi:10.18419/opus-9385,TBL-20260216235826-063,suspect_rule_alignment,6,0,0,5,1,1,6,6,0,0,0,"low_statement_source_overlap:6,effect_unknown:6,translation_status:untranslatable_noise:6,source_row_low_information:1"
doi:10.18419/opus-9385,TBL-20260216235826-064,suspect_rule_alignment,8,0,1,7,0,1,8,8,1,0,0,"low_statement_source_overlap:7,effect_unknown:7,translation_status:untranslatable_noise:7,source_row_low_information:1,statement_low_information:1,translation_status:inferred:1"
doi:10.18419/opus-9385,TBL-20260216235827-067,suspect_rule_alignment,3,1,0,2,0,0,3,3,1,0,0,"low_statement_source_overlap:2,effect_unknown:2,translation_status:untranslatable_noise:2,translation_status:inferred:1"
doi:10.18419/opus-9385,TBL-20260216235827-068,suspect_rule_alignment,5,0,0,5,0,0,5,5,0,0,0,"low_statement_source_overlap:5,effect_unknown:5,translation_status:untranslatable_noise:5"
doi:10.18419/opus-9385,TBL-20260216235827-072,suspect_rule_alignment,9,1,1,7,0,1,9,9,2,0,0,"low_statement_source_overlap:7,effect_unknown:7,translation_status:untranslatable_noise:7,translation_status:inferred:2,source_row_low_information:1,statement_low_information:1"
doi:10.18419/opus-9385,TBL-20260216235827-074,suspect_rule_alignment,8,0,0,7,1,1,8,8,0,0,0,"low_statement_source_overlap:8,effect_unknown:8,translation_status:untranslatable_noise:8,source_row_low_information:1"
doi:10.18419/opus-9385,TBL-20260216235827-077,suspect_rule_alignment,5,0,0,4,1,1,5,5,0,0,0,"low_statement_source_overlap:5,effect_unknown:5,translation_status:untranslatable_noise:5,source_row_low_information:1"
doi:10.18419/opus-9385,TBL-20260216235827-079,suspect_rule_alignment,6,0,0,6,0,0,6,6,0,0,0,"low_statement_source_overlap:6,effect_unknown:6,translation_status:untranslatable_noise:6"
doi:10.18419/opus-9385,TBL-20260216235828-080,suspect_rule_alignment,3,0,0,2,1,1,3,3,0,0,0,"low_statement_source_overlap:3,effect_unknown:3,translation_status:untranslatable_noise:3,source_row_low_information:1"
doi:10.18419/opus-9385,TBL-20260216235828-082,suspect_rule_alignment,7,0,0,6,1,1,7,7,0,0,0,"low_statement_source_overlap:7,effect_unknown:7,translation_status:untranslatable_noise:7,source_row_low_information:1"
doi:10.18419/opus-9385,TBL-20260216235828-085,suspect_rule_alignment,6,2,0,4,0,0,6,6,2,0,0,"low_statement_source_overlap:4,effect_unknown:4,translation_status:untranslatable_noise:4,translation_status:inferred:2"
doi:10.18419/opus-9385,TBL-20260216235828-088,suspect_rule_alignment,5,0,0,5,0,0,5,5,0,0,0,"low_statement_source_overlap:5,effect_unknown:5,translation_status:untranslatable_noise:5"
doi:10.18419/opus-9385,TBL-20260216235828-091,suspect_rule_alignment,7,1,0,6,0,0,7,7,1,0,0,"low_statement_source_overlap:6,effect_unknown:6,translation_status:untranslatable_noise:6,translation_status:inferred:1"
doi:10.18419/opus-9385,TBL-20260216235829-094,suspect_rule_alignment,5,2,0,3,0,0,5,5,2,0,0,"low_statement_source_overlap:3,effect_unknown:3,translation_status:untranslatable_noise:3,translation_status:inferred:2"
doi:10.18419/opus-9385,TBL-20260216235829-098,suspect_rule_alignment,6,1,0,5,0,0,6,6,1,0,0,"low_statement_source_overlap:5,effect_unknown:5,translation_status:untranslatable_noise:5,translation_status:inferred:1"
doi:10.18419/opus-9385,TBL-20260216235829-099,suspect_rule_alignment,3,0,0,3,0,0,3,3,0,0,0,"low_statement_source_overlap:3,effect_unknown:3,translation_status:untranslatable_noise:3"
doi:10.18419/opus-9385,TBL-20260216235829-101,suspect_rule_alignment,9,0,0,8,1,1,9,9,0,0,0,"low_statement_source_overlap:9,effect_unknown:9,translation_status:untranslatable_noise:9,source_row_low_information:1"
doi:10.18419/opus-9385,TBL-20260216235829-103,suspect_rule_alignment,8,1,0,5,2,2,8,8,1,0,0,"low_statement_source_overlap:7,effect_unknown:7,translation_status:untranslatable_noise:7,source_row_low_information:2,translation_status:fuzzy:1"
doi:10.18419/opus-9385,TBL-20260216235829-104,suspect_rule_alignment,5,0,0,5,0,0,5,5,0,0,0,"low_statement_source_overlap:5,effect_unknown:5,translation_status:untranslatable_noise:5"
doi:10.18419/opus-9385,TBL-20260216235830-113,suspect_rule_alignment,5,1,0,4,0,0,5,5,1,0,0,"low_statement_source_overlap:4,effect_unknown:4,translation_status:untranslatable_noise:4,translation_status:inferred:1"
doi:10.18419/opus-9385,TBL-20260216235830-115,suspect_rule_alignment,11,1,0,10,0,0,11,11,1,0,0,"low_statement_source_overlap:10,effect_unknown:10,translation_status:untranslatable_noise:10,translation_status:inferred:1"
doi:10.24382/5191,TBL-20260216233547-030,suspect_rule_alignment,5,0,0,5,0,0,5,5,0,0,0,"low_statement_source_overlap:5,effect_unknown:5,translation_status:untranslatable_noise:5"
doi:10.24382/5191,TBL-20260216233549-036,suspect_rule_alignment,8,3,0,5,0,0,8,8,3,0,0,"low_statement_source_overlap:5,effect_unknown:5,translation_status:untranslatable_noise:5,translation_status:inferred:2,translation_status:fuzzy:1"
doi:10.25916/sut.26402764.v1,TBL-20260216233658-033,suspect_rule_alignment,2,1,0,1,0,0,2,2,1,0,0,"low_statement_source_overlap:1,effect_unknown:1,translation_status:untranslatable_noise:1,translation_status:inferred:1"
doi:10.25916/sut.26402764.v1,TBL-20260216233658-036,suspect_rule_alignment,2,0,0,2,0,0,2,2,0,0,0,"low_statement_source_overlap:2,effect_unknown:2,translation_status:untranslatable_noise:2"
doi:10.26204/kluedo/7316,TBL-20260216233746-019,suspect_rule_alignment,16,5,0,10,1,1,16,15,5,0,0,"low_statement_source_overlap:11,effect_unknown:11,translation_status:untranslatable_noise:11,translation_status:inferred:5,source_row_low_information:1,outcome_unresolved:1"
doi:10.3389/fnhum.2021.771711,TBL-20260216233837-001,suspect_rule_alignment,1,0,0,1,0,0,1,1,0,0,0,"low_statement_source_overlap:1,effect_unknown:1,translation_status:untranslatable_noise:1"
doi:10.3389/fnhum.2021.771711,TBL-20260216233837-002,suspect_rule_alignment,13,0,0,13,0,0,13,13,0,0,0,"low_statement_source_overlap:13,effect_unknown:13,translation_status:untranslatable_noise:13"
doi:10.3389/fnhum.2021.771711,TBL-20260216233837-003,suspect_rule_alignment,1,0,0,1,0,0,1,1,0,0,0,"low_statement_source_overlap:1,effect_unknown:1,translation_status:untranslatable_noise:1"
doi:10.3389/fnhum.2021.771711,TBL-20260216233837-005,suspect_rule_alignment,3,0,0,3,0,0,3,3,0,0,0,"low_statement_source_overlap:3,effect_unknown:3,translation_status:untranslatable_noise:3"
doi:10.3389/fpsyg.2020.560833,TBL-20260216234035-001,suspect_rule_alignment,2,0,0,2,0,0,2,2,0,0,0,"low_statement_source_overlap:2,effect_unknown:2,translation_status:untranslatable_noise:2"
doi:10.3389/fpsyg.2020.560833,TBL-20260216234035-002,suspect_rule_alignment,3,0,0,3,0,0,3,3,0,0,0,"low_statement_source_overlap:3,effect_unknown:3,translation_status:untranslatable_noise:3"
doi:10.3389/fpsyg.2020.560833,TBL-20260216234035-003,suspect_rule_alignment,1,0,0,1,0,0,1,1,0,0,0,"low_statement_source_overlap:1,effect_unknown:1,translation_status:untranslatable_noise:1"
doi:10.3389/fpsyg.2020.560833,TBL-20260216234035-005,suspect_rule_alignment,1,0,0,1,0,0,1,1,0,0,0,"low_statement_source_overlap:1,effect_unknown:1,translation_status:untranslatable_noise:1"
doi:10.3389/fpsyg.2021.699962,TBL-20260216234042-001,suspect_rule_alignment,4,0,0,4,0,0,4,4,0,0,0,"low_statement_source_overlap:4,effect_unknown:4,translation_status:untranslatable_noise:4"
doi:10.3389/fpsyg.2021.699962,TBL-20260216234042-003,suspect_rule_alignment,2,0,0,2,0,0,2,2,0,0,0,"low_statement_source_overlap:2,effect_unknown:2,translation_status:untranslatable_noise:2"
doi:10.3389/fpsyg.2021.699962,TBL-20260216234042-004,suspect_rule_alignment,2,0,0,2,0,0,2,2,0,0,0,"low_statement_source_overlap:2,effect_unknown:2,translation_status:untranslatable_noise:2"
doi:10.3389/fpsyg.2021.699962,TBL-20260216234042-005,suspect_rule_alignment,4,0,0,4,0,0,4,4,0,0,0,"low_statement_source_overlap:4,effect_unknown:4,translation_status:untranslatable_noise:4"
doi:10.3389/fpsyg.2021.699962,TBL-20260216234042-006,suspect_rule_alignment,5,0,0,5,0,0,5,5,0,0,0,"low_statement_source_overlap:5,effect_unknown:5,translation_status:untranslatable_noise:5"
doi:10.3389/fpsyg.2021.699962,TBL-20260216234042-007,suspect_rule_alignment,2,0,0,2,0,0,2,2,0,0,0,"low_statement_source_overlap:2,effect_unknown:2,translation_status:untranslatable_noise:2"
doi:10.3389/fpsyg.2021.699962,TBL-20260216234042-008,suspect_rule_alignment,14,0,0,13,1,1,14,14,0,0,0,"low_statement_source_overlap:14,effect_unknown:14,translation_status:untranslatable_noise:14,source_row_low_information:1"
doi:10.3389/fpsyg.2021.699962,TBL-20260216234042-009,suspect_rule_alignment,2,0,0,2,0,0,2,2,0,0,0,"low_statement_source_overlap:2,effect_unknown:2,translation_status:untranslatable_noise:2"
doi:10.3389/fpsyg.2021.699962,TBL-20260216234042-010,suspect_rule_alignment,4,0,0,4,0,0,4,4,0,0,0,"low_statement_source_overlap:4,effect_unknown:4,translation_status:untranslatable_noise:4"
doi:10.3389/fpsyg.2021.699962,TBL-20260216234042-011,suspect_rule_alignment,2,0,0,2,0,0,2,2,0,0,0,"low_statement_source_overlap:2,effect_unknown:2,translation_status:untranslatable_noise:2"
doi:10.3389/fpsyg.2021.699962,TBL-20260216234042-012,suspect_rule_alignment,5,0,0,5,0,0,5,5,0,0,0,"low_statement_source_overlap:5,effect_unknown:5,translation_status:untranslatable_noise:5"
doi:10.3389/fpsyg.2021.699962,TBL-20260216234042-014,suspect_rule_alignment,3,0,0,3,0,0,3,3,0,0,0,"low_statement_source_overlap:3,effect_unknown:3,translation_status:untranslatable_noise:3"
doi:10.3389/fpsyg.2021.699962,TBL-20260216234042-015,suspect_rule_alignment,4,0,0,4,0,0,4,4,0,0,0,"low_statement_source_overlap:4,effect_unknown:4,translation_status:untranslatable_noise:4"
doi:10.3389/frsc.2021.690055,TBL-20260216234054-001,suspect_rule_alignment,1,0,0,1,0,0,1,1,0,0,0,"low_statement_source_overlap:1,effect_unknown:1,translation_status:untranslatable_noise:1"
doi:10.3389/frsc.2021.690055,TBL-20260216234054-003,suspect_rule_alignment,1,0,0,1,0,0,1,1,0,0,0,"low_statement_source_overlap:1,effect_unknown:1,translation_status:untranslatable_noise:1"
doi:10.3389/frsc.2021.690055,TBL-20260216234054-004,suspect_rule_alignment,16,0,0,16,0,0,16,16,0,0,0,"low_statement_source_overlap:16,effect_unknown:16,translation_status:untranslatable_noise:16"
doi:10.3389/frsc.2021.690055,TBL-20260216234054-005,suspect_rule_alignment,17,0,0,17,0,0,17,17,0,0,0,"low_statement_source_overlap:17,effect_unknown:17,translation_status:untranslatable_noise:17"
doi:10.3389/frsc.2021.690055,TBL-20260216234054-006,suspect_rule_alignment,3,0,0,3,0,0,3,3,0,0,0,"low_statement_source_overlap:3,effect_unknown:3,translation_status:untranslatable_noise:3"
doi:10.3389/frsc.2021.690055,TBL-20260216234054-007,suspect_rule_alignment,1,0,0,1,0,0,1,1,0,0,0,"low_statement_source_overlap:1,effect_unknown:1,translation_status:untranslatable_noise:1"
doi:10.3389/frsc.2021.690055,TBL-20260216234054-008,suspect_rule_alignment,3,0,0,3,0,0,3,3,0,0,0,"low_statement_source_overlap:3,effect_unknown:3,translation_status:untranslatable_noise:3"
doi:10.3389/frsc.2021.690055,TBL-20260216234054-009,suspect_rule_alignment,1,0,0,1,0,0,1,1,0,0,0,"low_statement_source_overlap:1,effect_unknown:1,translation_status:untranslatable_noise:1"
doi:10.3389/frsc.2021.690055,TBL-20260216234054-011,suspect_rule_alignment,10,0,0,10,0,0,10,10,0,0,0,"low_statement_source_overlap:10,effect_unknown:10,translation_status:untranslatable_noise:10"
doi:10.3389/frsc.2021.690055,TBL-20260216234054-012,suspect_rule_alignment,2,0,0,2,0,0,2,2,0,0,0,"low_statement_source_overlap:2,effect_unknown:2,translation_status:untranslatable_noise:2"
doi:10.3389/frsc.2021.690055,TBL-20260216234054-013,suspect_rule_alignment,22,0,0,22,0,0,22,22,0,0,0,"low_statement_source_overlap:22,effect_unknown:22,translation_status:untranslatable_noise:22"
doi:10.3390/buildings13082000,TBL-20260216234118-001,suspect_rule_alignment,3,0,0,3,0,0,3,3,0,0,0,"low_statement_source_overlap:3,effect_unknown:3,translation_status:untranslatable_noise:3"
doi:10.3390/buildings13082000,TBL-20260216234118-002,suspect_rule_alignment,3,0,0,3,0,0,3,3,0,0,0,"low_statement_source_overlap:3,effect_unknown:3,translation_status:untranslatable_noise:3"
doi:10.3390/buildings13082000,TBL-20260216234118-003,suspect_rule_alignment,1,0,0,1,0,0,1,1,0,0,0,"low_statement_source_overlap:1,effect_unknown:1,translation_status:untranslatable_noise:1"
doi:10.3390/buildings14103293,TBL-20260216234134-001,suspect_rule_alignment,4,0,0,4,0,0,4,4,0,0,0,"low_statement_source_overlap:4,effect_unknown:4,translation_status:untranslatable_noise:4"
doi:10.3390/buildings14103293,TBL-20260216234134-002,suspect_rule_alignment,1,0,0,1,0,0,1,1,0,0,0,"low_statement_source_overlap:1,effect_unknown:1,translation_status:untranslatable_noise:1"
doi:10.3390/buildings14103293,TBL-20260216234134-005,suspect_rule_alignment,5,0,0,4,1,1,5,5,0,0,0,"low_statement_source_overlap:5,effect_unknown:5,translation_status:untranslatable_noise:5,source_row_low_information:1"
doi:10.3390/gels4020043,TBL-20260216234245-002,suspect_rule_alignment,1,0,0,1,0,0,1,1,0,0,0,"low_statement_source_overlap:1,effect_unknown:1,translation_status:untranslatable_noise:1"
doi:10.3390/gels4020043,TBL-20260216234245-003,suspect_rule_alignment,1,0,0,1,0,0,1,1,0,0,0,"low_statement_source_overlap:1,effect_unknown:1,translation_status:untranslatable_noise:1"
doi:10.3390/gels4020043,TBL-20260216234245-004,suspect_rule_alignment,1,0,0,1,0,0,1,1,0,0,0,"low_statement_source_overlap:1,effect_unknown:1,translation_status:untranslatable_noise:1"
doi:10.3390/ijerph110202108,TBL-20260216234255-003,suspect_rule_alignment,3,0,0,3,0,0,3,3,0,0,0,"low_statement_source_overlap:3,effect_unknown:3,translation_status:untranslatable_noise:3"
doi:10.3390/ijerph110202108,TBL-20260216234255-005,suspect_rule_alignment,8,0,0,6,2,2,8,8,0,0,0,"low_statement_source_overlap:8,effect_unknown:8,translation_status:untranslatable_noise:8,source_row_low_information:2"
doi:10.3390/ijerph110202108,TBL-20260216234255-006,suspect_rule_alignment,1,0,0,1,0,0,1,1,0,0,0,"low_statement_source_overlap:1,effect_unknown:1,translation_status:untranslatable_noise:1"
doi:10.3390/ijerph110202108,TBL-20260216234255-007,suspect_rule_alignment,12,0,0,11,1,1,12,12,0,0,0,"low_statement_source_overlap:12,effect_unknown:12,translation_status:untranslatable_noise:12,source_row_low_information:1"
doi:10.3390/ijerph110202108,TBL-20260216234255-008,suspect_rule_alignment,1,0,0,1,0,0,1,1,0,0,0,"low_statement_source_overlap:1,effect_unknown:1,translation_status:untranslatable_noise:1"
doi:10.3390/ijerph110202108,TBL-20260216234255-009,suspect_rule_alignment,25,0,0,24,1,1,25,25,0,0,0,"low_statement_source_overlap:25,effect_unknown:25,translation_status:untranslatable_noise:25,source_row_low_information:1"
doi:10.3390/ijerph110202108,TBL-20260216234255-010,suspect_rule_alignment,1,0,0,1,0,0,1,1,0,0,0,"low_statement_source_overlap:1,effect_unknown:1,translation_status:untranslatable_noise:1"
doi:10.3390/ijerph110202108,TBL-20260216234255-011,suspect_rule_alignment,14,0,0,12,2,2,14,14,0,0,0,"low_statement_source_overlap:14,effect_unknown:14,translation_status:untranslatable_noise:14,source_row_low_information:2"
doi:10.3390/ijerph110202108,TBL-20260216234255-012,suspect_rule_alignment,3,0,0,3,0,0,3,3,0,0,0,"low_statement_source_overlap:3,effect_unknown:3,translation_status:untranslatable_noise:3"
doi:10.3390/ijerph16244934,TBL-20260216234308-001,suspect_rule_alignment,7,0,0,6,1,1,7,7,0,0,0,"low_statement_source_overlap:7,effect_unknown:7,translation_status:untranslatable_noise:7,source_row_low_information:1"
doi:10.3390/ijerph16244934,TBL-20260216234308-003,suspect_rule_alignment,9,0,0,9,0,0,9,9,0,0,0,"low_statement_source_overlap:9,effect_unknown:9,translation_status:untranslatable_noise:9"
doi:10.3390/ijerph182312510,TBL-20260216234316-002,suspect_rule_alignment,16,0,0,16,0,0,16,16,0,0,0,"low_statement_source_overlap:16,effect_unknown:16,translation_status:untranslatable_noise:16"
doi:10.3390/ijerph182312510,TBL-20260216234316-003,suspect_rule_alignment,14,0,0,14,0,0,14,14,0,0,0,"low_statement_source_overlap:14,effect_unknown:14,translation_status:untranslatable_noise:14"
doi:10.3390/s22218135,TBL-20260216234328-001,suspect_rule_alignment,8,0,0,8,0,0,8,8,0,0,0,"low_statement_source_overlap:8,effect_unknown:8,translation_status:untranslatable_noise:8"
doi:10.3390/s22218135,TBL-20260216234328-002,suspect_rule_alignment,1,0,0,1,0,0,1,1,0,0,0,"low_statement_source_overlap:1,effect_unknown:1,translation_status:untranslatable_noise:1"
doi:10.3390/s22218135,TBL-20260216234328-003,suspect_rule_alignment,6,0,0,6,0,0,6,6,0,0,0,"low_statement_source_overlap:6,effect_unknown:6,translation_status:untranslatable_noise:6"
doi:10.3390/s24123944,TBL-20260216234334-001,suspect_rule_alignment,5,0,0,5,0,0,5,5,0,0,0,"low_statement_source_overlap:5,effect_unknown:5,translation_status:untranslatable_noise:5"
doi:10.3390/su12051830,TBL-20260216234346-001,suspect_rule_alignment,5,0,0,5,0,0,5,5,0,0,0,"low_statement_source_overlap:5,effect_unknown:5,translation_status:untranslatable_noise:5"
doi:10.3390/su12051830,TBL-20260216234346-005,suspect_rule_alignment,14,0,0,13,1,1,14,14,0,0,0,"low_statement_source_overlap:14,effect_unknown:14,translation_status:untranslatable_noise:14,source_row_low_information:1"
doi:10.3390/su12051830,TBL-20260216234346-008,suspect_rule_alignment,1,0,0,1,0,0,1,1,0,0,0,"low_statement_source_overlap:1,effect_unknown:1,translation_status:untranslatable_noise:1"
doi:10.3390/su12051830,TBL-20260216234346-009,suspect_rule_alignment,1,0,0,1,0,0,1,1,0,0,0,"low_statement_source_overlap:1,effect_unknown:1,translation_status:untranslatable_noise:1"
doi:10.3390/su12051830,TBL-20260216234346-010,suspect_rule_alignment,10,0,0,10,0,0,10,10,0,0,0,"effect_unknown:10,translation_status:untranslatable_noise:10,low_statement_source_overlap:9"
doi:10.3390/su12051830,TBL-20260216234346-013,suspect_rule_alignment,25,0,0,25,0,0,25,25,0,0,0,"low_statement_source_overlap:25,effect_unknown:25,translation_status:untranslatable_noise:25"
doi:10.3390/su12051830,TBL-20260216234346-014,suspect_rule_alignment,5,0,0,4,1,1,5,5,0,0,0,"low_statement_source_overlap:5,effect_unknown:5,translation_status:untranslatable_noise:5,source_row_low_information:1"
doi:10.3390/su12104263,TBL-20260216234406-001,suspect_rule_alignment,7,0,0,7,0,0,7,7,0,0,0,"low_statement_source_overlap:7,effect_unknown:7,translation_status:untranslatable_noise:7"
doi:10.3390/su152216104,TBL-20260216234427-001,suspect_rule_alignment,3,0,0,3,0,0,3,3,0,0,0,"low_statement_source_overlap:3,effect_unknown:3,translation_status:untranslatable_noise:3"
doi:10.3390/su152216104,TBL-20260216234427-003,suspect_rule_alignment,8,0,0,8,0,0,8,8,0,0,0,"low_statement_source_overlap:8,effect_unknown:8,translation_status:untranslatable_noise:8"
doi:10.3390/su152216104,TBL-20260216234427-006,suspect_rule_alignment,5,0,0,5,0,0,5,5,0,0,0,"effect_unknown:5,translation_status:untranslatable_noise:5,low_statement_source_overlap:4"
doi:10.3390/su152216104,TBL-20260216234427-007,suspect_rule_alignment,3,0,0,3,0,0,3,3,0,0,0,"low_statement_source_overlap:3,effect_unknown:3,translation_status:untranslatable_noise:3"
doi:10.3390/su152216104,TBL-20260216234427-008,suspect_rule_alignment,6,0,0,6,0,0,6,6,0,0,0,"low_statement_source_overlap:6,effect_unknown:6,translation_status:untranslatable_noise:6"
doi:10.3390/su162310251,TBL-20260216234451-001,suspect_rule_alignment,1,0,0,1,0,0,1,1,0,0,0,"low_statement_source_overlap:1,effect_unknown:1,translation_status:untranslatable_noise:1"
doi:10.3758/s13428-019-01242-0,TBL-20260216234506-001,suspect_rule_alignment,2,0,0,2,0,0,2,2,0,0,0,"low_statement_source_overlap:2,effect_unknown:2,translation_status:untranslatable_noise:2"
doi:10.3758/s13428-019-01242-0,TBL-20260216234506-002,suspect_rule_alignment,6,0,0,5,1,1,6,6,0,0,0,"low_statement_source_overlap:6,effect_unknown:6,translation_status:untranslatable_noise:6,source_row_low_information:1"
doi:10.3758/s13428-019-01242-0,TBL-20260216234506-003,suspect_rule_alignment,3,0,0,3,0,0,3,3,0,0,0,"low_statement_source_overlap:3,effect_unknown:3,translation_status:untranslatable_noise:3"
doi:10.5120/ijca2016908617,TBL-20260216234530-001,suspect_rule_alignment,1,0,0,1,0,0,1,1,0,0,0,"low_statement_source_overlap:1,effect_unknown:1,translation_status:untranslatable_noise:1"
doi:10.5281/zenodo.7191265,TBL-20260216234535-001,suspect_rule_alignment,5,0,0,5,0,0,5,5,0,0,0,"low_statement_source_overlap:5,effect_unknown:5,translation_status:untranslatable_noise:5"
sha256:4f30e0b5608b,TBL-20260216234636-001,suspect_rule_alignment,4,0,0,4,0,0,4,4,0,0,0,"low_statement_source_overlap:4,effect_unknown:4,translation_status:untranslatable_noise:4"
sha256:4f30e0b5608b,TBL-20260216234636-002,suspect_rule_alignment,3,0,0,3,0,0,3,3,0,0,0,"low_statement_source_overlap:3,effect_unknown:3,translation_status:untranslatable_noise:3"
sha256:4f30e0b5608b,TBL-20260216234636-004,suspect_rule_alignment,3,0,0,3,0,0,3,3,0,0,0,"low_statement_source_overlap:3,effect_unknown:3,translation_status:untranslatable_noise:3"
sha256:4f30e0b5608b,TBL-20260216234636-005,suspect_rule_alignment,4,0,0,4,0,0,4,4,0,0,0,"low_statement_source_overlap:4,effect_unknown:4,translation_status:untranslatable_noise:4"
sha256:4f30e0b5608b,TBL-20260216234636-006,suspect_rule_alignment,6,0,0,6,0,0,6,6,0,0,0,"low_statement_source_overlap:6,effect_unknown:6,translation_status:untranslatable_noise:6"
sha256:4f30e0b5608b,TBL-20260216234636-007,suspect_rule_alignment,1,0,0,1,0,0,1,1,0,0,0,"low_statement_source_overlap:1,effect_unknown:1,translation_status:untranslatable_noise:1"
sha256:4f30e0b5608b,TBL-20260216234636-008,suspect_rule_alignment,2,0,0,2,0,0,2,2,0,0,0,"low_statement_source_overlap:2,effect_unknown:2,translation_status:untranslatable_noise:2"
sha256:4f30e0b5608b,TBL-20260216234636-009,suspect_rule_alignment,4,0,0,3,1,1,4,4,0,0,0,"low_statement_source_overlap:4,effect_unknown:4,translation_status:untranslatable_noise:4,source_row_low_information:1"
sha256:4f30e0b5608b,TBL-20260216234636-010,suspect_rule_alignment,22,0,0,21,1,1,22,22,0,0,0,"low_statement_source_overlap:22,effect_unknown:22,translation_status:untranslatable_noise:22,source_row_low_information:1"
sha256:4f30e0b5608b,TBL-20260216234636-011,suspect_rule_alignment,19,0,0,18,1,1,19,19,0,0,0,"low_statement_source_overlap:19,effect_unknown:19,translation_status:untranslatable_noise:19,source_row_low_information:1"
zotero:2E64CG9B,TBL-20260216234657-011,suspect_rule_alignment,3,0,0,3,0,0,3,3,0,0,0,"low_statement_source_overlap:3,effect_unknown:3,translation_status:untranslatable_noise:3"
zotero:2E64CG9B,TBL-20260216234657-012,suspect_rule_alignment,8,0,0,8,0,0,8,8,0,0,0,"low_statement_source_overlap:8,effect_unknown:8,translation_status:untranslatable_noise:8"
zotero:2E64CG9B,TBL-20260216234703-015,suspect_rule_alignment,2,1,0,1,0,0,2,2,1,0,0,"translation_status:inferred:1,low_statement_source_overlap:1,effect_unknown:1,translation_status:untranslatable_noise:1"
zotero:4QHCLZ4R,TBL-20260216235104-004,suspect_rule_alignment,4,2,0,2,0,0,4,4,2,0,0,"translation_status:inferred:2,low_statement_source_overlap:2,effect_unknown:2,translation_status:untranslatable_noise:2"
zotero:4QHCLZ4R,TBL-20260216235104-005,suspect_rule_alignment,5,0,0,5,0,0,5,5,0,0,0,"low_statement_source_overlap:5,effect_unknown:5,translation_status:untranslatable_noise:5"
zotero:4QHCLZ4R,TBL-20260216235104-006,suspect_rule_alignment,11,1,0,10,0,0,11,11,1,0,0,"low_statement_source_overlap:10,effect_unknown:10,translation_status:untranslatable_noise:10,translation_status:inferred:1"
zotero:4QHCLZ4R,TBL-20260216235105-026,suspect_rule_alignment,9,1,0,8,0,0,9,9,1,0,0,"low_statement_source_overlap:8,effect_unknown:8,translation_status:untranslatable_noise:8,translation_status:inferred:1"
zotero:4QHCLZ4R,TBL-20260216235105-027,suspect_rule_alignment,8,0,0,8,0,0,8,8,0,0,0,"low_statement_source_overlap:8,effect_unknown:8,translation_status:untranslatable_noise:8"
zotero:4QHCLZ4R,TBL-20260216235105-028,suspect_rule_alignment,10,1,0,8,1,1,10,10,1,0,0,"low_statement_source_overlap:9,effect_unknown:9,translation_status:untranslatable_noise:9,translation_status:inferred:1,source_row_low_information:1"
zotero:4QHCLZ4R,TBL-20260216235105-029,suspect_rule_alignment,5,1,0,4,0,0,5,5,1,0,0,"low_statement_source_overlap:4,effect_unknown:4,translation_status:untranslatable_noise:4,translation_status:inferred:1"
zotero:4QHCLZ4R,TBL-20260216235105-030,suspect_rule_alignment,5,1,0,4,0,0,5,5,1,0,0,"low_statement_source_overlap:4,effect_unknown:4,translation_status:untranslatable_noise:4,translation_status:inferred:1"
zotero:6TNNU66U,TBL-20260216235131-001,suspect_rule_alignment,2,0,0,2,0,0,2,2,0,0,0,"low_statement_source_overlap:2,effect_unknown:2,translation_status:untranslatable_noise:2"
zotero:6TNNU66U,TBL-20260216235131-002,suspect_rule_alignment,9,0,0,9,0,0,9,9,0,0,0,"low_statement_source_overlap:9,effect_unknown:9,translation_status:untranslatable_noise:9"
zotero:6TNNU66U,TBL-20260216235131-003,suspect_rule_alignment,4,0,0,4,0,0,4,4,0,0,0,"low_statement_source_overlap:4,effect_unknown:4,translation_status:untranslatable_noise:4"
zotero:6TNNU66U,TBL-20260216235131-005,suspect_rule_alignment,2,0,0,2,0,0,2,2,0,0,0,"low_statement_source_overlap:2,effect_unknown:2,translation_status:untranslatable_noise:2"
zotero:6TNNU66U,TBL-20260216235131-006,suspect_rule_alignment,4,0,0,4,0,0,4,4,0,0,0,"effect_unknown:4,translation_status:untranslatable_noise:4,low_statement_source_overlap:3"
zotero:6TNNU66U,TBL-20260216235131-007,suspect_rule_alignment,6,0,0,6,0,0,6,6,0,0,0,"low_statement_source_overlap:6,effect_unknown:6,translation_status:untranslatable_noise:6"
zotero:6TNNU66U,TBL-20260216235131-010,suspect_rule_alignment,7,0,0,7,0,0,7,7,0,0,0,"low_statement_source_overlap:7,effect_unknown:7,translation_status:untranslatable_noise:7"
zotero:6TNNU66U,TBL-20260216235131-011,suspect_rule_alignment,2,0,0,2,0,0,2,2,0,0,0,"low_statement_source_overlap:2,effect_unknown:2,translation_status:untranslatable_noise:2"
zotero:BYQ83W2G,TBL-20260216235204-004,suspect_rule_alignment,1,0,0,1,0,0,1,1,0,0,0,"low_statement_source_overlap:1,effect_unknown:1,translation_status:untranslatable_noise:1"
zotero:BYQ83W2G,TBL-20260216235204-006,suspect_rule_alignment,5,0,1,4,0,1,5,5,1,0,0,"low_statement_source_overlap:4,effect_unknown:4,translation_status:untranslatable_noise:4,source_row_low_information:1,statement_low_information:1,translation_status:inferred:1"
zotero:BYQ83W2G,TBL-20260216235205-012,suspect_rule_alignment,4,1,0,3,0,0,4,4,1,0,0,"low_statement_source_overlap:3,effect_unknown:3,translation_status:untranslatable_noise:3,translation_status:inferred:1"
zotero:BYQ83W2G,TBL-20260216235206-016,suspect_rule_alignment,4,2,0,1,1,1,4,4,2,0,0,"low_statement_source_overlap:2,effect_unknown:2,translation_status:untranslatable_noise:2,translation_status:inferred:2,source_row_low_information:1"
zotero:FCWVA4AN,TBL-20260216235316-001,suspect_rule_alignment,1,0,0,1,0,0,1,1,0,0,0,"low_statement_source_overlap:1,effect_unknown:1,translation_status:untranslatable_noise:1"
zotero:FIZG8FDN,TBL-20260216235334-002,suspect_rule_alignment,2,0,0,2,0,0,2,2,0,0,0,"low_statement_source_overlap:2,effect_unknown:2,translation_status:untranslatable_noise:2"
zotero:FIZG8FDN,TBL-20260216235334-003,suspect_rule_alignment,5,0,0,5,0,0,5,5,0,0,0,"low_statement_source_overlap:5,effect_unknown:5,translation_status:untranslatable_noise:5"
zotero:FIZG8FDN,TBL-20260216235334-004,suspect_rule_alignment,6,0,0,5,1,1,6,6,0,0,0,"low_statement_source_overlap:6,effect_unknown:6,translation_status:untranslatable_noise:6,source_row_low_information:1"
zotero:FIZG8FDN,TBL-20260216235334-005,suspect_rule_alignment,1,0,0,1,0,0,1,1,0,0,0,"low_statement_source_overlap:1,effect_unknown:1,translation_status:untranslatable_noise:1"
zotero:FIZG8FDN,TBL-20260216235334-006,suspect_rule_alignment,5,0,0,3,2,2,5,5,0,0,0,"low_statement_source_overlap:5,effect_unknown:5,translation_status:untranslatable_noise:5,source_row_low_information:2"
zotero:Q5YDAT65,TBL-20260216235433-002,suspect_rule_alignment,17,1,0,16,0,0,17,17,1,0,0,"low_statement_source_overlap:16,effect_unknown:16,translation_status:untranslatable_noise:16,translation_status:inferred:1"
zotero:Q5YDAT65,TBL-20260216235434-007,suspect_rule_alignment,1,0,0,1,0,0,1,1,0,0,0,"low_statement_source_overlap:1,effect_unknown:1,translation_status:untranslatable_noise:1"
zotero:Q5YDAT65,TBL-20260216235434-010,suspect_rule_alignment,9,4,0,5,0,0,9,9,4,0,0,"low_statement_source_overlap:5,effect_unknown:5,translation_status:untranslatable_noise:5,translation_status:inferred:4"
zotero:Q5YDAT65,TBL-20260216235434-011,suspect_rule_alignment,16,1,0,14,1,1,16,16,1,0,0,"low_statement_source_overlap:15,effect_unknown:15,translation_status:untranslatable_noise:15,source_row_low_information:1,translation_status:inferred:1"
zotero:Q5YDAT65,TBL-20260216235434-014,suspect_rule_alignment,8,4,0,4,0,0,8,8,4,0,0,"low_statement_source_overlap:4,effect_unknown:4,translation_status:untranslatable_noise:4,translation_status:inferred:4"
zotero:TFKWSKYP,TBL-20260216235513-001,suspect_rule_alignment,7,0,0,6,1,1,7,7,0,0,0,"low_statement_source_overlap:7,effect_unknown:7,translation_status:untranslatable_noise:7,source_row_low_information:1"
zotero:TFKWSKYP,TBL-20260216235513-002,suspect_rule_alignment,1,0,0,1,0,0,1,1,0,0,0,"low_statement_source_overlap:1,effect_unknown:1,translation_status:untranslatable_noise:1"
zotero:TFKWSKYP,TBL-20260216235513-003,suspect_rule_alignment,4,0,0,4,0,0,4,4,0,0,0,"low_statement_source_overlap:4,effect_unknown:4,translation_status:untranslatable_noise:4"
zotero:TFKWSKYP,TBL-20260216235513-004,suspect_rule_alignment,4,0,0,4,0,0,4,4,0,0,0,"low_statement_source_overlap:4,effect_unknown:4,translation_status:untranslatable_noise:4"
zotero:TR3IUBWZ,TBL-20260216235535-001,suspect_rule_alignment,3,0,0,3,0,0,3,3,0,0,0,"low_statement_source_overlap:3,effect_unknown:3,translation_status:untranslatable_noise:3"
zotero:TR3IUBWZ,TBL-20260216235535-002,suspect_rule_alignment,1,0,0,1,0,0,1,1,0,0,0,"low_statement_source_overlap:1,effect_unknown:1,translation_status:untranslatable_noise:1"
zotero:TR3IUBWZ,TBL-20260216235535-003,suspect_rule_alignment,14,0,0,14,0,0,14,14,0,0,0,"low_statement_source_overlap:14,effect_unknown:14,translation_status:untranslatable_noise:14"
zotero:TR3IUBWZ,TBL-20260216235535-004,suspect_rule_alignment,1,0,0,1,0,0,1,1,0,0,0,"low_statement_source_overlap:1,effect_unknown:1,translation_status:untranslatable_noise:1"
zotero:UGQXI6YQ,TBL-20260216235553-001,suspect_rule_alignment,3,0,0,3,0,0,3,3,0,0,0,"low_statement_source_overlap:3,effect_unknown:3,translation_status:untranslatable_noise:3"
doi:10.1002/ad.2630,TBL-20260214095332-001,verified_mixed,3,2,1,0,0,1,3,3,3,0,0,"translation_status:inferred:3,source_row_low_information:1,statement_low_information:1"
doi:10.1002/ad.2630,TBL-20260214112726-001,verified_mixed,3,2,1,0,0,1,3,3,3,0,0,"translation_status:inferred:3,source_row_low_information:1,statement_low_information:1"
doi:10.1002/ad.2630,TBL-20260214112744-001,verified_mixed,3,2,1,0,0,1,3,3,3,0,0,"translation_status:inferred:3,source_row_low_information:1,statement_low_information:1"
doi:10.1002/ad.2630,TBL-20260214131921-001,verified_mixed,3,2,1,0,0,1,3,3,3,0,0,"translation_status:inferred:3,source_row_low_information:1,statement_low_information:1"
doi:10.1002/mar.20709,TBL-20260214094714-001,verified_mixed,3,2,1,0,0,1,3,3,3,0,0,"translation_status:inferred:3,source_row_low_information:1,statement_low_information:1"
doi:10.1002/mar.20709,TBL-20260214110352-001,verified_mixed,3,2,1,0,0,1,3,3,3,0,0,"translation_status:inferred:3,source_row_low_information:1,statement_low_information:1"
doi:10.1002/mar.20709,TBL-20260214131521-001,verified_mixed,3,2,1,0,0,1,3,3,3,0,0,"translation_status:inferred:3,source_row_low_information:1,statement_low_information:1"
doi:10.1006/jevp.1996.0032,TBL-20260216225846-005,verified_mixed,1,0,1,0,0,1,1,1,1,0,0,"source_row_low_information:1,statement_low_information:1,translation_status:inferred:1"
doi:10.1006/jsvi.2001.4166,TBL-20260216195217-001,verified_mixed,1,0,1,0,0,1,1,1,1,0,0,"source_row_low_information:1,statement_low_information:1,translation_status:inferred:1"
doi:10.1007/978-3-319-45430-6,TBL-20260216230028-011,verified_mixed,11,9,0,2,0,0,11,11,9,0,0,"translation_status:inferred:9,low_statement_source_overlap:2,effect_unknown:2,translation_status:untranslatable_noise:2"
doi:10.1007/978-3-319-45430-6,TBL-20260216230029-013,verified_mixed,40,36,0,4,0,0,40,40,36,0,0,"translation_status:inferred:36,low_statement_source_overlap:4,effect_unknown:4,translation_status:untranslatable_noise:4"
doi:10.1007/978-3-319-45430-6,TBL-20260216230029-015,verified_mixed,34,31,0,3,0,0,34,34,31,0,0,"translation_status:inferred:31,low_statement_source_overlap:3,effect_unknown:3,translation_status:untranslatable_noise:3"
doi:10.1007/978-981-99-4638-9_27-1,TBL-20260216195654-002,verified_mixed,1,0,1,0,0,1,1,1,1,0,0,"source_row_low_information:1,statement_low_information:1,translation_status:noncausal:1"
doi:10.1007/s00226-021-01320-7,TBL-20260216230153-009,verified_mixed,1,0,1,0,0,1,1,1,1,0,0,"source_row_low_information:1,statement_low_information:1,translation_status:noncausal:1"
doi:10.1007/s11229-019-02131-x,TBL-20260216230306-004,verified_mixed,1,0,1,0,0,1,1,1,1,0,0,"source_row_low_information:1,statement_low_information:1,translation_status:noncausal:1"
doi:10.1007/s11406-017-9841-0,TBL-20260216230321-019,verified_mixed,2,0,2,0,0,0,2,2,2,0,0,translation_status:noncausal:2
doi:10.1007/s11406-017-9841-0,TBL-20260216230333-062,verified_mixed,2,0,2,0,0,1,2,2,2,0,0,"translation_status:noncausal:2,source_row_low_information:1,low_statement_source_overlap:1"
doi:10.1007/s11406-017-9841-0,TBL-20260216230339-072,verified_mixed,1,0,1,0,0,0,1,1,1,0,0,translation_status:noncausal:1
doi:10.1007/s42413-024-00204-5,TBL-20260216195858-001,verified_mixed,1,0,1,0,0,1,1,1,1,0,0,"source_row_low_information:1,statement_low_information:1,translation_status:inferred:1"
doi:10.1007/s42413-024-00204-5,TBL-20260216195858-002,verified_mixed,1,0,1,0,0,1,1,1,1,0,0,"source_row_low_information:1,statement_low_information:1,translation_status:inferred:1"
doi:10.1007/s42413-024-00204-5,TBL-20260216195859-003,verified_mixed,2,0,2,0,0,2,2,2,2,0,0,"source_row_low_information:2,statement_low_information:2,translation_status:inferred:2"
doi:10.1007/s42413-024-00204-5,TBL-20260216195859-004,verified_mixed,2,1,1,0,0,1,2,2,2,0,0,"translation_status:inferred:2,source_row_low_information:1,statement_low_information:1"
doi:10.1007/s42413-024-00204-5,TBL-20260216195859-005,verified_mixed,1,0,1,0,0,1,1,1,1,0,0,"source_row_low_information:1,statement_low_information:1,translation_status:noncausal:1"
doi:10.1007/s42413-024-00204-5,TBL-20260216195859-006,verified_mixed,2,0,2,0,0,2,2,2,2,0,0,"source_row_low_information:2,statement_low_information:2,translation_status:inferred:2"
doi:10.1007/s42413-024-00204-5,TBL-20260216195859-007,verified_mixed,2,1,1,0,0,1,2,2,2,0,0,"translation_status:inferred:2,source_row_low_information:1,statement_low_information:1"
doi:10.1016/b978-0-444-53817-8.00007-4,TBL-20260216230511-002,verified_mixed,1,0,1,0,0,0,1,0,1,0,0,"outcome_unresolved:1,translation_status:inferred:1"
doi:10.1016/j.actpsy.2021.103285,TBL-20260216230532-017,verified_mixed,29,27,0,1,1,1,29,29,27,0,0,"translation_status:inferred:25,low_statement_source_overlap:2,effect_unknown:2,translation_status:untranslatable_noise:2,translation_status:fuzzy:2,source_row_low_information:1"
doi:10.1016/j.actpsy.2021.103285,TBL-20260216230532-018,verified_mixed,28,27,0,1,0,0,28,28,27,0,0,"translation_status:inferred:25,translation_status:fuzzy:2,low_statement_source_overlap:1,effect_unknown:1,translation_status:untranslatable_noise:1"
doi:10.1016/j.compfluid.2019.06.031,TBL-20260216230625-003,verified_mixed,5,4,0,1,0,0,5,5,4,0,0,"translation_status:inferred:4,low_statement_source_overlap:1,effect_unknown:1,translation_status:untranslatable_noise:1"
doi:10.1016/j.erss.2016.02.008,TBL-20260216230728-001,verified_mixed,1,0,1,0,0,1,1,1,1,0,0,"source_row_low_information:1,statement_low_information:1,translation_status:noncausal:1"
doi:10.1016/j.neuropsychologia.2014.08.030,TBL-20260216230754-001,verified_mixed,4,3,1,0,0,0,4,3,4,0,0,"translation_status:inferred:4,outcome_unresolved:1"
doi:10.1016/j.neuropsychologia.2014.08.030,TBL-20260216230755-003,verified_mixed,3,2,1,0,0,1,3,3,3,0,0,"translation_status:inferred:3,source_row_low_information:1,statement_low_information:1"
doi:10.1016/j.neuropsychologia.2014.08.030,TBL-20260216230755-004,verified_mixed,1,0,1,0,0,1,1,1,1,0,0,"source_row_low_information:1,statement_low_information:1,translation_status:inferred:1"
doi:10.1016/j.neuropsychologia.2014.08.030,TBL-20260216230757-011,verified_mixed,6,5,1,0,0,1,6,6,6,0,0,"translation_status:inferred:6,source_row_low_information:1,statement_low_information:1"
doi:10.1016/j.neuropsychologia.2014.08.030,TBL-20260216230801-014,verified_mixed,17,15,0,1,1,1,17,17,15,0,0,"translation_status:inferred:15,low_statement_source_overlap:2,effect_unknown:2,translation_status:untranslatable_noise:2,source_row_low_information:1"
doi:10.1016/j.neuropsychologia.2014.08.030,TBL-20260216230802-017,verified_mixed,1,0,1,0,0,1,1,1,1,0,0,"source_row_low_information:1,statement_low_information:1,translation_status:noncausal:1"
doi:10.1016/j.neuropsychologia.2014.08.030,TBL-20260216230806-019,verified_mixed,26,25,0,0,1,1,26,25,25,0,0,"translation_status:inferred:25,source_row_low_information:1,low_statement_source_overlap:1,outcome_unresolved:1,effect_unknown:1,translation_status:untranslatable_noise:1"
doi:10.1016/j.neuropsychologia.2014.08.030,TBL-20260216230811-027,verified_mixed,10,8,2,0,0,2,10,10,10,0,0,"translation_status:inferred:10,source_row_low_information:2,statement_low_information:2"
doi:10.1016/j.neuropsychologia.2014.08.030,TBL-20260216230811-028,verified_mixed,1,0,1,0,0,1,1,1,1,0,0,"source_row_low_information:1,statement_low_information:1,translation_status:inferred:1"
doi:10.1016/j.neuropsychologia.2014.08.030,TBL-20260216230811-031,verified_mixed,1,0,1,0,0,1,1,1,1,0,0,"source_row_low_information:1,statement_low_information:1,translation_status:inferred:1"
doi:10.1016/j.neuropsychologia.2014.08.030,TBL-20260216230811-032,verified_mixed,3,2,0,1,0,0,3,3,2,0,0,"translation_status:inferred:2,low_statement_source_overlap:1,effect_unknown:1,translation_status:untranslatable_noise:1"
doi:10.1016/j.neuropsychologia.2014.08.030,TBL-20260216230811-040,verified_mixed,1,0,1,0,0,1,1,1,1,0,0,"source_row_low_information:1,statement_low_information:1,translation_status:inferred:1"
doi:10.1016/j.neuropsychologia.2014.08.030,TBL-20260216230812-071,verified_mixed,4,2,2,0,0,2,4,4,4,0,0,"translation_status:inferred:4,source_row_low_information:2,statement_low_information:2"
doi:10.1016/j.neuropsychologia.2014.08.030,TBL-20260216230812-077,verified_mixed,34,32,2,0,0,2,34,34,34,0,0,"translation_status:inferred:34,source_row_low_information:2,statement_low_information:2"
doi:10.1016/j.neuropsychologia.2014.08.030,TBL-20260216230813-081,verified_mixed,6,4,0,0,2,2,6,4,4,0,0,"translation_status:inferred:4,source_row_low_information:2,low_statement_source_overlap:2,outcome_unresolved:2,effect_unknown:2,translation_status:untranslatable_noise:2"
doi:10.1016/j.neuropsychologia.2014.08.030,TBL-20260216230814-085,verified_mixed,6,4,2,0,0,2,6,6,6,0,0,"translation_status:inferred:6,source_row_low_information:2,statement_low_information:2"
doi:10.1016/j.neuropsychologia.2014.08.030,TBL-20260216230815-090,verified_mixed,1,0,1,0,0,1,1,1,1,0,0,"source_row_low_information:1,statement_low_information:1,translation_status:inferred:1"
doi:10.1017/jmo.2021.17,TBL-20260214094423-006,verified_mixed,5,0,5,0,0,0,5,5,5,0,0,translation_status:noncausal:5
doi:10.1017/jmo.2021.17,TBL-20260214100630-006,verified_mixed,5,0,5,0,0,0,5,5,5,0,0,translation_status:noncausal:5
doi:10.1017/jmo.2021.17,TBL-20260214101156-006,verified_mixed,5,0,5,0,0,0,5,5,5,0,0,translation_status:noncausal:5
doi:10.1017/jmo.2021.17,TBL-20260214122257-006,verified_mixed,5,0,5,0,0,0,5,5,5,0,0,translation_status:noncausal:5
doi:10.1037/0033-295x.113.2.358,TBL-20260216230825-011,verified_mixed,11,9,0,2,0,0,11,11,9,0,0,"translation_status:inferred:9,low_statement_source_overlap:2,effect_unknown:2,translation_status:untranslatable_noise:2"
doi:10.1037/0033-295x.113.2.358,TBL-20260216230828-013,verified_mixed,40,36,0,4,0,0,40,40,36,0,0,"translation_status:inferred:36,low_statement_source_overlap:4,effect_unknown:4,translation_status:untranslatable_noise:4"
doi:10.1037/0033-295x.113.2.358,TBL-20260216230829-015,verified_mixed,34,31,0,3,0,0,34,34,31,0,0,"translation_status:inferred:31,low_statement_source_overlap:3,effect_unknown:3,translation_status:untranslatable_noise:3"
doi:10.1038/s41598-022-20649-y,TBL-20260216231047-003,verified_mixed,16,15,0,1,0,0,16,16,15,0,0,"translation_status:inferred:15,low_statement_source_overlap:1,effect_unknown:1,translation_status:untranslatable_noise:1"
doi:10.1068/b33050,TBL-20260216231102-001,verified_mixed,1,0,1,0,0,1,1,1,1,0,0,"source_row_low_information:1,statement_low_information:1,translation_status:noncausal:1"
doi:10.1073/pnas.1418490112,TBL-20260216200409-001,verified_mixed,1,0,1,0,0,1,1,1,1,0,0,"source_row_low_information:1,statement_low_information:1,translation_status:noncausal:1"
doi:10.1073/pnas.2112318119,TBL-20260216231153-013,verified_mixed,1,0,1,0,0,1,1,1,1,0,0,"source_row_low_information:1,statement_low_information:1,translation_status:inferred:1"
doi:10.1073/pnas.2112318119,TBL-20260216231154-016,verified_mixed,13,11,1,0,1,2,13,13,12,0,0,"translation_status:inferred:12,source_row_low_information:2,statement_low_information:1,low_statement_source_overlap:1,effect_unknown:1,translation_status:untranslatable_noise:1"
doi:10.1080/01944363.2018.1526644,TBL-20260216200451-001,verified_mixed,1,0,1,0,0,1,1,1,1,0,0,"source_row_low_information:1,statement_low_information:1,translation_status:noncausal:1"
doi:10.1080/17508975.2020.1732859,TBL-20260216231238-003,verified_mixed,1,0,1,0,0,1,1,1,1,0,0,"source_row_low_information:1,low_statement_source_overlap:1,translation_status:noncausal:1"
doi:10.1080/17508975.2020.1732859,TBL-20260216231238-005,verified_mixed,16,14,0,2,0,0,16,16,14,0,0,"translation_status:inferred:14,low_statement_source_overlap:2,effect_unknown:2,translation_status:untranslatable_noise:2"
doi:10.1080/17508975.2020.1732859,TBL-20260216231239-007,verified_mixed,1,0,1,0,0,1,1,1,1,0,0,"source_row_low_information:1,statement_low_information:1,translation_status:noncausal:1"
doi:10.1080/17508975.2020.1732859,TBL-20260216231240-013,verified_mixed,24,23,0,0,1,1,24,24,23,0,0,"translation_status:inferred:23,source_row_low_information:1,low_statement_source_overlap:1,effect_unknown:1,translation_status:untranslatable_noise:1"
doi:10.1098/rsos.240762,TBL-20260216231703-013,verified_mixed,10,9,0,0,1,1,10,10,9,0,0,"translation_status:inferred:9,source_row_low_information:1,low_statement_source_overlap:1,effect_unknown:1,translation_status:untranslatable_noise:1"
doi:10.1098/rsos.240762,TBL-20260216231703-045,verified_mixed,1,0,1,0,0,1,1,1,1,0,0,"source_row_low_information:1,statement_low_information:1,translation_status:noncausal:1"
doi:10.1098/rsos.240762,TBL-20260216231704-072,verified_mixed,3,0,3,0,0,0,3,3,3,0,0,translation_status:noncausal:3
doi:10.1111/cogs.12518,TBL-20260216231834-008,verified_mixed,4,2,2,0,0,2,4,4,4,0,0,"translation_status:inferred:4,source_row_low_information:2,statement_low_information:2"
doi:10.1111/cogs.12518,TBL-20260216231834-009,verified_mixed,3,2,0,0,1,1,3,3,2,0,0,"translation_status:inferred:2,source_row_low_information:1,low_statement_source_overlap:1,effect_unknown:1,translation_status:untranslatable_noise:1"
doi:10.1111/cogs.12518,TBL-20260216231834-018,verified_mixed,3,2,1,0,0,1,3,3,3,0,0,"translation_status:inferred:2,translation_status:fuzzy:1,source_row_low_information:1,statement_low_information:1"
doi:10.1111/cogs.12518,TBL-20260216231834-020,verified_mixed,3,2,0,0,1,1,3,2,2,0,0,"translation_status:inferred:2,source_row_low_information:1,low_statement_source_overlap:1,outcome_unresolved:1,effect_unknown:1,translation_status:untranslatable_noise:1"
doi:10.1111/cogs.12518,TBL-20260216231834-021,verified_mixed,4,3,0,0,1,1,4,4,3,0,0,"translation_status:inferred:3,source_row_low_information:1,low_statement_source_overlap:1,effect_unknown:1,translation_status:untranslatable_noise:1"
doi:10.1111/cogs.12518,TBL-20260216231834-022,verified_mixed,4,3,0,0,1,1,4,4,3,0,0,"translation_status:inferred:3,source_row_low_information:1,low_statement_source_overlap:1,effect_unknown:1,translation_status:untranslatable_noise:1"
doi:10.1111/cogs.12518,TBL-20260216231834-023,verified_mixed,6,4,1,0,1,2,6,5,5,0,0,"translation_status:inferred:5,source_row_low_information:2,statement_low_information:1,low_statement_source_overlap:1,outcome_unresolved:1,effect_unknown:1"
doi:10.1111/cogs.12518,TBL-20260216231835-028,verified_mixed,5,4,0,0,1,1,5,4,4,0,0,"translation_status:inferred:3,translation_status:fuzzy:1,source_row_low_information:1,low_statement_source_overlap:1,outcome_unresolved:1,effect_unknown:1"
doi:10.1111/cogs.12518,TBL-20260216231835-029,verified_mixed,2,1,1,0,0,1,2,2,2,0,0,"translation_status:inferred:1,source_row_low_information:1,statement_low_information:1,translation_status:fuzzy:1"
doi:10.1111/cogs.12518,TBL-20260216231835-031,verified_mixed,3,1,2,0,0,2,3,3,3,0,0,"translation_status:inferred:3,source_row_low_information:2,statement_low_information:2"
doi:10.1111/cogs.12518,TBL-20260216231835-034,verified_mixed,4,3,0,0,1,1,4,4,3,0,0,"translation_status:inferred:2,translation_status:fuzzy:1,source_row_low_information:1,low_statement_source_overlap:1,effect_unknown:1,translation_status:untranslatable_noise:1"
doi:10.1111/cogs.12518,TBL-20260216231835-035,verified_mixed,4,3,0,0,1,1,4,3,3,0,0,"translation_status:inferred:3,source_row_low_information:1,low_statement_source_overlap:1,outcome_unresolved:1,effect_unknown:1,translation_status:untranslatable_noise:1"
doi:10.1111/cogs.12518,TBL-20260216231835-036,verified_mixed,3,2,0,0,1,1,3,3,2,0,0,"translation_status:inferred:2,source_row_low_information:1,low_statement_source_overlap:1,effect_unknown:1,translation_status:untranslatable_noise:1"
doi:10.1111/cogs.12518,TBL-20260216231835-037,verified_mixed,4,3,0,0,1,1,4,3,3,0,0,"translation_status:inferred:3,source_row_low_information:1,low_statement_source_overlap:1,outcome_unresolved:1,effect_unknown:1,translation_status:untranslatable_noise:1"
doi:10.1111/cogs.12518,TBL-20260216231835-038,verified_mixed,3,2,0,0,1,1,3,2,2,0,0,"translation_status:inferred:2,source_row_low_information:1,low_statement_source_overlap:1,outcome_unresolved:1,effect_unknown:1,translation_status:untranslatable_noise:1"
doi:10.1111/cogs.12518,TBL-20260216231835-040,verified_mixed,3,2,1,0,0,1,3,3,3,0,0,"translation_status:inferred:3,source_row_low_information:1,statement_low_information:1"
doi:10.1111/cogs.12518,TBL-20260216231835-041,verified_mixed,5,3,2,0,0,2,5,5,5,0,0,"translation_status:inferred:5,source_row_low_information:2,statement_low_information:2"
doi:10.1111/cogs.12518,TBL-20260216231835-042,verified_mixed,5,3,0,1,1,1,5,4,3,0,0,"translation_status:fuzzy:3,low_statement_source_overlap:2,effect_unknown:2,translation_status:untranslatable_noise:2,source_row_low_information:1,outcome_unresolved:1"
doi:10.1111/cogs.12518,TBL-20260216231835-044,verified_mixed,3,2,0,0,1,1,3,3,2,0,0,"translation_status:inferred:2,source_row_low_information:1,low_statement_source_overlap:1,effect_unknown:1,translation_status:untranslatable_noise:1"
doi:10.1111/cogs.12518,TBL-20260216231835-045,verified_mixed,4,3,0,0,1,1,4,3,3,0,0,"translation_status:inferred:2,translation_status:fuzzy:1,source_row_low_information:1,low_statement_source_overlap:1,outcome_unresolved:1,effect_unknown:1"
doi:10.1111/cogs.12518,TBL-20260216231835-046,verified_mixed,7,6,0,0,1,1,7,6,6,0,0,"translation_status:inferred:6,source_row_low_information:1,low_statement_source_overlap:1,outcome_unresolved:1,effect_unknown:1,translation_status:untranslatable_noise:1"
doi:10.1111/cogs.12518,TBL-20260216231835-047,verified_mixed,3,2,0,0,1,1,3,3,2,0,0,"translation_status:inferred:2,source_row_low_information:1,low_statement_source_overlap:1,effect_unknown:1,translation_status:untranslatable_noise:1"
doi:10.1111/cogs.12518,TBL-20260216231835-048,verified_mixed,4,3,0,0,1,1,4,3,3,0,0,"translation_status:inferred:3,source_row_low_information:1,low_statement_source_overlap:1,outcome_unresolved:1,effect_unknown:1,translation_status:untranslatable_noise:1"
doi:10.1111/cogs.12518,TBL-20260216231835-050,verified_mixed,4,2,1,0,1,2,4,4,3,0,0,"translation_status:inferred:3,source_row_low_information:2,low_statement_source_overlap:1,effect_unknown:1,translation_status:untranslatable_noise:1,statement_low_information:1"
doi:10.1111/cogs.12518,TBL-20260216231835-051,verified_mixed,6,5,0,0,1,1,6,6,5,0,0,"translation_status:inferred:5,source_row_low_information:1,low_statement_source_overlap:1,effect_unknown:1,translation_status:untranslatable_noise:1"
doi:10.1111/cogs.12518,TBL-20260216231835-053,verified_mixed,3,2,0,0,1,1,3,2,2,0,0,"translation_status:inferred:2,source_row_low_information:1,low_statement_source_overlap:1,outcome_unresolved:1,effect_unknown:1,translation_status:untranslatable_noise:1"
doi:10.1111/cogs.12518,TBL-20260216231835-056,verified_mixed,4,3,1,0,0,1,4,4,4,0,0,"translation_status:inferred:3,translation_status:fuzzy:1,source_row_low_information:1,statement_low_information:1"
doi:10.1111/cogs.12518,TBL-20260216231835-058,verified_mixed,6,5,0,0,1,1,6,5,5,0,0,"translation_status:inferred:4,translation_status:fuzzy:1,source_row_low_information:1,low_statement_source_overlap:1,outcome_unresolved:1,effect_unknown:1"
doi:10.1111/cogs.12518,TBL-20260216231835-060,verified_mixed,4,2,1,0,1,2,4,3,3,0,0,"translation_status:inferred:3,source_row_low_information:2,statement_low_information:1,low_statement_source_overlap:1,outcome_unresolved:1,effect_unknown:1"
doi:10.1111/cogs.12518,TBL-20260216231835-061,verified_mixed,5,4,0,0,1,1,5,4,4,0,0,"translation_status:inferred:4,source_row_low_information:1,low_statement_source_overlap:1,outcome_unresolved:1,effect_unknown:1,translation_status:untranslatable_noise:1"
doi:10.1111/cogs.12518,TBL-20260216231835-062,verified_mixed,2,1,1,0,0,1,2,2,2,0,0,"translation_status:inferred:2,source_row_low_information:1,statement_low_information:1"
doi:10.1111/cogs.12518,TBL-20260216231835-063,verified_mixed,3,2,0,0,1,1,3,3,2,0,0,"translation_status:inferred:2,source_row_low_information:1,low_statement_source_overlap:1,effect_unknown:1,translation_status:untranslatable_noise:1"
doi:10.1111/cogs.12518,TBL-20260216231835-066,verified_mixed,2,1,1,0,0,1,2,2,2,0,0,"translation_status:inferred:2,source_row_low_information:1,statement_low_information:1"
doi:10.1111/cogs.12518,TBL-20260216231835-067,verified_mixed,3,2,0,0,1,1,3,3,2,0,0,"translation_status:inferred:2,source_row_low_information:1,low_statement_source_overlap:1,effect_unknown:1,translation_status:untranslatable_noise:1"
doi:10.1111/cogs.12518,TBL-20260216231835-068,verified_mixed,3,2,0,0,1,1,3,2,2,0,0,"translation_status:inferred:2,source_row_low_information:1,low_statement_source_overlap:1,outcome_unresolved:1,effect_unknown:1,translation_status:untranslatable_noise:1"
doi:10.1111/cogs.12518,TBL-20260216231835-070,verified_mixed,3,2,0,0,1,1,3,3,2,0,0,"translation_status:inferred:2,source_row_low_information:1,low_statement_source_overlap:1,effect_unknown:1,translation_status:untranslatable_noise:1"
doi:10.1111/cogs.12518,TBL-20260216231835-071,verified_mixed,4,3,0,0,1,1,4,3,3,0,0,"translation_status:inferred:3,source_row_low_information:1,low_statement_source_overlap:1,outcome_unresolved:1,effect_unknown:1,translation_status:untranslatable_noise:1"
doi:10.1111/cogs.12518,TBL-20260216231835-072,verified_mixed,5,4,1,0,0,1,5,5,5,0,0,"translation_status:inferred:5,source_row_low_information:1,statement_low_information:1"
doi:10.1111/cogs.12518,TBL-20260216231835-074,verified_mixed,3,2,1,0,0,1,3,3,3,0,0,"translation_status:inferred:2,translation_status:fuzzy:1,source_row_low_information:1,statement_low_information:1"
doi:10.1111/cogs.12518,TBL-20260216231835-075,verified_mixed,3,2,0,0,1,1,3,3,2,0,0,"translation_status:inferred:2,source_row_low_information:1,low_statement_source_overlap:1,effect_unknown:1,translation_status:untranslatable_noise:1"
doi:10.1111/cogs.12518,TBL-20260216231835-076,verified_mixed,6,5,0,0,1,1,6,5,5,0,0,"translation_status:fuzzy:3,translation_status:inferred:2,source_row_low_information:1,low_statement_source_overlap:1,outcome_unresolved:1,effect_unknown:1"
doi:10.1111/cogs.12518,TBL-20260216231835-077,verified_mixed,3,2,0,0,1,1,3,3,2,0,0,"translation_status:fuzzy:1,translation_status:inferred:1,source_row_low_information:1,low_statement_source_overlap:1,effect_unknown:1,translation_status:untranslatable_noise:1"
doi:10.1111/cogs.12518,TBL-20260216231835-078,verified_mixed,2,1,1,0,0,1,2,2,2,0,0,"translation_status:inferred:2,source_row_low_information:1,statement_low_information:1"
doi:10.1111/cogs.12518,TBL-20260216231835-080,verified_mixed,5,3,0,0,2,2,5,4,3,0,0,"translation_status:inferred:3,source_row_low_information:2,low_statement_source_overlap:2,effect_unknown:2,translation_status:untranslatable_noise:2,outcome_unresolved:1"
doi:10.1111/cogs.12518,TBL-20260216231835-081,verified_mixed,4,3,0,0,1,1,4,4,3,0,0,"translation_status:inferred:3,source_row_low_information:1,low_statement_source_overlap:1,effect_unknown:1,translation_status:untranslatable_noise:1"
doi:10.1111/cogs.12518,TBL-20260216231836-082,verified_mixed,3,2,0,0,1,1,3,2,2,0,0,"translation_status:inferred:2,source_row_low_information:1,low_statement_source_overlap:1,outcome_unresolved:1,effect_unknown:1,translation_status:untranslatable_noise:1"
doi:10.1111/cogs.12518,TBL-20260216231836-084,verified_mixed,3,2,0,0,1,1,3,3,2,0,0,"translation_status:inferred:2,source_row_low_information:1,low_statement_source_overlap:1,effect_unknown:1,translation_status:untranslatable_noise:1"
doi:10.1111/cogs.12518,TBL-20260216231836-085,verified_mixed,4,3,0,0,1,1,4,4,3,0,0,"translation_status:inferred:3,source_row_low_information:1,low_statement_source_overlap:1,effect_unknown:1,translation_status:untranslatable_noise:1"
doi:10.1111/cogs.12518,TBL-20260216231836-087,verified_mixed,5,3,1,1,0,1,5,5,4,0,0,"translation_status:inferred:4,low_statement_source_overlap:1,effect_unknown:1,translation_status:untranslatable_noise:1,source_row_low_information:1,statement_low_information:1"
doi:10.1111/cogs.12518,TBL-20260216231836-088,verified_mixed,2,1,1,0,0,1,2,2,2,0,0,"translation_status:fuzzy:1,source_row_low_information:1,statement_low_information:1,translation_status:inferred:1"
doi:10.1111/cogs.12518,TBL-20260216231836-089,verified_mixed,4,3,0,0,1,1,4,3,3,0,0,"translation_status:inferred:3,source_row_low_information:1,low_statement_source_overlap:1,outcome_unresolved:1,effect_unknown:1,translation_status:untranslatable_noise:1"
doi:10.1111/cogs.12518,TBL-20260216231836-090,verified_mixed,4,3,0,0,1,1,4,4,3,0,0,"translation_status:inferred:3,source_row_low_information:1,low_statement_source_overlap:1,effect_unknown:1,translation_status:untranslatable_noise:1"
doi:10.1111/cogs.12518,TBL-20260216231836-091,verified_mixed,5,3,1,0,1,2,5,5,4,0,0,"translation_status:inferred:4,source_row_low_information:2,statement_low_information:1,low_statement_source_overlap:1,effect_unknown:1,translation_status:untranslatable_noise:1"
doi:10.1111/cogs.12518,TBL-20260216231836-092,verified_mixed,3,2,1,0,0,1,3,3,3,0,0,"translation_status:inferred:3,source_row_low_information:1,statement_low_information:1"
doi:10.1111/cogs.12518,TBL-20260216231836-093,verified_mixed,4,3,0,0,1,1,4,3,3,0,0,"translation_status:inferred:3,source_row_low_information:1,low_statement_source_overlap:1,outcome_unresolved:1,effect_unknown:1,translation_status:untranslatable_noise:1"
doi:10.1111/cogs.12518,TBL-20260216231836-094,verified_mixed,3,2,0,0,1,1,3,2,2,0,0,"translation_status:inferred:2,source_row_low_information:1,low_statement_source_overlap:1,outcome_unresolved:1,effect_unknown:1,translation_status:untranslatable_noise:1"
doi:10.1111/cogs.12518,TBL-20260216231836-095,verified_mixed,4,3,0,0,1,1,4,3,3,0,0,"translation_status:inferred:3,source_row_low_information:1,low_statement_source_overlap:1,outcome_unresolved:1,effect_unknown:1,translation_status:untranslatable_noise:1"
doi:10.1111/cogs.12518,TBL-20260216231836-096,verified_mixed,4,3,1,0,0,1,4,4,4,0,0,"translation_status:inferred:4,source_row_low_information:1,statement_low_information:1"
doi:10.1111/cogs.12518,TBL-20260216231836-097,verified_mixed,3,2,0,0,1,1,3,3,2,0,0,"translation_status:inferred:2,source_row_low_information:1,low_statement_source_overlap:1,effect_unknown:1,translation_status:untranslatable_noise:1"
doi:10.1111/cogs.12518,TBL-20260216231836-098,verified_mixed,5,4,1,0,0,1,5,5,5,0,0,"translation_status:inferred:5,source_row_low_information:1,statement_low_information:1"
doi:10.1111/cogs.12518,TBL-20260216231836-099,verified_mixed,2,1,1,0,0,1,2,2,2,0,0,"translation_status:inferred:2,source_row_low_information:1,statement_low_information:1"
doi:10.1111/cogs.12518,TBL-20260216231836-100,verified_mixed,3,2,0,0,1,1,3,2,2,0,0,"translation_status:inferred:2,source_row_low_information:1,low_statement_source_overlap:1,outcome_unresolved:1,effect_unknown:1,translation_status:untranslatable_noise:1"
doi:10.1111/cogs.12518,TBL-20260216231836-101,verified_mixed,4,3,0,0,1,1,4,3,3,0,0,"translation_status:inferred:3,source_row_low_information:1,low_statement_source_overlap:1,outcome_unresolved:1,effect_unknown:1,translation_status:untranslatable_noise:1"
doi:10.1111/cogs.12518,TBL-20260216231836-102,verified_mixed,2,1,1,0,0,1,2,2,2,0,0,"translation_status:inferred:2,source_row_low_information:1,statement_low_information:1"
doi:10.1111/cogs.12518,TBL-20260216231836-103,verified_mixed,4,2,1,0,1,2,4,3,3,0,0,"translation_status:inferred:3,source_row_low_information:2,statement_low_information:1,low_statement_source_overlap:1,outcome_unresolved:1,effect_unknown:1"
doi:10.1111/cogs.12518,TBL-20260216231836-104,verified_mixed,4,3,0,0,1,1,4,4,3,0,0,"translation_status:inferred:3,source_row_low_information:1,low_statement_source_overlap:1,effect_unknown:1,translation_status:untranslatable_noise:1"
doi:10.1111/cogs.12518,TBL-20260216231836-108,verified_mixed,4,3,0,0,1,1,4,3,3,0,0,"translation_status:inferred:3,source_row_low_information:1,low_statement_source_overlap:1,outcome_unresolved:1,effect_unknown:1,translation_status:untranslatable_noise:1"
doi:10.1111/cogs.12518,TBL-20260216231836-109,verified_mixed,5,4,0,0,1,1,5,5,4,0,0,"translation_status:inferred:3,translation_status:fuzzy:1,source_row_low_information:1,low_statement_source_overlap:1,effect_unknown:1,translation_status:untranslatable_noise:1"
doi:10.1111/cogs.12518,TBL-20260216231836-110,verified_mixed,3,2,1,0,0,1,3,3,3,0,0,"translation_status:inferred:3,source_row_low_information:1,statement_low_information:1"
doi:10.1111/cogs.12518,TBL-20260216231836-111,verified_mixed,4,3,0,0,1,1,4,4,3,0,0,"translation_status:inferred:3,source_row_low_information:1,low_statement_source_overlap:1,effect_unknown:1,translation_status:untranslatable_noise:1"
doi:10.1111/cogs.12518,TBL-20260216231836-112,verified_mixed,5,4,0,0,1,1,5,4,4,0,0,"translation_status:inferred:3,translation_status:fuzzy:1,source_row_low_information:1,low_statement_source_overlap:1,outcome_unresolved:1,effect_unknown:1"
doi:10.1111/cogs.12518,TBL-20260216231836-113,verified_mixed,3,2,0,0,1,1,3,3,2,0,0,"translation_status:inferred:2,source_row_low_information:1,low_statement_source_overlap:1,effect_unknown:1,translation_status:untranslatable_noise:1"
doi:10.1111/cogs.12518,TBL-20260216231836-114,verified_mixed,4,3,0,0,1,1,4,3,3,0,0,"translation_status:inferred:3,source_row_low_information:1,low_statement_source_overlap:1,outcome_unresolved:1,effect_unknown:1,translation_status:untranslatable_noise:1"
doi:10.1111/cogs.12518,TBL-20260216231836-115,verified_mixed,5,4,0,0,1,1,5,5,4,0,0,"translation_status:inferred:3,translation_status:fuzzy:1,source_row_low_information:1,low_statement_source_overlap:1,effect_unknown:1,translation_status:untranslatable_noise:1"
doi:10.1111/cogs.12518,TBL-20260216231836-116,verified_mixed,4,3,1,0,0,1,4,4,4,0,0,"translation_status:inferred:4,source_row_low_information:1,statement_low_information:1"
doi:10.1111/cogs.12518,TBL-20260216231836-119,verified_mixed,4,3,0,0,1,1,4,4,3,0,0,"translation_status:fuzzy:2,translation_status:inferred:1,source_row_low_information:1,low_statement_source_overlap:1,effect_unknown:1,translation_status:untranslatable_noise:1"
doi:10.1111/cogs.12518,TBL-20260216231836-120,verified_mixed,4,3,0,0,1,1,4,3,3,0,0,"translation_status:inferred:3,source_row_low_information:1,low_statement_source_overlap:1,outcome_unresolved:1,effect_unknown:1,translation_status:untranslatable_noise:1"
doi:10.1111/cogs.12518,TBL-20260216231836-121,verified_mixed,5,4,0,0,1,1,5,4,4,0,0,"translation_status:inferred:4,source_row_low_information:1,low_statement_source_overlap:1,outcome_unresolved:1,effect_unknown:1,translation_status:untranslatable_noise:1"
doi:10.1111/cogs.12518,TBL-20260216231836-122,verified_mixed,3,2,0,0,1,1,3,3,2,0,0,"translation_status:inferred:2,source_row_low_information:1,low_statement_source_overlap:1,effect_unknown:1,translation_status:untranslatable_noise:1"
doi:10.1111/cogs.12518,TBL-20260216231836-124,verified_mixed,3,2,1,0,0,1,3,3,3,0,0,"translation_status:inferred:3,source_row_low_information:1,statement_low_information:1"
doi:10.1111/cogs.12518,TBL-20260216231836-125,verified_mixed,4,3,1,0,0,1,4,4,4,0,0,"translation_status:inferred:4,source_row_low_information:1,statement_low_information:1"
doi:10.1111/cogs.12518,TBL-20260216231836-126,verified_mixed,3,2,1,0,0,1,3,3,3,0,0,"translation_status:inferred:2,translation_status:fuzzy:1,source_row_low_information:1,statement_low_information:1"
doi:10.1111/cogs.12518,TBL-20260216231836-127,verified_mixed,3,2,0,0,1,1,3,2,2,0,0,"translation_status:inferred:2,source_row_low_information:1,low_statement_source_overlap:1,outcome_unresolved:1,effect_unknown:1,translation_status:untranslatable_noise:1"
doi:10.1111/cogs.12518,TBL-20260216231836-129,verified_mixed,5,4,0,0,1,1,5,5,4,0,0,"translation_status:inferred:4,source_row_low_information:1,low_statement_source_overlap:1,effect_unknown:1,translation_status:untranslatable_noise:1"
doi:10.1111/cogs.12518,TBL-20260216231836-131,verified_mixed,6,5,0,0,1,1,6,6,5,0,0,"translation_status:inferred:5,source_row_low_information:1,low_statement_source_overlap:1,effect_unknown:1,translation_status:untranslatable_noise:1"
doi:10.1111/cogs.12518,TBL-20260216231836-133,verified_mixed,4,2,1,0,1,2,4,4,3,0,0,"translation_status:inferred:3,source_row_low_information:2,low_statement_source_overlap:1,effect_unknown:1,translation_status:untranslatable_noise:1,statement_low_information:1"
doi:10.1111/cogs.12518,TBL-20260216231836-135,verified_mixed,2,1,1,0,0,1,2,2,2,0,0,"translation_status:inferred:2,source_row_low_information:1,statement_low_information:1"
doi:10.1111/cogs.12518,TBL-20260216231836-136,verified_mixed,4,3,0,0,1,1,4,4,3,0,0,"translation_status:inferred:2,translation_status:fuzzy:1,source_row_low_information:1,low_statement_source_overlap:1,effect_unknown:1,translation_status:untranslatable_noise:1"
doi:10.1111/cogs.12518,TBL-20260216231836-137,verified_mixed,3,2,1,0,0,1,3,3,3,0,0,"translation_status:inferred:3,source_row_low_information:1,statement_low_information:1"
doi:10.1111/cogs.12518,TBL-20260216231836-138,verified_mixed,4,3,0,0,1,1,4,3,3,0,0,"translation_status:inferred:3,source_row_low_information:1,low_statement_source_overlap:1,outcome_unresolved:1,effect_unknown:1,translation_status:untranslatable_noise:1"
doi:10.1111/cogs.12518,TBL-20260216231837-140,verified_mixed,5,4,0,0,1,1,5,5,4,0,0,"translation_status:inferred:3,translation_status:fuzzy:1,source_row_low_information:1,low_statement_source_overlap:1,effect_unknown:1,translation_status:untranslatable_noise:1"
doi:10.1111/cogs.12518,TBL-20260216231837-141,verified_mixed,3,1,2,0,0,2,3,3,3,0,0,"translation_status:inferred:3,source_row_low_information:2,statement_low_information:2"
doi:10.1111/cogs.12518,TBL-20260216231837-143,verified_mixed,6,5,0,0,1,1,6,5,5,0,0,"translation_status:inferred:5,source_row_low_information:1,low_statement_source_overlap:1,outcome_unresolved:1,effect_unknown:1,translation_status:untranslatable_noise:1"
doi:10.1111/cogs.12518,TBL-20260216231837-145,verified_mixed,4,3,1,0,0,1,4,4,4,0,0,"translation_status:inferred:3,translation_status:fuzzy:1,source_row_low_information:1,statement_low_information:1"
doi:10.1111/cogs.12518,TBL-20260216231837-146,verified_mixed,9,7,1,0,1,2,9,8,8,0,0,"translation_status:inferred:8,source_row_low_information:2,statement_low_information:1,low_statement_source_overlap:1,outcome_unresolved:1,effect_unknown:1"
doi:10.1111/cogs.12518,TBL-20260216231837-147,verified_mixed,5,4,1,0,0,1,5,5,5,0,0,"translation_status:inferred:4,source_row_low_information:1,statement_low_information:1,translation_status:fuzzy:1"
doi:10.1111/cogs.12518,TBL-20260216231837-148,verified_mixed,4,3,1,0,0,1,4,4,4,0,0,"translation_status:inferred:4,source_row_low_information:1,statement_low_information:1"
doi:10.1111/cogs.12518,TBL-20260216231837-149,verified_mixed,4,2,1,0,1,2,4,3,3,0,0,"translation_status:inferred:3,source_row_low_information:2,statement_low_information:1,low_statement_source_overlap:1,outcome_unresolved:1,effect_unknown:1"
doi:10.1111/cogs.12518,TBL-20260216231837-150,verified_mixed,3,2,1,0,0,1,3,3,3,0,0,"translation_status:inferred:3,source_row_low_information:1,statement_low_information:1"
doi:10.1111/cogs.12518,TBL-20260216231837-151,verified_mixed,4,3,0,0,1,1,4,4,3,0,0,"translation_status:inferred:3,source_row_low_information:1,low_statement_source_overlap:1,effect_unknown:1,translation_status:untranslatable_noise:1"
doi:10.1111/cogs.12518,TBL-20260216231837-152,verified_mixed,4,3,1,0,0,1,4,4,4,0,0,"translation_status:inferred:3,translation_status:fuzzy:1,source_row_low_information:1,statement_low_information:1"
doi:10.1111/cogs.12518,TBL-20260216231837-153,verified_mixed,4,3,0,0,1,1,4,3,3,0,0,"translation_status:inferred:3,source_row_low_information:1,low_statement_source_overlap:1,outcome_unresolved:1,effect_unknown:1,translation_status:untranslatable_noise:1"
doi:10.1111/cogs.12518,TBL-20260216231837-154,verified_mixed,3,2,1,0,0,1,3,3,3,0,0,"translation_status:inferred:3,source_row_low_information:1,statement_low_information:1"
doi:10.1111/cogs.12518,TBL-20260216231837-155,verified_mixed,2,1,1,0,0,1,2,2,2,0,0,"translation_status:inferred:2,source_row_low_information:1,statement_low_information:1"
doi:10.1111/cogs.12518,TBL-20260216231837-157,verified_mixed,4,2,1,0,1,2,4,3,3,0,0,"translation_status:inferred:3,source_row_low_information:2,statement_low_information:1,low_statement_source_overlap:1,outcome_unresolved:1,effect_unknown:1"
doi:10.1111/cogs.12518,TBL-20260216231837-158,verified_mixed,4,3,0,0,1,1,4,3,3,0,0,"translation_status:fuzzy:2,translation_status:inferred:1,source_row_low_information:1,low_statement_source_overlap:1,outcome_unresolved:1,effect_unknown:1"
doi:10.1111/cogs.12518,TBL-20260216231837-159,verified_mixed,3,2,1,0,0,1,3,3,3,0,0,"translation_status:inferred:3,source_row_low_information:1,statement_low_information:1"
doi:10.1111/cogs.12518,TBL-20260216231837-160,verified_mixed,5,3,1,1,0,1,5,5,4,0,0,"translation_status:inferred:4,low_statement_source_overlap:1,effect_unknown:1,translation_status:untranslatable_noise:1,source_row_low_information:1,statement_low_information:1"
doi:10.1111/cogs.12518,TBL-20260216231837-161,verified_mixed,4,3,1,0,0,1,4,4,4,0,0,"translation_status:inferred:4,source_row_low_information:1,statement_low_information:1"
doi:10.1111/cogs.12518,TBL-20260216231837-162,verified_mixed,3,2,0,0,1,1,3,3,2,0,0,"translation_status:inferred:1,translation_status:fuzzy:1,source_row_low_information:1,low_statement_source_overlap:1,effect_unknown:1,translation_status:untranslatable_noise:1"
doi:10.1111/cogs.12518,TBL-20260216231837-163,verified_mixed,3,2,0,0,1,1,3,3,2,0,0,"translation_status:inferred:1,translation_status:fuzzy:1,source_row_low_information:1,low_statement_source_overlap:1,effect_unknown:1,translation_status:untranslatable_noise:1"
doi:10.1111/cogs.12518,TBL-20260216231837-164,verified_mixed,4,3,0,0,1,1,4,3,3,0,0,"translation_status:inferred:3,source_row_low_information:1,low_statement_source_overlap:1,outcome_unresolved:1,effect_unknown:1,translation_status:untranslatable_noise:1"
doi:10.1111/cogs.12518,TBL-20260216231837-166,verified_mixed,4,2,1,0,1,2,4,4,3,0,0,"translation_status:inferred:3,source_row_low_information:2,low_statement_source_overlap:1,effect_unknown:1,translation_status:untranslatable_noise:1,statement_low_information:1"
doi:10.1111/cogs.12518,TBL-20260216231837-167,verified_mixed,3,2,0,0,1,1,3,2,2,0,0,"translation_status:inferred:2,source_row_low_information:1,low_statement_source_overlap:1,outcome_unresolved:1,effect_unknown:1,translation_status:untranslatable_noise:1"
doi:10.1111/cogs.12518,TBL-20260216231837-168,verified_mixed,5,3,2,0,0,2,5,5,5,0,0,"translation_status:inferred:5,source_row_low_information:2,statement_low_information:2"
doi:10.1111/cogs.12518,TBL-20260216231837-169,verified_mixed,3,2,0,0,1,1,3,3,2,0,0,"translation_status:inferred:2,source_row_low_information:1,low_statement_source_overlap:1,effect_unknown:1,translation_status:untranslatable_noise:1"
doi:10.1111/cogs.12518,TBL-20260216231837-170,verified_mixed,5,3,1,0,1,2,5,4,4,0,0,"translation_status:inferred:4,source_row_low_information:2,statement_low_information:1,low_statement_source_overlap:1,outcome_unresolved:1,effect_unknown:1"
doi:10.1111/cogs.12518,TBL-20260216231837-171,verified_mixed,3,2,1,0,0,1,3,3,3,0,0,"translation_status:inferred:3,source_row_low_information:1,statement_low_information:1"
doi:10.1111/cogs.12518,TBL-20260216231837-172,verified_mixed,3,2,0,0,1,1,3,2,2,0,0,"translation_status:fuzzy:1,translation_status:inferred:1,source_row_low_information:1,low_statement_source_overlap:1,outcome_unresolved:1,effect_unknown:1"
doi:10.1111/cogs.12518,TBL-20260216231837-173,verified_mixed,4,3,0,0,1,1,4,3,3,0,0,"translation_status:inferred:2,translation_status:fuzzy:1,source_row_low_information:1,low_statement_source_overlap:1,outcome_unresolved:1,effect_unknown:1"
doi:10.1111/cogs.12518,TBL-20260216231837-174,verified_mixed,2,1,1,0,0,1,2,2,2,0,0,"translation_status:inferred:2,source_row_low_information:1,statement_low_information:1"
doi:10.1111/cogs.12518,TBL-20260216231837-175,verified_mixed,4,3,0,0,1,1,4,3,3,0,0,"translation_status:inferred:3,source_row_low_information:1,low_statement_source_overlap:1,outcome_unresolved:1,effect_unknown:1,translation_status:untranslatable_noise:1"
doi:10.1111/cogs.12518,TBL-20260216231837-176,verified_mixed,4,3,1,0,0,1,4,4,4,0,0,"translation_status:inferred:4,source_row_low_information:1,statement_low_information:1"
doi:10.1111/cogs.12518,TBL-20260216231837-177,verified_mixed,4,3,1,0,0,1,4,4,4,0,0,"translation_status:inferred:3,translation_status:fuzzy:1,source_row_low_information:1,statement_low_information:1"
doi:10.1111/cogs.12518,TBL-20260216231837-178,verified_mixed,4,3,0,0,1,1,4,4,3,0,0,"translation_status:inferred:3,source_row_low_information:1,low_statement_source_overlap:1,effect_unknown:1,translation_status:untranslatable_noise:1"
doi:10.1111/cogs.12518,TBL-20260216231837-179,verified_mixed,3,2,1,0,0,1,3,3,3,0,0,"translation_status:inferred:3,source_row_low_information:1,statement_low_information:1"
doi:10.1111/cogs.12518,TBL-20260216231837-180,verified_mixed,3,2,1,0,0,1,3,3,3,0,0,"translation_status:inferred:2,translation_status:fuzzy:1,source_row_low_information:1,statement_low_information:1"
doi:10.1111/cogs.12518,TBL-20260216231837-182,verified_mixed,5,3,0,1,1,1,5,4,3,0,0,"low_statement_source_overlap:2,effect_unknown:2,translation_status:untranslatable_noise:2,translation_status:inferred:2,translation_status:fuzzy:1,source_row_low_information:1"
doi:10.1111/cogs.12518,TBL-20260216231838-183,verified_mixed,3,2,0,0,1,1,3,3,2,0,0,"translation_status:inferred:2,source_row_low_information:1,low_statement_source_overlap:1,effect_unknown:1,translation_status:untranslatable_noise:1"
doi:10.1111/j.1559-1816.1971.tb00350.x,TBL-20260216232040-004,verified_mixed,1,0,1,0,0,1,1,1,1,0,0,"source_row_low_information:1,statement_low_information:1,translation_status:noncausal:1"
doi:10.1111/j.1939-1668.2004.tb00398.x,TBL-20260216232044-003,verified_mixed,1,0,1,0,0,1,1,1,1,0,0,"source_row_low_information:1,statement_low_information:1,translation_status:noncausal:1"
doi:10.1111/psyp.14121,TBL-20260216232055-002,verified_mixed,1,0,1,0,0,1,1,1,1,0,0,"source_row_low_information:1,statement_low_information:1,translation_status:inferred:1"
doi:10.1111/psyp.14121,TBL-20260216232055-003,verified_mixed,1,0,1,0,0,1,1,1,1,0,0,"source_row_low_information:1,statement_low_information:1,translation_status:noncausal:1"
doi:10.1145/2079216.2079270,TBL-20260214092358-001,verified_mixed,3,2,1,0,0,1,3,3,3,0,0,"translation_status:inferred:3,source_row_low_information:1,statement_low_information:1"
doi:10.1145/2079216.2079270,TBL-20260214115948-001,verified_mixed,3,2,1,0,0,1,3,3,3,0,0,"translation_status:inferred:3,source_row_low_information:1,statement_low_information:1"
doi:10.1167/10.9.6,TBL-20260216200919-004,verified_mixed,1,0,1,0,0,1,1,1,1,0,0,"source_row_low_information:1,statement_low_information:1,translation_status:inferred:1"
doi:10.1177/0013916502238868,TBL-20260216232248-007,verified_mixed,1,0,1,0,0,1,1,1,1,0,0,"source_row_low_information:1,statement_low_information:1,translation_status:noncausal:1"
doi:10.1177/0018720819892383,TBL-20260216232258-006,verified_mixed,9,8,0,1,0,0,9,9,8,0,0,"translation_status:inferred:8,low_statement_source_overlap:1,effect_unknown:1,translation_status:untranslatable_noise:1"
doi:10.1177/0018720819892383,TBL-20260216232258-011,verified_mixed,9,8,0,1,0,0,9,9,8,0,0,"translation_status:inferred:8,low_statement_source_overlap:1,effect_unknown:1,translation_status:untranslatable_noise:1"
doi:10.1177/0146167208320555,TBL-20260214094811-006,verified_mixed,2,0,2,0,0,0,2,2,2,0,0,"translation_status:noncausal:2,low_statement_source_overlap:1"
doi:10.1177/0146167208320555,TBL-20260214094811-007,verified_mixed,2,0,2,0,0,0,2,2,2,0,0,"translation_status:noncausal:2,low_statement_source_overlap:1"
doi:10.1177/0146167208320555,TBL-20260214094811-008,verified_mixed,2,0,2,0,0,0,2,2,2,0,0,"translation_status:noncausal:2,low_statement_source_overlap:1"
doi:10.1177/0146167208320555,TBL-20260214094811-010,verified_mixed,2,0,2,0,0,0,2,2,2,0,0,translation_status:noncausal:2
doi:10.1177/0146167208320555,TBL-20260214100747-006,verified_mixed,2,0,2,0,0,0,2,2,2,0,0,"translation_status:noncausal:2,low_statement_source_overlap:1"
doi:10.1177/0146167208320555,TBL-20260214100747-007,verified_mixed,2,0,2,0,0,0,2,2,2,0,0,"translation_status:noncausal:2,low_statement_source_overlap:1"
doi:10.1177/0146167208320555,TBL-20260214100747-008,verified_mixed,2,0,2,0,0,0,2,2,2,0,0,"translation_status:noncausal:2,low_statement_source_overlap:1"
doi:10.1177/0146167208320555,TBL-20260214100747-010,verified_mixed,2,0,2,0,0,0,2,2,2,0,0,translation_status:noncausal:2
doi:10.1177/0146167208320555,TBL-20260214101251-006,verified_mixed,2,0,2,0,0,0,2,2,2,0,0,"translation_status:noncausal:2,low_statement_source_overlap:1"
doi:10.1177/0146167208320555,TBL-20260214101251-007,verified_mixed,2,0,2,0,0,0,2,2,2,0,0,"translation_status:noncausal:2,low_statement_source_overlap:1"
doi:10.1177/0146167208320555,TBL-20260214101251-008,verified_mixed,2,0,2,0,0,0,2,2,2,0,0,"translation_status:noncausal:2,low_statement_source_overlap:1"
doi:10.1177/0146167208320555,TBL-20260214101251-010,verified_mixed,2,0,2,0,0,0,2,2,2,0,0,translation_status:noncausal:2
doi:10.1177/0146167208320555,TBL-20260214122414-006,verified_mixed,2,0,2,0,0,0,2,2,2,0,0,"translation_status:noncausal:2,low_statement_source_overlap:1"
doi:10.1177/0146167208320555,TBL-20260214122414-007,verified_mixed,2,0,2,0,0,0,2,2,2,0,0,"translation_status:noncausal:2,low_statement_source_overlap:1"
doi:10.1177/0146167208320555,TBL-20260214122414-008,verified_mixed,2,0,2,0,0,0,2,2,2,0,0,"translation_status:noncausal:2,low_statement_source_overlap:1"
doi:10.1177/0146167208320555,TBL-20260214122415-010,verified_mixed,2,0,2,0,0,0,2,2,2,0,0,translation_status:noncausal:2
doi:10.1177/0146167208320555,TBL-20260215003752-006,verified_mixed,2,0,2,0,0,0,2,2,2,0,0,translation_status:noncausal:2
doi:10.1177/0146167208320555,TBL-20260215003752-007,verified_mixed,1,0,1,0,0,0,1,1,1,0,0,translation_status:noncausal:1
doi:10.1177/0146167208320555,TBL-20260215003752-008,verified_mixed,1,0,1,0,0,0,1,1,1,0,0,translation_status:noncausal:1
doi:10.1177/0146167208320555,TBL-20260215003753-010,verified_mixed,2,0,2,0,0,0,2,2,2,0,0,translation_status:noncausal:2
doi:10.1177/03010066211020598,TBL-20260216232324-004,verified_mixed,4,3,1,0,0,1,4,4,4,0,0,"translation_status:inferred:4,source_row_low_information:1,statement_low_information:1"
doi:10.1177/03010066211020598,TBL-20260216232324-005,verified_mixed,3,2,1,0,0,1,3,3,3,0,0,"translation_status:inferred:3,source_row_low_information:1,statement_low_information:1"
doi:10.1177/1937586720932276,TBL-20260214100042-001,verified_mixed,1,0,1,0,0,0,1,1,1,0,0,translation_status:noncausal:1
doi:10.1177/1937586720932276,TBL-20260214103009-001,verified_mixed,1,0,1,0,0,0,1,1,1,0,0,translation_status:noncausal:1
doi:10.1177/1937586720932276,TBL-20260214103552-001,verified_mixed,1,0,1,0,0,0,1,1,1,0,0,translation_status:noncausal:1
doi:10.1177/1937586720932276,TBL-20260214124347-001,verified_mixed,1,0,1,0,0,0,1,1,1,0,0,translation_status:noncausal:1
doi:10.1184/r1/23538486.v1,TBL-20260216232412-009,verified_mixed,14,13,0,1,0,0,14,14,13,0,0,"translation_status:inferred:13,low_statement_source_overlap:1,effect_unknown:1,translation_status:untranslatable_noise:1"
doi:10.1371/journal.pone.0123783,TBL-20260216232501-001,verified_mixed,7,6,0,1,0,0,7,7,6,0,0,"translation_status:inferred:6,low_statement_source_overlap:1,effect_unknown:1,translation_status:untranslatable_noise:1"
doi:10.1371/journal.pone.0123783,TBL-20260216232503-003,verified_mixed,18,17,0,1,0,0,18,18,17,0,0,"translation_status:inferred:16,low_statement_source_overlap:1,effect_unknown:1,translation_status:untranslatable_noise:1,translation_status:fuzzy:1"
doi:10.1371/journal.pone.0123783,TBL-20260216232503-009,verified_mixed,1,0,1,0,0,1,1,1,1,0,0,"source_row_low_information:1,statement_low_information:1,translation_status:inferred:1"
doi:10.1371/journal.pone.0123783,TBL-20260216232504-013,verified_mixed,12,11,0,0,1,1,12,12,11,0,0,"translation_status:inferred:11,source_row_low_information:1,low_statement_source_overlap:1,effect_unknown:1,translation_status:untranslatable_noise:1"
doi:10.1371/journal.pone.0123783,TBL-20260216232505-020,verified_mixed,19,18,0,1,0,0,19,19,18,0,0,"translation_status:inferred:18,low_statement_source_overlap:1,effect_unknown:1,translation_status:untranslatable_noise:1"
doi:10.1371/journal.pone.0243259,TBL-20260216232540-003,verified_mixed,20,19,0,1,0,0,20,20,19,0,0,"translation_status:inferred:19,low_statement_source_overlap:1,effect_unknown:1,translation_status:untranslatable_noise:1"
doi:10.1371/journal.pone.0265412,TBL-20260216232546-001,verified_mixed,7,6,0,1,0,0,7,7,6,0,0,"translation_status:inferred:6,low_statement_source_overlap:1,effect_unknown:1,translation_status:untranslatable_noise:1"
doi:10.1371/journal.pone.0265412,TBL-20260216232546-003,verified_mixed,9,6,0,3,0,0,9,9,6,0,0,"translation_status:inferred:6,low_statement_source_overlap:3,effect_unknown:3,translation_status:untranslatable_noise:3"
doi:10.1371/journal.pone.0307934,TBL-20260216201117-002,verified_mixed,1,0,1,0,0,1,1,1,1,0,0,"source_row_low_information:1,statement_low_information:1,translation_status:noncausal:1"
doi:10.14288/1.0071305,TBL-20260216232553-004,verified_mixed,2,1,1,0,0,1,2,2,2,0,0,"translation_status:inferred:2,source_row_low_information:1,statement_low_information:1"
doi:10.14288/1.0071305,TBL-20260216232553-005,verified_mixed,7,6,0,1,0,0,7,7,6,0,0,"translation_status:inferred:6,low_statement_source_overlap:1,effect_unknown:1,translation_status:untranslatable_noise:1"
doi:10.14288/1.0071305,TBL-20260216232554-008,verified_mixed,2,0,2,0,0,0,2,2,2,0,0,"low_statement_source_overlap:2,translation_status:noncausal:2"
doi:10.15126/thesis.901052,TBL-20260216232624-008,verified_mixed,4,2,2,0,0,2,4,4,4,0,0,"translation_status:inferred:4,source_row_low_information:2,statement_low_information:2"
doi:10.15126/thesis.901052,TBL-20260216232624-009,verified_mixed,3,2,0,0,1,1,3,3,2,0,0,"translation_status:inferred:2,source_row_low_information:1,low_statement_source_overlap:1,effect_unknown:1,translation_status:untranslatable_noise:1"
doi:10.15126/thesis.901052,TBL-20260216232624-018,verified_mixed,3,2,1,0,0,1,3,3,3,0,0,"translation_status:inferred:2,translation_status:fuzzy:1,source_row_low_information:1,statement_low_information:1"
doi:10.15126/thesis.901052,TBL-20260216232624-020,verified_mixed,3,2,0,0,1,1,3,2,2,0,0,"translation_status:inferred:2,source_row_low_information:1,low_statement_source_overlap:1,outcome_unresolved:1,effect_unknown:1,translation_status:untranslatable_noise:1"
doi:10.15126/thesis.901052,TBL-20260216232624-021,verified_mixed,4,3,0,0,1,1,4,4,3,0,0,"translation_status:inferred:3,source_row_low_information:1,low_statement_source_overlap:1,effect_unknown:1,translation_status:untranslatable_noise:1"
doi:10.15126/thesis.901052,TBL-20260216232624-022,verified_mixed,4,3,0,0,1,1,4,4,3,0,0,"translation_status:inferred:3,source_row_low_information:1,low_statement_source_overlap:1,effect_unknown:1,translation_status:untranslatable_noise:1"
doi:10.15126/thesis.901052,TBL-20260216232624-023,verified_mixed,6,4,1,0,1,2,6,5,5,0,0,"translation_status:inferred:5,source_row_low_information:2,statement_low_information:1,low_statement_source_overlap:1,outcome_unresolved:1,effect_unknown:1"
doi:10.15126/thesis.901052,TBL-20260216232624-028,verified_mixed,5,4,0,0,1,1,5,4,4,0,0,"translation_status:inferred:3,translation_status:fuzzy:1,source_row_low_information:1,low_statement_source_overlap:1,outcome_unresolved:1,effect_unknown:1"
doi:10.15126/thesis.901052,TBL-20260216232624-029,verified_mixed,2,1,1,0,0,1,2,2,2,0,0,"translation_status:inferred:1,source_row_low_information:1,statement_low_information:1,translation_status:fuzzy:1"
doi:10.15126/thesis.901052,TBL-20260216232624-031,verified_mixed,3,1,2,0,0,2,3,3,3,0,0,"translation_status:inferred:3,source_row_low_information:2,statement_low_information:2"
doi:10.15126/thesis.901052,TBL-20260216232624-034,verified_mixed,4,3,0,0,1,1,4,4,3,0,0,"translation_status:inferred:2,translation_status:fuzzy:1,source_row_low_information:1,low_statement_source_overlap:1,effect_unknown:1,translation_status:untranslatable_noise:1"
doi:10.15126/thesis.901052,TBL-20260216232624-035,verified_mixed,4,3,0,0,1,1,4,3,3,0,0,"translation_status:inferred:3,source_row_low_information:1,low_statement_source_overlap:1,outcome_unresolved:1,effect_unknown:1,translation_status:untranslatable_noise:1"
doi:10.15126/thesis.901052,TBL-20260216232624-036,verified_mixed,3,2,0,0,1,1,3,3,2,0,0,"translation_status:inferred:2,source_row_low_information:1,low_statement_source_overlap:1,effect_unknown:1,translation_status:untranslatable_noise:1"
doi:10.15126/thesis.901052,TBL-20260216232624-037,verified_mixed,4,3,0,0,1,1,4,3,3,0,0,"translation_status:inferred:3,source_row_low_information:1,low_statement_source_overlap:1,outcome_unresolved:1,effect_unknown:1,translation_status:untranslatable_noise:1"
doi:10.15126/thesis.901052,TBL-20260216232624-038,verified_mixed,3,2,0,0,1,1,3,2,2,0,0,"translation_status:inferred:2,source_row_low_information:1,low_statement_source_overlap:1,outcome_unresolved:1,effect_unknown:1,translation_status:untranslatable_noise:1"
doi:10.15126/thesis.901052,TBL-20260216232624-040,verified_mixed,3,2,1,0,0,1,3,3,3,0,0,"translation_status:inferred:3,source_row_low_information:1,statement_low_information:1"
doi:10.15126/thesis.901052,TBL-20260216232624-041,verified_mixed,5,3,2,0,0,2,5,5,5,0,0,"translation_status:inferred:5,source_row_low_information:2,statement_low_information:2"
doi:10.15126/thesis.901052,TBL-20260216232624-042,verified_mixed,5,3,0,1,1,1,5,4,3,0,0,"translation_status:fuzzy:3,low_statement_source_overlap:2,effect_unknown:2,translation_status:untranslatable_noise:2,source_row_low_information:1,outcome_unresolved:1"
doi:10.15126/thesis.901052,TBL-20260216232624-044,verified_mixed,3,2,0,0,1,1,3,3,2,0,0,"translation_status:inferred:2,source_row_low_information:1,low_statement_source_overlap:1,effect_unknown:1,translation_status:untranslatable_noise:1"
doi:10.15126/thesis.901052,TBL-20260216232624-045,verified_mixed,4,3,0,0,1,1,4,3,3,0,0,"translation_status:inferred:2,translation_status:fuzzy:1,source_row_low_information:1,low_statement_source_overlap:1,outcome_unresolved:1,effect_unknown:1"
doi:10.15126/thesis.901052,TBL-20260216232624-046,verified_mixed,7,6,0,0,1,1,7,6,6,0,0,"translation_status:inferred:6,source_row_low_information:1,low_statement_source_overlap:1,outcome_unresolved:1,effect_unknown:1,translation_status:untranslatable_noise:1"
doi:10.15126/thesis.901052,TBL-20260216232624-047,verified_mixed,3,2,0,0,1,1,3,3,2,0,0,"translation_status:inferred:2,source_row_low_information:1,low_statement_source_overlap:1,effect_unknown:1,translation_status:untranslatable_noise:1"
doi:10.15126/thesis.901052,TBL-20260216232624-048,verified_mixed,4,3,0,0,1,1,4,3,3,0,0,"translation_status:inferred:3,source_row_low_information:1,low_statement_source_overlap:1,outcome_unresolved:1,effect_unknown:1,translation_status:untranslatable_noise:1"
doi:10.15126/thesis.901052,TBL-20260216232625-050,verified_mixed,4,2,1,0,1,2,4,4,3,0,0,"translation_status:inferred:3,source_row_low_information:2,low_statement_source_overlap:1,effect_unknown:1,translation_status:untranslatable_noise:1,statement_low_information:1"
doi:10.15126/thesis.901052,TBL-20260216232625-051,verified_mixed,6,5,0,0,1,1,6,6,5,0,0,"translation_status:inferred:5,source_row_low_information:1,low_statement_source_overlap:1,effect_unknown:1,translation_status:untranslatable_noise:1"
doi:10.15126/thesis.901052,TBL-20260216232625-053,verified_mixed,3,2,0,0,1,1,3,2,2,0,0,"translation_status:inferred:2,source_row_low_information:1,low_statement_source_overlap:1,outcome_unresolved:1,effect_unknown:1,translation_status:untranslatable_noise:1"
doi:10.15126/thesis.901052,TBL-20260216232625-056,verified_mixed,4,3,1,0,0,1,4,4,4,0,0,"translation_status:inferred:3,translation_status:fuzzy:1,source_row_low_information:1,statement_low_information:1"
doi:10.15126/thesis.901052,TBL-20260216232625-058,verified_mixed,6,5,0,0,1,1,6,5,5,0,0,"translation_status:inferred:4,translation_status:fuzzy:1,source_row_low_information:1,low_statement_source_overlap:1,outcome_unresolved:1,effect_unknown:1"
doi:10.15126/thesis.901052,TBL-20260216232625-060,verified_mixed,4,2,1,0,1,2,4,3,3,0,0,"translation_status:inferred:3,source_row_low_information:2,statement_low_information:1,low_statement_source_overlap:1,outcome_unresolved:1,effect_unknown:1"
doi:10.15126/thesis.901052,TBL-20260216232625-061,verified_mixed,5,4,0,0,1,1,5,4,4,0,0,"translation_status:inferred:4,source_row_low_information:1,low_statement_source_overlap:1,outcome_unresolved:1,effect_unknown:1,translation_status:untranslatable_noise:1"
doi:10.15126/thesis.901052,TBL-20260216232625-062,verified_mixed,2,1,1,0,0,1,2,2,2,0,0,"translation_status:inferred:2,source_row_low_information:1,statement_low_information:1"
doi:10.15126/thesis.901052,TBL-20260216232625-063,verified_mixed,3,2,0,0,1,1,3,3,2,0,0,"translation_status:inferred:2,source_row_low_information:1,low_statement_source_overlap:1,effect_unknown:1,translation_status:untranslatable_noise:1"
doi:10.15126/thesis.901052,TBL-20260216232625-066,verified_mixed,2,1,1,0,0,1,2,2,2,0,0,"translation_status:inferred:2,source_row_low_information:1,statement_low_information:1"
doi:10.15126/thesis.901052,TBL-20260216232625-067,verified_mixed,3,2,0,0,1,1,3,3,2,0,0,"translation_status:inferred:2,source_row_low_information:1,low_statement_source_overlap:1,effect_unknown:1,translation_status:untranslatable_noise:1"
doi:10.15126/thesis.901052,TBL-20260216232625-068,verified_mixed,3,2,0,0,1,1,3,2,2,0,0,"translation_status:inferred:2,source_row_low_information:1,low_statement_source_overlap:1,outcome_unresolved:1,effect_unknown:1,translation_status:untranslatable_noise:1"
doi:10.15126/thesis.901052,TBL-20260216232625-070,verified_mixed,3,2,0,0,1,1,3,3,2,0,0,"translation_status:inferred:2,source_row_low_information:1,low_statement_source_overlap:1,effect_unknown:1,translation_status:untranslatable_noise:1"
doi:10.15126/thesis.901052,TBL-20260216232625-071,verified_mixed,4,3,0,0,1,1,4,3,3,0,0,"translation_status:inferred:3,source_row_low_information:1,low_statement_source_overlap:1,outcome_unresolved:1,effect_unknown:1,translation_status:untranslatable_noise:1"
doi:10.15126/thesis.901052,TBL-20260216232625-072,verified_mixed,5,4,1,0,0,1,5,5,5,0,0,"translation_status:inferred:5,source_row_low_information:1,statement_low_information:1"
doi:10.15126/thesis.901052,TBL-20260216232625-074,verified_mixed,3,2,1,0,0,1,3,3,3,0,0,"translation_status:inferred:2,translation_status:fuzzy:1,source_row_low_information:1,statement_low_information:1"
doi:10.15126/thesis.901052,TBL-20260216232625-075,verified_mixed,3,2,0,0,1,1,3,3,2,0,0,"translation_status:inferred:2,source_row_low_information:1,low_statement_source_overlap:1,effect_unknown:1,translation_status:untranslatable_noise:1"
doi:10.15126/thesis.901052,TBL-20260216232625-076,verified_mixed,6,5,0,0,1,1,6,5,5,0,0,"translation_status:fuzzy:3,translation_status:inferred:2,source_row_low_information:1,low_statement_source_overlap:1,outcome_unresolved:1,effect_unknown:1"
doi:10.15126/thesis.901052,TBL-20260216232625-077,verified_mixed,3,2,0,0,1,1,3,3,2,0,0,"translation_status:fuzzy:1,translation_status:inferred:1,source_row_low_information:1,low_statement_source_overlap:1,effect_unknown:1,translation_status:untranslatable_noise:1"
doi:10.15126/thesis.901052,TBL-20260216232625-078,verified_mixed,2,1,1,0,0,1,2,2,2,0,0,"translation_status:inferred:2,source_row_low_information:1,statement_low_information:1"
doi:10.15126/thesis.901052,TBL-20260216232625-080,verified_mixed,5,3,0,0,2,2,5,4,3,0,0,"translation_status:inferred:3,source_row_low_information:2,low_statement_source_overlap:2,effect_unknown:2,translation_status:untranslatable_noise:2,outcome_unresolved:1"
doi:10.15126/thesis.901052,TBL-20260216232625-081,verified_mixed,4,3,0,0,1,1,4,4,3,0,0,"translation_status:inferred:3,source_row_low_information:1,low_statement_source_overlap:1,effect_unknown:1,translation_status:untranslatable_noise:1"
doi:10.15126/thesis.901052,TBL-20260216232625-082,verified_mixed,3,2,0,0,1,1,3,2,2,0,0,"translation_status:inferred:2,source_row_low_information:1,low_statement_source_overlap:1,outcome_unresolved:1,effect_unknown:1,translation_status:untranslatable_noise:1"
doi:10.15126/thesis.901052,TBL-20260216232625-084,verified_mixed,3,2,0,0,1,1,3,3,2,0,0,"translation_status:inferred:2,source_row_low_information:1,low_statement_source_overlap:1,effect_unknown:1,translation_status:untranslatable_noise:1"
doi:10.15126/thesis.901052,TBL-20260216232625-085,verified_mixed,4,3,0,0,1,1,4,4,3,0,0,"translation_status:inferred:3,source_row_low_information:1,low_statement_source_overlap:1,effect_unknown:1,translation_status:untranslatable_noise:1"
doi:10.15126/thesis.901052,TBL-20260216232625-087,verified_mixed,5,3,1,1,0,1,5,5,4,0,0,"translation_status:inferred:4,low_statement_source_overlap:1,effect_unknown:1,translation_status:untranslatable_noise:1,source_row_low_information:1,statement_low_information:1"
doi:10.15126/thesis.901052,TBL-20260216232625-088,verified_mixed,2,1,1,0,0,1,2,2,2,0,0,"translation_status:fuzzy:1,source_row_low_information:1,statement_low_information:1,translation_status:inferred:1"
doi:10.15126/thesis.901052,TBL-20260216232625-089,verified_mixed,4,3,0,0,1,1,4,3,3,0,0,"translation_status:inferred:3,source_row_low_information:1,low_statement_source_overlap:1,outcome_unresolved:1,effect_unknown:1,translation_status:untranslatable_noise:1"
doi:10.15126/thesis.901052,TBL-20260216232625-090,verified_mixed,4,3,0,0,1,1,4,4,3,0,0,"translation_status:inferred:3,source_row_low_information:1,low_statement_source_overlap:1,effect_unknown:1,translation_status:untranslatable_noise:1"
doi:10.15126/thesis.901052,TBL-20260216232625-091,verified_mixed,5,3,1,0,1,2,5,5,4,0,0,"translation_status:inferred:4,source_row_low_information:2,statement_low_information:1,low_statement_source_overlap:1,effect_unknown:1,translation_status:untranslatable_noise:1"
doi:10.15126/thesis.901052,TBL-20260216232625-092,verified_mixed,3,2,1,0,0,1,3,3,3,0,0,"translation_status:inferred:3,source_row_low_information:1,statement_low_information:1"
doi:10.15126/thesis.901052,TBL-20260216232625-093,verified_mixed,4,3,0,0,1,1,4,3,3,0,0,"translation_status:inferred:3,source_row_low_information:1,low_statement_source_overlap:1,outcome_unresolved:1,effect_unknown:1,translation_status:untranslatable_noise:1"
doi:10.15126/thesis.901052,TBL-20260216232625-094,verified_mixed,3,2,0,0,1,1,3,2,2,0,0,"translation_status:inferred:2,source_row_low_information:1,low_statement_source_overlap:1,outcome_unresolved:1,effect_unknown:1,translation_status:untranslatable_noise:1"
doi:10.15126/thesis.901052,TBL-20260216232626-095,verified_mixed,4,3,0,0,1,1,4,3,3,0,0,"translation_status:inferred:3,source_row_low_information:1,low_statement_source_overlap:1,outcome_unresolved:1,effect_unknown:1,translation_status:untranslatable_noise:1"
doi:10.15126/thesis.901052,TBL-20260216232626-096,verified_mixed,4,3,1,0,0,1,4,4,4,0,0,"translation_status:inferred:4,source_row_low_information:1,statement_low_information:1"
doi:10.15126/thesis.901052,TBL-20260216232626-097,verified_mixed,3,2,0,0,1,1,3,3,2,0,0,"translation_status:inferred:2,source_row_low_information:1,low_statement_source_overlap:1,effect_unknown:1,translation_status:untranslatable_noise:1"
doi:10.15126/thesis.901052,TBL-20260216232626-098,verified_mixed,5,4,1,0,0,1,5,5,5,0,0,"translation_status:inferred:5,source_row_low_information:1,statement_low_information:1"
doi:10.15126/thesis.901052,TBL-20260216232626-099,verified_mixed,2,1,1,0,0,1,2,2,2,0,0,"translation_status:inferred:2,source_row_low_information:1,statement_low_information:1"
doi:10.15126/thesis.901052,TBL-20260216232626-100,verified_mixed,3,2,0,0,1,1,3,2,2,0,0,"translation_status:inferred:2,source_row_low_information:1,low_statement_source_overlap:1,outcome_unresolved:1,effect_unknown:1,translation_status:untranslatable_noise:1"
doi:10.15126/thesis.901052,TBL-20260216232626-101,verified_mixed,4,3,0,0,1,1,4,3,3,0,0,"translation_status:inferred:3,source_row_low_information:1,low_statement_source_overlap:1,outcome_unresolved:1,effect_unknown:1,translation_status:untranslatable_noise:1"
doi:10.15126/thesis.901052,TBL-20260216232626-102,verified_mixed,2,1,1,0,0,1,2,2,2,0,0,"translation_status:inferred:2,source_row_low_information:1,statement_low_information:1"
doi:10.15126/thesis.901052,TBL-20260216232626-103,verified_mixed,4,2,1,0,1,2,4,3,3,0,0,"translation_status:inferred:3,source_row_low_information:2,statement_low_information:1,low_statement_source_overlap:1,outcome_unresolved:1,effect_unknown:1"
doi:10.15126/thesis.901052,TBL-20260216232626-104,verified_mixed,4,3,0,0,1,1,4,4,3,0,0,"translation_status:inferred:3,source_row_low_information:1,low_statement_source_overlap:1,effect_unknown:1,translation_status:untranslatable_noise:1"
doi:10.15126/thesis.901052,TBL-20260216232626-108,verified_mixed,4,3,0,0,1,1,4,3,3,0,0,"translation_status:inferred:3,source_row_low_information:1,low_statement_source_overlap:1,outcome_unresolved:1,effect_unknown:1,translation_status:untranslatable_noise:1"
doi:10.15126/thesis.901052,TBL-20260216232626-109,verified_mixed,5,4,0,0,1,1,5,5,4,0,0,"translation_status:inferred:3,translation_status:fuzzy:1,source_row_low_information:1,low_statement_source_overlap:1,effect_unknown:1,translation_status:untranslatable_noise:1"
doi:10.15126/thesis.901052,TBL-20260216232626-110,verified_mixed,3,2,1,0,0,1,3,3,3,0,0,"translation_status:inferred:3,source_row_low_information:1,statement_low_information:1"
doi:10.15126/thesis.901052,TBL-20260216232626-111,verified_mixed,4,3,0,0,1,1,4,4,3,0,0,"translation_status:inferred:3,source_row_low_information:1,low_statement_source_overlap:1,effect_unknown:1,translation_status:untranslatable_noise:1"
doi:10.15126/thesis.901052,TBL-20260216232626-112,verified_mixed,5,4,0,0,1,1,5,4,4,0,0,"translation_status:inferred:3,translation_status:fuzzy:1,source_row_low_information:1,low_statement_source_overlap:1,outcome_unresolved:1,effect_unknown:1"
doi:10.15126/thesis.901052,TBL-20260216232626-113,verified_mixed,3,2,0,0,1,1,3,3,2,0,0,"translation_status:inferred:2,source_row_low_information:1,low_statement_source_overlap:1,effect_unknown:1,translation_status:untranslatable_noise:1"
doi:10.15126/thesis.901052,TBL-20260216232626-114,verified_mixed,4,3,0,0,1,1,4,3,3,0,0,"translation_status:inferred:3,source_row_low_information:1,low_statement_source_overlap:1,outcome_unresolved:1,effect_unknown:1,translation_status:untranslatable_noise:1"
doi:10.15126/thesis.901052,TBL-20260216232626-115,verified_mixed,5,4,0,0,1,1,5,5,4,0,0,"translation_status:inferred:3,translation_status:fuzzy:1,source_row_low_information:1,low_statement_source_overlap:1,effect_unknown:1,translation_status:untranslatable_noise:1"
doi:10.15126/thesis.901052,TBL-20260216232626-116,verified_mixed,4,3,1,0,0,1,4,4,4,0,0,"translation_status:inferred:4,source_row_low_information:1,statement_low_information:1"
doi:10.15126/thesis.901052,TBL-20260216232626-119,verified_mixed,4,3,0,0,1,1,4,4,3,0,0,"translation_status:fuzzy:2,translation_status:inferred:1,source_row_low_information:1,low_statement_source_overlap:1,effect_unknown:1,translation_status:untranslatable_noise:1"
doi:10.15126/thesis.901052,TBL-20260216232626-120,verified_mixed,4,3,0,0,1,1,4,3,3,0,0,"translation_status:inferred:3,source_row_low_information:1,low_statement_source_overlap:1,outcome_unresolved:1,effect_unknown:1,translation_status:untranslatable_noise:1"
doi:10.15126/thesis.901052,TBL-20260216232626-121,verified_mixed,5,4,0,0,1,1,5,4,4,0,0,"translation_status:inferred:4,source_row_low_information:1,low_statement_source_overlap:1,outcome_unresolved:1,effect_unknown:1,translation_status:untranslatable_noise:1"
doi:10.15126/thesis.901052,TBL-20260216232626-122,verified_mixed,3,2,0,0,1,1,3,3,2,0,0,"translation_status:inferred:2,source_row_low_information:1,low_statement_source_overlap:1,effect_unknown:1,translation_status:untranslatable_noise:1"
doi:10.15126/thesis.901052,TBL-20260216232626-124,verified_mixed,3,2,1,0,0,1,3,3,3,0,0,"translation_status:inferred:3,source_row_low_information:1,statement_low_information:1"
doi:10.15126/thesis.901052,TBL-20260216232626-125,verified_mixed,4,3,1,0,0,1,4,4,4,0,0,"translation_status:inferred:4,source_row_low_information:1,statement_low_information:1"
doi:10.15126/thesis.901052,TBL-20260216232626-126,verified_mixed,3,2,1,0,0,1,3,3,3,0,0,"translation_status:inferred:2,translation_status:fuzzy:1,source_row_low_information:1,statement_low_information:1"
doi:10.15126/thesis.901052,TBL-20260216232626-127,verified_mixed,3,2,0,0,1,1,3,2,2,0,0,"translation_status:inferred:2,source_row_low_information:1,low_statement_source_overlap:1,outcome_unresolved:1,effect_unknown:1,translation_status:untranslatable_noise:1"
doi:10.15126/thesis.901052,TBL-20260216232626-129,verified_mixed,5,4,0,0,1,1,5,5,4,0,0,"translation_status:inferred:4,source_row_low_information:1,low_statement_source_overlap:1,effect_unknown:1,translation_status:untranslatable_noise:1"
doi:10.15126/thesis.901052,TBL-20260216232626-131,verified_mixed,6,5,0,0,1,1,6,6,5,0,0,"translation_status:inferred:5,source_row_low_information:1,low_statement_source_overlap:1,effect_unknown:1,translation_status:untranslatable_noise:1"
doi:10.15126/thesis.901052,TBL-20260216232626-133,verified_mixed,4,2,1,0,1,2,4,4,3,0,0,"translation_status:inferred:3,source_row_low_information:2,low_statement_source_overlap:1,effect_unknown:1,translation_status:untranslatable_noise:1,statement_low_information:1"
doi:10.15126/thesis.901052,TBL-20260216232626-135,verified_mixed,2,1,1,0,0,1,2,2,2,0,0,"translation_status:inferred:2,source_row_low_information:1,statement_low_information:1"
doi:10.15126/thesis.901052,TBL-20260216232626-136,verified_mixed,4,3,0,0,1,1,4,4,3,0,0,"translation_status:inferred:2,translation_status:fuzzy:1,source_row_low_information:1,low_statement_source_overlap:1,effect_unknown:1,translation_status:untranslatable_noise:1"
doi:10.15126/thesis.901052,TBL-20260216232626-137,verified_mixed,3,2,1,0,0,1,3,3,3,0,0,"translation_status:inferred:3,source_row_low_information:1,statement_low_information:1"
doi:10.15126/thesis.901052,TBL-20260216232626-138,verified_mixed,4,3,0,0,1,1,4,3,3,0,0,"translation_status:inferred:3,source_row_low_information:1,low_statement_source_overlap:1,outcome_unresolved:1,effect_unknown:1,translation_status:untranslatable_noise:1"
doi:10.15126/thesis.901052,TBL-20260216232626-140,verified_mixed,5,4,0,0,1,1,5,5,4,0,0,"translation_status:inferred:3,translation_status:fuzzy:1,source_row_low_information:1,low_statement_source_overlap:1,effect_unknown:1,translation_status:untranslatable_noise:1"
doi:10.15126/thesis.901052,TBL-20260216232626-141,verified_mixed,3,1,2,0,0,2,3,3,3,0,0,"translation_status:inferred:3,source_row_low_information:2,statement_low_information:2"
doi:10.15126/thesis.901052,TBL-20260216232626-143,verified_mixed,6,5,0,0,1,1,6,5,5,0,0,"translation_status:inferred:5,source_row_low_information:1,low_statement_source_overlap:1,outcome_unresolved:1,effect_unknown:1,translation_status:untranslatable_noise:1"
doi:10.15126/thesis.901052,TBL-20260216232626-145,verified_mixed,4,3,1,0,0,1,4,4,4,0,0,"translation_status:inferred:3,translation_status:fuzzy:1,source_row_low_information:1,statement_low_information:1"
doi:10.15126/thesis.901052,TBL-20260216232626-146,verified_mixed,9,7,1,0,1,2,9,8,8,0,0,"translation_status:inferred:8,source_row_low_information:2,statement_low_information:1,low_statement_source_overlap:1,outcome_unresolved:1,effect_unknown:1"
doi:10.15126/thesis.901052,TBL-20260216232626-147,verified_mixed,5,4,1,0,0,1,5,5,5,0,0,"translation_status:inferred:4,source_row_low_information:1,statement_low_information:1,translation_status:fuzzy:1"
doi:10.15126/thesis.901052,TBL-20260216232626-148,verified_mixed,4,3,1,0,0,1,4,4,4,0,0,"translation_status:inferred:4,source_row_low_information:1,statement_low_information:1"
doi:10.15126/thesis.901052,TBL-20260216232626-149,verified_mixed,4,2,1,0,1,2,4,3,3,0,0,"translation_status:inferred:3,source_row_low_information:2,statement_low_information:1,low_statement_source_overlap:1,outcome_unresolved:1,effect_unknown:1"
doi:10.15126/thesis.901052,TBL-20260216232626-150,verified_mixed,3,2,1,0,0,1,3,3,3,0,0,"translation_status:inferred:3,source_row_low_information:1,statement_low_information:1"
doi:10.15126/thesis.901052,TBL-20260216232626-151,verified_mixed,4,3,0,0,1,1,4,4,3,0,0,"translation_status:inferred:3,source_row_low_information:1,low_statement_source_overlap:1,effect_unknown:1,translation_status:untranslatable_noise:1"
doi:10.15126/thesis.901052,TBL-20260216232626-152,verified_mixed,4,3,1,0,0,1,4,4,4,0,0,"translation_status:inferred:3,translation_status:fuzzy:1,source_row_low_information:1,statement_low_information:1"
doi:10.15126/thesis.901052,TBL-20260216232626-153,verified_mixed,4,3,0,0,1,1,4,3,3,0,0,"translation_status:inferred:3,source_row_low_information:1,low_statement_source_overlap:1,outcome_unresolved:1,effect_unknown:1,translation_status:untranslatable_noise:1"
doi:10.15126/thesis.901052,TBL-20260216232626-154,verified_mixed,3,2,1,0,0,1,3,3,3,0,0,"translation_status:inferred:3,source_row_low_information:1,statement_low_information:1"
doi:10.15126/thesis.901052,TBL-20260216232626-155,verified_mixed,2,1,1,0,0,1,2,2,2,0,0,"translation_status:inferred:2,source_row_low_information:1,statement_low_information:1"
doi:10.15126/thesis.901052,TBL-20260216232626-157,verified_mixed,4,2,1,0,1,2,4,3,3,0,0,"translation_status:inferred:3,source_row_low_information:2,statement_low_information:1,low_statement_source_overlap:1,outcome_unresolved:1,effect_unknown:1"
doi:10.15126/thesis.901052,TBL-20260216232626-158,verified_mixed,4,3,0,0,1,1,4,3,3,0,0,"translation_status:fuzzy:2,translation_status:inferred:1,source_row_low_information:1,low_statement_source_overlap:1,outcome_unresolved:1,effect_unknown:1"
doi:10.15126/thesis.901052,TBL-20260216232626-159,verified_mixed,3,2,1,0,0,1,3,3,3,0,0,"translation_status:inferred:3,source_row_low_information:1,statement_low_information:1"
doi:10.15126/thesis.901052,TBL-20260216232626-160,verified_mixed,5,3,1,1,0,1,5,5,4,0,0,"translation_status:inferred:4,low_statement_source_overlap:1,effect_unknown:1,translation_status:untranslatable_noise:1,source_row_low_information:1,statement_low_information:1"
doi:10.15126/thesis.901052,TBL-20260216232626-161,verified_mixed,4,3,1,0,0,1,4,4,4,0,0,"translation_status:inferred:4,source_row_low_information:1,statement_low_information:1"
doi:10.15126/thesis.901052,TBL-20260216232626-162,verified_mixed,3,2,0,0,1,1,3,3,2,0,0,"translation_status:inferred:1,translation_status:fuzzy:1,source_row_low_information:1,low_statement_source_overlap:1,effect_unknown:1,translation_status:untranslatable_noise:1"
doi:10.15126/thesis.901052,TBL-20260216232626-163,verified_mixed,3,2,0,0,1,1,3,3,2,0,0,"translation_status:inferred:1,translation_status:fuzzy:1,source_row_low_information:1,low_statement_source_overlap:1,effect_unknown:1,translation_status:untranslatable_noise:1"
doi:10.15126/thesis.901052,TBL-20260216232627-164,verified_mixed,4,3,0,0,1,1,4,3,3,0,0,"translation_status:inferred:3,source_row_low_information:1,low_statement_source_overlap:1,outcome_unresolved:1,effect_unknown:1,translation_status:untranslatable_noise:1"
doi:10.15126/thesis.901052,TBL-20260216232627-166,verified_mixed,4,2,1,0,1,2,4,4,3,0,0,"translation_status:inferred:3,source_row_low_information:2,low_statement_source_overlap:1,effect_unknown:1,translation_status:untranslatable_noise:1,statement_low_information:1"
doi:10.15126/thesis.901052,TBL-20260216232627-167,verified_mixed,3,2,0,0,1,1,3,2,2,0,0,"translation_status:inferred:2,source_row_low_information:1,low_statement_source_overlap:1,outcome_unresolved:1,effect_unknown:1,translation_status:untranslatable_noise:1"
doi:10.15126/thesis.901052,TBL-20260216232627-168,verified_mixed,5,3,2,0,0,2,5,5,5,0,0,"translation_status:inferred:5,source_row_low_information:2,statement_low_information:2"
doi:10.15126/thesis.901052,TBL-20260216232627-169,verified_mixed,3,2,0,0,1,1,3,3,2,0,0,"translation_status:inferred:2,source_row_low_information:1,low_statement_source_overlap:1,effect_unknown:1,translation_status:untranslatable_noise:1"
doi:10.15126/thesis.901052,TBL-20260216232627-170,verified_mixed,5,3,1,0,1,2,5,4,4,0,0,"translation_status:inferred:4,source_row_low_information:2,statement_low_information:1,low_statement_source_overlap:1,outcome_unresolved:1,effect_unknown:1"
doi:10.15126/thesis.901052,TBL-20260216232627-171,verified_mixed,3,2,1,0,0,1,3,3,3,0,0,"translation_status:inferred:3,source_row_low_information:1,statement_low_information:1"
doi:10.15126/thesis.901052,TBL-20260216232627-172,verified_mixed,3,2,0,0,1,1,3,2,2,0,0,"translation_status:fuzzy:1,translation_status:inferred:1,source_row_low_information:1,low_statement_source_overlap:1,outcome_unresolved:1,effect_unknown:1"
doi:10.15126/thesis.901052,TBL-20260216232627-173,verified_mixed,4,3,0,0,1,1,4,3,3,0,0,"translation_status:inferred:2,translation_status:fuzzy:1,source_row_low_information:1,low_statement_source_overlap:1,outcome_unresolved:1,effect_unknown:1"
doi:10.15126/thesis.901052,TBL-20260216232627-174,verified_mixed,2,1,1,0,0,1,2,2,2,0,0,"translation_status:inferred:2,source_row_low_information:1,statement_low_information:1"
doi:10.15126/thesis.901052,TBL-20260216232627-175,verified_mixed,4,3,0,0,1,1,4,3,3,0,0,"translation_status:inferred:3,source_row_low_information:1,low_statement_source_overlap:1,outcome_unresolved:1,effect_unknown:1,translation_status:untranslatable_noise:1"
doi:10.15126/thesis.901052,TBL-20260216232627-176,verified_mixed,4,3,1,0,0,1,4,4,4,0,0,"translation_status:inferred:4,source_row_low_information:1,statement_low_information:1"
doi:10.15126/thesis.901052,TBL-20260216232627-177,verified_mixed,4,3,1,0,0,1,4,4,4,0,0,"translation_status:inferred:3,translation_status:fuzzy:1,source_row_low_information:1,statement_low_information:1"
doi:10.15126/thesis.901052,TBL-20260216232627-178,verified_mixed,4,3,0,0,1,1,4,4,3,0,0,"translation_status:inferred:3,source_row_low_information:1,low_statement_source_overlap:1,effect_unknown:1,translation_status:untranslatable_noise:1"
doi:10.15126/thesis.901052,TBL-20260216232627-179,verified_mixed,3,2,1,0,0,1,3,3,3,0,0,"translation_status:inferred:3,source_row_low_information:1,statement_low_information:1"
doi:10.15126/thesis.901052,TBL-20260216232627-180,verified_mixed,3,2,1,0,0,1,3,3,3,0,0,"translation_status:inferred:2,translation_status:fuzzy:1,source_row_low_information:1,statement_low_information:1"
doi:10.15126/thesis.901052,TBL-20260216232627-182,verified_mixed,5,3,0,1,1,1,5,4,3,0,0,"low_statement_source_overlap:2,effect_unknown:2,translation_status:untranslatable_noise:2,translation_status:inferred:2,translation_status:fuzzy:1,source_row_low_information:1"
doi:10.15126/thesis.901052,TBL-20260216232628-183,verified_mixed,3,2,0,0,1,1,3,3,2,0,0,"translation_status:inferred:2,source_row_low_information:1,low_statement_source_overlap:1,effect_unknown:1,translation_status:untranslatable_noise:1"
doi:10.1613/jair.301,TBL-20260216232832-002,verified_mixed,1,0,1,0,0,1,1,1,1,0,0,"source_row_low_information:1,statement_low_information:1,translation_status:noncausal:1"
doi:10.17179/excli2021-3974,TBL-20260216232839-004,verified_mixed,11,10,0,1,0,0,11,11,10,0,0,"translation_status:inferred:10,low_statement_source_overlap:1,effect_unknown:1,translation_status:untranslatable_noise:1"
doi:10.17179/excli2021-3974,TBL-20260216232839-006,verified_mixed,9,6,0,3,0,0,9,9,6,0,0,"translation_status:inferred:6,low_statement_source_overlap:3,effect_unknown:3,translation_status:untranslatable_noise:3"
doi:10.17179/excli2021-3974,TBL-20260216232840-007,verified_mixed,9,8,0,1,0,0,9,9,8,0,0,"translation_status:inferred:8,low_statement_source_overlap:1,effect_unknown:1,translation_status:untranslatable_noise:1"
doi:10.17863/cam.41365,TBL-20260216233215-012,verified_mixed,21,20,1,0,0,0,21,20,21,0,0,"translation_status:inferred:21,outcome_unresolved:1"
doi:10.17863/cam.41365,TBL-20260216233220-028,verified_mixed,4,3,1,0,0,1,4,4,4,0,0,"translation_status:inferred:4,source_row_low_information:1,statement_low_information:1"
doi:10.18208/ksdc.2022.28.2.245,TBL-20260214100051-006,verified_mixed,3,2,1,0,0,1,3,3,3,0,0,"translation_status:inferred:3,source_row_low_information:1,statement_low_information:1"
doi:10.18208/ksdc.2022.28.2.245,TBL-20260214103019-006,verified_mixed,3,2,1,0,0,1,3,3,3,0,0,"translation_status:inferred:3,source_row_low_information:1,statement_low_information:1"
doi:10.18208/ksdc.2022.28.2.245,TBL-20260214103605-006,verified_mixed,3,2,1,0,0,1,3,3,3,0,0,"translation_status:inferred:3,source_row_low_information:1,statement_low_information:1"
doi:10.18208/ksdc.2022.28.2.245,TBL-20260214124359-006,verified_mixed,3,2,1,0,0,1,3,3,3,0,0,"translation_status:inferred:3,source_row_low_information:1,statement_low_information:1"
doi:10.18419/opus-9385,TBL-20260216235813-005,verified_mixed,1,0,1,0,0,1,1,1,1,0,0,"source_row_low_information:1,statement_low_information:1,translation_status:noncausal:1"
doi:10.18419/opus-9385,TBL-20260216235816-015,verified_mixed,9,8,1,0,0,1,9,9,9,0,0,"translation_status:inferred:7,translation_status:fuzzy:2,source_row_low_information:1,statement_low_information:1"
doi:10.18419/opus-9385,TBL-20260216235820-025,verified_mixed,8,6,2,0,0,2,8,8,8,0,0,"translation_status:inferred:8,source_row_low_information:2,statement_low_information:2"
doi:10.18419/opus-9385,TBL-20260216235820-027,verified_mixed,1,0,1,0,0,1,1,1,1,0,0,"source_row_low_information:1,statement_low_information:1,translation_status:inferred:1"
doi:10.18419/opus-9385,TBL-20260216235820-028,verified_mixed,1,0,1,0,0,1,1,1,1,0,0,"source_row_low_information:1,statement_low_information:1,translation_status:inferred:1"
doi:10.18419/opus-9385,TBL-20260216235820-029,verified_mixed,1,0,1,0,0,1,1,1,1,0,0,"source_row_low_information:1,statement_low_information:1,translation_status:inferred:1"
doi:10.18419/opus-9385,TBL-20260216235820-031,verified_mixed,2,0,2,0,0,0,2,2,2,0,0,translation_status:noncausal:2
doi:10.18419/opus-9385,TBL-20260216235835-227,verified_mixed,19,18,0,0,1,1,19,19,18,0,0,"translation_status:inferred:18,source_row_low_information:1,low_statement_source_overlap:1,effect_unknown:1,translation_status:untranslatable_noise:1"
doi:10.18419/opus-9385,TBL-20260216235837-239,verified_mixed,1,0,1,0,0,1,1,1,1,0,0,"source_row_low_information:1,statement_low_information:1,translation_status:inferred:1"
doi:10.18419/opus-9385,TBL-20260216235838-271,verified_mixed,5,3,2,0,0,2,5,5,5,0,0,"translation_status:inferred:5,source_row_low_information:2,statement_low_information:2"
doi:10.24382/5191,TBL-20260216233544-008,verified_mixed,9,8,0,0,1,1,9,9,8,0,0,"translation_status:inferred:7,source_row_low_information:1,low_statement_source_overlap:1,effect_unknown:1,translation_status:untranslatable_noise:1,translation_status:exact:1"
doi:10.24382/5191,TBL-20260216233547-029,verified_mixed,13,8,0,4,1,1,13,13,8,0,0,"translation_status:inferred:8,low_statement_source_overlap:5,effect_unknown:5,translation_status:untranslatable_noise:5,source_row_low_information:1"
doi:10.25916/sut.26402764.v1,TBL-20260216233659-040,verified_mixed,19,16,0,3,0,0,19,19,16,0,0,"translation_status:inferred:15,low_statement_source_overlap:3,effect_unknown:3,translation_status:untranslatable_noise:3,translation_status:exact:1"
doi:10.26204/kluedo/7316,TBL-20260216233746-017,verified_mixed,29,27,0,1,1,1,29,29,27,0,0,"translation_status:inferred:25,low_statement_source_overlap:2,effect_unknown:2,translation_status:untranslatable_noise:2,translation_status:fuzzy:2,source_row_low_information:1"
doi:10.26204/kluedo/7316,TBL-20260216233746-018,verified_mixed,28,27,0,1,0,0,28,28,27,0,0,"translation_status:inferred:25,translation_status:fuzzy:2,low_statement_source_overlap:1,effect_unknown:1,translation_status:untranslatable_noise:1"
doi:10.3389/fbuil.2024.1431780,TBL-20260216233811-001,verified_mixed,3,1,2,0,0,2,3,3,3,0,0,"translation_status:inferred:3,source_row_low_information:2,statement_low_information:2"
doi:10.3389/fbuil.2024.1431780,TBL-20260216233811-004,verified_mixed,9,8,0,1,0,0,9,9,8,0,0,"translation_status:inferred:8,low_statement_source_overlap:1,effect_unknown:1,translation_status:untranslatable_noise:1"
doi:10.3389/fbuil.2024.1431780,TBL-20260216233811-005,verified_mixed,9,8,0,1,0,0,9,9,8,0,0,"translation_status:inferred:8,low_statement_source_overlap:1,effect_unknown:1,translation_status:untranslatable_noise:1"
doi:10.3389/fbuil.2024.1431780,TBL-20260216233811-006,verified_mixed,9,8,0,1,0,0,9,9,8,0,0,"translation_status:inferred:8,low_statement_source_overlap:1,effect_unknown:1,translation_status:untranslatable_noise:1"
doi:10.3389/ffgc.2023.1218134,TBL-20260216233828-002,verified_mixed,5,4,0,0,1,1,5,5,4,0,0,"translation_status:inferred:4,source_row_low_information:1,low_statement_source_overlap:1,effect_unknown:1,translation_status:untranslatable_noise:1"
doi:10.3389/ffgc.2023.1218134,TBL-20260216233828-003,verified_mixed,5,4,0,0,1,1,5,5,4,0,0,"translation_status:inferred:4,source_row_low_information:1,low_statement_source_overlap:1,effect_unknown:1,translation_status:untranslatable_noise:1"
doi:10.3389/ffgc.2023.1218134,TBL-20260216233828-004,verified_mixed,5,4,0,0,1,1,5,4,4,0,0,"translation_status:inferred:4,source_row_low_information:1,low_statement_source_overlap:1,outcome_unresolved:1,effect_unknown:1,translation_status:untranslatable_noise:1"
doi:10.3389/ffgc.2023.1218134,TBL-20260216233828-005,verified_mixed,5,4,0,0,1,1,5,5,4,0,0,"translation_status:inferred:4,source_row_low_information:1,low_statement_source_overlap:1,effect_unknown:1,translation_status:untranslatable_noise:1"
doi:10.3389/fnbeh.2021.735387,TBL-20260216201905-001,verified_mixed,1,0,1,0,0,1,1,1,1,0,0,"source_row_low_information:1,statement_low_information:1,translation_status:noncausal:1"
doi:10.3389/fnsys.2021.672740,TBL-20260216201908-002,verified_mixed,1,0,1,0,0,1,1,1,1,0,0,"source_row_low_information:1,statement_low_information:1,translation_status:noncausal:1"
doi:10.3389/fpsyg.2015.00637,TBL-20260216233845-005,verified_mixed,19,18,1,0,0,1,19,19,19,0,0,"translation_status:inferred:19,source_row_low_information:1,statement_low_information:1"
doi:10.3389/fpsyg.2015.00637,TBL-20260216233845-014,verified_mixed,11,10,0,0,1,1,11,11,10,0,0,"translation_status:inferred:10,source_row_low_information:1,low_statement_source_overlap:1,effect_unknown:1,translation_status:untranslatable_noise:1"
doi:10.3389/fpsyg.2015.00637,TBL-20260216233845-021,verified_mixed,13,12,0,0,1,1,13,13,12,0,0,"translation_status:inferred:12,source_row_low_information:1,low_statement_source_overlap:1,effect_unknown:1,translation_status:untranslatable_noise:1"
doi:10.3389/fpsyg.2015.00637,TBL-20260216233845-026,verified_mixed,20,19,0,0,1,1,20,20,19,0,0,"translation_status:inferred:18,translation_status:fuzzy:1,source_row_low_information:1,low_statement_source_overlap:1,effect_unknown:1,translation_status:untranslatable_noise:1"
doi:10.3389/fpsyg.2015.00637,TBL-20260216233845-027,verified_mixed,3,2,0,0,1,1,3,3,2,0,0,"translation_status:inferred:1,translation_status:fuzzy:1,source_row_low_information:1,low_statement_source_overlap:1,effect_unknown:1,translation_status:untranslatable_noise:1"
doi:10.3389/fpsyg.2017.01454,TBL-20260216233916-013,verified_mixed,10,9,0,0,1,1,10,10,9,0,0,"translation_status:inferred:9,source_row_low_information:1,low_statement_source_overlap:1,effect_unknown:1,translation_status:untranslatable_noise:1"
doi:10.3389/fpsyg.2017.01454,TBL-20260216233916-045,verified_mixed,1,0,1,0,0,1,1,1,1,0,0,"source_row_low_information:1,statement_low_information:1,translation_status:noncausal:1"
doi:10.3389/fpsyg.2017.01454,TBL-20260216233917-072,verified_mixed,3,0,3,0,0,0,3,3,3,0,0,translation_status:noncausal:3
doi:10.3390/app13052950,TBL-20260216202007-004,verified_mixed,1,0,1,0,0,1,1,1,1,0,0,"source_row_low_information:1,statement_low_information:1,translation_status:inferred:1"
doi:10.3390/app14072699,TBL-20260214100037-003,verified_mixed,3,0,3,0,0,1,3,3,3,0,0,"translation_status:noncausal:3,source_row_low_information:1,statement_low_information:1"
doi:10.3390/app14072699,TBL-20260214113151-003,verified_mixed,3,0,3,0,0,1,3,3,3,0,0,"translation_status:noncausal:3,source_row_low_information:1,statement_low_information:1"
doi:10.3390/app14072699,TBL-20260214113635-003,verified_mixed,3,0,3,0,0,1,3,3,3,0,0,"translation_status:noncausal:3,source_row_low_information:1,statement_low_information:1"
doi:10.3390/app14072699,TBL-20260214133250-003,verified_mixed,3,0,3,0,0,1,3,3,3,0,0,"translation_status:noncausal:3,source_row_low_information:1,statement_low_information:1"
doi:10.3390/buildings7020032,TBL-20260216234153-011,verified_mixed,11,9,0,2,0,0,11,11,9,0,0,"translation_status:inferred:9,low_statement_source_overlap:2,effect_unknown:2,translation_status:untranslatable_noise:2"
doi:10.3390/buildings7020032,TBL-20260216234155-013,verified_mixed,40,36,0,4,0,0,40,40,36,0,0,"translation_status:inferred:36,low_statement_source_overlap:4,effect_unknown:4,translation_status:untranslatable_noise:4"
doi:10.3390/buildings7020032,TBL-20260216234155-015,verified_mixed,34,31,0,3,0,0,34,34,31,0,0,"translation_status:inferred:31,low_statement_source_overlap:3,effect_unknown:3,translation_status:untranslatable_noise:3"
doi:10.3390/ijerph10041439,TBL-20260216202216-001,verified_mixed,1,0,1,0,0,1,1,1,1,0,0,"source_row_low_information:1,statement_low_information:1,translation_status:noncausal:1"
doi:10.3390/ijerph110202108,TBL-20260216234255-001,verified_mixed,1,0,1,0,0,1,1,1,1,0,0,"source_row_low_information:1,statement_low_information:1,translation_status:noncausal:1"
doi:10.3390/su12104263,TBL-20260216234406-002,verified_mixed,1,0,1,0,0,1,1,1,1,0,0,"source_row_low_information:1,statement_low_information:1,translation_status:noncausal:1"
doi:10.3390/su12176760,TBL-20260216234411-008,verified_mixed,1,0,1,0,0,1,1,1,1,0,0,"source_row_low_information:1,statement_low_information:1,translation_status:inferred:1"
doi:10.3390/su14137885,TBL-20260216202315-003,verified_mixed,2,0,2,0,0,2,2,2,2,0,0,"source_row_low_information:2,low_statement_source_overlap:2,translation_status:noncausal:2"
doi:10.3758/s13421-021-01209-7,TBL-20260216234456-003,verified_mixed,5,3,0,0,2,2,5,3,3,0,0,"translation_status:inferred:3,source_row_low_information:2,low_statement_source_overlap:2,outcome_unresolved:2,effect_unknown:2,translation_status:untranslatable_noise:2"
doi:10.3758/s13428-019-01242-0,TBL-20260216234506-005,verified_mixed,1,0,1,0,0,1,1,1,1,0,0,"source_row_low_information:1,statement_low_information:1,translation_status:noncausal:1"
doi:10.54864/planarch.1491955,TBL-20260216234539-001,verified_mixed,37,35,1,0,1,2,37,37,36,0,0,"translation_status:inferred:36,source_row_low_information:2,low_statement_source_overlap:1,effect_unknown:1,translation_status:untranslatable_noise:1,statement_low_information:1"
doi:10.54864/planarch.1491955,TBL-20260216234539-005,verified_mixed,4,0,4,0,0,0,4,4,4,0,0,translation_status:noncausal:4
doi:10.54864/planarch.1491955,TBL-20260216234540-017,verified_mixed,2,0,2,0,0,0,2,2,2,0,0,translation_status:noncausal:2
doi:10.54864/planarch.1491955,TBL-20260216234540-024,verified_mixed,2,1,1,0,0,1,2,2,2,0,0,"translation_status:inferred:2,source_row_low_information:1,statement_low_information:1"
doi:10.54864/planarch.1491955,TBL-20260216234540-025,verified_mixed,2,0,2,0,0,2,2,2,2,0,0,"source_row_low_information:2,statement_low_information:2,translation_status:inferred:2"
doi:10.54864/planarch.1491955,TBL-20260216234540-027,verified_mixed,2,1,1,0,0,1,2,2,2,0,0,"translation_status:inferred:2,source_row_low_information:1,statement_low_information:1"
doi:10.54864/planarch.1491955,TBL-20260216234540-034,verified_mixed,3,2,1,0,0,1,3,3,3,0,0,"translation_status:inferred:2,translation_status:fuzzy:1,source_row_low_information:1,statement_low_information:1"
doi:10.54864/planarch.1491955,TBL-20260216234540-043,verified_mixed,10,9,0,0,1,1,10,9,9,0,0,"translation_status:inferred:9,source_row_low_information:1,low_statement_source_overlap:1,outcome_unresolved:1,effect_unknown:1,translation_status:untranslatable_noise:1"
doi:10.7302/1414,TBL-20260216234617-004,verified_mixed,4,3,1,0,0,1,4,4,4,0,0,"translation_status:inferred:4,source_row_low_information:1,statement_low_information:1"
doi:10.7302/1414,TBL-20260216234617-005,verified_mixed,3,2,1,0,0,1,3,3,3,0,0,"translation_status:inferred:3,source_row_low_information:1,statement_low_information:1"
zotero:2CHCFQSX,TBL-20260216234651-005,verified_mixed,1,0,1,0,0,1,1,1,1,0,0,"source_row_low_information:1,statement_low_information:1,translation_status:inferred:1"
zotero:2E64CG9B,TBL-20260216234712-021,verified_mixed,4,3,1,0,0,1,4,4,4,0,0,"translation_status:inferred:3,translation_status:fuzzy:1,source_row_low_information:1,statement_low_information:1"
zotero:2K5RUFVM,TBL-20260216234825-015,verified_mixed,1,0,1,0,0,1,1,1,1,0,0,"source_row_low_information:1,statement_low_information:1,translation_status:noncausal:1"
zotero:2K5RUFVM,TBL-20260216234825-020,verified_mixed,24,22,0,2,0,0,24,24,22,0,0,"translation_status:inferred:22,low_statement_source_overlap:2,effect_unknown:2,translation_status:untranslatable_noise:2"
zotero:2K5RUFVM,TBL-20260216234827-024,verified_mixed,10,9,1,0,0,1,10,10,10,0,0,"translation_status:inferred:10,source_row_low_information:1,statement_low_information:1"
zotero:2K5RUFVM,TBL-20260216234830-028,verified_mixed,7,6,1,0,0,1,7,7,7,0,0,"translation_status:inferred:7,source_row_low_information:1,statement_low_information:1"
zotero:4Q9UNT4M,TBL-20260216234938-001,verified_mixed,17,16,0,1,0,0,17,17,16,0,0,"translation_status:inferred:16,low_statement_source_overlap:1,effect_unknown:1,translation_status:untranslatable_noise:1"
zotero:4Q9UNT4M,TBL-20260216234950-009,verified_mixed,2,0,2,0,0,2,2,2,2,0,0,"source_row_low_information:2,translation_status:noncausal:2,low_statement_source_overlap:1,statement_low_information:1"
zotero:4Q9UNT4M,TBL-20260216234956-019,verified_mixed,2,0,2,0,0,2,2,2,2,0,0,"source_row_low_information:2,low_statement_source_overlap:2,translation_status:noncausal:2"
zotero:4Q9UNT4M,TBL-20260216234959-024,verified_mixed,7,6,1,0,0,1,7,7,7,0,0,"translation_status:inferred:7,source_row_low_information:1,statement_low_information:1"
zotero:4QHCLZ4R,TBL-20260216235105-031,verified_mixed,11,10,0,1,0,0,11,11,10,0,0,"translation_status:inferred:10,low_statement_source_overlap:1,effect_unknown:1,translation_status:untranslatable_noise:1"
zotero:4QHCLZ4R,TBL-20260216235105-032,verified_mixed,11,10,0,1,0,0,11,11,10,0,0,"translation_status:inferred:10,low_statement_source_overlap:1,effect_unknown:1,translation_status:untranslatable_noise:1"
zotero:878RTY64,TBL-20260216235141-004,verified_mixed,1,0,1,0,0,0,1,1,1,0,0,translation_status:noncausal:1
zotero:878RTY64,TBL-20260216235142-013,verified_mixed,3,2,0,0,1,1,3,3,2,0,0,"translation_status:inferred:2,source_row_low_information:1,low_statement_source_overlap:1,effect_unknown:1,translation_status:untranslatable_noise:1"
zotero:878RTY64,TBL-20260216235143-023,verified_mixed,2,1,1,0,0,1,2,2,2,0,0,"translation_status:inferred:2,source_row_low_information:1,statement_low_information:1"
zotero:BDKAMCED,TBL-20260216203345-005,verified_mixed,2,1,1,0,0,1,2,2,2,0,0,"translation_status:inferred:2,source_row_low_information:1,statement_low_information:1"
zotero:BYQ83W2G,TBL-20260216235202-001,verified_mixed,7,6,0,1,0,0,7,7,6,0,0,"translation_status:inferred:6,low_statement_source_overlap:1,effect_unknown:1,translation_status:untranslatable_noise:1"
zotero:BYQ83W2G,TBL-20260216235204-003,verified_mixed,18,17,0,1,0,0,18,18,17,0,0,"translation_status:inferred:16,low_statement_source_overlap:1,effect_unknown:1,translation_status:untranslatable_noise:1,translation_status:fuzzy:1"
zotero:BYQ83W2G,TBL-20260216235204-009,verified_mixed,1,0,1,0,0,1,1,1,1,0,0,"source_row_low_information:1,statement_low_information:1,translation_status:inferred:1"
zotero:BYQ83W2G,TBL-20260216235205-013,verified_mixed,12,11,0,0,1,1,12,12,11,0,0,"translation_status:inferred:11,source_row_low_information:1,low_statement_source_overlap:1,effect_unknown:1,translation_status:untranslatable_noise:1"
zotero:BYQ83W2G,TBL-20260216235207-020,verified_mixed,19,18,0,1,0,0,19,19,18,0,0,"translation_status:inferred:18,low_statement_source_overlap:1,effect_unknown:1,translation_status:untranslatable_noise:1"
zotero:F4X7UZLU,TBL-20260216235240-003,verified_mixed,1,0,1,0,0,1,1,1,1,0,0,"source_row_low_information:1,statement_low_information:1,translation_status:inferred:1"
zotero:F4X7UZLU,TBL-20260216235241-008,verified_mixed,1,0,1,0,0,1,1,1,1,0,0,"source_row_low_information:1,statement_low_information:1,translation_status:noncausal:1"
zotero:F4X7UZLU,TBL-20260216235241-015,verified_mixed,10,9,0,0,1,1,10,10,9,0,0,"translation_status:inferred:8,translation_status:fuzzy:1,source_row_low_information:1,low_statement_source_overlap:1,effect_unknown:1,translation_status:untranslatable_noise:1"
zotero:F4X7UZLU,TBL-20260216235241-020,verified_mixed,2,1,1,0,0,1,2,2,2,0,0,"translation_status:inferred:2,source_row_low_information:1,statement_low_information:1"
zotero:F4X7UZLU,TBL-20260216235243-046,verified_mixed,23,21,0,0,2,2,23,21,21,0,0,"translation_status:inferred:21,source_row_low_information:2,low_statement_source_overlap:2,outcome_unresolved:2,effect_unknown:2,translation_status:untranslatable_noise:2"
zotero:H2N34YKV,TBL-20260216235344-005,verified_mixed,1,0,1,0,0,1,1,1,1,0,0,"source_row_low_information:1,statement_low_information:1,translation_status:noncausal:1"
zotero:H2N34YKV,TBL-20260216235344-006,verified_mixed,4,3,0,0,1,1,4,3,3,0,0,"translation_status:inferred:3,source_row_low_information:1,low_statement_source_overlap:1,outcome_unresolved:1,effect_unknown:1,translation_status:untranslatable_noise:1"
zotero:H6V4IFMZ,TBL-20260216235353-016,verified_mixed,1,0,1,0,0,1,1,1,1,0,0,"source_row_low_information:1,statement_low_information:1,translation_status:inferred:1"
zotero:H6V4IFMZ,TBL-20260216235353-023,verified_mixed,1,0,1,0,0,1,1,1,1,0,0,"source_row_low_information:1,statement_low_information:1,translation_status:inferred:1"
zotero:H6V4IFMZ,TBL-20260216235353-024,verified_mixed,1,0,1,0,0,1,1,1,1,0,0,"source_row_low_information:1,statement_low_information:1,translation_status:inferred:1"
zotero:H6V4IFMZ,TBL-20260216235353-027,verified_mixed,1,0,1,0,0,1,1,1,1,0,0,"source_row_low_information:1,statement_low_information:1,translation_status:fuzzy:1"
zotero:MRZL6AGQ,TBL-20260216235402-005,verified_mixed,19,18,1,0,0,1,19,19,19,0,0,"translation_status:inferred:19,source_row_low_information:1,statement_low_information:1"
zotero:MRZL6AGQ,TBL-20260216235403-014,verified_mixed,11,10,0,0,1,1,11,11,10,0,0,"translation_status:inferred:10,source_row_low_information:1,low_statement_source_overlap:1,effect_unknown:1,translation_status:untranslatable_noise:1"
zotero:MRZL6AGQ,TBL-20260216235403-021,verified_mixed,13,12,0,0,1,1,13,13,12,0,0,"translation_status:inferred:12,source_row_low_information:1,low_statement_source_overlap:1,effect_unknown:1,translation_status:untranslatable_noise:1"
zotero:MRZL6AGQ,TBL-20260216235403-026,verified_mixed,20,19,0,0,1,1,20,20,19,0,0,"translation_status:inferred:18,translation_status:fuzzy:1,source_row_low_information:1,low_statement_source_overlap:1,effect_unknown:1,translation_status:untranslatable_noise:1"
zotero:MRZL6AGQ,TBL-20260216235403-027,verified_mixed,3,2,0,0,1,1,3,3,2,0,0,"translation_status:inferred:1,translation_status:fuzzy:1,source_row_low_information:1,low_statement_source_overlap:1,effect_unknown:1,translation_status:untranslatable_noise:1"
zotero:Q5YDAT65,TBL-20260216235434-013,verified_mixed,1,0,1,0,0,1,1,1,1,0,0,"source_row_low_information:1,statement_low_information:1,translation_status:inferred:1"
zotero:Q5YDAT65,TBL-20260216235434-016,verified_mixed,13,11,1,0,1,2,13,13,12,0,0,"translation_status:inferred:12,source_row_low_information:2,statement_low_information:1,low_statement_source_overlap:1,effect_unknown:1,translation_status:untranslatable_noise:1"
zotero:SMQEULKJ,TBL-20260216203607-001,verified_mixed,1,0,1,0,0,1,1,1,1,0,0,"source_row_low_information:1,statement_low_information:1,translation_status:inferred:1"
doi:10.1002/joc.2120,TBL-20260216225753-002,verified_strong,1,1,0,0,0,0,1,1,1,0,0,translation_status:inferred:1
doi:10.1002/joc.2120,TBL-20260216225753-008,verified_strong,2,2,0,0,0,0,2,2,2,0,0,translation_status:inferred:2
doi:10.1002/wcs.1238,TBL-20260214155654-001,verified_strong,1,1,0,0,0,0,1,1,1,0,0,translation_status:inferred:1
doi:10.1002/wcs.1238,TBL-20260214155654-002,verified_strong,1,1,0,0,0,0,1,1,1,0,0,translation_status:inferred:1
doi:10.1002/wcs.147,TBL-20260216225757-005,verified_strong,11,11,0,0,0,0,11,11,11,0,0,translation_status:inferred:11
doi:10.1002/wcs.147,TBL-20260216225757-006,verified_strong,8,8,0,0,0,0,8,8,8,0,0,translation_status:inferred:8
doi:10.1002/wcs.147,TBL-20260216225757-007,verified_strong,2,2,0,0,0,0,2,2,2,0,0,translation_status:inferred:2
doi:10.1002/wcs.147,TBL-20260216225758-008,verified_strong,7,7,0,0,0,0,7,7,7,0,0,translation_status:inferred:7
doi:10.1002/wcs.147,TBL-20260216225758-009,verified_strong,24,24,0,0,0,0,24,24,24,0,0,translation_status:inferred:24
doi:10.1002/wcs.147,TBL-20260216225758-010,verified_strong,11,11,0,0,0,0,11,11,11,0,0,translation_status:inferred:11
doi:10.1002/wcs.147,TBL-20260216225759-011,verified_strong,1,1,0,0,0,0,1,1,1,0,0,translation_status:inferred:1
doi:10.1002/wcs.147,TBL-20260216225759-012,verified_strong,7,7,0,0,0,0,7,7,7,0,0,translation_status:inferred:7
doi:10.1002/wcs.147,TBL-20260216225759-013,verified_strong,8,8,0,0,0,0,8,8,8,0,0,translation_status:fuzzy:8
doi:10.1002/wcs.147,TBL-20260216225800-014,verified_strong,5,5,0,0,0,0,5,5,5,0,0,translation_status:inferred:5
doi:10.1002/wcs.147,TBL-20260216225800-015,verified_strong,2,2,0,0,0,0,2,2,2,0,0,translation_status:inferred:2
doi:10.1002/wcs.147,TBL-20260216225800-016,verified_strong,7,7,0,0,0,0,7,7,7,0,0,translation_status:inferred:7
doi:10.1002/wcs.147,TBL-20260216225801-017,verified_strong,1,1,0,0,0,0,1,1,1,0,0,translation_status:inferred:1
doi:10.1002/wcs.147,TBL-20260216225801-018,verified_strong,1,1,0,0,0,0,1,1,1,0,0,translation_status:inferred:1
doi:10.1002/wcs.147,TBL-20260216225801-019,verified_strong,1,1,0,0,0,0,1,1,1,0,0,translation_status:inferred:1
doi:10.1002/wcs.147,TBL-20260216225801-020,verified_strong,1,1,0,0,0,0,1,1,1,0,0,translation_status:inferred:1
doi:10.1002/wcs.147,TBL-20260216225801-021,verified_strong,1,1,0,0,0,0,1,1,1,0,0,translation_status:inferred:1
doi:10.1002/wcs.147,TBL-20260216225801-022,verified_strong,1,1,0,0,0,0,1,1,1,0,0,translation_status:inferred:1
doi:10.1006/jevp.1996.0015,TBL-20260216225840-001,verified_strong,1,1,0,0,0,0,1,1,1,0,0,translation_status:inferred:1
doi:10.1006/jevp.1996.0032,TBL-20260216225846-002,verified_strong,1,1,0,0,0,0,1,1,1,0,0,translation_status:inferred:1
doi:10.1006/jevp.1996.0032,TBL-20260216225846-003,verified_strong,1,1,0,0,0,0,1,1,1,0,0,translation_status:inferred:1
doi:10.1006/jevp.1999.0169,TBL-20260216225851-001,verified_strong,10,10,0,0,0,0,10,10,10,0,0,translation_status:inferred:10
doi:10.1006/jevp.1999.0169,TBL-20260216225851-002,verified_strong,3,3,0,0,0,0,3,3,3,0,0,translation_status:inferred:3
doi:10.1007/11853565_19,TBL-20260216225911-001,verified_strong,23,23,0,0,0,0,23,23,23,0,0,translation_status:inferred:23
doi:10.1007/11853565_19,TBL-20260216225911-003,verified_strong,1,1,0,0,0,0,1,1,1,0,0,translation_status:inferred:1
doi:10.1007/11853565_19,TBL-20260216225913-004,verified_strong,1,1,0,0,0,0,1,1,1,0,0,translation_status:inferred:1
doi:10.1007/978-3-031-41148-9_12,TBL-20260216195251-002,verified_strong,2,2,0,0,0,0,2,2,2,0,0,translation_status:inferred:2
doi:10.1007/978-3-031-41148-9_12,TBL-20260216195251-003,verified_strong,3,3,0,0,0,0,3,3,3,0,0,"translation_status:fuzzy:1,translation_status:inferred:1,translation_status:exact:1"
doi:10.1007/978-3-031-41148-9_12,TBL-20260216195251-004,verified_strong,2,2,0,0,0,0,2,2,2,0,0,"translation_status:inferred:1,translation_status:exact:1"
doi:10.1007/978-3-031-41148-9_12,TBL-20260216195251-005,verified_strong,3,3,0,0,0,0,3,3,3,0,0,"translation_status:exact:1,translation_status:fuzzy:1,translation_status:inferred:1"
doi:10.1007/978-3-319-45430-6,TBL-20260216230022-002,verified_strong,4,4,0,0,0,0,4,4,4,0,0,translation_status:inferred:4
doi:10.1007/978-3-319-45430-6,TBL-20260216230022-003,verified_strong,2,2,0,0,0,0,2,2,2,0,0,translation_status:inferred:2
doi:10.1007/978-3-319-45430-6,TBL-20260216230022-004,verified_strong,4,4,0,0,0,0,4,4,4,0,0,"translation_status:inferred:3,translation_status:fuzzy:1"
doi:10.1007/978-3-319-45430-6,TBL-20260216230022-005,verified_strong,1,1,0,0,0,0,1,1,1,0,0,translation_status:inferred:1
doi:10.1007/978-3-319-45430-6,TBL-20260216230027-007,verified_strong,1,1,0,0,0,0,1,1,1,0,0,translation_status:inferred:1
doi:10.1007/978-3-319-45430-6,TBL-20260216230027-008,verified_strong,1,1,0,0,0,0,1,1,1,0,0,translation_status:inferred:1
doi:10.1007/978-3-319-45430-6,TBL-20260216230027-009,verified_strong,1,1,0,0,0,0,1,1,1,0,0,translation_status:inferred:1
doi:10.1007/978-3-319-45430-6,TBL-20260216230028-010,verified_strong,9,9,0,0,0,0,9,9,9,0,0,translation_status:inferred:9
doi:10.1007/978-3-319-45430-6,TBL-20260216230029-014,verified_strong,20,20,0,0,0,0,20,20,20,0,0,translation_status:inferred:20
doi:10.1007/978-3-319-45430-6,TBL-20260216230029-016,verified_strong,22,22,0,0,0,0,22,22,22,0,0,translation_status:inferred:22
doi:10.1007/978-981-99-4638-9_27-1,TBL-20260216195655-003,verified_strong,2,2,0,0,0,0,2,2,2,0,0,translation_status:inferred:2
doi:10.1007/978-981-99-4638-9_27-1,TBL-20260216195655-004,verified_strong,2,2,0,0,0,0,2,2,2,0,0,translation_status:inferred:2
doi:10.1007/978-981-99-4638-9_27-1,TBL-20260216195655-005,verified_strong,2,2,0,0,0,0,2,2,2,0,0,translation_status:inferred:2
doi:10.1007/978-981-99-4638-9_27-1,TBL-20260216195655-006,verified_strong,2,2,0,0,0,0,2,2,2,0,0,translation_status:inferred:2
doi:10.1007/978-981-99-4638-9_27-1,TBL-20260216195655-007,verified_strong,2,2,0,0,0,0,2,2,2,0,0,translation_status:inferred:2
doi:10.1007/978-981-99-4638-9_27-1,TBL-20260216195655-008,verified_strong,12,12,0,0,0,0,12,12,12,0,0,translation_status:inferred:12
doi:10.1007/s00265-018-2602-7,TBL-20260216230203-001,verified_strong,1,1,0,0,0,0,1,1,1,0,0,translation_status:inferred:1
doi:10.1007/s00265-018-2602-7,TBL-20260216230205-003,verified_strong,18,18,0,0,0,0,18,18,18,0,0,translation_status:inferred:18
doi:10.1007/s00265-018-2602-7,TBL-20260216230205-004,verified_strong,18,18,0,0,0,0,18,18,18,0,0,translation_status:fuzzy:18
doi:10.1007/s00265-018-2602-7,TBL-20260216230205-005,verified_strong,18,18,0,0,0,0,18,18,18,0,0,translation_status:inferred:18
doi:10.1007/s00426-018-1015-6,TBL-20260216195715-002,verified_strong,7,7,0,0,0,0,7,7,7,0,0,translation_status:inferred:7
doi:10.1007/s00426-018-1015-6,TBL-20260216195716-004,verified_strong,7,7,0,0,0,0,7,7,7,0,0,translation_status:inferred:7
doi:10.1007/s00426-018-1015-6,TBL-20260216195716-005,verified_strong,14,14,0,0,0,0,14,14,14,0,0,translation_status:inferred:14
doi:10.1007/s00426-018-1015-6,TBL-20260216195716-006,verified_strong,14,14,0,0,0,0,14,14,14,0,0,translation_status:inferred:14
doi:10.1007/s00426-018-1015-6,TBL-20260216195716-007,verified_strong,14,14,0,0,0,0,14,14,14,0,0,translation_status:inferred:14
doi:10.1007/s10648-011-9174-7,TBL-20260214095217-001,verified_strong,1,1,0,0,0,0,1,1,1,0,0,translation_status:inferred:1
doi:10.1007/s10648-011-9174-7,TBL-20260214112705-001,verified_strong,1,1,0,0,0,0,1,1,1,0,0,translation_status:inferred:1
doi:10.1007/s10648-011-9174-7,TBL-20260214112727-001,verified_strong,1,1,0,0,0,0,1,1,1,0,0,translation_status:inferred:1
doi:10.1007/s10648-011-9174-7,TBL-20260214131905-001,verified_strong,1,1,0,0,0,0,1,1,1,0,0,translation_status:inferred:1
doi:10.1007/s11406-017-9841-0,TBL-20260216230311-005,verified_strong,1,1,0,0,0,0,1,1,1,0,0,translation_status:fuzzy:1
doi:10.1007/s11406-017-9841-0,TBL-20260216230315-011,verified_strong,2,2,0,0,0,0,2,2,2,0,0,"translation_status:inferred:1,translation_status:fuzzy:1"
doi:10.1007/s11406-017-9841-0,TBL-20260216230316-012,verified_strong,1,1,0,0,0,0,1,1,1,0,0,translation_status:exact:1
doi:10.1007/s11406-017-9841-0,TBL-20260216230326-042,verified_strong,2,2,0,0,0,0,2,2,2,0,0,translation_status:inferred:2
doi:10.1007/s11406-017-9841-0,TBL-20260216230326-043,verified_strong,2,2,0,0,0,0,2,2,2,0,0,translation_status:inferred:2
doi:10.1007/s11406-017-9841-0,TBL-20260216230327-044,verified_strong,2,2,0,0,0,0,2,2,2,0,0,"translation_status:fuzzy:1,translation_status:inferred:1"
doi:10.1007/s11406-017-9841-0,TBL-20260216230327-045,verified_strong,2,2,0,0,0,0,2,2,2,0,0,"translation_status:fuzzy:1,translation_status:inferred:1"
doi:10.1007/s11406-017-9841-0,TBL-20260216230327-047,verified_strong,2,2,0,0,0,0,2,2,2,0,0,translation_status:inferred:2
doi:10.1007/s11406-017-9841-0,TBL-20260216230327-048,verified_strong,2,2,0,0,0,0,2,2,2,0,0,"translation_status:fuzzy:1,translation_status:inferred:1"
doi:10.1007/s11406-017-9841-0,TBL-20260216230327-049,verified_strong,2,2,0,0,0,0,2,2,2,0,0,"translation_status:fuzzy:1,translation_status:inferred:1"
doi:10.1007/s11406-017-9841-0,TBL-20260216230329-051,verified_strong,1,1,0,0,0,0,1,1,1,0,0,translation_status:fuzzy:1
doi:10.1007/s11406-017-9841-0,TBL-20260216230332-057,verified_strong,1,1,0,0,0,0,1,1,1,0,0,translation_status:fuzzy:1
doi:10.1007/s11406-017-9841-0,TBL-20260216230332-058,verified_strong,1,1,0,0,0,0,1,1,1,0,0,translation_status:fuzzy:1
doi:10.1007/s11406-017-9841-0,TBL-20260216230332-059,verified_strong,1,1,0,0,0,0,1,1,1,0,0,translation_status:fuzzy:1
doi:10.1007/s11406-017-9841-0,TBL-20260216230332-060,verified_strong,1,1,0,0,0,0,1,1,1,0,0,translation_status:fuzzy:1
doi:10.1007/s11406-017-9841-0,TBL-20260216230332-061,verified_strong,2,2,0,0,0,0,2,2,2,0,0,"translation_status:fuzzy:1,translation_status:inferred:1"
doi:10.1007/s11406-017-9841-0,TBL-20260216230341-077,verified_strong,1,1,0,0,0,0,1,1,1,0,0,translation_status:fuzzy:1
doi:10.1007/s11818-019-00215-x,TBL-20260216151834-001,verified_strong,2,2,0,0,0,0,2,2,2,0,0,translation_status:inferred:2
doi:10.1007/s12273-021-0875-7,TBL-20260216151847-001,verified_strong,1,1,0,0,0,0,1,1,1,0,0,translation_status:inferred:1
doi:10.1016/b978-0-444-53817-8.00007-4,TBL-20260216230512-003,verified_strong,11,11,0,0,0,0,11,11,11,0,0,translation_status:inferred:11
doi:10.1016/j.actpsy.2021.103285,TBL-20260216230526-001,verified_strong,2,2,0,0,0,0,2,2,2,0,0,translation_status:inferred:2
doi:10.1016/j.actpsy.2021.103285,TBL-20260216230528-002,verified_strong,8,8,0,0,0,0,8,8,8,0,0,translation_status:inferred:8
doi:10.1016/j.actpsy.2021.103285,TBL-20260216230531-003,verified_strong,1,1,0,0,0,0,1,1,1,0,0,translation_status:inferred:1
doi:10.1016/j.actpsy.2021.103285,TBL-20260216230531-004,verified_strong,1,1,0,0,0,0,1,1,1,0,0,translation_status:inferred:1
doi:10.1016/j.actpsy.2021.103285,TBL-20260216230531-011,verified_strong,1,1,0,0,0,0,1,1,1,0,0,translation_status:inferred:1
doi:10.1016/j.actpsy.2021.103285,TBL-20260216230531-012,verified_strong,1,1,0,0,0,0,1,1,1,0,0,translation_status:inferred:1
doi:10.1016/j.actpsy.2021.103285,TBL-20260216230531-013,verified_strong,1,1,0,0,0,0,1,1,1,0,0,translation_status:inferred:1
doi:10.1016/j.actpsy.2021.103285,TBL-20260216230531-014,verified_strong,1,1,0,0,0,0,1,1,1,0,0,translation_status:inferred:1
doi:10.1016/j.actpsy.2021.103285,TBL-20260216230531-015,verified_strong,1,1,0,0,0,0,1,1,1,0,0,translation_status:inferred:1
doi:10.1016/j.actpsy.2021.103285,TBL-20260216230531-016,verified_strong,1,1,0,0,0,0,1,1,1,0,0,translation_status:inferred:1
doi:10.1016/j.buildenv.2018.04.029,TBL-20260216230617-010,verified_strong,10,10,0,0,0,0,10,10,10,0,0,translation_status:inferred:10
doi:10.1016/j.compfluid.2019.06.031,TBL-20260216230625-002,verified_strong,1,1,0,0,0,0,1,1,1,0,0,translation_status:inferred:1
doi:10.1016/j.compfluid.2019.06.031,TBL-20260216230626-007,verified_strong,2,2,0,0,0,0,2,2,2,0,0,translation_status:inferred:2
doi:10.1016/j.compfluid.2019.06.031,TBL-20260216230627-008,verified_strong,1,1,0,0,0,0,1,1,1,0,0,translation_status:inferred:1
doi:10.1016/j.compfluid.2019.06.031,TBL-20260216230628-013,verified_strong,1,1,0,0,0,0,1,1,1,0,0,translation_status:inferred:1
doi:10.1016/j.envres.2020.110169,TBL-20260216230711-002,verified_strong,9,9,0,0,0,0,9,9,9,0,0,translation_status:fuzzy:9
doi:10.1016/j.landurbplan.2012.12.013,TBL-20260216230726-001,verified_strong,2,2,0,0,0,0,2,2,2,0,0,translation_status:inferred:2
doi:10.1016/j.landurbplan.2012.12.013,TBL-20260216230728-002,verified_strong,2,2,0,0,0,0,2,2,2,0,0,translation_status:inferred:2
doi:10.1016/j.landurbplan.2012.12.013,TBL-20260216230729-003,verified_strong,1,1,0,0,0,0,1,1,1,0,0,translation_status:inferred:1
doi:10.1016/j.matdes.2012.06.028,TBL-20260214095809-002,verified_strong,6,6,0,0,0,0,6,6,6,0,0,translation_status:inferred:6
doi:10.1016/j.matdes.2012.06.028,TBL-20260214095809-003,verified_strong,3,3,0,0,0,0,3,3,3,0,0,translation_status:inferred:3
doi:10.1016/j.matdes.2012.06.028,TBL-20260214100304-002,verified_strong,6,6,0,0,0,0,6,6,6,0,0,translation_status:inferred:6
doi:10.1016/j.matdes.2012.06.028,TBL-20260214100304-003,verified_strong,3,3,0,0,0,0,3,3,3,0,0,translation_status:inferred:3
doi:10.1016/j.matdes.2012.06.028,TBL-20260214100351-002,verified_strong,6,6,0,0,0,0,6,6,6,0,0,translation_status:inferred:6
doi:10.1016/j.matdes.2012.06.028,TBL-20260214100351-003,verified_strong,3,3,0,0,0,0,3,3,3,0,0,translation_status:inferred:3
doi:10.1016/j.matdes.2012.06.028,TBL-20260214122029-002,verified_strong,6,6,0,0,0,0,6,6,6,0,0,translation_status:inferred:6
doi:10.1016/j.matdes.2012.06.028,TBL-20260214122029-003,verified_strong,3,3,0,0,0,0,3,3,3,0,0,translation_status:inferred:3
doi:10.1016/j.neuropsychologia.2014.08.030,TBL-20260216230755-002,verified_strong,4,4,0,0,0,0,4,4,4,0,0,translation_status:inferred:4
doi:10.1016/j.neuropsychologia.2014.08.030,TBL-20260216230757-005,verified_strong,6,6,0,0,0,0,6,6,6,0,0,translation_status:inferred:6
doi:10.1016/j.neuropsychologia.2014.08.030,TBL-20260216230757-006,verified_strong,1,1,0,0,0,0,1,1,1,0,0,translation_status:inferred:1
doi:10.1016/j.neuropsychologia.2014.08.030,TBL-20260216230757-009,verified_strong,2,2,0,0,0,0,2,2,2,0,0,translation_status:inferred:2
doi:10.1016/j.neuropsychologia.2014.08.030,TBL-20260216230757-010,verified_strong,1,1,0,0,0,0,1,1,1,0,0,translation_status:inferred:1
doi:10.1016/j.neuropsychologia.2014.08.030,TBL-20260216230757-012,verified_strong,1,1,0,0,0,0,1,1,1,0,0,translation_status:inferred:1
doi:10.1016/j.neuropsychologia.2014.08.030,TBL-20260216230757-013,verified_strong,1,1,0,0,0,0,1,1,1,0,0,translation_status:inferred:1
doi:10.1016/j.neuropsychologia.2014.08.030,TBL-20260216230801-015,verified_strong,1,1,0,0,0,0,1,1,1,0,0,translation_status:inferred:1
doi:10.1016/j.neuropsychologia.2014.08.030,TBL-20260216230806-018,verified_strong,6,6,0,0,0,0,6,6,6,0,0,translation_status:inferred:6
doi:10.1016/j.neuropsychologia.2014.08.030,TBL-20260216230811-026,verified_strong,11,11,0,0,0,0,11,11,11,0,0,translation_status:inferred:11
doi:10.1016/j.neuropsychologia.2014.08.030,TBL-20260216230811-034,verified_strong,4,4,0,0,0,0,4,4,4,0,0,translation_status:inferred:4
doi:10.1016/j.neuropsychologia.2014.08.030,TBL-20260216230811-046,verified_strong,2,2,0,0,0,0,2,2,2,0,0,translation_status:inferred:2
doi:10.1016/j.neuropsychologia.2014.08.030,TBL-20260216230812-059,verified_strong,6,6,0,0,0,0,6,6,6,0,0,translation_status:inferred:6
doi:10.1016/j.neuropsychologia.2014.08.030,TBL-20260216230815-089,verified_strong,14,14,0,0,0,0,14,14,14,0,0,translation_status:inferred:14
doi:10.1017/jmo.2021.17,TBL-20260214094421-001,verified_strong,2,2,0,0,0,0,2,2,2,0,0,translation_status:exact:2
doi:10.1017/jmo.2021.17,TBL-20260214094423-007,verified_strong,1,1,0,0,0,0,1,1,1,0,0,translation_status:fuzzy:1
doi:10.1017/jmo.2021.17,TBL-20260214100625-001,verified_strong,2,2,0,0,0,0,2,2,2,0,0,translation_status:exact:2
doi:10.1017/jmo.2021.17,TBL-20260214100630-007,verified_strong,1,1,0,0,0,0,1,1,1,0,0,translation_status:fuzzy:1
doi:10.1017/jmo.2021.17,TBL-20260214101151-001,verified_strong,2,2,0,0,0,0,2,2,2,0,0,translation_status:exact:2
doi:10.1017/jmo.2021.17,TBL-20260214101156-007,verified_strong,1,1,0,0,0,0,1,1,1,0,0,translation_status:fuzzy:1
doi:10.1017/jmo.2021.17,TBL-20260214122253-001,verified_strong,2,2,0,0,0,0,2,2,2,0,0,translation_status:exact:2
doi:10.1017/jmo.2021.17,TBL-20260214122258-007,verified_strong,1,1,0,0,0,0,1,1,1,0,0,translation_status:fuzzy:1
doi:10.1017/s1930297500008317,TBL-20260214095847-001,verified_strong,1,1,0,0,0,0,1,1,1,0,0,translation_status:inferred:1
doi:10.1017/s1930297500008317,TBL-20260214113038-001,verified_strong,1,1,0,0,0,0,1,1,1,0,0,translation_status:inferred:1
doi:10.1017/s1930297500008317,TBL-20260214113509-001,verified_strong,1,1,0,0,0,0,1,1,1,0,0,translation_status:inferred:1
doi:10.1017/s1930297500008317,TBL-20260214133131-001,verified_strong,1,1,0,0,0,0,1,1,1,0,0,translation_status:inferred:1
doi:10.1037/0033-295x.113.2.358,TBL-20260216230812-002,verified_strong,4,4,0,0,0,0,4,4,4,0,0,translation_status:inferred:4
doi:10.1037/0033-295x.113.2.358,TBL-20260216230812-003,verified_strong,2,2,0,0,0,0,2,2,2,0,0,translation_status:inferred:2
doi:10.1037/0033-295x.113.2.358,TBL-20260216230812-004,verified_strong,4,4,0,0,0,0,4,4,4,0,0,"translation_status:inferred:3,translation_status:fuzzy:1"
doi:10.1037/0033-295x.113.2.358,TBL-20260216230812-005,verified_strong,1,1,0,0,0,0,1,1,1,0,0,translation_status:inferred:1
doi:10.1037/0033-295x.113.2.358,TBL-20260216230823-007,verified_strong,1,1,0,0,0,0,1,1,1,0,0,translation_status:inferred:1
doi:10.1037/0033-295x.113.2.358,TBL-20260216230824-008,verified_strong,1,1,0,0,0,0,1,1,1,0,0,translation_status:inferred:1
doi:10.1037/0033-295x.113.2.358,TBL-20260216230824-009,verified_strong,1,1,0,0,0,0,1,1,1,0,0,translation_status:inferred:1
doi:10.1037/0033-295x.113.2.358,TBL-20260216230825-010,verified_strong,9,9,0,0,0,0,9,9,9,0,0,translation_status:inferred:9
doi:10.1037/0033-295x.113.2.358,TBL-20260216230828-014,verified_strong,20,20,0,0,0,0,20,20,20,0,0,translation_status:inferred:20
doi:10.1037/0033-295x.113.2.358,TBL-20260216230829-016,verified_strong,22,22,0,0,0,0,22,22,22,0,0,translation_status:inferred:22
doi:10.1037/aca0000359,TBL-20260216231020-001,verified_strong,1,1,0,0,0,0,1,1,1,0,0,translation_status:inferred:1
doi:10.1037/aca0000359,TBL-20260216231022-003,verified_strong,18,18,0,0,0,0,18,18,18,0,0,translation_status:inferred:18
doi:10.1037/aca0000359,TBL-20260216231022-004,verified_strong,18,18,0,0,0,0,18,18,18,0,0,translation_status:fuzzy:18
doi:10.1037/aca0000359,TBL-20260216231023-005,verified_strong,18,18,0,0,0,0,18,18,18,0,0,translation_status:inferred:18
doi:10.1038/s41598-022-20649-y,TBL-20260216231046-001,verified_strong,4,4,0,0,0,0,4,4,4,0,0,translation_status:inferred:4
doi:10.1038/s41598-022-20649-y,TBL-20260216231047-002,verified_strong,16,16,0,0,0,0,16,16,16,0,0,translation_status:inferred:16
doi:10.1038/s41598-022-20649-y,TBL-20260216231047-004,verified_strong,16,16,0,0,0,0,16,16,16,0,0,translation_status:inferred:16
doi:10.1038/s41598-022-20649-y,TBL-20260216231047-005,verified_strong,16,16,0,0,0,0,16,16,16,0,0,translation_status:inferred:16
doi:10.1038/s41598-022-20649-y,TBL-20260216231047-006,verified_strong,16,16,0,0,0,0,16,16,16,0,0,translation_status:inferred:16
doi:10.1038/s41598-022-20649-y,TBL-20260216231047-007,verified_strong,16,16,0,0,0,0,16,16,16,0,0,translation_status:inferred:16
doi:10.1038/s41598-022-20649-y,TBL-20260216231047-008,verified_strong,16,16,0,0,0,0,16,16,16,0,0,translation_status:inferred:16
doi:10.1038/s41598-022-20649-y,TBL-20260216231047-009,verified_strong,16,16,0,0,0,0,16,16,16,0,0,translation_status:inferred:16
doi:10.1038/s41598-022-27141-7,TBL-20260214155710-001,verified_strong,9,9,0,0,0,0,9,9,9,0,0,"translation_status:inferred:8,translation_status:fuzzy:1"
doi:10.1038/s41598-022-27141-7,TBL-20260215003749-001,verified_strong,9,9,0,0,0,0,9,9,9,0,0,"translation_status:inferred:8,translation_status:fuzzy:1"
doi:10.1068/p5292,TBL-20260216231110-001,verified_strong,23,23,0,0,0,0,23,23,23,0,0,translation_status:inferred:23
doi:10.1068/p5292,TBL-20260216231113-004,verified_strong,1,1,0,0,0,0,1,1,1,0,0,translation_status:inferred:1
doi:10.1068/p5292,TBL-20260216231113-005,verified_strong,3,3,0,0,0,0,3,3,3,0,0,translation_status:inferred:3
doi:10.1068/p5921,TBL-20260216231126-001,verified_strong,1,1,0,0,0,0,1,1,1,0,0,translation_status:fuzzy:1
doi:10.1068/p5921,TBL-20260216231127-003,verified_strong,4,4,0,0,0,0,4,4,4,0,0,translation_status:inferred:4
doi:10.1073/pnas.2112318119,TBL-20260216231151-001,verified_strong,1,1,0,0,0,0,1,1,1,0,0,translation_status:inferred:1
doi:10.1073/pnas.2112318119,TBL-20260216231153-006,verified_strong,5,5,0,0,0,0,5,5,5,0,0,translation_status:inferred:5
doi:10.1073/pnas.2112318119,TBL-20260216231153-012,verified_strong,1,1,0,0,0,0,1,1,1,0,0,translation_status:inferred:1
doi:10.1073/pnas.2112318119,TBL-20260216231154-017,verified_strong,1,1,0,0,0,0,1,1,1,0,0,translation_status:inferred:1
doi:10.1073/pnas.2112318119,TBL-20260216231154-018,verified_strong,1,1,0,0,0,0,1,1,1,0,0,translation_status:inferred:1
doi:10.1080/13527258.2017.1286607,TBL-20260214095058-001,verified_strong,2,2,0,0,0,0,2,2,2,0,0,translation_status:inferred:2
doi:10.1080/13527258.2017.1286607,TBL-20260214095253-001,verified_strong,2,2,0,0,0,0,2,2,2,0,0,translation_status:inferred:2
doi:10.1080/13527258.2017.1286607,TBL-20260214095700-001,verified_strong,2,2,0,0,0,0,2,2,2,0,0,translation_status:inferred:2
doi:10.1080/13527258.2017.1286607,TBL-20260214121131-001,verified_strong,2,2,0,0,0,0,2,2,2,0,0,translation_status:inferred:2
doi:10.1080/17508975.2020.1732859,TBL-20260216231237-001,verified_strong,7,7,0,0,0,0,7,7,7,0,0,"translation_status:inferred:6,translation_status:fuzzy:1"
doi:10.1080/17508975.2020.1732859,TBL-20260216231238-002,verified_strong,1,1,0,0,0,0,1,1,1,0,0,translation_status:inferred:1
doi:10.1080/17508975.2020.1732859,TBL-20260216231238-004,verified_strong,1,1,0,0,0,0,1,1,1,0,0,translation_status:inferred:1
doi:10.1080/17508975.2020.1732859,TBL-20260216231239-006,verified_strong,2,2,0,0,0,0,2,2,2,0,0,translation_status:inferred:2
doi:10.1080/17508975.2020.1732859,TBL-20260216231239-009,verified_strong,8,8,0,0,0,0,8,8,8,0,0,"translation_status:inferred:5,translation_status:fuzzy:3"
doi:10.1080/17508975.2020.1732859,TBL-20260216231240-012,verified_strong,20,20,0,0,0,0,20,20,20,0,0,"translation_status:inferred:14,translation_status:exact:3,translation_status:fuzzy:3"
doi:10.1080/17508975.2020.1732859,TBL-20260216231240-014,verified_strong,1,1,0,0,0,0,1,1,1,0,0,translation_status:inferred:1
doi:10.1080/17508975.2020.1732859,TBL-20260216231240-015,verified_strong,1,1,0,0,0,0,1,1,1,0,0,translation_status:inferred:1
doi:10.1080/17508975.2020.1732859,TBL-20260216231240-016,verified_strong,1,1,0,0,0,0,1,1,1,0,0,translation_status:inferred:1
doi:10.1080/17508975.2020.1732859,TBL-20260216231240-017,verified_strong,1,1,0,0,0,0,1,1,1,0,0,translation_status:inferred:1
doi:10.1088/1755-1315/1218/1/012020,TBL-20260214094735-006,verified_strong,1,1,0,0,0,0,1,1,1,0,0,translation_status:inferred:1
doi:10.1088/1755-1315/1218/1/012020,TBL-20260214104516-006,verified_strong,1,1,0,0,0,0,1,1,1,0,0,translation_status:inferred:1
doi:10.1088/1755-1315/1218/1/012020,TBL-20260214104640-006,verified_strong,1,1,0,0,0,0,1,1,1,0,0,translation_status:inferred:1
doi:10.1088/1755-1315/1218/1/012020,TBL-20260214125810-006,verified_strong,1,1,0,0,0,0,1,1,1,0,0,translation_status:inferred:1
doi:10.1093/oxfordhb/9780198735410.013.10,TBL-20260216231658-002,verified_strong,1,1,0,0,0,0,1,1,1,0,0,translation_status:inferred:1
doi:10.1093/oxfordhb/9780198735410.013.10,TBL-20260216231658-003,verified_strong,1,1,0,0,0,0,1,1,1,0,0,translation_status:inferred:1
doi:10.1098/rsos.240762,TBL-20260216231703-001,verified_strong,1,1,0,0,0,0,1,1,1,0,0,translation_status:inferred:1
doi:10.1098/rsos.240762,TBL-20260216231703-002,verified_strong,17,17,0,0,0,0,17,17,17,0,0,translation_status:inferred:17
doi:10.1098/rsos.240762,TBL-20260216231703-003,verified_strong,1,1,0,0,0,0,1,1,1,0,0,translation_status:inferred:1
doi:10.1098/rsos.240762,TBL-20260216231703-004,verified_strong,16,16,0,0,0,0,16,16,16,0,0,translation_status:inferred:16
doi:10.1098/rsos.240762,TBL-20260216231703-005,verified_strong,7,7,0,0,0,0,7,7,7,0,0,translation_status:inferred:7
doi:10.1098/rsos.240762,TBL-20260216231703-006,verified_strong,15,15,0,0,0,0,15,15,15,0,0,"translation_status:inferred:13,translation_status:fuzzy:2"
doi:10.1098/rsos.240762,TBL-20260216231703-007,verified_strong,3,3,0,0,0,0,3,3,3,0,0,translation_status:inferred:3
doi:10.1098/rsos.240762,TBL-20260216231703-008,verified_strong,2,2,0,0,0,0,2,2,2,0,0,translation_status:inferred:2
doi:10.1098/rsos.240762,TBL-20260216231703-010,verified_strong,1,1,0,0,0,0,1,1,1,0,0,translation_status:fuzzy:1
doi:10.1098/rsos.240762,TBL-20260216231703-011,verified_strong,4,4,0,0,0,0,4,4,4,0,0,translation_status:inferred:4
doi:10.1098/rsos.240762,TBL-20260216231703-012,verified_strong,3,3,0,0,0,0,3,3,3,0,0,translation_status:inferred:3
doi:10.1098/rsos.240762,TBL-20260216231703-014,verified_strong,3,3,0,0,0,0,3,3,3,0,0,translation_status:inferred:3
doi:10.1098/rsos.240762,TBL-20260216231703-015,verified_strong,9,9,0,0,0,0,9,9,9,0,0,"translation_status:inferred:8,translation_status:fuzzy:1"
doi:10.1098/rsos.240762,TBL-20260216231703-016,verified_strong,17,17,0,0,0,0,17,17,17,0,0,"translation_status:inferred:16,translation_status:fuzzy:1"
doi:10.1098/rsos.240762,TBL-20260216231703-017,verified_strong,11,11,0,0,0,0,11,11,11,0,0,"translation_status:inferred:10,translation_status:fuzzy:1"
doi:10.1098/rsos.240762,TBL-20260216231703-019,verified_strong,2,2,0,0,0,0,2,2,2,0,0,translation_status:inferred:2
doi:10.1098/rsos.240762,TBL-20260216231703-020,verified_strong,15,15,0,0,0,0,15,15,15,0,0,translation_status:inferred:15
doi:10.1098/rsos.240762,TBL-20260216231703-021,verified_strong,4,4,0,0,0,0,4,4,4,0,0,translation_status:inferred:4
doi:10.1098/rsos.240762,TBL-20260216231703-022,verified_strong,15,15,0,0,0,0,15,15,15,0,0,translation_status:inferred:15
doi:10.1098/rsos.240762,TBL-20260216231703-023,verified_strong,13,13,0,0,0,0,13,13,13,0,0,translation_status:inferred:13
doi:10.1098/rsos.240762,TBL-20260216231703-025,verified_strong,18,18,0,0,0,0,18,18,18,0,0,"translation_status:inferred:17,translation_status:fuzzy:1"
doi:10.1098/rsos.240762,TBL-20260216231703-026,verified_strong,21,21,0,0,0,0,21,21,21,0,0,translation_status:inferred:21
doi:10.1098/rsos.240762,TBL-20260216231703-027,verified_strong,4,4,0,0,0,0,4,4,4,0,0,translation_status:inferred:4
doi:10.1098/rsos.240762,TBL-20260216231703-028,verified_strong,2,2,0,0,0,0,2,2,2,0,0,translation_status:inferred:2
doi:10.1098/rsos.240762,TBL-20260216231703-029,verified_strong,11,11,0,0,0,0,11,11,11,0,0,translation_status:inferred:11
doi:10.1098/rsos.240762,TBL-20260216231703-031,verified_strong,4,4,0,0,0,0,4,4,4,0,0,translation_status:inferred:4
doi:10.1098/rsos.240762,TBL-20260216231703-032,verified_strong,7,7,0,0,0,0,7,7,7,0,0,translation_status:inferred:7
doi:10.1098/rsos.240762,TBL-20260216231703-033,verified_strong,12,12,0,0,0,0,12,12,12,0,0,translation_status:inferred:12
doi:10.1098/rsos.240762,TBL-20260216231703-034,verified_strong,9,9,0,0,0,0,9,9,9,0,0,"translation_status:inferred:8,translation_status:exact:1"
doi:10.1098/rsos.240762,TBL-20260216231703-035,verified_strong,1,1,0,0,0,0,1,1,1,0,0,translation_status:inferred:1
doi:10.1098/rsos.240762,TBL-20260216231703-036,verified_strong,1,1,0,0,0,0,1,1,1,0,0,translation_status:inferred:1
doi:10.1098/rsos.240762,TBL-20260216231703-037,verified_strong,9,9,0,0,0,0,9,9,9,0,0,translation_status:inferred:9
doi:10.1098/rsos.240762,TBL-20260216231703-038,verified_strong,2,2,0,0,0,0,2,2,2,0,0,translation_status:inferred:2
doi:10.1098/rsos.240762,TBL-20260216231703-039,verified_strong,6,6,0,0,0,0,6,6,6,0,0,translation_status:inferred:6
doi:10.1098/rsos.240762,TBL-20260216231703-040,verified_strong,1,1,0,0,0,0,1,1,1,0,0,translation_status:inferred:1
doi:10.1098/rsos.240762,TBL-20260216231703-041,verified_strong,1,1,0,0,0,0,1,1,1,0,0,translation_status:inferred:1
doi:10.1098/rsos.240762,TBL-20260216231703-042,verified_strong,6,6,0,0,0,0,6,6,6,0,0,"translation_status:inferred:5,translation_status:fuzzy:1"
doi:10.1098/rsos.240762,TBL-20260216231703-043,verified_strong,1,1,0,0,0,0,1,1,1,0,0,translation_status:fuzzy:1
doi:10.1098/rsos.240762,TBL-20260216231703-044,verified_strong,1,1,0,0,0,0,1,1,1,0,0,translation_status:inferred:1
doi:10.1098/rsos.240762,TBL-20260216231703-046,verified_strong,1,1,0,0,0,0,1,1,1,0,0,translation_status:fuzzy:1
doi:10.1098/rsos.240762,TBL-20260216231703-047,verified_strong,11,11,0,0,0,0,11,11,11,0,0,translation_status:inferred:11
doi:10.1098/rsos.240762,TBL-20260216231703-048,verified_strong,7,7,0,0,0,0,7,7,7,0,0,"translation_status:inferred:3,translation_status:fuzzy:3,translation_status:exact:1"
doi:10.1098/rsos.240762,TBL-20260216231704-050,verified_strong,12,12,0,0,0,0,12,12,12,0,0,translation_status:inferred:12
doi:10.1098/rsos.240762,TBL-20260216231704-051,verified_strong,11,11,0,0,0,0,11,11,11,0,0,"translation_status:inferred:8,translation_status:fuzzy:3"
doi:10.1098/rsos.240762,TBL-20260216231704-052,verified_strong,11,11,0,0,0,0,11,11,11,0,0,translation_status:inferred:11
doi:10.1098/rsos.240762,TBL-20260216231704-053,verified_strong,13,13,0,0,0,0,13,13,13,0,0,translation_status:inferred:13
doi:10.1098/rsos.240762,TBL-20260216231704-054,verified_strong,11,11,0,0,0,0,11,11,11,0,0,"translation_status:inferred:8,translation_status:fuzzy:3"
doi:10.1098/rsos.240762,TBL-20260216231704-055,verified_strong,1,1,0,0,0,0,1,1,1,0,0,translation_status:inferred:1
doi:10.1098/rsos.240762,TBL-20260216231704-056,verified_strong,12,12,0,0,0,0,12,12,12,0,0,"translation_status:exact:8,translation_status:fuzzy:4"
doi:10.1098/rsos.240762,TBL-20260216231704-057,verified_strong,1,1,0,0,0,0,1,1,1,0,0,translation_status:fuzzy:1
doi:10.1098/rsos.240762,TBL-20260216231704-058,verified_strong,2,2,0,0,0,0,2,2,2,0,0,translation_status:inferred:2
doi:10.1098/rsos.240762,TBL-20260216231704-059,verified_strong,1,1,0,0,0,0,1,1,1,0,0,translation_status:inferred:1
doi:10.1098/rsos.240762,TBL-20260216231704-060,verified_strong,1,1,0,0,0,0,1,1,1,0,0,translation_status:inferred:1
doi:10.1098/rsos.240762,TBL-20260216231704-061,verified_strong,1,1,0,0,0,0,1,1,1,0,0,translation_status:inferred:1
doi:10.1098/rsos.240762,TBL-20260216231704-062,verified_strong,1,1,0,0,0,0,1,1,1,0,0,translation_status:inferred:1
doi:10.1098/rsos.240762,TBL-20260216231704-063,verified_strong,4,4,0,0,0,0,4,4,4,0,0,translation_status:inferred:4
doi:10.1098/rsos.240762,TBL-20260216231704-064,verified_strong,4,4,0,0,0,0,4,4,4,0,0,translation_status:inferred:4
doi:10.1098/rsos.240762,TBL-20260216231704-065,verified_strong,1,1,0,0,0,0,1,1,1,0,0,translation_status:exact:1
doi:10.1098/rsos.240762,TBL-20260216231704-066,verified_strong,1,1,0,0,0,0,1,1,1,0,0,translation_status:exact:1
doi:10.1098/rsos.240762,TBL-20260216231704-067,verified_strong,5,5,0,0,0,0,5,5,5,0,0,"translation_status:fuzzy:4,translation_status:exact:1"
doi:10.1098/rsos.240762,TBL-20260216231704-069,verified_strong,12,12,0,0,0,0,12,12,12,0,0,"translation_status:exact:7,translation_status:fuzzy:5"
doi:10.1098/rsos.240762,TBL-20260216231704-070,verified_strong,1,1,0,0,0,0,1,1,1,0,0,translation_status:exact:1
doi:10.1098/rsos.240762,TBL-20260216231704-071,verified_strong,3,3,0,0,0,0,3,3,3,0,0,translation_status:fuzzy:3
doi:10.1098/rsos.240762,TBL-20260216231704-073,verified_strong,3,3,0,0,0,0,3,3,3,0,0,"translation_status:fuzzy:2,translation_status:inferred:1"
doi:10.1098/rsos.240762,TBL-20260216231704-074,verified_strong,1,1,0,0,0,0,1,1,1,0,0,translation_status:inferred:1
doi:10.1098/rsos.240762,TBL-20260216231704-075,verified_strong,3,3,0,0,0,0,3,3,3,0,0,"translation_status:inferred:2,translation_status:exact:1"
doi:10.1098/rsos.240762,TBL-20260216231704-076,verified_strong,7,7,0,0,0,0,7,7,7,0,0,"translation_status:inferred:6,translation_status:fuzzy:1"
doi:10.1098/rsos.240762,TBL-20260216231704-078,verified_strong,1,1,0,0,0,0,1,1,1,0,0,translation_status:inferred:1
doi:10.1098/rsos.240762,TBL-20260216231704-079,verified_strong,22,22,0,0,0,0,22,22,22,0,0,translation_status:fuzzy:22
doi:10.1098/rsos.240762,TBL-20260216231704-080,verified_strong,10,10,0,0,0,0,10,10,10,0,0,translation_status:inferred:10
doi:10.1098/rsos.240762,TBL-20260216231704-081,verified_strong,16,16,0,0,0,0,16,16,16,0,0,translation_status:inferred:16
doi:10.1098/rsos.240762,TBL-20260216231704-082,verified_strong,16,16,0,0,0,0,16,16,16,0,0,translation_status:inferred:16
doi:10.1098/rsos.240762,TBL-20260216231704-083,verified_strong,4,4,0,0,0,0,4,4,4,0,0,translation_status:inferred:4
doi:10.1098/rsos.240762,TBL-20260216231704-084,verified_strong,7,7,0,0,0,0,7,7,7,0,0,translation_status:inferred:7
doi:10.1098/rsos.240762,TBL-20260216231704-085,verified_strong,13,13,0,0,0,0,13,13,13,0,0,"translation_status:inferred:12,translation_status:exact:1"
doi:10.1098/rsos.240762,TBL-20260216231704-086,verified_strong,4,4,0,0,0,0,4,4,4,0,0,"translation_status:fuzzy:2,translation_status:inferred:2"
doi:10.1108/17465729200400010,TBL-20260216231823-002,verified_strong,9,9,0,0,0,0,9,9,9,0,0,translation_status:fuzzy:9
doi:10.1111/cogs.12518,TBL-20260216231834-007,verified_strong,2,2,0,0,0,0,2,2,2,0,0,translation_status:fuzzy:2
doi:10.1111/cogs.12518,TBL-20260216231834-011,verified_strong,6,6,0,0,0,0,6,6,6,0,0,"translation_status:inferred:4,translation_status:fuzzy:2"
doi:10.1111/cogs.12518,TBL-20260216231834-013,verified_strong,2,2,0,0,0,0,2,2,2,0,0,translation_status:inferred:2
doi:10.1111/cogs.12518,TBL-20260216231834-015,verified_strong,2,2,0,0,0,0,2,2,2,0,0,translation_status:inferred:2
doi:10.1111/cogs.12518,TBL-20260216231834-016,verified_strong,2,2,0,0,0,0,2,2,2,0,0,translation_status:inferred:2
doi:10.1111/cogs.12518,TBL-20260216231834-017,verified_strong,4,4,0,0,0,0,4,4,4,0,0,"translation_status:fuzzy:2,translation_status:inferred:2"
doi:10.1111/cogs.12518,TBL-20260216231834-024,verified_strong,3,3,0,0,0,0,3,3,3,0,0,translation_status:inferred:3
doi:10.1111/cogs.12518,TBL-20260216231835-026,verified_strong,4,4,0,0,0,0,4,4,4,0,0,translation_status:inferred:4
doi:10.1111/cogs.12518,TBL-20260216231835-027,verified_strong,2,2,0,0,0,0,2,2,2,0,0,translation_status:inferred:2
doi:10.1111/cogs.12518,TBL-20260216231835-032,verified_strong,2,2,0,0,0,0,2,2,2,0,0,translation_status:inferred:2
doi:10.1111/cogs.12518,TBL-20260216231835-033,verified_strong,3,3,0,0,0,0,3,3,3,0,0,translation_status:inferred:3
doi:10.1111/cogs.12518,TBL-20260216231835-043,verified_strong,3,3,0,0,0,0,3,3,3,0,0,translation_status:inferred:3
doi:10.1111/cogs.12518,TBL-20260216231835-054,verified_strong,2,2,0,0,0,0,2,2,2,0,0,translation_status:inferred:2
doi:10.1111/cogs.12518,TBL-20260216231835-055,verified_strong,3,3,0,0,0,0,3,3,3,0,0,"translation_status:fuzzy:2,translation_status:inferred:1"
doi:10.1111/cogs.12518,TBL-20260216231835-057,verified_strong,2,2,0,0,0,0,2,2,2,0,0,translation_status:inferred:2
doi:10.1111/cogs.12518,TBL-20260216231835-059,verified_strong,1,1,0,0,0,0,1,1,1,0,0,translation_status:inferred:1
doi:10.1111/cogs.12518,TBL-20260216231835-064,verified_strong,2,2,0,0,0,0,2,2,2,0,0,translation_status:inferred:2
doi:10.1111/cogs.12518,TBL-20260216231835-079,verified_strong,2,2,0,0,0,0,2,2,2,0,0,"translation_status:fuzzy:1,translation_status:inferred:1"
doi:10.1111/cogs.12518,TBL-20260216231836-083,verified_strong,3,3,0,0,0,0,3,3,3,0,0,translation_status:inferred:3
doi:10.1111/cogs.12518,TBL-20260216231836-086,verified_strong,6,6,0,0,0,0,6,6,6,0,0,"translation_status:inferred:4,translation_status:fuzzy:2"
doi:10.1111/cogs.12518,TBL-20260216231836-106,verified_strong,3,3,0,0,0,0,3,3,3,0,0,translation_status:inferred:3
doi:10.1111/cogs.12518,TBL-20260216231836-107,verified_strong,1,1,0,0,0,0,1,1,1,0,0,translation_status:inferred:1
doi:10.1111/cogs.12518,TBL-20260216231836-117,verified_strong,6,6,0,0,0,0,6,6,6,0,0,"translation_status:inferred:5,translation_status:fuzzy:1"
doi:10.1111/cogs.12518,TBL-20260216231836-118,verified_strong,1,1,0,0,0,0,1,1,1,0,0,translation_status:inferred:1
doi:10.1111/cogs.12518,TBL-20260216231836-123,verified_strong,3,3,0,0,0,0,3,3,3,0,0,translation_status:inferred:3
doi:10.1111/cogs.12518,TBL-20260216231836-128,verified_strong,1,1,0,0,0,0,1,1,1,0,0,translation_status:inferred:1
doi:10.1111/cogs.12518,TBL-20260216231836-130,verified_strong,1,1,0,0,0,0,1,1,1,0,0,translation_status:inferred:1
doi:10.1111/cogs.12518,TBL-20260216231836-132,verified_strong,3,3,0,0,0,0,3,3,3,0,0,"translation_status:inferred:2,translation_status:fuzzy:1"
doi:10.1111/cogs.12518,TBL-20260216231836-134,verified_strong,3,3,0,0,0,0,3,3,3,0,0,translation_status:inferred:3
doi:10.1111/cogs.12518,TBL-20260216231836-139,verified_strong,1,1,0,0,0,0,1,1,1,0,0,translation_status:inferred:1
doi:10.1111/cogs.12518,TBL-20260216231837-142,verified_strong,2,2,0,0,0,0,2,2,2,0,0,translation_status:inferred:2
doi:10.1111/cogs.12518,TBL-20260216231837-144,verified_strong,2,2,0,0,0,0,2,2,2,0,0,translation_status:inferred:2
doi:10.1111/cogs.12518,TBL-20260216231837-165,verified_strong,6,6,0,0,0,0,6,6,6,0,0,"translation_status:inferred:5,translation_status:fuzzy:1"
doi:10.1111/cogs.12518,TBL-20260216231837-181,verified_strong,3,3,0,0,0,0,3,3,3,0,0,translation_status:inferred:3
doi:10.1111/cogs.12518,TBL-20260216231838-184,verified_strong,3,3,0,0,0,0,3,3,3,0,0,translation_status:inferred:3
doi:10.1111/joid.12165,TBL-20260216232050-001,verified_strong,2,2,0,0,0,0,2,2,2,0,0,translation_status:inferred:2
doi:10.1111/joid.12165,TBL-20260216232050-002,verified_strong,2,2,0,0,0,0,2,2,2,0,0,translation_status:inferred:2
doi:10.1111/joid.12165,TBL-20260216232050-003,verified_strong,2,2,0,0,0,0,2,2,2,0,0,translation_status:inferred:2
doi:10.1111/joid.12179,TBL-20260214092339-006,verified_strong,2,2,0,0,0,0,2,2,2,0,0,translation_status:inferred:2
doi:10.1111/joid.12179,TBL-20260214115926-006,verified_strong,2,2,0,0,0,0,2,2,2,0,0,translation_status:inferred:2
doi:10.1111/joid.12179,TBL-20260215003543-001,verified_strong,2,2,0,0,0,0,2,2,2,0,0,translation_status:inferred:2
doi:10.1111/joid.12224,TBL-20260214095819-002,verified_strong,1,1,0,0,0,0,1,1,1,0,0,translation_status:inferred:1
doi:10.1111/joid.12224,TBL-20260214095819-003,verified_strong,1,1,0,0,0,0,1,1,1,0,0,translation_status:inferred:1
doi:10.1111/joid.12224,TBL-20260214105229-002,verified_strong,1,1,0,0,0,0,1,1,1,0,0,translation_status:inferred:1
doi:10.1111/joid.12224,TBL-20260214105229-003,verified_strong,1,1,0,0,0,0,1,1,1,0,0,translation_status:inferred:1
doi:10.1111/joid.12224,TBL-20260214105336-002,verified_strong,1,1,0,0,0,0,1,1,1,0,0,translation_status:inferred:1
doi:10.1111/joid.12224,TBL-20260214105336-003,verified_strong,1,1,0,0,0,0,1,1,1,0,0,translation_status:inferred:1
doi:10.1111/joid.12224,TBL-20260214130344-002,verified_strong,1,1,0,0,0,0,1,1,1,0,0,translation_status:inferred:1
doi:10.1111/joid.12224,TBL-20260214130344-003,verified_strong,1,1,0,0,0,0,1,1,1,0,0,translation_status:inferred:1
doi:10.1111/psyp.14121,TBL-20260216232055-001,verified_strong,1,1,0,0,0,0,1,1,1,0,0,translation_status:inferred:1
doi:10.1111/psyp.14121,TBL-20260216232055-005,verified_strong,1,1,0,0,0,0,1,1,1,0,0,translation_status:inferred:1
doi:10.1111/psyp.14121,TBL-20260216232055-007,verified_strong,2,2,0,0,0,0,2,2,2,0,0,translation_status:inferred:2
doi:10.1111/psyp.14121,TBL-20260216232055-009,verified_strong,2,2,0,0,0,0,2,2,2,0,0,translation_status:inferred:2
doi:10.11113/jt.v78.8281,TBL-20260214160201-001,verified_strong,1,1,0,0,0,0,1,1,1,0,0,translation_status:inferred:1
doi:10.1121/1.2839283,TBL-20260216232138-001,verified_strong,2,2,0,0,0,0,2,2,2,0,0,translation_status:inferred:2
doi:10.1121/1.2839283,TBL-20260216232138-002,verified_strong,1,1,0,0,0,0,1,1,1,0,0,translation_status:inferred:1
doi:10.1121/1.2839283,TBL-20260216232140-004,verified_strong,1,1,0,0,0,0,1,1,1,0,0,translation_status:inferred:1
doi:10.1145/3309714,TBL-20260214155756-001,verified_strong,1,1,0,0,0,0,1,1,1,0,0,translation_status:inferred:1
doi:10.1145/3676488,TBL-20260216232148-003,verified_strong,2,2,0,0,0,0,2,2,2,0,0,translation_status:inferred:2
doi:10.1145/3676488,TBL-20260216232148-004,verified_strong,1,1,0,0,0,0,1,1,1,0,0,translation_status:inferred:1
doi:10.1146/annurev.psych.47.1.273,TBL-20260216232209-002,verified_strong,1,1,0,0,0,0,1,1,1,0,0,translation_status:inferred:1
doi:10.1146/annurev.psych.47.1.273,TBL-20260216232210-008,verified_strong,2,2,0,0,0,0,2,2,2,0,0,translation_status:inferred:2
doi:10.1162/105474603322761289,TBL-20260216232219-002,verified_strong,5,5,0,0,0,0,5,5,5,0,0,translation_status:inferred:5
doi:10.1162/105474603322761289,TBL-20260216232219-003,verified_strong,9,9,0,0,0,0,9,9,9,0,0,translation_status:inferred:9
doi:10.1162/105474603322761289,TBL-20260216232219-004,verified_strong,5,5,0,0,0,0,5,5,5,0,0,translation_status:inferred:5
doi:10.1162/105474603322761289,TBL-20260216232219-005,verified_strong,9,9,0,0,0,0,9,9,9,0,0,"translation_status:inferred:8,translation_status:fuzzy:1"
doi:10.1177/0018720819892383,TBL-20260216232258-002,verified_strong,4,4,0,0,0,0,4,4,4,0,0,translation_status:inferred:4
doi:10.1177/0018720819892383,TBL-20260216232258-003,verified_strong,19,19,0,0,0,0,19,19,19,0,0,translation_status:inferred:19
doi:10.1177/0146167208320555,TBL-20260215003750-001,verified_strong,6,6,0,0,0,0,6,6,6,0,0,"translation_status:fuzzy:2,translation_status:exact:2,translation_status:inferred:2"
doi:10.1177/0146167208320555,TBL-20260215003752-009,verified_strong,2,2,0,0,0,0,2,2,2,0,0,translation_status:inferred:2
doi:10.1177/0146167208320555,TBL-20260215003753-011,verified_strong,3,3,0,0,0,0,3,3,3,0,0,translation_status:inferred:3
doi:10.1177/03010066211020598,TBL-20260216232324-006,verified_strong,2,2,0,0,0,0,2,2,2,0,0,translation_status:inferred:2
doi:10.1177/03010066211020598,TBL-20260216232324-007,verified_strong,1,1,0,0,0,0,1,1,1,0,0,translation_status:inferred:1
doi:10.1177/1745691615576761,TBL-20260214094720-001,verified_strong,1,1,0,0,0,0,1,1,1,0,0,translation_status:inferred:1
doi:10.1177/1745691615576761,TBL-20260214100715-001,verified_strong,1,1,0,0,0,0,1,1,1,0,0,translation_status:inferred:1
doi:10.1177/1745691615576761,TBL-20260214101225-001,verified_strong,1,1,0,0,0,0,1,1,1,0,0,translation_status:inferred:1
doi:10.1177/1745691615576761,TBL-20260214122340-001,verified_strong,1,1,0,0,0,0,1,1,1,0,0,translation_status:inferred:1
doi:10.1177/1754073911410744,TBL-20260216201024-002,verified_strong,7,7,0,0,0,0,7,7,7,0,0,translation_status:inferred:7
doi:10.1177/1754073911410744,TBL-20260216201024-004,verified_strong,7,7,0,0,0,0,7,7,7,0,0,translation_status:inferred:7
doi:10.1177/1754073911410744,TBL-20260216201024-005,verified_strong,14,14,0,0,0,0,14,14,14,0,0,translation_status:inferred:14
doi:10.1177/1754073911410744,TBL-20260216201024-006,verified_strong,14,14,0,0,0,0,14,14,14,0,0,translation_status:inferred:14
doi:10.1177/1754073911410744,TBL-20260216201025-007,verified_strong,14,14,0,0,0,0,14,14,14,0,0,translation_status:inferred:14
doi:10.1177/1937586720932276,TBL-20260214100042-003,verified_strong,2,2,0,0,0,0,2,2,2,0,0,translation_status:inferred:2
doi:10.1177/1937586720932276,TBL-20260214103009-003,verified_strong,2,2,0,0,0,0,2,2,2,0,0,translation_status:inferred:2
doi:10.1177/1937586720932276,TBL-20260214103552-003,verified_strong,2,2,0,0,0,0,2,2,2,0,0,translation_status:inferred:2
doi:10.1177/1937586720932276,TBL-20260214124347-003,verified_strong,2,2,0,0,0,0,2,2,2,0,0,translation_status:inferred:2
doi:10.1184/r1/23538486.v1,TBL-20260216232412-001,verified_strong,1,1,0,0,0,0,1,1,1,0,0,translation_status:inferred:1
doi:10.1184/r1/23538486.v1,TBL-20260216232412-002,verified_strong,22,22,0,0,0,0,22,22,22,0,0,translation_status:inferred:22
doi:10.1184/r1/23538486.v1,TBL-20260216232412-003,verified_strong,2,2,0,0,0,0,2,2,2,0,0,translation_status:inferred:2
doi:10.1184/r1/23538486.v1,TBL-20260216232412-004,verified_strong,8,8,0,0,0,0,8,8,8,0,0,translation_status:inferred:8
doi:10.1184/r1/23538486.v1,TBL-20260216232412-005,verified_strong,6,6,0,0,0,0,6,6,6,0,0,translation_status:inferred:6
doi:10.1184/r1/23538486.v1,TBL-20260216232412-006,verified_strong,8,8,0,0,0,0,8,8,8,0,0,translation_status:inferred:8
doi:10.1184/r1/23538486.v1,TBL-20260216232412-007,verified_strong,13,13,0,0,0,0,13,13,13,0,0,translation_status:inferred:13
doi:10.1184/r1/23538486.v1,TBL-20260216232412-008,verified_strong,3,3,0,0,0,0,3,3,3,0,0,translation_status:inferred:3
doi:10.1184/r1/23538486.v1,TBL-20260216232412-010,verified_strong,8,8,0,0,0,0,8,8,8,0,0,translation_status:inferred:8
doi:10.1184/r1/23538486.v1,TBL-20260216232413-011,verified_strong,6,6,0,0,0,0,6,6,6,0,0,translation_status:inferred:6
doi:10.13135/2384-8677/9265,TBL-20260214094752-001,verified_strong,8,8,0,0,0,0,8,8,8,0,0,"translation_status:inferred:7,translation_status:fuzzy:1"
doi:10.13135/2384-8677/9265,TBL-20260214104525-001,verified_strong,8,8,0,0,0,0,8,8,8,0,0,"translation_status:inferred:7,translation_status:fuzzy:1"
doi:10.13135/2384-8677/9265,TBL-20260214104651-001,verified_strong,8,8,0,0,0,0,8,8,8,0,0,"translation_status:inferred:7,translation_status:fuzzy:1"
doi:10.13135/2384-8677/9265,TBL-20260214125821-001,verified_strong,8,8,0,0,0,0,8,8,8,0,0,"translation_status:inferred:7,translation_status:fuzzy:1"
doi:10.1371/journal.pone.0123783,TBL-20260216232501-002,verified_strong,1,1,0,0,0,0,1,1,1,0,0,translation_status:inferred:1
doi:10.1371/journal.pone.0123783,TBL-20260216232503-007,verified_strong,6,6,0,0,0,0,6,6,6,0,0,translation_status:inferred:6
doi:10.1371/journal.pone.0123783,TBL-20260216232503-008,verified_strong,11,11,0,0,0,0,11,11,11,0,0,translation_status:inferred:11
doi:10.1371/journal.pone.0123783,TBL-20260216232504-015,verified_strong,9,9,0,0,0,0,9,9,9,0,0,translation_status:inferred:9
doi:10.1371/journal.pone.0123783,TBL-20260216232505-018,verified_strong,18,18,0,0,0,0,18,18,18,0,0,translation_status:inferred:18
doi:10.1371/journal.pone.0243259,TBL-20260216232539-002,verified_strong,7,7,0,0,0,0,7,7,7,0,0,translation_status:inferred:7
doi:10.1371/journal.pone.0265412,TBL-20260216232546-002,verified_strong,7,7,0,0,0,0,7,7,7,0,0,translation_status:inferred:7
doi:10.14288/1.0071305,TBL-20260216232555-029,verified_strong,5,5,0,0,0,0,5,5,5,0,0,translation_status:inferred:5
doi:10.14288/1.0071305,TBL-20260216232555-030,verified_strong,5,5,0,0,0,0,5,5,5,0,0,"translation_status:fuzzy:3,translation_status:inferred:2"
doi:10.14288/1.0071305,TBL-20260216232555-031,verified_strong,4,4,0,0,0,0,4,4,4,0,0,"translation_status:fuzzy:3,translation_status:inferred:1"
doi:10.14288/1.0071305,TBL-20260216232555-032,verified_strong,3,3,0,0,0,0,3,3,3,0,0,"translation_status:fuzzy:2,translation_status:inferred:1"
doi:10.14288/1.0071305,TBL-20260216232555-033,verified_strong,1,1,0,0,0,0,1,1,1,0,0,translation_status:fuzzy:1
doi:10.14288/1.0071305,TBL-20260216232557-036,verified_strong,13,13,0,0,0,0,13,13,13,0,0,translation_status:inferred:13
doi:10.14288/1.0071305,TBL-20260216232557-038,verified_strong,9,9,0,0,0,0,9,9,9,0,0,translation_status:inferred:9
doi:10.15126/thesis.901052,TBL-20260216232624-007,verified_strong,2,2,0,0,0,0,2,2,2,0,0,translation_status:fuzzy:2
doi:10.15126/thesis.901052,TBL-20260216232624-011,verified_strong,6,6,0,0,0,0,6,6,6,0,0,"translation_status:inferred:4,translation_status:fuzzy:2"
doi:10.15126/thesis.901052,TBL-20260216232624-013,verified_strong,2,2,0,0,0,0,2,2,2,0,0,translation_status:inferred:2
doi:10.15126/thesis.901052,TBL-20260216232624-015,verified_strong,2,2,0,0,0,0,2,2,2,0,0,translation_status:inferred:2
doi:10.15126/thesis.901052,TBL-20260216232624-016,verified_strong,2,2,0,0,0,0,2,2,2,0,0,translation_status:inferred:2
doi:10.15126/thesis.901052,TBL-20260216232624-017,verified_strong,4,4,0,0,0,0,4,4,4,0,0,"translation_status:fuzzy:2,translation_status:inferred:2"
doi:10.15126/thesis.901052,TBL-20260216232624-024,verified_strong,3,3,0,0,0,0,3,3,3,0,0,translation_status:inferred:3
doi:10.15126/thesis.901052,TBL-20260216232624-026,verified_strong,4,4,0,0,0,0,4,4,4,0,0,translation_status:inferred:4
doi:10.15126/thesis.901052,TBL-20260216232624-027,verified_strong,2,2,0,0,0,0,2,2,2,0,0,translation_status:inferred:2
doi:10.15126/thesis.901052,TBL-20260216232624-032,verified_strong,2,2,0,0,0,0,2,2,2,0,0,translation_status:inferred:2
doi:10.15126/thesis.901052,TBL-20260216232624-033,verified_strong,3,3,0,0,0,0,3,3,3,0,0,translation_status:inferred:3
doi:10.15126/thesis.901052,TBL-20260216232624-043,verified_strong,3,3,0,0,0,0,3,3,3,0,0,translation_status:inferred:3
doi:10.15126/thesis.901052,TBL-20260216232625-054,verified_strong,2,2,0,0,0,0,2,2,2,0,0,translation_status:inferred:2
doi:10.15126/thesis.901052,TBL-20260216232625-055,verified_strong,3,3,0,0,0,0,3,3,3,0,0,"translation_status:fuzzy:2,translation_status:inferred:1"
doi:10.15126/thesis.901052,TBL-20260216232625-057,verified_strong,2,2,0,0,0,0,2,2,2,0,0,translation_status:inferred:2
doi:10.15126/thesis.901052,TBL-20260216232625-059,verified_strong,1,1,0,0,0,0,1,1,1,0,0,translation_status:inferred:1
doi:10.15126/thesis.901052,TBL-20260216232625-064,verified_strong,2,2,0,0,0,0,2,2,2,0,0,translation_status:inferred:2
doi:10.15126/thesis.901052,TBL-20260216232625-079,verified_strong,2,2,0,0,0,0,2,2,2,0,0,"translation_status:fuzzy:1,translation_status:inferred:1"
doi:10.15126/thesis.901052,TBL-20260216232625-083,verified_strong,3,3,0,0,0,0,3,3,3,0,0,translation_status:inferred:3
doi:10.15126/thesis.901052,TBL-20260216232625-086,verified_strong,6,6,0,0,0,0,6,6,6,0,0,"translation_status:inferred:4,translation_status:fuzzy:2"
doi:10.15126/thesis.901052,TBL-20260216232626-106,verified_strong,3,3,0,0,0,0,3,3,3,0,0,translation_status:inferred:3
doi:10.15126/thesis.901052,TBL-20260216232626-107,verified_strong,1,1,0,0,0,0,1,1,1,0,0,translation_status:inferred:1
doi:10.15126/thesis.901052,TBL-20260216232626-117,verified_strong,6,6,0,0,0,0,6,6,6,0,0,"translation_status:inferred:5,translation_status:fuzzy:1"
doi:10.15126/thesis.901052,TBL-20260216232626-118,verified_strong,1,1,0,0,0,0,1,1,1,0,0,translation_status:inferred:1
doi:10.15126/thesis.901052,TBL-20260216232626-123,verified_strong,3,3,0,0,0,0,3,3,3,0,0,translation_status:inferred:3
doi:10.15126/thesis.901052,TBL-20260216232626-128,verified_strong,1,1,0,0,0,0,1,1,1,0,0,translation_status:inferred:1
doi:10.15126/thesis.901052,TBL-20260216232626-130,verified_strong,1,1,0,0,0,0,1,1,1,0,0,translation_status:inferred:1
doi:10.15126/thesis.901052,TBL-20260216232626-132,verified_strong,3,3,0,0,0,0,3,3,3,0,0,"translation_status:inferred:2,translation_status:fuzzy:1"
doi:10.15126/thesis.901052,TBL-20260216232626-134,verified_strong,3,3,0,0,0,0,3,3,3,0,0,translation_status:inferred:3
doi:10.15126/thesis.901052,TBL-20260216232626-139,verified_strong,1,1,0,0,0,0,1,1,1,0,0,translation_status:inferred:1
doi:10.15126/thesis.901052,TBL-20260216232626-142,verified_strong,2,2,0,0,0,0,2,2,2,0,0,translation_status:inferred:2
doi:10.15126/thesis.901052,TBL-20260216232626-144,verified_strong,2,2,0,0,0,0,2,2,2,0,0,translation_status:inferred:2
doi:10.15126/thesis.901052,TBL-20260216232627-165,verified_strong,6,6,0,0,0,0,6,6,6,0,0,"translation_status:inferred:5,translation_status:fuzzy:1"
doi:10.15126/thesis.901052,TBL-20260216232627-181,verified_strong,3,3,0,0,0,0,3,3,3,0,0,translation_status:inferred:3
doi:10.15126/thesis.901052,TBL-20260216232628-184,verified_strong,3,3,0,0,0,0,3,3,3,0,0,translation_status:inferred:3
doi:10.15388/20-infor419,TBL-20260214095001-001,verified_strong,1,1,0,0,0,0,1,1,1,0,0,translation_status:inferred:1
doi:10.15388/20-infor419,TBL-20260214112432-001,verified_strong,1,1,0,0,0,0,1,1,1,0,0,translation_status:inferred:1
doi:10.15388/20-infor419,TBL-20260214112452-001,verified_strong,1,1,0,0,0,0,1,1,1,0,0,translation_status:inferred:1
doi:10.15388/20-infor419,TBL-20260214131643-001,verified_strong,1,1,0,0,0,0,1,1,1,0,0,translation_status:inferred:1
doi:10.17179/excli2021-3974,TBL-20260216232839-002,verified_strong,5,5,0,0,0,0,5,5,5,0,0,translation_status:inferred:5
doi:10.17179/excli2021-3974,TBL-20260216232839-005,verified_strong,9,9,0,0,0,0,9,9,9,0,0,translation_status:inferred:9
doi:10.17863/cam.41365,TBL-20260216233212-001,verified_strong,9,9,0,0,0,0,9,9,9,0,0,translation_status:inferred:9
doi:10.17863/cam.41365,TBL-20260216233214-004,verified_strong,8,8,0,0,0,0,8,8,8,0,0,translation_status:inferred:8
doi:10.17863/cam.41365,TBL-20260216233214-005,verified_strong,7,7,0,0,0,0,7,7,7,0,0,translation_status:inferred:7
doi:10.17863/cam.41365,TBL-20260216233214-006,verified_strong,7,7,0,0,0,0,7,7,7,0,0,"translation_status:inferred:5,translation_status:fuzzy:2"
doi:10.17863/cam.41365,TBL-20260216233214-007,verified_strong,6,6,0,0,0,0,6,6,6,0,0,translation_status:inferred:6
doi:10.17863/cam.41365,TBL-20260216233216-015,verified_strong,12,12,0,0,0,0,12,12,12,0,0,translation_status:inferred:12
doi:10.17863/cam.41365,TBL-20260216233216-016,verified_strong,12,12,0,0,0,0,12,12,12,0,0,translation_status:inferred:12
doi:10.17863/cam.41365,TBL-20260216233218-019,verified_strong,11,11,0,0,0,0,11,11,11,0,0,translation_status:inferred:11
doi:10.17863/cam.41365,TBL-20260216233218-020,verified_strong,11,11,0,0,0,0,11,11,11,0,0,translation_status:inferred:11
doi:10.17863/cam.41365,TBL-20260216233219-027,verified_strong,25,25,0,0,0,0,25,25,25,0,0,translation_status:inferred:25
doi:10.17863/cam.41365,TBL-20260216233220-030,verified_strong,2,2,0,0,0,0,2,2,2,0,0,translation_status:inferred:2
doi:10.18208/ksdc.2022.28.2.245,TBL-20260214100051-002,verified_strong,2,2,0,0,0,0,2,2,2,0,0,translation_status:inferred:2
doi:10.18208/ksdc.2022.28.2.245,TBL-20260214100051-003,verified_strong,1,1,0,0,0,0,1,1,1,0,0,translation_status:inferred:1
doi:10.18208/ksdc.2022.28.2.245,TBL-20260214100051-005,verified_strong,2,2,0,0,0,0,2,2,2,0,0,translation_status:inferred:2
doi:10.18208/ksdc.2022.28.2.245,TBL-20260214100051-007,verified_strong,5,5,0,0,0,0,5,5,5,0,0,translation_status:inferred:5
doi:10.18208/ksdc.2022.28.2.245,TBL-20260214100051-008,verified_strong,1,1,0,0,0,0,1,1,1,0,0,translation_status:inferred:1
doi:10.18208/ksdc.2022.28.2.245,TBL-20260214103018-002,verified_strong,2,2,0,0,0,0,2,2,2,0,0,translation_status:inferred:2
doi:10.18208/ksdc.2022.28.2.245,TBL-20260214103018-003,verified_strong,1,1,0,0,0,0,1,1,1,0,0,translation_status:inferred:1
doi:10.18208/ksdc.2022.28.2.245,TBL-20260214103019-005,verified_strong,2,2,0,0,0,0,2,2,2,0,0,translation_status:inferred:2
doi:10.18208/ksdc.2022.28.2.245,TBL-20260214103019-007,verified_strong,5,5,0,0,0,0,5,5,5,0,0,translation_status:inferred:5
doi:10.18208/ksdc.2022.28.2.245,TBL-20260214103019-008,verified_strong,1,1,0,0,0,0,1,1,1,0,0,translation_status:inferred:1
doi:10.18208/ksdc.2022.28.2.245,TBL-20260214103604-002,verified_strong,2,2,0,0,0,0,2,2,2,0,0,translation_status:inferred:2
doi:10.18208/ksdc.2022.28.2.245,TBL-20260214103604-003,verified_strong,1,1,0,0,0,0,1,1,1,0,0,translation_status:inferred:1
doi:10.18208/ksdc.2022.28.2.245,TBL-20260214103605-005,verified_strong,2,2,0,0,0,0,2,2,2,0,0,translation_status:inferred:2
doi:10.18208/ksdc.2022.28.2.245,TBL-20260214103605-007,verified_strong,5,5,0,0,0,0,5,5,5,0,0,translation_status:inferred:5
doi:10.18208/ksdc.2022.28.2.245,TBL-20260214103605-008,verified_strong,1,1,0,0,0,0,1,1,1,0,0,translation_status:inferred:1
doi:10.18208/ksdc.2022.28.2.245,TBL-20260214124358-002,verified_strong,2,2,0,0,0,0,2,2,2,0,0,translation_status:inferred:2
doi:10.18208/ksdc.2022.28.2.245,TBL-20260214124358-003,verified_strong,1,1,0,0,0,0,1,1,1,0,0,translation_status:inferred:1
doi:10.18208/ksdc.2022.28.2.245,TBL-20260214124359-005,verified_strong,2,2,0,0,0,0,2,2,2,0,0,translation_status:inferred:2
doi:10.18208/ksdc.2022.28.2.245,TBL-20260214124359-007,verified_strong,5,5,0,0,0,0,5,5,5,0,0,translation_status:inferred:5
doi:10.18208/ksdc.2022.28.2.245,TBL-20260214124359-008,verified_strong,1,1,0,0,0,0,1,1,1,0,0,translation_status:inferred:1
doi:10.18419/opus-9385,TBL-20260216235812-001,verified_strong,1,1,0,0,0,0,1,1,1,0,0,translation_status:inferred:1
doi:10.18419/opus-9385,TBL-20260216235813-003,verified_strong,1,1,0,0,0,0,1,1,1,0,0,translation_status:inferred:1
doi:10.18419/opus-9385,TBL-20260216235813-004,verified_strong,1,1,0,0,0,0,1,1,1,0,0,translation_status:inferred:1
doi:10.18419/opus-9385,TBL-20260216235813-006,verified_strong,1,1,0,0,0,0,1,1,1,0,0,translation_status:inferred:1
doi:10.18419/opus-9385,TBL-20260216235815-011,verified_strong,3,3,0,0,0,0,3,3,3,0,0,"translation_status:inferred:2,translation_status:exact:1"
doi:10.18419/opus-9385,TBL-20260216235815-012,verified_strong,1,1,0,0,0,0,1,1,1,0,0,translation_status:inferred:1
doi:10.18419/opus-9385,TBL-20260216235815-013,verified_strong,1,1,0,0,0,0,1,1,1,0,0,translation_status:inferred:1
doi:10.18419/opus-9385,TBL-20260216235815-014,verified_strong,1,1,0,0,0,0,1,1,1,0,0,translation_status:inferred:1
doi:10.18419/opus-9385,TBL-20260216235818-018,verified_strong,2,2,0,0,0,0,2,2,2,0,0,translation_status:inferred:2
doi:10.18419/opus-9385,TBL-20260216235819-021,verified_strong,2,2,0,0,0,0,2,2,2,0,0,translation_status:inferred:2
doi:10.18419/opus-9385,TBL-20260216235820-032,verified_strong,3,3,0,0,0,0,3,3,3,0,0,translation_status:inferred:3
doi:10.18419/opus-9385,TBL-20260216235820-033,verified_strong,5,5,0,0,0,0,5,5,5,0,0,translation_status:inferred:5
doi:10.18419/opus-9385,TBL-20260216235820-034,verified_strong,6,6,0,0,0,0,6,6,6,0,0,translation_status:inferred:6
doi:10.18419/opus-9385,TBL-20260216235822-037,verified_strong,1,1,0,0,0,0,1,1,1,0,0,translation_status:inferred:1
doi:10.18419/opus-9385,TBL-20260216235822-039,verified_strong,4,4,0,0,0,0,4,4,4,0,0,translation_status:inferred:4
doi:10.18419/opus-9385,TBL-20260216235822-040,verified_strong,4,4,0,0,0,0,4,4,4,0,0,translation_status:inferred:4
doi:10.18419/opus-9385,TBL-20260216235824-043,verified_strong,1,1,0,0,0,0,1,1,1,0,0,translation_status:inferred:1
doi:10.18419/opus-9385,TBL-20260216235824-044,verified_strong,1,1,0,0,0,0,1,1,1,0,0,translation_status:inferred:1
doi:10.18419/opus-9385,TBL-20260216235825-046,verified_strong,1,1,0,0,0,0,1,1,1,0,0,translation_status:inferred:1
doi:10.18419/opus-9385,TBL-20260216235829-107,verified_strong,1,1,0,0,0,0,1,1,1,0,0,translation_status:inferred:1
doi:10.18419/opus-9385,TBL-20260216235830-110,verified_strong,5,5,0,0,0,0,5,5,5,0,0,translation_status:inferred:5
doi:10.18419/opus-9385,TBL-20260216235830-116,verified_strong,7,7,0,0,0,0,7,7,7,0,0,translation_status:inferred:7
doi:10.18419/opus-9385,TBL-20260216235830-118,verified_strong,2,2,0,0,0,0,2,2,2,0,0,translation_status:inferred:2
doi:10.18419/opus-9385,TBL-20260216235832-135,verified_strong,1,1,0,0,0,0,1,1,1,0,0,translation_status:inferred:1
doi:10.18419/opus-9385,TBL-20260216235832-138,verified_strong,2,2,0,0,0,0,2,2,2,0,0,translation_status:inferred:2
doi:10.18419/opus-9385,TBL-20260216235832-141,verified_strong,2,2,0,0,0,0,2,2,2,0,0,translation_status:inferred:2
doi:10.18419/opus-9385,TBL-20260216235835-228,verified_strong,13,13,0,0,0,0,13,13,13,0,0,translation_status:inferred:13
doi:10.18419/opus-9385,TBL-20260216235835-229,verified_strong,12,12,0,0,0,0,12,12,12,0,0,translation_status:inferred:12
doi:10.18419/opus-9385,TBL-20260216235835-230,verified_strong,12,12,0,0,0,0,12,12,12,0,0,translation_status:inferred:12
doi:10.18419/opus-9385,TBL-20260216235837-233,verified_strong,1,1,0,0,0,0,1,1,1,0,0,translation_status:inferred:1
doi:10.18419/opus-9385,TBL-20260216235837-236,verified_strong,3,3,0,0,0,0,3,3,3,0,0,translation_status:inferred:3
doi:10.18419/opus-9385,TBL-20260216235837-248,verified_strong,3,3,0,0,0,0,3,3,3,0,0,translation_status:inferred:3
doi:10.18419/opus-9385,TBL-20260216235837-249,verified_strong,1,1,0,0,0,0,1,1,1,0,0,translation_status:inferred:1
doi:10.18419/opus-9385,TBL-20260216235837-251,verified_strong,4,4,0,0,0,0,4,4,4,0,0,translation_status:inferred:4
doi:10.18419/opus-9385,TBL-20260216235837-252,verified_strong,3,3,0,0,0,0,3,3,3,0,0,translation_status:inferred:3
doi:10.18419/opus-9385,TBL-20260216235837-256,verified_strong,3,3,0,0,0,0,3,3,3,0,0,translation_status:inferred:3
doi:10.18419/opus-9385,TBL-20260216235837-262,verified_strong,6,6,0,0,0,0,6,6,6,0,0,translation_status:inferred:6
doi:10.18419/opus-9385,TBL-20260216235838-267,verified_strong,6,6,0,0,0,0,6,6,6,0,0,translation_status:inferred:6
doi:10.18419/opus-9385,TBL-20260216235838-268,verified_strong,3,3,0,0,0,0,3,3,3,0,0,translation_status:inferred:3
doi:10.18419/opus-9385,TBL-20260216235838-270,verified_strong,1,1,0,0,0,0,1,1,1,0,0,translation_status:inferred:1
doi:10.18419/opus-9385,TBL-20260216235838-272,verified_strong,3,3,0,0,0,0,3,3,3,0,0,translation_status:inferred:3
doi:10.18419/opus-9385,TBL-20260216235838-275,verified_strong,1,1,0,0,0,0,1,1,1,0,0,translation_status:inferred:1
doi:10.18419/opus-9385,TBL-20260216235838-279,verified_strong,3,3,0,0,0,0,3,3,3,0,0,translation_status:inferred:3
doi:10.18419/opus-9385,TBL-20260216235838-281,verified_strong,5,5,0,0,0,0,5,5,5,0,0,translation_status:inferred:5
doi:10.18419/opus-9385,TBL-20260216235838-284,verified_strong,4,4,0,0,0,0,4,4,4,0,0,translation_status:inferred:4
doi:10.18419/opus-9385,TBL-20260216235838-290,verified_strong,4,4,0,0,0,0,4,4,4,0,0,translation_status:inferred:4
doi:10.18419/opus-9385,TBL-20260216235838-292,verified_strong,1,1,0,0,0,0,1,1,1,0,0,translation_status:inferred:1
doi:10.18419/opus-9385,TBL-20260216235838-297,verified_strong,5,5,0,0,0,0,5,5,5,0,0,translation_status:inferred:5
doi:10.18419/opus-9385,TBL-20260216235839-305,verified_strong,2,2,0,0,0,0,2,2,2,0,0,translation_status:inferred:2
doi:10.18419/opus-9385,TBL-20260216235839-310,verified_strong,1,1,0,0,0,0,1,1,1,0,0,translation_status:inferred:1
doi:10.18419/opus-9385,TBL-20260216235839-311,verified_strong,2,2,0,0,0,0,2,2,2,0,0,translation_status:inferred:2
doi:10.18848/2325-1328/cgp/v06i01/38559,TBL-20260214095303-002,verified_strong,3,3,0,0,0,0,3,3,3,0,0,translation_status:inferred:3
doi:10.18848/2325-1328/cgp/v06i01/38559,TBL-20260214095304-007,verified_strong,4,4,0,0,0,0,4,4,4,0,0,translation_status:inferred:4
doi:10.18848/2325-1328/cgp/v06i01/38559,TBL-20260214102421-002,verified_strong,3,3,0,0,0,0,3,3,3,0,0,translation_status:inferred:3
doi:10.18848/2325-1328/cgp/v06i01/38559,TBL-20260214102423-007,verified_strong,4,4,0,0,0,0,4,4,4,0,0,translation_status:inferred:4
doi:10.18848/2325-1328/cgp/v06i01/38559,TBL-20260214102536-002,verified_strong,3,3,0,0,0,0,3,3,3,0,0,translation_status:inferred:3
doi:10.18848/2325-1328/cgp/v06i01/38559,TBL-20260214102537-007,verified_strong,4,4,0,0,0,0,4,4,4,0,0,translation_status:inferred:4
doi:10.18848/2325-1328/cgp/v06i01/38559,TBL-20260214123919-002,verified_strong,3,3,0,0,0,0,3,3,3,0,0,translation_status:inferred:3
doi:10.18848/2325-1328/cgp/v06i01/38559,TBL-20260214123921-007,verified_strong,4,4,0,0,0,0,4,4,4,0,0,translation_status:inferred:4
doi:10.20944/preprints201907.0323.v1,TBL-20260214092258-001,verified_strong,1,1,0,0,0,0,1,1,1,0,0,translation_status:inferred:1
doi:10.20944/preprints201907.0323.v1,TBL-20260214115843-001,verified_strong,1,1,0,0,0,0,1,1,1,0,0,translation_status:inferred:1
doi:10.24382/5191,TBL-20260216233538-001,verified_strong,9,9,0,0,0,0,9,9,9,0,0,"translation_status:inferred:7,translation_status:fuzzy:2"
doi:10.24382/5191,TBL-20260216233538-002,verified_strong,17,17,0,0,0,0,17,17,17,0,0,"translation_status:inferred:16,translation_status:fuzzy:1"
doi:10.24382/5191,TBL-20260216233538-003,verified_strong,2,2,0,0,0,0,2,2,2,0,0,"translation_status:exact:1,translation_status:fuzzy:1"
doi:10.24382/5191,TBL-20260216233543-004,verified_strong,7,7,0,0,0,0,7,7,7,0,0,translation_status:inferred:7
doi:10.24382/5191,TBL-20260216233543-005,verified_strong,6,6,0,0,0,0,6,6,6,0,0,"translation_status:inferred:5,translation_status:exact:1"
doi:10.24382/5191,TBL-20260216233543-006,verified_strong,5,5,0,0,0,0,5,5,5,0,0,translation_status:inferred:5
doi:10.24382/5191,TBL-20260216233543-007,verified_strong,2,2,0,0,0,0,2,2,2,0,0,translation_status:exact:2
doi:10.24382/5191,TBL-20260216233545-009,verified_strong,5,5,0,0,0,0,5,5,5,0,0,translation_status:inferred:5
doi:10.24382/5191,TBL-20260216233545-010,verified_strong,6,6,0,0,0,0,6,6,6,0,0,translation_status:inferred:6
doi:10.24382/5191,TBL-20260216233546-014,verified_strong,2,2,0,0,0,0,2,2,2,0,0,translation_status:inferred:2
doi:10.24382/5191,TBL-20260216233546-015,verified_strong,1,1,0,0,0,0,1,1,1,0,0,translation_status:inferred:1
doi:10.24382/5191,TBL-20260216233546-016,verified_strong,1,1,0,0,0,0,1,1,1,0,0,translation_status:inferred:1
doi:10.24382/5191,TBL-20260216233547-028,verified_strong,7,7,0,0,0,0,7,7,7,0,0,translation_status:inferred:7
doi:10.24382/5191,TBL-20260216233548-031,verified_strong,7,7,0,0,0,0,7,7,7,0,0,translation_status:fuzzy:7
doi:10.24382/5191,TBL-20260216233548-032,verified_strong,5,5,0,0,0,0,5,5,5,0,0,"translation_status:inferred:3,translation_status:fuzzy:2"
doi:10.24382/5191,TBL-20260216233548-033,verified_strong,8,8,0,0,0,0,8,8,8,0,0,translation_status:inferred:8
doi:10.24382/5191,TBL-20260216233548-034,verified_strong,9,9,0,0,0,0,9,9,9,0,0,translation_status:exact:9
doi:10.24382/5191,TBL-20260216233549-035,verified_strong,7,7,0,0,0,0,7,7,7,0,0,translation_status:exact:7
doi:10.24382/5191,TBL-20260216233549-037,verified_strong,18,18,0,0,0,0,18,18,18,0,0,"translation_status:inferred:15,translation_status:fuzzy:2,translation_status:exact:1"
doi:10.24382/5191,TBL-20260216233549-038,verified_strong,10,10,0,0,0,0,10,10,10,0,0,"translation_status:inferred:6,translation_status:fuzzy:3,translation_status:exact:1"
doi:10.24382/5191,TBL-20260216233549-039,verified_strong,6,6,0,0,0,0,6,6,6,0,0,"translation_status:inferred:4,translation_status:fuzzy:1,translation_status:exact:1"
doi:10.24382/5191,TBL-20260216233549-040,verified_strong,4,4,0,0,0,0,4,4,4,0,0,translation_status:inferred:4
doi:10.24382/5191,TBL-20260216233549-041,verified_strong,5,5,0,0,0,0,5,5,5,0,0,translation_status:inferred:5
doi:10.24382/5191,TBL-20260216233549-042,verified_strong,3,3,0,0,0,0,3,3,3,0,0,translation_status:inferred:3
doi:10.24382/5191,TBL-20260216233549-043,verified_strong,4,4,0,0,0,0,4,4,4,0,0,translation_status:inferred:4
doi:10.24382/5191,TBL-20260216233549-044,verified_strong,4,4,0,0,0,0,4,4,4,0,0,translation_status:inferred:4
doi:10.24382/5191,TBL-20260216233549-045,verified_strong,6,6,0,0,0,0,6,6,6,0,0,"translation_status:inferred:3,translation_status:fuzzy:2,translation_status:exact:1"
doi:10.24382/5191,TBL-20260216233550-046,verified_strong,3,3,0,0,0,0,3,3,3,0,0,"translation_status:inferred:2,translation_status:fuzzy:1"
doi:10.25916/sut.26402764.v1,TBL-20260216233648-001,verified_strong,1,1,0,0,0,0,1,1,1,0,0,translation_status:inferred:1
doi:10.25916/sut.26402764.v1,TBL-20260216233650-003,verified_strong,1,1,0,0,0,0,1,1,1,0,0,translation_status:inferred:1
doi:10.25916/sut.26402764.v1,TBL-20260216233657-019,verified_strong,2,2,0,0,0,0,2,2,2,0,0,translation_status:inferred:2
doi:10.25916/sut.26402764.v1,TBL-20260216233657-020,verified_strong,2,2,0,0,0,0,2,2,2,0,0,translation_status:inferred:2
doi:10.25916/sut.26402764.v1,TBL-20260216233658-029,verified_strong,2,2,0,0,0,0,2,2,2,0,0,translation_status:inferred:2
doi:10.25916/sut.26402764.v1,TBL-20260216233658-030,verified_strong,2,2,0,0,0,0,2,2,2,0,0,translation_status:inferred:2
doi:10.25916/sut.26402764.v1,TBL-20260216233659-037,verified_strong,8,8,0,0,0,0,8,8,8,0,0,translation_status:inferred:8
doi:10.25916/sut.26402764.v1,TBL-20260216233659-038,verified_strong,7,7,0,0,0,0,7,7,7,0,0,translation_status:inferred:7
doi:10.25916/sut.26402764.v1,TBL-20260216233659-039,verified_strong,21,21,0,0,0,0,21,21,21,0,0,translation_status:inferred:21
doi:10.25916/sut.26402764.v1,TBL-20260216233700-041,verified_strong,6,6,0,0,0,0,6,6,6,0,0,translation_status:inferred:6
doi:10.26204/kluedo/7316,TBL-20260216233740-001,verified_strong,2,2,0,0,0,0,2,2,2,0,0,translation_status:inferred:2
doi:10.26204/kluedo/7316,TBL-20260216233742-002,verified_strong,8,8,0,0,0,0,8,8,8,0,0,translation_status:inferred:8
doi:10.26204/kluedo/7316,TBL-20260216233746-003,verified_strong,1,1,0,0,0,0,1,1,1,0,0,translation_status:inferred:1
doi:10.26204/kluedo/7316,TBL-20260216233746-004,verified_strong,1,1,0,0,0,0,1,1,1,0,0,translation_status:inferred:1
doi:10.26204/kluedo/7316,TBL-20260216233746-011,verified_strong,1,1,0,0,0,0,1,1,1,0,0,translation_status:inferred:1
doi:10.26204/kluedo/7316,TBL-20260216233746-012,verified_strong,1,1,0,0,0,0,1,1,1,0,0,translation_status:inferred:1
doi:10.26204/kluedo/7316,TBL-20260216233746-013,verified_strong,1,1,0,0,0,0,1,1,1,0,0,translation_status:inferred:1
doi:10.26204/kluedo/7316,TBL-20260216233746-014,verified_strong,1,1,0,0,0,0,1,1,1,0,0,translation_status:inferred:1
doi:10.26204/kluedo/7316,TBL-20260216233746-015,verified_strong,1,1,0,0,0,0,1,1,1,0,0,translation_status:inferred:1
doi:10.26204/kluedo/7316,TBL-20260216233746-016,verified_strong,1,1,0,0,0,0,1,1,1,0,0,translation_status:inferred:1
doi:10.26687/archnet-ijar.v8i2.436,TBL-20260214095328-001,verified_strong,1,1,0,0,0,0,1,1,1,0,0,translation_status:inferred:1
doi:10.26687/archnet-ijar.v8i2.436,TBL-20260214095329-002,verified_strong,2,2,0,0,0,0,2,2,2,0,0,translation_status:inferred:2
doi:10.26687/archnet-ijar.v8i2.436,TBL-20260214102437-001,verified_strong,1,1,0,0,0,0,1,1,1,0,0,translation_status:inferred:1
doi:10.26687/archnet-ijar.v8i2.436,TBL-20260214102438-002,verified_strong,2,2,0,0,0,0,2,2,2,0,0,translation_status:inferred:2
doi:10.26687/archnet-ijar.v8i2.436,TBL-20260214102552-001,verified_strong,1,1,0,0,0,0,1,1,1,0,0,translation_status:inferred:1
doi:10.26687/archnet-ijar.v8i2.436,TBL-20260214102554-002,verified_strong,2,2,0,0,0,0,2,2,2,0,0,translation_status:inferred:2
doi:10.26687/archnet-ijar.v8i2.436,TBL-20260214123935-001,verified_strong,1,1,0,0,0,0,1,1,1,0,0,translation_status:inferred:1
doi:10.26687/archnet-ijar.v8i2.436,TBL-20260214123937-002,verified_strong,2,2,0,0,0,0,2,2,2,0,0,translation_status:inferred:2
doi:10.3389/fbuil.2024.1431780,TBL-20260216233811-002,verified_strong,3,3,0,0,0,0,3,3,3,0,0,translation_status:inferred:3
doi:10.3389/ffgc.2023.1218134,TBL-20260216233827-001,verified_strong,3,3,0,0,0,0,3,3,3,0,0,translation_status:inferred:3
doi:10.3389/ffgc.2023.1218134,TBL-20260216233828-006,verified_strong,3,3,0,0,0,0,3,3,3,0,0,translation_status:inferred:3
doi:10.3389/fnhum.2013.00083,TBL-20260214095546-001,verified_strong,1,1,0,0,0,0,1,1,1,0,0,translation_status:inferred:1
doi:10.3389/fnhum.2013.00083,TBL-20260214104943-001,verified_strong,1,1,0,0,0,0,1,1,1,0,0,translation_status:inferred:1
doi:10.3389/fnhum.2013.00083,TBL-20260214105244-001,verified_strong,1,1,0,0,0,0,1,1,1,0,0,translation_status:inferred:1
doi:10.3389/fnhum.2013.00083,TBL-20260214130105-001,verified_strong,1,1,0,0,0,0,1,1,1,0,0,translation_status:inferred:1
doi:10.3389/fnsys.2021.672740,TBL-20260216201909-003,verified_strong,2,2,0,0,0,0,2,2,2,0,0,translation_status:inferred:2
doi:10.3389/fnsys.2021.672740,TBL-20260216201909-004,verified_strong,2,2,0,0,0,0,2,2,2,0,0,translation_status:inferred:2
doi:10.3389/fnsys.2021.672740,TBL-20260216201909-005,verified_strong,2,2,0,0,0,0,2,2,2,0,0,translation_status:inferred:2
doi:10.3389/fnsys.2021.672740,TBL-20260216201909-006,verified_strong,2,2,0,0,0,0,2,2,2,0,0,translation_status:inferred:2
doi:10.3389/fnsys.2021.672740,TBL-20260216201909-007,verified_strong,2,2,0,0,0,0,2,2,2,0,0,translation_status:inferred:2
doi:10.3389/fnsys.2021.672740,TBL-20260216201910-008,verified_strong,12,12,0,0,0,0,12,12,12,0,0,translation_status:inferred:12
doi:10.3389/fpsyg.2015.00637,TBL-20260216233845-002,verified_strong,6,6,0,0,0,0,6,6,6,0,0,translation_status:inferred:6
doi:10.3389/fpsyg.2015.00637,TBL-20260216233845-003,verified_strong,2,2,0,0,0,0,2,2,2,0,0,translation_status:inferred:2
doi:10.3389/fpsyg.2015.00637,TBL-20260216233845-004,verified_strong,8,8,0,0,0,0,8,8,8,0,0,translation_status:inferred:8
doi:10.3389/fpsyg.2015.00637,TBL-20260216233845-006,verified_strong,8,8,0,0,0,0,8,8,8,0,0,"translation_status:inferred:6,translation_status:fuzzy:2"
doi:10.3389/fpsyg.2015.00637,TBL-20260216233845-007,verified_strong,14,14,0,0,0,0,14,14,14,0,0,translation_status:inferred:14
doi:10.3389/fpsyg.2015.00637,TBL-20260216233845-008,verified_strong,4,4,0,0,0,0,4,4,4,0,0,translation_status:inferred:4
doi:10.3389/fpsyg.2015.00637,TBL-20260216233845-009,verified_strong,4,4,0,0,0,0,4,4,4,0,0,"translation_status:inferred:3,translation_status:fuzzy:1"
doi:10.3389/fpsyg.2015.00637,TBL-20260216233845-010,verified_strong,6,6,0,0,0,0,6,6,6,0,0,translation_status:inferred:6
doi:10.3389/fpsyg.2015.00637,TBL-20260216233845-011,verified_strong,2,2,0,0,0,0,2,2,2,0,0,translation_status:inferred:2
doi:10.3389/fpsyg.2015.00637,TBL-20260216233845-012,verified_strong,3,3,0,0,0,0,3,3,3,0,0,translation_status:inferred:3
doi:10.3389/fpsyg.2015.00637,TBL-20260216233845-013,verified_strong,9,9,0,0,0,0,9,9,9,0,0,"translation_status:inferred:6,translation_status:fuzzy:2,translation_status:exact:1"
doi:10.3389/fpsyg.2015.00637,TBL-20260216233845-015,verified_strong,8,8,0,0,0,0,8,8,8,0,0,translation_status:inferred:8
doi:10.3389/fpsyg.2015.00637,TBL-20260216233845-016,verified_strong,12,12,0,0,0,0,12,12,12,0,0,"translation_status:inferred:9,translation_status:exact:2,translation_status:fuzzy:1"
doi:10.3389/fpsyg.2015.00637,TBL-20260216233845-017,verified_strong,1,1,0,0,0,0,1,1,1,0,0,translation_status:inferred:1
doi:10.3389/fpsyg.2015.00637,TBL-20260216233845-018,verified_strong,1,1,0,0,0,0,1,1,1,0,0,translation_status:inferred:1
doi:10.3389/fpsyg.2015.00637,TBL-20260216233845-019,verified_strong,3,3,0,0,0,0,3,3,3,0,0,"translation_status:inferred:2,translation_status:fuzzy:1"
doi:10.3389/fpsyg.2015.00637,TBL-20260216233845-022,verified_strong,6,6,0,0,0,0,6,6,6,0,0,"translation_status:inferred:5,translation_status:fuzzy:1"
doi:10.3389/fpsyg.2015.00637,TBL-20260216233845-023,verified_strong,8,8,0,0,0,0,8,8,8,0,0,translation_status:inferred:8
doi:10.3389/fpsyg.2015.00637,TBL-20260216233845-024,verified_strong,6,6,0,0,0,0,6,6,6,0,0,translation_status:inferred:6
doi:10.3389/fpsyg.2015.00637,TBL-20260216233845-025,verified_strong,3,3,0,0,0,0,3,3,3,0,0,translation_status:inferred:3
doi:10.3389/fpsyg.2015.00637,TBL-20260216233845-028,verified_strong,11,11,0,0,0,0,11,11,11,0,0,"translation_status:inferred:10,translation_status:fuzzy:1"
doi:10.3389/fpsyg.2015.00637,TBL-20260216233845-029,verified_strong,4,4,0,0,0,0,4,4,4,0,0,translation_status:inferred:4
doi:10.3389/fpsyg.2015.00637,TBL-20260216233846-030,verified_strong,10,10,0,0,0,0,10,10,10,0,0,"translation_status:inferred:8,translation_status:fuzzy:1,translation_status:exact:1"
doi:10.3389/fpsyg.2017.01454,TBL-20260216233916-001,verified_strong,1,1,0,0,0,0,1,1,1,0,0,translation_status:inferred:1
doi:10.3389/fpsyg.2017.01454,TBL-20260216233916-002,verified_strong,17,17,0,0,0,0,17,17,17,0,0,translation_status:inferred:17
doi:10.3389/fpsyg.2017.01454,TBL-20260216233916-003,verified_strong,1,1,0,0,0,0,1,1,1,0,0,translation_status:inferred:1
doi:10.3389/fpsyg.2017.01454,TBL-20260216233916-004,verified_strong,16,16,0,0,0,0,16,16,16,0,0,translation_status:inferred:16
doi:10.3389/fpsyg.2017.01454,TBL-20260216233916-005,verified_strong,7,7,0,0,0,0,7,7,7,0,0,translation_status:inferred:7
doi:10.3389/fpsyg.2017.01454,TBL-20260216233916-006,verified_strong,15,15,0,0,0,0,15,15,15,0,0,"translation_status:inferred:13,translation_status:fuzzy:2"
doi:10.3389/fpsyg.2017.01454,TBL-20260216233916-007,verified_strong,3,3,0,0,0,0,3,3,3,0,0,translation_status:inferred:3
doi:10.3389/fpsyg.2017.01454,TBL-20260216233916-008,verified_strong,2,2,0,0,0,0,2,2,2,0,0,translation_status:inferred:2
doi:10.3389/fpsyg.2017.01454,TBL-20260216233916-010,verified_strong,1,1,0,0,0,0,1,1,1,0,0,translation_status:fuzzy:1
doi:10.3389/fpsyg.2017.01454,TBL-20260216233916-011,verified_strong,4,4,0,0,0,0,4,4,4,0,0,translation_status:inferred:4
doi:10.3389/fpsyg.2017.01454,TBL-20260216233916-012,verified_strong,3,3,0,0,0,0,3,3,3,0,0,translation_status:inferred:3
doi:10.3389/fpsyg.2017.01454,TBL-20260216233916-014,verified_strong,3,3,0,0,0,0,3,3,3,0,0,translation_status:inferred:3
doi:10.3389/fpsyg.2017.01454,TBL-20260216233916-015,verified_strong,9,9,0,0,0,0,9,9,9,0,0,"translation_status:inferred:8,translation_status:fuzzy:1"
doi:10.3389/fpsyg.2017.01454,TBL-20260216233916-016,verified_strong,17,17,0,0,0,0,17,17,17,0,0,"translation_status:inferred:16,translation_status:fuzzy:1"
doi:10.3389/fpsyg.2017.01454,TBL-20260216233916-017,verified_strong,11,11,0,0,0,0,11,11,11,0,0,"translation_status:inferred:10,translation_status:fuzzy:1"
doi:10.3389/fpsyg.2017.01454,TBL-20260216233916-019,verified_strong,2,2,0,0,0,0,2,2,2,0,0,translation_status:inferred:2
doi:10.3389/fpsyg.2017.01454,TBL-20260216233916-020,verified_strong,15,15,0,0,0,0,15,15,15,0,0,translation_status:inferred:15
doi:10.3389/fpsyg.2017.01454,TBL-20260216233916-021,verified_strong,4,4,0,0,0,0,4,4,4,0,0,translation_status:inferred:4
doi:10.3389/fpsyg.2017.01454,TBL-20260216233916-022,verified_strong,15,15,0,0,0,0,15,15,15,0,0,translation_status:inferred:15
doi:10.3389/fpsyg.2017.01454,TBL-20260216233916-023,verified_strong,13,13,0,0,0,0,13,13,13,0,0,translation_status:inferred:13
doi:10.3389/fpsyg.2017.01454,TBL-20260216233916-025,verified_strong,18,18,0,0,0,0,18,18,18,0,0,"translation_status:inferred:17,translation_status:fuzzy:1"
doi:10.3389/fpsyg.2017.01454,TBL-20260216233916-026,verified_strong,21,21,0,0,0,0,21,21,21,0,0,translation_status:inferred:21
doi:10.3389/fpsyg.2017.01454,TBL-20260216233916-027,verified_strong,4,4,0,0,0,0,4,4,4,0,0,translation_status:inferred:4
doi:10.3389/fpsyg.2017.01454,TBL-20260216233916-028,verified_strong,2,2,0,0,0,0,2,2,2,0,0,translation_status:inferred:2
doi:10.3389/fpsyg.2017.01454,TBL-20260216233916-029,verified_strong,11,11,0,0,0,0,11,11,11,0,0,translation_status:inferred:11
doi:10.3389/fpsyg.2017.01454,TBL-20260216233916-031,verified_strong,4,4,0,0,0,0,4,4,4,0,0,translation_status:inferred:4
doi:10.3389/fpsyg.2017.01454,TBL-20260216233916-032,verified_strong,7,7,0,0,0,0,7,7,7,0,0,translation_status:inferred:7
doi:10.3389/fpsyg.2017.01454,TBL-20260216233916-033,verified_strong,12,12,0,0,0,0,12,12,12,0,0,translation_status:inferred:12
doi:10.3389/fpsyg.2017.01454,TBL-20260216233916-034,verified_strong,9,9,0,0,0,0,9,9,9,0,0,"translation_status:inferred:8,translation_status:exact:1"
doi:10.3389/fpsyg.2017.01454,TBL-20260216233916-035,verified_strong,1,1,0,0,0,0,1,1,1,0,0,translation_status:inferred:1
doi:10.3389/fpsyg.2017.01454,TBL-20260216233916-036,verified_strong,1,1,0,0,0,0,1,1,1,0,0,translation_status:inferred:1
doi:10.3389/fpsyg.2017.01454,TBL-20260216233916-037,verified_strong,9,9,0,0,0,0,9,9,9,0,0,translation_status:inferred:9
doi:10.3389/fpsyg.2017.01454,TBL-20260216233916-038,verified_strong,2,2,0,0,0,0,2,2,2,0,0,translation_status:inferred:2
doi:10.3389/fpsyg.2017.01454,TBL-20260216233916-039,verified_strong,6,6,0,0,0,0,6,6,6,0,0,translation_status:inferred:6
doi:10.3389/fpsyg.2017.01454,TBL-20260216233916-040,verified_strong,1,1,0,0,0,0,1,1,1,0,0,translation_status:inferred:1
doi:10.3389/fpsyg.2017.01454,TBL-20260216233916-041,verified_strong,1,1,0,0,0,0,1,1,1,0,0,translation_status:inferred:1
doi:10.3389/fpsyg.2017.01454,TBL-20260216233916-042,verified_strong,6,6,0,0,0,0,6,6,6,0,0,"translation_status:inferred:5,translation_status:fuzzy:1"
doi:10.3389/fpsyg.2017.01454,TBL-20260216233916-043,verified_strong,1,1,0,0,0,0,1,1,1,0,0,translation_status:fuzzy:1
doi:10.3389/fpsyg.2017.01454,TBL-20260216233916-044,verified_strong,1,1,0,0,0,0,1,1,1,0,0,translation_status:inferred:1
doi:10.3389/fpsyg.2017.01454,TBL-20260216233916-046,verified_strong,1,1,0,0,0,0,1,1,1,0,0,translation_status:fuzzy:1
doi:10.3389/fpsyg.2017.01454,TBL-20260216233916-047,verified_strong,11,11,0,0,0,0,11,11,11,0,0,translation_status:inferred:11
doi:10.3389/fpsyg.2017.01454,TBL-20260216233916-048,verified_strong,7,7,0,0,0,0,7,7,7,0,0,"translation_status:inferred:3,translation_status:fuzzy:3,translation_status:exact:1"
doi:10.3389/fpsyg.2017.01454,TBL-20260216233916-050,verified_strong,12,12,0,0,0,0,12,12,12,0,0,translation_status:inferred:12
doi:10.3389/fpsyg.2017.01454,TBL-20260216233916-051,verified_strong,11,11,0,0,0,0,11,11,11,0,0,"translation_status:inferred:8,translation_status:fuzzy:3"
doi:10.3389/fpsyg.2017.01454,TBL-20260216233916-052,verified_strong,11,11,0,0,0,0,11,11,11,0,0,translation_status:inferred:11
doi:10.3389/fpsyg.2017.01454,TBL-20260216233916-053,verified_strong,13,13,0,0,0,0,13,13,13,0,0,translation_status:inferred:13
doi:10.3389/fpsyg.2017.01454,TBL-20260216233916-054,verified_strong,11,11,0,0,0,0,11,11,11,0,0,"translation_status:inferred:8,translation_status:fuzzy:3"
doi:10.3389/fpsyg.2017.01454,TBL-20260216233916-055,verified_strong,1,1,0,0,0,0,1,1,1,0,0,translation_status:inferred:1
doi:10.3389/fpsyg.2017.01454,TBL-20260216233916-056,verified_strong,12,12,0,0,0,0,12,12,12,0,0,"translation_status:exact:8,translation_status:fuzzy:4"
doi:10.3389/fpsyg.2017.01454,TBL-20260216233916-057,verified_strong,1,1,0,0,0,0,1,1,1,0,0,translation_status:fuzzy:1
doi:10.3389/fpsyg.2017.01454,TBL-20260216233916-058,verified_strong,2,2,0,0,0,0,2,2,2,0,0,translation_status:inferred:2
doi:10.3389/fpsyg.2017.01454,TBL-20260216233916-059,verified_strong,1,1,0,0,0,0,1,1,1,0,0,translation_status:inferred:1
doi:10.3389/fpsyg.2017.01454,TBL-20260216233916-060,verified_strong,1,1,0,0,0,0,1,1,1,0,0,translation_status:inferred:1
doi:10.3389/fpsyg.2017.01454,TBL-20260216233916-061,verified_strong,1,1,0,0,0,0,1,1,1,0,0,translation_status:inferred:1
doi:10.3389/fpsyg.2017.01454,TBL-20260216233916-062,verified_strong,1,1,0,0,0,0,1,1,1,0,0,translation_status:inferred:1
doi:10.3389/fpsyg.2017.01454,TBL-20260216233916-063,verified_strong,4,4,0,0,0,0,4,4,4,0,0,translation_status:inferred:4
doi:10.3389/fpsyg.2017.01454,TBL-20260216233916-064,verified_strong,4,4,0,0,0,0,4,4,4,0,0,translation_status:inferred:4
doi:10.3389/fpsyg.2017.01454,TBL-20260216233916-065,verified_strong,1,1,0,0,0,0,1,1,1,0,0,translation_status:exact:1
doi:10.3389/fpsyg.2017.01454,TBL-20260216233916-066,verified_strong,1,1,0,0,0,0,1,1,1,0,0,translation_status:exact:1
doi:10.3389/fpsyg.2017.01454,TBL-20260216233916-067,verified_strong,5,5,0,0,0,0,5,5,5,0,0,"translation_status:fuzzy:4,translation_status:exact:1"
doi:10.3389/fpsyg.2017.01454,TBL-20260216233917-069,verified_strong,12,12,0,0,0,0,12,12,12,0,0,"translation_status:exact:7,translation_status:fuzzy:5"
doi:10.3389/fpsyg.2017.01454,TBL-20260216233917-070,verified_strong,1,1,0,0,0,0,1,1,1,0,0,translation_status:exact:1
doi:10.3389/fpsyg.2017.01454,TBL-20260216233917-071,verified_strong,3,3,0,0,0,0,3,3,3,0,0,translation_status:fuzzy:3
doi:10.3389/fpsyg.2017.01454,TBL-20260216233917-073,verified_strong,3,3,0,0,0,0,3,3,3,0,0,"translation_status:fuzzy:2,translation_status:inferred:1"
doi:10.3389/fpsyg.2017.01454,TBL-20260216233917-074,verified_strong,1,1,0,0,0,0,1,1,1,0,0,translation_status:inferred:1
doi:10.3389/fpsyg.2017.01454,TBL-20260216233917-075,verified_strong,3,3,0,0,0,0,3,3,3,0,0,"translation_status:inferred:2,translation_status:exact:1"
doi:10.3389/fpsyg.2017.01454,TBL-20260216233917-076,verified_strong,7,7,0,0,0,0,7,7,7,0,0,"translation_status:inferred:6,translation_status:fuzzy:1"
doi:10.3389/fpsyg.2017.01454,TBL-20260216233917-078,verified_strong,1,1,0,0,0,0,1,1,1,0,0,translation_status:inferred:1
doi:10.3389/fpsyg.2017.01454,TBL-20260216233917-079,verified_strong,22,22,0,0,0,0,22,22,22,0,0,translation_status:fuzzy:22
doi:10.3389/fpsyg.2017.01454,TBL-20260216233917-080,verified_strong,10,10,0,0,0,0,10,10,10,0,0,translation_status:inferred:10
doi:10.3389/fpsyg.2017.01454,TBL-20260216233917-081,verified_strong,16,16,0,0,0,0,16,16,16,0,0,translation_status:inferred:16
doi:10.3389/fpsyg.2017.01454,TBL-20260216233917-082,verified_strong,16,16,0,0,0,0,16,16,16,0,0,translation_status:inferred:16
doi:10.3389/fpsyg.2017.01454,TBL-20260216233917-083,verified_strong,4,4,0,0,0,0,4,4,4,0,0,translation_status:inferred:4
doi:10.3389/fpsyg.2017.01454,TBL-20260216233917-084,verified_strong,7,7,0,0,0,0,7,7,7,0,0,translation_status:inferred:7
doi:10.3389/fpsyg.2017.01454,TBL-20260216233917-085,verified_strong,13,13,0,0,0,0,13,13,13,0,0,"translation_status:inferred:12,translation_status:exact:1"
doi:10.3389/fpsyg.2017.01454,TBL-20260216233917-086,verified_strong,4,4,0,0,0,0,4,4,4,0,0,"translation_status:fuzzy:2,translation_status:inferred:2"
doi:10.3390/app11093942,TBL-20260216234107-001,verified_strong,4,4,0,0,0,0,4,4,4,0,0,translation_status:inferred:4
doi:10.3390/app11093942,TBL-20260216234107-002,verified_strong,1,1,0,0,0,0,1,1,1,0,0,translation_status:inferred:1
doi:10.3390/app11093942,TBL-20260216234107-003,verified_strong,1,1,0,0,0,0,1,1,1,0,0,translation_status:inferred:1
doi:10.3390/app11093942,TBL-20260216234107-004,verified_strong,1,1,0,0,0,0,1,1,1,0,0,translation_status:inferred:1
doi:10.3390/app11093942,TBL-20260216234107-005,verified_strong,1,1,0,0,0,0,1,1,1,0,0,translation_status:inferred:1
doi:10.3390/app11093942,TBL-20260216234107-006,verified_strong,1,1,0,0,0,0,1,1,1,0,0,translation_status:inferred:1
doi:10.3390/app11093942,TBL-20260216234108-009,verified_strong,1,1,0,0,0,0,1,1,1,0,0,translation_status:inferred:1
doi:10.3390/app11093942,TBL-20260216234108-010,verified_strong,1,1,0,0,0,0,1,1,1,0,0,translation_status:inferred:1
doi:10.3390/app14072699,TBL-20260214100037-002,verified_strong,1,1,0,0,0,0,1,1,1,0,0,translation_status:inferred:1
doi:10.3390/app14072699,TBL-20260214113148-002,verified_strong,1,1,0,0,0,0,1,1,1,0,0,translation_status:inferred:1
doi:10.3390/app14072699,TBL-20260214113634-002,verified_strong,1,1,0,0,0,0,1,1,1,0,0,translation_status:inferred:1
doi:10.3390/app14072699,TBL-20260214133249-002,verified_strong,1,1,0,0,0,0,1,1,1,0,0,translation_status:inferred:1
doi:10.3390/buildings14040957,TBL-20260214094807-002,verified_strong,2,2,0,0,0,0,2,2,2,0,0,translation_status:inferred:2
doi:10.3390/buildings14040957,TBL-20260214094957-002,verified_strong,2,2,0,0,0,0,2,2,2,0,0,translation_status:inferred:2
doi:10.3390/buildings14040957,TBL-20260214095023-002,verified_strong,2,2,0,0,0,0,2,2,2,0,0,translation_status:inferred:2
doi:10.3390/buildings14040957,TBL-20260214120909-002,verified_strong,2,2,0,0,0,0,2,2,2,0,0,translation_status:inferred:2
doi:10.3390/buildings14041115,TBL-20260216234124-001,verified_strong,5,5,0,0,0,0,5,5,5,0,0,"translation_status:inferred:3,translation_status:fuzzy:2"
doi:10.3390/buildings7020032,TBL-20260216234148-002,verified_strong,4,4,0,0,0,0,4,4,4,0,0,translation_status:inferred:4
doi:10.3390/buildings7020032,TBL-20260216234148-003,verified_strong,2,2,0,0,0,0,2,2,2,0,0,translation_status:inferred:2
doi:10.3390/buildings7020032,TBL-20260216234148-004,verified_strong,4,4,0,0,0,0,4,4,4,0,0,"translation_status:inferred:3,translation_status:fuzzy:1"
doi:10.3390/buildings7020032,TBL-20260216234148-005,verified_strong,1,1,0,0,0,0,1,1,1,0,0,translation_status:inferred:1
doi:10.3390/buildings7020032,TBL-20260216234152-007,verified_strong,1,1,0,0,0,0,1,1,1,0,0,translation_status:inferred:1
doi:10.3390/buildings7020032,TBL-20260216234153-008,verified_strong,1,1,0,0,0,0,1,1,1,0,0,translation_status:inferred:1
doi:10.3390/buildings7020032,TBL-20260216234153-009,verified_strong,1,1,0,0,0,0,1,1,1,0,0,translation_status:inferred:1
doi:10.3390/buildings7020032,TBL-20260216234153-010,verified_strong,9,9,0,0,0,0,9,9,9,0,0,translation_status:inferred:9
doi:10.3390/buildings7020032,TBL-20260216234155-014,verified_strong,20,20,0,0,0,0,20,20,20,0,0,translation_status:inferred:20
doi:10.3390/buildings7020032,TBL-20260216234155-016,verified_strong,22,22,0,0,0,0,22,22,22,0,0,translation_status:inferred:22
doi:10.3390/en15155390,TBL-20260214095840-001,verified_strong,1,1,0,0,0,0,1,1,1,0,0,translation_status:inferred:1
doi:10.3390/en15155390,TBL-20260214100326-001,verified_strong,1,1,0,0,0,0,1,1,1,0,0,translation_status:inferred:1
doi:10.3390/en15155390,TBL-20260214100415-001,verified_strong,1,1,0,0,0,0,1,1,1,0,0,translation_status:inferred:1
doi:10.3390/en15155390,TBL-20260214122051-001,verified_strong,1,1,0,0,0,0,1,1,1,0,0,translation_status:inferred:1
doi:10.3390/f13122073,TBL-20260214155730-001,verified_strong,1,1,0,0,0,0,1,1,1,0,0,translation_status:inferred:1
doi:10.3390/f13122073,TBL-20260215003836-001,verified_strong,1,1,0,0,0,0,1,1,1,0,0,translation_status:inferred:1
doi:10.3390/ijerph10041439,TBL-20260216202216-002,verified_strong,1,1,0,0,0,0,1,1,1,0,0,translation_status:inferred:1
doi:10.3390/ijerph10041439,TBL-20260216202217-003,verified_strong,5,5,0,0,0,0,5,5,5,0,0,"translation_status:fuzzy:3,translation_status:inferred:2"
doi:10.3390/ijerph14070773,TBL-20260214094658-001,verified_strong,2,2,0,0,0,0,2,2,2,0,0,translation_status:inferred:2
doi:10.3390/ijerph14070773,TBL-20260214094726-001,verified_strong,2,2,0,0,0,0,2,2,2,0,0,translation_status:inferred:2
doi:10.3390/ijerph14070773,TBL-20260214120841-001,verified_strong,2,2,0,0,0,0,2,2,2,0,0,translation_status:inferred:2
doi:10.3390/ijerph14070801,TBL-20260214094729-001,verified_strong,2,2,0,0,0,0,2,2,2,0,0,translation_status:inferred:2
doi:10.3390/ijerph14070801,TBL-20260214094729-002,verified_strong,1,1,0,0,0,0,1,1,1,0,0,translation_status:inferred:1
doi:10.3390/ijerph14070801,TBL-20260214094729-003,verified_strong,1,1,0,0,0,0,1,1,1,0,0,translation_status:inferred:1
doi:10.3390/ijerph14070801,TBL-20260214094952-001,verified_strong,2,2,0,0,0,0,2,2,2,0,0,translation_status:inferred:2
doi:10.3390/ijerph14070801,TBL-20260214094952-002,verified_strong,1,1,0,0,0,0,1,1,1,0,0,translation_status:inferred:1
doi:10.3390/ijerph14070801,TBL-20260214094952-003,verified_strong,1,1,0,0,0,0,1,1,1,0,0,translation_status:inferred:1
doi:10.3390/ijerph14070801,TBL-20260214095012-001,verified_strong,2,2,0,0,0,0,2,2,2,0,0,translation_status:inferred:2
doi:10.3390/ijerph14070801,TBL-20260214095012-002,verified_strong,1,1,0,0,0,0,1,1,1,0,0,translation_status:inferred:1
doi:10.3390/ijerph14070801,TBL-20260214095012-003,verified_strong,1,1,0,0,0,0,1,1,1,0,0,translation_status:inferred:1
doi:10.3390/ijerph14070801,TBL-20260214120843-001,verified_strong,2,2,0,0,0,0,2,2,2,0,0,translation_status:inferred:2
doi:10.3390/ijerph14070801,TBL-20260214120843-002,verified_strong,1,1,0,0,0,0,1,1,1,0,0,translation_status:inferred:1
doi:10.3390/ijerph14070801,TBL-20260214120843-003,verified_strong,1,1,0,0,0,0,1,1,1,0,0,translation_status:inferred:1
doi:10.3390/ijerph18020535,TBL-20260214095239-004,verified_strong,2,2,0,0,0,0,2,2,2,0,0,translation_status:inferred:2
doi:10.3390/ijerph18020535,TBL-20260214102422-004,verified_strong,2,2,0,0,0,0,2,2,2,0,0,translation_status:inferred:2
doi:10.3390/ijerph18020535,TBL-20260214102538-004,verified_strong,2,2,0,0,0,0,2,2,2,0,0,translation_status:inferred:2
doi:10.3390/ijerph18020535,TBL-20260214123921-004,verified_strong,2,2,0,0,0,0,2,2,2,0,0,translation_status:inferred:2
doi:10.3390/ijerph7031036,TBL-20260214092226-002,verified_strong,1,1,0,0,0,0,1,1,1,0,0,translation_status:inferred:1
doi:10.3390/ijerph7031036,TBL-20260214092226-003,verified_strong,1,1,0,0,0,0,1,1,1,0,0,translation_status:inferred:1
doi:10.3390/ijerph7031036,TBL-20260214092226-004,verified_strong,1,1,0,0,0,0,1,1,1,0,0,translation_status:inferred:1
doi:10.3390/ijerph7031036,TBL-20260214092226-005,verified_strong,1,1,0,0,0,0,1,1,1,0,0,translation_status:inferred:1
doi:10.3390/ijerph7031036,TBL-20260214115813-002,verified_strong,1,1,0,0,0,0,1,1,1,0,0,translation_status:inferred:1
doi:10.3390/ijerph7031036,TBL-20260214115813-003,verified_strong,1,1,0,0,0,0,1,1,1,0,0,translation_status:inferred:1
doi:10.3390/ijerph7031036,TBL-20260214115813-004,verified_strong,1,1,0,0,0,0,1,1,1,0,0,translation_status:inferred:1
doi:10.3390/ijerph7031036,TBL-20260214115813-005,verified_strong,1,1,0,0,0,0,1,1,1,0,0,translation_status:inferred:1
doi:10.3390/su12176760,TBL-20260216234411-004,verified_strong,1,1,0,0,0,0,1,1,1,0,0,translation_status:inferred:1
doi:10.3390/su12176760,TBL-20260216234411-011,verified_strong,1,1,0,0,0,0,1,1,1,0,0,translation_status:inferred:1
doi:10.3390/su12176760,TBL-20260216234411-012,verified_strong,1,1,0,0,0,0,1,1,1,0,0,translation_status:inferred:1
doi:10.3390/su12176760,TBL-20260216234411-013,verified_strong,1,1,0,0,0,0,1,1,1,0,0,translation_status:inferred:1
doi:10.3390/su13168816,TBL-20260216234419-001,verified_strong,1,1,0,0,0,0,1,1,1,0,0,translation_status:inferred:1
doi:10.3390/su14137885,TBL-20260216202314-001,verified_strong,1,1,0,0,0,0,1,1,1,0,0,translation_status:inferred:1
doi:10.3390/su14137885,TBL-20260216202314-002,verified_strong,1,1,0,0,0,0,1,1,1,0,0,translation_status:inferred:1
doi:10.4000/ambiances.315,TBL-20260214095436-002,verified_strong,6,6,0,0,0,0,6,6,6,0,0,translation_status:inferred:6
doi:10.4000/ambiances.315,TBL-20260214095436-003,verified_strong,3,3,0,0,0,0,3,3,3,0,0,translation_status:inferred:3
doi:10.4000/ambiances.315,TBL-20260214112753-002,verified_strong,6,6,0,0,0,0,6,6,6,0,0,translation_status:inferred:6
doi:10.4000/ambiances.315,TBL-20260214112753-003,verified_strong,3,3,0,0,0,0,3,3,3,0,0,translation_status:inferred:3
doi:10.4000/ambiances.315,TBL-20260214112809-002,verified_strong,6,6,0,0,0,0,6,6,6,0,0,translation_status:inferred:6
doi:10.4000/ambiances.315,TBL-20260214112809-003,verified_strong,3,3,0,0,0,0,3,3,3,0,0,translation_status:inferred:3
doi:10.4000/ambiances.315,TBL-20260214131949-002,verified_strong,6,6,0,0,0,0,6,6,6,0,0,translation_status:inferred:6
doi:10.4000/ambiances.315,TBL-20260214131949-003,verified_strong,3,3,0,0,0,0,3,3,3,0,0,translation_status:inferred:3
doi:10.4236/cus.2019.71001,TBL-20260214094716-001,verified_strong,4,4,0,0,0,0,4,4,4,0,0,"translation_status:inferred:3,translation_status:fuzzy:1"
doi:10.4236/cus.2019.71001,TBL-20260214110354-001,verified_strong,4,4,0,0,0,0,4,4,4,0,0,"translation_status:inferred:3,translation_status:fuzzy:1"
doi:10.4236/cus.2019.71001,TBL-20260214131524-001,verified_strong,4,4,0,0,0,0,4,4,4,0,0,"translation_status:inferred:3,translation_status:fuzzy:1"
doi:10.47436/jaars.2022.98893.1051,TBL-20260214095512-001,verified_strong,5,5,0,0,0,0,5,5,5,0,0,translation_status:inferred:5
doi:10.47436/jaars.2022.98893.1051,TBL-20260214095512-002,verified_strong,1,1,0,0,0,0,1,1,1,0,0,translation_status:inferred:1
doi:10.47436/jaars.2022.98893.1051,TBL-20260214095512-003,verified_strong,6,6,0,0,0,0,6,6,6,0,0,translation_status:inferred:6
doi:10.47436/jaars.2022.98893.1051,TBL-20260214102508-001,verified_strong,5,5,0,0,0,0,5,5,5,0,0,translation_status:inferred:5
doi:10.47436/jaars.2022.98893.1051,TBL-20260214102508-002,verified_strong,1,1,0,0,0,0,1,1,1,0,0,translation_status:inferred:1
doi:10.47436/jaars.2022.98893.1051,TBL-20260214102509-003,verified_strong,6,6,0,0,0,0,6,6,6,0,0,translation_status:inferred:6
doi:10.47436/jaars.2022.98893.1051,TBL-20260214102622-001,verified_strong,5,5,0,0,0,0,5,5,5,0,0,translation_status:inferred:5
doi:10.47436/jaars.2022.98893.1051,TBL-20260214102623-002,verified_strong,1,1,0,0,0,0,1,1,1,0,0,translation_status:inferred:1
doi:10.47436/jaars.2022.98893.1051,TBL-20260214102623-003,verified_strong,6,6,0,0,0,0,6,6,6,0,0,translation_status:inferred:6
doi:10.47436/jaars.2022.98893.1051,TBL-20260214124004-001,verified_strong,5,5,0,0,0,0,5,5,5,0,0,translation_status:inferred:5
doi:10.47436/jaars.2022.98893.1051,TBL-20260214124005-002,verified_strong,1,1,0,0,0,0,1,1,1,0,0,translation_status:inferred:1
doi:10.47436/jaars.2022.98893.1051,TBL-20260214124006-003,verified_strong,6,6,0,0,0,0,6,6,6,0,0,translation_status:inferred:6
doi:10.47611/jsrhs.v13i1.6257,TBL-20260215003428-001,verified_strong,8,8,0,0,0,0,8,8,8,0,0,"translation_status:fuzzy:4,translation_status:inferred:4"
doi:10.47611/jsrhs.v13i1.6257,TBL-20260215003428-002,verified_strong,40,40,0,0,0,0,40,40,40,0,0,"translation_status:inferred:39,translation_status:exact:1"
doi:10.47611/jsrhs.v13i1.6257,TBL-20260215003430-003,verified_strong,16,16,0,0,0,0,16,16,16,0,0,translation_status:inferred:16
doi:10.48550/arxiv.2102.03629,TBL-20260214095435-002,verified_strong,1,1,0,0,0,0,1,1,1,0,0,translation_status:inferred:1
doi:10.48550/arxiv.2102.03629,TBL-20260214102444-002,verified_strong,1,1,0,0,0,0,1,1,1,0,0,translation_status:inferred:1
doi:10.48550/arxiv.2102.03629,TBL-20260214102559-002,verified_strong,1,1,0,0,0,0,1,1,1,0,0,translation_status:inferred:1
doi:10.48550/arxiv.2102.03629,TBL-20260214123942-002,verified_strong,1,1,0,0,0,0,1,1,1,0,0,translation_status:inferred:1
doi:10.5281/zenodo.7951750,TBL-20260214095336-004,verified_strong,1,1,0,0,0,0,1,1,1,0,0,translation_status:inferred:1
doi:10.5281/zenodo.7951750,TBL-20260214112735-004,verified_strong,1,1,0,0,0,0,1,1,1,0,0,translation_status:inferred:1
doi:10.5281/zenodo.7951750,TBL-20260214112753-004,verified_strong,1,1,0,0,0,0,1,1,1,0,0,translation_status:inferred:1
doi:10.5281/zenodo.7951750,TBL-20260214131931-004,verified_strong,1,1,0,0,0,0,1,1,1,0,0,translation_status:inferred:1
doi:10.54864/planarch.1491955,TBL-20260216234539-002,verified_strong,26,26,0,0,0,0,26,26,26,0,0,translation_status:inferred:26
doi:10.54864/planarch.1491955,TBL-20260216234539-003,verified_strong,5,5,0,0,0,0,5,5,5,0,0,translation_status:inferred:5
doi:10.54864/planarch.1491955,TBL-20260216234539-004,verified_strong,7,7,0,0,0,0,7,7,7,0,0,translation_status:inferred:7
doi:10.54864/planarch.1491955,TBL-20260216234539-006,verified_strong,2,2,0,0,0,0,2,2,2,0,0,translation_status:inferred:2
doi:10.54864/planarch.1491955,TBL-20260216234539-007,verified_strong,3,3,0,0,0,0,3,3,3,0,0,translation_status:inferred:3
doi:10.54864/planarch.1491955,TBL-20260216234539-008,verified_strong,3,3,0,0,0,0,3,3,3,0,0,translation_status:inferred:3
doi:10.54864/planarch.1491955,TBL-20260216234539-010,verified_strong,4,4,0,0,0,0,4,4,4,0,0,translation_status:inferred:4
doi:10.54864/planarch.1491955,TBL-20260216234539-011,verified_strong,4,4,0,0,0,0,4,4,4,0,0,translation_status:inferred:4
doi:10.54864/planarch.1491955,TBL-20260216234539-012,verified_strong,5,5,0,0,0,0,5,5,5,0,0,translation_status:inferred:5
doi:10.54864/planarch.1491955,TBL-20260216234539-013,verified_strong,5,5,0,0,0,0,5,5,5,0,0,translation_status:inferred:5
doi:10.54864/planarch.1491955,TBL-20260216234540-014,verified_strong,2,2,0,0,0,0,2,2,2,0,0,translation_status:inferred:2
doi:10.54864/planarch.1491955,TBL-20260216234540-015,verified_strong,2,2,0,0,0,0,2,2,2,0,0,translation_status:inferred:2
doi:10.54864/planarch.1491955,TBL-20260216234540-016,verified_strong,1,1,0,0,0,0,1,1,1,0,0,translation_status:inferred:1
doi:10.54864/planarch.1491955,TBL-20260216234540-018,verified_strong,2,2,0,0,0,0,2,2,2,0,0,translation_status:inferred:2
doi:10.54864/planarch.1491955,TBL-20260216234540-019,verified_strong,1,1,0,0,0,0,1,1,1,0,0,translation_status:inferred:1
doi:10.54864/planarch.1491955,TBL-20260216234540-020,verified_strong,2,2,0,0,0,0,2,2,2,0,0,translation_status:inferred:2
doi:10.54864/planarch.1491955,TBL-20260216234540-021,verified_strong,2,2,0,0,0,0,2,2,2,0,0,translation_status:inferred:2
doi:10.54864/planarch.1491955,TBL-20260216234540-022,verified_strong,2,2,0,0,0,0,2,2,2,0,0,translation_status:inferred:2
doi:10.54864/planarch.1491955,TBL-20260216234540-023,verified_strong,2,2,0,0,0,0,2,2,2,0,0,translation_status:inferred:2
doi:10.54864/planarch.1491955,TBL-20260216234540-026,verified_strong,1,1,0,0,0,0,1,1,1,0,0,translation_status:inferred:1
doi:10.54864/planarch.1491955,TBL-20260216234540-028,verified_strong,3,3,0,0,0,0,3,3,3,0,0,"translation_status:inferred:2,translation_status:fuzzy:1"
doi:10.54864/planarch.1491955,TBL-20260216234540-029,verified_strong,3,3,0,0,0,0,3,3,3,0,0,translation_status:inferred:3
doi:10.54864/planarch.1491955,TBL-20260216234540-030,verified_strong,5,5,0,0,0,0,5,5,5,0,0,translation_status:inferred:5
doi:10.54864/planarch.1491955,TBL-20260216234540-031,verified_strong,7,7,0,0,0,0,7,7,7,0,0,"translation_status:inferred:6,translation_status:fuzzy:1"
doi:10.54864/planarch.1491955,TBL-20260216234540-032,verified_strong,2,2,0,0,0,0,2,2,2,0,0,translation_status:inferred:2
doi:10.54864/planarch.1491955,TBL-20260216234540-033,verified_strong,1,1,0,0,0,0,1,1,1,0,0,translation_status:inferred:1
doi:10.54864/planarch.1491955,TBL-20260216234540-035,verified_strong,2,2,0,0,0,0,2,2,2,0,0,translation_status:inferred:2
doi:10.54864/planarch.1491955,TBL-20260216234540-036,verified_strong,2,2,0,0,0,0,2,2,2,0,0,translation_status:inferred:2
doi:10.54864/planarch.1491955,TBL-20260216234540-037,verified_strong,2,2,0,0,0,0,2,2,2,0,0,translation_status:inferred:2
doi:10.54864/planarch.1491955,TBL-20260216234540-038,verified_strong,17,17,0,0,0,0,17,17,17,0,0,"translation_status:inferred:16,translation_status:fuzzy:1"
doi:10.54864/planarch.1491955,TBL-20260216234540-039,verified_strong,2,2,0,0,0,0,2,2,2,0,0,translation_status:inferred:2
doi:10.54864/planarch.1491955,TBL-20260216234540-040,verified_strong,1,1,0,0,0,0,1,1,1,0,0,translation_status:inferred:1
doi:10.54864/planarch.1491955,TBL-20260216234540-042,verified_strong,2,2,0,0,0,0,2,2,2,0,0,translation_status:inferred:2
doi:10.54864/planarch.1491955,TBL-20260216234540-044,verified_strong,1,1,0,0,0,0,1,1,1,0,0,translation_status:inferred:1
doi:10.54864/planarch.1491955,TBL-20260216234540-045,verified_strong,1,1,0,0,0,0,1,1,1,0,0,translation_status:inferred:1
doi:10.54864/planarch.1491955,TBL-20260216234541-046,verified_strong,1,1,0,0,0,0,1,1,1,0,0,translation_status:inferred:1
doi:10.54864/planarch.1491955,TBL-20260216234541-047,verified_strong,14,14,0,0,0,0,14,14,14,0,0,"translation_status:inferred:13,translation_status:fuzzy:1"
doi:10.56261/jars.v22.269283,TBL-20260214155934-001,verified_strong,7,7,0,0,0,0,7,7,7,0,0,translation_status:inferred:7
doi:10.56261/jars.v22.269283,TBL-20260214155935-002,verified_strong,6,6,0,0,0,0,6,6,6,0,0,translation_status:inferred:6
doi:10.56261/jars.v22.269283,TBL-20260214192848-001,verified_strong,7,7,0,0,0,0,7,7,7,0,0,translation_status:inferred:7
doi:10.56261/jars.v22.269283,TBL-20260214192849-002,verified_strong,6,6,0,0,0,0,6,6,6,0,0,translation_status:inferred:6
doi:10.56261/jars.v22.269283,TBL-20260215013032-001,verified_strong,7,7,0,0,0,0,7,7,7,0,0,translation_status:inferred:7
doi:10.56261/jars.v22.269283,TBL-20260215013033-002,verified_strong,6,6,0,0,0,0,6,6,6,0,0,translation_status:inferred:6
doi:10.59324/ejtas.2023.1(5).86,TBL-20260214094656-002,verified_strong,1,1,0,0,0,0,1,1,1,0,0,translation_status:inferred:1
doi:10.59324/ejtas.2023.1(5).86,TBL-20260214094656-003,verified_strong,1,1,0,0,0,0,1,1,1,0,0,translation_status:inferred:1
doi:10.59324/ejtas.2023.1(5).86,TBL-20260214094656-004,verified_strong,1,1,0,0,0,0,1,1,1,0,0,translation_status:inferred:1
doi:10.59324/ejtas.2023.1(5).86,TBL-20260214094656-005,verified_strong,1,1,0,0,0,0,1,1,1,0,0,translation_status:inferred:1
doi:10.59324/ejtas.2023.1(5).86,TBL-20260214094657-006,verified_strong,1,1,0,0,0,0,1,1,1,0,0,translation_status:inferred:1
doi:10.59324/ejtas.2023.1(5).86,TBL-20260214094657-007,verified_strong,1,1,0,0,0,0,1,1,1,0,0,translation_status:inferred:1
doi:10.59324/ejtas.2023.1(5).86,TBL-20260214094657-008,verified_strong,1,1,0,0,0,0,1,1,1,0,0,translation_status:inferred:1
doi:10.59324/ejtas.2023.1(5).86,TBL-20260214094657-009,verified_strong,1,1,0,0,0,0,1,1,1,0,0,translation_status:inferred:1
doi:10.59324/ejtas.2023.1(5).86,TBL-20260214094657-010,verified_strong,1,1,0,0,0,0,1,1,1,0,0,translation_status:inferred:1
doi:10.59324/ejtas.2023.1(5).86,TBL-20260214094658-011,verified_strong,1,1,0,0,0,0,1,1,1,0,0,translation_status:inferred:1
doi:10.59324/ejtas.2023.1(5).86,TBL-20260214100652-002,verified_strong,1,1,0,0,0,0,1,1,1,0,0,translation_status:inferred:1
doi:10.59324/ejtas.2023.1(5).86,TBL-20260214100653-003,verified_strong,1,1,0,0,0,0,1,1,1,0,0,translation_status:inferred:1
doi:10.59324/ejtas.2023.1(5).86,TBL-20260214100653-004,verified_strong,1,1,0,0,0,0,1,1,1,0,0,translation_status:inferred:1
doi:10.59324/ejtas.2023.1(5).86,TBL-20260214100654-005,verified_strong,1,1,0,0,0,0,1,1,1,0,0,translation_status:inferred:1
doi:10.59324/ejtas.2023.1(5).86,TBL-20260214100654-006,verified_strong,1,1,0,0,0,0,1,1,1,0,0,translation_status:inferred:1
doi:10.59324/ejtas.2023.1(5).86,TBL-20260214100655-007,verified_strong,1,1,0,0,0,0,1,1,1,0,0,translation_status:inferred:1
doi:10.59324/ejtas.2023.1(5).86,TBL-20260214100655-008,verified_strong,1,1,0,0,0,0,1,1,1,0,0,translation_status:inferred:1
doi:10.59324/ejtas.2023.1(5).86,TBL-20260214100656-009,verified_strong,1,1,0,0,0,0,1,1,1,0,0,translation_status:inferred:1
doi:10.59324/ejtas.2023.1(5).86,TBL-20260214100656-010,verified_strong,1,1,0,0,0,0,1,1,1,0,0,translation_status:inferred:1
doi:10.59324/ejtas.2023.1(5).86,TBL-20260214100657-011,verified_strong,1,1,0,0,0,0,1,1,1,0,0,translation_status:inferred:1
doi:10.59324/ejtas.2023.1(5).86,TBL-20260214101206-002,verified_strong,1,1,0,0,0,0,1,1,1,0,0,translation_status:inferred:1
doi:10.59324/ejtas.2023.1(5).86,TBL-20260214101207-003,verified_strong,1,1,0,0,0,0,1,1,1,0,0,translation_status:inferred:1
doi:10.59324/ejtas.2023.1(5).86,TBL-20260214101207-004,verified_strong,1,1,0,0,0,0,1,1,1,0,0,translation_status:inferred:1
doi:10.59324/ejtas.2023.1(5).86,TBL-20260214101208-005,verified_strong,1,1,0,0,0,0,1,1,1,0,0,translation_status:inferred:1
doi:10.59324/ejtas.2023.1(5).86,TBL-20260214101208-006,verified_strong,1,1,0,0,0,0,1,1,1,0,0,translation_status:inferred:1
doi:10.59324/ejtas.2023.1(5).86,TBL-20260214101208-007,verified_strong,1,1,0,0,0,0,1,1,1,0,0,translation_status:inferred:1
doi:10.59324/ejtas.2023.1(5).86,TBL-20260214101209-008,verified_strong,1,1,0,0,0,0,1,1,1,0,0,translation_status:inferred:1
doi:10.59324/ejtas.2023.1(5).86,TBL-20260214101209-009,verified_strong,1,1,0,0,0,0,1,1,1,0,0,translation_status:inferred:1
doi:10.59324/ejtas.2023.1(5).86,TBL-20260214101209-010,verified_strong,1,1,0,0,0,0,1,1,1,0,0,translation_status:inferred:1
doi:10.59324/ejtas.2023.1(5).86,TBL-20260214101210-011,verified_strong,1,1,0,0,0,0,1,1,1,0,0,translation_status:inferred:1
doi:10.59324/ejtas.2023.1(5).86,TBL-20260214122325-002,verified_strong,1,1,0,0,0,0,1,1,1,0,0,translation_status:inferred:1
doi:10.59324/ejtas.2023.1(5).86,TBL-20260214122326-003,verified_strong,1,1,0,0,0,0,1,1,1,0,0,translation_status:inferred:1
doi:10.59324/ejtas.2023.1(5).86,TBL-20260214122326-004,verified_strong,1,1,0,0,0,0,1,1,1,0,0,translation_status:inferred:1
doi:10.59324/ejtas.2023.1(5).86,TBL-20260214122326-005,verified_strong,1,1,0,0,0,0,1,1,1,0,0,translation_status:inferred:1
doi:10.59324/ejtas.2023.1(5).86,TBL-20260214122327-006,verified_strong,1,1,0,0,0,0,1,1,1,0,0,translation_status:inferred:1
doi:10.59324/ejtas.2023.1(5).86,TBL-20260214122327-007,verified_strong,1,1,0,0,0,0,1,1,1,0,0,translation_status:inferred:1
doi:10.59324/ejtas.2023.1(5).86,TBL-20260214122328-008,verified_strong,1,1,0,0,0,0,1,1,1,0,0,translation_status:inferred:1
doi:10.59324/ejtas.2023.1(5).86,TBL-20260214122328-009,verified_strong,1,1,0,0,0,0,1,1,1,0,0,translation_status:inferred:1
doi:10.59324/ejtas.2023.1(5).86,TBL-20260214122328-010,verified_strong,1,1,0,0,0,0,1,1,1,0,0,translation_status:inferred:1
doi:10.59324/ejtas.2023.1(5).86,TBL-20260214122329-011,verified_strong,1,1,0,0,0,0,1,1,1,0,0,translation_status:inferred:1
doi:10.7302/1414,TBL-20260216234617-006,verified_strong,2,2,0,0,0,0,2,2,2,0,0,translation_status:inferred:2
doi:10.7302/1414,TBL-20260216234618-007,verified_strong,1,1,0,0,0,0,1,1,1,0,0,translation_status:inferred:1
sha256:bae8d5930451,TBL-20260214092318-001,verified_strong,1,1,0,0,0,0,1,1,1,0,0,translation_status:exact:1
sha256:bae8d5930451,TBL-20260214092321-005,verified_strong,1,1,0,0,0,0,1,1,1,0,0,translation_status:inferred:1
sha256:bae8d5930451,TBL-20260214115907-001,verified_strong,1,1,0,0,0,0,1,1,1,0,0,translation_status:exact:1
sha256:bae8d5930451,TBL-20260214115910-005,verified_strong,1,1,0,0,0,0,1,1,1,0,0,translation_status:inferred:1
zotero:2CHCFQSX,TBL-20260216234651-001,verified_strong,1,1,0,0,0,0,1,1,1,0,0,translation_status:exact:1
zotero:2CHCFQSX,TBL-20260216234651-004,verified_strong,1,1,0,0,0,0,1,1,1,0,0,translation_status:inferred:1
zotero:2E64CG9B,TBL-20260216234655-001,verified_strong,24,24,0,0,0,0,24,24,24,0,0,translation_status:inferred:24
zotero:2E64CG9B,TBL-20260216234656-002,verified_strong,9,9,0,0,0,0,9,9,9,0,0,translation_status:inferred:9
zotero:2E64CG9B,TBL-20260216234656-003,verified_strong,4,4,0,0,0,0,4,4,4,0,0,translation_status:inferred:4
zotero:2E64CG9B,TBL-20260216234656-004,verified_strong,4,4,0,0,0,0,4,4,4,0,0,translation_status:inferred:4
zotero:2E64CG9B,TBL-20260216234656-005,verified_strong,4,4,0,0,0,0,4,4,4,0,0,translation_status:inferred:4
zotero:2E64CG9B,TBL-20260216234656-006,verified_strong,4,4,0,0,0,0,4,4,4,0,0,translation_status:inferred:4
zotero:2E64CG9B,TBL-20260216234656-007,verified_strong,6,6,0,0,0,0,6,6,6,0,0,translation_status:inferred:6
zotero:2E64CG9B,TBL-20260216234657-008,verified_strong,9,9,0,0,0,0,9,9,9,0,0,translation_status:inferred:9
zotero:2E64CG9B,TBL-20260216234657-010,verified_strong,7,7,0,0,0,0,7,7,7,0,0,translation_status:inferred:7
zotero:2E64CG9B,TBL-20260216234700-013,verified_strong,4,4,0,0,0,0,4,4,4,0,0,translation_status:inferred:4
zotero:2E64CG9B,TBL-20260216234700-014,verified_strong,3,3,0,0,0,0,3,3,3,0,0,translation_status:inferred:3
zotero:2E64CG9B,TBL-20260216234703-016,verified_strong,3,3,0,0,0,0,3,3,3,0,0,translation_status:inferred:3
zotero:2E64CG9B,TBL-20260216234703-017,verified_strong,11,11,0,0,0,0,11,11,11,0,0,translation_status:inferred:11
zotero:2E64CG9B,TBL-20260216234703-018,verified_strong,8,8,0,0,0,0,8,8,8,0,0,translation_status:inferred:8
zotero:2E64CG9B,TBL-20260216234703-019,verified_strong,1,1,0,0,0,0,1,1,1,0,0,translation_status:inferred:1
zotero:2E64CG9B,TBL-20260216234712-020,verified_strong,16,16,0,0,0,0,16,16,16,0,0,translation_status:inferred:16
zotero:2E64CG9B,TBL-20260216234712-023,verified_strong,8,8,0,0,0,0,8,8,8,0,0,translation_status:inferred:8
zotero:2E64CG9B,TBL-20260216234712-024,verified_strong,20,20,0,0,0,0,20,20,20,0,0,translation_status:inferred:20
zotero:2E64CG9B,TBL-20260216234712-025,verified_strong,8,8,0,0,0,0,8,8,8,0,0,translation_status:inferred:8
zotero:2E64CG9B,TBL-20260216234712-026,verified_strong,10,10,0,0,0,0,10,10,10,0,0,translation_status:inferred:10
zotero:2K5RUFVM,TBL-20260216234819-001,verified_strong,21,21,0,0,0,0,21,21,21,0,0,"translation_status:inferred:20,translation_status:fuzzy:1"
zotero:2K5RUFVM,TBL-20260216234819-002,verified_strong,7,7,0,0,0,0,7,7,7,0,0,translation_status:inferred:7
zotero:2K5RUFVM,TBL-20260216234820-003,verified_strong,5,5,0,0,0,0,5,5,5,0,0,translation_status:inferred:5
zotero:2K5RUFVM,TBL-20260216234821-004,verified_strong,7,7,0,0,0,0,7,7,7,0,0,"translation_status:inferred:6,translation_status:fuzzy:1"
zotero:2K5RUFVM,TBL-20260216234823-005,verified_strong,14,14,0,0,0,0,14,14,14,0,0,translation_status:inferred:14
zotero:2K5RUFVM,TBL-20260216234823-006,verified_strong,6,6,0,0,0,0,6,6,6,0,0,translation_status:inferred:6
zotero:2K5RUFVM,TBL-20260216234823-007,verified_strong,6,6,0,0,0,0,6,6,6,0,0,translation_status:inferred:6
zotero:2K5RUFVM,TBL-20260216234823-008,verified_strong,7,7,0,0,0,0,7,7,7,0,0,translation_status:inferred:7
zotero:2K5RUFVM,TBL-20260216234823-009,verified_strong,6,6,0,0,0,0,6,6,6,0,0,translation_status:inferred:6
zotero:2K5RUFVM,TBL-20260216234824-010,verified_strong,9,9,0,0,0,0,9,9,9,0,0,"translation_status:inferred:8,translation_status:fuzzy:1"
zotero:2K5RUFVM,TBL-20260216234824-011,verified_strong,6,6,0,0,0,0,6,6,6,0,0,translation_status:inferred:6
zotero:2K5RUFVM,TBL-20260216234824-012,verified_strong,4,4,0,0,0,0,4,4,4,0,0,translation_status:inferred:4
zotero:2K5RUFVM,TBL-20260216234825-013,verified_strong,7,7,0,0,0,0,7,7,7,0,0,translation_status:inferred:7
zotero:2K5RUFVM,TBL-20260216234825-014,verified_strong,1,1,0,0,0,0,1,1,1,0,0,translation_status:fuzzy:1
zotero:2K5RUFVM,TBL-20260216234825-017,verified_strong,2,2,0,0,0,0,2,2,2,0,0,translation_status:inferred:2
zotero:2K5RUFVM,TBL-20260216234825-019,verified_strong,6,6,0,0,0,0,6,6,6,0,0,translation_status:inferred:6
zotero:2K5RUFVM,TBL-20260216234826-021,verified_strong,4,4,0,0,0,0,4,4,4,0,0,translation_status:inferred:4
zotero:2K5RUFVM,TBL-20260216234827-022,verified_strong,6,6,0,0,0,0,6,6,6,0,0,"translation_status:inferred:4,translation_status:fuzzy:2"
zotero:2K5RUFVM,TBL-20260216234827-023,verified_strong,7,7,0,0,0,0,7,7,7,0,0,translation_status:inferred:7
zotero:2K5RUFVM,TBL-20260216234827-025,verified_strong,4,4,0,0,0,0,4,4,4,0,0,translation_status:inferred:4
zotero:2K5RUFVM,TBL-20260216234827-026,verified_strong,1,1,0,0,0,0,1,1,1,0,0,translation_status:inferred:1
zotero:2K5RUFVM,TBL-20260216234828-027,verified_strong,15,15,0,0,0,0,15,15,15,0,0,translation_status:inferred:15
zotero:2K5RUFVM,TBL-20260216234830-029,verified_strong,4,4,0,0,0,0,4,4,4,0,0,translation_status:inferred:4
zotero:2K5RUFVM,TBL-20260216234830-030,verified_strong,3,3,0,0,0,0,3,3,3,0,0,translation_status:inferred:3
zotero:2K5RUFVM,TBL-20260216234830-031,verified_strong,20,20,0,0,0,0,20,20,20,0,0,translation_status:inferred:20
zotero:2K5RUFVM,TBL-20260216234830-032,verified_strong,6,6,0,0,0,0,6,6,6,0,0,translation_status:inferred:6
zotero:2K5RUFVM,TBL-20260216234830-033,verified_strong,9,9,0,0,0,0,9,9,9,0,0,translation_status:inferred:9
zotero:2K5RUFVM,TBL-20260216234830-034,verified_strong,11,11,0,0,0,0,11,11,11,0,0,translation_status:inferred:11
zotero:2K5RUFVM,TBL-20260216234831-035,verified_strong,4,4,0,0,0,0,4,4,4,0,0,translation_status:fuzzy:4
zotero:2K5RUFVM,TBL-20260216234831-036,verified_strong,4,4,0,0,0,0,4,4,4,0,0,translation_status:inferred:4
zotero:2K5RUFVM,TBL-20260216234831-037,verified_strong,4,4,0,0,0,0,4,4,4,0,0,translation_status:inferred:4
zotero:2K5RUFVM,TBL-20260216234831-038,verified_strong,17,17,0,0,0,0,17,17,17,0,0,translation_status:inferred:17
zotero:2K5RUFVM,TBL-20260216234832-039,verified_strong,1,1,0,0,0,0,1,1,1,0,0,translation_status:inferred:1
zotero:2K5RUFVM,TBL-20260216234832-040,verified_strong,4,4,0,0,0,0,4,4,4,0,0,"translation_status:inferred:3,translation_status:fuzzy:1"
zotero:2K5RUFVM,TBL-20260216234834-041,verified_strong,10,10,0,0,0,0,10,10,10,0,0,translation_status:inferred:10
zotero:4Q9UNT4M,TBL-20260216234940-002,verified_strong,5,5,0,0,0,0,5,5,5,0,0,translation_status:fuzzy:5
zotero:4Q9UNT4M,TBL-20260216234940-003,verified_strong,1,1,0,0,0,0,1,1,1,0,0,translation_status:exact:1
zotero:4Q9UNT4M,TBL-20260216234948-004,verified_strong,5,5,0,0,0,0,5,5,5,0,0,translation_status:inferred:5
zotero:4Q9UNT4M,TBL-20260216234949-005,verified_strong,2,2,0,0,0,0,2,2,2,0,0,translation_status:inferred:2
zotero:4Q9UNT4M,TBL-20260216234949-006,verified_strong,2,2,0,0,0,0,2,2,2,0,0,"translation_status:fuzzy:1,translation_status:inferred:1"
zotero:4Q9UNT4M,TBL-20260216234950-008,verified_strong,21,21,0,0,0,0,21,21,21,0,0,translation_status:inferred:21
zotero:4Q9UNT4M,TBL-20260216234950-011,verified_strong,20,20,0,0,0,0,20,20,20,0,0,"translation_status:inferred:19,translation_status:fuzzy:1"
zotero:4Q9UNT4M,TBL-20260216234950-012,verified_strong,5,5,0,0,0,0,5,5,5,0,0,translation_status:inferred:5
zotero:4Q9UNT4M,TBL-20260216234955-018,verified_strong,1,1,0,0,0,0,1,1,1,0,0,translation_status:inferred:1
zotero:4Q9UNT4M,TBL-20260216234959-021,verified_strong,4,4,0,0,0,0,4,4,4,0,0,translation_status:inferred:4
zotero:4Q9UNT4M,TBL-20260216234959-022,verified_strong,1,1,0,0,0,0,1,1,1,0,0,translation_status:inferred:1
zotero:4Q9UNT4M,TBL-20260216234959-025,verified_strong,4,4,0,0,0,0,4,4,4,0,0,translation_status:inferred:4
zotero:4Q9UNT4M,TBL-20260216235000-028,verified_strong,11,11,0,0,0,0,11,11,11,0,0,translation_status:inferred:11
zotero:4Q9UNT4M,TBL-20260216235000-030,verified_strong,2,2,0,0,0,0,2,2,2,0,0,translation_status:inferred:2
zotero:4Q9UNT4M,TBL-20260216235000-031,verified_strong,1,1,0,0,0,0,1,1,1,0,0,translation_status:inferred:1
zotero:4Q9UNT4M,TBL-20260216235000-034,verified_strong,1,1,0,0,0,0,1,1,1,0,0,translation_status:inferred:1
zotero:4Q9UNT4M,TBL-20260216235000-036,verified_strong,1,1,0,0,0,0,1,1,1,0,0,translation_status:inferred:1
zotero:4Q9UNT4M,TBL-20260216235000-037,verified_strong,1,1,0,0,0,0,1,1,1,0,0,translation_status:inferred:1
zotero:4Q9UNT4M,TBL-20260216235000-040,verified_strong,1,1,0,0,0,0,1,1,1,0,0,translation_status:inferred:1
zotero:4Q9UNT4M,TBL-20260216235000-041,verified_strong,2,2,0,0,0,0,2,2,2,0,0,"translation_status:exact:1,translation_status:inferred:1"
zotero:4Q9UNT4M,TBL-20260216235000-042,verified_strong,1,1,0,0,0,0,1,1,1,0,0,translation_status:inferred:1
zotero:4Q9UNT4M,TBL-20260216235000-043,verified_strong,1,1,0,0,0,0,1,1,1,0,0,translation_status:inferred:1
zotero:4Q9UNT4M,TBL-20260216235000-045,verified_strong,1,1,0,0,0,0,1,1,1,0,0,translation_status:inferred:1
zotero:4Q9UNT4M,TBL-20260216235000-046,verified_strong,1,1,0,0,0,0,1,1,1,0,0,translation_status:inferred:1
zotero:4Q9UNT4M,TBL-20260216235000-047,verified_strong,1,1,0,0,0,0,1,1,1,0,0,translation_status:inferred:1
zotero:4Q9UNT4M,TBL-20260216235000-048,verified_strong,1,1,0,0,0,0,1,1,1,0,0,translation_status:inferred:1
zotero:4Q9UNT4M,TBL-20260216235000-049,verified_strong,1,1,0,0,0,0,1,1,1,0,0,translation_status:inferred:1
zotero:4Q9UNT4M,TBL-20260216235000-050,verified_strong,1,1,0,0,0,0,1,1,1,0,0,translation_status:inferred:1
zotero:4Q9UNT4M,TBL-20260216235000-051,verified_strong,1,1,0,0,0,0,1,1,1,0,0,translation_status:inferred:1
zotero:4Q9UNT4M,TBL-20260216235000-052,verified_strong,1,1,0,0,0,0,1,1,1,0,0,translation_status:inferred:1
zotero:4Q9UNT4M,TBL-20260216235000-053,verified_strong,1,1,0,0,0,0,1,1,1,0,0,translation_status:inferred:1
zotero:4Q9UNT4M,TBL-20260216235000-054,verified_strong,1,1,0,0,0,0,1,1,1,0,0,translation_status:inferred:1
zotero:4Q9UNT4M,TBL-20260216235000-055,verified_strong,1,1,0,0,0,0,1,1,1,0,0,translation_status:inferred:1
zotero:4Q9UNT4M,TBL-20260216235000-056,verified_strong,1,1,0,0,0,0,1,1,1,0,0,translation_status:inferred:1
zotero:4Q9UNT4M,TBL-20260216235000-057,verified_strong,1,1,0,0,0,0,1,1,1,0,0,translation_status:inferred:1
zotero:4Q9UNT4M,TBL-20260216235000-058,verified_strong,1,1,0,0,0,0,1,1,1,0,0,translation_status:inferred:1
zotero:4Q9UNT4M,TBL-20260216235000-059,verified_strong,1,1,0,0,0,0,1,1,1,0,0,translation_status:inferred:1
zotero:4Q9UNT4M,TBL-20260216235000-060,verified_strong,1,1,0,0,0,0,1,1,1,0,0,translation_status:inferred:1
zotero:4Q9UNT4M,TBL-20260216235000-061,verified_strong,1,1,0,0,0,0,1,1,1,0,0,translation_status:inferred:1
zotero:4Q9UNT4M,TBL-20260216235000-062,verified_strong,1,1,0,0,0,0,1,1,1,0,0,translation_status:inferred:1
zotero:4Q9UNT4M,TBL-20260216235000-063,verified_strong,1,1,0,0,0,0,1,1,1,0,0,translation_status:inferred:1
zotero:4Q9UNT4M,TBL-20260216235000-065,verified_strong,1,1,0,0,0,0,1,1,1,0,0,translation_status:inferred:1
zotero:4Q9UNT4M,TBL-20260216235000-066,verified_strong,1,1,0,0,0,0,1,1,1,0,0,translation_status:inferred:1
zotero:4Q9UNT4M,TBL-20260216235000-067,verified_strong,1,1,0,0,0,0,1,1,1,0,0,translation_status:inferred:1
zotero:4Q9UNT4M,TBL-20260216235000-070,verified_strong,2,2,0,0,0,0,2,2,2,0,0,translation_status:inferred:2
zotero:4Q9UNT4M,TBL-20260216235001-071,verified_strong,1,1,0,0,0,0,1,1,1,0,0,translation_status:inferred:1
zotero:4Q9UNT4M,TBL-20260216235001-072,verified_strong,1,1,0,0,0,0,1,1,1,0,0,translation_status:inferred:1
zotero:4Q9UNT4M,TBL-20260216235001-073,verified_strong,2,2,0,0,0,0,2,2,2,0,0,translation_status:inferred:2
zotero:4Q9UNT4M,TBL-20260216235001-074,verified_strong,1,1,0,0,0,0,1,1,1,0,0,translation_status:inferred:1
zotero:4QHCLZ4R,TBL-20260216235103-001,verified_strong,1,1,0,0,0,0,1,1,1,0,0,translation_status:inferred:1
zotero:4QHCLZ4R,TBL-20260216235104-003,verified_strong,1,1,0,0,0,0,1,1,1,0,0,translation_status:inferred:1
zotero:4QHCLZ4R,TBL-20260216235104-007,verified_strong,5,5,0,0,0,0,5,5,5,0,0,translation_status:inferred:5
zotero:4QHCLZ4R,TBL-20260216235104-008,verified_strong,4,4,0,0,0,0,4,4,4,0,0,translation_status:inferred:4
zotero:4QHCLZ4R,TBL-20260216235104-009,verified_strong,2,2,0,0,0,0,2,2,2,0,0,translation_status:inferred:2
zotero:4QHCLZ4R,TBL-20260216235104-010,verified_strong,2,2,0,0,0,0,2,2,2,0,0,translation_status:fuzzy:2
zotero:4QHCLZ4R,TBL-20260216235104-011,verified_strong,1,1,0,0,0,0,1,1,1,0,0,translation_status:fuzzy:1
zotero:4QHCLZ4R,TBL-20260216235104-013,verified_strong,2,2,0,0,0,0,2,2,2,0,0,translation_status:inferred:2
zotero:4QHCLZ4R,TBL-20260216235104-014,verified_strong,1,1,0,0,0,0,1,1,1,0,0,translation_status:inferred:1
zotero:4QHCLZ4R,TBL-20260216235104-015,verified_strong,1,1,0,0,0,0,1,1,1,0,0,translation_status:fuzzy:1
zotero:4QHCLZ4R,TBL-20260216235104-017,verified_strong,1,1,0,0,0,0,1,1,1,0,0,translation_status:inferred:1
zotero:4QHCLZ4R,TBL-20260216235104-018,verified_strong,1,1,0,0,0,0,1,1,1,0,0,translation_status:fuzzy:1
zotero:4QHCLZ4R,TBL-20260216235104-019,verified_strong,1,1,0,0,0,0,1,1,1,0,0,translation_status:inferred:1
zotero:4QHCLZ4R,TBL-20260216235104-020,verified_strong,1,1,0,0,0,0,1,1,1,0,0,translation_status:fuzzy:1
zotero:4QHCLZ4R,TBL-20260216235105-021,verified_strong,1,1,0,0,0,0,1,1,1,0,0,translation_status:fuzzy:1
zotero:4QHCLZ4R,TBL-20260216235105-022,verified_strong,2,2,0,0,0,0,2,2,2,0,0,translation_status:inferred:2
zotero:4QHCLZ4R,TBL-20260216235105-023,verified_strong,1,1,0,0,0,0,1,1,1,0,0,translation_status:inferred:1
zotero:4QHCLZ4R,TBL-20260216235105-024,verified_strong,9,9,0,0,0,0,9,9,9,0,0,translation_status:inferred:9
zotero:4QHCLZ4R,TBL-20260216235105-025,verified_strong,9,9,0,0,0,0,9,9,9,0,0,translation_status:inferred:9
zotero:878RTY64,TBL-20260216235141-001,verified_strong,19,19,0,0,0,0,19,19,19,0,0,translation_status:inferred:19
zotero:878RTY64,TBL-20260216235141-002,verified_strong,1,1,0,0,0,0,1,1,1,0,0,translation_status:inferred:1
zotero:878RTY64,TBL-20260216235141-003,verified_strong,6,6,0,0,0,0,6,6,6,0,0,translation_status:inferred:6
zotero:878RTY64,TBL-20260216235142-005,verified_strong,2,2,0,0,0,0,2,2,2,0,0,translation_status:inferred:2
zotero:878RTY64,TBL-20260216235142-006,verified_strong,1,1,0,0,0,0,1,1,1,0,0,translation_status:exact:1
zotero:878RTY64,TBL-20260216235142-007,verified_strong,1,1,0,0,0,0,1,1,1,0,0,translation_status:inferred:1
zotero:878RTY64,TBL-20260216235142-008,verified_strong,1,1,0,0,0,0,1,1,1,0,0,translation_status:inferred:1
zotero:878RTY64,TBL-20260216235142-009,verified_strong,2,2,0,0,0,0,2,2,2,0,0,"translation_status:inferred:1,translation_status:fuzzy:1"
zotero:878RTY64,TBL-20260216235142-010,verified_strong,2,2,0,0,0,0,2,2,2,0,0,"translation_status:inferred:1,translation_status:fuzzy:1"
zotero:878RTY64,TBL-20260216235142-011,verified_strong,1,1,0,0,0,0,1,1,1,0,0,translation_status:inferred:1
zotero:878RTY64,TBL-20260216235142-012,verified_strong,1,1,0,0,0,0,1,1,1,0,0,translation_status:inferred:1
zotero:878RTY64,TBL-20260216235142-014,verified_strong,2,2,0,0,0,0,2,2,2,0,0,"translation_status:exact:1,translation_status:inferred:1"
zotero:878RTY64,TBL-20260216235142-015,verified_strong,1,1,0,0,0,0,1,1,1,0,0,translation_status:inferred:1
zotero:878RTY64,TBL-20260216235143-016,verified_strong,3,3,0,0,0,0,3,3,3,0,0,translation_status:inferred:3
zotero:878RTY64,TBL-20260216235143-017,verified_strong,1,1,0,0,0,0,1,1,1,0,0,translation_status:inferred:1
zotero:878RTY64,TBL-20260216235143-018,verified_strong,2,2,0,0,0,0,2,2,2,0,0,translation_status:inferred:2
zotero:878RTY64,TBL-20260216235143-019,verified_strong,1,1,0,0,0,0,1,1,1,0,0,translation_status:inferred:1
zotero:878RTY64,TBL-20260216235143-020,verified_strong,2,2,0,0,0,0,2,2,2,0,0,translation_status:fuzzy:2
zotero:878RTY64,TBL-20260216235143-021,verified_strong,1,1,0,0,0,0,1,1,1,0,0,translation_status:inferred:1
zotero:878RTY64,TBL-20260216235143-022,verified_strong,1,1,0,0,0,0,1,1,1,0,0,translation_status:fuzzy:1
zotero:878RTY64,TBL-20260216235143-024,verified_strong,1,1,0,0,0,0,1,1,1,0,0,translation_status:inferred:1
zotero:878RTY64,TBL-20260216235143-025,verified_strong,1,1,0,0,0,0,1,1,1,0,0,translation_status:inferred:1
zotero:878RTY64,TBL-20260216235143-026,verified_strong,1,1,0,0,0,0,1,1,1,0,0,translation_status:inferred:1
zotero:878RTY64,TBL-20260216235143-027,verified_strong,1,1,0,0,0,0,1,1,1,0,0,translation_status:inferred:1
zotero:878RTY64,TBL-20260216235143-028,verified_strong,1,1,0,0,0,0,1,1,1,0,0,translation_status:inferred:1
zotero:878RTY64,TBL-20260216235143-029,verified_strong,2,2,0,0,0,0,2,2,2,0,0,translation_status:inferred:2
zotero:878RTY64,TBL-20260216235143-030,verified_strong,1,1,0,0,0,0,1,1,1,0,0,translation_status:inferred:1
zotero:878RTY64,TBL-20260216235143-031,verified_strong,2,2,0,0,0,0,2,2,2,0,0,translation_status:fuzzy:2
zotero:878RTY64,TBL-20260216235143-032,verified_strong,1,1,0,0,0,0,1,1,1,0,0,translation_status:fuzzy:1
zotero:878RTY64,TBL-20260216235143-033,verified_strong,1,1,0,0,0,0,1,1,1,0,0,translation_status:inferred:1
zotero:878RTY64,TBL-20260216235143-035,verified_strong,3,3,0,0,0,0,3,3,3,0,0,translation_status:inferred:3
zotero:878RTY64,TBL-20260216235143-036,verified_strong,1,1,0,0,0,0,1,1,1,0,0,translation_status:exact:1
zotero:878RTY64,TBL-20260216235143-037,verified_strong,2,2,0,0,0,0,2,2,2,0,0,translation_status:inferred:2
zotero:878RTY64,TBL-20260216235143-038,verified_strong,1,1,0,0,0,0,1,1,1,0,0,translation_status:inferred:1
zotero:BDKAMCED,TBL-20260216203343-001,verified_strong,4,4,0,0,0,0,4,4,4,0,0,translation_status:inferred:4
zotero:BDKAMCED,TBL-20260216203345-004,verified_strong,1,1,0,0,0,0,1,1,1,0,0,translation_status:inferred:1
zotero:BYQ83W2G,TBL-20260216235202-002,verified_strong,1,1,0,0,0,0,1,1,1,0,0,translation_status:inferred:1
zotero:BYQ83W2G,TBL-20260216235204-007,verified_strong,6,6,0,0,0,0,6,6,6,0,0,translation_status:inferred:6
zotero:BYQ83W2G,TBL-20260216235204-008,verified_strong,11,11,0,0,0,0,11,11,11,0,0,translation_status:inferred:11
zotero:BYQ83W2G,TBL-20260216235205-015,verified_strong,9,9,0,0,0,0,9,9,9,0,0,translation_status:inferred:9
zotero:BYQ83W2G,TBL-20260216235206-018,verified_strong,18,18,0,0,0,0,18,18,18,0,0,translation_status:inferred:18
zotero:D3QWDYAQ,TBL-20260214095057-001,verified_strong,2,2,0,0,0,0,2,2,2,0,0,translation_status:inferred:2
zotero:D3QWDYAQ,TBL-20260214095058-002,verified_strong,1,1,0,0,0,0,1,1,1,0,0,translation_status:inferred:1
zotero:D3QWDYAQ,TBL-20260214095058-004,verified_strong,3,3,0,0,0,0,3,3,3,0,0,translation_status:inferred:3
zotero:D3QWDYAQ,TBL-20260214095058-005,verified_strong,1,1,0,0,0,0,1,1,1,0,0,translation_status:inferred:1
zotero:D3QWDYAQ,TBL-20260214100847-001,verified_strong,2,2,0,0,0,0,2,2,2,0,0,translation_status:inferred:2
zotero:D3QWDYAQ,TBL-20260214100848-002,verified_strong,1,1,0,0,0,0,1,1,1,0,0,translation_status:inferred:1
zotero:D3QWDYAQ,TBL-20260214100850-004,verified_strong,3,3,0,0,0,0,3,3,3,0,0,translation_status:inferred:3
zotero:D3QWDYAQ,TBL-20260214100850-005,verified_strong,1,1,0,0,0,0,1,1,1,0,0,translation_status:inferred:1
zotero:D3QWDYAQ,TBL-20260214101339-001,verified_strong,2,2,0,0,0,0,2,2,2,0,0,translation_status:inferred:2
zotero:D3QWDYAQ,TBL-20260214101340-002,verified_strong,1,1,0,0,0,0,1,1,1,0,0,translation_status:inferred:1
zotero:D3QWDYAQ,TBL-20260214101342-004,verified_strong,3,3,0,0,0,0,3,3,3,0,0,translation_status:inferred:3
zotero:D3QWDYAQ,TBL-20260214101342-005,verified_strong,1,1,0,0,0,0,1,1,1,0,0,translation_status:inferred:1
zotero:D3QWDYAQ,TBL-20260214122518-001,verified_strong,2,2,0,0,0,0,2,2,2,0,0,translation_status:inferred:2
zotero:D3QWDYAQ,TBL-20260214122520-002,verified_strong,1,1,0,0,0,0,1,1,1,0,0,translation_status:inferred:1
zotero:D3QWDYAQ,TBL-20260214122521-004,verified_strong,3,3,0,0,0,0,3,3,3,0,0,translation_status:inferred:3
zotero:D3QWDYAQ,TBL-20260214122521-005,verified_strong,1,1,0,0,0,0,1,1,1,0,0,translation_status:inferred:1
zotero:F4X7UZLU,TBL-20260216235240-002,verified_strong,4,4,0,0,0,0,4,4,4,0,0,translation_status:inferred:4
zotero:F4X7UZLU,TBL-20260216235240-005,verified_strong,3,3,0,0,0,0,3,3,3,0,0,translation_status:inferred:3
zotero:F4X7UZLU,TBL-20260216235240-006,verified_strong,2,2,0,0,0,0,2,2,2,0,0,"translation_status:inferred:1,translation_status:fuzzy:1"
zotero:F4X7UZLU,TBL-20260216235241-007,verified_strong,1,1,0,0,0,0,1,1,1,0,0,translation_status:inferred:1
zotero:F4X7UZLU,TBL-20260216235241-010,verified_strong,5,5,0,0,0,0,5,5,5,0,0,translation_status:inferred:5
zotero:F4X7UZLU,TBL-20260216235241-011,verified_strong,10,10,0,0,0,0,10,10,10,0,0,translation_status:inferred:10
zotero:F4X7UZLU,TBL-20260216235241-012,verified_strong,3,3,0,0,0,0,3,3,3,0,0,translation_status:inferred:3
zotero:F4X7UZLU,TBL-20260216235241-013,verified_strong,7,7,0,0,0,0,7,7,7,0,0,translation_status:inferred:7
zotero:F4X7UZLU,TBL-20260216235241-014,verified_strong,3,3,0,0,0,0,3,3,3,0,0,translation_status:inferred:3
zotero:F4X7UZLU,TBL-20260216235241-016,verified_strong,19,19,0,0,0,0,19,19,19,0,0,translation_status:inferred:19
zotero:F4X7UZLU,TBL-20260216235241-017,verified_strong,2,2,0,0,0,0,2,2,2,0,0,translation_status:inferred:2
zotero:F4X7UZLU,TBL-20260216235241-018,verified_strong,4,4,0,0,0,0,4,4,4,0,0,translation_status:inferred:4
zotero:F4X7UZLU,TBL-20260216235241-019,verified_strong,3,3,0,0,0,0,3,3,3,0,0,translation_status:inferred:3
zotero:F4X7UZLU,TBL-20260216235241-021,verified_strong,6,6,0,0,0,0,6,6,6,0,0,translation_status:inferred:6
zotero:F4X7UZLU,TBL-20260216235242-022,verified_strong,12,12,0,0,0,0,12,12,12,0,0,translation_status:inferred:12
zotero:F4X7UZLU,TBL-20260216235242-023,verified_strong,7,7,0,0,0,0,7,7,7,0,0,translation_status:inferred:7
zotero:F4X7UZLU,TBL-20260216235242-024,verified_strong,13,13,0,0,0,0,13,13,13,0,0,translation_status:inferred:13
zotero:F4X7UZLU,TBL-20260216235242-025,verified_strong,3,3,0,0,0,0,3,3,3,0,0,translation_status:inferred:3
zotero:F4X7UZLU,TBL-20260216235242-026,verified_strong,2,2,0,0,0,0,2,2,2,0,0,translation_status:inferred:2
zotero:F4X7UZLU,TBL-20260216235242-027,verified_strong,4,4,0,0,0,0,4,4,4,0,0,translation_status:inferred:4
zotero:F4X7UZLU,TBL-20260216235242-028,verified_strong,2,2,0,0,0,0,2,2,2,0,0,translation_status:inferred:2
zotero:F4X7UZLU,TBL-20260216235242-029,verified_strong,2,2,0,0,0,0,2,2,2,0,0,translation_status:fuzzy:2
zotero:F4X7UZLU,TBL-20260216235243-030,verified_strong,15,15,0,0,0,0,15,15,15,0,0,translation_status:inferred:15
zotero:F4X7UZLU,TBL-20260216235243-031,verified_strong,4,4,0,0,0,0,4,4,4,0,0,translation_status:inferred:4
zotero:F4X7UZLU,TBL-20260216235243-032,verified_strong,3,3,0,0,0,0,3,3,3,0,0,translation_status:inferred:3
zotero:F4X7UZLU,TBL-20260216235243-033,verified_strong,3,3,0,0,0,0,3,3,3,0,0,translation_status:inferred:3
zotero:F4X7UZLU,TBL-20260216235243-034,verified_strong,1,1,0,0,0,0,1,1,1,0,0,translation_status:inferred:1
zotero:F4X7UZLU,TBL-20260216235243-035,verified_strong,8,8,0,0,0,0,8,8,8,0,0,translation_status:inferred:8
zotero:F4X7UZLU,TBL-20260216235243-036,verified_strong,1,1,0,0,0,0,1,1,1,0,0,translation_status:inferred:1
zotero:F4X7UZLU,TBL-20260216235243-037,verified_strong,1,1,0,0,0,0,1,1,1,0,0,translation_status:inferred:1
zotero:F4X7UZLU,TBL-20260216235243-038,verified_strong,1,1,0,0,0,0,1,1,1,0,0,translation_status:inferred:1
zotero:F4X7UZLU,TBL-20260216235243-039,verified_strong,1,1,0,0,0,0,1,1,1,0,0,translation_status:inferred:1
zotero:F4X7UZLU,TBL-20260216235243-040,verified_strong,1,1,0,0,0,0,1,1,1,0,0,translation_status:inferred:1
zotero:F4X7UZLU,TBL-20260216235243-041,verified_strong,1,1,0,0,0,0,1,1,1,0,0,translation_status:inferred:1
zotero:F4X7UZLU,TBL-20260216235243-042,verified_strong,2,2,0,0,0,0,2,2,2,0,0,translation_status:inferred:2
zotero:F4X7UZLU,TBL-20260216235243-043,verified_strong,11,11,0,0,0,0,11,11,11,0,0,translation_status:inferred:11
zotero:F4X7UZLU,TBL-20260216235243-044,verified_strong,9,9,0,0,0,0,9,9,9,0,0,translation_status:inferred:9
zotero:F4X7UZLU,TBL-20260216235243-045,verified_strong,11,11,0,0,0,0,11,11,11,0,0,translation_status:inferred:11
zotero:H2N34YKV,TBL-20260216235343-001,verified_strong,1,1,0,0,0,0,1,1,1,0,0,translation_status:inferred:1
zotero:H2N34YKV,TBL-20260216235344-002,verified_strong,5,5,0,0,0,0,5,5,5,0,0,translation_status:inferred:5
zotero:H2N34YKV,TBL-20260216235344-003,verified_strong,8,8,0,0,0,0,8,8,8,0,0,translation_status:inferred:8
zotero:H2N34YKV,TBL-20260216235344-004,verified_strong,11,11,0,0,0,0,11,11,11,0,0,translation_status:inferred:11
zotero:H6V4IFMZ,TBL-20260216235352-001,verified_strong,1,1,0,0,0,0,1,1,1,0,0,translation_status:inferred:1
zotero:H6V4IFMZ,TBL-20260216235353-015,verified_strong,2,2,0,0,0,0,2,2,2,0,0,translation_status:inferred:2
zotero:H6V4IFMZ,TBL-20260216235353-017,verified_strong,2,2,0,0,0,0,2,2,2,0,0,translation_status:inferred:2
zotero:H6V4IFMZ,TBL-20260216235353-018,verified_strong,1,1,0,0,0,0,1,1,1,0,0,translation_status:inferred:1
zotero:H6V4IFMZ,TBL-20260216235353-021,verified_strong,14,14,0,0,0,0,14,14,14,0,0,translation_status:exact:14
zotero:H6V4IFMZ,TBL-20260216235353-026,verified_strong,3,3,0,0,0,0,3,3,3,0,0,translation_status:exact:3
zotero:LET7QMBL,TBL-20260214095046-001,verified_strong,2,2,0,0,0,0,2,2,2,0,0,translation_status:inferred:2
zotero:LET7QMBL,TBL-20260214095050-002,verified_strong,1,1,0,0,0,0,1,1,1,0,0,translation_status:inferred:1
zotero:LET7QMBL,TBL-20260214095051-005,verified_strong,6,6,0,0,0,0,6,6,6,0,0,translation_status:inferred:6
zotero:LET7QMBL,TBL-20260214095051-006,verified_strong,5,5,0,0,0,0,5,5,5,0,0,translation_status:inferred:5
zotero:LET7QMBL,TBL-20260214095051-007,verified_strong,4,4,0,0,0,0,4,4,4,0,0,translation_status:inferred:4
zotero:LET7QMBL,TBL-20260214095051-008,verified_strong,2,2,0,0,0,0,2,2,2,0,0,translation_status:inferred:2
zotero:LET7QMBL,TBL-20260214095240-001,verified_strong,2,2,0,0,0,0,2,2,2,0,0,translation_status:inferred:2
zotero:LET7QMBL,TBL-20260214095243-002,verified_strong,1,1,0,0,0,0,1,1,1,0,0,translation_status:inferred:1
zotero:LET7QMBL,TBL-20260214095244-005,verified_strong,6,6,0,0,0,0,6,6,6,0,0,translation_status:inferred:6
zotero:LET7QMBL,TBL-20260214095244-006,verified_strong,5,5,0,0,0,0,5,5,5,0,0,translation_status:inferred:5
zotero:LET7QMBL,TBL-20260214095244-007,verified_strong,4,4,0,0,0,0,4,4,4,0,0,translation_status:inferred:4
zotero:LET7QMBL,TBL-20260214095244-008,verified_strong,2,2,0,0,0,0,2,2,2,0,0,translation_status:inferred:2
zotero:LET7QMBL,TBL-20260214095646-001,verified_strong,2,2,0,0,0,0,2,2,2,0,0,translation_status:inferred:2
zotero:LET7QMBL,TBL-20260214095647-002,verified_strong,1,1,0,0,0,0,1,1,1,0,0,translation_status:inferred:1
zotero:LET7QMBL,TBL-20260214095648-005,verified_strong,6,6,0,0,0,0,6,6,6,0,0,translation_status:inferred:6
zotero:LET7QMBL,TBL-20260214095648-006,verified_strong,5,5,0,0,0,0,5,5,5,0,0,translation_status:inferred:5
zotero:LET7QMBL,TBL-20260214095648-007,verified_strong,4,4,0,0,0,0,4,4,4,0,0,translation_status:inferred:4
zotero:LET7QMBL,TBL-20260214095648-008,verified_strong,2,2,0,0,0,0,2,2,2,0,0,translation_status:inferred:2
zotero:LET7QMBL,TBL-20260214121124-001,verified_strong,2,2,0,0,0,0,2,2,2,0,0,translation_status:inferred:2
zotero:LET7QMBL,TBL-20260214121127-002,verified_strong,1,1,0,0,0,0,1,1,1,0,0,translation_status:inferred:1
zotero:LET7QMBL,TBL-20260214121127-005,verified_strong,6,6,0,0,0,0,6,6,6,0,0,translation_status:inferred:6
zotero:LET7QMBL,TBL-20260214121127-006,verified_strong,5,5,0,0,0,0,5,5,5,0,0,translation_status:inferred:5
zotero:LET7QMBL,TBL-20260214121127-007,verified_strong,4,4,0,0,0,0,4,4,4,0,0,translation_status:inferred:4
zotero:LET7QMBL,TBL-20260214121127-008,verified_strong,2,2,0,0,0,0,2,2,2,0,0,translation_status:inferred:2
zotero:MRZL6AGQ,TBL-20260216235402-002,verified_strong,6,6,0,0,0,0,6,6,6,0,0,translation_status:inferred:6
zotero:MRZL6AGQ,TBL-20260216235402-003,verified_strong,2,2,0,0,0,0,2,2,2,0,0,translation_status:inferred:2
zotero:MRZL6AGQ,TBL-20260216235402-004,verified_strong,8,8,0,0,0,0,8,8,8,0,0,translation_status:inferred:8
zotero:MRZL6AGQ,TBL-20260216235403-006,verified_strong,8,8,0,0,0,0,8,8,8,0,0,"translation_status:inferred:6,translation_status:fuzzy:2"
zotero:MRZL6AGQ,TBL-20260216235403-007,verified_strong,14,14,0,0,0,0,14,14,14,0,0,translation_status:inferred:14
zotero:MRZL6AGQ,TBL-20260216235403-008,verified_strong,4,4,0,0,0,0,4,4,4,0,0,translation_status:inferred:4
zotero:MRZL6AGQ,TBL-20260216235403-009,verified_strong,4,4,0,0,0,0,4,4,4,0,0,"translation_status:inferred:3,translation_status:fuzzy:1"
zotero:MRZL6AGQ,TBL-20260216235403-010,verified_strong,6,6,0,0,0,0,6,6,6,0,0,translation_status:inferred:6
zotero:MRZL6AGQ,TBL-20260216235403-011,verified_strong,2,2,0,0,0,0,2,2,2,0,0,translation_status:inferred:2
zotero:MRZL6AGQ,TBL-20260216235403-012,verified_strong,3,3,0,0,0,0,3,3,3,0,0,translation_status:inferred:3
zotero:MRZL6AGQ,TBL-20260216235403-013,verified_strong,9,9,0,0,0,0,9,9,9,0,0,"translation_status:inferred:6,translation_status:fuzzy:2,translation_status:exact:1"
zotero:MRZL6AGQ,TBL-20260216235403-015,verified_strong,8,8,0,0,0,0,8,8,8,0,0,translation_status:inferred:8
zotero:MRZL6AGQ,TBL-20260216235403-016,verified_strong,12,12,0,0,0,0,12,12,12,0,0,"translation_status:inferred:9,translation_status:exact:2,translation_status:fuzzy:1"
zotero:MRZL6AGQ,TBL-20260216235403-017,verified_strong,1,1,0,0,0,0,1,1,1,0,0,translation_status:inferred:1
zotero:MRZL6AGQ,TBL-20260216235403-018,verified_strong,1,1,0,0,0,0,1,1,1,0,0,translation_status:inferred:1
zotero:MRZL6AGQ,TBL-20260216235403-019,verified_strong,3,3,0,0,0,0,3,3,3,0,0,"translation_status:inferred:2,translation_status:fuzzy:1"
zotero:MRZL6AGQ,TBL-20260216235403-022,verified_strong,6,6,0,0,0,0,6,6,6,0,0,"translation_status:inferred:5,translation_status:fuzzy:1"
zotero:MRZL6AGQ,TBL-20260216235403-023,verified_strong,8,8,0,0,0,0,8,8,8,0,0,translation_status:inferred:8
zotero:MRZL6AGQ,TBL-20260216235403-024,verified_strong,6,6,0,0,0,0,6,6,6,0,0,translation_status:inferred:6
zotero:MRZL6AGQ,TBL-20260216235403-025,verified_strong,3,3,0,0,0,0,3,3,3,0,0,translation_status:inferred:3
zotero:MRZL6AGQ,TBL-20260216235403-028,verified_strong,11,11,0,0,0,0,11,11,11,0,0,"translation_status:inferred:10,translation_status:fuzzy:1"
zotero:MRZL6AGQ,TBL-20260216235403-029,verified_strong,4,4,0,0,0,0,4,4,4,0,0,translation_status:inferred:4
zotero:MRZL6AGQ,TBL-20260216235403-030,verified_strong,10,10,0,0,0,0,10,10,10,0,0,"translation_status:inferred:8,translation_status:fuzzy:1,translation_status:exact:1"
zotero:Q5YDAT65,TBL-20260216235433-001,verified_strong,1,1,0,0,0,0,1,1,1,0,0,translation_status:inferred:1
zotero:Q5YDAT65,TBL-20260216235434-006,verified_strong,5,5,0,0,0,0,5,5,5,0,0,translation_status:inferred:5
zotero:Q5YDAT65,TBL-20260216235434-012,verified_strong,1,1,0,0,0,0,1,1,1,0,0,translation_status:inferred:1
zotero:Q5YDAT65,TBL-20260216235435-017,verified_strong,1,1,0,0,0,0,1,1,1,0,0,translation_status:inferred:1
zotero:Q5YDAT65,TBL-20260216235435-018,verified_strong,1,1,0,0,0,0,1,1,1,0,0,translation_status:inferred:1
zotero:RDW5IMHH,TBL-20260214095815-001,verified_strong,1,1,0,0,0,0,1,1,1,0,0,translation_status:inferred:1
zotero:RDW5IMHH,TBL-20260214095815-002,verified_strong,2,2,0,0,0,0,2,2,2,0,0,translation_status:inferred:2
zotero:RDW5IMHH,TBL-20260214102621-001,verified_strong,1,1,0,0,0,0,1,1,1,0,0,translation_status:inferred:1
zotero:RDW5IMHH,TBL-20260214102621-002,verified_strong,2,2,0,0,0,0,2,2,2,0,0,translation_status:inferred:2
zotero:RDW5IMHH,TBL-20260214102737-001,verified_strong,1,1,0,0,0,0,1,1,1,0,0,translation_status:inferred:1
zotero:RDW5IMHH,TBL-20260214102737-002,verified_strong,2,2,0,0,0,0,2,2,2,0,0,translation_status:inferred:2
zotero:RDW5IMHH,TBL-20260214124119-001,verified_strong,1,1,0,0,0,0,1,1,1,0,0,translation_status:inferred:1
zotero:RDW5IMHH,TBL-20260214124119-002,verified_strong,2,2,0,0,0,0,2,2,2,0,0,translation_status:inferred:2
zotero:SUUECVYU,TBL-20260216235452-001,verified_strong,1,1,0,0,0,0,1,1,1,0,0,translation_status:fuzzy:1
zotero:ZHKHNN33,TBL-20260214160309-002,verified_strong,1,1,0,0,0,0,1,1,1,0,0,translation_status:inferred:1
zotero:ZHKHNN33,TBL-20260214160311-004,verified_strong,1,1,0,0,0,0,1,1,1,0,0,translation_status:inferred:1
zotero:ZHKHNN33,TBL-20260214193205-002,verified_strong,1,1,0,0,0,0,1,1,1,0,0,translation_status:inferred:1
zotero:ZHKHNN33,TBL-20260214193207-004,verified_strong,1,1,0,0,0,0,1,1,1,0,0,translation_status:inferred:1
zotero:ZHKHNN33,TBL-20260215013420-002,verified_strong,1,1,0,0,0,0,1,1,1,0,0,translation_status:inferred:1
zotero:ZHKHNN33,TBL-20260215013422-004,verified_strong,1,1,0,0,0,0,1,1,1,0,0,translation_status:inferred:1
