paper_id,doi,title,year,venue,topic_bucket,citation_count,environment_variable,outcome_variable,effect_direction,sample_n,confidence_tier,evidence_level,notes,abstract_snippet,pdf_available,article_type,template_family
doi:10.2118/216881-ms,10.2118/216881-ms,"Digitalization of Offshore Wells Risk Management Through Quantitative, and Automated Risk Assessment Techniques",2023,ADIPEC,other,0,unspecified_environment,unspecified_outcome,unknown,,low,abstract_only_reduced_table,abstract_only;weak_variable_resolution,"<jats:title>Abstract</jats:title>
               <jats:p>Risk assessment is the key and most crucial phase in risk management during different well's life cycle. It is a rigorous procedure for identifying, evaluating, and quantifying risks that have the potential to endanger people, have an adverse effect on the env...",yes,cross_sectional_survey,unknown
doi:10.1080/00038628.2016.1266597,10.1080/00038628.2016.1266597,Affective response to architecture – investigating human reaction to spaces with different geometry,2017,-,affect,0,unspecified_environment,mood,unknown,,low,abstract_only_reduced_table,abstract_only;weak_variable_resolution,"The shape of a room affects mental reactions and emotional states, as evidenced by a multidisciplinary study using qualitative and quantitative methods, including questionnaires and advanced sensors, which showed differences in reactions to different geometries.",no,cross_sectional_survey,mixed_methods
doi:10.1093/ajcn/nqab202,10.1093/ajcn/nqab202,"Maternal pregnancy diet, postnatal home environment and executive function and behavior in 3- to 4-y-olds.",2021,American Journal of Clinical Nutrition,cognition,0,unspecified_environment,cognition,mixed,,low,abstract_only_reduced_table,abstract_only;weak_variable_resolution,"BACKGROUND
Optimal maternal nutrition during pregnancy has been linked to better cognitive and behavioral development in children. However, its influence on the effects of suboptimal postnatal exposures like reduced stimulation and support in the home is not known.


OBJECTIVES
To examine the effect of maternal preg...",no,cross_sectional_survey,unknown
doi:10.18122/ijpah.3.3.168.boisestate,10.18122/ijpah.3.3.168.boisestate,"A168: The Effects of Physical Activity and Family Environment on
 Executive Function in Preschool Children",2024,International Journal of Physical Activity and Health,cognition,0,unspecified_environment,cognition,positive,,low,abstract_only_reduced_table,abstract_only;weak_variable_resolution,"Background/Purpose: Based on the investigation and analysis of
 the current situation of physical activity, the family objective
 environment, and executive function development of children aged 4–6
 years, this study analyzed the correlation between the three, so as to
 explore the influence of family objective env...",no,cross_sectional_survey,unknown
doi:10.21197/jcei.16.3.4,10.21197/jcei.16.3.4,Effects of Household Chaos and Interparental Conflict on Executive Function in Early School-Aged Children: The Mediating Role of Anxiety,2025,The Society for Cognitive Enhancement and Intervention,affect,0,unspecified_environment,cognition,mixed,,low,abstract_only_reduced_table,abstract_only;weak_variable_resolution,"Objective: This study examined the direct effects of household chaos and interparental conflict on executive function in early school-aged children, as well as the indirect effects mediated by children’s anxiety. 
Methods: Participants were 269 mothers of children in the first to third grades of elementary school, w...",no,cross_sectional_survey,unknown
doi:10.1111/cch.70162,10.1111/cch.70162,"Harsh Parenting, Maternal Depression, and Executive Function in Early Childhood.",2025,"Child: Care, Health and Development",cognition,0,unspecified_environment,attention,negative,,low,abstract_only_reduced_table,abstract_only;weak_variable_resolution,"BACKGROUND
Executive function (EF), a multimodal construct that captures one's control over cognition and behaviour, is associated with academic achievement and social-emotional competence. Prior research suggests that early childhood experiences and the family context shape EF development. Harsh parenting practices...",no,cross_sectional_survey,unknown
doi:10.3389/fpsyg.2021.707457,10.3389/fpsyg.2021.707457,"Research on Acoustic Environment in the Building of Nursing Homes Based on Sound Preference of the Elderly People: A Case Study in Harbin, China",2021,Frontiers in Psychology,thermal,0,noise,mood,null,,medium,abstract_only_reduced_table,abstract_only,"Nursing homes are the facilities where the elderly conduct their daily activities. This may lead to a complicated acoustic environment which would potentially affect the ability of the elderly to function. In this study, the main indoor public space of a nursing home in Harbin was taken as the research object, and t...",no,cross_sectional_survey,case_study
doi:10.1177/23312165251389585,10.1177/23312165251389585,Association of Tinnitus With Speech Recognition and Executive Functions in Older Adults,2025,Trends in Hearing,cognition,0,noise,cognition,negative,,medium,abstract_only_reduced_table,abstract_only,"Adults with chronic subjective tinnitus often struggle with speech recognition in challenging listening environments. While most research demonstrates deficits in speech recognition among individuals with tinnitus, studies focusing on older adults remain scarce. Besides speech recognition deficits, tinnitus has been...",no,cross_sectional_survey,theoretical
doi:10.3389/fpsyg.2022.930138,10.3389/fpsyg.2022.930138,RETRACTED: Relating Sustainable Business Development Practices and Information Management in Promoting Digital Green Innovation: Evidence From China,2022,Frontiers in Psychology,biophilic,0,unspecified_environment,unspecified_outcome,positive,,low,abstract_only_reduced_table,abstract_only;weak_variable_resolution,"Digital green innovations are being implemented in manufacturing to help organizations achieve sustainability by adopting sustainable development practices (SDPC). However, little is known about the impact of the information management process (IMP) on organizations’ digital green innovation. To address this gap, we...",no,cross_sectional_survey,conceptual_framework
doi:10.3847/1538-4357/acdbc6,10.3847/1538-4357/acdbc6,JADES Imaging of GN-z11: Revealing the Morphology and Environment of a Luminous Galaxy 430 Myr after the Big Bang,2023,Astrophysical Journal,other,0,unspecified_environment,unspecified_outcome,negative,0,low,abstract_only_reduced_table,abstract_only;n=0;weak_variable_resolution,We present JWST NIRCam nine-band near-infrared imaging of the luminous z = 10.6 galaxy GN-z11 from the JWST Advanced Deep Extragalactic Survey of the GOODS-N field. We find a spectral energy distribution (SED) entirely consistent with the expected form of a high-redshift galaxy: a clear blue continuum from 1.5 to 4 ...,no,cross_sectional_survey,unknown
doi:10.1088/1755-1315/952/1/012013,10.1088/1755-1315/952/1/012013,"Analyzing the Luminous Environment in a University Campus in Biskra, Algeria: A Pilot Study",2022,IOP Conference Series: Earth and Environment,light,0,daylight,unspecified_outcome,positive,,low,abstract_only_reduced_table,abstract_only;weak_variable_resolution,"This paper aims to assess and analyze the indoor, semi-outdoor, and outdoor luminous environments of a Biskra university campus, to determine the relationship between these three luminous environments in terms of contrast and brightness, and to evaluate the perception and the occupant’s luminous comfort. This prelim...",no,cross_sectional_survey,unknown
doi:10.3390/su11123446,10.3390/su11123446,"Global Approaches to Reduce Light Pollution from Media Architecture and Non-Static, Self-Luminous LED Displays for Mixed-Use Urban Developments",2019,Sustainability,light,0,unspecified_environment,mood,mixed,,low,abstract_only_reduced_table,abstract_only;weak_variable_resolution,"Urban environments have become significantly brighter and more illuminated, and cities now consider media architecture and non-static, self-luminous LED displays an essential element of their strategy to attract residents, visitors, and tourists in the hours after dark. Unfortunately, most often, they are not design...",no,cross_sectional_survey,empirical_v2
doi:10.62794/pjer.v3i1.7716,10.62794/pjer.v3i1.7716,"The Effect of Entrepreneurship Learning, Social Environment, and Creativity on Entrepreneurial Interest: The Mediating Role of Entrepreneurial Attitude",2025,Pinisi Journal of Entrepreneurship Review,cognition,0,unspecified_environment,cognition,positive,,low,abstract_only_reduced_table,abstract_only;weak_variable_resolution,"Learning is not merely the accumulation of knowledge, but a cognitive process that induces behavioral changes in individuals. In the context of higher education, entrepreneurship learning plays a vital role in shaping students’ mindset and interest toward entrepreneurship. This study aims to examine both the direct ...",no,cross_sectional_survey,unknown
doi:10.1111/ijal.12624,10.1111/ijal.12624,"Does the work environment matter in shaping English as a foreign language teachers’ teaching for creativity: A mixed‐methods investigation into the roles of perceived climate, peer group interaction, and supervisory relationship",2024,International Journal of Applied Linguistics,affect,0,unspecified_environment,mood,unknown,,low,abstract_only_reduced_table,abstract_only;weak_variable_resolution,"Teachers play a critical role in fostering students’ creativity, especially in English as a foreign language (EFL) classes, known as teaching for creativity (TfC). Despite this, no comprehensive study has explored how the work environment influences EFL teachers’ TfC. Therefore, this study investigates how various h...",no,cross_sectional_survey,interview_study
doi:10.1080/10400419.2022.2112837,10.1080/10400419.2022.2112837,Assessing the Work Environment for Creativity and Innovation: Building on Mathisen and Einarsen’s Review (2004),2022,Creativity Research Journal,other,0,unspecified_environment,unspecified_outcome,unknown,,low,abstract_only_reduced_table,abstract_only;weak_variable_resolution,"ABSTRACT This article was stimulated by a review of instruments assessing creative and innovative social environments seventeen years ago. This stands alone as the only published, comprehensive, comparative review of multiple instruments aimed at this conceptual space. Although this review provided an important cont...",no,cross_sectional_survey,unknown
doi:10.31537/jeti.v7i1.1863,10.31537/jeti.v7i1.1863,Improving Creativity and Mathematics Learning Outcomes: Implementation of the Discovery Learning Model in Spatial Building Materials,2024,Journal of Education Technology and Inovation,other,0,unspecified_environment,unspecified_outcome,positive,,low,abstract_only_reduced_table,abstract_only;weak_variable_resolution,"Creativity of thinking in learning Mathematics is the most important goal in improving learning outcomes, it has an important role in providing stimulation, enthusiasm and pleasure in learning so that those who have high motivation are the problem in research to improve creative thinking skills and math learning out...",no,cross_sectional_survey,empirical_v2
doi:10.20431/2456-4931.071015,10.20431/2456-4931.071015,Perception of the luminous environment in university classrooms in Algeria,2022,International journal of innovative studies in sociology and humanities,light,0,daylight,attention,unknown,,low,abstract_only_reduced_table,abstract_only,"has a significant impact on humans and affects directly biological In learning spaces, the visual ambience is successful when users can perform their work without discomfort. It is based on quantitative and qualitative parameters related to comfort. This research focuses mainly on a qualitative study of the luminous...",no,cross_sectional_survey,unknown
doi:10.1088/1755-1315/455/1/012195,10.1088/1755-1315/455/1/012195,Improve the Luminous Environment in a Classroom,2020,IOP Conference Series: Earth and Environment,light,0,daylight,productivity,mixed,,medium,abstract_only_reduced_table,abstract_only,"This paper suggests a lighting design method by advanced software to design for optimizing the luminous environment in a classroom. The luminous environment affects the eyesight health and learning efficiency of students, while uncomfortable glare is an important indicator that affects the quality of classroom light...",no,cross_sectional_survey,unknown
doi:10.1051/0004-6361/202141397,10.1051/0004-6361/202141397,A machine-learning photometric classifier for massive stars in nearby galaxies,2022,Astronomy and Astrophysics,other,0,unspecified_environment,unspecified_outcome,mixed,,low,abstract_only_reduced_table,abstract_only;weak_variable_resolution,"Context. Mass loss is a key parameter in the evolution of massive stars. Despite the recent progress in the theoretical understanding of how stars lose mass, discrepancies between theory and observations still hold. Moreover, episodic mass loss in evolved massive stars is not included in models, and the importance o...",no,cross_sectional_survey,theoretical
doi:10.1016/j.neunet.2023.05.031,10.1016/j.neunet.2023.05.031,Motion perception based on ON/OFF channels: A survey.,2023,Neural networks : the official journal of the International Neural Network Society,acoustic,0,noise,unspecified_outcome,negative,,low,abstract_only_reduced_table,abstract_only;weak_variable_resolution,"Motion perception is an essential ability for animals and artificially intelligent systems interacting effectively, safely with surrounding objects and environments. Biological visual systems, that have naturally evolved over hundreds-million years, are quite efficient and robust for motion perception, whereas artif...",no,cross_sectional_survey,unknown
doi:10.1155/2019/3476490,10.1155/2019/3476490,Effects of Lighting Quality on Working Efficiency of Workers in Office Building in Tanzania,2019,Journal of Environmental and Public Health,light,0,daylight,productivity,positive,,medium,abstract_only_reduced_table,abstract_only,"Background . In this era of Information Communication Technology, a high-quality working environment is essential to the occupants. Providing quantity rather the quality of work environments is very common in most of the least developed countries, including Tanzania. Existing research asserts that poor indoor enviro...",no,cross_sectional_survey,unknown
doi:10.1155/2024/2210991,10.1155/2024/2210991,Mental Fatigue Under the Thermoneutral Environment in Buildings: Effects of the Constant and Altered Workload Sequences,2024,Indoor Air: International Journal of Indoor Environment and Health,affect,0,thermal,mood,null,,medium,abstract_only_reduced_table,abstract_only,"In order to explore the effects of constant and altered workload sequences on mental fatigue in a thermoneutral environment, experiments and surveys were carried out in this study. n‐back tasks were used to design different workload sequences. Fifteen healthy right‐handed males were required to experience three diff...",no,cross_sectional_survey,empirical_v2
doi:10.1145/3610977.3637484,10.1145/3610977.3637484,UASOS: An Experimental Environment For Assessing Mental Fatigue & Cognitive Flexibility During Drone Operations,2024,IEEE/ACM International Conference on Human-Robot Interaction,biophilic,0,biophilia,cognition,unknown,,low,abstract_only_reduced_table,abstract_only,"Mental fatigue from continuous operations without breaks represents a safety issue for military drone operations, as these systems are complex and operate during long shifts. Military operations are hard to study due to their sensitive nature. The open-access program UASOS serves as a testbed to examine the effects ...",no,cross_sectional_survey,empirical_v2
doi:10.54941/ahfe1006593,10.54941/ahfe1006593,Influence of Controlled Breaks on Mental Fatigue: Physical Activity Break vs. Social Networking Break,2025,AHFE International,cognition,0,biophilia,attention,null,,medium,abstract_only_reduced_table,abstract_only,"Mental Fatigue is a growing concern in many occupations that require extended work hours. Managing mental fatigue is critical for the air traffic control job, considering the complex nature of the task and the recent substantial increase in air traffic. In a dynamic environment that demands continuous cognitive acti...",no,cross_sectional_survey,unknown
doi:10.3390/urbansci9060221,10.3390/urbansci9060221,Urban Environment and Momentary Psychological States: A Micro-Scale Study on a University Campus with Network Analysis,2025,Urban Science,affect,0,unspecified_environment,mood,null,,low,abstract_only_reduced_table,abstract_only;weak_variable_resolution,"Urban environmental settings influence human psychological states, contributing to varying mental health outcomes. This study examines the relationships between objective environmental features and psychological states at a fine scale. Using a geo-enabled survey tool, we collected data on individuals’ perceptions of...",no,cross_sectional_survey,empirical_v2
doi:10.3390/buildings13092283,10.3390/buildings13092283,"Status of Typical Artificial Lighting Environments in Different Public Buildings in China, and Requirements for Their Improvement",2023,Buildings,light,0,daylight,mood,positive,,medium,abstract_only_reduced_table,abstract_only,"The luminous environment is an essential factor that affects people’s working and living experiences in buildings. In order to clarify the building luminous environment parameters that are required for occupant satisfaction, we collected 2553 completed questionnaires while conducting field measurements of new and up...",no,cross_sectional_survey,unknown
doi:10.1016/j.buildenv.2022.109901,10.1016/j.buildenv.2022.109901,Preliminary investigation on the human response to patterned chromatic glazing,2022,Building and Environment,light,0,daylight,productivity,mixed,,medium,abstract_only_reduced_table,abstract_only,"Daylighting has been associated with improved mood, enhanced morale, increased visual comfort and reduced fatigue. Glazing with varying transmittance, colour or configuration may have significant effects on the quality and quantity of daylight within a building, thus good glazing design has posed significant challen...",no,cross_sectional_survey,unknown
doi:10.3390/atmos16020150,10.3390/atmos16020150,The Influence of Multisensory Perception on Student Outdoor Comfort in University Campus Design,2025,Atmosphere,acoustic,0,noise,stress,unknown,,low,abstract_only_reduced_table,abstract_only,"The user’s experience is critical in spatial design, particularly in outdoor spaces like university campuses, where the physical environment significantly influences students’ relaxation and stress relief. This study investigates the combined impact of thermal, luminous, and auditory environments on students’ percep...",no,cross_sectional_survey,unknown
doi:10.15627/jd.2021.14,10.15627/jd.2021.14,A Combined Method for an Exhaustive Investigation of the Anidolic Ceiling Effect on Improving Indoor Office Daylight Quality: an Approach Based on HDR Photography and Subjective Evaluations,2021,Journal of Daylighting,light,0,daylight,stress,negative,,medium,abstract_only_reduced_table,abstract_only,"Lighting quality in office environments is a broad concept that must be taken into account in the design stage to deliver comfortable spaces to reduce workers' stress. Indeed, daylight should be sufficient to perform visual tasks while avoiding excessive brightness, high contrast, or intense sunlight reflections tha...",no,cross_sectional_survey,case_study
doi:10.1108/f-01-2022-0013,10.1108/f-01-2022-0013,The effects of lamp types and surface reflectance combinations on the subjective perception of a simulated lit hospital ward environment,2022,Facilities,light,0,daylight,mood,unknown,,low,abstract_only_reduced_table,abstract_only,Purpose Good illumination creates an aesthetic environment that may positively influence patients’ well-being and provide comfort to the hospital staff. This study aims to focus on exploring the energy efficiency of lighting and subjective perception of the lit environment in a hospital ward to assess quality indica...,no,cross_sectional_survey,unknown
doi:10.1108/sasbe-07-2024-0244,10.1108/sasbe-07-2024-0244,Exploring urban lighting design effect on citizens´ emotions through the application of Kansei methodology,2025,Smart and Sustainable Built Environment,light,0,daylight,mood,positive,,medium,abstract_only_reduced_table,abstract_only,"Purpose This study focuses on urban lighting design, exploring its effect on citizens´ emotions. A methodology based on Kansei engineering is developed in response to the question: How does lighting of facades within the urban space influence people’s emotions? Design/methodology/approach Outdoor lighting design is ...",no,cross_sectional_survey,unknown
doi:10.3397/in_2022_0179,10.3397/in_2022_0179,"Correlation Between Acoustic, Luminous, Thermal Dimensions of A Urban Park In an Oasis Settlement and emotional response of Visually Impaired Users",2023,INTER-NOISE and NOISE-CON Congress and Conference Proceedings,affect,0,noise,mood,mixed,,medium,abstract_only_reduced_table,abstract_only,"Occupants' interaction with urban spaces and their behavior is often influenced by environmental dimensions: thermal, visual, acoustic or air quality. Many studies have investigated the relationships between occupants' behavior and these dimensions, but just few of them have addressed
 occupants with special needs, ...",no,cross_sectional_survey,methods_protocol
doi:10.47709/brilliance.v5i2.7525,10.47709/brilliance.v5i2.7525,Analysis of the Effect of Digital Color Grading Techniques on Aesthetic Perception and Emotional Response in a Short Rice Farming Video,2025,Brilliance Research of Artificial Intelligence,thermal,0,daylight,mood,mixed,,medium,abstract_only_reduced_table,abstract_only,"Digital color grading is a post-production technique used to adjust hue, saturation, luminance, and color temperature to enhance visual mood, aesthetic appeal, and emotional expression. In agricultural-themed videos, color adjustments significantly influence how audiences perceive naturalness, warmth, authenticity, ...",no,cross_sectional_survey,empirical_v2
doi:10.3390/buildings15071163,10.3390/buildings15071163,Effects of Visual Perception of Building Materials on Human Emotional States and Cognitive Functioning in a Physical Learning Environment,2025,Buildings,cognition,0,unspecified_environment,mood,positive,,low,abstract_only_reduced_table,abstract_only;weak_variable_resolution,"The influence of building materials on the physical aspects of educational spaces is significant, shaping both functionality and aesthetic appeal while directly affecting the emotional and cognitive states of students. Despite its significance, this area has not been extensively explored. This study investigated the...",no,cross_sectional_survey,empirical_v2
doi:10.3390/su16062537,10.3390/su16062537,Applying Stimulus–Organism–Response Theory to Explore the Effects of Augmented Reality on Consumer Purchase Intention for Teenage Fashion Hair Dyes,2024,Sustainability,affect,0,unspecified_environment,mood,positive,,low,abstract_only_reduced_table,abstract_only;weak_variable_resolution,"The application of augmented reality (AR) in the beauty and hairdressing industry provides customers with a rich experience, especially in terms of virtual hair styling. Through virtual hair color tests, customers can quickly decide on the most suitable hair dye for them. Teenagers use multimedia communication chann...",no,cross_sectional_survey,conceptual_framework
doi:10.1108/jrim-11-2018-0147,10.1108/jrim-11-2018-0147,Analyzing the effects of visual aesthetic of Web pages on users’ responses in online retailing using the VisAWI method,2020,,affect,0,unspecified_environment,mood,unknown,,low,abstract_only_reduced_table,abstract_only;weak_variable_resolution,"Purpose
The success of e-commerce websites depends on their effective communication and influence on their users. At first glance, the users are impressed by the website design and, if inspired, they would continue their operations on the website. This paper aims to evaluate the effects of visual aesthetic of the We...",no,cross_sectional_survey,conceptual_framework
doi:10.1080/09613218.2025.2521747,10.1080/09613218.2025.2521747,Effects of IEQ on inpatients’ psychological restoration in hospital wards: the role of environmental perceptions,2025,Building Research &amp; Information,air,0,air_quality,mood,unknown,,low,abstract_only_reduced_table,abstract_only,"ABSTRACT The hospital ward environment impacts patients’ physical and mental well-being. This study aimed to investigate the impact of indoor environmental quality (IEQ) (thermal, acoustic, luminous and indoor air quality (IAQ)) on psychological restoration and to explore the mediating role of environmental percepti...",no,cross_sectional_survey,unknown
doi:10.3390/en17153719,10.3390/en17153719,Predictive Heating Control and Perceived Thermal Comfort in a Norwegian Office Building,2024,Energies,thermal,0,air_quality,mood,unknown,,low,abstract_only_reduced_table,abstract_only,"An office building in Trondheim, Norway, was used as a case study to test the influence of Predictive Control (PC) for the optimization of energy use on the employees’ thermal comfort. A predictive control was implemented in the Building Energy Management System (BEMS) by operating on the supply temperature of the r...",no,cross_sectional_survey,case_study
doi:10.11648/j.ijps.20250503.14,10.11648/j.ijps.20250503.14,The Psychological Effect of Thermal Comfort in Curtain Wall Office Buildings: The Case of Addis Ababa City,2025,International Journal of Psychological Science,thermal,0,thermal,unspecified_outcome,unknown,,low,abstract_only_reduced_table,abstract_only;weak_variable_resolution,This thesis is intended to identify psychological impacts of thermal comfort in curtain wall office buildings in A.A (Addis Ababa) city during summer and winter. A detail survey was conducted to identify individual perception of the thermal comfort level and its effect on their psychology in four curtain walled offi...,no,cross_sectional_survey,unknown
doi:10.1051/e3sconf/202339601029,10.1051/e3sconf/202339601029,Decoding human perception for building indoor environmental comfort: Testing the Hue-Heat-Hypothesis via physiological and psychological response analysis,2023,E3S Web of Conferences,thermal,0,thermal,attention,null,,medium,abstract_only_reduced_table,abstract_only,"The recent energy crisis limits humans’ adaptation capability to climate change in indoors, making access to active air conditioning prohibitive. Since lighting systems are less energy-consuming then conditioning systems, this work focuses on visual stimuli to affect occupant’s thermal perception in the framework of...",no,cross_sectional_survey,conceptual_framework
doi:10.3389/fbuil.2025.1727570,10.3389/fbuil.2025.1727570,"Differential effects of objective and perceived environments on place attachment with emotion mediation: a case study in Nanjing, China",2025,Frontiers in Built Environment,affect,0,unspecified_environment,mood,negative,,low,abstract_only_reduced_table,abstract_only;weak_variable_resolution,"Research increasingly links the built environment to place attachment, with expected benefits for perceived restorativeness and resident wellbeing. Yet prior work has concentrated on macro scale attributes and provides limited evidence on how objective and perceived environments shape attachment at the micro scale o...",no,cross_sectional_survey,case_study
doi:10.1111/1745-5871.12644,10.1111/1745-5871.12644,COVID‐19’s effects on sense of place and pro‐environmental behaviour,2024,Geographical Research,affect,0,unspecified_environment,mood,positive,,low,abstract_only_reduced_table,abstract_only;weak_variable_resolution,COVID‐19 substantially disrupted daily life globally. Human geography and environmental psychology scholars have argued that dramatic shifts in how people used urban environments during the pandemic could have important implications for those studying human–environment relationships and for planners designing urban ...,no,cross_sectional_survey,case_study
doi:10.3390/ijerph17165973,10.3390/ijerph17165973,COVID-19 Lockdown: Housing Built Environment’s Effects on Mental Health,2020,International Journal of Environmental Research and Public Health,biophilic,0,unspecified_environment,attention,mixed,,low,abstract_only_reduced_table,abstract_only;weak_variable_resolution,"Since the World Health Organization (WHO) declared the coronavirus infectious disease 2019 (COVID-19) outbreak a pandemic on 11 March, severe lockdown measures have been adopted by the Italian Government. For over two months of stay-at-home orders, houses became the only place where people slept, ate, worked, practi...",no,cross_sectional_survey,unknown
doi:10.1038/s40494-025-01589-y,10.1038/s40494-025-01589-y,"The moderating effect of visual landscape and soundscape on place attachment in world cultural heritage: a case study in Kulangsu, China",2025,npj Heritage Science,acoustic,0,noise,mood,negative,,medium,abstract_only_reduced_table,abstract_only,"In the realm of sustainable city planning, a nuanced understanding of how individuals perceive environmental elements and their emotional responses holds paramount importance. The purpose of this study was to investigate how individuals perceive the audiovisual environment and its relationship to place attachment wi...",no,cross_sectional_survey,case_study
doi:10.3390/su17031242,10.3390/su17031242,Quality of Daylighting in Childcare Facilities: A Comparative Study of Polish Regulations with International Sustainability Rating Systems,2025,Sustainability,light,0,daylight,productivity,positive,,medium,abstract_only_reduced_table,abstract_only,"This study examines the quality and availability of daylight in childcare facilities, focusing on compliance with Polish Technical Conditions (TCs) and comparing them with international certification systems such as BREEAM, LEED, and WELL. Polish regulations regarding sunlight exposure require revisions to support t...",no,cross_sectional_survey,unknown
doi:10.3389/fpubh.2024.1390614,10.3389/fpubh.2024.1390614,"Evaluation of the effects of blue-enriched white light on cognitive performance, arousal, and overall appreciation of lighting",2024,Frontiers in Public Health,light,0,daylight,attention,mixed,,medium,abstract_only_reduced_table,abstract_only,"Introduction Light’s non-visual effects on the biological clock, cognitive performance, alertness, and mental health are getting more recognized. These are primarily driven by blue light, which triggers specific retinal cells containing melanopsin. Traditionally, research on light has relied on correlated color temp...",no,cross_sectional_survey,empirical_v2
doi:10.33383/2023-086,10.33383/2023-086,Research into the Influence of Lighting Modes on Human Performance Considering Daylighting: Survey and Experiment,2024,Light &amp; Engineering,light,0,daylight,stress,mixed,,medium,abstract_only_reduced_table,abstract_only,"Cities located north of the 60th parallel (Helsinki, Stockholm, Oslo, St. Petersburg etc.) are among those with a low amount of daylighting per year. The study aims to find the relationship between daylighting and electric lighting in terms of its influence on human performance, attention, and general psychophysiolo...",no,cross_sectional_survey,empirical_v2
doi:10.21834/EBPJ.V6I16.2710,10.21834/EBPJ.V6I16.2710,Optimising Daylighting Performance in Tropical Courtyard and Atrium Buildings for Occupants’ Wellbeing,2021,,light,0,daylight,attention,unknown,,low,abstract_only_reduced_table,abstract_only,Daylighting has attracted increasing attention from researchers as an energy-efficient and sustainable building design technique. This research investigates the daylighting of atrium and courtyard building by comparing the performance of various Window to Wall Ratios (WWR) appropriate to Malaysia's tropical climate....,no,cross_sectional_survey,unknown
doi:10.1007/s43630-024-00668-6,10.1007/s43630-024-00668-6,Seasonal variation in sunlight exposure is differently associated with changes in T regulatory and T-helper 17 cell blood counts in adolescent and adults females: a pilot study.,2025,Photochemical & photobiological sciences : Official journal of the European Photochemistry Association and the European Society for Photobiology,light,0,daylight,cognition,mixed,29,medium,abstract_only_reduced_table,abstract_only;n=29,"Higher prevalence of multiple sclerosis at higher latitudes is associated with reduced sunlight during childhood. Alterations in inflammatory Th17 and regulatory T cells (Treg) are associated with autoimmunity. In Hobart, Australia (latitude 42.8° south), thirteen girls (aged 12-13) and sixteen women had blood colle...",no,cross_sectional_survey,unknown
doi:10.1088/1538-3873/aae8ac,10.1088/1538-3873/aae8ac,"The Zwicky Transient Facility: Data Processing, Products, and Archive",2018,Publications of the Astronomical Society of the Pacific,light,0,daylight,unspecified_outcome,positive,,low,abstract_only_reduced_table,abstract_only;weak_variable_resolution,The Zwicky Transient Facility (ZTF) is a new robotic time-domain survey\ncurrently in progress using the Palomar 48-inch Schmidt Telescope. ZTF uses a\n47 square degree field with a 600 megapixel camera to scan the entire northern\nvisible sky at rates of ~3760 square degrees/hour to median depths of g ~ 20.8\nand r...,no,cross_sectional_survey,unknown
doi:10.1088/1755-1315/238/1/012032,10.1088/1755-1315/238/1/012032,"Lighting Quality In The Architectural Design Studio (Case Study: Architecture Design Studio at Universitas Katolik Parahyangan, Bandung, Indonesia)",2019,IOP Conference Series Earth and Environmental Science,light,0,daylight,productivity,positive,,medium,abstract_only_reduced_table,abstract_only,"Lighting designs, both daylight and artificial light, have a major effect on creating visual comfort and room atmosphere. The Parahyangan Catholic University's architectural design studio room has its limitations in providing daylight into the room, where a lot of the literatures express the importance of daylight's...",no,cross_sectional_survey,case_study
sha256:2d5502a7e386,,Awareness of Daylighting on Student Learning in an Educational Facility,2010,Lincoln (University of Nebraska),light,0,daylight,productivity,positive,,medium,abstract_only_reduced_table,abstract_only,"This study examines how awareness of the interior architecture of a building, specifically daylighing, affects students academic performance. Extensive research has proven that the use of daylighting in a classroom can significantly enhance students’ academic success. The problem statement and purpose of this study ...",no,cross_sectional_survey,unknown
doi:10.19072/ijet.1336902,10.19072/ijet.1336902,Experiential Learning in Daylighting Course through Performance Measurements,2024,International Journal of Engineering Technologies IJET,light,0,daylight,productivity,unknown,,low,abstract_only_reduced_table,abstract_only,"The main objective of this study is to adapt research studies on performance measurements for daylighting design to education. An experimental course has been introduced in Missouri University of Science and Technology, and the curriculum was developed by including active learning beside the traditional learning env...",no,cross_sectional_survey,empirical_v2
doi:10.3390/su17219459,10.3390/su17219459,Untangle the Effects of Classroom Environmental Features on Middle-School Students’ Mood Perception with Machine Learning and XAI,2025,Sustainability,light,0,daylight,mood,positive,,medium,abstract_only_reduced_table,abstract_only,"Proper daylighting in educational buildings improves students’ mood and health. However, daylighting can be affected by multiple environmental features, and comprehensive investigations remain limited. This study examined how various classroom environmental features affect students’ mood perception in six classrooms...",no,cross_sectional_survey,unknown
doi:10.3390/biomimetics8010013,10.3390/biomimetics8010013,Teaching Nature and Architecture: Student-Led Account of Biomimicry Innovations in the Tropics.,2023,"Biomimetics (Basel, Switzerland)",light,0,daylight,attention,unknown,,low,abstract_only_reduced_table,abstract_only,"The built environment has a huge carbon footprint, and decarbonizing it is essential in driving our sustainability efforts. We take the approach of biomimicry by working with Master of Architecture students from Taylor's University in Malaysia. The students partake in a 14-week Nature and Architecture design module ...",no,cross_sectional_survey,unknown
doi:10.1177/0143624419899522,10.1177/0143624419899522,Assessing the impact of daylight exposure on sleep quality of people over 65 years old,2020,Building Services Engineering Research and Technology,affect,0,daylight,mood,mixed,,medium,abstract_only_reduced_table,abstract_only,"Due to our social behaviours, people spend at least 80% of their time indoors, mostly under artificial light. In research and building design, daylight is considered a valuable asset because it is the primary source of free, good quality light and it is suggested that it has a positive influence on human performance...",no,cross_sectional_survey,unknown
doi:10.1111/inm.70207,10.1111/inm.70207,"Violence Directed at Healthcare Staff by Children and Adolescents Treated in In‐Patient Psychiatric Wards: Emotional Labor, PTSD Symptoms, and Physical and Mental Fatigue",2025,International Journal of Mental Health Nursing,affect,0,unspecified_environment,mood,unknown,,low,abstract_only_reduced_table,abstract_only;weak_variable_resolution,"ABSTRACT Psychiatric patient violence adversely affects healthcare workers' quality of life and patient quality of care. In contrast to the common adult patient emphasis, the present study was designed to examine the relationship between healthcare staff‐directed verbal and physical violence exhibited by children an...",no,cross_sectional_survey,unknown
doi:10.3390/f15020286,10.3390/f15020286,Restorative Effects of Pocket Parks on Mental Fatigue among Young Adults: A Comparative Experimental Study of Three Park Types,2024,Forests,biophilic,0,biophilia,attention,negative,,medium,abstract_only_reduced_table,abstract_only,"Urban parks have been proven to effectively reduce mental fatigue among city residents; however, there has been less focus on the mental health benefits offered by pocket parks in densely populated areas from a field experiment perspective. Additionally, there is insufficient evidence providing information on the en...",no,cross_sectional_survey,thought_piece
doi:10.1016/j.psychres.2024.116333,10.1016/j.psychres.2024.116333,Pupillary response to blue light as a biomarker of seasonal pattern in Major Depressive Episode: A clinical study using pupillometry.,2025,Psychiatry research,affect,0,daylight,stress,mixed,,medium,abstract_only_reduced_table,abstract_only,"Depressive disorders are characterized by disturbances in light signal processing. More specifically, an alteration of the melanopsin response is suggested. The post-illumination pupillary response (PIPR) to blue light (post-blue PIPR) is increasingly used as a marker of the activity of intrinsically photosensitive ...",no,cross_sectional_survey,unknown
doi:10.1002/hbm.25576,10.1002/hbm.25576,Estimations of the weather effects on brain functions using functional MRI: A cautionary note.,2022,Human brain mapping,light,0,daylight,mood,positive,,medium,abstract_only_reduced_table,abstract_only,"The influences of environmental factors such as weather on the human brain are still largely unknown. A few neuroimaging studies have demonstrated seasonal effects, but were limited by their cross-sectional design or sample sizes. Most importantly, the stability of the MRI scanner has not been taken into account, wh...",no,cross_sectional_survey,empirical_v2
doi:10.5334/jcr.153,10.5334/jcr.153,"Seasonal Variation in Bright Daylight Exposure, Mood and Behavior among a Group of Office Workers in Sweden",2018,Journal of Circadian Rhythms,affect,0,daylight,mood,unknown,,low,abstract_only_reduced_table,abstract_only,The purpose of the study was to investigate seasonal variation in mood and behavior among a group of office workers in Sweden (56°N). Thirty subjects participated in this longitudinal study. The subjects kept a weekly log that included questionnaires for ratings of psychological wellbeing and daily sleep-activity di...,no,cross_sectional_survey,unknown
doi:10.1080/07420528.2024.2381590,10.1080/07420528.2024.2381590,Daylight exposure and mood in real life: Direct association and mediating role of sleep and routine regularity,2024,Chronobiology International,light,0,daylight,mood,positive,,medium,abstract_only_reduced_table,abstract_only,"The light/dark cycle is the main external cue to synchronize the human biological clock. Modern lifestyles typically lead to less daylight exposure and blunted 24 h-amplitude. We evaluated the association of outdoor daylight exposure (frequency, duration, regularity and shift) with chronotype estimated by sleep phas...",no,cross_sectional_survey,unknown
doi:10.15627/jd.2024.22,10.15627/jd.2024.22,Investigation of the Effect of Parametric Patterned Façade and Resulting Daylight Illuminance on Students’ Mood and Task Performance in Architecture Studio-Based Tutoring,2024,Journal of Daylighting,light,0,daylight,productivity,positive,,medium,abstract_only_reduced_table,abstract_only,Parametric design is one of the thriving contemporary architectural treatments that not only has an influence on the design of building envelopes but is capable of affecting the users physically and psychologically. The efficiency of the daylight resulting from the facade is greatly affected by the envelope’s perfor...,no,cross_sectional_survey,conceptual_framework
doi:10.1177/1937586719851271,10.1177/1937586719851271,The Perceptions of Nurses About the Behavioral Needs for Daylighting and View to the Outside in Inpatient Facilities,2020,HERD,light,0,daylight,sleep,positive,,medium,abstract_only_reduced_table,abstract_only,"Objectives: This research aims to explore the perceptions of nursing staff regarding the effects of daylighting on behavioral factors including mood, stress, satisfaction, medical error, and efficiency. Background: In spite of an extensive body of literature seeking to investigate the impact of daylighting on patien...",no,cross_sectional_survey,mixed_methods
doi:10.1080/00038628.2019.1675042,10.1080/00038628.2019.1675042,A study about daylighting knowledge and education in Europe. Results from the first phase of the DAYKE project,2019,Architectural Science Review,light,0,daylight,mood,unknown,,low,abstract_only_reduced_table,abstract_only,"This paper presents selected results from the first stage of DAYKE (Daylight Knowledge in Europe), a 3-phase project that investigates the knowledge on daylighting in buildings among architecture students and practitioners across Europe. Subjective judgements from 561 students from 8 architecture universities in the...",no,cross_sectional_survey,unknown
doi:10.12688/openreseurope.21304.1,10.12688/openreseurope.21304.1,"Physiologically relevant real-world light exposure and its behavioural and environmental determinants in Kumasi, Ghana.",2025,Open research Europe,affect,0,unspecified_environment,sleep,unknown,8,low,abstract_only_reduced_table,abstract_only;n=8;weak_variable_resolution,"Light plays a significant role in human physiology and behaviour, influencing sleep, mood, alertness and overall health. Yet light exposure remains a neglected determinant of health, with most evidence coming from high-income countries. This data note presents a dataset collected in Kumasi, Ghana, between October 20...",no,cross_sectional_survey,unknown
doi:10.1186/s13023-025-04012-8,10.1186/s13023-025-04012-8,Validation of the sunlight exposure diary and the erythropoietic protoporphyria impact questionnaire (EPIQ).,2025,Orphanet journal of rare diseases,affect,0,daylight,mood,unknown,,low,abstract_only_reduced_table,abstract_only,Erythropoietic protoporphyria (EPP) and X-linked protoporphyria (XLP) are rare disorders that can negatively affect one's health-related quality of life (HRQoL) because of pain from phototoxic reactions and the avoidance of sun exposure that is recommended. There is a need for reliable and valid patient-reported out...,no,cross_sectional_survey,unknown
doi:10.1177/0013916596284002,10.1177/0013916596284002,"Assessing Beliefs about Lighting Effects on Health, Performance, Mood, and Social Behavior",1996,Environment and Behavior,light,0,daylight,productivity,unknown,,low,abstract_only_reduced_table,abstract_only,"Energy conservation through the adoption of new, energy-efficient technologies will succeed only to the extent that the new technologies are not themselves perceived as risk sources. Previous research has found that beliefs about the health effects of fluorescent lighting predict compact fluorescent lamp use in home...",no,cross_sectional_survey,unknown
doi:10.23880/eoij-16000166,10.23880/eoij-16000166,Worker Reactions to Electrochromic and Low e Glass Office Windows,2018,Ergonomics International Journal,light,0,daylight,mood,null,268,medium,abstract_only_reduced_table,abstract_only;n=268,"Occupant surveys about the daylight and the visual environment effects of work, satisfaction, health and well-being, were conducted in 5 office buildings with electrochromic glass (n=268) and 2 office buildings with low-e glass (n=-44). Online surveys were administered to volunteer participants. Results showed that ...",no,cross_sectional_survey,unknown
doi:10.2478/czoto-2024-0030,10.2478/czoto-2024-0030,The Impact of Workplace Lighting on Employee Well-Being and Productivity: A Measurement Study,2024,System Safety: Human - Technical Facility - Environment,light,0,daylight,productivity,unknown,,low,abstract_only_reduced_table,abstract_only,"Abstract The quality of workplace lighting is of significant consequence to the well-being and productivity of employees. This study examines the influence of diverse lighting modalities on employee satisfaction and performance within an intelligent building. In building, three primary lighting modes are used: dayli...",no,cross_sectional_survey,unknown
doi:10.1016/j.actpsy.2025.105875,10.1016/j.actpsy.2025.105875,Dental students' visual scene preferences for stress mitigation in clinics: A descriptive study.,2025,Acta psychologica,affect,0,unspecified_environment,stress,unknown,,low,abstract_only_reduced_table,abstract_only;weak_variable_resolution,"Given that dental students are both future clinicians and at elevated risk for dental anxiety (DA), anxiety-reducing design offers dual benefits: supporting students' well-being and improving their capacity to care for anxious patients empathetically. We examined which interior scenes dental students judge most calm...",no,cross_sectional_survey,unknown
doi:10.24017/SCIENCE.2020.2.11,10.24017/SCIENCE.2020.2.11,The The Effect of Architectural Forms on Aesthetic Response : Study Case,2021,,cognition,0,unspecified_environment,cognition,positive,,low,abstract_only_reduced_table,abstract_only;weak_variable_resolution,"This research seeks to identify building exterior characteristics that are best liked, most pleasing, rated beautiful and exciting by architects. A methodology based on mixed research methods was developed. The study sought architect’s preferences for twelve different public buildings. Analysis of 68 responses to th...",no,cross_sectional_survey,unknown
doi:10.1093/asjof/ojad010,10.1093/asjof/ojad010,Potential Effects of Repetitive Panfacial Filler Injections on Facelift Surgery and Surgical Outcomes: Survey Results of the Members of The Aesthetic Society,2023,Aesthetic Surgery Journal Open Forum,other,0,unspecified_environment,unspecified_outcome,mixed,,low,abstract_only_reduced_table,abstract_only;weak_variable_resolution,Abstract Background Facial soft-tissue filler injections are being performed in the United States with increasing popularity. Objectives This study aimed to characterize the observations of The Aesthetic Society members regarding the potential impact of repetitive panfacial fillers on the outcomes of subsequent face...,no,cross_sectional_survey,unknown
doi:10.1515/comp-2025-0026,10.1515/comp-2025-0026,The reform of the teaching mode of aesthetic education for university students based on digital media technology,2025,Open Computer Science,other,0,unspecified_environment,unspecified_outcome,positive,,low,abstract_only_reduced_table,abstract_only;weak_variable_resolution,"Abstract In response to the current problems in teaching aesthetic education, such as a single teaching method and lack of innovation, the study uses digital media technology to improve it. First, Maya software is used to construct a three-dimensional (3D) model of ancient architecture, and then the UNity3D engine i...",no,cross_sectional_survey,theoretical
doi:10.3390/ijerph18147264,10.3390/ijerph18147264,Natural Lighting in Historic Houses during Times of Pandemic. The Case of Housing in the Mediterranean Climate.,2021,International journal of environmental research and public health,light,0,daylight,mood,positive,,medium,abstract_only_reduced_table,abstract_only,"The pandemic generated by the SARS-CoV-2 virus has led to a forced increase in the number of hours spent at home. In many cases, the lockdown situations, both in social and work terms, have meant that homes have suddenly also become workplaces. Based on all the indicators, this new relational scenario in the labor m...",no,cross_sectional_survey,unknown
doi:10.1016/j.scitotenv.2018.06.164,10.1016/j.scitotenv.2018.06.164,Identifying relationships between daylight variables and human preferences in a climate chamber.,2018,The Science of the total environment,light,0,daylight,sleep,unknown,16,low,abstract_only_reduced_table,abstract_only;n=16,"Interactions between human beings and the built environment are mediated by physiological and psychological stimuli, which may interfere in the perception and satisfaction related to indoor comfort variables. The study aims to explore the relationship between daylighting features and possible impacts on humans in re...",no,cross_sectional_survey,empirical_v2
doi:10.1016/j.sbspro.2013.10.283,10.1016/j.sbspro.2013.10.283,Lighting does Matter: Preliminary Assessment on Office Workers,2013,Procedia - Social and Behavioral Sciences,light,0,daylight,productivity,positive,,medium,abstract_only_reduced_table,abstract_only,"Correlated color temperatures (CCT) of light play an important role in human psychological and physiological needs. This study aims is to find out the effects of warm white (WW), cool white (CW) and artificial daylight (DL) on worker's performances, alertness, visual comfort and preferences. With the use of eye trac...",no,cross_sectional_survey,empirical_v2
doi:10.30880/ijscet.2022.13.02.021,10.30880/ijscet.2022.13.02.021,"A Study of Daylighting Impact at Inpatient Ward, Seri Manjung Hospital",2022,International Journal of Sustainable Construction Engineering Technology,light,0,daylight,attention,positive,,medium,abstract_only_reduced_table,abstract_only,"Over the past few decades, there has been a growing interest in passive design strategies in the built environment, such as daylight. Using sunlight as the source, passive daylighting aims to provide effective natural lighting into the building while retaining maximum visual comfort without using mechanical equipmen...",no,cross_sectional_survey,unknown
doi:10.4028/www.scientific.net/aef.10.77,10.4028/www.scientific.net/aef.10.77,"Alertness, Visual Comfort, Subjective Preference and Task Performance Assessment under Three Different Light's Colour Temperature among Office Workers",2013,Advanced engineering forum,light,0,daylight,productivity,positive,,medium,abstract_only_reduced_table,abstract_only,"Different CCT provided by different lighting are important in affecting human beings psychologically and physiologically, as well as visual and non-visual processes. This study aim in finding out the effects of warm white (WW) light (CCT=2700K), cool white (CW) light (CCT=4000K) and artificial Daylight (CCT=6200K) o...",no,cross_sectional_survey,empirical_v2
doi:10.1080/00038628.2024.2348158,10.1080/00038628.2024.2348158,The effects of personal control and perceived thermal comfort on occupant psychological health at the workplace,2024,Architectural Science Review,thermal,0,thermal,unspecified_outcome,positive,,low,abstract_only_reduced_table,abstract_only;weak_variable_resolution,"Personal control is an important influencing factor for perceived thermal comfort due to its physical and psychological impacts on occupants. However, an increasing body of research on personal control continues to place more emphasis on the physical consequences than the psychological implications for the occupant'...",no,cross_sectional_survey,unknown
doi:10.1002/col.70005,10.1002/col.70005,"Effects of Ambient and Display Lighting Color on Risk‐Taking Behavior, Perceived Emotional States, and Visual Quality of Indoor Environment",2025,Color Research &amp; Application,affect,0,daylight,mood,null,,medium,abstract_only_reduced_table,abstract_only,"Lighting from architectural fixtures and screens can have impacts beyond visual perception, such as occupants' cognitive functions and emotional states. Despite the ubiquity of electric lighting in most indoor environments and the importance of risk‐taking behavior as a decision mechanism, it is surprising that the ...",no,cross_sectional_survey,theoretical
doi:10.1109/access.2019.2909530,10.1109/access.2019.2909530,Unmanned Aerial Vehicles (UAVs): A Survey on Civil Applications and Key Research Challenges,2019,IEEE Access,other,0,unspecified_environment,unspecified_outcome,negative,,low,abstract_only_reduced_table,abstract_only;weak_variable_resolution,"&lt;p dir=""ltr""&gt;The use of unmanned aerial vehicles (UAVs) is growing rapidly across many civil application domains, including real-time monitoring, providing wireless coverage, remote sensing, search and rescue, delivery of goods, security and surveillance, precision agriculture, and civil infrastructure inspect...",no,cross_sectional_survey,unknown
doi:10.1097/EE9.0000000000000359,10.1097/EE9.0000000000000359,A cross-sectional study characterizing the prevalence of utility service outages across demographic characteristics and health correlates in New York City.,2025,"Environmental epidemiology (Philadelphia, Pa.)",thermal,0,thermal,unspecified_outcome,unknown,,low,abstract_only_reduced_table,abstract_only;weak_variable_resolution,"Utility services for electricity, gas, heat, and hot water are necessities for everyday activities (e.g., lighting, cooking, and thermal safety). Utility outages can threaten health; however, information is limited on the prevalence of electricity, gas, heat, and hot water outages in representative studies. We chara...",no,cross_sectional_survey,empirical_v2
doi:10.1038/s41598-023-48241-y,10.1038/s41598-023-48241-y,An inventory of human light exposure behaviour.,2023,Scientific reports,other,0,unspecified_environment,mood,unknown,428,low,abstract_only_reduced_table,abstract_only;n=428;weak_variable_resolution,"Light exposure is an essential driver of health and well-being, and individual behaviours during rest and activity modulate physiologically relevant aspects of light exposure. Further understanding the behaviours that influence individual photic exposure patterns may provide insight into the volitional contributions...",no,cross_sectional_survey,theoretical
doi:10.3390/su172210412,10.3390/su172210412,Lighting Preferences of Interior Users with Different Personality Traits: Pilot Study,2025,Sustainability,light,0,daylight,attention,mixed,,medium,abstract_only_reduced_table,abstract_only,"In the era of recognising the adverse effects of our activities on the climate, more and more attention is being paid to designing sustainable solutions. The assumptions during such sustainable designs often do not fulfil the user’s needs and comfort. Therefore, we frequently encounter the discrepancies concerning h...",no,cross_sectional_survey,unknown
doi:10.1146/annurev.energy.26.1.83,10.1146/annurev.energy.26.1.83,E<scp>NERGY</scp> C<scp>ONSERVATION IN</scp> C<scp>HINESE</scp> R<scp>ESIDENTIAL</scp> B<scp>UILDINGS</scp>: Progress and Opportunities in Design and Policy,2001,Annual Review of Energy and the Environment,light,0,daylight,attention,mixed,,medium,abstract_only_reduced_table,abstract_only,"▪ Abstract Energy conservation in Chinese residential buildings merits attention in part due to China's large population, increased standard of living, and high volume of construction. This paper focuses on three major themes: issues exerting an upward pressure on residential energy use, policy for promoting energy ...",no,cross_sectional_survey,unknown
doi:10.1109/LS2463127.2024.10880860,10.1109/LS2463127.2024.10880860,Preserving Visual Comfort in Office Spaces: Utilizing Digital Building Twins,2024,2024 IEEE Sustainable Smart Lighting World Conference & Expo (LS24),light,0,daylight,attention,unknown,,low,abstract_only_reduced_table,abstract_only,"Visual comfort in office buildings is a crucial aspect of asset management. Achieving visual comfort involves a balanced combination of daylight and electric light. Efficiently evaluating visual comfort both subjectively and objectively (i.e., through surveys and lighting measurements) and dynamically communicating ...",no,cross_sectional_survey,case_study
doi:10.1177/14771535251366853,10.1177/14771535251366853,Autistic people’s perception of interior electric lighting systems: An initial study,2025,Lighting Research &amp; Technology,acoustic,0,daylight,unspecified_outcome,positive,,low,abstract_only_reduced_table,abstract_only;weak_variable_resolution,This mixed-methods research used participatory photography with an online questionnaire to collect data on autistic people’s response to lighting systems in the everyday built environment. It was designed to be accessible to autistic participants and accommodate the needs of this autistic researcher. Four main theme...,no,cross_sectional_survey,mixed_methods
doi:10.3133/mcs2021,10.3133/mcs2021,Mineral commodity summaries 2021,2021,,other,0,unspecified_environment,unspecified_outcome,positive,,low,abstract_only_reduced_table,abstract_only;weak_variable_resolution,"First posted February 1, 2021 For additional information, contact: Director, National Minerals Information CenterU.S. Geological Survey12201 Sunrise Valley Drive988 National CenterReston, VA 20192Email: nmicrecordsmgt@usgs.gov Each mineral commodity chapter of the 2021 edition of the U.S. Geological Survey (USGS) Mi...",no,cross_sectional_survey,unknown
doi:10.1080/15502724.2020.1851606,10.1080/15502724.2020.1851606,Association between Perceived Daylit Area and Self-reported Frequency of Electric Lighting Use in Multi-dwelling Buildings,2021,LEUKOS The Journal of the Illuminating Engineering Society of North America,light,0,daylight,unspecified_outcome,unknown,225,low,abstract_only_reduced_table,abstract_only;n=225;weak_variable_resolution,"ABSTRACT This paper examines the association between daytime electric lighting use and perceived indoor daylight availability in residential spaces. In addition, occupant preferences were evaluated, in particular which rooms are prioritized in terms of daylight availability. The study deployed a questionnaire survey...",no,cross_sectional_survey,unknown
doi:10.1186/s13195-024-01464-1,10.1186/s13195-024-01464-1,Associations of plasma neurofilament light chain with cognition and neuroimaging measures in community-dwelling early old age men.,2024,Alzheimer's research & therapy,other,0,unspecified_environment,unspecified_outcome,unknown,,low,abstract_only_reduced_table,abstract_only;weak_variable_resolution,"Plasma neurofilament light chain (NfL) is a promising biomarker of neurodegeneration with potential clinical utility in monitoring the progression of neurodegenerative diseases. However, the cross-sectional associations of plasma NfL with measures of cognition and brain have been inconsistent in community-dwelling p...",no,cross_sectional_survey,empirical_v2
doi:10.1161/HYPERTENSIONAHA.119.14307,10.1161/HYPERTENSIONAHA.119.14307,"Associations of Arterial Stiffness With Cognitive Performance, and the Role of Microvascular Dysfunction: The Maastricht Study.",2020,"Hypertension (Dallas, Tex. : 1979)",cognition,0,unspecified_environment,cognition,mixed,,low,abstract_only_reduced_table,abstract_only;weak_variable_resolution,"The mechanisms underlying cognitive impairment are incompletely understood but may include arterial stiffness and microvascular dysfunction. In the population-based Maastricht Study, we investigated the association between arterial stiffness and cognitive performance, and whether any such association was mediated by...",no,cross_sectional_survey,theoretical
doi:10.1161/HYPERTENSIONAHA.119.13023,10.1161/HYPERTENSIONAHA.119.13023,Microvascular Dysfunction Is Associated With Worse Cognitive Performance: The Maastricht Study.,2020,"Hypertension (Dallas, Tex. : 1979)",cognition,0,thermal,cognition,mixed,,medium,abstract_only_reduced_table,abstract_only,"Microvascular dysfunction may be associated with worse cognitive performance. Most previous studies did not adjust for important confounders, evaluated only individual measures of microvascular dysfunction, and showed inconsistent results. We evaluated the association between a comprehensive set of measures of micro...",no,cross_sectional_survey,empirical_v2
doi:10.1088/1742-6596/3140/10/102002,10.1088/1742-6596/3140/10/102002,What may actually differentiate daylight from electric light in driving non-visual effects? An experimental approach to start lifting the veil,2025,Journal of Physics: Conference Series,light,0,daylight,mood,unknown,,low,abstract_only_reduced_table,abstract_only,"Daylight plays a central role in synchronizing the human circadian system, exerting profound non-visual effects on physiology, cognition, and emotional well-being. While most research on these effects has relied on artificial lighting in tightly controlled laboratory settings, such conditions fail to capture the spe...",no,cross_sectional_survey,empirical_v2
doi:10.35784/bud-arch.6953,10.35784/bud-arch.6953,Natural and hybrid lighting effects on architecture students' creativity: a case study in Mostaganem,2025,Budownictwo i Architektura,light,0,daylight,productivity,positive,,medium,abstract_only_reduced_table,abstract_only,"Lighting is a critical factor influencing creativity and productivity in educational environments, particularly for architecture students, whose work demands both technical precision and imaginative exploration. This study investigates the impact of architectural design and lighting conditions on creativity within e...",no,cross_sectional_survey,case_study
doi:10.21831/jee.v7i1.60894,10.21831/jee.v7i1.60894,The Feasibility of the Smart Building Training Kit as Learning Media for Electrical Lighting Installation Practices in Vocational High Schools,2023,Jurnal edukasi elektro,air,0,daylight,unspecified_outcome,unknown,,low,abstract_only_reduced_table,abstract_only;weak_variable_resolution,"The purposes of this study are: (1) to produce smart building training kit products, and (2) to find out the feasibility of the smart building trainer kit as a learning medium for Electrical Lighting Installation Practices in Vocational High Schools (VHS). This research employed the research and development (R D) wi...",no,cross_sectional_survey,interview_study
doi:10.11648/j.jhrm.20170501.12,10.11648/j.jhrm.20170501.12,The Effect of Work Environment on Job Satisfaction: Evidence from the Banking Sector in Ghana,2017,Journal of Human Resource Management,affect,0,unspecified_environment,productivity,positive,,low,abstract_only_reduced_table,abstract_only;weak_variable_resolution,"This paper examined the effect of work environment on job satisfaction with the spotlight on a merchant bank in Ghana. Among other objectives, the paper set out to ascertain the impact of physical and mental environment on employees’ performance, to know the overall satisfaction level of employees in the bank and st...",no,cross_sectional_survey,unknown
doi:10.56294/hl2024.438,10.56294/hl2024.438,"Relationship between mental fatigue and cognitive functions in energized line workers of electric sector companies in Aragua State-Venezuela, 2024",2024,Health Leadership and Quality of Life,cognition,0,unspecified_environment,cognition,mixed,,low,abstract_only_reduced_table,abstract_only;weak_variable_resolution,Introduction: Understanding the physical and mental state of operational personnel in the electrical sector was essential to ensure health and prevent workplace accidents. This research analyzed the relationship between mental fatigue and cognitive functions in energized line workers of electric companies in Aragua ...,no,cross_sectional_survey,empirical_v2
doi:10.5812/jhrt-118006,10.5812/jhrt-118006,"Evaluating the Level of Lighting Satisfaction and Determining Degrees of Visual Fatigue, Mental Task Load, Sleepiness, and Sleep Quality in Students",2022,Journal of Health Reports and Technology,light,0,daylight,sleep,positive,,medium,abstract_only_reduced_table,abstract_only,": Lighting affects humans in many ways, including intelligence, body temperature, and sleep patterns. This study aimed to evaluate lighting satisfaction, mental task load, visual fatigue, and sleep quality in students. The present cross-sectional study was conducted on 100 students of Saveh Faculty of Nursing and Mi...",no,cross_sectional_survey,empirical_v2
doi:10.1177/14771535241259763,10.1177/14771535241259763,"Effects of lighting on visual ergonomics, visual perception and psychological responses in windowless offices",2024,Lighting Research &amp; Technology,light,0,daylight,mood,unknown,,low,abstract_only_reduced_table,abstract_only,"This study aims to explore the impact of electric lighting systems in windowless workplaces on visual ergonomics and visual psychological perception. Although the electric lighting system of windowless offices is a critical environmental feature that affects visual ergonomics and visual psychological perception, the...",no,cross_sectional_survey,theoretical
doi:10.3233/wor-210301,10.3233/wor-210301,Working from home during the COVID-19 pandemic: Impact on office worker productivity and work experience,2021,Work,affect,0,unspecified_environment,productivity,positive,,low,abstract_only_reduced_table,abstract_only;weak_variable_resolution,"BACKGROUND: With the COVID-19 pandemic, organizations embraced Work From Home (WFH). An important component of transitioning to WFH is the effect on workers, particularly related to their productivity and work experience. OBJECTIVES: The objective of this study is to examine how worker-, workspace-, and work-related...",no,cross_sectional_survey,unknown
doi:10.53730/ijhs.v6ns2.5146,10.53730/ijhs.v6ns2.5146,Environmental evaluation of the lighting system at building Z of the ITVH,2022,International Journal of Health Sciences,affect,0,daylight,mood,mixed,,medium,abstract_only_reduced_table,abstract_only,"The ability of human beings to adapt to the environment is amazing, it is a fact that the comfort, mood and performance of students are affected by light. Insufficient, irregular lighting, excessive contrasts and reflections cause fatigue to appear much earlier in students. This analysis consists of a field visit, a...",no,cross_sectional_survey,unknown
doi:10.3389/fnagi.2021.623607,10.3389/fnagi.2021.623607,Acoustic and Language Based Deep Learning Approaches for Alzheimer's Dementia Detection From Spontaneous Speech.,2021,Frontiers in aging neuroscience,acoustic,0,noise,cognition,positive,,medium,abstract_only_reduced_table,abstract_only,"Current methods for early diagnosis of Alzheimer's Dementia include structured questionnaires, structured interviews, and various cognitive tests. Language difficulties are a major problem in dementia as linguistic skills break down. Current methods do not provide robust tools to capture the true nature of language ...",no,cross_sectional_survey,interview_study
doi:10.1177/14771535251314433,10.1177/14771535251314433,"Effects of lighting on task performance, stress and thermal sensation in working environments",2025,Lighting Research &amp; Technology,thermal,0,thermal,productivity,mixed,,medium,abstract_only_reduced_table,abstract_only,"Studies have shown that the correlated colour temperature (CCT) of light significantly influences individuals engaged in study and work activities. However, the impact of CCT on stress and task performance, particularly when considering subjective preferences and experiences, has been explored only to a limited exte...",no,cross_sectional_survey,empirical_v2
doi:10.1038/s41598-022-05466-7,10.1038/s41598-022-05466-7,Automated shape-transformable self-solar-tracking tessellated crystalline Si solar cells using in-situ shape-memory-alloy actuation.,2022,Scientific reports,thermal,0,daylight,cognition,positive,,medium,abstract_only_reduced_table,abstract_only,"Photovoltaic energy systems in urban situations need to achieve both high electricity production and high capacity in restricted installation areas. To maximize power output, solar-tracking systems tilt solar arrays to track the sun's position, and typically flat modules are used to maximize the cross-sectional area...",no,cross_sectional_survey,empirical_v2
doi:10.1177/14771535241287075,10.1177/14771535241287075,Application of pre-programmed lighting control scenarios: A mixed-methods pilot study in Swedish residential environments,2024,Lighting Research &amp; Technology,light,0,daylight,sleep,positive,,medium,abstract_only_reduced_table,abstract_only,"Everyday light exposure plays a vital role in circadian entrainment, especially during twilight. Electric lighting can supplement daylight anytime, enabling unlimited human activity; hence, many struggle to combine a healthy sleep regime with social constraints. Dusk/dawn simulators have been developed to compensate...",no,cross_sectional_survey,mixed_methods
doi:10.33383/2023-046,10.33383/2023-046,Lighting for Green Walls,2024,Light &amp; Engineering,biophilic,0,daylight,unspecified_outcome,unknown,,low,abstract_only_reduced_table,abstract_only;weak_variable_resolution,"This study demonstrates the possibility of growing green walls in normal commercial building environments with lighting designed primarily for aesthetic reasons, rather than the promotion of plant growth. Lighting is a key resource required for the growth and maintenance of robust green walls within interior environ...",no,cross_sectional_survey,unknown
doi:10.1080/13546805.2024.2335103,10.1080/13546805.2024.2335103,Pattern glare sensitivity distinguishes subclinical autism and schizotypy,2024,Cognitive Neuropsychiatry,other,0,unspecified_environment,unspecified_outcome,unknown,,low,abstract_only_reduced_table,abstract_only;weak_variable_resolution,"ABSTRACT Introduction Schizophrenia and autism spectrum disorder are distinct neurodevelopmental disorders sharing clinically relevant behaviours. However, early sensory responses show divergent responses. Individuals with schizophrenia typically exhibit cortical hypo-excitability whereas individuals with autism sho...",no,cross_sectional_survey,unknown
doi:10.24928/2025/0141,10.24928/2025/0141,Feasibility of Eye-trackers for Monitoring Cognitive Load in Lean Construction 4.0,2025,Annual Conference of the International Group for Lean Construction,light,0,daylight,productivity,mixed,,medium,abstract_only_reduced_table,abstract_only,"The dynamic nature of construction environments imposes significant cognitive demands on workers lead to loss of productivity and safety risks. Optimizing cognitive capacity aligns with lean construction principles by reducing waste, overburden and enhancing workers’ wellbeing, safety, and productivity. This study a...",no,cross_sectional_survey,theoretical
doi:10.1016/j.ynirp.2025.100271,10.1016/j.ynirp.2025.100271,Headache-specific hyperexcitation sensitises and habituates on different time scales: An event related potential study of pattern-glare.,2025,Neuroimage. Reports,other,0,unspecified_environment,unspecified_outcome,positive,,low,abstract_only_reduced_table,abstract_only;weak_variable_resolution,"Cortical hyperexcitability is a key pathophysiological feature in several neurological disorders, including migraine, epilepsy, tinnitus, and Alzheimer's disease. We examined the temporal characteristics of Event Related Potentials (ERPs) in a healthy population using the Pattern Glare Test, a diagnostic tool used t...",no,cross_sectional_survey,empirical_v2
doi:10.1016/bs.pbr.2025.02.003,10.1016/bs.pbr.2025.02.003,Case studies of the migraine aura in the blind or partially sighted.,2025,Progress in brain research,acoustic,0,unspecified_environment,stress,mixed,,low,abstract_only_reduced_table,abstract_only;weak_variable_resolution,Visual Aura symptoms are particularly intriguing when manifesting in the severely visually impaired. Presented here are eight case reports of the migraine aura experienced by those who are blind or partially sighted. The migraine aura consists of fully reversible neurological symptoms that typically precede the migr...,no,cross_sectional_survey,case_study
doi:10.26668/businessreview/2022.v7i2.437,10.26668/businessreview/2022.v7i2.437,"Energy Savings and Human Performance, Transition Towards Efficient Lighting in Commercial Buildings",2022,International Journal of Professional Business Review,affect,0,daylight,productivity,null,,medium,abstract_only_reduced_table,abstract_only,"Purpose: Evaluate human performance under LED lighting system in commercial building regarding:-Visual Performance (VP), Motor Performance (MP), Task Performance (TP), Cognitive Performance, Human Performance, and Work Life. To assess the direct effect between Cognitive Performance and Human Performance To identify ...",no,cross_sectional_survey,conceptual_framework
doi:10.1108/ci-07-2022-0164,10.1108/ci-07-2022-0164,Cyber-physical systems and digital twins for “cognitive building” in the construction industry,2023,Construction Innovation,cognition,0,unspecified_environment,productivity,positive,,low,abstract_only_reduced_table,abstract_only;weak_variable_resolution,"Purpose
Despite the growing attention on the relevance of improved building management systems with cognition in recent years in the architecture, engineering, construction and operation (AECO) community, no review has been conducted to understand the human-environment interaction features of cyber-physical systems ...",no,cross_sectional_survey,unknown
doi:10.1108/jsbed-11-2022-0482,10.1108/jsbed-11-2022-0482,"The role of social media in building trust, self-perceived creativity and satisfaction for millennial entrepreneurs",2023,Journal of Small Business and Enterprise Development,other,0,unspecified_environment,unspecified_outcome,unknown,,low,abstract_only_reduced_table,abstract_only;weak_variable_resolution,"PurposeThis study aims to investigate the role of social media in increasing trust, self-perceived creativity and millennial entrepreneurial satisfaction.Design/methodology/approachThe empirical analysis was conducted using a sample of 385 millennial entrepreneurs that were recruited for online survey. After conduct...",no,cross_sectional_survey,theoretical
doi:10.21511/ppm.21(2).2023.34,10.21511/ppm.21(2).2023.34,Building creativity in the television industry: The mediating role of meaning of work,2023,Problems and Perspectives in Management,cognition,0,unspecified_environment,attention,positive,,low,abstract_only_reduced_table,abstract_only;weak_variable_resolution,Creative human resources are becoming urgent amidst development in recent decades. The television industry has been one that faces the challenge with the emergence of new platforms offering variety and ease of information. Hence this study aims to test the direct effect of perceived organizational support on employe...,no,cross_sectional_survey,unknown
doi:10.1115/1.4052822,10.1115/1.4052822,Associations Among Home Indoor Environmental Quality Factors and Worker Health While Working From Home During COVID-19 Pandemic,2021,ASME Journal of Engineering for Sustainable Buildings and Cities,thermal,0,daylight,stress,positive,,medium,abstract_only_reduced_table,abstract_only,"Abstract The outbreak of SARS-CoV-2 virus forced office workers to conduct their daily work activities from home over an extended period. Given this unique situation, an opportunity emerged to study the satisfaction of office workers with indoor environmental quality (IEQ) factors of their houses where work activiti...",no,cross_sectional_survey,unknown
doi:10.2340/16501977-2570,10.2340/16501977-2570,"Vision-related symptoms after acquired brain injury: Association with mental fatigue, anxiety and depression.",2019,Journal of Rehabilitation Medicine,affect,0,unspecified_environment,stress,positive,,low,abstract_only_reduced_table,abstract_only;weak_variable_resolution,"BACKGROUND
Brain injury causes multiple symptoms. Among these, visual disturbances are common; 50-70% of patients experience some change in vision after injury/illness. Other very common and disabling symptoms are fatigue, anxiety and depression. This study examines whether levels of fatigue, anxiety and depression ...",no,cross_sectional_survey,unknown
doi:10.1371/journal.pone.0242172,10.1371/journal.pone.0242172,Linking nighttime outdoor lighting attributes to pedestrians' feeling of safety: An interactive survey approach,2020,PLoS ONE,light,0,daylight,productivity,positive,,medium,abstract_only_reduced_table,abstract_only,"Public space lighting (PSL) contributes to pedestrians’ feeling of safety (FoS) in urban areas after natural dark. However, little is known how different PSL attributes, such as illuminance, light temperature, uniformity and glare, affect people's FoS in different contextual settings. The present study aims to bridg...",no,cross_sectional_survey,unknown
doi:10.47536/jcrm.v3i2.891,10.47536/jcrm.v3i2.891,Factors affecting perpendicular sighting distances on shipboard line-transect surveys for cetaceans,2023,The journal of cetacean research and management. Special issue,affect,0,unspecified_environment,mood,positive,,low,abstract_only_reduced_table,abstract_only;weak_variable_resolution,"Factors that affect cetacean perpendicular sighting distances are investigated using a Generalised Additive Modelling (GAM) framework to analyse 8,203 sightings of 34 cetacean species seen on 200,000km of shipboard line-transect surveys in the eastern Pacific in 1986-96. Perpendicular sighting distance is modelled a...",no,cross_sectional_survey,conceptual_framework
doi:10.15627/jd.2026.1,10.15627/jd.2026.1,Effects of Urban Obstructions on Spatial Daylight Autonomy (sDA) and Daylight Glare Probability (DGP) in Tropical Mid-rise Housings,2026,Journal of Daylighting,light,0,daylight,productivity,negative,,medium,abstract_only_reduced_table,abstract_only,"The limited research on obstruction-driven daylight reduction continues to hinder efforts to optimize natural daylight in compact mid-rise residential buildings. This study systematically examines how features of nearby obstructions, such as height, surface reflectance, and distance, along with street width, affect ...",no,cross_sectional_survey,unknown
doi:10.1080/00140139.2025.2477622,10.1080/00140139.2025.2477622,"Effect of heart rate, correlated colour temperature and illuminance on human visual perception under LED lighting environments.",2025,Ergonomics,thermal,0,thermal,mood,unknown,,low,abstract_only_reduced_table,abstract_only,"Lighting environments with different correlated colour temperatures (CCTs) and illuminance levels not only give different subjective perceptions but also affect physiological parameters. However, previous studies have rarely considered the interaction between participants' physiological state and psychological feeli...",no,cross_sectional_survey,unknown
doi:10.1016/j.sbspro.2012.09.386,10.1016/j.sbspro.2012.09.386,Indoor Environmental Quality for UKM Architecture Studio: An Analysis on Lighting Performance,2012,Procedia - Social and Behavioral Sciences,air,0,daylight,mood,positive,,medium,abstract_only_reduced_table,abstract_only,"Lighting can be efficiently used to maximize occupant comfort, and to conserve energy. This paper focuses on lighting in UKM architecture studio space in order to achieve better IEQ. Good design for building requires sufficient daylight for tasks performed within a space. This is achieved by providing enough means t...",no,cross_sectional_survey,thought_piece
doi:10.5539/ass.v8n16p174,10.5539/ass.v8n16p174,The Architecture Studio of Universiti Kebangsaan Malaysia (UKM): Has the Indoor Environmental Quality Standard Been Achieved?,2012,Asian Social Science,air,0,air_quality,attention,positive,,medium,abstract_only_reduced_table,abstract_only,"Studio-based learning is a shared learning environment in which ambiguous problems are addressed. This paper primarily focused on the lightings at the Universiti Kebangsaan Malaysia (UKM)'s architecture studio and to find out whether it had achieved the Indoor Environmental Quality (IEQ). A good design, involving a ...",no,cross_sectional_survey,thought_piece
doi:10.1016/j.visres.2025.108668,10.1016/j.visres.2025.108668,What are the most salient visuoperceptual reading symptoms to identify visual stress in adults? Using exploratory factor analysis to develop the Ulster visual stress questionnaire.,2025,Vision research,affect,0,unspecified_environment,stress,negative,,low,abstract_only_reduced_table,abstract_only;weak_variable_resolution,"Visual Stress (VS) is a reading disorder characterised by visuoperceptual distortion symptoms experienced when reading. VS diagnosis is on an ad-hoc basis, with symptomology and diagnostic criteria poorly understood. This study investigated reading symptoms in adults to develop a clinically useful questionnaire for ...",no,cross_sectional_survey,unknown
doi:10.51583/ijltemas.2025.1407000017,10.51583/ijltemas.2025.1407000017,“Examining the Impact of Lighting Design on Employee Efficiency in A Nigerian Stock Exchange Building”,2025,International Journal of Latest Technology in Engineering Management &amp; Applied Science,affect,0,daylight,productivity,mixed,,medium,abstract_only_reduced_table,abstract_only,"Abstract: Lighting design plays a pivotal role in shaping workplace environments, influencing both the productivity and well-being of employees. This study examines the impact of lighting design on employee efficiency within the Nigerian Stock Exchange (NSE) building. The research aims to understand how lighting con...",no,cross_sectional_survey,unknown
doi:10.3390/architecture5030066,10.3390/architecture5030066,Reflective Facades’ Impacts on Visual Perception and Psychological Responses,2025,Architecture,affect,0,unspecified_environment,stress,unknown,,low,abstract_only_reduced_table,abstract_only;weak_variable_resolution,"While increasingly popular for their aesthetic appeal and energy efficiency, reflective materials may also create harsh glare, disorientation, and psychological strain. Despite their prevalence in modern architectural design, the impact of these facades on mental well-being remains underexplored. Drawing from enviro...",no,cross_sectional_survey,unknown
doi:10.7176/cer/14-4-05,10.7176/cer/14-4-05,"Users’ Perception of Artificial Lighting in Interior Spaces: A Case Study of Office Buildings in F.U.T, Akure, Nigeria",2022,Civil and environmental research,light,0,daylight,unspecified_outcome,positive,,low,abstract_only_reduced_table,abstract_only;weak_variable_resolution,"Lighting is a significant component in interior design due to its ability to enhance aesthetic value and create the feeling and ambience of a living space. The perception of a user is also an important factor to consider when designing the lighting of a space. Seventy (70) questionnaires were administered, and fifty...",no,cross_sectional_survey,case_study
doi:10.37868/hsd.v7i2.1271,10.37868/hsd.v7i2.1271,The impact of artificial lighting on improving the visual experience of museum visitors: A case study of Sharjah Museum of Islamic Civilization,2025,Heritage and Sustainable Development,light,0,daylight,attention,mixed,,medium,abstract_only_reduced_table,abstract_only,"Lighting is a crucial element in museum design, directly influencing visitors’ psychological responses, visual experience, and overall satisfaction. Despite its significance, limited research exists on artificial lighting in museums within the United Arab Emirates. This study addresses that gap by examining the impa...",no,cross_sectional_survey,case_study
doi:10.1093/ajcn/23.7.868,10.1093/ajcn/23.7.868,'Healing architecture': A study of daylight in public hospital designs in Malaysia,2010,,light,0,daylight,stress,mixed,,medium,abstract_only_reduced_table,abstract_only,"In the hospital building, where patients seek medical treatment and hospital staff provide continuous support, creating a healing environment is an imperative. However, it appears that the ultimate aim to create a healing environment is not given due attention by healthcare designers. Patients’ negative experiences ...",no,cross_sectional_survey,mixed_methods
doi:10.1038/srep41155,10.1038/srep41155,Atypical sensory sensitivity as a shared feature between synaesthesia and autism.,2017,Scientific reports,acoustic,0,noise,stress,mixed,,medium,abstract_only_reduced_table,abstract_only,"Several studies have suggested that there is a link between synaesthesia and autism but the nature of that link remains poorly characterised. The present study considers whether atypical sensory sensitivity may be a common link between the conditions. Sensory hypersensitivity (aversion to certain sounds, touch, etc....",no,cross_sectional_survey,unknown
doi:10.1016/j.concog.2025.103974,10.1016/j.concog.2025.103974,Comparing the characteristics of hallucinations and mental imagery: a large cross-sectional study in the general population.,2026,Consciousness and cognition,cognition,0,unspecified_environment,stress,positive,,low,abstract_only_reduced_table,abstract_only;weak_variable_resolution,"Hallucinations (HAs), the perceptual experiences that occur without external stimuli, are classically associated with psychiatric disorders, but also occur in the general population. Involuntary mental imagery (IMI), the spontaneous occurrence of visual or auditory mental content, shares several features with HAs. T...",no,cross_sectional_survey,phenomenological
doi:10.1017/s0140525x0999094x,10.1017/s0140525x0999094x,The myth of language universals: Language diversity and its importance for cognitive science,2009,Behavioral and Brain Sciences,acoustic,0,noise,cognition,positive,,medium,abstract_only_reduced_table,abstract_only,"Abstract Talk of linguistic universals has given cognitive scientists the impression that languages are all built to a common pattern. In fact, there are vanishingly few universals of language in the direct sense that all languages exhibit them. Instead, diversity can be found at almost every level of linguistic org...",no,cross_sectional_survey,thought_piece
doi:10.54855/979-8-9870112-9-4_5,10.54855/979-8-9870112-9-4_5,The Effects of Shadowing Technique on Students' Pronunciation of -ED Ending Sounds: The Case of Saigon University,2025,ICTE Conference Proceedings,acoustic,0,noise,cognition,positive,,medium,abstract_only_reduced_table,abstract_only,"The shadowing technique has been recognized as an effective learning method for enhancing listening and speaking skills. However, research on the effects of shadowing on ending sounds, especially the -ed ending, has been limited. This research investigated the English Major Juniors’ perception of using the shadowing...",no,cross_sectional_survey,mixed_methods
doi:10.1017/S0033291725102651,10.1017/S0033291725102651,Associations between early life adversity and the development of gray matter macrostructure and microstructure,2025,Psychological Medicine,cognition,0,unspecified_environment,cognition,mixed,,low,abstract_only_reduced_table,abstract_only;weak_variable_resolution,"Abstract Background Early life adversity (ELA) is common and cross-sectionally associated with brain gray matter structure, including cortical thickness, cortical surface area, and subcortical volumes in childhood. However, to which degree ELA influences the trajectory of gray matter macrostructural and microstructu...",no,cross_sectional_survey,empirical_v2
doi:10.1038/s41586-022-04492-9,10.1038/s41586-022-04492-9,Reproducible brain-wide association studies require thousands of individuals,2022,Nature,cognition,0,unspecified_environment,cognition,mixed,,low,abstract_only_reduced_table,abstract_only;weak_variable_resolution,"Magnetic resonance imaging (MRI) has transformed our understanding of the human brain through well-replicated mapping of abilities to specific structures (for example, lesion studies) and functions1–3 (for example, task functional MRI (fMRI)). Mental health research and care have yet to realize similar advances from...",no,cross_sectional_survey,unknown
doi:10.3390/drones3030055,10.3390/drones3030055,Illumination Geometry and Flying Height Influence Surface Reflectance and NDVI Derived from Multispectral UAS Imagery,2019,Drones,biophilic,0,daylight,attention,mixed,,medium,abstract_only_reduced_table,abstract_only,"Small unmanned aerial systems (UAS) have allowed the mapping of vegetation at very high spatial resolution, but a lack of standardisation has led to uncertainties regarding data quality. For reflectance measurements and vegetation indices (Vis) to be comparable between sites and over time, careful flight planning an...",no,cross_sectional_survey,unknown
doi:10.1523/jneurosci.04-08-02051.1984,10.1523/jneurosci.04-08-02051.1984,Stimulus-selective properties of inferior temporal neurons in the macaque,1984,Journal of Neuroscience,other,0,unspecified_environment,unspecified_outcome,negative,,low,abstract_only_reduced_table,abstract_only;weak_variable_resolution,"Previous studies have reported that some neurons in the inferior temporal (IT) cortex respond selectively to highly specific complex objects. In the present study, we conducted the first systematic survey of the responses of IT neurons to both simple stimuli, such as edges and bars, and highly complex stimuli, such ...",no,cross_sectional_survey,theoretical
doi:10.1109/tpami.2013.230,10.1109/tpami.2013.230,Visual Tracking: An Experimental Survey,2014,IEEE Transactions on Pattern Analysis and Machine Intelligence,other,0,daylight,productivity,unknown,,low,abstract_only_reduced_table,abstract_only,"There is a large variety of trackers, which have been proposed in the literature during the last two decades with some mixed success. Object tracking in realistic scenarios is a difficult problem, therefore, it remains a most active area of research in computer vision. A good tracker should perform well in a large n...",no,cross_sectional_survey,empirical_v2
doi:10.3389/fpsyt.2018.00539,10.3389/fpsyt.2018.00539,Executive Function and Spatial Cognition Mediate Psychosocial Dysfunction in Major Depressive Disorder,2018,Frontiers in Psychiatry,cognition,0,biophilia,cognition,positive,45,medium,abstract_only_reduced_table,abstract_only;n=45,"Background: Cognitive and psychosocial dysfunction are prevalent and disabling features of Major Depressive Disorder (MDD). Emerging evidence suggests that poor cognitive functioning mediates the negative effect of MDD on psychosocial function. However, there is a lack of research examining the domain-specific natur...",no,cross_sectional_survey,empirical_v2
doi:10.1038/s41597-024-04107-0,10.1038/s41597-024-04107-0,GeoCrack: A High-Resolution Dataset For Segmentation of Fracture Edges in Geological Outcrops.,2024,Scientific data,biophilic,0,biophilia,unspecified_outcome,unknown,,low,abstract_only_reduced_table,abstract_only;weak_variable_resolution,"GeoCrack is the first large-scale open source annotated dataset of fracture traces from geological outcrops, enabling deep learning-based fracture segmentation, setting a new standard for natural fracture characterization datasets. GeoCrack contains images from photogrammetric surveys of fractured rock exposures acr...",no,cross_sectional_survey,unknown
doi:10.3390/ijerph22121860,10.3390/ijerph22121860,The Impact of Coursework Demand and Learning Engagement on Mental Fatigue in Online College Students,2025,International Journal of Environmental Research and Public Health,cognition,0,unspecified_environment,mood,mixed,,low,abstract_only_reduced_table,abstract_only;weak_variable_resolution,"The purpose of this study was to examine the relationships among coursework demand, course value, learning engagement, and mental fatigue among online undergraduate students in the United States. Data was collected through a panel survey involving 415 online student complete responses across the study variables. Str...",no,cross_sectional_survey,theoretical
doi:10.1177/21582440251397865,10.1177/21582440251397865,Unsubscribing From Over-the-Top: How Subscription Fatigue and Mental Coupling Affect Multi-Homing Users,2025,SAGE Open,affect,0,unspecified_environment,sleep,positive,,low,abstract_only_reduced_table,abstract_only;weak_variable_resolution,"Subscribing to multiple over-the-top (OTT) services, known as multi-homing, has become widespread as users seek to satisfy diverse media preferences in OTT consumption. However, platforms face a significant challenge in managing subscription fatigue, which often prompts users to discontinue their services. Based on ...",no,cross_sectional_survey,conceptual_framework
doi:10.3389/fpubh.2023.1326334,10.3389/fpubh.2023.1326334,Evaluation of physical and mental health conditions related to employees’ absenteeism,2024,Frontiers in Public Health,affect,0,unspecified_environment,stress,mixed,,low,abstract_only_reduced_table,abstract_only;weak_variable_resolution,"Background Employees’ health conditions are issues for not only employees themselves but also companies and society to keep medical costs low and productivity high. Data and methods In this analysis, 15,574 observations from 2,319 employees at four operational sites of a large corporation were used. The dataset cont...",no,cross_sectional_survey,conceptual_framework
doi:10.3389/fpsyg.2020.615010,10.3389/fpsyg.2020.615010,Lights and Shadows of Trait Emotional Intelligence: Its Mediating Role in the Relationship Between Negative Affect and State Anxiety in University Students.,2020,Frontiers in psychology,affect,0,unspecified_environment,mood,positive,,low,abstract_only_reduced_table,abstract_only;weak_variable_resolution,"Nowadays, students are experiencing difficult and stressful situations due to the Global Pandemic Alert. This changing world can evoke negative emotions that have been traditionally linked to higher anxiety. Researches have been focused on the positive outcomes of trait emotional intelligence (TEI) preventing psycho...",no,cross_sectional_survey,unknown
doi:10.1136/bmjgh-2016-000111,10.1136/bmjgh-2016-000111,Long shadow of fear in an epidemic: fearonomic effects of Ebola on the private sector in Nigeria,2016,BMJ Global Health,affect,0,unspecified_environment,stress,mixed,,low,abstract_only_reduced_table,abstract_only;weak_variable_resolution,"Background The already significant impact of the Ebola epidemic on Guinea, Liberia and Sierra Leone, was worsened by a fear of contagion that aggravated the health crisis. However, in contrast to other Ebola-affected countries, Nigeria fared significantly better due to its swift containment of the disease. The objec...",no,cross_sectional_survey,mixed_methods
doi:10.4088/JCP.25m15970,10.4088/JCP.25m15970,"A Year in the Shadow of Terror: Longitudinal Effects of the October 7, 2023, Terrorist Attack on PTSD, Depression, Anxiety, and Suicidal Ideation Across Distinct Exposure Groups.",2025,The Journal of clinical psychiatry,affect,0,daylight,stress,positive,,medium,abstract_only_reduced_table,abstract_only,"Background: On October 7, 2023, Israel experienced a large-scale terrorist attack followed by a prolonged war, exposing civilians and military personnel to acute and sustained trauma. While prior studies have documented short-term psychological effects of mass trauma, few have included baseline assessments or addres...",no,cross_sectional_survey,unknown
doi:10.1162/afar_r_00607,10.1162/afar_r_00607,Modernist Art in Ethiopia,2021,African Arts,air,0,air_quality,mood,unknown,,low,abstract_only_reduced_table,abstract_only,"African modernism has been the subject of numerous key publications in the last two decades. Besides surveys such as A Companion to Modern African Art edited by Gitti Salami and Monica Blackmun Visonà (2013), leading journals published special issues such as “Art Historical Perspectives on African Modernism” (Africa...",no,cross_sectional_survey,phenomenological
doi:10.3390/healthcare13161955,10.3390/healthcare13161955,Knowledge of Vaginal Microbiota and Its Association with Perceptions of Vulvovaginal Aesthetic Procedures Among Saudi Women,2025,Healthcare,other,0,unspecified_environment,unspecified_outcome,mixed,,low,abstract_only_reduced_table,abstract_only;weak_variable_resolution,"Background: The human microbiome includes trillions of microorganisms, with the vaginal microbiota playing a vital role in women’s reproductive health. Concurrently, interest in vulvovaginal esthetic procedures (VVEP) is increasing. This study aimed to compare single and married or previously married women in terms ...",no,cross_sectional_survey,empirical_v2
doi:10.36680/j.itcon.2025.051,10.36680/j.itcon.2025.051,"Application of virtual reality to assess thermal, visual perception, and users' adaptive behaviors for sedentary activities",2025,Journal of Information Technology in Construction,thermal,0,thermal,attention,null,,medium,abstract_only_reduced_table,abstract_only,"VR technology has shown to effectively explore the psychological and physiological effects of the built environment on users. This study investigates multisensory integration using VR technology, focusing on same-modal and cross-modal effects during sedentary activities. A survey-based approach was employed to colle...",no,cross_sectional_survey,unknown
doi:10.3390/su17114923,10.3390/su17114923,Building Sustainable Teaching Careers: The Impact of Diversity Practices on Middle School Teachers’ Job Satisfaction in China and the United States,2025,Sustainability,cognition,0,unspecified_environment,attention,positive,,low,abstract_only_reduced_table,abstract_only;weak_variable_resolution,"Given the growing global emphasis on inclusive education, it is critical to understand how diversity practices in schools influence middle school teachers’ job satisfaction and long-term retention. However, previous research has paid limited attention to cross-cultural differences and often overlooks how diversity-r...",no,cross_sectional_survey,conceptual_framework
doi:10.1016/j.buildenv.2024.111551,10.1016/j.buildenv.2024.111551,Home indoor air quality and cognitive function over one year for people working remotely during COVID-19.,2024,Building and environment,air,0,air_quality,cognition,positive,,medium,abstract_only_reduced_table,abstract_only,"The coronavirus disease 2019 (COVID-19) pandemic triggered an increase in remote work-from-home for office workers. Given that many homes now function as offices despite not being designed to support office work, it is critical to research the impact of indoor air quality (IAQ) in homes on the cognitive performance ...",no,cross_sectional_survey,unknown
doi:10.3390/atmos11111144,10.3390/atmos11111144,Thermal Environment of Urban Schoolyards: Current and Future Design with Respect to Children’s Thermal Comfort,2020,Atmosphere,thermal,0,thermal,attention,positive,,medium,abstract_only_reduced_table,abstract_only,"Urban outdoor thermal conditions, and its impacts on the health and well-being for the city inhabitants have reached increased attention among biometeorological studies during the last two decades. Children are considered more sensitive and vulnerable to hot ambient conditions compared to adults, and are affected st...",no,cross_sectional_survey,unknown
doi:10.3390/app9173594,10.3390/app9173594,Coupling Effect of Space-Arrangement and Wall Thermal Resistance on Indoor Thermal Environment of Passive Solar Single-Family Building in Tibet,2019,Applied Sciences,thermal,0,thermal,attention,positive,,medium,abstract_only_reduced_table,abstract_only,"In areas where solar energy is abundant, such as the Tibetan plateau, passive solar buildings are attracting more and more attention and becoming a popular form of rural building. However, it is often difficult to achieve the satisfactory indoor thermal environment in a local rural passive solar single-family house....",no,cross_sectional_survey,theoretical
doi:10.1177/1420326x20913617,10.1177/1420326x20913617,Effects of air temperature on cognitive work performance of acclimatized people in severely cold region in China,2020,Indoor and Built Environment,thermal,0,thermal,cognition,negative,,medium,abstract_only_reduced_table,abstract_only,The study aimed to assess the effect of indoor air temperature on cognitive work performance of acclimatized people during the middle of heating season in severely cold region in China. How does temperature affect work performance was also investigated through subjective surveys. Eighteen acclimatized and healthy pa...,no,cross_sectional_survey,unknown
doi:10.1039/d4ay02327g,10.1039/d4ay02327g,Impact of air conditioning environments on human comfort through exhaled breath and physiological assessments in middle-aged women.,2025,Analytical methods : advancing methods and applications,thermal,0,thermal,cognition,unknown,,low,abstract_only_reduced_table,abstract_only,"Optimizing indoor thermal environments is crucial for enhancing human comfort, particularly in the context of global warming. By innovatively integrating metabolomics, physiological monitoring, cognitive performance analysis, and subjective comfort evaluations, this study investigated the impacts of three air condit...",no,cross_sectional_survey,unknown
doi:10.70382/tijbees.v08i4.049,10.70382/tijbees.v08i4.049,INDOOR AIR QUALITY AND THERMAL ENVIRONMENT ASSESSMENT OF SOUTH-WEST NIGERIAN HOMES WITH DIFFERENT BUILDING FABRICS,2025,International Journal of Built Environment and Earth Science,air,0,air_quality,productivity,positive,,medium,abstract_only_reduced_table,abstract_only,"This study investigates the impact of building fabrics on indoor air quality (IAQ) and thermal comfort in residential buildings across South-West Nigeria’s hot-humid climate. Through a mixed-methods approach, 102 residents from six states (Lagos, Ogun, Ondo, Oyo, Osun, Ekiti) were surveyed to assess perceptions of I...",no,cross_sectional_survey,mixed_methods
doi:10.1093/heapro/daac064,10.1093/heapro/daac064,A Creative Concept to empower office workers addressing work-related health risks.,2022,Health promotion international,thermal,0,daylight,attention,positive,,medium,abstract_only_reduced_table,abstract_only,"Among office workers, the sedentary work-related health challenges are mainly associated with the fact that they often sit for up to 10 hr a working day. Members of the Research Group conducted a research program to assist the office workers of an international telecommunication company's affiliate in Budapest to en...",no,cross_sectional_survey,unknown
doi:10.3390/buildings14103225,10.3390/buildings14103225,Influence of Thermal Environment on College Students’ Learning Performance in Hot Overhead Spaces in China,2024,Buildings,thermal,0,thermal,attention,null,,medium,abstract_only_reduced_table,abstract_only,"With the popularization of informal learning styles in universities, building overheads in hot and humid regions of China has become one of the main spaces for informal learning among college students in the region due to their improved thermal environmental conditions relative to outdoor spaces. However, the effect...",no,cross_sectional_survey,unknown
doi:10.3130/aije.83.1,10.3130/aije.83.1,FEASIBILITY STUDY ON MENTAL HEALTHCARE EFFECT USING PLANTS INSTALLATION IN OFFICE SPACE,2018,Journal of Environmental Engineering (Transactions of AIJ),thermal,0,air_quality,attention,mixed,,medium,abstract_only_reduced_table,abstract_only,"According to a survey by the Ministry of Health, Labor and Welfare, the number of mood disorders tends to increase year by year in Japan. Under such a background, from December 2015, it is obliged for employers to perform stress checks of workers once a year. In such a stress society, improvement of office environme...",no,cross_sectional_survey,empirical_v2
doi:10.3390/ijerph20105855,10.3390/ijerph20105855,Revisiting Motor Imagery Guidelines in a Tropical Climate: The Time-of-Day Effect,2023,International Journal of Environmental Research and Public Health,thermal,0,thermal,sleep,positive,,medium,abstract_only_reduced_table,abstract_only,"(1) Background: Motor imagery (MI) is relevantly used to improve motor performance and promote rehabilitation. As MI ability and vividness can be affected by circadian modulation, it has been proposed that MI should ideally be performed between 2 p.m. and 8 p.m. Whether such a recommendation remains effective in a h...",no,cross_sectional_survey,unknown
doi:10.1038/s41598-025-12024-4,10.1038/s41598-025-12024-4,The practical impact of indoor temperature on the productivity of prefabricated construction workers using electroencephalogram data.,2025,Scientific reports,thermal,0,thermal,productivity,mixed,,medium,abstract_only_reduced_table,abstract_only,"Comprehending the optimal indoor temperature to augment the productivity and cognitive well-being of prefabricated construction workers (PCWs) is essential for enhancing efficiency and safety in construction. Twenty-four workers participated in experiments conducted at indoor temperatures of 24℃, 27℃, 30℃, and 33℃. ...",no,cross_sectional_survey,empirical_v2
doi:10.3390/bioengineering12020116,10.3390/bioengineering12020116,Contactless Fatigue Level Diagnosis System Through Multimodal Sensor Data.,2025,"Bioengineering (Basel, Switzerland)",thermal,0,thermal,stress,positive,,medium,abstract_only_reduced_table,abstract_only,"Fatigue management is critical for high-risk professions such as pilots, firefighters, and healthcare workers, where physical and mental exhaustion can lead to catastrophic accidents and loss of life. Traditional fatigue assessment methods, including surveys and physiological measurements, are limited in real-time m...",no,cross_sectional_survey,empirical_v2
doi:10.1016/j.jiph.2023.05.039,10.1016/j.jiph.2023.05.039,Physical and stressful psychological impacts of prolonged personal protective equipment use during the COVID-19 pandemic: A cross-sectional survey study.,2023,Journal of infection and public health,affect,0,unspecified_environment,stress,unknown,,low,abstract_only_reduced_table,abstract_only;weak_variable_resolution,Healthcare workers (HCWs) caring for COVID-19 infected patients are exposed to stressful and traumatic events with potential for severe and sustained adverse mental and physical health consequences. Our aim was to assess the magnitude of physical and mental health outcomes of HCWs due to the prolonged use of persona...,no,cross_sectional_survey,empirical_v2
doi:10.1016/j.biopsycho.2026.109192,10.1016/j.biopsycho.2026.109192,Relationships between interoceptive accuracy/attention and well-being: Insights from heartbeat and temperature perception.,2026,Biological psychology,thermal,0,thermal,mood,negative,,medium,abstract_only_reduced_table,abstract_only,"Interoception, defined as the perceptual process of internal bodily states, supports various emotional and cognitive processes. However, the current understanding of how different psychological processes based on interoception influence well-being remains limited. In this study, 76 university students (mean age = 20...",no,cross_sectional_survey,unknown
doi:10.1038/s41598-025-32221-5,10.1038/s41598-025-32221-5,"Survey reveals heatstroke awareness and prevention in Fukuoka City, Japan.",2026,Scientific reports,thermal,0,thermal,attention,positive,,medium,abstract_only_reduced_table,abstract_only,"Rising global temperatures and heatwaves pose escalating health risks. This study aims to explore heatstroke (HS) awareness and prevention among 1142 residents of Fukuoka City, Japan, in 2020 and 2022. Questionnaire data revealed that while many respondents reported past experiences of HS-like symptoms (78.8%) and p...",no,cross_sectional_survey,unknown
doi:10.1177/1420326x18820089,10.1177/1420326x18820089,Work performance in relation to lighting environment in office buildings,2018,Indoor and Built Environment,light,0,daylight,productivity,positive,,medium,abstract_only_reduced_table,abstract_only,"The purpose of this study was to investigate the effect of lighting environment on the work performance. Orthogonal experiments with three-factor and three-level for each factor were designed and carried out in a laboratory aiming to reveal the relationship between lighting illuminance (ILL), uniformity of illuminan...",no,cross_sectional_survey,empirical_v2
doi:10.1093/rfs/hhz137,10.1093/rfs/hhz137,The Importance of Climate Risks for Institutional Investors,2019,Review of Financial Studies,other,0,unspecified_environment,unspecified_outcome,positive,,low,abstract_only_reduced_table,abstract_only;weak_variable_resolution,"Abstract According to our survey about climate risk perceptions, institutional investors believe climate risks have financial implications for their portfolio firms and that these risks, particularly regulatory risks, already have begun to materialize. Many of the investors, especially the long-term, larger, and ESG...",no,cross_sectional_survey,unknown
doi:10.3390/buildings15101738,10.3390/buildings15101738,Research on the Impact of Lighting Illuminance and Color on Creative Performance and Mood,2025,Buildings,light,0,daylight,mood,mixed,,medium,abstract_only_reduced_table,abstract_only,"With the development of the knowledge economy, the significance of the creative industry has become increasingly prominent. Individual creativity can be stimulated by optimal lighting. This research consists of two parts: Part I examines the effects of illuminance and color temperature on creativity through three ex...",no,cross_sectional_survey,empirical_v2
doi:10.1051/matecconf/201928202041,10.1051/matecconf/201928202041,The influence of green walls on interior climate conditions and human health,2019,MATEC Web of Conferences,thermal,0,thermal,mood,mixed,,medium,abstract_only_reduced_table,abstract_only,"In recent years, many researchers have addressed the issue of interior climate and how it affects human health. Investigations performed at schools and office buildings have found that CO 2 concentrations often exceed the limit value of 1500 ppm given in Decree No. 20/2012 Coll., on technical requirements for buildi...",no,cross_sectional_survey,unknown
doi:10.1080/23328940.2025.2508489,10.1080/23328940.2025.2508489,Associated factors for exertional heat exhaustion-related symptoms among amateur golfers in Japan: A retrospective case-control study.,2025,"Temperature (Austin, Tex.)",thermal,0,thermal,sleep,positive,,medium,abstract_only_reduced_table,abstract_only,The associated factors for exertional heat stroke among amateur golfers remain poorly understood. We conducted a case-control study to examine exertional heat exhaustion (EHE) - related symptoms among amateur golfers in Japan using a self-administered questionnaire. Retrospective case-control study design. A web-bas...,no,cross_sectional_survey,observational_field
doi:10.3390/su17031091,10.3390/su17031091,Integrated Analysis of Indoor Air Quality and Fungal Microbiota in Educational Heritage Buildings: Implications for Health and Sustainability,2025,Sustainability,air,0,air_quality,attention,positive,,medium,abstract_only_reduced_table,abstract_only,"Indoor air quality is paramount for the health and well-being of individuals, especially in enclosed spaces like office buildings, schools, hospitals, and homes where people spend a significant amount of time. Ensuring good indoor air quality is not only essential for reducing symptoms such as headaches, eye and res...",no,cross_sectional_survey,unknown
doi:10.17275/per.23.9.10.1,10.17275/per.23.9.10.1,Examining the Effects of Physical Variables in Classrooms on Students' Attention via the Internet of Things,2023,Participatory Educational Research,thermal,0,thermal,attention,unknown,,low,abstract_only_reduced_table,abstract_only,"This study aims to examine the effects of physical variables (temperature, humidity, air quality, light, and sound) and those pertaining to the monitoring these physical variables on a group of students in terms of attention, motivation, attitudes, and perceptions of academic achievement (POA). The students were pro...",no,cross_sectional_survey,conceptual_framework
doi:10.1016/j.heliyon.2024.e36400,10.1016/j.heliyon.2024.e36400,The technological assessment of green buildings using artificial neural networks.,2024,Heliyon,thermal,0,thermal,cognition,unknown,,low,abstract_only_reduced_table,abstract_only,"This study aims to construct a comprehensive evaluation model for efficiently assessing appropriate technologies within green buildings. Initially, an Internet of Things (IoT)-based environmental monitoring system is devised and implemented to collect real-time environmental parameters both inside and outside the bu...",no,cross_sectional_survey,unknown
doi:10.22266/ijies2017.0630.10,10.22266/ijies2017.0630.10,A Real Time Monitoring System for Yoga Practitioners,2017,International journal of intelligent engineering and systems,thermal,0,thermal,stress,unknown,,low,abstract_only_reduced_table,abstract_only,"Now a days a majority share of people undergoes through some health problems or mental stress.The reason for both may be many factors like unhealthy food habits, lack of doing body exercise, pressure from family and job environment etc.These factors can physically and mentally deteriorate the creativity and producti...",no,cross_sectional_survey,unknown
doi:10.1109/access.2019.2949703,10.1109/access.2019.2949703,A Survey on the Role of IoT in Agriculture for the Implementation of Smart Farming,2019,IEEE Access,other,0,unspecified_environment,unspecified_outcome,unknown,,low,abstract_only_reduced_table,abstract_only;weak_variable_resolution,Internet of things (IoT) is a promising technology which provides efficient and reliable solutions towards the modernization of several domains. IoT based solutions are being developed to automatically maintain and monitor agricultural farms with minimal human involvement. The article presents many aspects of techno...,no,cross_sectional_survey,methods_protocol
doi:10.58835/nawadeepa.v3i2.350,10.58835/nawadeepa.v3i2.350,Pelatihan Arduino di SMK Negeri 1 Bireuen untuk Meningkatkan Kemampuan Kreatifitas Siswa di Bidang IPTEK Robotik,2024,Jurnal Pengabdian Masyarakat,thermal,0,thermal,unspecified_outcome,mixed,,low,abstract_only_reduced_table,abstract_only;weak_variable_resolution,"The purpose of this community service is to provide an introduction to the use of Arduino Uno to students of SMK Negeri 1 Bireuen. With the utilization of Arduino Uno, students can create projects such as temperature and humidity control systems, line follower robots, light management systems, and more. This, will i...",no,cross_sectional_survey,unknown
doi:10.1109/fie44824.2020.9274184,10.1109/fie44824.2020.9274184,Teaching CT through Internet of Things in High School: Possibilities and Reflections,2020,,thermal,0,thermal,mood,unknown,,low,abstract_only_reduced_table,abstract_only,"This Research to Practice Full Paper presents a pedagogical practice for technical high school students for developing Computational Thinking (CT) abilities through Internet of Things technologies. The covered topics in our proposal include (i) the use of temperature and humidity sensors for data collection, treatme...",no,cross_sectional_survey,unknown
doi:10.3390/s20185274,10.3390/s20185274,The Effects of the Driver’s Mental State and Passenger Compartment Conditions on Driving Performance and Driving Stress,2020,Sensors,thermal,0,thermal,stress,mixed,,medium,abstract_only_reduced_table,abstract_only,"Globalization has increased the number of road trips and vehicles. The result has been an intensification of traffic accidents, which are becoming one of the most important causes of death worldwide. Traffic accidents are often due to human error, the probability of which increases when the cognitive ability of the ...",no,cross_sectional_survey,empirical_v2
doi:10.3390/en13226099,10.3390/en13226099,The Effect of CO2 Concentration on Children’s Well-Being during the Process of Learning,2020,Energies,thermal,0,thermal,attention,mixed,,medium,abstract_only_reduced_table,abstract_only,There are more than 200 thousand pupils in Latvia. Most of them are still learning in non-renovated classrooms without proper mechanical ventilation. The classrooms are often ventilated only during the breaks by opening windows. This can lead to increased CO2 levels and reduced mental performance. To test how CO2 co...,no,cross_sectional_survey,unknown
doi:10.1007/s00484-023-02442-2,10.1007/s00484-023-02442-2,Subjective perceived risk factors of exertional heat exhaustion-related symptoms in male collegiate athletes in Japan: a case-control study.,2023,International journal of biometeorology,thermal,0,thermal,sleep,unknown,,low,abstract_only_reduced_table,abstract_only,"The purpose of this study was to investigate associations between lifestyle habits, health factors, athletic activity conditions, and exertional heat exhaustion (EHE)-related symptoms among male college athletes in Japan based on a self-completed questionnaire. The paper-based questionnaires were distributed to 11 u...",no,cross_sectional_survey,observational_field
doi:10.13005/ojc/410431,10.13005/ojc/410431,Indoor Air Quality Assessment Based on Floor-Level Variations in a University Library,2025,Oriental Journal of Chemistry,air,0,air_quality,attention,unknown,,low,abstract_only_reduced_table,abstract_only,"Libraries are environments where students often spend extended periods due to their conducive and quiet atmosphere that supports focused learning. However, poor indoor air quality (IAQ) in such settings can negatively impact cognitive performance and pose health risks. This study aimed to assess the IAQ at Levels 1 ...",no,cross_sectional_survey,unknown
doi:10.1186/s40359-023-01047-z,10.1186/s40359-023-01047-z,Is cognitive control of perception and action via attentional focus moderated by motor imagery?,2023,BMC Psychology,cognition,0,unspecified_environment,attention,positive,,low,abstract_only_reduced_table,abstract_only;weak_variable_resolution,"Motor imagery (MI) has emerged as an individual factor that may modulate the effects of attentional focus on motor skill performance. In this study, we investigated whether global MI, as well as its components (i.e., kinesthetic MI, internal visual MI, and external visual MI) moderate the effect of attentional focus...",no,cross_sectional_survey,thought_piece
sha256:3c373823b60f,,A Value-Belief-Norm Theory of Support for Social Movements: The Case of Environmentalism,1999,,other,0,unspecified_environment,unspecified_outcome,unknown,,low,abstract_only_reduced_table,abstract_only;weak_variable_resolution,"We present a theory of the basis of support for a social movement. Three types of support (citizenship actions, policy support and acceptance, and personal-sphere behaviors that accord with movement principles) are empirically distinct from each other and from committed activism. Drawing on theoretical work on value...",no,cross_sectional_survey,theoretical
doi:10.17159/2078-516X/2020/v32i1a8415,10.17159/2078-516X/2020/v32i1a8415,Understanding the influence of 24-hour movement behaviours on the health and development of preschool children from low-income South African settings: the SUNRISE pilot study,2020,South African Journal of Sports Medicine,cognition,0,unspecified_environment,attention,unknown,89,low,abstract_only_reduced_table,abstract_only;n=89;weak_variable_resolution,"Background The International Study of Movement Behaviours in the Early Years, SUNRISE, was initiated to assess the extent to which young children meet movement behaviour guidelines (physical activity, sedentary behaviour, screen time, sleep). Objective The South African SUNRISE pilot study assessed movement behaviou...",no,cross_sectional_survey,unknown
doi:10.1080/02640414.2025.2574192,10.1080/02640414.2025.2574192,"Compositional analysis of the associations between 24-hour movement behaviours, motor skills, and executive function in Mongolian preschool children",2025,Jurnal sport science,cognition,0,unspecified_environment,cognition,negative,,low,abstract_only_reduced_table,abstract_only;weak_variable_resolution,ABSTRACT Evidence is limited on 24-hour movement behaviour composition and health outcomes among children under 5 from low- and middle-income countries. This study aimed to explore movement behaviour composition of Mongolian preschoolers and its associations with motor skills and executive function. This cross-secti...,no,cross_sectional_survey,empirical_v2
doi:10.3390/bs15081129,10.3390/bs15081129,The Whole Day Movement Matters to Executive Function Among College Students,2025,Behavioral Science,cognition,0,unspecified_environment,cognition,mixed,,low,abstract_only_reduced_table,abstract_only;weak_variable_resolution,"“The whole day movement matters to health.” has become an important topic while the associations between executive function and different movement behaviors (i.e., physical activity (PA), sedentary behavior (SB) and sleep) are traditionally examined in isolation. This study aimed to examine the combined associations...",no,cross_sectional_survey,unknown
doi:10.1016/j.prevetmed.2025.106770,10.1016/j.prevetmed.2025.106770,Development of an Infectious Disease Vulnerability Index (IDVI) for dairy farms: A data-driven approach to assessing risk and informing biosecurity practices.,2026,Preventive veterinary medicine,other,0,unspecified_environment,unspecified_outcome,mixed,,low,abstract_only_reduced_table,abstract_only;weak_variable_resolution,"Dairy farms are vulnerable to a wide range of infectious diseases, which can have significant economic and public health consequences. However, there remains a lack of a robust, farm-level tool that assesses their disease vulnerability. The primary objective of this study was to develop and validate the Infectious D...",no,cross_sectional_survey,unknown
doi:10.7148/2020-0221,10.7148/2020-0221,A Model For Forecasting Mental Fatigue In Maritime Operations,2020,European Conference on Modelling and Simulation,thermal,0,noise,sleep,unknown,,low,abstract_only_reduced_table,abstract_only,"Assessing seafarers’ mental fatigue levels helps identifying potential operational risks and the ability to simulate future scenarios can be used during planning and management, to ensure safer operational conditions. In this work, we propose a framework for modelling seafarers’ future mental fatigue levels using a ...",no,cross_sectional_survey,conceptual_framework
doi:10.24912/stupa.v6i1.27473,10.24912/stupa.v6i1.27473,PERAN ARSITEKTUR WELLBEING DALAM MENINGKATKAN KESEJAHTERAAN KARYAWAN DAN MENGATASI SICK BUILDING SYNDROME DI LINGKUNGAN KERJA,2024,"Jurnal Sains, Teknologi, Urban, Perancangan, Arsitektur (Stupa)",affect,0,air_quality,mood,unknown,,low,abstract_only_reduced_table,abstract_only,"Every workplace has the potential for dangers that can affect employee safety and health, making it difficult for employees to achieve wellbeing. This research aims to investigate problems in the physical work environment that influence employee wellbeing using a wellbeing architecture approach. Wellbeing is a sense...",no,cross_sectional_survey,mixed_methods
doi:10.3389/fbuil.2022.962462,10.3389/fbuil.2022.962462,Using active noise-cancelling headphones in open-plan offices: No influence on cognitive performance but improvement of perceived privacy and acoustic environment,2022,Frontiers in Built Environment,acoustic,0,noise,attention,positive,,medium,abstract_only_reduced_table,abstract_only,High speech intelligibility in open-plan offices and thus a high changing-state character of the acoustic environment have been found to negatively influence cognitive performance. This is often attributed to the so-called irrelevant speech effect. Office workers lately use active noise-cancelling (ANC) headphones t...,no,cross_sectional_survey,unknown
doi:10.3390/ijerph22050788,10.3390/ijerph22050788,Association of Perceived Acoustic Environment Exposure and Nonrestorative Sleep with Cognitive Functioning Among Chinese Adults: A Cross-Sectional Survey,2025,International Journal of Environmental Research and Public Health,acoustic,0,noise,stress,mixed,,medium,abstract_only_reduced_table,abstract_only,"Despite the growing emphasis on cognitive health, evidence regarding individual and environmental factors influencing cognitive functioning remains limited. We aimed to examine the association of personal and environmental factors, specifically perceived acoustic environment exposure and nonrestorative sleep, with c...",no,cross_sectional_survey,empirical_v2
doi:10.3397/in_2024_4168,10.3397/in_2024_4168,On the effect of indoor acoustic conditions in performing cognitive tests in primary school,2024,INTER-NOISE and NOISE-CON Congress and Conference Proceedings,acoustic,0,noise,cognition,mixed,,medium,abstract_only_reduced_table,abstract_only,"The quality of the acoustic environment is essential to foster learning as students learn by listening to the teacher. Prolonged exposure to noise during critical learning periods at school can impair development and have a lifelong effect on academic achievement. This is why the problem
 of noise is of concern in l...",no,cross_sectional_survey,unknown
doi:10.2139/ssrn.4585084,10.2139/ssrn.4585084,Effects of Biophilic Design Interventions on University Students' Cognitive Performance: An Audio-Visual Experimental Study in an Immersive Virtual Office Environment,2024,Social Science Research Network,biophilic,0,noise,cognition,positive,,medium,abstract_only_reduced_table,abstract_only,The human-nature connection should be a key component in the design of supportive and comfortable indoor environments. An interest in introducing Nature Based Solutions indoor via Biophilic Design (BD) intervention recently emerged. Related benefits for work efficiency have been identified in lab-studies without the...,no,cross_sectional_survey,empirical_v2
doi:10.61782/fa.2023.0498,10.61782/fa.2023.0498,Effects of noise on the cognitive performance of primary school children,2022,Proceedings of the 10th Convention of the European Acoustics Association Forum Acusticum 2023,acoustic,0,noise,attention,positive,,medium,abstract_only_reduced_table,abstract_only,* The acoustic environments of classrooms are often non-compliant with the existing normative or recommendations. Noisy environments can not only affect children's listening abilities but also lead to a decline in cognitive performance. This study presents preliminary results on how background noise can influence pr...,no,cross_sectional_survey,empirical_v2
doi:10.3390/ijerph20053798,10.3390/ijerph20053798,Traffic Noise at Moderate Levels Affects Cognitive Performance: Do Distance-Induced Temporal Changes Matter?,2023,International Journal of Environmental Research and Public Health,acoustic,0,noise,cognition,null,,medium,abstract_only_reduced_table,abstract_only,"Urbanization leads to an increased demand for urban housing, which can be met by building dwellings closer to streets. Regulations often limit equivalent sound pressure levels which do not account for changes in time structure that occur when decreasing the road distance. This study investigates the effect of such t...",no,cross_sectional_survey,unknown
doi:10.3390/f15050858,10.3390/f15050858,Combined Effects of the Visual–Acoustic Environment on Public Response in Urban Forests,2024,Forests,acoustic,0,noise,mood,positive,,medium,abstract_only_reduced_table,abstract_only,"Urban forests are increasingly recognized as vital components of urban ecosystems, offering a plethora of physiological and psychological benefits to residents. However, the existing research has often focused on single dimensions of either visual or auditory experiences, overlooking the combined impact of audio–vis...",no,cross_sectional_survey,unknown
doi:10.1080/09640568.2020.1862768,10.1080/09640568.2020.1862768,Acoustic environment management in the countryside: A case study of tourist sentiment for rural soundscapes in China,2021,,acoustic,0,noise,attention,negative,,medium,abstract_only_reduced_table,abstract_only,"For sustainable environment development in the countryside and rural tourism destinations, we must pay greater attention to acoustic environment management and rural soundscape planning. Field surveys were performed using rural soundscape questionnaires to evaluate soundscape expectations and soundscape sentiments f...",no,cross_sectional_survey,case_study
doi:10.1038/s41598-025-02358-4,10.1038/s41598-025-02358-4,The influence of indoor temperature and noise on autistic individuals.,2025,Scientific reports,acoustic,0,noise,stress,negative,,medium,abstract_only_reduced_table,abstract_only,This study examines the influence of temperature and noise on autistic individuals. Conventional indoor comfort questionnaires as well as pre-validated attentional tests were administered to autistic and typically developed individuals across six different environmental scenarios. Results showed that autistic indivi...,no,cross_sectional_survey,unknown
doi:10.1080/09640568.2021.1947203,10.1080/09640568.2021.1947203,A comfortable soundscape perspective in acoustic environmental planning and management: a case study based on local resident audio-visual perceptions,2021,Journal of Environmental Planning and Management,acoustic,0,noise,attention,positive,,medium,abstract_only_reduced_table,abstract_only,"Soundscapes are an important factor related to audio-visual perception and human health; however, research on how local residents perceive the audio-visual environment remains insufficient. This study, therefore, was mainly conducted to examine the effects of sound sources, the sociodemographic factors of the local ...",no,cross_sectional_survey,case_study
doi:10.1109/icassp.2001.940752,10.1109/icassp.2001.940752,The IBM Personal Speech Assistant,2002,,acoustic,0,noise,cognition,unknown,,low,abstract_only_reduced_table,abstract_only,"We describe technology and experience with an experimental personal information manager, which interacts with the user primarily but not exclusively through speech recognition and synthesis. This device, which controls a client PDA, is known as the personal speech assistant (PSA). The PSA contains complete speech re...",no,cross_sectional_survey,empirical_v2
doi:10.1093/brain/awaa221,10.1093/brain/awaa221,Impairments of auditory scene analysis in posterior cortical atrophy.,2020,Brain : a journal of neurology,acoustic,0,noise,cognition,negative,,medium,abstract_only_reduced_table,abstract_only,"Although posterior cortical atrophy is often regarded as the canonical 'visual dementia', auditory symptoms may also be salient in this disorder. Patients often report particular difficulty hearing in busy environments; however, the core cognitive process-parsing of the auditory environment ('auditory scene analysis...",no,cross_sectional_survey,observational_field
doi:10.1145/3561212.3561246,10.1145/3561212.3561246,Towards a Sustainable Internet of Sounds,2022,,acoustic,0,noise,mood,negative,,medium,abstract_only_reduced_table,abstract_only,"The Internet of Sounds (IoS) is an emerging research area at the intersection of engineering fields and humanities including computing, communication technology, audio signal processing, acoustic monitoring, music and arts. Although this research field is expected to have beneficial impacts on society through entert...",no,cross_sectional_survey,unknown
doi:10.1002/joe.21779,10.1002/joe.21779,The Effect of Open‐Plan Workspaces on Behavior and Performance Among Malaysian Creative Workers,2017,Global Business and Organizational Excellence,acoustic,0,noise,productivity,negative,,medium,abstract_only_reduced_table,abstract_only,"Attracting and retaining creative workers is essential to the success of the companies in Malaysia's Multimedia Super Corridor, a special economic zone and high‐tech business district that is an important driver of local development. Guided by a conceptual framework based on environmental comfort theory, researchers...",no,cross_sectional_survey,conceptual_framework
doi:10.3390/f14061161,10.3390/f14061161,Combined Effects of the Thermal-Acoustic Environment on Subjective Evaluations in Urban Park Based on Sensory-Walking,2023,Forests,thermal,0,noise,attention,mixed,,medium,abstract_only_reduced_table,abstract_only,Studying the impact of various factors on environmental perception is crucial because humans live in an environment where these factors interact and blend. The thermal-acoustic environment is the major factor that affects the overall perception of urban parks. This study focuses on urban parks in the subtropical reg...,no,cross_sectional_survey,conceptual_framework
doi:10.3390/s21041274,10.3390/s21041274,A Comparative Survey of Feature Extraction and Machine Learning Methods in Diverse Acoustic Environments,2021,Sensors,acoustic,0,noise,unspecified_outcome,unknown,,low,abstract_only_reduced_table,abstract_only;weak_variable_resolution,"Acoustic event detection and analysis has been widely developed in the last few years for its valuable application in monitoring elderly or dependant people, for surveillance issues, for multimedia retrieval, or even for biodiversity metrics in natural environments. For this purpose, sound source identification is a...",no,cross_sectional_survey,unknown
doi:10.4103/1463-1741.113525,10.4103/1463-1741.113525,Adolescents′ perceptions of their school′s acoustic environment: The development of an evidence based questionnaire,2013,Noise and Health,acoustic,0,noise,mood,negative,,medium,abstract_only_reduced_table,abstract_only,A poor acoustic environment in a school is known to negatively affect pupils' learning and achievement. This paper presents the design and findings of an online questionnaire survey of 11-16 year olds' impressions of their school's acoustic environment. A total of 2588 English secondary school pupils responded to th...,no,cross_sectional_survey,unknown
doi:10.3390/buildings15010093,10.3390/buildings15010093,The Domestic Acoustic Environment in Online Education—Part 2: Different Interference Perception of Sound Sources and While Conducting Academic Tasks,2024,Buildings,acoustic,0,noise,attention,negative,,medium,abstract_only_reduced_table,abstract_only,"Noise is increasingly recognized as a factor impacting health, including its effects on online education. However, differences in the perception of acoustic environmental factors have been scarcely analyzed. This study aimed to evaluate perceived differences in the interference of five types of sound (traffic, voice...",no,cross_sectional_survey,unknown
doi:10.3389/fpsyg.2019.02736,10.3389/fpsyg.2019.02736,Influence of Classroom Acoustics on Noise Disturbance and Well-Being for First Graders,2019,Frontiers in Psychology,acoustic,0,noise,mood,mixed,,medium,abstract_only_reduced_table,abstract_only,"Several studies have shown so far that poor acoustics inside classrooms negatively affects the teaching and learning processes, especially at the lowest grades of education. However, the extent to which noise exposure or excessive reverberation affect well-being of children at school in their early childhood is stil...",no,cross_sectional_survey,empirical_v2
doi:10.1088/1755-1315/1210/1/012009,10.1088/1755-1315/1210/1/012009,A Study on Thermal and Acoustic comfort in an Institutional Building,2023,IOP Conference Series: Earth and Environment,thermal,0,thermal,productivity,mixed,,medium,abstract_only_reduced_table,abstract_only,"The indoor environment in educational buildings like schools and colleges need to provide a healthy atmosphere to encourage the students towards learning and improve their productivity. In educational buildings, both thermal and acoustical comfort depend on the site and there exists a relationship among buildings, o...",no,cross_sectional_survey,unknown
doi:10.3390/buildings14103122,10.3390/buildings14103122,Effects of the Acoustic-Visual Indoor Environment on Relieving Mental Stress Based on Facial Electromyography and Micro-Expression Recognition,2024,Buildings,acoustic,0,noise,stress,mixed,,medium,abstract_only_reduced_table,abstract_only,"People working and studying indoors for a long time can easily experience mental fatigue and stress. Virtual natural elements introduced into indoor environments can stimulate the human visual and auditory senses, thus relieving psychological stress. In this study, stress induction was achieved through noise playbac...",no,cross_sectional_survey,empirical_v2
doi:10.14324/111.444/ucloe.000009,10.14324/111.444/ucloe.000009,How did the ‘state of emergency’ declaration in Japan due to the COVID-19 pandemic affect the acoustic environment in a rather quiet residential area?,2020,UCL Open Environment,acoustic,0,noise,mood,positive,,medium,abstract_only_reduced_table,abstract_only,"The COVID-19 pandemic caused lockdowns in many countries worldwide. Acousticians have made surveys to monitor how cities became quieter under the lockdown, mainly in central areas in cities. However, there have been few studies on the changes in the acoustic environment due to the pandemic in the usually quieter res...",no,cross_sectional_survey,unknown
doi:10.1177/13623613251391492,10.1177/13623613251391492,Exploring auditory perception experiences in daily situations in autistic adults.,2025,Autism : the international journal of research and practice,acoustic,0,noise,mood,unknown,,low,abstract_only_reduced_table,abstract_only,"Autistic individuals often show differential sensory perception, including hypo- or hypersensitivities to sound. Previous research also suggests that autistic individuals often have difficulty processing intentional and affective cues in speech acoustics. However, general speech processing difficulties remain undere...",no,cross_sectional_survey,unknown
doi:10.7759/cureus.88141,10.7759/cureus.88141,"Individual Differences in Sensitivity to Everyday Sounds: Developmental, Environmental, and Personality Predictors of Auditory Processing.",2025,Cureus,acoustic,0,noise,mood,unknown,,low,abstract_only_reduced_table,abstract_only,"Background Sensitivity to everyday sounds shows considerable individual variation. This study aimed to identify distinct dimensions of auditory sensitivity and examine how psychosocial and developmental factors, such as early auditory environments and personality traits, shape individual differences in non-clinical ...",no,cross_sectional_survey,empirical_v2
doi:10.1183/09031936.00016309,10.1183/09031936.00016309,"School air quality related to dry cough, rhinitis and nasal patency in children",2010,European Respiratory Journal,air,0,air_quality,mood,mixed,,medium,abstract_only_reduced_table,abstract_only,"Controls for indoor air quality (IAQ) in schools are not usually performed throughout Europe. The aim of this study was to assess the effects of IAQ on respiratory health of schoolchildren living in Norway, Sweden, Denmark, France and Italy. In the cross-sectional European Union-funded HESE (Health Effects of School...",no,cross_sectional_survey,empirical_v2
doi:10.1016/j.heares.2024.109147,10.1016/j.heares.2024.109147,Sensory and affective dimensions in loudness perception: Insights from young adults.,2024,Hearing research,acoustic,0,noise,stress,positive,,medium,abstract_only_reduced_table,abstract_only,"Traditional psychoacoustic measures often lack accuracy in diagnosing hyperacusis and other sound tolerance disorders, possibly due to their reliance on artificial stimuli and unidimensional scales. The aim of this study was to assess loudness across sensory and affective dimensions using natural sounds, drawing on ...",no,cross_sectional_survey,unknown
doi:10.1016/j.scitotenv.2024.176083,10.1016/j.scitotenv.2024.176083,Assessing the affective quality of soundscape for individuals: Using third-party assessment combined with an artificial intelligence (TPA-AI) model.,2024,The Science of the total environment,acoustic,0,noise,mood,unknown,,low,abstract_only_reduced_table,abstract_only,"When investigating the relationship between the acoustic environment and human wellbeing, there is a potential problem resulting from data source self-correlation. To address this data source self-correlation problem, we proposed a third-party assessment combined with an artificial intelligence (TPA-AI) model. The T...",no,cross_sectional_survey,unknown
doi:10.3390/buildings10100174,10.3390/buildings10100174,Humans-as-a-Sensor for Buildings—Intensive Longitudinal Indoor Comfort Models,2020,Buildings,acoustic,0,noise,mood,positive,,medium,abstract_only_reduced_table,abstract_only,"Evaluating and optimising human comfort within the built environment is challenging due to the large number of physiological, psychological and environmental variables that affect occupant comfort preference. Human perception could be helpful to capture these disparate phenomena and interpreting their impact; the ch...",no,cross_sectional_survey,empirical_v2
doi:10.61782/fa.2023.0097,10.61782/fa.2023.0097,Measuring and Representing Indoor Soundscapes: Insights for a Methodology from Socio-Acoustic Surveys in Residential Buildings in England,2022,Proceedings of the 10th Convention of the European Acoustics Association Forum Acusticum 2023,acoustic,0,noise,mood,positive,,medium,abstract_only_reduced_table,abstract_only,"* The soundscape framework is effective in characterising the sound environment as we perceive it. Efforts to improve the urban soundscape must be coordinated with building design to enhance the sound environment where people spend most of their time, i.e., buildings. But how to measure the indoor soundscape? And ho...",no,cross_sectional_survey,conceptual_framework
doi:10.1121/10.0020833,10.1121/10.0020833,Indoor soundscape in primary school classroomsa).,2023,The Journal of the Acoustical Society of America,acoustic,0,noise,attention,unknown,130,low,abstract_only_reduced_table,abstract_only;n=130,"Soundscape research on indoor environments is emerging as a topic to be addressed for the design of supportive, healthier, and more comfortable spaces. Only a few studies so far addressed the context of educational buildings, mainly focusing on high schools and universities. This pilot study uses questionnaires base...",no,cross_sectional_survey,unknown
doi:10.1016/j.apacoust.2021.108305,10.1016/j.apacoust.2021.108305,"Indoor soundscapes at home during the COVID-19 lockdown in London - Part I: Associations between the perception of the acoustic environment, occupantś activity and well-being.",2021,Applied acoustics. Acoustique applique. Angewandte Akustik,acoustic,0,noise,mood,unknown,,low,abstract_only_reduced_table,abstract_only,"Since the outbreak of the COVID-19 pandemic, as a result of the adoption of worldwide lockdown measures, the home environment has become the place where all the daily activities are taking place for many people. In these changed social and acoustical contexts, we wanted to evaluate the perception of the indoor acous...",no,cross_sectional_survey,case_study
doi:10.1088/1742-6596/3140/12/122007,10.1088/1742-6596/3140/12/122007,"Linking multi-domain IEQ satisfaction to perceived stress, mood, and productivity in classrooms: insights from a living laboratory experiment",2025,Journal of Physics: Conference Series,thermal,0,noise,mood,unknown,,low,abstract_only_reduced_table,abstract_only,"Indoor Environmental Quality (IEQ) conditions can significantly shape the experiences and perceptions of building occupants. Studies have primarily examined the influence on occupant responses of individual IEQ domains in isolation (e.g., only thermal stimuli), with limited investigation into the combined effects of...",no,cross_sectional_survey,empirical_v2
doi:10.1016/j.scitotenv.2024.169985,10.1016/j.scitotenv.2024.169985,"Effects of personal noise exposure, sleep quality, and burnout on quality of life: An online participation cohort study in Taiwan",2024,The Science of The Total Environment,acoustic,0,noise,mood,mixed,,medium,abstract_only_reduced_table,abstract_only,"Chronic noise exposure in daily life not only causes physical and mental illness but also reduces quality of life. However, collecting objective data on sound exposure and subjective acoustic comfort through a traditional one-shot survey is difficult. This study applied online chatbots in social media to explore the...",no,cross_sectional_survey,observational_field
doi:10.1121/10.0019180,10.1121/10.0019180,Observed changes in the perceived ambience of public spaces elicited by added sound,2023,Journal of the Acoustical Society of America,acoustic,0,noise,attention,negative,,medium,abstract_only_reduced_table,abstract_only,"New soundscape approaches consider plus sound design to create a more positive atmosphere and to reduce the audibility of unwanted sound sources. By adding water installations, sound art or simply music for example, urban noise can be efficiently masked to a certain degree. Although this design approach appears reas...",no,cross_sectional_survey,unknown
doi:10.1051/aacus/2022014,10.1051/aacus/2022014,The multi-dimensional perceptions of office staff and non-office staff about metro noise in commercial spaces,2022,Acta Acustica,acoustic,0,noise,mood,negative,,medium,abstract_only_reduced_table,abstract_only,"Indoor acoustic environment has become a critical factor in architectural design, and some researchers argued that the reactions from people of varied age, gender, etc. to indoor noise should be considered. While the office staff along metro lines get used to frequent metro noise, their metro noise perceptions, whic...",no,cross_sectional_survey,unknown
doi:10.1007/s10661-024-12932-4,10.1007/s10661-024-12932-4,"Studying the factors that affect urban road noise-case study: El-Tahrir Street, Al-Dokki Cairo, Egypt.",2024,Environmental monitoring and assessment,acoustic,0,noise,attention,positive,,medium,abstract_only_reduced_table,abstract_only,"Expanding road networks to accommodate various activities has significantly increased urban noise pollution, adversely affecting human health and quality of life. Numerous factors influence the noise level in urban areas, including road characteristics, traffic characteristics, surrounding buildings, and weather con...",no,cross_sectional_survey,case_study
doi:10.3390/ijerph18052538,10.3390/ijerph18052538,University Students’ Self-Rated Health in Relation to Perceived Acoustic Environment during the COVID-19 Home Quarantine,2021,International Journal of Environmental Research and Public Health,acoustic,0,noise,stress,null,,medium,abstract_only_reduced_table,abstract_only,"Background: Online education became mandatory for many students during the Coronavirus disease 2019 (COVID-19) pandemic and blurred the distinction between settings where processes of stress and restoration used to take place. The lockdown also likely changed perceptions of the indoor acoustic environment (i.e., sou...",no,cross_sectional_survey,empirical_v2
doi:10.1088/1742-6596/2042/1/012047,10.1088/1742-6596/2042/1/012047,The influence of perceived environmental quality on thermal comfort in an outdoor urban environment during hot summer,2021,Journal of Physics Conference Series,thermal,0,noise,mood,positive,,medium,abstract_only_reduced_table,abstract_only,"Abstract Thermal comfort in outdoor spaces is essential for human health and human wellbeing. A comfortable outdoor space enhances urban livability and sustainability. Previous studies on outdoor human thermal comfort highlighted that apart from the microclimate conditions, the psychological and physiological factor...",no,cross_sectional_survey,unknown
doi:10.1371/journal.pone.0110490,10.1371/journal.pone.0110490,The Paradox of Music-Evoked Sadness: An Online Survey,2014,PLoS ONE,affect,0,air_quality,mood,unknown,772,low,abstract_only_reduced_table,abstract_only;n=772,This study explores listeners' experience of music-evoked sadness. Sadness is typically assumed to be undesirable and is therefore usually avoided in everyday life. Yet the question remains: Why do people seek and appreciate sadness in music? We present findings from an online survey with both Western and Eastern pa...,no,cross_sectional_survey,unknown
doi:10.1038/s41598-024-70227-7,10.1038/s41598-024-70227-7,The effects of acoustic-light-thermal environment quality parameters on pedestrians’ overall comforts in residential districts,2024,Scientific Reports,thermal,0,thermal,stress,mixed,,medium,abstract_only_reduced_table,abstract_only,"This study explored subjective responses towards various environmental quality parameters. It would be helpful to approach an overall comfort improvement relating to physics. In order to investigate the combined effects of sound, light and heat on the overall comfort of pedestrians, which could be evaluated by overa...",no,cross_sectional_survey,unknown
doi:10.3390/ijerph13080746,10.3390/ijerph13080746,"Windmill Noise Annoyance, Visual Aesthetics, and Attitudes towards Renewable Energy Sources.",2016,International journal of environmental research and public health,acoustic,0,noise,attention,unknown,90,low,abstract_only_reduced_table,abstract_only;n=90,A small focused socio-acoustic after-study of annoyance from a windmill park was undertaken after local health officials demanded a health impact study to look into neighborhood complaints. The windmill park consists of 31 turbines and is located in the South of Norway where it affects 179 dwellings. Simple exposure...,no,cross_sectional_survey,thought_piece
doi:10.1093/occmed/kqae023.1362,10.1093/occmed/kqae023.1362,O-378 CHARACTERISTICS INFLUENCING THE COMFORT OF EARPLUGS EXPERIENCED BY WORKERS IN CANADIAN COMPANIES,2024,Occupational Medicine,acoustic,0,noise,unspecified_outcome,positive,,low,abstract_only_reduced_table,abstract_only;weak_variable_resolution,"In Quebec (Canada), noise-induced hearing loss is the most prevalent and growing occupational disease, resulting in higher compensation costs. Although the most effective solution is action at the noise source, the use of individual hearing protectors, such as earplugs, can be the only way to prevent this disease. N...",no,cross_sectional_survey,unknown
doi:10.1088/1742-6596/2042/1/012136,10.1088/1742-6596/2042/1/012136,Environmental thermal influence over soundscape perception: a test room experimental campaign involving the psychological and physiological description of the indoor environment,2021,Journal of Physics: Conference Series,acoustic,0,thermal,productivity,positive,,medium,abstract_only_reduced_table,abstract_only,"Human environmental perception leads occupants’ behaviour when interacting with buildings components, affecting the final building energy performance. A solid understanding of human comfort perception includes simultaneous multisensory stimuli and cross-modal interactions among different comfort domains. This study ...",no,cross_sectional_survey,empirical_v2
doi:10.3390/ijerph19127212,10.3390/ijerph19127212,Research on the Effects of Soundscapes on Human Psychological Health in an Old Community of a Cold Region.,2022,International journal of environmental research and public health,acoustic,0,noise,mood,mixed,,medium,abstract_only_reduced_table,abstract_only,"The acoustic environment of residential areas is critical to the health of the residents. To reveal the impact of the acoustic environment on people's mental health and create a satisfactory acoustic setting, this study took a typical old residential area in Harbin as an example, conducted a field measurement and qu...",no,cross_sectional_survey,unknown
doi:10.1080/00140139.2021.1880027,10.1080/00140139.2021.1880027,Assessing the comfort of earplugs: development and validation of the French version of the COPROD questionnaire.,2021,Ergonomics,acoustic,0,noise,unspecified_outcome,mixed,,low,abstract_only_reduced_table,abstract_only;weak_variable_resolution,"Earplugs are a common form of protection for workers exposed to hazardous noise levels. Their comfort directly impacts the effective protection by influencing their consistent and correct use. Nevertheless, comfort definition may vary according to the studies. Thus, a previous review of the literature has shown that...",no,cross_sectional_survey,unknown
doi:10.1088/1742-6596/2069/1/012177,10.1088/1742-6596/2069/1/012177,Comfortable and safe environments for people with autism: preliminary analysis of risks and definition of priorities in the design phase,2021,Journal of Physics Conference Series,air,0,air_quality,attention,positive,,medium,abstract_only_reduced_table,abstract_only,"Abstract People with autism deserve specific attention as concern environmental comfort, well-being and accessibility of environments, not only because they are a significant and growing share of the total population, but also because they can show special sensitiveness to the variation and value of several environm...",no,cross_sectional_survey,unknown
doi:10.1088/1757-899X/609/4/042103,10.1088/1757-899X/609/4/042103,Methodology for assessing the indoor environmental quality in low energy buildings in the Czechia,2019,IOP Conference Series: Materials Science and Engineering,thermal,0,thermal,productivity,unknown,,low,abstract_only_reduced_table,abstract_only,"Contemporary design, realization and operation of buildings based on cost-effective energy savings has an impact on the quality of the indoor environment. We meet completely new questions about the quality of the indoor environment in buildings with low energy consumption in terms of thermal comfort, air quality, ac...",no,cross_sectional_survey,unknown
doi:10.17576/jkukm-2025-37(5)-32,10.17576/jkukm-2025-37(5)-32,"Post-Occupancy Evaluation of Indoor Environmental Quality Parameters for Thermal, Visual, and Acoustic Comfort Conditions in a Malaysian Green Building: A Preliminary Study",2025,Jurnal Kejuruteraan,thermal,0,thermal,unspecified_outcome,positive,,low,abstract_only_reduced_table,abstract_only;weak_variable_resolution,"Although most international green building rating tools emphasise green features to enhance indoor environmental quality (IEQ), several post-occupancy studies have reported occupant dissatisfaction with specific IEQ parameters during the operational stage of a building. Therefore, a post-occupancy evaluation (POE) w...",no,cross_sectional_survey,unknown
doi:10.1109/I3DA65421.2025.11202105,10.1109/I3DA65421.2025.11202105,Aural Dissipation: Investigating Spatial Acoustic Behavior Through Electroacoustic Harp Performance and Multichannel Spatialization in a Cooling Tower,2025,2025 Immersive and 3D Audio: from Architecture to Automotive (I3DA),acoustic,0,noise,attention,unknown,,low,abstract_only_reduced_table,abstract_only,"Aural Dissipation is a site-specific sound installation that explores the possibility of perceiving architectural space as an acoustic instrument. The work takes place inside the cooling tower of a decommissioned power plant, where the structure’s volume and reverberant surfaces become sonic material to be investiga...",no,cross_sectional_survey,conceptual_framework
doi:10.1080/01426397.2024.2372441,10.1080/01426397.2024.2372441,Sonic Gathering Place: implementation of a biophilic soundscape design and its evaluation,2024,Landscape Research,acoustic,0,noise,attention,positive,,medium,abstract_only_reduced_table,abstract_only,Abstract The Sonic Gathering Place (SGP) is a prototype urban furniture installation that uses sound design to enhance the biophilic effects of plants. It uses field recordings from four different biomes in South-Eastern Australia mixed with plants that are representative of those biomes. The SGP has a circular seat...,no,cross_sectional_survey,unknown
doi:10.1093/braincomms/fcaf496,10.1093/braincomms/fcaf496,Subjective time perception in dementia: a behavioural and neuroanatomical analysis.,2026,Brain communications,other,0,unspecified_environment,unspecified_outcome,unknown,,low,abstract_only_reduced_table,abstract_only;weak_variable_resolution,"Subjective time perception-the modulation of elapsed clock time by sensory, homeostatic and psychological factors-is fundamental to how we experience the world. People with Alzheimer's disease and frontotemporal dementia often exhibit clinically relevant symptoms of altered temporal awareness but these are poorly un...",no,cross_sectional_survey,observational_field
doi:10.1177/1351010x18756800,10.1177/1351010x18756800,Effects of low-frequency noise on human cognitive performances in laboratory,2018,Building Acoustics,acoustic,0,noise,stress,null,,medium,abstract_only_reduced_table,abstract_only,"Indoor working and living environments are increasingly exposed to low-frequency noise sources. The well-known relationship between noise conditions and effects on human health requires the development of a proper procedure to evaluate the stress due to acoustical factors. For this purpose, an experiment, based on S...",no,cross_sectional_survey,theoretical
doi:10.3390/buildings14041100,10.3390/buildings14041100,Experimental Evaluation of Noise Exposure Effects on Subjective Perceptions and Cognitive Performance,2024,Buildings,acoustic,0,noise,cognition,mixed,,medium,abstract_only_reduced_table,abstract_only,"Individuals exposed to elevated noise levels experience heightened emotional intensity, leading to increased cognitive disruption and a higher likelihood of accidents. This study seeks to investigate the impact of noise exposure on human cognitive performance, and the moderating role of emotion. Twelve healthy male ...",no,cross_sectional_survey,theoretical
doi:10.1523/JNEUROSCI.0929-25.2025,10.1523/JNEUROSCI.0929-25.2025,Survey of hippocampal responses to sound in naïve mice reveals widespread activation by broadband noise onsets.,2025,The Journal of neuroscience : the official journal of the Society for Neuroscience,acoustic,0,noise,unspecified_outcome,unknown,,low,abstract_only_reduced_table,abstract_only;weak_variable_resolution,"Recent studies suggest some hippocampal (HC) neurons respond to passively presented sounds in naïve subjects, but the specificity and prevalence of these responses remain unclear. We used Neuropixels probes to record unit activity across layers in mid-ventral HC and auditory cortex (ACtx) of awake, untrained mice (m...",no,cross_sectional_survey,unknown
doi:10.4103/nah.nah_6_22,10.4103/nah.nah_6_22,Effects of Noise Type and Noise Sensitivity on Working Memory and Noise Annoyance,2022,Noise and Health,acoustic,0,noise,cognition,unknown,,low,abstract_only_reduced_table,abstract_only,Objective: This study explored the interaction between environment and behavior and analyzed the effect of physical environment stimuli and individual differences on environmental perception. Methods: We investigated the effects of two kinds of noise sensitivities (high sensitivity and low sensitivity) and three kin...,no,cross_sectional_survey,empirical_v2
doi:10.3389/fpsyg.2021.715301,10.3389/fpsyg.2021.715301,The Negative Impact of Noise on Adolescents’ Executive Function: An Online Study in the Context of Home-Learning During a Pandemic,2021,Frontiers in Psychology,acoustic,0,noise,productivity,positive,,medium,abstract_only_reduced_table,abstract_only,"UNICEF estimates that 1.6 billion children across the world have had their education impacted by COVID-19 and have attempted to continue their learning at home. With ample evidence showing a negative impact of noise on academic achievement within schools, the current pre-registered study set out to determine what as...",no,cross_sectional_survey,unknown
doi:10.1044/2024_jslhr-24-00333,10.1044/2024_jslhr-24-00333,Executive Function Associations With Audibility-Adjusted Speech Perception in Noise,2024,Journal of Speech Language and Hearing Research,cognition,0,noise,cognition,negative,,medium,abstract_only_reduced_table,abstract_only,"Purpose: Speech recognition in noise is challenging for listeners and appears to require support from executive functions to focus attention on rapidly unfolding target speech, track misunderstanding, and sustain attention. The current study was designed to test the hypothesis that lower executive function abilities...",no,cross_sectional_survey,observational_field
doi:10.1016/j.envint.2025.109932,10.1016/j.envint.2025.109932,A cross-sectional study on the association between environmental residential noise exposure with cognitive functioning and structural markers of brain damage - The Maastricht study.,2025,Environment international,acoustic,0,noise,cognition,unknown,,low,abstract_only_reduced_table,abstract_only,"Environmental noise negatively impacts physical and mental health, but its effects on brain health remain unclear. This study investigates associations between environmental noise exposure (objective and self-reported), cognitive functioning, and structural brain markers in a large adult population, while considerin...",no,cross_sectional_survey,empirical_v2
doi:10.1037/a0028331,10.1037/a0028331,Socioeconomic risk moderates the link between household chaos and maternal executive function.,2012,Journal of Family Psychology,cognition,0,noise,cognition,mixed,,medium,abstract_only_reduced_table,abstract_only,"We examined the link between household chaos (i.e., noise, clutter, disarray, lack of routines) and maternal executive function (i.e., effortful regulation of attention and memory), and whether it varied as a function of socioeconomic risk (i.e., single parenthood, lower mother and father educational attainment, hou...",no,cross_sectional_survey,unknown
doi:10.1186/s40537-019-0197-0,10.1186/s40537-019-0197-0,A survey on Image Data Augmentation for Deep Learning,2019,Journal Of Big Data,cognition,0,unspecified_environment,attention,positive,,low,abstract_only_reduced_table,abstract_only;weak_variable_resolution,"Abstract Deep convolutional neural networks have performed remarkably well on many Computer Vision tasks. However, these networks are heavily reliant on big data to avoid overfitting. Overfitting refers to the phenomenon when a network learns a function with very high variance such as to perfectly model the training...",no,cross_sectional_survey,unknown
doi:10.3390/s26010153,10.3390/s26010153,Classification of Point Cloud Data in Road Scenes Based on PointNet+.,2025,"Sensors (Basel, Switzerland)",acoustic,0,noise,unspecified_outcome,positive,,low,abstract_only_reduced_table,abstract_only;weak_variable_resolution,"Point cloud data, with its rich information and high-precision geometric details, holds significant value for urban road infrastructure surveying and management. To overcome the limitations of manual classification, this study employs deep learning techniques for automated point cloud feature extraction and classifi...",no,cross_sectional_survey,conceptual_framework
doi:10.3390/ijerph15071479,10.3390/ijerph15071479,"A Multilevel Analysis of Perceived Noise Pollution, Geographic Contexts and Mental Health in Beijing",2018,International Journal of Environmental Research and Public Health,affect,0,noise,stress,mixed,,medium,abstract_only_reduced_table,abstract_only,"With rapid urbanization and increase in car ownership, ambient noise pollution resulting from diversified sources (e.g., road traffic, railway, commercial services) has become a severe environmental problem in the populated areas in China. However, research on the spatial variation of noise pollution and its potenti...",no,cross_sectional_survey,unknown
doi:10.1016/j.healthplace.2025.103455,10.1016/j.healthplace.2025.103455,Influence pathways of noise exposure on people's negative emotions and health across different activity contexts: A neural network-based double machine learning approach.,2025,Health & place,affect,0,noise,stress,positive,,medium,abstract_only_reduced_table,abstract_only,"Noise is a major global environmental issue that raises concerns about both mental and physical health. However, few studies have investigated the mediating role of emotions in the pathways linking noise exposure to health outcomes. Additionally, many studies have overlooked the varying effects of noise across diffe...",no,cross_sectional_survey,conceptual_framework
doi:10.4103/nah.nah_174_25,10.4103/nah.nah_174_25,Mediating Role of Building Vibration Noise in the Relationship between Housing Type and Mental Health: Evidence from a Taiwanese Online Survey.,2025,Noise and Health,acoustic,0,noise,stress,positive,,medium,abstract_only_reduced_table,abstract_only,"OBJECTIVES
Prior research has documented associations between environmental noise and mental health; however, the impact of building vibration noise remains unclear. This study aimed to test a mediation model evaluating whether specific noise types mediate the association between housing type and mental health among...",no,cross_sectional_survey,empirical_v2
doi:10.4103/1463-1741.99892,10.4103/1463-1741.99892,Noise and stress effects on preschool personnel.,2012,Noise & health,acoustic,0,noise,stress,negative,,medium,abstract_only_reduced_table,abstract_only,"The aim of the study was to analyze the presence of stress-related health problems among preschool employees and the way in which these reactions are related to noise and other work parameters. The investigation included 101 employees at 17 preschools in Umeå County, located in northern Sweden. Individual noise reco...",no,cross_sectional_survey,unknown
doi:10.1108/jmp-09-2019-0534,10.1108/jmp-09-2019-0534,Office types and workers' cognitive vs affective evaluations from a noise perspective,2020,Journal of Managerial Psychology,acoustic,0,noise,mood,mixed,,medium,abstract_only_reduced_table,abstract_only,"PurposeThis study aims to examine the links between office types (cellular, shared-room, small and medium-sized open-plan) and employees' subjective well-being regarding cognitive and affective evaluations and the role perceived noise levels at work has on the aforementioned associations.Design/methodology/approachA...",no,cross_sectional_survey,thought_piece
doi:10.1109/TPAMI.2021.3094362,10.1109/TPAMI.2021.3094362,Affective Image Content Analysis: Two Decades Review and New Perspectives,2021,IEEE Transactions on Pattern Analysis and Machine Intelligence,affect,0,noise,mood,unknown,,low,abstract_only_reduced_table,abstract_only,"Images can convey rich semantics and induce various emotions in viewers. Recently, with the rapid advancement of emotional intelligence and the explosive growth of visual data, extensive research efforts have been dedicated to affective image content analysis (AICA). In this survey, we will comprehensively review th...",no,cross_sectional_survey,thought_piece
doi:10.1038/s41597-025-06165-4,10.1038/s41597-025-06165-4,LLaMAC: low-cost biosignal sensor based large multimodal dataset for affective computing.,2025,Scientific data,affect,0,noise,mood,positive,,medium,abstract_only_reduced_table,abstract_only,"The LLaMAC dataset was developed to predict the success of audio-visual media via emotion prediction. It was created using low-cost biosignal sensors, with emotional questionnaires in both continuous (valence, arousal, dominance) and discrete domains (emotion type and intensity: neutral, fun, sadness, anger, fear), ...",no,cross_sectional_survey,unknown
doi:10.3390/ijerph13050444,10.3390/ijerph13050444,Perceived Indoor Environment and Occupants’ Comfort in European “Modern” Office Buildings: The OFFICAIR Study,2016,International Journal of Environmental Research and Public Health,thermal,0,air_quality,mood,unknown,,low,abstract_only_reduced_table,abstract_only,"Indoor environmental conditions (thermal, noise, light, and indoor air quality) may affect workers’ comfort, and consequently their health and well-being, as well as their productivity. This study aimed to assess the relations between perceived indoor environment and occupants’ comfort, and to examine the modifying ...",no,cross_sectional_survey,conceptual_framework
doi:10.1016/j.apacoust.2021.108379,10.1016/j.apacoust.2021.108379,"Indoor soundscapes at home during the COVID-19 lockdown in London - Part II: A structural equation model for comfort, content, and well-being.",2022,Applied acoustics. Acoustique applique. Angewandte Akustik,acoustic,0,noise,mood,unknown,,low,abstract_only_reduced_table,abstract_only,"The present work constitutes the sequel to the analysis of data from an online survey administered to 464 home workers in London in January 2021 during the COVID-19 lockdown. Perceived affective quality of indoor soundscapes has been assessed in the survey through a previously developed model, as the combination of ...",no,cross_sectional_survey,unknown
doi:10.1021/acs.est.5c09320,10.1021/acs.est.5c09320,"Association of Outdoor Residential Noise Exposure with Early Childhood Neurodevelopment among Preschoolers in Shanghai, China.",2026,Environmental science & technology,affect,0,noise,mood,mixed,,medium,abstract_only_reduced_table,abstract_only,"Developmental delays represent a significant public health issue among preschoolers. Previous research has linked noise to emotional or behavioral problems in children; however, the association between noise and developmental delays remains unclear. To examine this association, a total of 12,130 children aged 3 to 5...",no,cross_sectional_survey,unknown
doi:10.3390/ijerph18179145,10.3390/ijerph18179145,"Effects of Exposure to Road, Railway, Airport and Recreational Noise on Blood Pressure and Hypertension",2021,International Journal of Environmental Research and Public Health,affect,0,noise,stress,positive,,medium,abstract_only_reduced_table,abstract_only,"Noise is one of the most diffused environmental stressors affecting modern life. As such, the scientific community is committed to studying the main emission and transmission mechanisms aiming at reducing citizens’ exposure, but is also actively studying the effects that noise has on health. However, scientific lite...",no,cross_sectional_survey,theoretical
doi:10.1136/oem.52.3.170,10.1136/oem.52.3.170,Influence of indoor air quality and personal factors on the sick building syndrome (SBS) in Swedish geriatric hospitals.,1995,Occupational and Environmental Medicine,air,0,thermal,stress,positive,,medium,abstract_only_reduced_table,abstract_only,"OBJECTIVES--Sick building syndrome (SBS) involves symptoms such as irritation to the eyes, skin, and upper airways, headache, and fatigue. The relations between such symptoms and both personal and environmental factors were studied in 225 female hospital workers, working in eight hospital units in the south of Swede...",no,cross_sectional_survey,unknown
doi:10.15507/3034-6231.001.202502.168-176,10.15507/3034-6231.001.202502.168-176,"The Impact of Noise Exposure on Psychophysiological 
Parameters in Students",2025,Medicine and Biotechnology,cognition,0,noise,attention,mixed,10,medium,abstract_only_reduced_table,abstract_only;n=10,"Introduction. Currently, noise is regarded not only as a harmful occupational factor but also as a significant physical element of the living environment, constituting an integral part of human life. The aim of this study is to determine noise exposure levels in higher education institutions and assess its impact on...",no,cross_sectional_survey,unknown
doi:10.1038/s41598-023-39004-w,10.1038/s41598-023-39004-w,"Variation in the stringency of COVID-19 public health measures on self-reported health, stress, and overall wellbeing in Canada",2023,Scientific Reports,affect,0,noise,stress,mixed,,medium,abstract_only_reduced_table,abstract_only,"Evidence is building regarding the association between government implemented public health measures aimed at combating COVID-19 and their impacts on health. This study investigated the relationship between the stringency of public health measures implemented in Canada and self-reported mental health, physical healt...",no,cross_sectional_survey,thought_piece
doi:10.1093/annweh/wxaf036,10.1093/annweh/wxaf036,"Bus-exposure matrix, a tool to assess bus drivers' exposure to physicochemical hazards.",2025,Annals of work exposures and health,acoustic,0,noise,stress,mixed,,medium,abstract_only_reduced_table,abstract_only,"Swiss bus drivers suffer from musculoskeletal disorders, fatigue, and stress and have an excessive mortality from lung cancer and suicide compared to other workers. However, their occupational exposure is poorly documented. We created a bus-exposure matrix (BEM) to determine occupational exposures to 10 types of phy...",no,cross_sectional_survey,unknown
doi:10.1016/j.landusepol.2020.104886,10.1016/j.landusepol.2020.104886,"Neighborhood characteristics, neighborhood satisfaction, and well-being: The links with neighborhood deprivation",2020,Land Use Policy,acoustic,0,noise,mood,mixed,,medium,abstract_only_reduced_table,abstract_only,"It has been argued that the residential environment could play a role in the lower health and well-being commonly found in deprived areas. Yet, more knowledge is needed on how residential environmental quality together with neighborhood satisfaction relate to neighborhood socioeconomic deprivation. This paper explor...",no,cross_sectional_survey,unknown
doi:10.4103/nah.nah_110_25,10.4103/nah.nah_110_25,Effects of White Noise Combined with Sensory Stimulation Nursing on Compliance and Stress Response in Young Children Undergoing Rigid Nasopharyngoscopy,2025,Noise and Health,affect,0,noise,stress,mixed,200,medium,abstract_only_reduced_table,abstract_only;n=200,Objective: This study aimed to evaluate the effects of white noise combined with sensory stimulation nursing on compliance and stress response in young children undergoing rigid nasopharyngoscopy examination. Methods: A retrospective cohort study was conducted on 400 children aged 2–6 years who underwent rigid nasop...,no,cross_sectional_survey,observational_field
doi:10.4103/nah.nah_1_25,10.4103/nah.nah_1_25,Dose–Response Relationship Between Aircraft Noise Exposure and Community Annoyance: A Case Study of Hangzhou Xiaoshan International Airport,2025,Noise and Health,acoustic,0,noise,unspecified_outcome,positive,,low,abstract_only_reduced_table,abstract_only;weak_variable_resolution,"Objective: With increasing air traffic, aircraft noise pollution near Hangzhou Xiaoshan International Airport has intensified, raising concerns about community annoyance. Compared with a 2012 study, community responses to aircraft noise may have evolved, necessitating an updated dose–response relationship. This stud...",no,cross_sectional_survey,case_study
doi:10.3390/ijerph182312628,10.3390/ijerph182312628,Ethnic Differences in Environmental Restoration: Arab and Jewish Women in Israel.,2021,International journal of environmental research and public health,cognition,0,noise,attention,positive,,medium,abstract_only_reduced_table,abstract_only,"Throughout the last few decades, plenty of attention has been paid to restorative environments that positively affect human psychological health. These studies show that restorative environments affect human beings emotionally, physiologically, and cognitively. Some studies focus on the cognitive effects of exposure...",no,cross_sectional_survey,unknown
doi:10.3389/fbuil.2025.1544177,10.3389/fbuil.2025.1544177,Research on guest comfort and satisfaction with indoor environmental quality in former GBI-certified green hotels: a study case from Malaysia,2025,Frontiers in Built Environment,air,0,air_quality,attention,positive,,medium,abstract_only_reduced_table,abstract_only,"This study examines the impact of Indoor Environmental Quality (IEQ) on guest comfort and satisfaction in former Green Building Index (GBI)-certified green hotels in Malaysia’s historic cities, including Kuala Lumpur, Melaka, and Penang. With many hotels moving away from certification, it highlights the need to main...",no,cross_sectional_survey,unknown
doi:10.1007/s11356-019-04640-1,10.1007/s11356-019-04640-1,Traffic noise exposure of high-rise residential buildings in urban area,2019,Environmental Science and Pollution Research,acoustic,0,noise,mood,positive,,medium,abstract_only_reduced_table,abstract_only,"Noise pollution is a major factor of environmental complaints in many cities, which has significant impacts on human health. As a dominating source of environmental noise, the impact of road traffic noise is increasing. Residents living in high-rise buildings along the main road are severely affected by traffic nois...",no,cross_sectional_survey,unknown
doi:10.1002/nur.70018,10.1002/nur.70018,"Sleep Hygiene, Sleep Quality, and Psychological Stress Among Adults With Cardiovascular Risk.",2025,Research in nursing & health,thermal,0,noise,stress,positive,,medium,abstract_only_reduced_table,abstract_only,Poor sleep quality and psychological stress are interrelated and disproportionately affect adults with multiple cardiovascular disease (CVD) risk factors. Maintaining an optimal home environment and engaging in healthy bedtime behaviors are important components of sleep hygiene practices that influence sleep health....,no,cross_sectional_survey,empirical_v2
doi:10.1016/j.aucc.2025.101205,10.1016/j.aucc.2025.101205,Measuring comfort with the Comfort Questionnaire (CQ)-ICU in critically ill patients during intensive care unit stay: A cross-sectional study.,2025,Australian critical care : official journal of the Confederation of Australian Critical Care Nurses,thermal,0,unspecified_environment,stress,unknown,,low,abstract_only_reduced_table,abstract_only;weak_variable_resolution,"Stress factors have been studied in critically ill patients; however, there is a paucity of research examining the holistic aspects of comfort in this population.",no,cross_sectional_survey,empirical_v2
doi:10.28991/cej-2019-03091253,10.28991/cej-2019-03091253,Psychological Influence of Advertising Billboards on City Sight,2019,Civil Engineering Journal,acoustic,0,noise,attention,mixed,,medium,abstract_only_reduced_table,abstract_only,"The most important contributions of metropolitan cities to modernity is its noise pollution and visual, and structural disturbances in urban life. Due to the fact that these cities have entered into a new world that has not experienced any of its principles before it has tested the urban structure and has a proper c...",no,cross_sectional_survey,thought_piece
doi:10.1111/ina.12696,10.1111/ina.12696,Associations of perceived indoor environmental quality with stress in the workplace.,2020,Indoor air,thermal,0,daylight,stress,positive,,medium,abstract_only_reduced_table,abstract_only,"Indoor environmental quality (IEQ) is a general indicator of the quality of conditions inside a building. We investigated associations of perceived IEQ including air quality, thermal comfort, noise, and light quality with stress at work and the extent to which workplace location modifies these associations. We recru...",no,cross_sectional_survey,unknown
doi:10.5194/NHESS-12-3421-2012,10.5194/NHESS-12-3421-2012,"Seismic site response of unstable steep slope using noise measurements: the case study of Xemxija Bay area, Malta",2012,,acoustic,0,noise,mood,negative,,medium,abstract_only_reduced_table,abstract_only,"Abstract. Landslide phenomena involve the northern coast of Malta, affecting in particular the urban area of Xemxija. Limestones overlying a clayey formation represent the shallower lithotypes that characterize the surficial geology of this area, where lateral spreading phenomena and rockfalls take place. Ambient no...",no,cross_sectional_survey,case_study
doi:10.1177/0013916582146002,10.1177/0013916582146002,Measuring Overall Architectural Quality,1982,Environment and Behavior,acoustic,0,noise,unspecified_outcome,unknown,,low,abstract_only_reduced_table,abstract_only;weak_variable_resolution,"Using data from a post-occupancy evaluation of an award-winning federal office building, asthetic or architectural quality and the factors associated with it are considered. Various measures of quality are derived from responses to questionnaires administered to three user groups: the office workers, public visitors...",no,cross_sectional_survey,unknown
doi:10.3397/in_2025_1074429,10.3397/in_2025_1074429,Outdoor-to-indoor noise perception survey of Canadians aging-in-place - preliminary results,2025,INTER-NOISE and NOISE-CON Congress and Conference Proceedings,acoustic,0,noise,mood,unknown,,low,abstract_only_reduced_table,abstract_only,"Worldwide, the population of aging adults is growing and recent studies in Canada have shown that most older adults would prefer to remain in their own homes as they age. Since indoor environmental quality directly affects the health and well-being of a building occupant, healthy aging
 in place will depend on the q...",no,cross_sectional_survey,unknown
doi:10.3389/fbuil.2022.688847,10.3389/fbuil.2022.688847,Toward Child-Appropriate Acoustic Measurement Methods in Primary Schools and Daycare Centers,2022,Frontiers in Built Environment,acoustic,0,noise,cognition,mixed,,medium,abstract_only_reduced_table,abstract_only,"Children spend a considerable amount of time in educational institutions, where they are constantly exposed to noisy sound environments, which has detrimental effects on children’s health and cognitive development. Extensive room acoustics measurements and long-term in-situ measurements in such institutions are scar...",no,cross_sectional_survey,unknown
doi:10.1121/10.0023459,10.1121/10.0023459,Effects of sounds on the visitors' experience in museums,2023,Journal of the Acoustical Society of America,acoustic,0,noise,attention,positive,,medium,abstract_only_reduced_table,abstract_only,"Museums increasingly recognize the significance of acoustics for a high-quality visitor experience. Objective/physical parameters have been extensively studied, but there is a need for research focusing on user perception. This study addressed this gap by investigating visitors' soundscape preferences and the effect...",no,cross_sectional_survey,unknown
doi:10.1080/00140139.2017.1306631,10.1080/00140139.2017.1306631,"Noise disturbance in open-plan study environments: a field study on noise sources, student tasks and room acoustic parameters.",2017,Ergonomics,acoustic,0,noise,cognition,unknown,,low,abstract_only_reduced_table,abstract_only,"The aim of this study is to gain more insight in the assessment of noise in open-plan study environments and to reveal correlations between noise disturbance experienced by students and the noise sources they perceive, the tasks they perform and the acoustic parameters of the open-plan study environment they work in...",no,cross_sectional_survey,unknown
doi:10.1162/coli_a_00364,10.1162/coli_a_00364,Argument Mining: A Survey,2019,Computational Linguistics,other,0,unspecified_environment,unspecified_outcome,unknown,,low,abstract_only_reduced_table,abstract_only;weak_variable_resolution,"Argument mining is the automatic identification and extraction of the structure of inference and reasoning expressed as arguments presented in natural language. Understanding argumentative structure makes it possible to determine not only what positions people are adopting, but also why they hold the opinions they d...",no,cross_sectional_survey,thought_piece
sha256:2d712ac0dc68,,The human factors of sustainable building design: post occupancy evaluation of the Philip Merrill Environmental Center,2005,eScholarship (California Digital Library),thermal,0,unspecified_environment,productivity,positive,,low,abstract_only_reduced_table,abstract_only;weak_variable_resolution,"It is widely believed that sustainable building design strategies create improved indoor environmental quality and should, thus, be associated with improved occupant comfort, satisfaction, health, and work performance relative to buildings designed around standard practices. Yet, this belief remains a hypothesis wit...",no,cross_sectional_survey,interview_study
doi:10.3991/ijet.v15i02.11537,10.3991/ijet.v15i02.11537,Formation of Design and Research Competencies in Future Teachers in the Framework of STEAM Education,2020,International Journal of Emerging Technologies in Learning (iJET),other,0,unspecified_environment,unspecified_outcome,unknown,,low,abstract_only_reduced_table,abstract_only;weak_variable_resolution,"In today's digital society and economy, professions associated with high technologies are becoming increasingly in demand: programmers, system en-gineers, IT specialists, biotechnologists, project leaders, etc. In this regard, school graduates are required not just good knowledge of school subjects, but also knowled...",no,cross_sectional_survey,thought_piece
doi:10.25144/16164,10.25144/16164,INVESTIGATION OF THE EFFECTS OF ROOM ACOUSTICS STIMULI ON REWARD REGIONS IN THE BRAIN,2023,Auditorium Acoustics 2015,acoustic,0,noise,unspecified_outcome,unknown,,low,abstract_only_reduced_table,abstract_only;weak_variable_resolution,"Typical room acoustic studies rely on subjective perceptions to recommend architectural design through the use of surveys,1 formal listening tests,2 or sensory analysis techniques.3 Subjective data heavily depend on the construct,4 i.e. the conceptual theory being tested. With an abstract or hardto-define construct,...",no,cross_sectional_survey,theoretical
doi:10.1121/10.0039807,10.1121/10.0039807,Singing in virtual versus real rooms: Is it the same?,2025,The Journal of the Acoustical Society of America,acoustic,0,noise,productivity,negative,,medium,abstract_only_reduced_table,abstract_only,"Previous research suggests that singers adjust their vocal production in response to different acoustic environments. This study investigated how virtual and real-room acoustics influence singers' vocal performance by analyzing vibrato rate, vibrato extent, and quality ratio. Ten classically trained singers performe...",no,cross_sectional_survey,unknown
doi:10.1080/14015439.2019.1595131,10.1080/14015439.2019.1595131,Implementation and evaluation of a teacher intervention program on classroom communication,2019,Logopedics Phoniatrics Vocology,acoustic,0,noise,mood,mixed,,medium,abstract_only_reduced_table,abstract_only,"<b>Background:</b> Media frequently report on overall work-place challenges in Swedish schools, including teachers' working conditions, their well-being, and students' declining results. Language is the key to success in every school subject. Therefore, optimal language learning environments are important. Poor soun...",no,cross_sectional_survey,unknown
doi:10.3397/1/37678,10.3397/1/37678,Acoustics vs. psychoacoustics: An objective and subjective analysis of classroom acoustics in Singapore,2019,Noise Control Engineering Journal,acoustic,0,noise,productivity,positive,,medium,abstract_only_reduced_table,abstract_only,"Studies on the impact of psychoacoustics on noise annoyance especially for classroom environment were scarce. This article presents the results of a series of investigations on several classrooms on a university campus. Few objective measurement results such as sound pressure level, loudness and sharpness are obtain...",no,cross_sectional_survey,unknown
doi:10.1016/j.jenvman.2024.121786,10.1016/j.jenvman.2024.121786,A large-scale assessment of eastern whip-poor-will (Antrostomus vociferus) occupancy across a gradient of forest management intensity using autonomous recording units.,2024,Journal of environmental management,biophilic,0,noise,unspecified_outcome,mixed,,low,abstract_only_reduced_table,abstract_only;weak_variable_resolution,"Conservationists spend considerable resources to create and enhance wildlife habitat. Monitoring how species respond to these efforts helps managers allocate limited resources. However, monitoring efforts often encounter logistical challenges that are exacerbated as geographic extent increases. We used autonomous re...",no,cross_sectional_survey,methods_protocol
doi:10.30829/contagion.v5i3.15693,10.30829/contagion.v5i3.15693,The Influence of Physical and Mental Workload and Energy Intake on Nurse Work Fatigue in the Inpatient Room of the Dr. Pirngadi Regional General Hospital,2023,Contagion: Scientific Periodical Journal of Public Health and Coastal Health,other,0,unspecified_environment,sleep,unknown,,low,abstract_only_reduced_table,abstract_only;weak_variable_resolution,"<div><table cellspacing=""0"" cellpadding=""0"" align=""left""><tbody><tr><td align=""left"" valign=""top""><p><em>Fatigue is a mechanism in which the body has to warn that something is disturbing the body, and it can recover after resting. Fatigue is one of the factors causing work accidents which causes as many as 2 million...",no,cross_sectional_survey,theoretical
doi:10.3389/fpsyg.2025.1535603,10.3389/fpsyg.2025.1535603,Mediating effects of grit and perceived social support between resilience and post-traumatic growth in the emergency room nurses,2025,Frontiers in Psychology,affect,0,unspecified_environment,cognition,negative,,low,abstract_only_reduced_table,abstract_only;weak_variable_resolution,"Emergency room (ER) nurses are frequently exposed to traumatic events, leading to mental fatigue and reduced quality of life. However, to overcome such events, some nurses exhibit positive psychological transformation and behavioural change, known as post-traumatic growth (PTG). This cross-sectional descriptive stud...",no,cross_sectional_survey,empirical_v2
doi:10.1088/1755-1315/588/3/032063,10.1088/1755-1315/588/3/032063,Noise exposure ‘the new secondhand smoke’ - How is it addressed in building certification schemes,2020,IOP Conference Series: Earth and Environment,acoustic,0,noise,mood,positive,,medium,abstract_only_reduced_table,abstract_only,"(introduction) Building certification schemes have expanded to include both the environmental impact of the construction and operation of the building, as well as the building’s influence on the occupants. Drawing attention to the indoor environmental quality, thus the well-being of the occupants, means evaluating a...",no,cross_sectional_survey,unknown
doi:10.1121/1.4904528,10.1121/1.4904528,A survey of acoustic conditions and noise levels in secondary school classrooms in England,2015,The Journal of the Acoustical Society of America,acoustic,0,noise,mood,negative,,medium,abstract_only_reduced_table,abstract_only,An acoustic survey of secondary schools in England has been undertaken. Room acoustic parameters and background noise levels were measured in 185 unoccupied spaces in 13 schools to provide information on the typical acoustic environment of secondary schools. The unoccupied acoustic and noise data were correlated wit...,no,cross_sectional_survey,unknown
sha256:f0ac28d766e1,,Communication acoustics in classroom environments : on the use of assistive listening devices,2010,"Publications (Konstfack University of Arts, Crafts, and Design)",acoustic,0,noise,mood,mixed,,medium,abstract_only_reduced_table,abstract_only,"Assistive listening devices (ALDs) are used in classrooms to assist communication for students with hearing loss. An ALD, a system of external microphones, transmits sound directly to the students' hearing aids. The signal is coupled to the hearing aid using a radio frequency (FM) or an induction loop (IL) system. U...",no,cross_sectional_survey,interview_study
doi:10.3390/s23115254,10.3390/s23115254,A Quantitative Evaluation of the Performance of the Low-Cost AudioMoth Acoustic Recording Unit.,2023,"Sensors (Basel, Switzerland)",acoustic,0,noise,productivity,positive,,medium,abstract_only_reduced_table,abstract_only,"The AudioMoth is a popular autonomous recording unit (ARU) that is widely used to record vocalizing species in the field. Despite its growing use, there have been few quantitative tests on the performance of this recorder. Such information is needed to design effective field surveys and to appropriately analyze reco...",no,cross_sectional_survey,empirical_v2
doi:10.61782/fa.2023.0957,10.61782/fa.2023.0957,Teachers' voice use and wellbeing in relation to the classroom acoustics and background noise,2022,Proceedings of the 10th Convention of the European Acoustics Association Forum Acusticum 2023,acoustic,0,noise,stress,mixed,,medium,abstract_only_reduced_table,abstract_only,"* Although many studies have shown that teachers’ vocal health is challenged by noise and the room acoustics, research on classroom sound environment from the perspective of teachers’ well-being is scarce. This study aimed to explore the relationship between teachers’ well-being, voice use and classroom acoustics. I...",no,cross_sectional_survey,thought_piece
doi:10.1121/1.2821972,10.1121/1.2821972,Noise in the operating rooms of Greek hospitals.,2008,The Journal of the Acoustical Society of America,acoustic,0,noise,attention,positive,,medium,abstract_only_reduced_table,abstract_only,This study is an evaluation of the problem of noise pollution in operating rooms. The high sound pressure level of noise in the operating theatre has a negative impact on communication between operating room personnel. The research took place at nine Greek public hospitals with more than 400 beds. The objective eval...,no,cross_sectional_survey,unknown
doi:10.1162/096112104322750791,10.1162/096112104322750791,Displaced Soundscapes: A Survey of Network Systems for Music and Sonic Art Creation,2003,Leonardo Music Journal,acoustic,0,noise,unspecified_outcome,unknown,,low,abstract_only_reduced_table,abstract_only;weak_variable_resolution,"The introduction of various collaborative tools, made possible by the expansion of computer network systems and communications technology, has led to new methods of musical composition and improvisation. The author describes a number of recent music and sound art projects involving the use of network systems that en...",no,cross_sectional_survey,unknown
doi:10.1007/s10984-020-09339-6,10.1007/s10984-020-09339-6,Learning environments preferred by university students: a shift toward informal and flexible learning environments,2020,Learning Environments Research,cognition,0,unspecified_environment,attention,positive,,low,abstract_only_reduced_table,abstract_only;weak_variable_resolution,"Abstract Universities are facing new challenges that pose various demands for developing learning environments. These challenges are related to different pedagogical approaches, the use of information and communications technology (ICT), the diversification of student populations, and new expectations related to wor...",no,cross_sectional_survey,thought_piece
doi:10.3390/buildings15060915,10.3390/buildings15060915,Experimental Analysis of Sound Propagation and Room Acoustics in Airport Terminal Piers,2025,Buildings,acoustic,0,noise,unspecified_outcome,mixed,,low,abstract_only_reduced_table,abstract_only;weak_variable_resolution,"With the rapid expansion of the aviation industry, pier-style departure lounges have become increasingly prevalent in modern airport terminals. Unlike traditional long enclosures—such as corridors, tunnels, and subway stations—airport terminal piers feature unique geometries, volumes, and interior finishes which com...",no,cross_sectional_survey,empirical_v2
doi:10.3390/audiolres12050056,10.3390/audiolres12050056,Sound Quality Factors Inducing the Autonomous Sensory Meridian Response.,2022,Audiology research,acoustic,0,noise,unspecified_outcome,mixed,,low,abstract_only_reduced_table,abstract_only;weak_variable_resolution,The acoustical characteristics of auditory triggers often recommended to generate the autonomous sensory meridian response (ASMR) on Internet platforms were investigated by parameterizing their sound qualities following Zwicker's procedure and calculating autocorrelation (ACF)/interaural cross-correlation (IACF) fun...,no,cross_sectional_survey,unknown
doi:10.3397/in_2024_3566,10.3397/in_2024_3566,Acoustic refurbishments in a university lecture room: effects on speaker's comfort and voice use,2024,INTER-NOISE and NOISE-CON Congress and Conference Proceedings,acoustic,0,noise,mood,mixed,,medium,abstract_only_reduced_table,abstract_only,"Poor acoustic conditions in learning spaces have a detrimental effect on the speaker´s health and constitutes a risk factor for voice disorders. Previous research indicate that an acoustic refurbishment of the learning space has the potential to increase well-being and decrease
 voice related health problems among t...",no,cross_sectional_survey,empirical_v2
doi:10.1017/btd.2024.2,10.1017/btd.2024.2,Room Acoustics of Mycelium Textiles – the Myx Sail at the Danish Design Museum,2024,Research Directions: Biotechnology Design,acoustic,0,noise,stress,positive,,medium,abstract_only_reduced_table,abstract_only,"Taking the Myx Sail displayed at the Danish Design Museum as a case study, this article investigates the room acoustics of an architectural installation made of Mycelium Textiles. Mycelium Textiles represent a novel typology of mycelium based composites (MBC). The Myx Sail absorbers are grown on a composition of dif...",no,cross_sectional_survey,case_study
doi:10.54740/ros.2025.014,10.54740/ros.2025.014,Assessment of Thermal Comfort in the Intelligent Building – Differences in Room Users' Perceptions,2025,Rocznik Ochrona Srodowiska,thermal,0,thermal,attention,unknown,,low,abstract_only_reduced_table,abstract_only,"The article discusses possible differences in subjective assessment of thermal sensations of people in the intelligent building ""Energis"" of Kielce University of Technology with a focus on the impact of gender. The measurements took place in 52 educational rooms, during which 1143 questionnaire forms were collected ...",no,cross_sectional_survey,unknown
doi:10.1145/3092831,10.1145/3092831,Deep Learning for Mobile Multimedia,2017,ACM Transactions on Multimedia Computing Communications and Applications,acoustic,0,unspecified_environment,attention,unknown,,low,abstract_only_reduced_table,abstract_only;weak_variable_resolution,"Deep Learning (DL) has become a crucial technology for multimedia computing. It offers a powerful instrument to automatically produce high-level abstractions of complex multimedia data, which can be exploited in a number of applications, including object detection and recognition, speech-to- text, media retrieval, m...",no,cross_sectional_survey,unknown
doi:10.69725/jipi.v2i1.328,10.69725/jipi.v2i1.328,"Employee Voice Mechanisms, Voice Embeddedness, and Silence in Tax Professionals",2025,Jurnal Inovasi Pajak Indonesia,acoustic,0,unspecified_environment,attention,unknown,,low,abstract_only_reduced_table,abstract_only;weak_variable_resolution,"Purpose – Building on social exchange theory and emotional dissonance hypothesis, we draw overarching attention to how formality of employee voice mechanism shapes employee silence via perceived voice embeddedness, with the moderating role of power distance orientation in professional tax environment.
Design/methodo...",no,cross_sectional_survey,theoretical
doi:10.1097/aud.0000000000000811,10.1097/aud.0000000000000811,"Family Environment in Children With Hearing Aids and Cochlear Implants: Associations With Spoken Language, Psychosocial Functioning, and Cognitive Development",2019,Ear and Hearing,cognition,0,air_quality,cognition,positive,10,medium,abstract_only_reduced_table,abstract_only;n=10,"Objectives: To examine differences in family environment and associations between family environment and key speech, language, and cognitive outcomes in samples of children with normal hearing and deaf and hard-of-hearing (DHH) children who use hearing aids and cochlear implants. Design: Thirty families of children ...",no,cross_sectional_survey,unknown
doi:10.3766/jaaa.25.9.9,10.3766/jaaa.25.9.9,Non-native Listeners’ Recognition of High-Variability Speech Using PRESTO,2014,Journal of the American Academy of Audiology,acoustic,0,noise,cognition,negative,25,medium,abstract_only_reduced_table,abstract_only;n=25,"Background: Natural variability in speech is a significant challenge to robust successful spoken word recognition. In everyday listening environments, listeners must quickly adapt and adjust to multiple sources of variability in both the signal and listening environments. High-variability speech may be particularly ...",no,cross_sectional_survey,unknown
doi:10.1071/ib23062,10.1071/ib23062,Capacity building for providers of cognitive rehabilitation in Queensland: a needs analysis survey.,2024,Brain Impairment,cognition,0,unspecified_environment,cognition,negative,,low,abstract_only_reduced_table,abstract_only;weak_variable_resolution,Background Cognitive rehabilitation of people with traumatic brain injury is a complex and challenging area of practice. Practitioners working in cognitive rehabilitation require ongoing training to stay abreast of new research and best practice interventions. A needs analysis was conducted to inform the development...,no,cross_sectional_survey,empirical_v2
doi:10.1108/jrit-10-2016-0007,10.1108/jrit-10-2016-0007,"Innovation in education: what works, what doesn’t, and what to do about it?",2017,Journal of Research in Innovative Teaching & Learning,acoustic,0,noise,attention,positive,,medium,abstract_only_reduced_table,abstract_only,"Purpose The purpose of this paper is to present an analytical review of the educational innovation field in the USA. It outlines classification of innovations, discusses the hurdles to innovation, and offers ways to increase the scale and rate of innovation-based transformations in the education system. Design/metho...",no,cross_sectional_survey,theoretical
doi:10.1111/1460-6984.12533,10.1111/1460-6984.12533,An optimal environment for placement learning: listening to the voices of speech and language therapy students.,2020,International journal of language and communication disorders,acoustic,0,unspecified_environment,unspecified_outcome,positive,,low,abstract_only_reduced_table,abstract_only;weak_variable_resolution,"BACKGROUND
Placements are a core component of learning within speech and language therapy (SLT) undergraduate and postgraduate university programmes. They facilitate the development of students' professional and clinical competencies and socialization into the profession. It is indicated that an optimal environment ...",no,cross_sectional_survey,thought_piece
doi:10.1093/ptj/pzad152,10.1093/ptj/pzad152,Structural Equation Modeling: Effects of Master Adaptive Learner and Clinical Learning Environment Attributes on Career Satisfaction and Intention to Stay.,2023,Physical Therapy,acoustic,0,unspecified_environment,unspecified_outcome,positive,436,low,abstract_only_reduced_table,abstract_only;n=436;weak_variable_resolution,"OBJECTIVE
The objective of this observational study was to test a proposed conceptual model depicting the influence of personal and environmental attributes of clinical learning environments on rehabilitation professionals' career satisfaction and intention to stay with their current organization. The mediating effe...",no,cross_sectional_survey,observational_field
doi:10.26883/2010.211.3134,10.26883/2010.211.3134,SPEECH DEVELOPMENT OF CHILDREN IN KINDERGARTEN IN A TEXT-CENTRIC AND INTERACTIVE LEARNING ENVIRONMENT,2021,Education and Technologies Journal,acoustic,0,unspecified_environment,unspecified_outcome,positive,,low,abstract_only_reduced_table,abstract_only;weak_variable_resolution,This article presents an anonymous (for the purpose of objectivity) survey amongst 75 teachers from 27 kindergartens from all over the country. It analyses the kindergarten teachers’ attitude towards the role of text and interactivity when teaching Bulgarian Language and Literature. The online survey covers 20 quest...,no,cross_sectional_survey,conceptual_framework
doi:10.1044/2025_persp-24-00182,10.1044/2025_persp-24-00182,Building Empathy and Clinical Intervention Skills in Dementia Care Through an Experiential Simulation,2025,Perspectives of the ASHA Special Interest Groups,acoustic,0,unspecified_environment,stress,mixed,,low,abstract_only_reduced_table,abstract_only;weak_variable_resolution,"The increasing prevalence of dementia poses significant challenges for speech-language pathologists (SLPs), who often lack specialized training in addressing degenerative disorders. Simulations can offer students a safe and standardized environment to develop essential skills. This study evaluated whether the Virtua...",no,cross_sectional_survey,thought_piece
doi:10.1097/AUD.0000000000000512,10.1097/AUD.0000000000000512,"Relations Between Self-Reported Daily-Life Fatigue, Hearing Status, and Pupil Dilation During a Speech Perception in Noise Task.",2018,Ear and hearing,acoustic,0,unspecified_environment,productivity,mixed,,low,abstract_only_reduced_table,abstract_only;weak_variable_resolution,"People with hearing impairment are likely to experience higher levels of fatigue because of effortful listening in daily communication. This hearing-related fatigue might not only constrain their work performance but also result in withdrawal from major social roles. Therefore, it is important to understand the rela...",no,cross_sectional_survey,unknown
doi:10.1101/2024.06.17.24308769,10.1101/2024.06.17.24308769,Predicting different dimensions of fatigue from speech data: a longitudinal study in shift workers,2024,medRxiv,acoustic,0,unspecified_environment,sleep,positive,1,low,abstract_only_reduced_table,abstract_only;n=1;weak_variable_resolution,"Background. Shift work, or working outside of normal circadian cycles, is associated with both experience of fatigue and poorer long-term physical and mental health. However, current methods for assessing fatigue present several barriers to building understanding of how these risks develop over time within individua...",no,cross_sectional_survey,observational_field
doi:10.1038/s41597-025-05691-5,10.1038/s41597-025-05691-5,Audiovisual virtual reality for emotion induction: a dataset of physiological responses.,2025,Scientific data,affect,0,thermal,mood,unknown,,low,abstract_only_reduced_table,abstract_only,"This dataset provides demographic (age and sex), psychometric, and physiological data from 28 participants (20 males, 8 females) aged 19-27 years. Psychometric assessments include four questionnaires: the Emotion Regulation Questionnaire, Self-Assessment Manikin, and two perception-related scales (EmFacs and Uncanny...",no,cross_sectional_survey,unknown
doi:10.3390/ijerph21010084,10.3390/ijerph21010084,"Student's Self-Reported Experience of Soundscape: The Link between Noise, Psychological and Physical Well-Being.",2024,International journal of environmental research and public health,acoustic,0,noise,mood,unknown,,low,abstract_only_reduced_table,abstract_only,"Extensive research has shown that noise has detrimental effects on learning in classrooms, yet schools remain noisy environments. In addition, little is known about the students' insight into their subjective reaction to noise. Students' awareness of noise, as well as their perception of its effects on their affecti...",no,cross_sectional_survey,unknown
doi:10.1186/s40537-016-0043-6,10.1186/s40537-016-0043-6,A survey of transfer learning,2016,Journal Of Big Data,other,0,unspecified_environment,productivity,unknown,,low,abstract_only_reduced_table,abstract_only;weak_variable_resolution,"Machine learning and data mining techniques have been used in numerous real-world applications. An assumption of traditional machine learning methodologies is the training data and testing data are taken from the same domain, such that the input feature space and data distribution characteristics are the same. Howev...",no,cross_sectional_survey,unknown
doi:10.38124/ijisrt/ijisrt24mar500,10.38124/ijisrt/ijisrt24mar500,Evaluating the Effects of Building Characteristics of Worship Auditoriums on Speech Intelligibility in Makurdi Metropolis,2024,International Journal of Innovative Science and Research Technology,acoustic,0,noise,mood,unknown,,low,abstract_only_reduced_table,abstract_only,"To enjoy the comfort of the indoor environment of any enclosed space, it is important to have a reasonable measure of understanding of any spoken word in the room. In line with the above this study assessed the characteristics of worship auditoriums with regards to speech intelligibility in Makurdi metropolis with t...",no,cross_sectional_survey,unknown
doi:10.3898/newf.87.5.2016,10.3898/newf.87.5.2016,"Austerity Futures: Debt, Temporality and (Hopeful) Pessimism as an Austerity Mood",2016,New Formations,affect,0,unspecified_environment,mood,positive,,low,abstract_only_reduced_table,abstract_only;weak_variable_resolution,"This article examines the relationships between austerity, debt and mood through a focus on temporality and the future.Its starting point is a poll, conducted in Britain in 2011, which showed an increase of pessimism about the future and led to suggestions that 'a new pessimism' had become the 'national mood'.Explor...",no,cross_sectional_survey,thought_piece
doi:10.1044/2022_LSHSS-22-00047,10.1044/2022_LSHSS-22-00047,School-Based Speech-Language Pathologists' Stress and Burnout: A Cross-Sectional Survey at the Height of the COVID-19 Pandemic.,2023,"Language, Speech & Hearing Services in Schools",affect,0,unspecified_environment,stress,positive,,low,abstract_only_reduced_table,abstract_only;weak_variable_resolution,"PURPOSE
Low retention of school-based speech-language pathologists (SLPs) is a growing problem that can have drastic consequences at the school and student levels. Factors contributing to this shortage include features of the work environment, role ambiguity, low salaries, and a demanding workload with higher caselo...",no,cross_sectional_survey,empirical_v2
doi:10.1044/2025_AJSLP-24-00486,10.1044/2025_AJSLP-24-00486,The Aphasia Brief COPE.,2025,American journal of speech-language pathology,other,0,unspecified_environment,unspecified_outcome,unknown,,low,abstract_only_reduced_table,abstract_only;weak_variable_resolution,"Measures of coping that are accessible to persons with aphasia in both clinical and research environments are lacking. The current article takes a step toward solving this problem by presenting a coping questionnaire, the Aphasia Brief COPE, standardized on persons with aphasia.",no,cross_sectional_survey,unknown
sha256:6d2d6c371843,,Case Studies of a Method for Predicting Speech Privacy in the Contemporary Workplace,2003,eScholarship (California Digital Library),acoustic,0,noise,stress,mixed,,medium,abstract_only_reduced_table,abstract_only,"In surveys of office environments that measure occupants’ satisfaction with their workspace, the intrusion of unwanted sound—noise—vies with temperature as the leading source of dissatisfaction (Harris, 1978, 1991, Sundstrom, 1994, Brill, 2001). Recent research by the Center for the Built Environment supports this f...",no,cross_sectional_survey,unknown
sha256:54a49a8fe8d3,,"Musical backgrounds, listening habits, and aesthetic enjoyment of adult cochlear implant recipients.",2000,Journal of the American Academy of Audiology,acoustic,0,biophilia,unspecified_outcome,unknown,,low,abstract_only_reduced_table,abstract_only;weak_variable_resolution,"This paper describes the listening habits and musical enjoyment of postlingually deafened adults who use cochlear implants. Sixty-five implant recipients (35 females, 30 males) participated in a survey containing questions about musical background, prior involvement in music, and audiologic success with the implant ...",no,cross_sectional_survey,unknown
doi:10.1136/bmjopen-2020-042378,10.1136/bmjopen-2020-042378,Perceptions of medical students towards online teaching during the COVID-19 pandemic: a national cross-sectional survey of 2721 UK medical students,2020,BMJ Open,other,0,unspecified_environment,unspecified_outcome,positive,,low,abstract_only_reduced_table,abstract_only;weak_variable_resolution,"Objectives To investigate perceptions of medical students on the role of online teaching in facilitating medical education during the COVID-19 pandemic. Design Cross-sectional, online national survey. Setting Responses collected online from 4 th May 2020 to 11 th May 2020 across 40 UK medical schools. Participants M...",no,cross_sectional_survey,empirical_v2
doi:10.3390/app15041742,10.3390/app15041742,"Aesthetic Speech Therapy: A New Protocol of Exercises Against Facial Aging, Focusing on Facial Muscles",2025,Applied Sciences,acoustic,0,unspecified_environment,attention,positive,,low,abstract_only_reduced_table,abstract_only;weak_variable_resolution,"The increasing emphasis on appearance and well-being has underscored the significance of self-care. From an aesthetic perspective, this entails addressing the early onset of wrinkles and the initial signs of aging. In response, new techniques have been developed, supplementing existing methods, to mitigate the signs...",no,cross_sectional_survey,thought_piece
doi:10.51706/2707-3076-2021-4-13,10.51706/2707-3076-2021-4-13,FEATURES OF PSYCHOLOGICAL ADAPTATION TO SCHOOL OF FIRST-GRADERS WITH SPEECHDISORDERS IN INCLUSIVE EDUCATIONAL ENVIRONMENT,2021,Scientific journal of Khortytsia National Academy,acoustic,0,unspecified_environment,mood,unknown,,low,abstract_only_reduced_table,abstract_only;weak_variable_resolution,"The article deals with the problem of psychological adaptation to school of first-graders with speech disorders in inclusive educational environment. The article outlines the essence of the concepts of adaptation to school, which is understood as the adaptation of children to a modified system of requirements, norms...",no,cross_sectional_survey,phenomenological
doi:10.4995/eurocall2025.2025.21245,10.4995/eurocall2025.2025.21245,Learning English conversation in a metaverse: The possibilities and challenges of world heritage tours,2025,Advancing CALL: New research agendas - EUROCALL 2025 Short Papers,affect,0,air_quality,stress,negative,,medium,abstract_only_reduced_table,abstract_only,This study explored the effects of voice quality and chatbot-based pre-task practice on learners’ foreign language anxiety (FLA) and speaking behavior in a metaverse-based English conversation environment. Thirteen Japanese university students participated in a ten-session virtual tour program featuring guided conve...,no,cross_sectional_survey,unknown
doi:10.20323/2686-8652-2021-2-8-63-75,10.20323/2686-8652-2021-2-8-63-75,The problem of providing psychological comfort in the digital educational environment of rural schools,2021,Pedagogy of Rural School,thermal,0,unspecified_environment,mood,mixed,,low,abstract_only_reduced_table,abstract_only;weak_variable_resolution,"Currently, digitalization has penetrated into all spheres of society, including education. At the same time, the use of digital technologies has not only positive, but also negative sides, which affects the quality of interaction of all subjects of the educational process. Some aspects of the digitalization of educa...",no,cross_sectional_survey,methods_protocol
doi:10.3390/ijerph17124605,10.3390/ijerph17124605,Voice-Related Quality of Life in Post-Laryngectomy Rehabilitation: Tracheoesophageal Fistula's Wellness.,2020,International journal of environmental research and public health,affect,0,air_quality,mood,positive,,medium,abstract_only_reduced_table,abstract_only,"(1) Introduction: Laryngeal cancer is one of the most common types of cancer affecting the upper aerodigestive tract. Despite ensuring good oncological outcome in many locoregionally advanced cases, total laryngectomy is associated with relevant physical and psychological sequelae. Treatment through tracheo-esophage...",no,cross_sectional_survey,unknown
doi:10.3390/ijerph16214220,10.3390/ijerph16214220,Clinician Perspectives on mRehab Interventions and Technologies for People with Disabilities in the United States: A National Survey.,2019,International journal of environmental research and public health,acoustic,0,unspecified_environment,unspecified_outcome,unknown,,low,abstract_only_reduced_table,abstract_only;weak_variable_resolution,"Mobile health and mobile rehabilitation (mHealth and mRehab) services and technologies have attracted considerable interest from healthcare providers, technology vendors, rehabilitation engineers, investors and policy makers in recent years. Successful adoption and use of mHealth/mRehab requires clinician support an...",no,cross_sectional_survey,thought_piece
doi:10.1121/10.0026998,10.1121/10.0026998,"Soundscape, attention and cognitive load",2024,Journal of the Acoustical Society of America,acoustic,0,noise,attention,unknown,,low,abstract_only_reduced_table,abstract_only,"The cocktail party problem was first coined by E Colin Cherry in 1953 and it describes the archetypal challenge of listening in a complex soundscape (e.g., multiple talkers conversing vying for your attention in a crowded restaurant). In the past two decades, the field of psychoacoustics has steadily marched towards...",no,cross_sectional_survey,observational_field
doi:10.3389/fpsyg.2025.1553296,10.3389/fpsyg.2025.1553296,How does urban blue space affect human well-being? A study based on the stimulus-organism-response theory.,2025,Frontiers in psychology,acoustic,0,unspecified_environment,mood,positive,,low,abstract_only_reduced_table,abstract_only;weak_variable_resolution,"With rapid urbanization and social change, mental health issues have surged. Urban blue spaces (UBSs) offer a potential tool to increase well-being, yet the way in which sensory stimuli shape landscape perception and well-being remains underexplored. Intergenerational integration, a crucial aspect of well-being, ref...",no,cross_sectional_survey,conceptual_framework
doi:10.1121/1.4708896,10.1121/1.4708896,The link between soundscape perception and attention processes,2012,The Journal of the Acoustical Society of America,acoustic,0,noise,attention,unknown,,low,abstract_only_reduced_table,abstract_only,"In order to understand the perception and evaluation of soundscapes, it appears mandatory to concentrate not only on constellations of sources and their contributions to the acoustic environment, but also to consider attention processes towards sound sources. It is widely known that a listener can easily focus on a ...",no,cross_sectional_survey,empirical_v2
doi:10.3390/ijerph21111478,10.3390/ijerph21111478,Quantification of Visual Attention by Using Eye-Tracking Technology for Soundscape Assessment Through Physiological Response,2024,International Journal of Environmental Research and Public Health,acoustic,0,noise,attention,positive,,medium,abstract_only_reduced_table,abstract_only,"Because soundscapes affect human health and comfort, methodologies for evaluating them through physiological responses have attracted considerable attention. In this study, we proposed a novel method for evaluating visual attention by using eye-tracking technology to objectively assess soundscape perception. The stu...",no,cross_sectional_survey,theoretical
doi:10.20855/ijav.2025.30.12114,10.20855/ijav.2025.30.12114,Soundscape and Influencing Audio-Visual Factors of Tourism Villages in Northern China,2025,International Journal of Acoustics and Vibration,acoustic,0,noise,attention,unknown,,low,abstract_only_reduced_table,abstract_only,"With the continuous development of rural tourism, the sound environment of public spaces in tourism villages has been receiving increasing attention. To optimize the soundscape of public spaces in these villages, this paper studies five typical tourism villages in the Beijing-Tianjin-Hebei urban agglomeration, the l...",no,cross_sectional_survey,empirical_v2
doi:10.1177/14613484241309057,10.1177/14613484241309057,Soundscape research in wind farms: A state-of-art review,2025,Journal of Low Frequency Noise Vibration and Active Control,acoustic,0,noise,attention,positive,,medium,abstract_only_reduced_table,abstract_only,"As energy and environmental issues continue to increase, wind power is being promoted worldwide as a sustainable energy source. As more wind farms are designed and put into operation, the impact of wind power on individuals is beginning to become a matter of concern, especially in terms of acoustics. Thus, research ...",no,cross_sectional_survey,empirical_v2
doi:10.55057/ajact.2023.5.1.3,10.55057/ajact.2023.5.1.3,"Restorative effects of soundscape perception: A case of Yan Zhenqing Park in Shandong Province, China",2023,"Asian Journal of Arts, Culture and Tourism",acoustic,0,noise,mood,positive,,medium,abstract_only_reduced_table,abstract_only,"Soundscape is an important part of landscape perception. As an important environmental element of creating the whole space of the city —— Acoustic Environment, it has been paid more and more attention to and studied gradually. With the improvement of urbanization and living conditions in China, people's mental healt...",no,cross_sectional_survey,unknown
doi:10.3397/in-2021-2755,10.3397/in-2021-2755,A research on assessment of soundscape in urban area by means of Caption Evaluation Method: effects of context on evaluation of soundscape,2021,INTER-NOISE and NOISE-CON Congress and Conference Proceedings,acoustic,0,noise,attention,unknown,,low,abstract_only_reduced_table,abstract_only,"Caption Evaluation Method is a technique that was developed in Japan to learn about the reason of evaluation of landscape. The investigative method is a formalized one and can show the element of landscape that a person focused on when he made an evaluation of the landscape, and the
 reason why he made a good or bad...",no,cross_sectional_survey,unknown
doi:10.3390/su12031073,10.3390/su12031073,"The Transition of Soundscapes in Tourist Destinations from the Perspective of Residents’ Perceptions: A Case Study of the Lugu Lake Scenic Spot, Southwestern China",2020,Sustainability,acoustic,0,noise,attention,positive,,medium,abstract_only_reduced_table,abstract_only,"As an important part of regional synthesis, the local landscape is a crucial source of attractiveness for tourist destinations, in which soundscapes play a notable and special role. Many studies have investigated changes in the economic, cultural, and environmental aspects of tourist destinations under development, ...",no,cross_sectional_survey,case_study
doi:10.3397/in_2022_0758,10.3397/in_2022_0758,Evaluating the restorative potential of church buildings,2023,INTER-NOISE and NOISE-CON Congress and Conference Proceedings,acoustic,0,noise,attention,positive,,medium,abstract_only_reduced_table,abstract_only,"We report the preliminary results of a study on the experience of soundscape and architectural ambiances of church buildings, with an emphasis on their restorative qualities. Through questionnaires, soundwalks and interviews with 16 diverse participants, we aim to characterize the sensory
 qualities of 2 contrasting...",no,cross_sectional_survey,interview_study
doi:10.1055/a-1948-7554,10.1055/a-1948-7554,The Influence of Cartoon-Soundscape Irrelevant Sound Effects on Young Children's Auditory Processing and Working Memory Skills,2022,Journal of american academy of audiology,acoustic,0,noise,cognition,null,,medium,abstract_only_reduced_table,abstract_only,Abstract Background  Irrelevant sound or speech effect affects an individual's serial recall task of visual and auditory presentations. Cartoon soundscape mimics irrelevant sound effects. A constant and repeated exposure to cartoons in early childhood should influence children's auditory learning or recall performan...,no,cross_sectional_survey,empirical_v2
doi:10.1186/s40635-020-00321-3,10.1186/s40635-020-00321-3,Effects of intensive care unit ambient sounds on healthcare professionals: results of an online survey and noise exposure in an experimental setting,2020,Intensive Care Medicine Experimental,acoustic,0,noise,stress,null,,medium,abstract_only_reduced_table,abstract_only,"Abstract Background Noise levels on intensive care units (ICUs) are typically elevated. While many studies reported negative effects of ICU ambient sounds on patients, only few investigated noise as a factor to influence well-being or performance in healthcare professionals. Methods An online survey in the German-sp...",no,cross_sectional_survey,empirical_v2
doi:10.5325/reception.9.1.0098,10.5325/reception.9.1.0098,"My Music, My War: The Listening Habits of U.S. Troops in Iraq and Afghanistan",2017,Reception Texts Readers Audiences History,affect,0,noise,stress,unknown,,low,abstract_only_reduced_table,abstract_only,"The study of music in everyday life rejects the formalist aesthetics of the concert hall for the experiential values of quotidian musicality, from listening to an MP3 player while exercising to attending open mike night at a café. This approach to music is neither superficial nor obvious; as philosophers such as Jen...",no,cross_sectional_survey,interview_study
doi:10.1007/s11252-016-0581-x,10.1007/s11252-016-0581-x,Effects of biodiversity and environment-related attitude on perception of urban green space,2016,Urban Ecosystems,biophilic,0,biophilia,attention,positive,,medium,abstract_only_reduced_table,abstract_only,"Green space in cities contributes to the quality of life for city dwellers, e.g., by increasing the opportunity for recreation. However, perception of urban green space is influenced by multiple factors. We investigated effects of biodiversity and environment-related attitudes on visual and auditory perceptions of u...",no,cross_sectional_survey,unknown
doi:10.1016/j.dib.2025.111450,10.1016/j.dib.2025.111450,"Psychological comfort, creativity, and learning efficiency in informal learning spaces: A university student dataset.",2025,Data in brief,acoustic,0,noise,cognition,positive,,medium,abstract_only_reduced_table,abstract_only,"This dataset examines the relationship between psychological comfort, creativity, and learning efficiency within informal learning spaces, based on survey data collected from 675 university students at eight café locations near Hengqin-Macau Port, China. The survey captured demographic details, study habits, and env...",no,cross_sectional_survey,unknown
doi:10.29333/iji.2021.14320a,10.29333/iji.2021.14320a,Influence of Classroom Soundscape on Learning Attitude,2021,International Journal of Instruction,acoustic,0,noise,mood,mixed,,medium,abstract_only_reduced_table,abstract_only,This study aims to investigate the interaction between acoustical and psychological features in the perception of soundscape to improve the learning attitude.Sound measurements were performed in nine classrooms in three Hong Kong's higher education institutions and questionnaires were used to collect responses from ...,no,cross_sectional_survey,unknown
doi:10.1371/journal.pone.0306812,10.1371/journal.pone.0306812,Semantic differential analysis of effects of indoor soundscapes on learning efficiency during online home-based classes,2024,PLoS ONE,acoustic,0,noise,productivity,negative,,medium,abstract_only_reduced_table,abstract_only,This investigation into the effects of indoor soundscapes on learning efficiency during home-based online classes amidst the COVID-19 pandemic leveraged a questionnaire survey to gather insights from participants across 32 provinces in China. The survey findings reveal a notable preference among respondents for soun...,no,cross_sectional_survey,theoretical
doi:10.3390/buildings15203764,10.3390/buildings15203764,Soundscape Restorativeness and Its Influencing Factors in University Teaching Zones,2025,Buildings,acoustic,0,noise,mood,mixed,,medium,abstract_only_reduced_table,abstract_only,"University campus teaching areas are essential spaces for students’ daily learning and recovery, in which soundscapes play a crucial role in shaping restorative experiences. This study aimed to explore the restorative effects of soundscapes in campus teaching areas and the factors influencing these effects. Field su...",no,cross_sectional_survey,theoretical
doi:10.3390/buildings15010079,10.3390/buildings15010079,The Impact of Campus Soundscape on Enhancing Student Emotional Well-Being: A Case Study of Fuzhou University,2024,Buildings,acoustic,0,noise,mood,positive,,medium,abstract_only_reduced_table,abstract_only,"As the primary setting for students’ daily life and learning, university campuses are facing a growing concern about the impact of increased stress on students’ emotional well-being. The sound environment plays a critical role in affecting students’ mental health, learning efficiency, and overall well-being. However...",no,cross_sectional_survey,case_study
doi:10.3397/1/37667,10.3397/1/37667,"Understanding the indoor soundscape of study areas in terms of users’ satisfaction, coping methods and perceptual dimensions",2018,Noise Control Engineering Journal,acoustic,0,noise,attention,unknown,,low,abstract_only_reduced_table,abstract_only,"The soundscape approach is not concerned with the sound level of an acoustic environment, but how it relates to human perception, how it is conceived by the individual and how it should be measured and managed. Even though it reached wide popularity in the last 15 years, it still lacks standardization. Perceptual di...",no,cross_sectional_survey,unknown
doi:10.3390/app7010091,10.3390/app7010091,The Personal Viewpoint on the Meaning of Tranquility Affects the Appraisal of the Urban Park Soundscape,2017,Applied Sciences,acoustic,0,noise,attention,positive,,medium,abstract_only_reduced_table,abstract_only,"Previous research has shown that tranquil areas in the city, such as urban parks, are usually perceived as positive and have a restorative effect on visitors. However, visitors could experience these spaces differently depending on the meaning they assign to the concept of tranquility. To investigate how individuals...",no,cross_sectional_survey,unknown
doi:10.48550/arXiv.2406.05914,10.48550/arXiv.2406.05914,Soundscape Captioning using Sound Affective Quality Network and Large Language Model,2024,IEEE transactions on multimedia,acoustic,0,noise,mood,mixed,,medium,abstract_only_reduced_table,abstract_only,"We live in a rich and varied acoustic world, which is experienced by individuals or communities as a soundscape. Computational auditory scene analysis, disentangling acoustic scenes by detecting and classifying events, focuses on objective attributes of sounds, such as their category and temporal characteristics, ig...",no,cross_sectional_survey,unknown
doi:10.1080/09298215.2019.1612924,10.1080/09298215.2019.1612924,A framework for computer-assisted sound design systems supported by modelling affective and perceptual properties of soundscape,2019,Journal of New Music Research,acoustic,0,noise,mood,unknown,,low,abstract_only_reduced_table,abstract_only,"ABSTRACT Autonomously generating artificial soundscapes for video games, virtual reality, and sound art presents several non-trivial challenges. We outline a system called Audio Metaphor that is built upon the notion that sound design for soundscape compositions is emotionally informed. We first define the problem s...",no,cross_sectional_survey,conceptual_framework
doi:10.1371/journal.pone.0300328,10.1371/journal.pone.0300328,"Impact of rural soundscape on environmental restoration: An empirical study based on the Taohuayuan Scenic Area in Changde, China",2024,PLoS ONE,acoustic,0,noise,attention,unknown,,low,abstract_only_reduced_table,abstract_only,"Previous studies on environmental restorative effects have mainly focused on visual landscapes, and less on the influence of soundscapes on restorative, but soundscapes play a crucial role in restorative environments, especially rural soundscapes, but there is insufficient existing theoretical evidence on the subjec...",no,cross_sectional_survey,thought_piece
doi:10.1016/j.buildenv.2023.110726,10.1016/j.buildenv.2023.110726,"Measuring, representing and analysing indoor soundscapes: A data collection campaign in residential buildings with natural and mechanical ventilation in England",2023,Building and Environment,acoustic,0,noise,mood,mixed,34,medium,abstract_only_reduced_table,abstract_only;n=34,"A model for the assessment of perceived affective quality of indoor residential soundscapes is first applied in a field survey carried out in 61 dwellings in England. Objectives are i) to investigate measurement and indoor soundscape data representation, ii) to characterize soundscape appropriateness for home workin...",no,cross_sectional_survey,unknown
doi:10.3390/ijerph16101865,10.3390/ijerph16101865,Soundtracking the Public Space: Outcomes of the Musikiosk Soundscape Intervention,2019,International Journal of Environmental Research and Public Health,acoustic,0,noise,mood,mixed,,medium,abstract_only_reduced_table,abstract_only,"Decades of research support the idea that striving for lower sound levels is the cornerstone of protecting urban public health. Growing insight on urban soundscapes, however, highlights a more complex role of sound in public spaces, mediated by context, and the potential of soundscape interventions to contribute to ...",no,cross_sectional_survey,mixed_methods
doi:10.3389/fpsyg.2021.570563,10.3389/fpsyg.2021.570563,Sound and Soundscape in Restorative Natural Environments: A Narrative Literature Review,2021,Frontiers in Psychology,acoustic,0,noise,mood,positive,,medium,abstract_only_reduced_table,abstract_only,"Acoustic experiences of nature represent a growing area in restorative environments research and are explored in this narrative literature review. First, the work surveyed indicates that nature is broadly characterized by the sounds of birdsong, wind, and water, and these sounds can enhance positive perceptions of n...",no,cross_sectional_survey,conceptual_framework
doi:10.1121/10.0036661,10.1121/10.0036661,Soundscape and worship experience of contemporary worship music: A case study in Malaysia.,2025,The Journal of the Acoustical Society of America,acoustic,0,noise,mood,unknown,,low,abstract_only_reduced_table,abstract_only,"This study investigated sound levels and congregants' experiences of contemporary worship music (CWM) with a sound reinforcement system in a church in Malaysia using convergent mixed methods. The methods involved sound level measurements of 4 music worship sessions, a questionnaire with 86 respondents, and semi-stru...",no,cross_sectional_survey,mixed_methods
doi:10.3390/f15071210,10.3390/f15071210,Quantitative Analysis of Physiological and Psychological Impacts of Visual and Auditory Elements in Wuyishan National Park Using Eye-Tracking,2024,Forests,acoustic,0,noise,mood,positive,,medium,abstract_only_reduced_table,abstract_only,"Amidst rapid societal changes and increasing urbanization, human connectivity with nature has declined, exacerbating public health concerns. This study assesses the efficacy of Shinrin-yoku, or ‘forest bathing’, in Wuyishan National Park as a simple and effective method to counteract the adverse health effects of co...",no,cross_sectional_survey,unknown
doi:10.3390/land10121323,10.3390/land10121323,RETRACTED: The Effects of Soundscapes in Relieving Stress in an Urban Park,2021,Land,acoustic,0,noise,stress,unknown,,low,abstract_only_reduced_table,abstract_only,"Urban parks are important urban public spaces that guarantee people recreation, create positive emotions and relieve stress. Emerging research has shown that natural soundscapes are associated with restorative landscapes in urban parks. However, there is still a lack of knowledge on the use of physiological indexes ...",no,cross_sectional_survey,unknown
doi:10.3390/ani14020279,10.3390/ani14020279,"The Dog Soundscape: Recurrence, Emotional Impact, Acoustics, and Implications for Dog Observations and Dog–Human Interactions",2024,Animals,acoustic,0,noise,stress,negative,,medium,abstract_only_reduced_table,abstract_only,"Simple Summary We proposed a descriptive model of the dog soundscape composed of 79 sounds classified into six categories. In a survey, 620 dog owners scored the recurrence of each sound, from never to daily, in their dog’s environment. The survey also revealed 25 sounds that are likely to elicit stress/fear, that i...",no,cross_sectional_survey,theoretical
doi:10.3390/ijerph17165659,10.3390/ijerph17165659,Effect of Birdsong Soundscape on Perceived Restorativeness in an Urban Park,2020,International Journal of Environmental Research and Public Health,acoustic,0,noise,stress,positive,,medium,abstract_only_reduced_table,abstract_only,"Natural soundscapes have beneficial effects on the perceived restorativeness of an environment. This study examines the effect of birdsong, a common natural soundscape, on perceived restorativeness in Harbin Sun Island Park in China. Eight sites were selected and a series of questionnaire surveys on perceived restor...",no,cross_sectional_survey,unknown
doi:10.47836/pjssh.31.4.14,10.47836/pjssh.31.4.14,Influence of Perceived Soundscape and Sound Environment on Subjective Well-being of Park Visitors,2023,Pertanika Journal of Social Sciences and Humanities,acoustic,0,noise,stress,positive,,medium,abstract_only_reduced_table,abstract_only,Urban parks are public leisure areas that stimulate good feelings and alleviate stress. Studies of park soundscapes have shown that natural soundscapes are associated with higher restorations after park visitations. Little is known whether different parks with similar sound sources would result in different perceive...,no,cross_sectional_survey,unknown
doi:10.3233/rnn-130338,10.3233/rnn-130338,EyeMusic: Introducing a “visual” colorful experience for the blind using auditory sensory substitution,2014,Restorative Neurology and Neuroscience,acoustic,0,unspecified_environment,productivity,positive,,low,abstract_only_reduced_table,abstract_only;weak_variable_resolution,"Purpose: Sensory-substitution devices (SSDs) provide auditory or tactile representations of visual information. These devices often generate unpleasant sensations and mostly lack color information. We present here a novel SSD aimed at addressing these issues. Methods: We developed the EyeMusic, a novel visual-to-aud...",no,cross_sectional_survey,methods_protocol
doi:10.3390/ijerph20031971,10.3390/ijerph20031971,"A Study on the Soundscape of Underground Commercial Space in Lu'an City and Hefei City, China.",2023,International journal of environmental research and public health,acoustic,0,noise,cognition,negative,,medium,abstract_only_reduced_table,abstract_only,Soundscape is an important part and one of the main factors of the underground space environment. Field surveys were conducted to evaluate the soundscape of underground commercial spaces and to compare it with the soundscape of the above-ground commercial spaces between two cities (Lu'an City and Hefei City) in Chin...,no,cross_sectional_survey,thought_piece
doi:10.1192/j.eurpsy.2024.1414,10.1192/j.eurpsy.2024.1414,"Natural soundscapes, urban design and psychological well-being",2024,European Psychiatry,acoustic,0,noise,attention,positive,,medium,abstract_only_reduced_table,abstract_only,"Introduction While the acoustic environment in the cities correlates with various health-related problems, health benefits of natural sounds are proven. These positive effects of the sounds of nature should probably be taken seriously in urban design and urban renewal projects. Objectives The aim of this study was t...",no,cross_sectional_survey,unknown
doi:10.3390/ijerph14070766,10.3390/ijerph14070766,Urban Green Space Perception and Its Contribution to Well-Being,2017,International Journal of Environmental Research and Public Health,biophilic,0,unspecified_environment,attention,unknown,,low,abstract_only_reduced_table,abstract_only;weak_variable_resolution,"Individual perceptions are essential when evaluating the well-being benefits from urban green spaces. This study predicted the influence of perceived green space characteristics in the city of Szeged, Hungary, on two well-being variables: the green space visitors’ level of satisfaction and the self-reported quality ...",no,cross_sectional_survey,unknown
doi:10.3397/in_2024_3298,10.3397/in_2024_3298,Research on the influence mechanism of park landscape characteristics on psychological perception around expressway based on soundscape theory: a case study of Chengdu Bailuwan Wetland Park,2024,INTER-NOISE and NOISE-CON Congress and Conference Proceedings,acoustic,0,noise,unspecified_outcome,positive,,low,abstract_only_reduced_table,abstract_only;weak_variable_resolution,"With the continuous development of China's transportation infrastructure strategies and urbanization, urban road networks have seen ongoing improvement. Yet noise pollution along expressways is gradually becoming a prominent issue within the broader challenge of urban noise. Noise control
 has recently emerged as a ...",no,cross_sectional_survey,case_study
doi:10.1038/s41598-025-98125-6,10.1038/s41598-025-98125-6,How soundscape perception enhances the well-being of elderly recreational visitors in urban parks: a case study of Zhengzhou People’s Park,2025,Scientific Reports,acoustic,0,noise,mood,positive,,medium,abstract_only_reduced_table,abstract_only,"As the pace of urban life accelerates, an increasing number of people fall into a sub-healthy state. In response, there is a growing desire among individuals to enhance life satisfaction and well-being by reconnecting with natural environments. Against this backdrop, urban parks have become popular destinations for ...",no,cross_sectional_survey,case_study
doi:10.47577/sustainability.v7i.11678,10.47577/sustainability.v7i.11678,The Role of Soundscape on Urban Attractiveness in Traditional Cities,2024,Technium Sustainability,acoustic,0,noise,unspecified_outcome,unknown,,low,abstract_only_reduced_table,abstract_only;weak_variable_resolution,"The soundscape is an immanent part of the open spaces in historical cities. This study aims to investigate the role of soundscape in enhancing urban attraction and its effect on intentional behavior. This is based on a questionnaire survey, which is conducted in compliance with ISO/TS 12913-2:2018, of 31 visitors in...",no,cross_sectional_survey,unknown
doi:10.3390/buildings14030621,10.3390/buildings14030621,A Study of the Effects of Historical Block Context on Soundscape Perception,2024,Buildings,acoustic,0,noise,mood,positive,,medium,abstract_only_reduced_table,abstract_only,This study aims to explore the influence of spatial functional differences on the overall relationship between soundscape and visual landscape in the context of historical blocks and then propose design guidelines for audiovisual elements. Audiovisual stimulus materials were collected from 11 representative location...,no,cross_sectional_survey,unknown
doi:10.5860/choice.27-0417,10.5860/choice.27-0417,Using surveys to value public goods: the contingent valuation method,1989,Choice Reviews Online,air,0,air_quality,cognition,unknown,,low,abstract_only_reduced_table,abstract_only,"Economists and others have long believed that by balancing the costs of such public goods as air quality and wilderness areas against their benefits, informed policy choices can be made. But the problem of putting a dollar value on cleaner air or water and other goods not sold in the marketplace has been a major stu...",no,cross_sectional_survey,theoretical
doi:10.3390/ijerph18179346,10.3390/ijerph18179346,Effect of Hotel Air Quality Management on Guests’ Cognitive and Affective Images and Revisit Intentions,2021,International Journal of Environmental Research and Public Health,affect,0,air_quality,mood,unknown,,low,abstract_only_reduced_table,abstract_only,"Although city air pollution levels significantly affect the hotel industry, few studies have addressed the impact of air quality management on guests’ cognitive and affective image formation and revisit intentions. Therefore, this research examined the effects of hotel air quality management on the formation of gues...",no,cross_sectional_survey,unknown
doi:10.1016/j.envres.2025.123624,10.1016/j.envres.2025.123624,Developing Brains and Changing Worlds: Macroenvironmental changes and their association with brain development.,2026,Environmental research,spatial,0,spatial_layout,attention,negative,,medium,abstract_only_reduced_table,abstract_only,"Growing evidence suggests that physical environmental features at the neighborhood level are linked to brain structure during human development. In a context of accelerated urbanization, climate change and technological transformations, assessing how environmental changes relate to brain development is critical. Mos...",no,cross_sectional_survey,empirical_v2
doi:10.1016/j.neuro.2025.103378,10.1016/j.neuro.2025.103378,Association between late-life air pollution exposure and medial temporal lobe atrophy in older women.,2026,Neurotoxicology,cognition,0,unspecified_environment,cognition,mixed,,low,abstract_only_reduced_table,abstract_only;weak_variable_resolution,"Ambient air pollution exposures increase risk for Alzheimer's disease (AD) and related dementias, possibly due to structural changes in the medial temporal lobe (MTL). However, previous MRI studies examining exposure effects on the MTL were cross-sectional and mostly focused on the hippocampus, yielding mixed result...",no,cross_sectional_survey,empirical_v2
doi:10.1177/13872877251408422,10.1177/13872877251408422,Inflammation as a mediator of air pollution's role in Alzheimer's disease and related dementias.,2025,Journal of Alzheimer's disease : JAD,cognition,0,unspecified_environment,cognition,positive,,low,abstract_only_reduced_table,abstract_only;weak_variable_resolution,"BackgroundAir pollution has been implicated in cognitive decline and increased risk of Alzheimer's disease (AD) and Alzheimer's disease-related dementias (ADRD). Inflammation, particularly C-reactive protein (CRP), may mediate these associations, but causal evidence remains limited.ObjectiveTo examine the associatio...",no,cross_sectional_survey,unknown
doi:10.2196/64082,10.2196/64082,Acceptability of Active and Passive Data Collection Methods for Mobile Health Research: Cross-Sectional Survey of an Online Adult Sample in the United States.,2025,JMIR formative research,cognition,0,unspecified_environment,cognition,positive,,low,abstract_only_reduced_table,abstract_only;weak_variable_resolution,"Digital health technologies, including wearable devices and app-based cognitive and health assessments, are pervasive and crucial to better understanding important public health problems (eg, Alzheimer's disease and related dementias). Central to understanding mechanisms driving individuals' willingness to share var...",no,cross_sectional_survey,theoretical
doi:10.69554/amqu2125,10.69554/amqu2125,Indoor air quality : A guide for UK building surveyors and property professionals,2025,"Journal of Building Survey, Appraisal &amp; Valuation",air,0,air_quality,attention,positive,,medium,abstract_only_reduced_table,abstract_only,"This paper serves as an introduction to indoor air quality for UK building surveyors and property professionals. Historically, the quality of the air we breathe has been a significant health concern, resulting in numerous laws and measures to successfully improve it. These have mainly focused, however, on outdoor ai...",no,cross_sectional_survey,unknown
doi:10.1155/2023/6634283,10.1155/2023/6634283,Correlation between the Prevalence of Sick-Building Syndrome and Safe Indoor Air Quality Concept in Private Residential Housing in Jordan,2023,Jurnal Engineering,air,0,air_quality,attention,mixed,,medium,abstract_only_reduced_table,abstract_only,Indoor air quality (IAQ) and related health problems have witnessed remarkable attention recently. The prevalence of sick-building syndrome (SBS) is considered the most common health issue. This study conducted in the Al-Dahrieh neighborhood in Jordan showed for the first time how indoor air quality (IAQ) factors af...,no,cross_sectional_survey,unknown
doi:10.1016/j.envpol.2025.127260,10.1016/j.envpol.2025.127260,Combined effects of particulate and gaseous pollutants on Alzheimer's disease-related brain imaging markers and cognitive function.,2025,"Environmental pollution (Barking, Essex : 1987)",cognition,0,unspecified_environment,attention,negative,,low,abstract_only_reduced_table,abstract_only;weak_variable_resolution,"The combined effects of various air pollutants on Alzheimer's disease (AD)-specific brain structural pathologies are poorly understood, and whether these effects lead to impairments in specific cognitive domains has not been determined. We examined the associations between exposure to air pollutant mixtures and subc...",no,cross_sectional_survey,empirical_v2
doi:10.1080/15402002.2024.2355473,10.1080/15402002.2024.2355473,Maternal Sleep Quality and Executive Function are Associated with Perceptions of Infant Sleep,2024,Behavioural Sleep Medicine,cognition,0,unspecified_environment,cognition,unknown,,low,abstract_only_reduced_table,abstract_only;weak_variable_resolution,"ABSTRACT Objectives This study examined the associations among maternal sleep quality, executive function, and perceptions of infant sleep in a sample of families recruited from human service and public health systems. Methods Seventy-three mothers of infants 5–14 months old were included in the study. Mothers racia...",no,cross_sectional_survey,unknown
doi:10.1002/csr.229,10.1002/csr.229,CSR and environmental responsibility: motives and pressures to adopt green management practices,2010,Corporate Social Responsibility and Environmental Management,biophilic,0,unspecified_environment,attention,unknown,,low,abstract_only_reduced_table,abstract_only;weak_variable_resolution,Abstract This paper examines the diffusion of environmental management initiatives in business and the motives and pressures reported by senior executives to adopt these practices in one industry. We frame these sustainable practices under the umbrella of corporate social responsibility (CSR) and examine the causal ...,no,cross_sectional_survey,interview_study
doi:10.2298/tsci240110118c,10.2298/tsci240110118c,Improving indoor air quality and thermal comfort using a total heat exchanger ventilation system for an office building,2024,Thermal Science,air,0,air_quality,productivity,negative,,medium,abstract_only_reduced_table,abstract_only,"Indoor air quality (IAQ) and thermal comfort affect occupant comfort and
 productivity. Thermal comfort supports productivity, while IAQ maintains
 occupant health. However, occupants are the main source of carbon dioxide,
 which is the main index for indoor pollutants in educational buildings due
 to many occupants...",no,cross_sectional_survey,unknown
doi:10.54844/eer.2025.0853,10.54844/eer.2025.0853,Reform and practice of the training system for top innovative talents in aerospace mechanics based on creativity and leadership,2025,Engineering Education Review,other,0,unspecified_environment,unspecified_outcome,unknown,,low,abstract_only_reduced_table,abstract_only;weak_variable_resolution,"In view of the core problems in the cultivation of top-notch innovative talents in space and space mechanics, this research
takes Beijing University of Aeronautics and Astronautics as the practice carrier, and puts forward a “knowledge capability
accomplishment” coordinated-oriented high-quality talents cultivation ...",no,cross_sectional_survey,conceptual_framework
doi:10.55606/sscj-amik.v1i6.2321,10.55606/sscj-amik.v1i6.2321,Pengaruh Kualitas Pelayanan Check-In Counter Terhadap Kepuasan Pelanggan Maskapai Wings Air di Bandar Udara Rahadi Oesman,2023,Student Scientific Creativity Journal,affect,0,unspecified_environment,mood,unknown,,low,abstract_only_reduced_table,abstract_only;weak_variable_resolution,"The quality of service provided at the Check-in counter is an important factor that affects passenger satisfaction to choose an airline. The quality of service at the Check-in counter includes speed of service, friendliness of officers, availability of necessary information, clarity of procedures, and quality of fac...",no,cross_sectional_survey,unknown
doi:10.1155/ina/2150075,10.1155/ina/2150075,Quantifying Indoor Air Quality Determinants in Green‐Certified Buildings Using a Hybrid Machine Learning Method: A Case Study in Florida,2025,Indoor Air: International Journal of Indoor Environment and Health,air,0,air_quality,attention,negative,,medium,abstract_only_reduced_table,abstract_only,"This study investigates the indoor air quality (IAQ) conditions in green‐certified buildings and examines the factors influencing them. An integrated IoT sensing system was implemented indoors and outdoors to assess the levels of particulate matter, nitrogen dioxide, and ozone at five Leadership in Energy and Enviro...",no,cross_sectional_survey,case_study
doi:10.30597/mkmi.v19i3.27807,10.30597/mkmi.v19i3.27807,Identification of Psychological Conditions and Feelings of Fatigue Among Employees at Makassar Air Traffic Service Center,2023,Media Kesehatan Masyarakat Indonesia (Makassar),cognition,0,unspecified_environment,attention,unknown,,low,abstract_only_reduced_table,abstract_only;weak_variable_resolution,"Air Traffic Control (ATC) remains an active field of work during the pandemic due to the demand from domestic and international travelers. It is crucial for controllers to prioritize both their mental health while on duty and their body's immunity against conditions that make them vulnerable to Covid-19. Therefore, ...",no,cross_sectional_survey,empirical_v2
doi:10.3390/ijerph22071003,10.3390/ijerph22071003,"A Community-Based Assessment of Attitudes, Health Impacts and Protective Actions During the 24-Day Hangar Fire in Tustin, California.",2025,International journal of environmental research and public health,affect,0,unspecified_environment,stress,positive,,low,abstract_only_reduced_table,abstract_only;weak_variable_resolution,"Fire events can impact physical and mental health through smoke exposure, evacuation, property loss, and/or other environmental stressors. In this study, we developed community-driven, cross-sectional online surveys to assess public attitudes, health impacts, and protective actions of residents affected by the Tusti...",no,cross_sectional_survey,empirical_v2
doi:10.3390/life12020141,10.3390/life12020141,The Effects of Persistent Olfactory and Gustatory Dysfunctions on Quality of Life in Long-COVID-19 Patients,2022,Life,affect,0,unspecified_environment,mood,null,,low,abstract_only_reduced_table,abstract_only;weak_variable_resolution,(1) Background: Persistent olfactory (POD) and gustatory (PGD) dysfunctions are one of the most frequent symptoms of long-Coronavirus Disease 2019 but their effect on the quality of life (QoL) of patients is still largely unexplored. (2) Methods: An online survey was administered to individuals who reported to have ...,no,cross_sectional_survey,unknown
doi:10.1186/s12992-021-00736-x,10.1186/s12992-021-00736-x,Associations of environment and lifestyle factors with suboptimal health status: a population-based cross-sectional study in urban China,2021,Globalization and Health,affect,0,noise,stress,unknown,,low,abstract_only_reduced_table,abstract_only,"Introduction Suboptimal health status (SHS), an intermediate state between chronic disease and health, is characterized by chronic fatigue, non-specific pain, headaches, dizziness, anxiety, depression, and functional system disorders with a high prevalence worldwide. Although some lifestyle factors (e.g. smoking, al...",no,cross_sectional_survey,empirical_v2
doi:10.29252/jrums.19.6.591,10.29252/jrums.19.6.591,Frequency of Sick Building Syndrome and Its Related Factors in Nurses at Ali Ibn Abitaleb Hospital in Rafsanjan City 2018: A Cross-Sectional Study,2020,Journal of Rafsanjan University of Medical Sciences,air,0,air_quality,productivity,positive,,medium,abstract_only_reduced_table,abstract_only,"Background and Objectives: Sick building syndrome (SBS) is a building-related illness in which people in the environment do not experience proper physical and mental well-being. Mental and physical changes include headache, nausea, abnormal fatigue, lack of concentration, sensation of an unpleasant odor. Thus, the a...",no,cross_sectional_survey,empirical_v2
doi:10.20473/jkl.v16i2.2024.144-152,10.20473/jkl.v16i2.2024.144-152,The Impact of Sick Building Syndrome and Physical Air Quality on Staff Productivity in the Hospital's Outpatient Room of Rumah Sakit Umum Daerah Haji Indonesia,2024,Jurnal kesehatan lingkungan,air,0,air_quality,stress,null,,medium,abstract_only_reduced_table,abstract_only,"Introduction: The concept of SBS as an occupational health problem is related to air pollution, inadequate ventilation, and indoor air quality in office buildings. Lighting in the RSUD Haji Building still does not meet general and local lighting standards. Complaints of eye fatigue are also felt by administrative st...",no,cross_sectional_survey,empirical_v2
doi:10.37934/araset.52.2.139147,10.37934/araset.52.2.139147,Evaluation of Sick Building Syndrome (SBS) Symptoms and Measurement of Indoor Air Quality (IAQ) Parameter in One of Hospital Building in Johor,2024,Journal of Advanced Research in Applied Sciences and Engineering Technology,air,0,air_quality,mood,positive,,medium,abstract_only_reduced_table,abstract_only,"This study assesses Sick Building Syndrome (SBS) symptoms and Indoor Air Quality (IAQ) parameters among hospital ward staff. Utilizing a thorough methodology, a questionnaire survey and IAQ monitoring were conducted, aligning with Department of Occupational Safety and Health (DOSH) guidelines. IAQ parameters are gen...",no,cross_sectional_survey,unknown
doi:10.35232/estudamhsd.1222791,10.35232/estudamhsd.1222791,EVALUATION OF THE RELATIONSHIP BETWEEN SICK BUILDING SYNDROME PREVALENCE AND INDOOR AIR QUALITY IN SCHOOLS,2023,Eskişehir Türk Dünyası Uygulama ve Araştırma Merkezi Halk Sağlığı Dergisi,air,0,air_quality,sleep,positive,,medium,abstract_only_reduced_table,abstract_only,"In this study, it was aimed to evaluate the relationship between Sick Building Syndrome (SBS) prevalence and indoor air quality in primary and middle schools in rural and urban areas in the west of Turkey. This cross-sectional study was carried out between September and November 2018 in three randomly selected schoo...",no,cross_sectional_survey,empirical_v2
doi:10.3390/f15091640,10.3390/f15091640,The Combined Effects of the Thermal Environment and Air Quality at Recreation Places on the Physiology and Psychology of People in Urban Parks,2024,Forests,thermal,0,thermal,attention,unknown,,low,abstract_only_reduced_table,abstract_only,"Urban forests, crucial to urban ecosystems, are increasingly threatened by the challenges of urbanization, such as deteriorating thermal environments and declining air quality. Despite their recognized benefits to city dwellers’ quality of life, a systematic understanding of the impact of these environmental factors...",no,cross_sectional_survey,thought_piece
doi:10.1080/00140130117116,10.1080/00140130117116,Physical and psychosocial aspects of the learning environment in information technology rich classrooms,2001,Ergonomics,air,0,daylight,unspecified_outcome,unknown,,low,abstract_only_reduced_table,abstract_only;weak_variable_resolution,"This paper reports on a study of environments in emerging Internet classrooms. At issue for this study is to what extent these 'technological classrooms' are providing a positive learning environment for students. To investigate this issue, this study involved an evaluation of the physical and psychosocial environme...",no,cross_sectional_survey,unknown
doi:10.1093/med/9780199937837.003.0174,10.1093/med/9780199937837.003.0174,Sleep Apnea,2017,Pediatric Clinical Practice Guidelines & Policies,cognition,0,unspecified_environment,cognition,positive,,low,abstract_only_reduced_table,abstract_only;weak_variable_resolution,"Background: Sleep apnea is a condition that interrupts breathing while sleeping, usually caused by an obstruction blocking the back of the throat so that the air cannot reach the lungs. The brief cessation in breath automatically forces individuals to wake up and restart breathing. This can happen many times during ...",no,cross_sectional_survey,observational_field
doi:10.18502/japh.v10i2.19076,10.18502/japh.v10i2.19076,Impact of human activities and building characteristics on indoor air quality in low-income urban settlement,2025,Journal of air pollution and health,air,0,air_quality,attention,mixed,,medium,abstract_only_reduced_table,abstract_only,"Introduction: Poor Indoor Air Quality (IAQ) in the growing number of low- income urban houses is closely linked to their unstructured neighbourhood development, poor building quality and unique community behaviour. It has been associated with numerous health issues which determine the occupant’s quality of life. Thi...",no,cross_sectional_survey,thought_piece
doi:10.1016/j.fct.2020.111519,10.1016/j.fct.2020.111519,Aggregate and cumulative chronic risk assessment for pyrethroids in the French adult population.,2020,Food and chemical toxicology : an international journal published for the British Industrial Biological Research Association,other,0,unspecified_environment,attention,positive,,low,abstract_only_reduced_table,abstract_only;weak_variable_resolution,"Pyrethroids are commonly used as insecticides in households, in agriculture or in veterinary and medicinal products. This study aimed to assess cumulative aggregate exposure to cyfluthrin, cypermethrin, deltamethrin and permethrin in adults in France and the associated health risk, and to identify major contribution...",no,cross_sectional_survey,unknown
doi:10.1186/s12877-025-05713-2,10.1186/s12877-025-05713-2,Indoor ventilation frequency and cognitive function among Chinese old adults: the multiple mediation effect of anxiety and self-rated health,2025,BMC Geriatrics,air,0,air_quality,stress,positive,,medium,abstract_only_reduced_table,abstract_only,"China is experiencing an increasingly serious aging population. Cognitive function is an important factor and guarantee for the quality of life of older people. Therefore, to achieve healthy aging, this study aimed to examine the sequential multiple mediating effects of indoor ventilation frequency and cognitive fun...",no,cross_sectional_survey,unknown
doi:10.1038/s41598-025-34154-5,10.1038/s41598-025-34154-5,Qualitative and quantitative evaluation of the usability of transport ventilators using eye tracking.,2026,Scientific reports,cognition,0,air_quality,attention,negative,,medium,abstract_only_reduced_table,abstract_only,Deficiencies in the usability of transport ventilators may lead to operating errors and patient harm. Intuitively operable devices and optimized ergonomics can reduce cognitive workload and critical events. In order to identify shortcomings of specific devices we compared the user interfaces of four modern transport...,no,cross_sectional_survey,mixed_methods
doi:10.1016/j.iccn.2024.103842,10.1016/j.iccn.2024.103842,Scandinavian healthcare professionals' perceptions of rehabilitation practices in the intensive care unit. A cross-sectional survey.,2025,Intensive & critical care nursing,cognition,0,unspecified_environment,attention,unknown,,low,abstract_only_reduced_table,abstract_only;weak_variable_resolution,"To describe healthcare professionals' perception of current early rehabilitation practices and their preconditions, focusing on functional and cognitive stimulation facilitated by nurses and other healthcare professionals in Scandinavian intensive care units (ICUs).",no,cross_sectional_survey,empirical_v2
doi:10.1121/10.0041769,10.1121/10.0041769,Review of metamaterials principles and methods in ventilation ducts: 1928-2024.,2025,The Journal of the Acoustical Society of America,acoustic,0,noise,attention,negative,,medium,abstract_only_reduced_table,abstract_only,"Acoustic metamaterials (AMMs) have emerged as a promising strategy for low-frequency noise control in ventilation ducts, offering subwavelength, tunable solutions that overcome key limitations of conventional silencers, such as high pressure drop and reduced long-term performance. This review presents a structured a...",no,cross_sectional_survey,conceptual_framework
doi:10.32347/2409-2606.2025.53.90-102,10.32347/2409-2606.2025.53.90-102,Assessment of passive ventilation efficiency of a thermally modernized residential building,2025,"Ventilation, Illumination and Heat Gas Supply",air,0,air_quality,attention,mixed,,medium,abstract_only_reduced_table,abstract_only,"The article deals with the problem of reducing the efficiency of natural ventilation in thermally modernized residential buildings, which are typical for mass construction in the mid-twentieth century. The study is a continuation of the complex applied work within the framework of the municipal project to support co...",no,cross_sectional_survey,conceptual_framework
doi:10.1038/s41598-025-08441-0,10.1038/s41598-025-08441-0,Study on the adaptation of the outdoor wind environment of Xuzhou rural residence.,2025,Scientific reports,spatial,0,spatial_layout,attention,positive,,medium,abstract_only_reduced_table,abstract_only,"In the context of global sustainable development, energy waste and comfort deficiencies in rural living environments have attracted increasing attention. Promoting low-carbon buildings and improving residential comfort have become urgent challenges. This study focuses on the rural areas of Xuzhou, where Computationa...",no,cross_sectional_survey,conceptual_framework
doi:10.1007/s00415-016-8290-1,10.1007/s00415-016-8290-1,The frontotemporal syndrome of ALS is associated with poor survival,2016,Journal of Neurology,cognition,0,air_quality,cognition,negative,,medium,abstract_only_reduced_table,abstract_only,"Thirty percent of ALS patients have a frontotemporal syndrome (FS), defined as behavioral changes or cognitive impairment. Despite previous studies, there are no firm conclusions on the effect of the FS on survival and the use of non-invasive ventilation (NIV) in ALS. We examined the effect of the FS on survival and...",no,cross_sectional_survey,unknown
doi:10.1038/s41386-021-00995-7,10.1038/s41386-021-00995-7,The impact of COVID-19 on cognition in severe cases highlights the need for comprehensive neuropsychological evaluations in all survivors,2021,Neuropsychopharmacology,cognition,0,air_quality,attention,null,,medium,abstract_only_reduced_table,abstract_only,The study by Jaywant et al. [1] in this issue is an early characterization of the potential for longer-term consequences of the COVID-19 pandemic on brain function. This manuscript reports on an observational (cross-sectional) study investigating the relationship between COVID infection/hospitalization and cognitive...,no,cross_sectional_survey,theoretical
doi:10.1038/s41598-025-26568-y,10.1038/s41598-025-26568-y,Long COVID: lung pathophysiology and its relationship with cognitive dysfunction.,2025,Scientific reports,cognition,0,unspecified_environment,stress,unknown,,low,abstract_only_reduced_table,abstract_only;weak_variable_resolution,Post-acute sequelae of COVID-19 (Long COVID) includes physical and cognitive symptoms that can last long after acute infection. Links between lung pathophysiology and cognitive dysfunction in Long COVID remain largely unexplored. Long COVID participants were recruited from a post-COVID-19 clinic. Participants comple...,no,cross_sectional_survey,unknown
doi:10.21203/rs.3.rs-7464124/v1,10.21203/rs.3.rs-7464124/v1,Long COVID: Lung Pathophysiology and its Relationship with Cognitive Dysfunction.,2025,Research square,cognition,0,air_quality,cognition,mixed,,medium,abstract_only_reduced_table,abstract_only,Post-acute sequelae of COVID-19 (Long COVID) includes physical and cognitive symptoms that can last long after acute infection. Links between lung pathophysiology and cognitive dysfunction in Long COVID remain largely unexplored. Long COVID participants were recruited from a post-COVID-19 clinic. Participants comple...,no,cross_sectional_survey,unknown
doi:10.53660/clm-2114-23p49,10.53660/clm-2114-23p49,Architecture-structure conception in the design and performance analysis of the CCBB Building in Brasilia,2023,Concilium,air,0,daylight,productivity,unknown,,low,abstract_only_reduced_table,abstract_only,"The Presidente Tancredo Neves building, which has housed the Banco do Brasil Cultural Center in Brasilia since 2000, is one of the iconic works by architect Oscar Niemeyer, designed in 1992. In the architecture of the building stand out the facades composed of long longitudinal walls in reinforced concrete with larg...",no,cross_sectional_survey,unknown
doi:10.3390/jcm12113702,10.3390/jcm12113702,The Association between Dysnatraemia during Hospitalisation and Post-COVID-19 Mental Fatigue,2022,medRxiv,cognition,0,air_quality,cognition,unknown,,low,abstract_only_reduced_table,abstract_only,"Objective: Coronavirus disease 2019 (COVID-19) may induce short- and long-term cognitive failures after recovery, but the underlying risk factors are still a matter of debate. Identifying patients at the highest risk is now a research priority to prevent persistent symptoms after recovery. In this study, we investig...",no,cross_sectional_survey,unknown
doi:10.1186/s13256-023-04300-6,10.1186/s13256-023-04300-6,"Outcome of severe COVID-19: spotlight on fatigue, fatigability, multidomain complaints and pattern of cognitive deficits in a case series without prior brain dysfunction and without COVID-19-related stroke and/or cardiac arrest",2024,Journal of Medical Case Reports,cognition,0,air_quality,cognition,negative,,medium,abstract_only_reduced_table,abstract_only,Population-wide surveys and large-scale investigations highlighted the presence of cognitive deficits in the acute and postacute stages of severe COVID-19; a few studies documented their occurrence in cases without prior or COVID-19-related brain damage. The evolution of cognitive deficits in the latter population a...,no,cross_sectional_survey,unknown
doi:10.1097/MD.0000000000042891,10.1097/MD.0000000000042891,Association of acute COVID-19 severity and long COVID fatigue and quality of life: Prospective cohort multicenter observational study.,2025,Medicine,affect,0,daylight,stress,mixed,,medium,abstract_only_reduced_table,abstract_only,"Long COVID, or post-COVID-19 condition, is characterized by symptoms persisting beyond 12 weeks after severe acute respiratory syndrome coronavirus 2 infection, affecting individuals regardless of acute disease severity. Fatigue - often linked with depression and anxiety - is among its most debilitating manifestatio...",no,cross_sectional_survey,observational_field
doi:10.20344/amp.18784,10.20344/amp.18784,The Prevalence of COVID-19 Fog and the Impact on Quality of Life After SARS-CoV-2 Infection (QoL-COVID): A Cross Sectional Study.,2023,Acta medica portuguesa,other,0,unspecified_environment,unspecified_outcome,unknown,,low,abstract_only_reduced_table,abstract_only;weak_variable_resolution,Coronavirus has an impact on both the physical and mental health of individuals. The literature regarding the patient's health status post-SARS-CoV-2 is still scarce with limited data on the prevalence of residual symptoms and quality of life (QoL) after the infection. The aim of this study was to understand the imp...,no,cross_sectional_survey,unknown
doi:10.29329/epasr.2020.236.12,10.29329/epasr.2020.236.12,A Management Factor at Sick Building Syndrome: Are Old or New School Buildings Sick?,2020,Educational policy analysis and strategic research,thermal,0,air_quality,attention,unknown,,low,abstract_only_reduced_table,abstract_only,The training and learning activities for students are primarily conducted in closed environments. The symptoms resulting from living environments in occupied buildings are referred to as “sick building syndrome (SBS).” The aim of this study is to evaluate the SBS associated with the age of a school building. In this...,no,cross_sectional_survey,mixed_methods
doi:10.24252/nature.v12i1a2,10.24252/nature.v12i1a2,Impact of Vertical Void Design on Ventilation Performance of Boarding Houses in Hot Humid Climate,2025,Nature: National Academic Journal of Architecture,air,0,air_quality,productivity,positive,,medium,abstract_only_reduced_table,abstract_only,"Vertical voids can enhance the performance of natural ventilation, improving physiological cooling and indoor air quality (IAQ), particularly in boarding houses as shared living spaces. The effect of void design on ventilation is influenced by various design variables, such as the proportion of openings, the void-to...",no,cross_sectional_survey,unknown
doi:10.1186/s41182-021-00336-w,10.1186/s41182-021-00336-w,"Risk factors associated with mechanical ventilation, autonomic nervous dysfunction and physical outcome in Vietnamese adults with tetanus",2021,Tropical Medicine and Health,air,0,air_quality,unspecified_outcome,mixed,,low,abstract_only_reduced_table,abstract_only;weak_variable_resolution,"Background Tetanus remains common in many low- and middle-income countries, but as critical care services improve, mortality from tetanus is improving. Nevertheless, patients develop severe syndromes associated with autonomic nervous system disturbance (ANSD) and the requirement for mechanical ventilation (MV). Unde...",no,cross_sectional_survey,unknown
doi:10.1097/00005072-199207000-00002,10.1097/00005072-199207000-00002,Arcuate Nucleus Hypoplasia in the Sudden Infant Death Syndrome,1992,Journal of Neuropathology & Experimental Neurology,air,0,air_quality,sleep,unknown,,low,abstract_only_reduced_table,abstract_only,"Abnormalities in central respiratory control during sleep, arousal and/or cardiac activity have been reported in some infants who subsequently die of the sudden infant death syndrome (SIDS). We postulate that these abnormalities may result from dysfunction of the ventral and ventrolateral medulla, which, based on an...",no,cross_sectional_survey,unknown
doi:10.1590/1516-3180.2022.0513.R1.09022023,10.1590/1516-3180.2022.0513.R1.09022023,Autonomic dysfunction in COVID-19 patients receiving mechanical ventilation: A cross-sectional study,2023,Sao Paulo medical journal = Revista paulista de medicina,air,0,air_quality,unspecified_outcome,mixed,,low,abstract_only_reduced_table,abstract_only;weak_variable_resolution,"ABSTRACT BACKGROUND: Coronavirus disease 2019 (COVID-19) can damage cardiac tissue by increasing troponin levels and inducing arrhythmias, myocarditis, and acute coronary syndrome. OBJECTIVES: To analyze the impact of COVID-19 on cardiac autonomic control in mechanically ventilated intensive care unit (ICU) patients...",no,cross_sectional_survey,empirical_v2
doi:10.1080/00207454.2022.2082963,10.1080/00207454.2022.2082963,Deltoid muscle strength and autonomic dysfunction as independent risk factors for invasive mechanical ventilation in patients with Guillain–Barré syndrome,2022,International Journal of Neuroscience,air,0,air_quality,unspecified_outcome,unknown,,low,abstract_only_reduced_table,abstract_only;weak_variable_resolution,"Abstract Background Almost a third of patients with Guillain–Barré Syndrome (GBS) require mechanical ventilation, increasing mortality by 15–30% and proving poor functional outcomes. The Erasmus GBS Respiratory Insufficiency Score (EGRIS) is the most frequently used scale to assess probability of respiratory insuffi...",no,cross_sectional_survey,observational_field
doi:10.33590/emjrespir/10313360,10.33590/emjrespir/10313360,Acute Effects of Noninvasive Ventilation on Autonomic Modulation Following Exercise-Induced Bronchoprovocation in Asthmatic Children,2019,EMJ Respiratory,air,0,air_quality,unspecified_outcome,mixed,39,low,abstract_only_reduced_table,abstract_only;n=39;weak_variable_resolution,"Aims:To evaluate the autonomic modulation and clinical responses during testing of exercise-induced bronchoprovocation (EIB) and when applying non-invasive ventilation (NIV).

Methods:A cross-sectional study that evaluated the heart rate variability at rest, during testing of EIB, in rest after 10 minutes of EIB, an...",no,cross_sectional_survey,observational_field
doi:10.1080/23748834.2020.1731919,10.1080/23748834.2020.1731919,"Association between architectural parameters and burden of tuberculosis in three resettlement colonies of M-East Ward, Mumbai, India",2020,Cities & Health,light,0,daylight,unspecified_outcome,mixed,,low,abstract_only_reduced_table,abstract_only;weak_variable_resolution,"Architecture and planning play an important role in ensuring good light and ventilation to provide a healthy and livable environment. To investigate the strength of association between structural factors of slum resettlement colonies buildings and the burden of tuberculosis (TB), a questionnaire-based semi-quantitat...",no,cross_sectional_survey,unknown
doi:10.3390/buildings13102544,10.3390/buildings13102544,Exploration of Campus Environmental Health Issues and Individual Disparities in Environmental Perceptions Based on Daily Activity Path,2023,Buildings,air,0,air_quality,attention,mixed,,medium,abstract_only_reduced_table,abstract_only,Individual surveillance methods help identify subtle health risks that may be overlooked in room surveillance. This study aims to investigate campus environmental health issues by tracking university students’ daily exposure processes in their living environment. A field survey was conducted among 58 students at a u...,no,cross_sectional_survey,unknown
doi:10.1371/journal.pgph.0002478,10.1371/journal.pgph.0002478,Pre- and postnatal exposure to legacy environmental contaminants and sensation seeking in Inuit adolescents from Nunavik,2023,PLOS Global Public Health,affect,0,unspecified_environment,mood,mixed,,low,abstract_only_reduced_table,abstract_only;weak_variable_resolution,"Despite extensive evidence from cohort studies linking exposure to lead (Pb), mercury (Hg) and polychlorinated biphenyls (PCBs) to numerous cognitive outcomes in children and adolescents, very few studies addressed reward sensitivity, a key dimension of emotional regulation. The present study aimed to examine associ...",no,cross_sectional_survey,observational_field
doi:10.1186/s12940-023-00970-3,10.1186/s12940-023-00970-3,"Prenatal and childhood chlordecone exposure, cognitive abilities and problem behaviors in 7-year-old children: the TIMOUN mother–child cohort in Guadeloupe",2023,Environmental Health,cognition,0,unspecified_environment,cognition,mixed,,low,abstract_only_reduced_table,abstract_only;weak_variable_resolution,"Background Chlordecone is a highly persistent organochlorine insecticide that was intensively used in banana fields in the French West Indies, resulting in a widespread contamination. Neurotoxicity of acute exposures in adults is well recognized, and empirical data suggests that prenatal exposure affects visual and ...",no,cross_sectional_survey,observational_field
doi:10.5334/bc.159,10.5334/bc.159,Energy retrofit and passive cooling: overheating and air quality in primary schools,2022,Buildings and Cities,air,0,air_quality,productivity,positive,,medium,abstract_only_reduced_table,abstract_only,"While building stock modelling has been used previously to investigate the space heating demand implications of national energy efficiency retrofitting, there are also implications for indoor overheating and air quality, particularly in schools, with highly intermittent occupancy patterns. This paper assesses indoor...",no,cross_sectional_survey,unknown
doi:10.1001/jamanetworkopen.2023.12810,10.1001/jamanetworkopen.2023.12810,"Neurocognitive Analysis of Low-level Arsenic Exposure and Executive Function Mediated by Brain Anomalies Among Children, Adolescents, and Young Adults in India",2023,JAMA Network Open,cognition,0,unspecified_environment,cognition,negative,,low,abstract_only_reduced_table,abstract_only;weak_variable_resolution,"Importance Arsenic, a contaminant of groundwater and irrigated crops, is a global public health hazard. Exposure to low levels of arsenic through food extends well beyond the areas with high arsenic content in water. Objective To identify cognitive impairments following commonly prevalent low-level arsenic exposure ...",no,cross_sectional_survey,theoretical
doi:10.1371/journal.pone.0326007,10.1371/journal.pone.0326007,Neurodevelopment in children born to women exposed to pesticides during pregnancy.,2025,PloS one,cognition,0,unspecified_environment,attention,negative,,low,abstract_only_reduced_table,abstract_only;weak_variable_resolution,"The global rise in pesticide use, particularly across Africa, raises concerns about maternal occupational exposure during pregnancy and its potential impact on child neurodevelopment. This study examined associations between self-reported maternal pesticide exposure during pregnancy and neurodevelopmental outcomes i...",no,cross_sectional_survey,interview_study
doi:10.2903/j.efsa.2012.2985,10.2903/j.efsa.2012.2985,Scientific Opinion on the risk for public health related to the presence of mercury and methylmercury in food,2012,EFSA Journal,other,0,unspecified_environment,unspecified_outcome,mixed,,low,abstract_only_reduced_table,abstract_only;weak_variable_resolution,EFSA was asked by the European Commission to consider new developments regarding inorganic mercury and methylmercury toxicity and evaluate whether the Joint FAO/WHO Expert Committee on Food Additives (JECFA) provisional tolerable weekly intakes for methylmercury of 1.6 µg/kg body weight (b.w.) and of 4 µg/kg b.w. fo...,no,cross_sectional_survey,thought_piece
doi:10.1111/j.1523-1739.2011.01786.x,10.1111/j.1523-1739.2011.01786.x,Future Human Intervention in Ecosystems and the Critical Role for Evolutionary Biology,2011,Conservation Biology,thermal,0,thermal,stress,mixed,,medium,abstract_only_reduced_table,abstract_only,"In 1978, at the first conference to discuss the emerging field of conservation biology, there were 4 billion people on Earth. Now there are more than 7 billion, with 10.1 billion projected by 2100. Sustainably meeting the needs of 10 billion people and conserving natural resources at the same time will require profo...",no,cross_sectional_survey,thought_piece
doi:10.1016/j.jhazmat.2025.140930,10.1016/j.jhazmat.2025.140930,Shotgun plastic wads as persistent pollutants and a vector for lead transport in aquatic environments: Evidence from Lake Geneva.,2025,Journal of hazardous materials,spatial,0,spatial_layout,attention,positive,,medium,abstract_only_reduced_table,abstract_only,Plastic wads (PWs) from shotgun cartridges are an overlooked yet persistent source of environmental contamination. We combine environmental monitoring with machine learning to assess the occurrence and distribution of PWs around Lake Geneva (Switzerland/France). Using data from four shoreline litter surveys (2015-20...,no,cross_sectional_survey,unknown
sha256:85ec4b6f3a54,,Condiciones de Trabajo en Docentes de Odontología de la Universidad Nacional de Colombia,2000,,other,0,unspecified_environment,sleep,unknown,,low,abstract_only_reduced_table,abstract_only;weak_variable_resolution,"Both an objective and a subjective assessment of working conditions in three facilities of the National University of Colombia School of Odontology were carried out. With the adapted Lest method, employed for the objective evaluation, a grading of 7-8 was obtained, corresponding to strong physical disturbances and f...",no,cross_sectional_survey,unknown
doi:10.1038/s41598-025-07927-1,10.1038/s41598-025-07927-1,"Study on fatigue, sleep quality and PTSD symptoms and influencing factors among prevention and control workers during the COVID-19 outbreak in China.",2025,Scientific reports,affect,0,unspecified_environment,stress,negative,,low,abstract_only_reduced_table,abstract_only;weak_variable_resolution,"Since the outbreak of COVID-19, prevention and control workers have been exposed to heavy workloads at high risk of infection, which has led to mental health issues such as anxiety, insomnia, and symptoms of posttraumatic stress disorder (PTSD). A cross-sectional study was conducted among 346 prevention and control ...",no,cross_sectional_survey,empirical_v2
doi:10.3389/fpsyt.2024.1332066,10.3389/fpsyt.2024.1332066,"The association between Long-COVID symptomology, perceived symptom burden and mental health in COVID-19 patients in Shijiazhuang, China: a population-based health survey.",2024,Frontiers in psychiatry,affect,0,unspecified_environment,mood,unknown,,low,abstract_only_reduced_table,abstract_only;weak_variable_resolution,"Long-COVID (LC) refers to post-acute COVID-19 symptoms that can last for months or longer after the initial infection, affecting the physical health of infected patients. This study aims to investigate the association between the symptomology of LC and the mental health of patients in China. It also aims to examine ...",no,cross_sectional_survey,unknown
doi:10.3390/ijerph20064675,10.3390/ijerph20064675,COVID-19 Pandemic: Analysis of Health Effects on Emergency Service Nursing Workers via a Qualitative Approach.,2023,International journal of environmental research and public health,affect,0,unspecified_environment,stress,positive,,low,abstract_only_reduced_table,abstract_only;weak_variable_resolution,"During the COVID-19 pandemic, longstanding issues involving nursing work, which has always involved significant risks of illness and infection, were intensified. It is necessary to acknowledge the risks and nurses' perceptions about the risks qualitatively during the period of the health crisis. The aim of this stud...",no,cross_sectional_survey,interview_study
doi:10.1111/jocn.16654,10.1111/jocn.16654,Factors associated with burnout among hospital-based healthcare workers during the COVID-19 pandemic: A cross-sectional CRACoV-HHS study.,2024,Journal of clinical nursing,other,0,unspecified_environment,unspecified_outcome,unknown,,low,abstract_only_reduced_table,abstract_only;weak_variable_resolution,To assess the prevalence of burnout and associated factors among healthcare workers (HCWs) working in a hospital admitting patients with COVID-19.,no,cross_sectional_survey,empirical_v2
doi:10.3390/ijerph18052507,10.3390/ijerph18052507,Response of the Cardiac Autonomic Control to Exposure to Nanoparticles and Noise: A Cross-Sectional Study of Airport Ground Staff,2021,International Journal of Environmental Research and Public Health,acoustic,0,noise,unspecified_outcome,negative,,low,abstract_only_reduced_table,abstract_only;weak_variable_resolution,"Airport activity causes the emission of particulate matter and noise, two environmental contaminants and potential health hazards, particularly for the personnel operating nearby taxiways. We explored the association between exposure to fine/ultrafine particles (UFPs) and noise with heart rate variability (HRV), an ...",no,cross_sectional_survey,empirical_v2
doi:10.1007/s00702-025-02992-2,10.1007/s00702-025-02992-2,State-dependent reactivity of anterior cingulate cortex neurochemistry and downstream autonomic arousal in intrusive thinking.,2025,"Journal of neural transmission (Vienna, Austria : 1996)",affect,0,unspecified_environment,stress,mixed,29,low,abstract_only_reduced_table,abstract_only;n=29;weak_variable_resolution,"Unwanted intrusive thoughts play a key role in the onset, maintenance, and relapse of stress-related psychopathological conditions and are usually accompanied by a physiological fight-or-flight response. However, the mechanisms underlying the persistence of this maladaptive process remain unclear. This study employe...",no,cross_sectional_survey,theoretical
doi:10.3390/aerospace8120363,10.3390/aerospace8120363,A Detailed Survey and Future Directions of Unmanned Aerial Vehicles (UAVs) with Potential Applications,2021,Aerospace,other,0,unspecified_environment,unspecified_outcome,positive,,low,abstract_only_reduced_table,abstract_only;weak_variable_resolution,"Recently, unmanned aerial vehicles (UAVs), also known as drones, have gained widespread interest in civilian and military applications, which has led to the development of novel UAVs that can perform various operations. UAVs are aircraft that can fly without the need of a human pilot onboard, meaning they can fly ei...",no,cross_sectional_survey,unknown
doi:10.3390/buildings16010003,10.3390/buildings16010003,Olfactory Environment Design in Office Buildings: A Study on the Recovery Effect of Specific Fragrances on Work Fatigue Based on Multimodal Measurement,2025,Buildings,restoration,0,unspecified_environment,mood,mixed,,low,abstract_only_reduced_table,abstract_only;weak_variable_resolution,"The office environment significantly influences employees’ work efficiency and health. With the increasing prevalence of modern, enclosed and monotonous office settings, employees often work under high-intensity conditions for extended periods. This situation leads to physiological and psychological fatigue, which i...",no,cross_sectional_survey,empirical_v2
doi:10.1016/j.envres.2025.123582,10.1016/j.envres.2025.123582,Associations of forest vs. urban environmental exposure with well-being and nasal microbiome composition: An exploratory pilot study.,2026,Environmental research,biophilic,0,biophilia,mood,mixed,13,medium,abstract_only_reduced_table,abstract_only;n=13,"The benefits of nature exposure for human well-being are well-recognized, yet much remains to be understood about the underlying causal mechanisms. This exploratory, hypothesis-generating pilot study used a natural experimental design with University of Washington students (Seattle, WA, USA; 2024) to investigate lin...",no,cross_sectional_survey,theoretical
doi:10.1177/0165025408093661,10.1177/0165025408093661,Human awareness and uses of odor cues in everyday life: Results from a questionnaire study in children,2008,International Journal of Behavioral Development,cognition,0,unspecified_environment,attention,unknown,,low,abstract_only_reduced_table,abstract_only;weak_variable_resolution,"The Children's Olfactory Behavior in Everyday Life questionnaire was developed to assess attention to, and uses of, odors in real-life situations, and to evaluate individual variations. The tool comprises 16 items prompting self-reports of active seeking, awareness and affective reactivity to odors of food, people a...",no,cross_sectional_survey,unknown
doi:10.1111/brv.13060,10.1111/brv.13060,Multifunctionality of angiosperm floral bracts: a review.,2024,Biological reviews of the Cambridge Philosophical Society,biophilic,0,noise,attention,negative,,medium,abstract_only_reduced_table,abstract_only,"Floral bracts (bracteoles, cataphylls) are leaf-like organs that subtend flowers or inflorescences but are of non-floral origin; they occur in a wide diversity of species, representing multiple independent origins, and exhibit great variation in form and function. Although much attention has been paid to bracts over...",no,cross_sectional_survey,unknown
doi:10.1016/j.foodres.2019.06.005,10.1016/j.foodres.2019.06.005,Perceptual learning in the chemical senses: A review.,2019,"Food research international (Ottawa, Ont.)",cognition,0,unspecified_environment,attention,mixed,,low,abstract_only_reduced_table,abstract_only;weak_variable_resolution,"People have been writing about perceptual learning and expertise in the chemical senses for more than a century now, with a particular focus on the world of wine. However, the problem with many of the cross-sectional studies of wine expertise that have been published to date is that they simply cannot rule out the p...",no,cross_sectional_survey,empirical_v2
doi:10.1080/0361073X.2022.2122651,10.1080/0361073X.2022.2122651,Reduced Olfactory Memory Performance Is Associated with Executive Function Deficits in Older Adults,2022,Experimental Aging Research,cognition,0,unspecified_environment,cognition,negative,44,low,abstract_only_reduced_table,abstract_only;n=44;weak_variable_resolution,ABSTRACT Introduction Previous research has identified an association between olfactory impairment (reduced odor sensitivity/ identification/ discrimination) and cognitive impairment in older adults. The present study focused on the relationship between olfactory memory performance and cognitive/affective functionin...,no,cross_sectional_survey,unknown
doi:10.55214/2576-8484.v9i8.9699,10.55214/2576-8484.v9i8.9699,The reality and prospects of supply chains in light of digital transformation and its impact on the sustainable Business environment in Palestine,2025,Edelweiss Applied Science and Technology,other,0,unspecified_environment,productivity,positive,,low,abstract_only_reduced_table,abstract_only;weak_variable_resolution,This study investigates the current state and future prospects of supply chains under digital transformation and examines their impact on sustainable business practices in Palestine. The purpose of the study is to provide insights into how digital tools contribute to improving supply chain resilience and sustainabil...,no,cross_sectional_survey,unknown
doi:10.1038/s41598-018-20236-0,10.1038/s41598-018-20236-0,Effects of diversity in olfactory environment on children’s sense of smell,2018,Scientific Reports,affect,0,unspecified_environment,productivity,unknown,,low,abstract_only_reduced_table,abstract_only;weak_variable_resolution,"Diversity in children’s everyday olfactory environment may affect the development of their olfactory abilities and odor awareness. To test this, we collected data on olfactory abilities using the Sniffin’ Sticks and odor awareness with Children’s Olfactory Behaviors in Everyday Life Questionnaire in 153 preschool ch...",no,cross_sectional_survey,unknown
doi:10.1007/s11042-024-18249-1,10.1007/s11042-024-18249-1,"Multi-sensory learning framework for visually impaired learners: Use of 3D, haptic, audio, olfactory media",2024,Multimedia tools and applications,other,0,unspecified_environment,productivity,mixed,,low,abstract_only_reduced_table,abstract_only;weak_variable_resolution,"Visually impaired (VI) people encounter difficulties in their regular activities including learning. Providing them equal opportunity is crucial, especially in virtual learning environment (VLE), as limited applications are available. A variety of technology-assisted and non-technology-assisted tools are available f...",no,cross_sectional_survey,conceptual_framework
doi:10.3390/su151411412,10.3390/su151411412,Enhancing Shoppers’ Experiences and Building Mall Loyalty: The Role of Octomodal Mental Imagery (OMI) and Management Dimension-Evidence from the Yangtze River Delta Region of China,2023,Sustainability,acoustic,0,unspecified_environment,unspecified_outcome,null,,low,abstract_only_reduced_table,abstract_only;weak_variable_resolution,"This study investigated the impact of Octomodal Mental Imagery (OMI) and management dimensions on shoppers’ experiences and mall loyalty. The study was collected through “Questionnaire Star,” and 358 valid data points were obtained. The data were analyzed using SPSS27 and AMOS28. The results showed that sensory attr...",no,cross_sectional_survey,theoretical
doi:10.1097/JOM.0000000000003576,10.1097/JOM.0000000000003576,Assessing Veterans With Gulf War Illness for Prodromal Parkinson's Disease Risk With the REM Behavioral Sleep Disorder Questionnaire.,2026,Journal of occupational and environmental medicine,other,0,unspecified_environment,sleep,unknown,,low,abstract_only_reduced_table,abstract_only;weak_variable_resolution,To assess deployed Gulf War (GW) veterans for prodromal Parkinson's Disease (PD) using the REM Sleep Behavioral Disorder (RBD) Screening Questionnaire (RBDSQ).,no,cross_sectional_survey,unknown
doi:10.1109/jproc.2021.3067593,10.1109/jproc.2021.3067593,Advancing Neuromorphic Computing With Loihi: A Survey of Results and Outlook,2021,Proceedings of the IEEE,other,0,unspecified_environment,productivity,negative,,low,abstract_only_reduced_table,abstract_only;weak_variable_resolution,"Deep artificial neural networks apply principles of the brain's information processing that led to breakthroughs in machine learning spanning many problem domains. Neuromorphic computing aims to take this a step further to chips more directly inspired by the form and function of biological neural circuits, so they c...",no,cross_sectional_survey,unknown
doi:10.3390/bs15020131,10.3390/bs15020131,Building a Positive Work Environment: The Role of Psychological Empowerment in Engagement and Intention to Leave,2025,Behavioral Science,cognition,0,unspecified_environment,attention,unknown,,low,abstract_only_reduced_table,abstract_only;weak_variable_resolution,"This study examines the relationships between psychological empowerment, employee engagement, and intention to leave. Employing structural equation modeling, this study analyzes survey data from both academic and non-academic staff in Thailand. Findings reveal that psychological empowerment positively relates to emp...",no,cross_sectional_survey,unknown
doi:10.1177/1420326X20909490,10.1177/1420326X20909490,Contribution of colour-zoning differentiation to multidimensional spatial knowledge acquisition in symmetrical hospital wards,2020,,cognition,0,unspecified_environment,cognition,unknown,,low,abstract_only_reduced_table,abstract_only;weak_variable_resolution,"Symmetrical hospital buildings often use a colour-zoning differentiation strategy to vary the repetition and monotony of their architectural structures. However, there is scarce scientific evidence or systematized research regarding the cognitive effects of interior colour schemes applied to the entire building. The...",no,cross_sectional_survey,unknown
doi:10.3846/20297955.2013.866864,10.3846/20297955.2013.866864,The impact of street properties on cognitive maps,2013,,cognition,0,unspecified_environment,attention,unknown,,low,abstract_only_reduced_table,abstract_only;weak_variable_resolution,AbstractThis paper investigates the relationship between street properties and cognitive maps. It is focused on the question of how human cognition of the built environment is affected by street properties. Building on the foundations of Kevin Lynch's studies of environmental perception (Lynch 1960) and recent confi...,no,cross_sectional_survey,conceptual_framework
doi:10.3390/su10010221,10.3390/su10010221,Spatial Configuration and Online Attention: A Space Syntax Perspective,2018,Sustainability,cognition,0,unspecified_environment,attention,unknown,,low,abstract_only_reduced_table,abstract_only;weak_variable_resolution,"The spatial behavior of tourists is an important part of the research on congestion management and sustainable planning of tourism destinations. Combined with user-generated content (UGC) and site-based survey data, this study conducted an overlaying analysis between street network configurations that resulted from ...",no,cross_sectional_survey,thought_piece
doi:10.3389/fpsyg.2014.00637,10.3389/fpsyg.2014.00637,High-level context effects on spatial displacement: the effects of body orientation and language on memory,2014,Frontiers in Psychology,cognition,0,unspecified_environment,cognition,null,,low,abstract_only_reduced_table,abstract_only;weak_variable_resolution,"Three decades of research suggests that cognitive simulation of motion is involved in the comprehension of object location, bodily configuration, and linguistic meaning. For example, the remembered location of an object associated with actual or implied motion is typically displaced in the direction of motion. In th...",no,cross_sectional_survey,empirical_v2
doi:10.5194/isprs-archives-xlviii-2-w1-2022-199-2022,10.5194/isprs-archives-xlviii-2-w1-2022-199-2022,MULTI-SENSOR SURVEYS FOR THE CHURCH OF SANT'AGNELLO ABATE. 3D MODELS AND VIRTUAL FRUITION,2022,"The International Archives of the Photogrammetry, Remote Sensing and Spatial Information Sciences",cognition,0,unspecified_environment,cognition,unknown,,low,abstract_only_reduced_table,abstract_only;weak_variable_resolution,"Abstract. The proposed contribution outlines the study conducted on the Church of Sant’Agnello Abate, located in the ancient center of the city of Maddaloni. The church is characterized by severe decay conditions and has been inaccessible and unusable for decades. To recover the memory of a place that was habitually...",no,cross_sectional_survey,unknown
doi:10.3389/fsoc.2024.1412161,10.3389/fsoc.2024.1412161,What's emotion got to do with it? Reflections on the buildings of the Portuguese (Family) Courts.,2024,Frontiers in sociology,affect,0,unspecified_environment,mood,unknown,,low,abstract_only_reduced_table,abstract_only;weak_variable_resolution,"Courthouses, as public edifices, serve as the physical backdrop for the administration of justice. Simultaneously, they are spaces inhabited and visited by a diverse array of court users, ranging from judicial professionals to litigants. This article explores the nuanced interplay between courthouse spaces and the e...",no,cross_sectional_survey,interview_study
doi:10.3390/brainsci14020121,10.3390/brainsci14020121,"Associations between Gross and Fine Motor Skills, Physical Activity, Executive Function, and Academic Achievement: Longitudinal Findings from the UK Millennium Cohort Study",2024,Brain Science,cognition,0,unspecified_environment,cognition,positive,,low,abstract_only_reduced_table,abstract_only;weak_variable_resolution,"Accumulating evidence from behavioral studies and neuroscience suggests that motor and cognitive development are intrinsically intertwined. To explore the underlying mechanisms of this motor–cognition link, our study examined the longitudinal relationship of early motor skills and physical activity with later cognit...",no,cross_sectional_survey,theoretical
doi:10.3390/su15021710,10.3390/su15021710,"Tourist Movement Patterns and the Effects of Spatial Configuration in a Cultural Heritage and Urban Destination: The Case of Madaba, Jordan",2023,Sustainability,other,0,unspecified_environment,unspecified_outcome,unknown,,low,abstract_only_reduced_table,abstract_only;weak_variable_resolution,"This study investigated the impact of spatial configuration on tourist movement patterns and its role in managing cultural heritage destinations in the city of Madaba. Understanding tourist movement patterns is important for the development of sustainable tourism practices in cultural heritage destinations, as it ca...",no,cross_sectional_survey,interview_study
doi:10.3390/su151410791,10.3390/su151410791,"Impact of Spatial Configuration on Promoting Lifelong Learning Development in Pathum Thani, Thailand",2023,Sustainability,spatial,0,spatial_layout,unspecified_outcome,positive,,low,abstract_only_reduced_table,abstract_only;weak_variable_resolution,"A “Learning City” uses its resources to enhance learning opportunities for individuals and communities that promote social cohesion, cultural prosperity and economic development. While the UNESCO network of learning cities provides guidelines for measuring social and economic prosperity, there have been no studies e...",no,cross_sectional_survey,unknown
doi:10.3390/su12062472,10.3390/su12062472,Possibilities for the Development of Building Plots with an Unfavorable Structure in the Context of Spatial Justice: A Case Study of Poland,2020,Sustainability,other,0,unspecified_environment,unspecified_outcome,positive,,low,abstract_only_reduced_table,abstract_only;weak_variable_resolution,"To balance interests among local communities and increase awareness of the need to protect the environment, landscape and spatial order, there is a need for active participation, cooperation and mutual learning of participants in the planning process, including urban planners, specialists from other disciplines (amo...",no,cross_sectional_survey,case_study
doi:10.1080/23744731.2024.2363104,10.1080/23744731.2024.2363104,An ontology for automated fault detection & diagnostics of HVAC using BIM and machine learning concepts,2024,Science and Technology for the Built Environment,thermal,0,thermal,unspecified_outcome,unknown,,low,abstract_only_reduced_table,abstract_only;weak_variable_resolution,"This paper presents an ontology for AFDD (Automated Fault Detection and Diagnostics) of HVAC (Heating, Ventilation, and Air conditioning) systems in buildings called “AFDDOnto”. Presently, the AFDD models are mainly data-centric and often lack semantic information such as contextual information and spatial informati...",no,cross_sectional_survey,case_study
doi:10.1093/gigascience/giz002,10.1093/gigascience/giz002,EEG dataset and OpenBMI toolbox for three BCI paradigms: an investigation into BCI illiteracy,2019,GigaScience,other,0,unspecified_environment,productivity,unknown,,low,abstract_only_reduced_table,abstract_only;weak_variable_resolution,"Abstract Background Electroencephalography (EEG)-based brain-computer interface (BCI) systems are mainly divided into three major paradigms: motor imagery (MI), event-related potential (ERP), and steady-state visually evoked potential (SSVEP). Here, we present a BCI dataset that includes the three major BCI paradigm...",no,cross_sectional_survey,unknown
doi:10.1016/s2542-5196(18)30051-2,10.1016/s2542-5196(18)30051-2,"Residential greenness and prevalence of major depressive disorders: a cross-sectional, observational, associational study of 94 879 adult UK Biobank participants",2018,The Lancet Planetary Health,biophilic,0,unspecified_environment,unspecified_outcome,unknown,,low,abstract_only_reduced_table,abstract_only;weak_variable_resolution,"University of Hong Kong, UK Biobank, and the UK Economic & Social Research Council.",no,cross_sectional_survey,empirical_v2
doi:10.1371/journal.pcbi.1002042,10.1371/journal.pcbi.1002042,Effects of Heterogeneous and Clustered Contact Patterns on Infectious Disease Dynamics,2011,PLoS Computational Biology,other,0,unspecified_environment,unspecified_outcome,positive,,low,abstract_only_reduced_table,abstract_only;weak_variable_resolution,"The spread of infectious diseases fundamentally depends on the pattern of contacts between individuals. Although studies of contact networks have shown that heterogeneity in the number of contacts and the duration of contacts can have far-reaching epidemiological consequences, models often assume that contacts are c...",no,cross_sectional_survey,unknown
doi:10.1038/s41598-025-21724-w,10.1038/s41598-025-21724-w,Computer intelligence based model for mental health detection among Indian farming communities.,2025,Scientific reports,cognition,0,unspecified_environment,productivity,unknown,,low,abstract_only_reduced_table,abstract_only;weak_variable_resolution,"Mental health challenges among Indian farmers are a critical yet under reviewed public health problem, especially in rural areas where access to men's health professionals is limited. Stress from crop failure, fluctuating prices, debt, and poor social support often lead to deterioration in well-being. Traditional su...",no,cross_sectional_survey,theoretical
doi:10.1038/s41598-025-04255-2,10.1038/s41598-025-04255-2,"Synergies and trade offs of ecological and social values across different biotopes in urban green spaces: a case study of Xi'an, China.",2025,Scientific reports,biophilic,0,air_quality,mood,unknown,,low,abstract_only_reduced_table,abstract_only,"Urban green spaces (UGSs) deliver vital ecological and social benefits, and their integrated management significantly contributes to ecological sustainability and public well-being. However, existing studies tend to separately examine ecological and social values of various UGS types, lacking comprehensive assessmen...",no,cross_sectional_survey,case_study
doi:10.1177/08901171251388878,10.1177/08901171251388878,Urban Green Space and Mental Health: Mediating Roles of Physical Activity and Social Cohesion,2025,American Journal of Health Promotion,biophilic,0,unspecified_environment,attention,positive,,low,abstract_only_reduced_table,abstract_only;weak_variable_resolution,"This study investigates the relationship between urban green spaces (UGS) and residents’ mental health in Dhaka, Bangladesh, with a focus on the mediating roles of social cohesion and physical activity.
 
 
 
 Multilevel regression and mediation analysis with cross-sectional data were constructed.
 
 
 
 10 UGS in D...",no,cross_sectional_survey,empirical_v2
doi:10.3390/land12071454,10.3390/land12071454,Spatial Patterns of Urban Green-Blue Spaces and Residents’ Well-Being: The Mediating Effect of Neighborhood Social Cohesion,2023,Land,cognition,0,unspecified_environment,attention,positive,,low,abstract_only_reduced_table,abstract_only;weak_variable_resolution,"Urban green-blue spaces (UGBS) can benefit residents’ well-being through multiple pathways. Previous studies have confirmed that the quantity and composition of UGBS can promote neighborhood social cohesion, which subsequently contributes to residents’ physical and mental health. However, there has been little atten...",no,cross_sectional_survey,unknown
doi:10.3389/frvir.2022.914392,10.3389/frvir.2022.914392,A Separate Reality: An Update on Place Illusion and Plausibility in Virtual Reality,2022,Frontiers in Virtual Reality,other,0,unspecified_environment,unspecified_outcome,unknown,,low,abstract_only_reduced_table,abstract_only;weak_variable_resolution,"We review the concept of presence in virtual reality, normally thought of as the sense of “being there” in the virtual world. We argued in a 2009 paper that presence consists of two orthogonal illusions that we refer to as Place Illusion (PI, the illusion of being in the place depicted by the VR) and Plausibility (P...",no,cross_sectional_survey,unknown
doi:10.1177/21582440251326350,10.1177/21582440251326350,How do Self-identity and Motivational Foundation Influence Chinese Prosocial Behavior Intention? Findings from NCA and fsQCA,2025,SAGE Open,affect,0,unspecified_environment,mood,positive,,low,abstract_only_reduced_table,abstract_only;weak_variable_resolution,"Prosocial behavior is important for personal well-being and social harmony. Based on identity-based motivation theory, this study examined how combinations of condition variables, including socioeconomic status, empathic concern, future self-continuity, and interpersonal trust, lead to high prosocial behavior intent...",no,cross_sectional_survey,theoretical
doi:10.1186/s13195-024-01410-1,10.1186/s13195-024-01410-1,"The role of perfusion, grey matter volume and behavioural phenotypes in the data-driven classification of cognitive syndromes",2024,Alzheimer's Research & Therapy,affect,0,unspecified_environment,stress,negative,,low,abstract_only_reduced_table,abstract_only;weak_variable_resolution,"Background The use of structural and perfusion brain imaging in combination with behavioural information in the prediction of cognitive syndromes using a data-driven approach remains to be explored. Here, we thus examined the contribution of brain structural and perfusion imaging and behavioural features to the exis...",no,cross_sectional_survey,observational_field
doi:10.3389/fnagi.2024.1389476,10.3389/fnagi.2024.1389476,"Association between loneliness and cognitive function, and brain volume in community-dwelling elderly",2024,Frontiers in Aging Neuroscience,cognition,0,unspecified_environment,cognition,mixed,,low,abstract_only_reduced_table,abstract_only;weak_variable_resolution,"Introduction We investigated the relationship between loneliness, cognitive impairment, and regional brain volume among elderly individuals residing in the Korean community. Methods Data from the ARIRANG aging-cognition sub-cohort, collected between 2020 and 2022, were utilized for the present study. Loneliness was ...",no,cross_sectional_survey,observational_field
doi:10.1542/peds.2009-2097,10.1542/peds.2009-2097,Iron Deficiency Anemia and Cognitive Function in Infancy,2010,PEDIATRICS,cognition,0,unspecified_environment,cognition,unknown,,low,abstract_only_reduced_table,abstract_only;weak_variable_resolution,OBJECTIVES: This study examined effects of iron deficiency anemia (IDA) on specific domains of infant cognitive function and the role of IDA-related socioemotional deficits in mediating and/or moderating these effects. METHODS: Infants were recruited during routine 9-month visits to an inner-city clinic. IDA was def...,no,cross_sectional_survey,unknown
doi:10.1097/MD.0000000000042000,10.1097/MD.0000000000042000,Effects of depression and anxiety symptoms on cognitive inhibition: A cross-sectional study of structural and functional MRI evidence,2025,Medicine,affect,0,unspecified_environment,stress,negative,,low,abstract_only_reduced_table,abstract_only;weak_variable_resolution,"Evidence shows that depression and anxiety symptoms are associated with reduced cognitive inhibition. Nevertheless, the neural substrates responsible for the effects of depression and anxiety symptoms on cognitive inhibition are yet to be determined. This cross-sectional study adhered to the strengthening the report...",no,cross_sectional_survey,empirical_v2
doi:10.1080/17549175.2018.1484795,10.1080/17549175.2018.1484795,"Walk Score® versus residents’ perceptions of walkability in Omaha, NE",2018,Journal of Urbanism International Research on Placemaking and Urban Sustainability,light,0,daylight,cognition,unknown,,low,abstract_only_reduced_table,abstract_only,"With an easily accessible online interface, Walk Score® has emerged as one of the most popular metrics to assess walkability, both within and outside academia. Based primarily on accessibility to common daily amenities, this quantitative measure is limited to a macro-scale view of urban form that does not consider m...",no,cross_sectional_survey,unknown
doi:10.1111/cogs.13308,10.1111/cogs.13308,Measuring Cognitive Abilities in the Wild: Validating a Population-Scale Game-Based Cognitive Assessment.,2020,Cognitive Sciences,cognition,0,unspecified_environment,cognition,unknown,10,low,abstract_only_reduced_table,abstract_only;n=10;weak_variable_resolution,"Rapid individual cognitive phenotyping holds the potential to revolutionize domains as wide-ranging as personalized learning, employment practices, and precision psychiatry. Going beyond limitations imposed by traditional lab-based experiments, new efforts have been underway toward greater ecological validity and pa...",no,cross_sectional_survey,empirical_v2
doi:10.3389/fnhum.2020.00266,10.3389/fnhum.2020.00266,Occupational Physical Stress Is Negatively Associated With Hippocampal Volume and Memory in Older Adults,2020,Frontiers in Human Neuroscience,cognition,0,unspecified_environment,cognition,unknown,,low,abstract_only_reduced_table,abstract_only;weak_variable_resolution,"Our jobs can provide intellectually and socially enriched environments but also be the source of major psychological and physical stressors. As the average full-time worker spends >8 h at work per weekday and remains in the workforce for about 40 years, occupational experiences must be important factors in cognitive...",no,cross_sectional_survey,unknown
doi:10.1093/cercor/bhi044,10.1093/cercor/bhi044,"Regional Brain Changes in Aging Healthy Adults: General Trends, Individual Differences and Modifiers",2005,Cerebral Cortex,other,0,unspecified_environment,stress,mixed,,low,abstract_only_reduced_table,abstract_only;weak_variable_resolution,"Brain aging research relies mostly on cross-sectional studies, which infer true changes from age differences. We present longitudinal measures of five-year change in the regional brain volumes in healthy adults. Average and individual differences in volume changes and the effects of age, sex and hypertension were as...",no,cross_sectional_survey,empirical_v2
doi:10.1177/0049124118769091,10.1177/0049124118769091,Using Sociometers to Advance Small Group Research,2018,Sociological Methods & Research,acoustic,0,unspecified_environment,mood,unknown,,low,abstract_only_reduced_table,abstract_only;weak_variable_resolution,"New technologies transform research specialties and potentiate new fields. Sociometers—wearable electronic sensors collecting quantitative, dynamic data about embodied social interactions at hyperfine scales—represent such a possibility for small group research. This article introduces this new method and its distin...",no,cross_sectional_survey,mixed_methods
doi:10.1108/ijchm-02-2020-0113,10.1108/ijchm-02-2020-0113,"Antecedents of positive eWOM in hotels. Exploring the relative role of satisfaction, quality and positive emotional experiences",2020,International Journal of Contemporary Hospitality Management,cognition,0,unspecified_environment,attention,mixed,,low,abstract_only_reduced_table,abstract_only;weak_variable_resolution,"Purpose This study aims to compare the relative importance of service quality (SQ), customer satisfaction (CS) and positive emotional experiences (PEE) to determine which is more influential in customers’ intention to spread positive eWOM. Design/methodology/approach A questionnaire that had been translated previous...",no,cross_sectional_survey,ethnographic
doi:10.1021/accountsmr.3c00062,10.1021/accountsmr.3c00062,4D Biochemical Photocustomization of Hydrogel Scaffolds for Biomimetic Tissue Engineering.,2023,Accounts of materials research,other,0,unspecified_environment,unspecified_outcome,unknown,,low,abstract_only_reduced_table,abstract_only;weak_variable_resolution,"Programmable engineered tissues and the materials that support them are instrumental to the development of next-generation therapeutics and gaining new understanding of human biology. Toward these ends, recent years have brought a growing emphasis on the creation of ""4D"" hydrogel culture platforms-those that can be ...",no,cross_sectional_survey,unknown
doi:10.48550/arXiv.2404.06114,10.48550/arXiv.2404.06114,Communication-Efficient Large-Scale Distributed Deep Learning: A Comprehensive Survey,2024,arXiv.org,cognition,0,unspecified_environment,attention,unknown,,low,abstract_only_reduced_table,abstract_only;weak_variable_resolution,"With the rapid growth in the volume of data sets, models, and devices in the domain of deep learning, there is increasing attention on large-scale distributed deep learning. In contrast to traditional distributed deep learning, the large-scale scenario poses new challenges that include fault tolerance, scalability o...",no,cross_sectional_survey,case_study
doi:10.3847/1538-4357/abf7ba,10.3847/1538-4357/abf7ba,The CAMELS Project: Cosmology and Astrophysics with Machine-learning Simulations,2021,The Astrophysical Journal,spatial,0,spatial_layout,unspecified_outcome,unknown,,low,abstract_only_reduced_table,abstract_only;weak_variable_resolution,"Abstract We present the Cosmology and Astrophysics with MachinE Learning Simulations (CAMELS) project. CAMELS is a suite of 4233 cosmological simulations of <mml:math xmlns:mml=""http://www.w3.org/1998/Math/MathML"" overflow=""scroll""> <mml:msup> <mml:mrow> <mml:mfenced close="")"" open=""(""> <mml:mrow> <mml:mn>25</mml:mn...",no,cross_sectional_survey,theoretical
doi:10.1093/gerona/glaa166,10.1093/gerona/glaa166,"The Associations of Activity Fragmentation With Physical and Mental Fatigability Among Community-Dwelling 75-, 80-, and 85-Year-Old People",2020,The Journals of Gerontology Series A,other,0,unspecified_environment,sleep,mixed,,low,abstract_only_reduced_table,abstract_only;weak_variable_resolution,"Abstract Background Fatigue related to task standardized by duration and intensity, termed fatigability, could manifest as shortening of activity bouts throughout the day causing daily activity to accumulate in a more fragmented pattern. Our purpose was to study the association of activity fragmentation with physica...",no,cross_sectional_survey,empirical_v2
doi:10.3389/fnins.2020.549524,10.3389/fnins.2020.549524,WAUC: A Multi-Modal Database for Mental Workload Assessment Under Physical Activity,2020,Frontiers in Neuroscience,thermal,0,thermal,attention,unknown,,low,abstract_only_reduced_table,abstract_only,Assessment of mental workload is crucial for applications that require sustained attention and where conditions such as mental fatigue and drowsiness must be avoided. Previous work that attempted to devise objective methods to model mental workload were mainly based on neurological or physiological data collected wh...,no,cross_sectional_survey,empirical_v2
doi:10.3389/fphys.2018.00182,10.3389/fphys.2018.00182,Symptoms of Anxiety and Depression in Young Athletes Using the Hospital Anxiety and Depression Scale,2018,Frontiers in Physiology,restoration,0,unspecified_environment,stress,null,,low,abstract_only_reduced_table,abstract_only;weak_variable_resolution,"Elite young athletes have to cope with multiple psychological demands such as training volume, mental and physical fatigue, spatial separation of family and friends or time management problems may lead to reduced mental and physical recovery. While normative data regarding symptoms of anxiety and depression for the ...",no,cross_sectional_survey,unknown
doi:10.1155/ppc/4997971,10.1155/ppc/4997971,The Mediating Effects of Mental Fatigue and Mindfulness on the Relationship Between Physical Activity and Quality of Life in Young Adults: Structural Equation Modeling,2025,Perspectives in psychiatric care,cognition,0,unspecified_environment,attention,mixed,,low,abstract_only_reduced_table,abstract_only;weak_variable_resolution,"Objectives: This study explores the impact of physical activity on young adults’ quality of life, with a novel focus on the mediating roles of mental fatigue and mindfulness.Methods: A cross‐sectional study was conducted with undergraduate students studying at a university in Western Turkey (May–June 2024). Data wer...",no,cross_sectional_survey,unknown
doi:10.3233/WOR-220478,10.3233/WOR-220478,Effect of boxers’ social support on mental fatigue: Chain mediating effects of coach leadership behaviors and psychological resilience,2023,Work,affect,0,unspecified_environment,stress,unknown,,low,abstract_only_reduced_table,abstract_only;weak_variable_resolution,"BACKGROUND: Athletic fatigue is an inescapable issue in competitive sports. It belongs to a physiological response that is triggered when competitive athletes are trained to a critical point. OBJECTIVE: The study aims to explore the relationships involving boxers’ social support, mental fatigue, coach leadership beh...",no,cross_sectional_survey,theoretical
doi:10.1093/neuonc/noaf193.047,10.1093/neuonc/noaf193.047,OS04.8.A UNRAVELLING MENTAL AND PHYSICAL FATIGUE IN PATIENTS WITH LOW-GRADE GLIOMA TREATED WITH PROTON RADIATION THERAPY,2025,Neuro-Oncology,cognition,0,biophilia,attention,mixed,,medium,abstract_only_reduced_table,abstract_only,"Fatigue is a common consequence of low-grade gliomas (LGG), but its specific nature and progression over time has not been extensively studied. Additionally, the effects of proton radiation therapy on fatigue are unclear. Although particularly mental fatigue is considered characteristic for patients with brain disor...",no,cross_sectional_survey,unknown
doi:10.2307/1793096,10.2307/1793096,"Politics, Law and Ritual in Tribal Society",1966,Geographical Journal,cognition,0,unspecified_environment,attention,unknown,,low,abstract_only_reduced_table,abstract_only;weak_variable_resolution,"What can we learn from tribal societies about the ways in which, in a variety of social settings, groups of men resolve their conflicts with other men? In order to answer this question, Politics, Law and Ritual in Tribal Society compares nearly forty case study societies, most of them in Africa, in their reconstruct...",no,cross_sectional_survey,case_study
doi:10.4103/ijas.ijas_34_16,10.4103/ijas.ijas_34_16,The impact of social media volume and addiction on medical student sleep quality and academic performance: A cross-sectional observational study,2016,Imam Journal of Applied Sciences,affect,0,unspecified_environment,productivity,unknown,,low,abstract_only_reduced_table,abstract_only;weak_variable_resolution,"Problem Statement: Social media use may be detrimental to sleep quality, self-esteem, and mental health and may affect academic performance in medical students. However, the effects of problematic social media use on sleep quality and academic performance in medical students are unknown. Approach: A total of 170 med...",no,cross_sectional_survey,observational_field
doi:10.1093/brain/awaf331,10.1093/brain/awaf331,Combined magnetic resonance imaging and serum analysis reveals distinct multiple sclerosis types.,2025,Brain : a journal of neurology,other,0,unspecified_environment,unspecified_outcome,positive,189,low,abstract_only_reduced_table,abstract_only;n=189;weak_variable_resolution,Multiple sclerosis (MS) is a highly heterogeneous disease in its clinical manifestation and progression. Predicting individual disease courses is key for aligning treatments with underlying pathobiology. We developed an unsupervised machine learning model integrating MRI-derived measures with serum neurofilament lig...,no,cross_sectional_survey,conceptual_framework
doi:10.3390/su17020528,10.3390/su17020528,Risk Assessment in Mass Housing Projects Using the Integrated Method of Fuzzy Shannon Entropy and Fuzzy EDAS,2025,Sustainability,biophilic,0,biophilia,attention,unknown,,low,abstract_only_reduced_table,abstract_only,"Mass building projects play a key role in the economic prosperity of any country. Furthermore, these projects are among the main drivers of environmental and social problems. In recent years, with the spread of the concept of sustainable development in the life cycle of construction projects and the dynamic and even...",no,cross_sectional_survey,unknown
doi:10.1016/j.nsa.2024.105407,10.1016/j.nsa.2024.105407,Towards collaborative data science in mental health research: The ECNP neuroimaging network accessible data repository.,2025,Neuroscience applied,other,0,unspecified_environment,unspecified_outcome,unknown,,low,abstract_only_reduced_table,abstract_only;weak_variable_resolution,"The current biologically uninformed psychiatric taxonomy complicates optimal diagnosis and treatment. Neuroimaging-based machine learning methods hold promise for tackling these issues, but large-scale, representative cohorts are required for building robust and generalizable models. The European College of Neuropsy...",no,cross_sectional_survey,conceptual_framework
doi:10.1108/JHOM-01-2023-0004,10.1108/JHOM-01-2023-0004,Cross-cultural validation and psychometric testing of the French version of the TeamSTEPPS teamwork perceptions questionnaire.,2024,Journal of health organization and management,other,0,unspecified_environment,unspecified_outcome,unknown,,low,abstract_only_reduced_table,abstract_only;weak_variable_resolution,Effective teamwork is crucial for patient safety in healthcare. The TeamSTEPPS Teamwork Perceptions Questionnaire (T-TPQ) is a widely used tool for assessing teamwork perceptions. The T-TPQ has been adapted and validated for hospital setting use in several countries. This study aimed to translate and validate the T-...,no,cross_sectional_survey,unknown
doi:10.1186/s40780-026-00540-y,10.1186/s40780-026-00540-y,Experience-based ambivalence toward medical opioid use among Japanese adults: a nationwide cross-sectional survey using the barriers questionnaire II.,2026,Journal of pharmaceutical health care and sciences,cognition,0,unspecified_environment,stress,negative,,low,abstract_only_reduced_table,abstract_only;weak_variable_resolution,"Pain is one of the most distressing symptoms in patients with cancer. Although established guidelines now recommend appropriate opioid use, even for mild-to-moderate pain, Japan's prescription volume remains markedly lower than that of Western countries. Public ambivalence, recognizing opioids as effective yet feari...",no,cross_sectional_survey,empirical_v2
doi:10.1051/0004-6361/201833910,10.1051/0004-6361/201833910,<i>Planck</i> 2018 results,2020,Astronomy and Astrophysics,acoustic,0,noise,stress,mixed,,medium,abstract_only_reduced_table,abstract_only,"We present cosmological parameter results from the final full-mission Planck measurements of the cosmic microwave background (CMB) anisotropies, combining information from the temperature and polarization maps and the lensing reconstruction. Compared to the 2015 results, improved measurements of large-scale polariza...",no,cross_sectional_survey,unknown
doi:10.1103/PhysRevLett.121.021302,10.1103/PhysRevLett.121.021302,Galaxy Correlation Functions Provide a More Robust Cosmological Standard Ruler.,2017,Physical Review Letters,acoustic,0,noise,mood,unknown,,low,abstract_only_reduced_table,abstract_only,"We show how a characteristic length scale imprinted in the galaxy two-point correlation function, dubbed the ""linear point,"" can serve as a comoving cosmological standard ruler. In contrast to the baryon acoustic oscillation peak location, this scale is constant in redshift and is unaffected by nonlinear effects to ...",no,cross_sectional_survey,unknown
doi:10.3390/children10020365,10.3390/children10020365,The Mediating Role of Brain Structural Imaging Markers in Connecting Adverse Childhood Experiences and Psychological Resilience.,2023,"Children (Basel, Switzerland)",other,0,unspecified_environment,unspecified_outcome,unknown,,low,abstract_only_reduced_table,abstract_only;weak_variable_resolution,"The impact of adverse childhood experiences (ACEs) on brain structure has been noticed. Resilience has been considered a protective characteristic from being mentally ill; however, the link between ACEs, psychological resilience, and brain imaging remains untested. A total of 108 participants (mean age 22.92 ± 2.43 ...",no,cross_sectional_survey,unknown
doi:10.2196/75451,10.2196/75451,"Social Cohesion, Mental Well-Being, and the Role of Smart Technology and Pet Ownership Among Social Housing Residents: Cross-Sectional Cohort Study",2025,JMIR Formative Research,affect,0,unspecified_environment,mood,null,,low,abstract_only_reduced_table,abstract_only;weak_variable_resolution,Abstract Background Smart technology has been shown to have varied effects on social cohesion and mental well-being. There has been very little research on associations between pet ownership and social cohesion and mental well-being. Objective This study aimed to explore associations between social cohesion and ment...,no,cross_sectional_survey,observational_field
doi:10.1080/14330237.2024.2425235,10.1080/14330237.2024.2425235,Family cohesion and adaptability effects on social anxiety among adolescents: The mediating role of experiential avoidance,2024,Journal of Psychology in Africa,affect,0,unspecified_environment,stress,negative,,low,abstract_only_reduced_table,abstract_only;weak_variable_resolution,"We investigated the effect of family cohesion and adaptability on adolescent social anxiety and explored the mediating effect of experiential avoidance between them. A total of 610 adolescents completed the Family Adaptability and Cohesion Evaluation Scales II, the Acceptance and Action Questionnaire II, and the Soc...",no,cross_sectional_survey,unknown
doi:10.1080/13511610.2025.2467217,10.1080/13511610.2025.2467217,Social perception of war: a study of Ukrainian society under Russia’s full-scale invasion,2025,Innovation: The European Journal of Social Science Research,other,0,unspecified_environment,unspecified_outcome,positive,,low,abstract_only_reduced_table,abstract_only;weak_variable_resolution,"This paper examines how the 2022 Russian invasion reshaped Ukrainian social perceptions. Before the invasion, opinions on the war's likelihood varied due to propaganda and history. This research analyzes sociological data from the first year of the war to understand evolving attitudes toward the war, national identi...",no,cross_sectional_survey,thought_piece
doi:10.1038/s41598-025-02706-4,10.1038/s41598-025-02706-4,Mediating effects of physical self-esteem and subjective well-being on physical activity and prosocial behavior among college students,2025,Scientific Reports,other,0,unspecified_environment,mood,unknown,,low,abstract_only_reduced_table,abstract_only;weak_variable_resolution,"To investigate the role of physical self-esteem and subjective well-being in the influence of physical activity on prosocial behavior among Chinese university students. A survey was conducted among 580 college students using Physical Activity Rating Scale, College Student Physical Self-esteem Scale, Satisfaction wit...",no,cross_sectional_survey,theoretical
doi:10.3389/fpsyt.2025.1573345,10.3389/fpsyt.2025.1573345,The effects of social mindfulness and online interpersonal trust on college students’ online prosocial behavior,2025,Frontiers in Psychiatry,other,0,unspecified_environment,stress,unknown,,low,abstract_only_reduced_table,abstract_only;weak_variable_resolution,"Introduction With the widespread adoption of the internet and social media, adolescents’ social interactions through online platforms have increasingly expanded. Adolescents’ prosocial activities in cyberspace not only serve as important indications of their socialization but also show how the internet and technolog...",no,cross_sectional_survey,empirical_v2
doi:10.52845/cs/2025-5-2-36,10.52845/cs/2025-5-2-36,The Relationship Between Family Cohesion and Adolescent Internet Addiction: The Chain Mediation Effects of Physical Activity and Prosocial Behavior,2025,Research Review,other,0,unspecified_environment,unspecified_outcome,negative,,low,abstract_only_reduced_table,abstract_only;weak_variable_resolution,"This study explores the chain mediation effects of physical activity and prosocial behavior on the relationship between family intimacy and adolescent Internet addiction, providing insights for targeted interventions. A cross-sectional survey of 690 middle school students in Shandong Province, China, was conducted u...",no,cross_sectional_survey,theoretical
doi:10.2224/sbp.13089,10.2224/sbp.13089,Ego depletion and prosocial behavior: The chain mediating effects of subjective vitality and empathy,2024,Social Behavior and Personality: An international journal,other,0,unspecified_environment,unspecified_outcome,positive,,low,abstract_only_reduced_table,abstract_only;weak_variable_resolution,"This study investigated the effect of ego depletion on prosocial behavior and the chain mediating role of subjective vitality and empathy in this relationship. We conducted a survey of 381 college students using standardized scales. The results showed that there were significant correlations
 among ego depletion, su...",no,cross_sectional_survey,unknown
doi:10.3389/fpsyg.2024.1431861,10.3389/fpsyg.2024.1431861,"Prosocial behavior associated with trait mindfulness, psychological capital and moral identity among medical students: a moderated mediation model",2024,Frontiers in Psychology,affect,0,unspecified_environment,mood,unknown,,low,abstract_only_reduced_table,abstract_only;weak_variable_resolution,"Purpose As future doctors, medical students’ prosocial behaviors may affect the relationship between doctors and patients. This study aims to explore the effects of trait mindfulness on prosocial behaviors, as well as the mediating role of psychological capital and the moderating role of moral identity among medical...",no,cross_sectional_survey,empirical_v2
doi:10.3389/fpsyg.2025.1533687,10.3389/fpsyg.2025.1533687,"Sense of meaning in life, self-acceptance, and prosocial behavior: an application of network analysis methods",2025,Frontiers in Psychology,affect,0,unspecified_environment,mood,unknown,,low,abstract_only_reduced_table,abstract_only;weak_variable_resolution,"Objective To explore the characteristics and core items of the network structure between school students’ sense of meaning in life, self-acceptance, and prosocial behavior, and to provide a basis for understanding the relationship between their sense of meaning in life, self-acceptance and prosocial behavior and rel...",no,cross_sectional_survey,unknown
doi:10.1257/jep.21.1.141,10.1257/jep.21.1.141,The Economic Lives of the Poor,2007,The Journal of Economic Perspectives,other,0,unspecified_environment,unspecified_outcome,unknown,,low,abstract_only_reduced_table,abstract_only;weak_variable_resolution,"The 1990 World Development Report from the World Bank defined the “extremely poor” people of the world as those who are currently living on no more than $1 per day per person. But how actually does one live on less than $1 per day? This essay is about the economic lives of the extremely poor: the choices they face, ...",no,cross_sectional_survey,unknown
doi:10.61978/psychosocia.v2i4.814,10.61978/psychosocia.v2i4.814,Meaningful Connections in Crisis: Exploring Motivational and Emotional Predictors of Online Prosocial Behavior Among Indonesian Youth,2024,Psychosocia : Journal of Applied Psychology and Social Psychology,affect,0,unspecified_environment,mood,unknown,,low,abstract_only_reduced_table,abstract_only;weak_variable_resolution,"The global COVID 19 crisis catalyzed a surge in online prosocial behaviors among youth, particularly in collectivist cultures such as Indonesia. This study investigates the motivational and psychosocial determinants that drive Indonesian youths to engage in public versus anonymous digital altruism. Drawing on survey...",no,cross_sectional_survey,theoretical
doi:10.2139/ssrn.3682797,10.2139/ssrn.3682797,"How God Makes You Prosocial: A Fearing or a Merciful View of God and Its Impact on Ethical Intentions, and OCB with a Mediatory Role of Religiosity, and Supervisors’ and Co-Workers’ Ethical Behavior.",2020,,affect,0,unspecified_environment,mood,unknown,,low,abstract_only_reduced_table,abstract_only;weak_variable_resolution,"There is a widespread acceptance of the link between religiosity and ethics although it is unclear how this influence occurs exactly. Building on social learning and social exchange theory, O’Keefe et. al. (2017) proposed that ethical leadership interacts with co-worker ethicality to predict personnel’s ethical inte...",no,cross_sectional_survey,theoretical
doi:10.1037/xlm0000654,10.1037/xlm0000654,Acquisition and transfer of spatial knowledge during wayfinding.,2018,Journal of Experimental Psychology Learning Memory and Cognition,spatial,0,spatial_layout,cognition,unknown,,low,abstract_only_reduced_table,abstract_only,"In the current study, we investigated the ways in which the acquisition and transfer of spatial knowledge were affected by (a) the type of spatial relations predominately experienced during learning (routes determined by walkways vs. straight-line paths between locations); (b) environmental complexity; and (c) the a...",no,cross_sectional_survey,empirical_v2
doi:10.1098/rsbl.2025.0216,10.1098/rsbl.2025.0216,Giant icons and lesser kin: Chinese public perception of panda welfare at Chengdu Research Base of Giant Panda Breeding.,2025,Biology letters,cognition,0,biophilia,attention,positive,,medium,abstract_only_reduced_table,abstract_only,"In this article, we consider the extent to which wildlife tourism in China has become a nodal point where human-animal interactions have been consistently shaped and reshaped by the multiple layers of naturecultural complexity. We do this by investigating Chinese visitors' evaluation of animal welfare as they apply ...",no,cross_sectional_survey,unknown
doi:10.58224/2618-7183-2024-7-1-1,10.58224/2618-7183-2024-7-1-1,Field thermovision study of externsl enclosure for multi-storey residential building under climatic conditions of Northern Kazakhstan,2024,Construction Materials and Products,thermal,0,thermal,unspecified_outcome,unknown,,low,abstract_only_reduced_table,abstract_only;weak_variable_resolution,"An in-place thermovision study was carried out in a multi-apartment apartment building of high comfort in a cold period of the year, located in the Northern part of the Republic of Kazakhstan in the work. The study result showed the presence of significant problems on thermal protection at the edge and inner corner ...",no,cross_sectional_survey,unknown
doi:10.1038/s41598-025-16173-4,10.1038/s41598-025-16173-4,Study on the mechanisms associating community outdoor public spaces with elderly behavior.,2025,Scientific reports,biophilic,0,spatial_layout,unspecified_outcome,positive,,low,abstract_only_reduced_table,abstract_only;weak_variable_resolution,"As the global population ages, enhancing community outdoor public spaces to accommodate the needs of senior citizens has emerged as a critical challenge. This research delves into the intricate relationship between community outdoor public spaces and the behavioral patterns of the elderly, seeking to inform strategi...",no,cross_sectional_survey,theoretical
doi:10.1115/1.4052871,10.1115/1.4052871,Special Issue: Well-Being in the Built Environment,2021,ASME Journal of Engineering for Sustainable Buildings and Cities,thermal,0,air_quality,mood,mixed,,medium,abstract_only_reduced_table,abstract_only,"The COVID-19 pandemic has clearly raised public awareness of the significant impact of indoor built environments on human health. However, the true health and well-being impacts are much more substantial and long lasting than those stemming from infectious diseases.Good building design is linked to well-being, produ...",no,cross_sectional_survey,thought_piece
doi:10.1073/pnas.2511908122,10.1073/pnas.2511908122,Prehistoric hunting megastructures in the Adriatic hinterland.,2025,Proceedings of the National Academy of Sciences of the United States of America,spatial,0,spatial_layout,unspecified_outcome,unknown,,low,abstract_only_reduced_table,abstract_only;weak_variable_resolution,"Airborne laser scanning survey of the Karst Plateau in the Adriatic hinterland has revealed four monumental dry-stone structures, characterized by long, low stone alignments converging into concealed enclosures. These features, strategically placed along natural movement corridors, appear to have been designed to gu...",no,cross_sectional_survey,thought_piece
doi:10.1080/09613218.2023.2180343,10.1080/09613218.2023.2180343,Relationship between the design characteristics of activity-based flexible offices and users’ perceptions of privacy and social interactions,2023,Building Research &amp; Information,spatial,0,spatial_layout,unspecified_outcome,positive,,low,abstract_only_reduced_table,abstract_only;weak_variable_resolution,ABSTRACT Activity-based flexible offices (AFOs) provide a variety of workspaces to meet the need for social interactions and privacy at work. This study investigates the relationship between the design characteristics of AFOs and users’ perceptions of visual and acoustic privacy and social interactions. This case st...,no,cross_sectional_survey,case_study
doi:10.3390/ani13020251,10.3390/ani13020251,Chimpanzees (,2023,Animals : an open access journal from MDPI,spatial,0,spatial_layout,unspecified_outcome,unknown,982,low,abstract_only_reduced_table,abstract_only;n=982;weak_variable_resolution,"A survey was sent to zoos, research facilities, and sanctuaries which housed chimpanzees. Data collected included information about 1122 chimpanzees’ age, sex, social group-size, rearing history, and enclosure. Respondents were also asked to indicate if certain behaviors had been observed in each chimpanzee over the...",no,cross_sectional_survey,unknown
doi:10.3130/aija.69.55_3,10.3130/aija.69.55_3,OFFICE LAYOUT AND WORKSPACE ENCLOSURE AS MEDIATORS TO WORKERS' PRIVACY AND COMMUNICATION AFFECTING PRODUCTIVITY,2004,Journal of Architecture and Planning (Transactions of AIJ),acoustic,0,noise,mood,unknown,,low,abstract_only_reduced_table,abstract_only,"This study is part of a complex research on current Japanese office environments. Based on qualitative and quantitative data from group interviews and questionnaires, 'free-layout' and seating positions in 'isle-type' layout, as well as levels of workspace enclosures were defined and then cross-tabulated by the foll...",no,cross_sectional_survey,mixed_methods
doi:10.1007/s11578-005-0058-4,10.1007/s11578-005-0058-4,Wissen als geistiges Privateigentum?,2005,Leviathan,spatial,0,spatial_layout,unspecified_outcome,unknown,,low,abstract_only_reduced_table,abstract_only;weak_variable_resolution,"Whereas the notion of “knowledge society” has gained common currency when it comes to describe modern society, social scientists in Germany have long neglected the far reaching changes in the regulation of intellectual property rights which have taken place in the last decade. What can be observed is a global trend ...",no,cross_sectional_survey,unknown
doi:10.47363/jeast/2023(5)189,10.47363/jeast/2023(5)189,Design and Validation of an Optimal Mechanical Enclosure for LowCost Real-Time Gluten Detection Using NIR Sensor in a Portable Device,2023,Journal of Engineering and Applied Sciences Technology,thermal,0,thermal,attention,unknown,,low,abstract_only_reduced_table,abstract_only,"Food allergy, specifically gluten intolerance, is a significant global health issue affecting approximately 7% of the population, with the only effective treatment being lifelong adherence to a gluten-free diet. Despite the need, no rapid, low-cost, non-invasive testing device is available for patients with this dis...",no,cross_sectional_survey,unknown
doi:10.1016/j.geoforum.2023.103719,10.1016/j.geoforum.2023.103719,"Urban enclosure, neighbourhood commons, and community participation willingness: Evidence from Shanghai, China",2023,Geoforum,spatial,0,spatial_layout,unspecified_outcome,unknown,,low,abstract_only_reduced_table,abstract_only;weak_variable_resolution,"While the neighbourhood has been recognised as the basic unit for civic engagement and social cohesion, debates have emerged regarding the social and political implications of the territorial enclosure of urban neighbourhoods. In post-reform China, the tradition of urban enclosure has persisted, but its potential ef...",no,cross_sectional_survey,theoretical
doi:10.71317/rjsa.002.04.0016,10.71317/rjsa.002.04.0016,The Effects of Immigration Policies on Social Cohesion: Perspectives from Affected Communities,2024,Research Journal for Social Affairs,affect,0,unspecified_environment,unspecified_outcome,positive,,low,abstract_only_reduced_table,abstract_only;weak_variable_resolution,"Education has long been recognized as a critical tool for social change, particularly in empowering marginalized populations. This study assesses the impact of educational reforms on such communities, analyzing both qualitative and quantitative data to evaluate the effectiveness of these reforms in enhancing access,...",no,cross_sectional_survey,mixed_methods
doi:10.1038/s41598-023-43741-3,10.1038/s41598-023-43741-3,The moderating role of neighborhood social cohesion in the mediation effects of the loneliness between acculturation stress and post-traumatic growth among female North Korean defectors,2023,Scientific Reports,affect,0,unspecified_environment,stress,negative,,low,abstract_only_reduced_table,abstract_only;weak_variable_resolution,"Loneliness negatively predicts post-traumatic growth (PTG) among North Korean defectors (NKD), one of the representative groups of refugees. Additionally, evidence also suggests that females, who account for 70% of NKDs entering South Korea, are vulnerable not only to past trauma but also to the current acculturatio...",no,cross_sectional_survey,unknown
doi:10.13169/jglobfaul.11.2.198,10.13169/jglobfaul.11.2.198,Challenges to building social cohesion in conflict-laden areas: The A’zaz case in the northwest of Syria (2016–2022),2024,Journal of Global Faultlines,cognition,0,unspecified_environment,attention,unknown,,low,abstract_only_reduced_table,abstract_only;weak_variable_resolution,"The primary focus of this article is to critically evaluate the feasibility of fostering social cohesion in northwest Syria. This exploration hinges on the nuanced perspectives of local authorities, residents, and civil society organizations (CSOs) actively operating within the region. To comprehensively understand ...",no,cross_sectional_survey,interview_study
doi:10.62012/jacs.v1i2.8,10.62012/jacs.v1i2.8,The Role of Art in Building Social Cohesion in Multicultural Societies,2024,"Journal of Studies on Art, Culture and Society",thermal,0,thermal,unspecified_outcome,positive,,low,abstract_only_reduced_table,abstract_only;weak_variable_resolution,"This research explores the role of art in building social cohesion in multicultural societies. Using mixed methods, namely a quantitative survey of 300 respondents from various cultural backgrounds and qualitative interviews with 20 community arts program participants, this research found that participation in arts ...",no,cross_sectional_survey,mixed_methods
doi:10.2147/PRBM.S458349,10.2147/PRBM.S458349,The Impact of Coping Styles on the Mental Health of Outstanding Physical Education Students in Shanghai During the Normalization Epidemic: The Chain Mediation Role of Meaning in Life and Prosocial Behavior,2024,Psychology Research and Behavior Management,other,0,unspecified_environment,mood,positive,,low,abstract_only_reduced_table,abstract_only;weak_variable_resolution,"Purpose The continuous spread of the epidemic has inflicted serious harm upon individual’s mental well-being, and effective coping mechanisms are associated with positive mental health outcomes. Prosocial behavior and a sense of meaning in life can enhance individuals’ subjective well-being, which can subsequently p...",no,cross_sectional_survey,theoretical
doi:10.2224/sbp.13232,10.2224/sbp.13232,Exercise self‐efficacy and aggressive behavior in college students: Interpersonal trust and prosocial behavior as chain mediators,2024,Social Behavior and Personality: An international journal,other,0,unspecified_environment,unspecified_outcome,unknown,,low,abstract_only_reduced_table,abstract_only;weak_variable_resolution,"This study examined the relationship between exercise self‐efficacy and aggressive behavior in college students, with interpersonal trust and prosocial behavior as mediators. We conducted a survey of 1,571 college students. The results were as follows: (a) exercise self‐efficacy
 was significantly and negatively rel...",no,cross_sectional_survey,unknown
doi:10.3389/fpsyg.2022.840080,10.3389/fpsyg.2022.840080,Prosocial Behavior in Preschoolers: Effects of Early Socialization Experiences With Peers,2022,Frontiers in Psychology,light,0,daylight,attention,mixed,,medium,abstract_only_reduced_table,abstract_only,"Over the last decades, many studies had focused on the psychological outcomes of children who have received early socialization outside of the family context, highlighting that the daycare experience can both positively and negatively influence the child’s social-emotional development. Despite the number of studies ...",no,cross_sectional_survey,unknown
doi:10.1007/s10551-024-05743-7,10.1007/s10551-024-05743-7,Receiving Social Support Motivates Long-Term Prosocial Behavior,2024,Journal of Business Ethics,other,0,unspecified_environment,unspecified_outcome,positive,,low,abstract_only_reduced_table,abstract_only;weak_variable_resolution,"Prosocial behavior—actions aimed to benefit other individuals, groups, or communities—are important for promoting and maintaining a healthy society. Extant research on the factors driving prosocial behavior has mainly addressed short-term effects, overlooking the factors that motivate long-term prosocial behavior. B...",no,cross_sectional_survey,theoretical
doi:10.1080/23744731.2025.2511558,10.1080/23744731.2025.2511558,"Toward occupant-centric building retrofits: an integrated protocol for real-time monitoring of building energy use, indoor environmental quality, and enclosure performance pre- and post-retrofitting",2025,Science and Technology for the Built Environment,thermal,0,air_quality,productivity,positive,,medium,abstract_only_reduced_table,abstract_only,"The growing need for energy retrofitting in residential buildings aims to improve energy efficiency and occupant comfort, and address climate change. However, studies documenting retrofit implementation demonstrate that the actual energy performance and thermal comfort of retrofitted buildings deviate from predicted...",no,cross_sectional_survey,methods_protocol
doi:10.33140/jns.01.01.05,10.33140/jns.01.01.05,Exploring the Relationship Between Self-Compassion and Prosocial Behavior Among University Students; Mediating Role of Empathy,2023,Journal of Neuro and Spine,other,0,unspecified_environment,unspecified_outcome,unknown,,low,abstract_only_reduced_table,abstract_only;weak_variable_resolution,"Interpersonal relationships are of high significance in university life. Building on self-determination theory that explicates that individuals engage in prosocial behaviour primarily for their own satisfaction, we postulates that empathy positively mediate the relationship between self-compassion and pro-social beh...",no,cross_sectional_survey,theoretical
doi:10.1177/1533317519844046,10.1177/1533317519844046,Cognitive Function of Elderly Persons in Japanese Neighborhoods: The Role of Street Layout,2019,American Journal of Alzheimer s Disease & Other Dementias®,spatial,0,spatial_layout,cognition,negative,,medium,abstract_only_reduced_table,abstract_only,Objectives: The aims of this study were to examine (a) associations of two metric and space syntax measures of street layout with the cognitive function of Japanese older adults and (b) the extent to which objectively assessed physical activity mediated such associations. Methods: Cross-sectional data from 277 older...,no,cross_sectional_survey,empirical_v2
doi:10.1108/lht-12-2021-0431,10.1108/lht-12-2021-0431,Effects of interface layout design on mobile learning efficiency: a comparison of interface layouts for mobile learning platform,2022,Library hi tech,cognition,0,spatial_layout,productivity,mixed,,medium,abstract_only_reduced_table,abstract_only,PurposeThe purpose of this study is to explore the impact of mobile learning platforms on users' study efficiency and develop cognitive indicators to evaluate users' study efficiency on mobile learning platforms.Design/methodology/approachLayout style was the only independent factor that was investigated. A between-...,no,cross_sectional_survey,empirical_v2
doi:10.1186/s42409-022-00036-z,10.1186/s42409-022-00036-z,A comparison of question order effects on item-by-item and grid formats: visual layout matters,2022,Measurement Instruments for the Social Sciences,spatial,0,unspecified_environment,cognition,unknown,,low,abstract_only_reduced_table,abstract_only;weak_variable_resolution,"Question order effect refers to the phenomenon that previous questions may affect the cognitive response process and respondents’ answers. Previous questions generate a context or frame in which questions are interpreted. At the same time, in online surveys, the visual design may also shift responses. Past empirical...",no,cross_sectional_survey,empirical_v2
doi:10.1017/S0373463321000588,10.1017/S0373463321000588,Visual imagination and cognitive mapping of a virtual building,2021,Journal of navigation,spatial,0,spatial_layout,cognition,unknown,,low,abstract_only_reduced_table,abstract_only,"Abstract We investigated the contribution of visual imagination to the cognitive mapping of a building when initial exploration was simulated either visually by using a passive video walk-through, or mentally by using verbal guidance. Building layout had repeating elements with either rotational or mirror symmetry. ...",no,cross_sectional_survey,unknown
doi:10.1177/19375867251404027,10.1177/19375867251404027,Improving Overcrowding in Outpatient Departments of Old Hospitals: A Case Study in Beijing.,2026,HERD,spatial,0,spatial_layout,attention,mixed,,medium,abstract_only_reduced_table,abstract_only,Research ObjectiveThis study addresses the issue of excessive overcrowding in outpatient departments of old large tertiary hospitals in China and proposes a spatial optimization framework to improve patient experience and enhance hospital operational efficiency.Research BackgroundExisting research mainly focuses on ...,no,cross_sectional_survey,case_study
doi:10.1186/s41235-025-00696-5,10.1186/s41235-025-00696-5,"""Freely explore this environment"": individual differences in exploration behavior and survey knowledge.",2025,Cognitive research: principles and implications,spatial,0,spatial_layout,stress,mixed,,medium,abstract_only_reduced_table,abstract_only,"When navigating individuals form mental representations of their environment. Significant individual differences exist, particularly in the ability to develop survey knowledge-a map-like understanding of spatial relationships. While many studies have focused on navigation via predetermined routes, less is known abou...",no,cross_sectional_survey,unknown
doi:10.1080/16874048.2023.2212543,10.1080/16874048.2023.2212543,A spatial design guideline for supporting creativity at architectural firms,2023,HBRC Journal,biophilic,0,biophilia,productivity,positive,,medium,abstract_only_reduced_table,abstract_only,"ABSTRACT In recent years, creativity has become a major focus in organizations competing to develop new products and offer new solutions to the community. Since then, the achitectural firms’ workplace have been extensively studied as well as modified to support user creativity, productivity, and satisfaction by offe...",no,cross_sectional_survey,interview_study
doi:10.3390/bs15020181,10.3390/bs15020181,The Impact of Visual Elements of Packaging Design on Purchase Intention: Brand Experience as a Mediator in the Tea Bag Product Category.,2025,"Behavioral sciences (Basel, Switzerland)",spatial,0,spatial_layout,attention,unknown,,low,abstract_only_reduced_table,abstract_only,"While packaging design plays a vital role in experience-oriented markets, how multiple visual elements influence purchase intention through brand experience remains unclear. This study addresses this gap by employing innovative orthogonal experiments to examine the complex relationship between the visual elements of...",no,cross_sectional_survey,thought_piece
doi:10.1080/13658816.2023.2271956,10.1080/13658816.2023.2271956,The impact of spatial scale on layout learning and individual evacuation behavior in indoor fires: single-scale learning perspectives,2023,International Journal of Geographical Information Systems,spatial,0,spatial_layout,productivity,positive,,medium,abstract_only_reduced_table,abstract_only,"The detail and representation of a spatial layout varies with scale. This affects an individual’s learning effectiveness and understanding, in turn directly influencing their behavior in a fire evacuation. However, the impact of layout learning methods with different spatial scales on fire evacuation behavior, and t...",no,cross_sectional_survey,thought_piece
doi:10.1109/ACII55700.2022.9953819,10.1109/ACII55700.2022.9953819,ALOE: Active Learning based Opportunistic Experience Sampling for Smartphone Keyboard driven Emotion Self-report Collection,2022,Affective Computing and Intelligent Interaction,biophilic,0,biophilia,mood,negative,,medium,abstract_only_reduced_table,abstract_only,"Smartphone keyboard interaction based emotion detection systems are used widely to provide value-added services such as mental health monitoring, keyboard layout optimization, guided response generation. At the core of these services lie a machine learning model, which automatically infers emotion based on keyboard ...",no,cross_sectional_survey,conceptual_framework
sha256:4c2470c5e798,,Lighting Assessment and Effects on Visual Fatigue and Psychological Status of Employees in Damghan Velayat Hospital Wards,2015,DOAJ (DOAJ: Directory of Open Access Journals),light,0,daylight,stress,unknown,,low,abstract_only_reduced_table,abstract_only,Introduction and Aims Insufficient lighting as a physical stressor in work environment may impact on work performance and cause work&ndash;related accidents. This study assessed the illumination and the probable effects on visual fatigue and mental states in Velaiat hospital&rsquo;s personnel of Damghan. Materials a...,no,cross_sectional_survey,case_study
doi:10.1109/ACCESS.2024.3420406,10.1109/ACCESS.2024.3420406,Hospital Flow Simulation and Space Layout Planning Based on Low-Trust Social Force Model,2024,IEEE Access,spatial,0,spatial_layout,productivity,positive,,medium,abstract_only_reduced_table,abstract_only,"The spatial layout of hospitals shows constant intersection of streamlines with the patients in different kinds of needs finding their path to various service facilities. Along with COVID pandemic, low-trust psychology raises among social relationships, which has brought significant changes during space planning pro...",no,cross_sectional_survey,theoretical
doi:10.3390/jtaer20010040,10.3390/jtaer20010040,The Influence of Fashion Retailers on Customer Psychology Using Visual Merchandising and Store Layout to Improve Shopping Decision,2025,Journal of Theoretical and Applied Electronic Commerce Research,light,0,daylight,unspecified_outcome,positive,,low,abstract_only_reduced_table,abstract_only;weak_variable_resolution,This study explores how visual merchandising and store layout influence customer shopping decisions. This research aims to identify the key factors that shape consumer behavior and provide useful insights for retailers by using interactive marketing factors. Data were collected from 488 respondents in the South Munt...,no,cross_sectional_survey,theoretical
doi:10.31026/j.eng.2024.03.05,10.31026/j.eng.2024.03.05,The Influence of Immediate Common Space and Building Layout on Social Interaction in Residential Apartments: A Case Study in Sulaimani,2024,Jurnal Engineering,spatial,0,spatial_layout,mood,unknown,,low,abstract_only_reduced_table,abstract_only,"Numerous academics have demonstrated the value of immediate communal spaces in residential projects. In contemporary apartment site planning, these places are essential but sometimes ignored and categorized as leftover negative spaces rather than intentional interaction areas, diminishing the conventional forms of i...",no,cross_sectional_survey,case_study
doi:10.1002/jgc4.70145,10.1002/jgc4.70145,Development and acceptability of a support intervention for families after sudden cardiac death in the young.,2025,Journal of genetic counseling,spatial,0,spatial_layout,stress,unknown,,low,abstract_only_reduced_table,abstract_only,"Sudden cardiac death (SCD) in the young (<35 years) can be due to an inherited cardiovascular condition. The impact of SCD on the surviving family is significant, with high rates of symptoms of posttraumatic stress and prolonged grief. Using stakeholder codesign we developed COPE-SCD, an online community supporting ...",no,cross_sectional_survey,interview_study
doi:10.1177/19375867251381253,10.1177/19375867251381253,Patients' Experiences of the Transition to a 100% Single-Occupancy Patient Room Hospital in the Netherlands.,2026,HERD,thermal,0,spatial_layout,unspecified_outcome,positive,,low,abstract_only_reduced_table,abstract_only;weak_variable_resolution,"ObjectivesOur study examines experiences of patients admitted to multibedded patient rooms in a former hospital building, compared to patients' experiences in single-occupancy patient rooms (SPRs) in a new hospital building, designed according to principles of a healing environment.BackgroundTo improve patients' pri...",no,cross_sectional_survey,unknown
doi:10.1038/s41597-025-04440-y,10.1038/s41597-025-04440-y,Predictors of evacuation behavior: dataset on respondents' route choice and web interaction.,2025,Scientific data,spatial,0,spatial_layout,unspecified_outcome,unknown,,low,abstract_only_reduced_table,abstract_only;weak_variable_resolution,"Empirical data on human evacuation behavior are invaluable for adjusting and training computational algorithms that simulate evacuation processes, including agent-based modeling. We provide a dataset on human decision-making during evacuations from virtual buildings, captured using experimental methods that controll...",no,cross_sectional_survey,empirical_v2
sha256:1039f4dcac63,,"Ward layout, communication and care quality: Spatial intelligibility as a key component of hospital design",2019,UCL Discovery (University College London),spatial,0,spatial_layout,attention,positive,,medium,abstract_only_reduced_table,abstract_only,This study is an empirical investigation of the ways in which the spatial configuration of inpatient wards influences work processes and communication networks of caregivers and the effect on patient care quality. Space syntax research argues that the spatial configuration of hospitals has an effect on social behavi...,no,cross_sectional_survey,unknown
doi:10.1177/19375867211027498,10.1177/19375867211027498,"Influences of Physical Layout and Space on Patient Safety and Communication in Ambulatory Oncology Practices: A Multisite, Mixed Method Investigation",2021,HERD,spatial,0,spatial_layout,attention,positive,56,medium,abstract_only_reduced_table,abstract_only;n=56,"Objective: To examine how physical layouts and space in ambulatory oncology practices influence patient safety and clinician communication. Background: Ambulatory oncology practices face unique challenges in delivering safe care. With increasing patient volumes, these settings require additional attention to support...",no,cross_sectional_survey,mixed_methods
doi:10.70382/caijeres.v8i4.012,10.70382/caijeres.v8i4.012,INTERIOR SPACE UTILIZATION AND SOCIAL INTERACTION IN LSDPC ESTATES,2025,International journal of environmental research and earth science,spatial,0,spatial_layout,mood,positive,,medium,abstract_only_reduced_table,abstract_only,"As urban housing continues to respond to increasing population pressure in Lagos, effective space planning in residential buildings has become crucial for enhancing functionality, communal living, and social cohesion.  The study examines how the layout, spatial design, and furniture arrangement within LSDPC flats in...",no,cross_sectional_survey,interview_study
doi:10.1088/1755-1315/158/1/012003,10.1088/1755-1315/158/1/012003,The Hidden Structure of Organic Informal-like Settlements in Jogjakarta City: An Investigation of Socio-Spatial Relationship in an Urban Kampung,2018,IOP Conference Series Earth and Environmental Science,spatial,0,spatial_layout,mood,null,,medium,abstract_only_reduced_table,abstract_only,"Some urban kampungs are registered as informal settlements in Indonesian cities. The existence of a kampung amidst the cities is crucial in providing an affordable access to housing for most of the city's residents. As an integral part of the city, urban kampungs face many problems such as social segregation, low an...",no,cross_sectional_survey,case_study
doi:10.1088/1755-1315/1263/1/012011,10.1088/1755-1315/1263/1/012011,Effect of various housing patterns on social cohesion,2023,IOP Conference Series Earth and Environmental Science,spatial,0,spatial_layout,mood,unknown,,low,abstract_only_reduced_table,abstract_only,Abstract Social cohesion in housing is an attribute of the quality of the community of its inhabitants. Housing planning needs to function to facilitate the social interaction of its inhabitants. This research aims to identify the effect of housing patterns on social cohesion in various housing patterns. Most existi...,no,cross_sectional_survey,unknown
doi:10.32628/gisrrj236825,10.32628/gisrrj236825,Modeling User Experience and Post-Occupancy Satisfaction in Government-Sponsored Housing Projects,2023,Gyanshauryam International Scientific Refereed Research Journal,air,0,daylight,attention,positive,,medium,abstract_only_reduced_table,abstract_only,"This investigates user experience and post-occupancy satisfaction in government-sponsored housing projects, with the aim of identifying design, operational, and social factors that influence residents’ quality of life. In many rapidly urbanizing regions, particularly in developing countries, government-led housing i...",no,cross_sectional_survey,mixed_methods
doi:10.1093/cercor/bhh057,10.1093/cercor/bhh057,A Voxel-based Morphometric Study to Determine Individual Differences in Gray Matter Density Associated with Age and Cognitive Change Over Time,2004,Cerebral Cortex,spatial,0,spatial_layout,cognition,negative,,medium,abstract_only_reduced_table,abstract_only,"Voxel-based morphometry (VBM) was used to examine the relation between age and gray matter density cross-sectionally and to study the association between gray matter density and longitudinal decline in performance on cognitive tests in healthy, non-demented elderly individuals. Participants were neuropsychologically...",no,cross_sectional_survey,empirical_v2
doi:10.3389/fpsyg.2024.1434506,10.3389/fpsyg.2024.1434506,Propositional density: cognitive impairment and aging,2024,Frontiers in Psychology,spatial,0,spatial_layout,cognition,negative,,medium,abstract_only_reduced_table,abstract_only,"It is important to understand the relationship between cognitive abilities and language processing. Here, we explore a burgeoning area of research that harnesses semantic indices to predict cognitive impairment and track cognitive decline. One such index, propositional density, quantifies the information conveyed pe...",no,cross_sectional_survey,theoretical
doi:10.1093/gerona/glad163,10.1093/gerona/glad163,"The Effects of Statins on Cognitive Performance Are Mediated by Low-Density Lipoprotein, C-Reactive Protein, and Blood Glucose Concentrations",2023,The Journals of Gerontology Series A,spatial,0,spatial_layout,attention,null,147,medium,abstract_only_reduced_table,abstract_only;n=147,Abstract Statins are widely used for cardiovascular disease prevention but their effects on cognition remain unclear. Statins reduce cholesterol concentration and have been suggested to provide both beneficial and detrimental effects. Our aim was to investigate the cross-sectional and longitudinal association betwee...,no,cross_sectional_survey,empirical_v2
doi:10.1017/jns.2025.10067,10.1017/jns.2025.10067,From food deserts to nutritional equity: exposing socioeconomic drivers of hypertension.,2026,Journal of nutritional science,spatial,0,spatial_layout,stress,mixed,,medium,abstract_only_reduced_table,abstract_only,"This study investigates the associations between social determinants of health (SDOH) and hypertension prevalence across Wisconsin communities, with particular attention to food environments, economic factors, and transportation patterns. Using data from the 2019-2020 Wisconsin State Inpatient Database (387,047 pati...",no,cross_sectional_survey,empirical_v2
doi:10.3390/su17020666,10.3390/su17020666,"A Modular Agrivoltaics Building Envelope Integrating Thin-Film Photovoltaics and Hydroponic Urban Farming Systems: A Circular Design Approach with the Multi-Objective Optimization of Energy, Light, Water and Structure",2025,Sustainability,cognition,0,spatial_layout,attention,unknown,,low,abstract_only_reduced_table,abstract_only,"As cities confront multiple challenges such as climate change, urbanization, and food security, growing attention has been given to sustainable vertical farming and renewable energy solutions. Building facades, typically underutilized in high-density urban environments, present an opportunity for multifunctional bui...",no,cross_sectional_survey,conceptual_framework
doi:10.2147/CIA.S438782,10.2147/CIA.S438782,Bridging Reduced Grip Strength and Altered Executive Function: Specific Brain White Matter Structural Changes in Patients with Alzheimer’s Disease,2024,Clinical Interventions in Aging,cognition,0,spatial_layout,cognition,negative,29,medium,abstract_only_reduced_table,abstract_only;n=29,"Objective To investigate the correlation between specific fiber tracts and grip strength and cognitive function in patients with Alzheimer’s disease (AD) by fixel-based analysis (FBA). Methods AD patients were divided into AD with low grip strength (AD-LGS, n=29) and AD without low grip strength (AD-nLGS, n=25), alo...",no,cross_sectional_survey,empirical_v2
doi:10.3390/jcm13195671,10.3390/jcm13195671,Retinal Microvasculature Changes Linked to Executive Function Impairment after COVID-19,2024,Journal of Clinical Medicine,cognition,0,spatial_layout,cognition,negative,59,medium,abstract_only_reduced_table,abstract_only;n=59,"Background/Objectives: Studies using optical coherence tomography angiography (OCTA) have revealed that individuals recovering from COVID-19 have a reduced retinal vascular density (VD) and larger foveal avascular zones (FAZs) than healthy individuals, with more severe cases showing greater reductions. We aimed to e...",no,cross_sectional_survey,empirical_v2
doi:10.3389/fpsyt.2025.1661313,10.3389/fpsyt.2025.1661313,Network analysis of cognition and function in Alzheimer's disease: a cross-sectional study.,2025,Frontiers in psychiatry,cognition,0,unspecified_environment,cognition,negative,,low,abstract_only_reduced_table,abstract_only;weak_variable_resolution,"Traditional approaches in Alzheimer's disease (AD) research examine cognitive symptoms in isolation, potentially overlooking dynamic interrelationships among impairment domains. This study employed network analysis to examine structural organization of cognitive and functional domains in mild (mAD) and moderate-to-s...",no,cross_sectional_survey,empirical_v2
doi:10.1016/j.neuropharm.2014.05.016,10.1016/j.neuropharm.2014.05.016,Executive dysfunction and reward dysregulation: a high-density electrical mapping study in cocaine abusers.,2014,Neuropharmacology,cognition,0,spatial_layout,cognition,positive,,medium,abstract_only_reduced_table,abstract_only,"Executive function deficits and reward dysregulation, which mainly manifests as anhedonia, are well documented in drug abusers. We investigated specific aspects of executive function (inhibitory control and cognitive control), as well as anhedonia, in a cohort of current cocaine abusers in order to ascertain to what...",no,cross_sectional_survey,observational_field
doi:10.1037/apl0001258,10.1037/apl0001258,Shared leadership and team creativity: Examining effects of shared leadership level and concentration and the countervailing mechanisms.,2024,Journal of Applied Psychology,spatial,0,spatial_layout,attention,mixed,,medium,abstract_only_reduced_table,abstract_only,"Integrating insights from team hierarchy literature and shared leadership research, we propose and test a model that illuminates the positive and negative team processes through which shared leadership relates to team creativity. We use a social network lens to examine both shared leadership level (indexed by team d...",no,cross_sectional_survey,theoretical
doi:10.1016/j.heliyon.2021.e07663,10.1016/j.heliyon.2021.e07663,A phenomenon in urban disruption: the emergence of Coworking Spaces in Bandung,2021,Heliyon,spatial,0,spatial_layout,attention,unknown,,low,abstract_only_reduced_table,abstract_only,"Since the emergence of urban planning science at the beginning of 20<sup>th</sup> century, urban disruption as innovation is highly connected to the urban planning framework, it goes along in responding urban problem, in conjunction with the civilization development, from innovation in terms of planning process and ...",no,cross_sectional_survey,case_study
doi:10.3390/buildings15071205,10.3390/buildings15071205,Revealing the Driving Factors of Household Energy Consumption in High-Density Residential Areas of Beijing Based on Explainable Machine Learning,2025,Buildings,spatial,0,spatial_layout,unspecified_outcome,positive,,low,abstract_only_reduced_table,abstract_only;weak_variable_resolution,"This study explores the driving factors of household energy consumption in high-density residential areas of Beijing and proposes targeted energy-saving strategies. Data were collected through field surveys, questionnaires, and interviews, covering 16 influencing factors across household, building, environment, and ...",no,cross_sectional_survey,interview_study
doi:10.1068/b33129,10.1068/b33129,Urban Form and Social Sustainability: The Role of Density and Housing Type,2008,Environment and Planning B Planning and Design,spatial,0,spatial_layout,unspecified_outcome,unknown,,low,abstract_only_reduced_table,abstract_only;weak_variable_resolution,"In the United Kingdom planning favours a more compact, high-density, and mixed-use urban form. Many of the claims made for such compact forms in terms of the sustainability benefits are contested, and few have been rigorously researched. Drawing upon policy and academic literature we identify two key dimensions of s...",no,cross_sectional_survey,unknown
doi:10.3390/electronics12132857,10.3390/electronics12132857,Word-of-Mouth Engagement in Online Social Networks: Influence of Network Centrality and Density,2023,Electronics,spatial,0,spatial_layout,mood,positive,,medium,abstract_only_reduced_table,abstract_only,"This paper investigates the effect of network centrality and network density on the propensity to engage in positive and negative eWOM, using social networks usage as a moderating variable. The research method was Structural Equation Modeling, and the data were collected through a survey conducted on 436 respondents...",no,cross_sectional_survey,unknown
doi:10.1177/0022427885022001002,10.1177/0022427885022001002,Neighborhood and Crime: The Structural Determinants of Personal Victimization,1985,Journal of Research in Crime and Delinquency,spatial,0,spatial_layout,unspecified_outcome,unknown,,low,abstract_only_reduced_table,abstract_only;weak_variable_resolution,"This study examines the effects of neighborhood characteristics on rates of personal criminal victimization (rape, robbery, assault, and larceny). The data base is taken from the National Crime Survey (NCS) for the years 1973-1975. Building upon extant theory and empirical research in the social ecology of crime, th...",no,cross_sectional_survey,theoretical
doi:10.2224/sbp.10791,10.2224/sbp.10791,How relationship-building behavior induces new employees' career success: Effects of mentor tie strength and network density,2022,Social Behavior and Personality: An international journal,spatial,0,spatial_layout,unspecified_outcome,unknown,,low,abstract_only_reduced_table,abstract_only;weak_variable_resolution,"This longitudinal study explored how the relationship-building behavior of new employees induces career success. First, we proposed and tested a model based on mentoring and social capital theories, using mentor tie strength as a mediator to explain the association between relationship-building
 behavior and career ...",no,cross_sectional_survey,theoretical
doi:10.1080/10962247.2025.2607014,10.1080/10962247.2025.2607014,"Prioritizing mitigation efforts for intra-urban heat vulnerability using a case study of San Antonio, Texas.",2025,Journal of the Air & Waste Management Association (1995),thermal,0,thermal,unspecified_outcome,unknown,,low,abstract_only_reduced_table,abstract_only;weak_variable_resolution,"Many urban areas, particularly in the southern United States (US), experience extreme heat causing discomfort and illness. Heat vulnerability is not uniform across a city due to the built-environment and socioeconomic conditions, impacting some areas more than others. Therefore, it is important that heat reduction a...",no,cross_sectional_survey,case_study
sha256:9ad77ab60208,,Euclid Quick Data Release (Q1). Combined Euclid and Spitzer galaxy density catalogues at $z>$ 1.3 and detection of significant Euclid passive galaxy overdensities in Spitzer overdense regions,2025,,spatial,0,spatial_layout,unspecified_outcome,positive,,low,abstract_only_reduced_table,abstract_only;weak_variable_resolution,"Euclid will detect tens of thousands of clusters and protoclusters at $z$>1.3. With a total coverage of 63.1deg$^2$, the Euclid Quick Data Release 1 (Q1) is large enough to detect tens of clusters and hundreds of protoclusters at these early epochs. The Q1 photometric redshift catalogue enables us to detect clusters...",no,cross_sectional_survey,unknown
doi:10.1016/j.landurbplan.2020.103951,10.1016/j.landurbplan.2020.103951,"Built environment, urban vitality and social cohesion: Do vibrant neighborhoods foster strong communities?",2020,Landscape and Urban Planning,biophilic,0,spatial_layout,unspecified_outcome,mixed,,low,abstract_only_reduced_table,abstract_only;weak_variable_resolution,"Urban vitality and social cohesion both provide multiple benefits in cities. While it has been argued that urban vitality – the liveliness of cities – may strengthen social cohesion, this has not been sufficiently examined by empirical research. This paper presents and tests a model in which urban vitality mediates ...",no,cross_sectional_survey,unknown
doi:10.37275/scipsy.v6i3.197,10.37275/scipsy.v6i3.197,Beyond the Canopy Cover: A Comparative Mediation Analysis of Green Space Quality versus Quantity on Mental Well-being and Social Cohesion in High-Density Low-Income Neighborhoods,2025,Scientia Psychiatrica,biophilic,0,biophilia,stress,unknown,,low,abstract_only_reduced_table,abstract_only,"Introduction: Rapid urbanization in the Global South has precipitated a mental health crisis, particularly in high-density, low-income neighborhoods where environmental stressors are endemic. While the association between urban green space (UGS) and mental well-being is well-documented, a critical knowledge gap rema...",no,cross_sectional_survey,empirical_v2
doi:10.1111/ajsp.70077,10.1111/ajsp.70077,The multidimensional nature of social cohesion: From social support to system justification,2025,Asian Journal of Social Psychology,biophilic,0,spatial_layout,unspecified_outcome,unknown,,low,abstract_only_reduced_table,abstract_only;weak_variable_resolution,"Multilevel and multidimensional model of social cohesion suggests that social cohesion consists of subjective and objective dimensions on micro‐ (interpersonal trust, social support, density of relationships), meso‐ (openness, participation), and macro‐levels (trust and legitimacy of institutions). System justificat...",no,cross_sectional_survey,theoretical
doi:10.3389/fspor.2025.1639370,10.3389/fspor.2025.1639370,Exploring the relationship of social networks on team effectiveness: a cross-cultural study of collegiate student-athletes in Korea and Hong Kong.,2025,Frontiers in sports and active living,spatial,0,spatial_layout,productivity,unknown,,low,abstract_only_reduced_table,abstract_only,"The purpose of the current study was to explore the relationship between college sports teams' social networks (i.e., cohesion) and performance (i.e., effectiveness) within distinct sports cultures-specifically, elite sports in Korea vs. recreational sports in Hong Kong. A total of 600 student-athletes participated ...",no,cross_sectional_survey,unknown
doi:10.1371/journal.pone.0322956,10.1371/journal.pone.0322956,An analysis of adolescent leisure activity structure based on subjective well-being: Focusing on social network analysis.,2025,PloS one,spatial,0,spatial_layout,mood,positive,,medium,abstract_only_reduced_table,abstract_only,"This study examines how adolescent leisure activity networks relate to subjective well-being (SWB) using Statistics Korea's 2019 Time Use Survey. The analysis includes 241 high-SWB and 241 low-SWB adolescents, assessing network density, inclusiveness, average distance, isolated nodes, degree centrality, and cohesion...",no,cross_sectional_survey,unknown
doi:10.1016/j.cities.2010.07.001,10.1016/j.cities.2010.07.001,Differential community effects on perception and use of urban greenspaces,2010,Cities,biophilic,0,spatial_layout,unspecified_outcome,positive,,low,abstract_only_reduced_table,abstract_only;weak_variable_resolution,The social profiles of residential communities exert differential effects on expectations and demands on urban greenspaces. We studied the diversity of public perception towards urban greenspaces in compact urban Hong Kong. Random household samples were selected from four dominant residential communities: old-core p...,no,cross_sectional_survey,interview_study
doi:10.1007/s40615-024-02071-4,10.1007/s40615-024-02071-4,Ethnic Density and Mental Health: Does it Matter Whether the Ethnic Density is Co-ethnic or Multi-ethnic and How Important is Change in Ethnic Density?,2024,Journal of Racial and Ethnic Health Disparities,spatial,0,spatial_layout,attention,null,,medium,abstract_only_reduced_table,abstract_only,The ethnic density thesis suggests a protective health benefit for ethnic minorities living in places with higher concentration of co-ethnic residents. This paper aims to make a step change in the examination of this thesis by proposing ethnic diversity rather than co-ethnic density will be more protective for menta...,no,cross_sectional_survey,unknown
doi:10.18085/LLAS.6.1.H0728270L7533862,10.18085/LLAS.6.1.H0728270L7533862,"Associations between Prosocial Behavior, Machiavellianism, and Social Status: Effects of Peer Norms and Classroom Social Contexts",2014,,spatial,0,spatial_layout,attention,mixed,,medium,abstract_only_reduced_table,abstract_only,"The present study focused on prosocial behavior among Chilean adolescents, and its associations with social status and Machiavellianism. Considering classrooms as a social context in which interpersonal relationships unfold, we also analyzed the effects of friendship network density, degree of peer victimization, an...",no,cross_sectional_survey,unknown
doi:10.1016/j.vaccine.2022.01.031,10.1016/j.vaccine.2022.01.031,Priming with social benefit information of vaccination to increase acceptance of COVID-19 vaccines.,2022,Vaccine,cognition,0,unspecified_environment,attention,positive,,low,abstract_only_reduced_table,abstract_only;weak_variable_resolution,Vaccine hesitancy can be heightened due to increasing negative reports about vaccines. Emphasizing the social benefits of vaccination may shift individual attention from individual to social benefit of vaccination and hence promote prosocial vaccination. In six rounds of a population-based survey conducted over one ...,no,cross_sectional_survey,unknown
doi:10.21733/ibad.470887,10.21733/ibad.470887,PEYZAJ MİMARLIĞI EĞİTİMİNDE MAKET YAPIMININ ÖĞRENME SÜRECİNE ETKİLERİ,2018,,other,0,unspecified_environment,unspecified_outcome,unknown,,low,abstract_only_reduced_table,abstract_only;weak_variable_resolution,"One of the modeling methods used in the education of design disciplines which require to think in three dimensions like landscape architecture is model making. Achieving the ability to make a model provides two benefits to the designer: first, the designer can visualize his ideas in three dimensions, which supports ...",no,cross_sectional_survey,thought_piece
doi:10.22271/2707840x.2025.v6.i1a.32,10.22271/2707840x.2025.v6.i1a.32,Analyzing vector geometric shapes in spatial data using deep learning techniques for classifying surveying tasks,2025,International journal of surveying and structural engineering,other,0,unspecified_environment,unspecified_outcome,positive,,low,abstract_only_reduced_table,abstract_only;weak_variable_resolution,The study aims to employ deep learning methods to interpret geometric drawings in spatial data to increase the accuracy and quality of the surveying task allocation process. Vector data is a fundamental component for surveying and geographic information systems (GIS) specialists. Due to the significant development a...,no,cross_sectional_survey,unknown
doi:10.1186/s42358-021-00212-5,10.1186/s42358-021-00212-5,Assessment of gait in patients with fibromyalgia during motor and cognitive dual task walking: a cross-sectional study.,2021,"Advances in rheumatology (London, England)",cognition,0,unspecified_environment,cognition,unknown,,low,abstract_only_reduced_table,abstract_only;weak_variable_resolution,"The aim of the study was to assess gait pattern of patients diagnosed with fibromyalgia (FM) while performing demanding motor and/or cognitive dual tasks while walking. Further, idea was to explore possible correlations of dual task gait pattern alterations to patients' functional status and presence or absence of c...",no,cross_sectional_survey,empirical_v2
doi:10.1186/s12913-017-2726-x,10.1186/s12913-017-2726-x,"How are compassion fatigue, burnout, and compassion satisfaction affected by quality of working life? Findings from a survey of mental health staff in Italy",2017,BMC Health Services Research,cognition,0,unspecified_environment,attention,mixed,,low,abstract_only_reduced_table,abstract_only;weak_variable_resolution,"BackgroundQuality of working life includes elements such as autonomy, trust, ergonomics, participation, job complexity, and work-life balance. The overarching aim of this study was to investigate if and how quality of working life affects Compassion Fatigue, Burnout, and Compassion Satisfaction among mental health p...",no,cross_sectional_survey,unknown
doi:10.1177/02666669251345085,10.1177/02666669251345085,Exploring spatial perceptions in online environments: Focus on workspace and SNS,2025,Information Development,cognition,0,unspecified_environment,mood,positive,,low,abstract_only_reduced_table,abstract_only;weak_variable_resolution,"This study evaluated the spatial dimension of online environments and investigated the characteristics and spatial experiences of online spaces as distinct from physical spaces. In addition, as user experience with physical spaces differs by purpose, this study examined online space experiences by dividing them into...",no,cross_sectional_survey,unknown
doi:10.1021/acs.est.5c07425,10.1021/acs.est.5c07425,Sociodemographic and Health Factors Are Associated with Antimicrobial Resistance across Eight States in the United States.,2026,Environmental science & technology,biophilic,0,biophilia,mood,mixed,,medium,abstract_only_reduced_table,abstract_only,"Recent studies suggest that country-level socioeconomic factors may explain antimicrobial resistance (AMR) patterns better than antimicrobial usage (AMU), but it remains unclear whether this holds for sociodemographic and health variation within countries. We used metagenomic analysis of untreated sewage to cross-se...",no,cross_sectional_survey,empirical_v2
doi:10.3389/fpubh.2025.1668926,10.3389/fpubh.2025.1668926,Consolidation of a genomic epidemiological surveillance network for tuberculosis (REVIGET) in northern and northeastern Brazil: a study protocol.,2025,Frontiers in public health,other,0,unspecified_environment,unspecified_outcome,unknown,,low,abstract_only_reduced_table,abstract_only;weak_variable_resolution,"Globally, tuberculosis (TB) remains a top cause of death from infectious diseases, with an estimated 1.5 million deaths annually. Given its substantial social and economic burden, TB is a priority in the United Nations 2030 Agenda for Sustainable Development. The WHO's End TB Strategy emphasizes research, innovation...",no,cross_sectional_survey,empirical_v2
doi:10.3390/land10070689,10.3390/land10070689,Learning Spatial Design through Interdisciplinary Collaboration,2021,Land,cognition,0,unspecified_environment,attention,unknown,,low,abstract_only_reduced_table,abstract_only;weak_variable_resolution,"Spatial design at interior, site, city and regional scales is increasingly complex, and will continue to be so with the uncertainty of the climate crisis and the growing place-based intricacies of pluralist societies. In response to this complexity, professional design practice has pursued new ways of working. More ...",no,cross_sectional_survey,interview_study
doi:10.1016/s2542-5196(18)30245-6,10.1016/s2542-5196(18)30245-6,Spatial lifecourse epidemiology,2019,The Lancet Planetary Health,cognition,0,unspecified_environment,attention,positive,,low,abstract_only_reduced_table,abstract_only;weak_variable_resolution,Lifecourse epidemiology is a conceptual model of epidemiological thinking that emerged in the 1990s and is now a mainstream paradigm in social epidemiology;1Galea S Link BG Six paths for the future of social epidemiology.Am J Epidemiol. 2013; 178: 843-849Crossref PubMed Scopus (51) Google Scholar it focuses on long-...,no,cross_sectional_survey,case_study
doi:10.1177/1351010X251340905,10.1177/1351010X251340905,Advancing soundscape assessment in open-plan offices: Insights from expert focus groups,2025,Building Acoustics,acoustic,0,noise,productivity,positive,,medium,abstract_only_reduced_table,abstract_only,"Open-plan offices are designed to foster collaboration but often face challenges related to noise and acoustic comfort, which can affect employee well-being and productivity. The soundscape concept offers a holistic approach to assessing and improving these environments, yet existing methods often fall short of capt...",no,cross_sectional_survey,interview_study
doi:10.1001/jamanetworkopen.2019.19928,10.1001/jamanetworkopen.2019.19928,Quantification of Neighborhood-Level Social Determinants of Health in the Continental United States,2020,JAMA Network Open,other,0,unspecified_environment,unspecified_outcome,mixed,,low,abstract_only_reduced_table,abstract_only;weak_variable_resolution,"Key Points Question How do social determinants of health vary across multiple dimensions and geographic space? Findings In this cross-sectional study of 71 901 census tracts with approximately 312 million persons across the continental United States, multivariate social determinants of health measures were reduced t...",no,cross_sectional_survey,empirical_v2
doi:10.1007/s10899-025-10400-3,10.1007/s10899-025-10400-3,The Impact of Sports Betting Shops on Crime Patterns in Ghana.,2025,Journal of gambling studies,affect,0,unspecified_environment,mood,null,,low,abstract_only_reduced_table,abstract_only;weak_variable_resolution,"This paper examines how proximity to sports betting shops affects local crime patterns in Ghana, providing evidence from a developing country context where limited financial buffers may amplify gambling's environmental effects. Using geo-referenced data on licensed betting operators and Afrobarometer survey response...",no,cross_sectional_survey,theoretical
doi:10.1016/j.envres.2024.118520,10.1016/j.envres.2024.118520,"The greener the living environment, the better the health? Examining the effects of multiple green exposure metrics on physical activity and health among young students.",2024,Environmental research,biophilic,0,unspecified_environment,attention,unknown,,low,abstract_only_reduced_table,abstract_only;weak_variable_resolution,"The sedentary and less active lifestyle of modern college students has a significant impact on the physical and mental well-being of the college community. Campus Green Spaces (GSs) are crucial in promoting physical activity and improving students' health. However, previous research has focused on evaluating campuse...",no,cross_sectional_survey,conceptual_framework
doi:10.21226/ewjus775,10.21226/ewjus775,Perceived Social Cohesion in Ukraine: Diversity and Attitudes,2025,East/West: Journal of Ukrainian Studies,biophilic,0,biophilia,attention,unknown,,low,abstract_only_reduced_table,abstract_only,This article demonstrates the ways in which social cohesion as a “sense of togetherness” is progressing within Ukrainian society—a society that is striving to escape the post-Soviet model as it undergoes the processes of state- and nation building and democratic development. This study draws on a national population...,no,cross_sectional_survey,methods_protocol
doi:10.1080/07352166.2024.2377213,10.1080/07352166.2024.2377213,The forms of neighborhood cohesion: From social contact to symbolic belonging in neoliberal Santiago de Chile,2024,Journal of Urban Affairs,other,0,unspecified_environment,unspecified_outcome,positive,,low,abstract_only_reduced_table,abstract_only;weak_variable_resolution,"ABSTRACT The purpose of this article is to study the neighborhood social cohesion of the inhabitants of the Metropolitan Area of Santiago, Chile (MAS), considering its recent urban transformations driven by neoliberal urban policies. Using multilevel logistic regressions based on a survey of 401 inhabitants, we iden...",no,cross_sectional_survey,unknown
doi:10.1080/13683500.2023.2235878,10.1080/13683500.2023.2235878,Pursuing social cohesion in cultural tourism destinations: liminality as a mediator,2023,Current Issues in Tourism,affect,0,unspecified_environment,mood,positive,,low,abstract_only_reduced_table,abstract_only;weak_variable_resolution,"ABSTRACT The social impact of cultural tourism remains controversial even though tourism development seeks a socially and economically balanced outcome. This article explores the potential of liminality as a means of explaining how cultural tourism development affects social cohesion at the neighbourhood level, part...",no,cross_sectional_survey,unknown
doi:10.1016/j.sste.2022.100508,10.1016/j.sste.2022.100508,Is race-specific neighborhood social cohesion key to reducing racial disparities in late HIV diagnosis: A multiyear ecological study.,2022,Spatial and spatio-temporal epidemiology,other,0,unspecified_environment,unspecified_outcome,negative,,low,abstract_only_reduced_table,abstract_only;weak_variable_resolution,"We examined whether race/ethnic-specific social cohesion is associated with race/ethnic-specific HIV diagnosis rates using Bayesian space-time zero-inflated Poisson multivariable models, across 376 Census tracts. Social cohesion data were from the Southeastern Pennsylvania Household Health Survey, 2008-2015 and late...",no,cross_sectional_survey,unknown
doi:10.18488/61.v12i2.3675,10.18488/61.v12i2.3675,The effect of cultural socialization on the development of prosocial behavior and academic performance in young adults,2024,International Journal of Education and Practice,other,0,unspecified_environment,productivity,positive,,low,abstract_only_reduced_table,abstract_only;weak_variable_resolution,"Socialization is a lifelong process of learning that influences an individual’s attitude, behavior, and values. The term “cultural socialization"" specifically refers to the learning mechanism by which young adults attain cultural maturity by acquiring awareness of their cultural group values, resulting in the develo...",no,cross_sectional_survey,theoretical
doi:10.1051/bioconf/202413105011,10.1051/bioconf/202413105011,Enhancing customer dining experience through biophilic design: A case study analysis of restaurants,2024,BIO Web of Conferences,biophilic,0,biophilia,mood,positive,,medium,abstract_only_reduced_table,abstract_only,"Biophilic design (BD) is the integration of nature into built environments to best improve human well-being. This paper aims to investigate how biophilic elements affect the dining experience in particular Klang Valley, Malaysia, restaurants. The study applies quantitative as well as qualitative approaches. This res...",no,cross_sectional_survey,case_study
doi:10.1108/jfm-10-2019-0053,10.1108/jfm-10-2019-0053,Impacts of large-scale interior murals on hospital employees: a pharmacy department case study,2020,,biophilic,0,biophilia,mood,null,,medium,abstract_only_reduced_table,abstract_only,"Trending in modern interior design frameworks is an integration of real and simulated (i.e. photographs, murals) elements of nature into buildings, and a number of interdisciplinary studies concern the effects of nature on various aspects of human functioning. The purpose of this paper is to measure employees’ self-...",no,cross_sectional_survey,mixed_methods
doi:10.35629/2532-11020106,10.35629/2532-11020106,Exploring the Role of Biophilic Design Elements in Enhancing Guest Well-Being in Resort Hotels: A Study from Southwestern Nigeria,2025,Journal of Research in Environmental and Earth Sciences,biophilic,0,biophilia,mood,positive,,medium,abstract_only_reduced_table,abstract_only,"The study explores the integration and impacts of biophilic design elements (BDEs) within selected resort hotels
in Southwestern Nigeria, highlighting their potential to enhance user experiences and well-being. The aim is to
evaluate how BDEs such as water features, plants, natural lighting, and landscapes contribut...",no,cross_sectional_survey,unknown
doi:10.3390/ijerph22101571,10.3390/ijerph22101571,Biophilic Design and Restorative Effects: A Neuropsychological Study of Healthy Indoor Workspaces in Urban Contexts.,2025,International journal of environmental research and public health,affect,0,biophilia,mood,mixed,,medium,abstract_only_reduced_table,abstract_only,"The rapid increases in urbanization and time spent in built indoor environments have sparked significant concerns about their impact on human health and well-being. People who spend long hours in enclosed and highly artificial settings, such as hospital workers, are especially vulnerable to environmental stressors. ...",no,cross_sectional_survey,unknown
doi:10.1371/journal.pone.0177186,10.1371/journal.pone.0177186,"Beyond knowing nature: Contact, emotion, compassion, meaning, and beauty are pathways to nature connection",2017,PLoS ONE,affect,0,biophilia,mood,positive,321,medium,abstract_only_reduced_table,abstract_only;n=321,Feeling connected to nature has been shown to be beneficial to wellbeing and pro-environmental behaviour. General nature contact and knowledge based activities are often used in an attempt to engage people with nature. However the specific routes to nature connectedness have not been examined systematically. Two onl...,no,cross_sectional_survey,unknown
doi:10.3389/fpsyg.2025.1623057,10.3389/fpsyg.2025.1623057,Effects of biophilic design-based sports facilities on exercise continuation intention: mediating effects of exercise immersion and moderating effect of environmental awareness,2025,Frontiers in Psychology,biophilic,0,biophilia,cognition,positive,,medium,abstract_only_reduced_table,abstract_only,"The purpose of this study is to empirically analyze how biophilic design elements in sports facilities influence exercise immersion and the intention to continue exercising. Specifically, the study explores the psychological mechanisms underlying this relationship by testing the mediating effect of exercise immersio...",no,cross_sectional_survey,thought_piece
doi:10.1108/JSM-01-2018-0019,10.1108/JSM-01-2018-0019,Effects of the biophilic atmosphere on intention to visit: the affective states’ mediating role,2019,Journal of Services Marketing,biophilic,0,biophilia,mood,positive,,medium,abstract_only_reduced_table,abstract_only,"PurposeThis paper aims to analyze how a biophilic atmosphere inspired by nature influences customers’ affective states and intention to visit shopping centers, and to empirically test how affective states affect and mediate the relationship between the nature-based atmosphere and behavior or intention to visit.Desig...",no,cross_sectional_survey,theoretical
doi:10.1163/22134913-bja10063,10.1163/22134913-bja10063,Evaluating Biophilic Design’s Effects on Virtual Museum Perception and Behavior,2024,Art &amp; Perception,biophilic,0,biophilia,mood,positive,,medium,abstract_only_reduced_table,abstract_only,"This study explores how the experience in virtual reality of localities such as museum spaces or digital museum environments can be enhanced by biophilic design, in the context of the COVID-19 pandemic which has significantly changed the way people interact with the built environment. The research focuses on the pot...",no,cross_sectional_survey,unknown
doi:10.3390/buildings14103254,10.3390/buildings14103254,Development of a Building Evaluation Framework for Biophilic Design in Architecture,2024,Buildings,biophilic,0,biophilia,attention,positive,,medium,abstract_only_reduced_table,abstract_only,"Biophilic design has gained prominence in architecture as a strategy to integrate natural elements into built environments, aiming to improve human comfort, well-being, and environmental sustainability. This paper critically reviews existing biophilic design frameworks, identifying gaps in their integration of healt...",no,cross_sectional_survey,conceptual_framework
doi:10.21837/pm.v22i34.1649,10.21837/pm.v22i34.1649,"BIOPHILIC DESIGN ELEMENTS PREFERENCES AMONG GOVERNMENT OFFICERS IN PUTRAJAYA, MALAYSIA",2024,PLANNING MALAYSIA,biophilic,0,biophilia,stress,mixed,,medium,abstract_only_reduced_table,abstract_only,"The theory of human dependence on other living things and their processes is called the “biophilia hypothesis”, and has been discussed in various literature. The theory was then translated into design features, namely ""biophilic design"", to be assimilated with the built environment, including residential areas, the ...",no,cross_sectional_survey,theoretical
doi:10.1177/10519815251345816,10.1177/10519815251345816,Research on the impact of biophilic office space environments on employee health promotion,2025,Work,affect,0,biophilia,mood,mixed,,medium,abstract_only_reduced_table,abstract_only,"Background In modern office environments, prolonged exposure to artificial settings that lack natural elements can aggravate employees’ psychological and physiological health issues, such as depression and insomnia. Biophilic design, which incorporates natural elements into the workspace, has been shown to effective...",no,cross_sectional_survey,unknown
doi:10.3390/su10040987,10.3390/su10040987,Assessment of Importance and Characteristics of Biophilic Design Patterns in a Children’s Library,2018,Sustainability,biophilic,0,biophilia,stress,unknown,,low,abstract_only_reduced_table,abstract_only,This paper stresses the results of a consciousness survey on the characteristics of biophilic design elements and patterns applied within a children’s library. Biophilic design is a sustainable design strategy that intends to bring about positive change in users by integrating and linking people and nature. The aim ...,no,cross_sectional_survey,unknown
doi:10.29313/bcsurp.v5i2.20365,10.29313/bcsurp.v5i2.20365,Keterkaitan Penerapan Biophilic Cities terhadap Urban Stress Masyarakat Kota Bandung,2025,Bandung Conference Series: Urban &amp; Regional Planning,biophilic,0,biophilia,mood,mixed,,medium,abstract_only_reduced_table,abstract_only,"Abstract. Rapid urban growth triggers environmental degradation and increases urban stress caused by traffic congestion, air pollution, high temperatures, and the scarcity of natural elements. The biophilic cities concept offers a sustainable planning approach that integrates nature to enhance psychological well-bei...",no,cross_sectional_survey,unknown
doi:10.3897/ap.7.e0028,10.3897/ap.7.e0028,The Impact of Biophilic Design on the Well-Being and Stress Levels of Resident Doctors,2024,ARPHA Proceedings,biophilic,0,biophilia,stress,unknown,,low,abstract_only_reduced_table,abstract_only,". Resident doctors often suffer from stress and anxiety due to the nature of long, stressful work hours within hospital environments. One influential factor is being away from natural environments within hospital environments. This paper explores interior design, focusing on the intrusion of biophilic design and its...",no,cross_sectional_survey,mixed_methods
doi:10.3992/jgb.20.3.55,10.3992/jgb.20.3.55,"COMBINED EFFECTS OF LIGHTING AND NATURAL ELEMENTS ON STRESS, DEPRESSION, AND ANXIETY OF SHIFT HEALTHCARE STAFF",2025,"Journal of Green Building, College Publishing, USA",light,0,daylight,stress,mixed,,medium,abstract_only_reduced_table,abstract_only,"The design of the healthcare environment significantly influences the psychological well-being and job satisfaction of medical staff. However, the combined effects of indoor lighting and natural elements—particularly within nursing stations—remain underexplored.



This study investigates the integrated design of li...",no,cross_sectional_survey,interview_study
doi:10.1093/schbul/sbaf199.056,10.1093/schbul/sbaf199.056,FROM AESTHETIC APPRECIATION TO PSYCHOLOGICAL ALLEVIATION: THE MECHANISM OF CANTON ENCELAIN PORCELAIN VISUAL ELEMENTS IN REGULATING ANXIETY AND EMOTION AMONG UNIVERSITY STUDENTS,2025,Schizophrenia bulletin,affect,0,unspecified_environment,stress,unknown,,low,abstract_only_reduced_table,abstract_only;weak_variable_resolution,"In the context of rising mental health challenges, particularly anxiety, among university students, this study explores the therapeutic potential of indigenous cultural resources. Grounded in theories of cultural psychology and art therapy, it aims to dissect the specific psychological mechanisms through which the v...",no,cross_sectional_survey,theoretical
doi:10.54028/nj202423402,10.54028/nj202423402,"Using Biophilic Design to Enhance Resilience of Urban Parks in Semarang City, Indonesia",2024,Nakhara. Journal of environmental design and planning,biophilic,0,biophilia,unspecified_outcome,mixed,,low,abstract_only_reduced_table,abstract_only;weak_variable_resolution,"Biophilic design is an approach for creating resilient, sustainable cities by constructing resilient buildings that connect humans and nature by integrating natural adaptation and aesthetic appeal in urban spaces. Biophilic design enables improved climate resilience and mental health. Semarang City in Java, Indonesi...",no,cross_sectional_survey,unknown
doi:10.21837/pm.v22i34.1655,10.21837/pm.v22i34.1655,ANALYSIS OF THE END-USER RESPONSES TOWARDS BIOPHILIC DESIGN IMPLEMENTATION IN MALAYSIAN PRIVATE HOSPITALS,2024,PLANNING MALAYSIA,biophilic,0,biophilia,mood,positive,,medium,abstract_only_reduced_table,abstract_only,"Hospitals are the central place to get treatment, especially during the COVID-19 pandemic that badly hit the world. Significantly, hospitals need a healing environment promoting health and well-being. One initiative is integrating biophilic design as done by international hospital building design to maximise the hum...",no,cross_sectional_survey,unknown
doi:10.1051/e3sconf/202339601085,10.1051/e3sconf/202339601085,Effects of biophilic design on hygrothermal environment and human sensation in a large artificial garden of a public building,2023,E3S Web of Conferences,biophilic,0,biophilia,attention,unknown,,low,abstract_only_reduced_table,abstract_only,"Biophilic design is aimed at creating a good habitat for people by enhancing the connectedness between people and nature in the urban environment; its effects on promoting psychological health are well known, but further studies are required to quantify the effects on physical and physiological aspects to provide a ...",no,cross_sectional_survey,unknown
doi:10.20885/jars.vol4.iss2.art8,10.20885/jars.vol4.iss2.art8,“Nature in Space” as Interior Concept for Resort Hotel in West Bandung,2020,Journal of Architectural Research and Design Studies,biophilic,0,biophilia,productivity,mixed,,medium,abstract_only_reduced_table,abstract_only,"West Bandung has the potential and high appeal for the field of nature tourism. Beautiful scenery, fresh air, an arena of adventure, and cultural richness are the potentials of West Bandung Regency in developing tourism as a leading sector. As an area close to various tourist attractions, West Bandung can be an alte...",no,cross_sectional_survey,theoretical
doi:10.1088/1755-1315/1404/1/012007,10.1088/1755-1315/1404/1/012007,"The Psychological Impact of Biophilic Design: The Case of Taman Literasi Martha Christina Tiahahu, Jakarta",2024,IOP Conference Series: Earth and Environment,biophilic,0,biophilia,mood,unknown,,low,abstract_only_reduced_table,abstract_only,"The built environment has a profound effect on its users, both psychologically and physiologically. These effects must be taken into consideration within the designers’ thinking process to achieve a resulting design that will not only accommodate the users’ spatial functional requirements but also provide comfort, s...",no,cross_sectional_survey,theoretical
sha256:3898fea31087,,An inventory of biophilic design attributes within child life play spaces,2012,,biophilic,0,biophilia,mood,positive,,medium,abstract_only_reduced_table,abstract_only,"A review of the literature in architecture and interior design revealed health benefits from exposure to natural conditions. This was not particularly surprising given work related to biophilic theory, which posits an innate human affiliation to nature. The positive effects of interaction with our environment were a...",no,cross_sectional_survey,theoretical
doi:10.20900/jsr20230011,10.20900/jsr20230011,Investigating the Influence of Introducing Biophilic Elements into the Shopping Mall Environment: Perception of Public Visitors,2023,Journal of Sustainability Research,biophilic,0,biophilia,unspecified_outcome,unknown,,low,abstract_only_reduced_table,abstract_only;weak_variable_resolution,"As a beloved destination place of urban public space, the public attitude towards shopping malls is significant to sustainable development. The aim of this study is to investigate the perception of biophilic design in relation to the landscape preferences of mall visitors and to assess visitor intentions, testing th...",no,cross_sectional_survey,unknown
doi:10.38027/jsalutogenic_vol4no1_5,10.38027/jsalutogenic_vol4no1_5,Enhancing the Quality of Life through Design: Guidelines to Fostering Place Attachment in Bahraini Buildings,2025,Journal of Salutogenic Architecture,biophilic,0,biophilia,unspecified_outcome,positive,,low,abstract_only_reduced_table,abstract_only;weak_variable_resolution,"Designers' primary objective is to propose solutions that enhance occupants' quality of life. Therefore, fostering place attachment is key to attracting users and significantly contributes to achieving this objective. The new typology of the EduCare building – a multifunctional building that blends education, health...",no,cross_sectional_survey,unknown
doi:10.1109/AERO55745.2023.10115991,10.1109/AERO55745.2023.10115991,Biophilic Interventions in Space Habitat Crew Quarters to Improve Cognitive & Physiological Health,2023,IEEE Aerospace Conference,biophilic,0,biophilia,mood,positive,,medium,abstract_only_reduced_table,abstract_only,"Biophilia is the innate love of life and utilizing this concept when designing interior environments is known as Biophilic Design. Natural materials, biomorphic forms, and the incorporation of plants and green elements are all strategies to implement biophilic design. Biophilic design can improve the cognitive and p...",no,cross_sectional_survey,unknown
doi:10.1109/AERO53065.2022.9843279,10.1109/AERO53065.2022.9843279,Biophilic Design of the ISS Crew Quarters to Improve Cognitive and Physiological Health Measures,2022,IEEE Aerospace Conference,biophilic,0,biophilia,mood,mixed,6,medium,abstract_only_reduced_table,abstract_only;n=6,"The concept of biophilic design has been around for many decades, but new methods for studying the effects of biophilic design in virtual reality presents unique opportunities for interior designers and architects, while exploring design concepts for spacecrafts and space habitats. The innate love of life that peopl...",no,cross_sectional_survey,methods_protocol
doi:10.3390/buildings15111792,10.3390/buildings15111792,Strategic Biophilic Residential Design Based on Seniors’ Health Profiles: A HRQoL-Driven Approach,2025,Buildings,air,0,air_quality,cognition,unknown,,low,abstract_only_reduced_table,abstract_only,"This study aims to develop a strategic framework for biophilic residential design (BRD) tailored to the diverse health profiles of seniors. To achieve this, a nationwide survey of 424 seniors in South Korea was conducted to assess their health-related quality of life (HRQoL) and preferences for BRD elements. Through...",no,cross_sectional_survey,conceptual_framework
doi:10.3389/fpsyg.2021.718446,10.3389/fpsyg.2021.718446,A Participatory Interior Design Approach for a Restorative Work Environment: A Research-Intervention.,2021,Frontiers in psychology,restoration,0,biophilia,stress,positive,,medium,abstract_only_reduced_table,abstract_only,"Exposure to environmental stressors has physical and psychological consequences. A demanding physical environment involves the allocation of additional attentional resources and an increase in psycho-physical stress. This study illustrates the process of a research-intervention aimed at designing a workplace, using ...",no,cross_sectional_survey,thought_piece
doi:10.1088/1755-1315/1113/1/012001,10.1088/1755-1315/1113/1/012001,"“Biophilia as a Sustainable Design Approach for University Buildings Design: a case study in university campus drawing studios Cairo, Egypt.”",2022,IOP Conference Series Earth and Environmental Science,biophilic,0,biophilia,cognition,positive,,medium,abstract_only_reduced_table,abstract_only,"Abstract University campuses have a long history of enriching the social, cultural, and economic value of societies. Worldwide, there is a rising demand for the integration of new approaches into the planning and design of university buildings to further improve their quality. According to the literature, many appro...",no,cross_sectional_survey,case_study
doi:10.3390/ijerph18189677,10.3390/ijerph18189677,Emotional Responses to the Visual Patterns of Urban Streets: Evidence from Physiological and Subjective Indicators,2021,International Journal of Environmental Research and Public Health,affect,0,unspecified_environment,mood,positive,,low,abstract_only_reduced_table,abstract_only;weak_variable_resolution,"Despite recent progress in the research of people’s emotional response to the environment, the built—rather than natural—environment’s emotional effects have not yet been thoroughly examined. In response to this knowledge gap, we recruited 26 participants and scrutinized their emotional response to various urban str...",no,cross_sectional_survey,empirical_v2
doi:10.1016/j.buildenv.2022.109539,10.1016/j.buildenv.2022.109539,"Impact of WELL certification on occupant satisfaction and perceived health, well-being, and productivity: A multi-office pre- versus post-occupancy evaluation",2022,Building and Environment,other,0,unspecified_environment,productivity,positive,,low,abstract_only_reduced_table,abstract_only;weak_variable_resolution,"The WELL Building Standard (WELL) is currently one of the most comprehensive building certification programs that aim to enhance the health and well-being of building occupants. However, there is a lack of systematic evaluation of the effectiveness of WELL in achieving its goal. This study investigates the impact of...",no,cross_sectional_survey,observational_field
doi:10.1371/journal.pone.0087422,10.1371/journal.pone.0087422,Opportunity or Orientation? Who Uses Urban Parks and Why,2014,PLoS ONE,biophilic,0,biophilia,mood,mixed,1479,medium,abstract_only_reduced_table,abstract_only;n=1479,"There is growing recognition that interactions with nature provide many desirable human well-being outcomes, yet increasing urbanization is degrading the quality and quantity of nature experiences. Thus, it has become increasingly important to understand how and why urban dwellers interact with nature. Studies of ur...",no,cross_sectional_survey,unknown
sha256:0e9fa9454ac6,,Euclid Quick Data Release (Q1): Hunting for luminous z>6 galaxies in the Euclid Deep Fields -- forecasts and first bright detections,2025,,light,0,daylight,mood,unknown,,low,abstract_only_reduced_table,abstract_only,"The evolution of the rest-frame ultraviolet luminosity function (UV LF) is a powerful probe of early star formation and stellar mass build-up. At z>6, its bright end (MUV<-21) remains poorly constrained due to the small volumes of existing near-infrared (NIR) space-based surveys. The Euclid Deep Fields (EDFs) will c...",no,cross_sectional_survey,unknown
doi:10.1007/s11252-020-00929-z,10.1007/s11252-020-00929-z,Where the wild things are! Do urban green spaces with greater avian biodiversity promote more positive emotions in humans?,2020,Urban Ecosystems,affect,0,biophilia,mood,positive,,medium,abstract_only_reduced_table,abstract_only,"Abstract Urban green space can help mitigate the negative impacts of urban living and provide positive effects on citizens’ mood, health and well-being. Questions remain, however, as to whether all types of green space are equally beneficial, and if not, what landscape forms or key features optimise the desired bene...",no,cross_sectional_survey,unknown
doi:10.1051/0004-6361/202450996,10.1051/0004-6361/202450996,Euclid II. The VIS instrument,2024,Astronomy &amp; Astrophysics,acoustic,0,noise,productivity,unknown,,low,abstract_only_reduced_table,abstract_only,"This paper presents the specification, design, and development of the Visible Camera (VIS) on the European Space Agency's mission. VIS is a large optical-band imager with a field of view of 0.54 deg$^2$ sampled at with an array of 609 Megapixels and a spatial resolution of . It will be used to survey approximately 1...",no,cross_sectional_survey,unknown
sha256:6057a297e064,,Cosmology Likelihood for Observables in \Euclid (CLOE). 1. Theoretical recipe,2025,,biophilic,0,biophilia,mood,positive,,medium,abstract_only_reduced_table,abstract_only,"As the statistical precision of cosmological measurements increases, the accuracy of the theoretical description of these measurements needs to increase correspondingly in order to infer the underlying cosmology that governs the Universe. To this end, we have created the Cosmology Likelihood for Observables in Eucli...",no,cross_sectional_survey,theoretical
doi:10.1038/s41526-025-00513-9,10.1038/s41526-025-00513-9,Sustaining the Merry Space farmer with pick-and-eat crop production,2025,npj Microgravity,biophilic,0,biophilia,stress,mixed,,medium,abstract_only_reduced_table,abstract_only,"Astronauts on long-duration space missions may benefit nutritionally and psychologically from growing and consuming fresh fruits and vegetables. Gardening and exposure to nature can improve mood, reduce stress, provide meaningful and enjoyable tasks, and provide sensory stimulation. We investigated the behavioral he...",no,cross_sectional_survey,empirical_v2
doi:10.1038/s41598-025-95771-8,10.1038/s41598-025-95771-8,Analysis of the characteristics of university common spaces that affect university students' psychological restoration.,2025,Scientific reports,restoration,0,biophilia,mood,unknown,,low,abstract_only_reduced_table,abstract_only,"Common spaces in universities are crucial for the psychological well-being of university students, as they serve as spaces for their daily activities. This study aimed to discuss the factors and pathways that influence the characteristics of common spaces in universities with respect to the psychological restoration...",no,cross_sectional_survey,theoretical
doi:10.3390/ijerph13040440,10.3390/ijerph13040440,Mitigating Stress and Supporting Health in Deprived Urban Communities: The Importance of Green Space and the Social Environment,2016,International Journal of Environmental Research and Public Health,biophilic,0,biophilia,stress,unknown,,low,abstract_only_reduced_table,abstract_only,"Environment-health research has shown significant relationships between the quantity of green space in deprived urban neighbourhoods and people’s stress levels. The focus of this paper is the nature of access to green space (i.e., its quantity or use) necessary before any health benefit is found. It draws on a cross...",no,cross_sectional_survey,empirical_v2
doi:10.1093/eurpub/ckad160.1342,10.1093/eurpub/ckad160.1342,Introducing outdoor office work to reduce stress among office workers in Sweden,2023,European Journal of Public Health,biophilic,0,biophilia,stress,negative,,medium,abstract_only_reduced_table,abstract_only,"Abstract Background Office workplace stress is concerning as it leads to adverse and chronic health outcomes. Outdoor office work (OOW), an innovative practice may address these challenges as being outdoors has potential benefits. This study aims to assess stress among office workers that are working in their normal...",no,cross_sectional_survey,unknown
doi:10.1002/pan3.10218,10.1002/pan3.10218,"Urban green space use during a time of stress: A case study during the COVID‐19 pandemic in Brisbane, Australia",2021,People and Nature,biophilic,0,daylight,stress,mixed,,medium,abstract_only_reduced_table,abstract_only,"Abstract Spending time in nature is one potential way to cope with the negative physical and psychological health impacts from major stressful life events. In 2020, a large fraction of the global population was impacted by restrictions to contain the spread of the COVID‐19 outbreak, a period characterised by marked ...",no,cross_sectional_survey,case_study
doi:10.3390/ijerph22121779,10.3390/ijerph22121779,Who Benefits from Barefooting? The Key Role of Baseline Wellbeing in Psychophysical Restoration.,2025,International journal of environmental research and public health,restoration,0,biophilia,stress,positive,,medium,abstract_only_reduced_table,abstract_only,"Nature-based activities have been linked to psychophysical restoration, but the role of individual baseline conditions in predicting recovery remains unclear. This study examined whether baseline stress levels and mental wellbeing influence psychophysical recovery after an immersive barefooting experience, and wheth...",no,cross_sectional_survey,unknown
doi:10.3390/plants14213366,10.3390/plants14213366,Storm-Induced Wind Damage to Urban Trees and Residents' Perceptions: Quantifying Species and Placement to Change Best Practices.,2025,"Plants (Basel, Switzerland)",biophilic,0,unspecified_environment,mood,unknown,,low,abstract_only_reduced_table,abstract_only;weak_variable_resolution,"Tree-covered urban green spaces, including streets, parks, and other public areas, are vital for urban sustainability and people's well-being. However, such trees face threats from the occurrence of extreme weather. In this study, we investigated wind damage to urban trees in the city of Debrecen, Hungary, during tw...",no,cross_sectional_survey,unknown
doi:10.1007/s00484-025-03004-4,10.1007/s00484-025-03004-4,Psychological and thermal responses to urban green space exposure among elderly: a comparative study of chronic and non-chronic disease populations.,2025,International journal of biometeorology,thermal,0,thermal,mood,positive,,medium,abstract_only_reduced_table,abstract_only,"With the intensifying processes of climate change and population aging, elderly populations are increasingly exposed to significant climate-related health risks. Urban green spaces serve as crucial venues for physical activity, social interaction, and mental restoration among the elderly, providing numerous health b...",no,cross_sectional_survey,unknown
doi:10.1007/s00484-024-02663-z,10.1007/s00484-024-02663-z,"How outdoor horticultural activities affect elderly adults' thermal, physiological and psychological responses: a field study.",2024,International journal of biometeorology,thermal,0,thermal,mood,mixed,,medium,abstract_only_reduced_table,abstract_only,"We recruited 162 healthy elderly adults to determine the thermal, physiological, and psychological effects of horticultural activities (flower arranging, transplanting, and rubble masonry) in outdoor open spaces. We linked these to local climate conditions, physiology, and comfort through a questionnaire survey. The...",no,cross_sectional_survey,unknown
doi:10.1371/journal.pone.0035495,10.1371/journal.pone.0035495,Perceptions and Experiences of Research Participants on Gender-Based Violence Community Based Survey: Implications for Ethical Guidelines,2012,PLoS ONE,affect,0,unspecified_environment,stress,unknown,,low,abstract_only_reduced_table,abstract_only;weak_variable_resolution,"Whilst no informant felt answering the survey questions had caused them emotional or physical harm, some were distressed and anxious, albeit temporarily. Research protocols need to put in place safeguards where appropriate so that this group receives support and protection.",no,cross_sectional_survey,methods_protocol
doi:10.1007/s11356-025-37273-8,10.1007/s11356-025-37273-8,Synthetic cannabinoids in Mayotte over a year in time and space: an example of high-frequency evolution of market.,2025,Environmental science and pollution research international,biophilic,0,biophilia,attention,unknown,,low,abstract_only_reduced_table,abstract_only,"As illicit drug trafficking becomes more widespread, it is increasingly important to assess the extent of drug abuse for health and safety reasons. However, on the one hand, administering questionnaires to consumers is time-consuming and inconclusive, and on the other hand, seizures and clinical data evaluate servic...",no,cross_sectional_survey,interview_study
doi:10.3389/fpsyg.2023.1186806,10.3389/fpsyg.2023.1186806,The effects of the natural visual-aural attributes of urban green spaces on human behavior and emotional response,2023,Frontiers in Psychology,biophilic,0,noise,mood,positive,,medium,abstract_only_reduced_table,abstract_only,"Introduction Nature-based solutions (NBS) have been used to address a wide range of urban environmental challenges, an important aspect of which is to improve human health and well-being. However, most relevant studies focus either on what positive influences nature may have or on identifying what natural factors ca...",no,cross_sectional_survey,thought_piece
doi:10.1115/1.4068387,10.1115/1.4068387,Fractal and Hurst effects in stochastic mechanics,2025,Applied Mechanics Review,biophilic,0,biophilia,unspecified_outcome,unknown,,low,abstract_only_reduced_table,abstract_only;weak_variable_resolution,"Myriad random phenomena in nature possess fractal and Hurst characteristics. Random processes/fields, such as those with Cauchy or Dagum correlations, enable modeling such stochastic structures in time and space. In the first place, this paper provides a compact review of these models, including their spectral prope...",no,cross_sectional_survey,unknown
doi:10.1088/1755-1315/1092/1/012011,10.1088/1755-1315/1092/1/012011,Young Citizens’ Perceptions of Informal Green Space - A Study of Japanese High School Student's Place Attachment and Desire to Live in Rural Areas,2022,IOP Conference Series: Earth and Environment,biophilic,0,biophilia,attention,unknown,,low,abstract_only_reduced_table,abstract_only,"One of the Sustainable Development Goals (SDGs) adopted at the UN Summit in September 2015 includes the greening movement, in which ordinary citizens can actively participate. Goals 3, 11, 13, and 15 of SDGs contribute to health and well-being, sustainable cities and communities, measures against climate change, and...",no,cross_sectional_survey,unknown
doi:10.1086/368233,10.1086/368233,Inheritance and Natural Selection on Functional Traits,2003,International Journal of Plant Sciences,biophilic,0,biophilia,attention,negative,,medium,abstract_only_reduced_table,abstract_only,We surveyed the literature published since 1985 for evidence of natural selection and heritability in vegetative functional traits and performance. Our goals were to (1) review patterns of selection on specific functional traits and (2) assess general evolutionary questions about selection and heritability for broad...,no,cross_sectional_survey,theoretical
doi:10.1038/s41598-025-22542-w,10.1038/s41598-025-22542-w,"Acute effect of light and time of day on thermal physiology, perception, and behavior.",2025,Scientific reports,thermal,0,thermal,mood,mixed,,medium,abstract_only_reduced_table,abstract_only,"Implementing novel, human-centric building control strategies that account for the interaction of multidomain factors, light, temperature, and time of day, can enhance occupant comfort and promote energy savings. However, their successful implementations require a robust framework that clearly explains the physiolog...",no,cross_sectional_survey,conceptual_framework
doi:10.1093/dmfr/twaf084,10.1093/dmfr/twaf084,CBCT-Based Grading System for Oropharyngeal Airway Narrowing: A Novel Diagnostic Framework for Multidisciplinary Clinical Use.,2025,Dento maxillo facial radiology,other,0,unspecified_environment,sleep,positive,,low,abstract_only_reduced_table,abstract_only;weak_variable_resolution,"This technical report presents a novel CBCT-Based Grading System for Oropharyngeal Airway Narrowing, designed to provide clinicians with a standardised, objective method to assess oropharyngeal airway narrowing using Cone-Beam Computed Tomography (CBCT). The grading system is developed based on the least surface are...",no,cross_sectional_survey,conceptual_framework
doi:10.3390/buildings14051427,10.3390/buildings14051427,Enhancing Dementia Nursing Homes in South Korea: Lessons from German Building Standards,2024,Buildings,other,0,unspecified_environment,unspecified_outcome,positive,,low,abstract_only_reduced_table,abstract_only;weak_variable_resolution,"South Korea is an aging society with a rapidly increasing number of people with dementia. In that context, this study aimed to compare dementia nursing home building standards in South Korea and Germany, based on the minimum physical and architectural requirements specified by both countries’ relevant laws, to gain ...",no,cross_sectional_survey,unknown
doi:10.1159/000479018,10.1159/000479018,Multiple Wearable Sensors in Parkinson and Huntington Disease Individuals: A Pilot Study in Clinic and at Home,2017,Digital Biomarkers,other,0,unspecified_environment,unspecified_outcome,unknown,,low,abstract_only_reduced_table,abstract_only;weak_variable_resolution,"&lt;b&gt;&lt;i&gt;Background:&lt;/i&gt;&lt;/b&gt; Clinician rating scales and patient-reported outcomes are the principal means of assessing motor symptoms in Parkinson disease and Huntington disease. However, these assessments are subjective and generally limited to episodic in-person visits. Wearable sensors can o...",no,cross_sectional_survey,unknown
doi:10.1108/pr-04-2022-0313,10.1108/pr-04-2022-0313,The curvilinear relationships between perceived development human resource practices and both affective commitment and work stress: the moderating effects of age,2024,Person-centered review,affect,0,biophilia,stress,unknown,,low,abstract_only_reduced_table,abstract_only,"PurposeThis paper aims to reveal the curvilinear relationships between perceived development human resource practices (DHRPs) and both affective commitment and work stress, and the moderating effects of age on the curvilinear relationships.Design/methodology/approachHypotheses were developed from an employee-oriente...",no,cross_sectional_survey,theoretical
doi:10.17576/jkukm-2023-35(6)-03,10.17576/jkukm-2023-35(6)-03,The Effect of Views through Windows on Apartment Dwellers in an Urban Setting: A Case Study of Hyderabad Apartments,2023,Jurnal Kejuruteraan,affect,0,biophilia,mood,unknown,,low,abstract_only_reduced_table,abstract_only,"The rate of urbanisation is increasing in Pakistan as it develops. The connection to nature, however, is receding in urban settings as the country grows. Apartment buildings have been recognized as a characteristic type of urban housing due to the increasing intensity of land use in urban areas. In Hyderabad, one of...",no,cross_sectional_survey,case_study
doi:10.1089/eco.2020.0043,10.1089/eco.2020.0043,Providing Virtual Nature Experiences to Incarcerated Men Reduces Stress and Increases Interest in the Environment,2021,Ecopsychology,affect,0,noise,stress,negative,,medium,abstract_only_reduced_table,abstract_only,"Humans gain multiple health benefits through contact with the green and blue parts of the world. However, many people do not have access to such places, including more than two million adults who are incarcerated. Building on studies that have shown positive emotional and mood effects when inmates in solitary confin...",no,cross_sectional_survey,unknown
doi:10.1088/1755-1315/1099/1/012034,10.1088/1755-1315/1099/1/012034,Analyzing Natural Lighting Conditions from the Perspective of Biophilic Design in Indoor Office Environments,2022,IOP Conference Series: Earth and Environment,biophilic,0,daylight,mood,unknown,,low,abstract_only_reduced_table,abstract_only,"The term “biophilic design” is recognized by some designers who coined a word for designing instinctively using fresh understandings, reasons, and views, which helps reconnect us with the natural world in the indoor environment. Within the various patterns that connect humans with nature, natural lighting provides a...",no,cross_sectional_survey,thought_piece
doi:10.3389/fpsyg.2023.1140790,10.3389/fpsyg.2023.1140790,"The mediating role of proactive coping in the relationships between stress mindset, challenge appraisal tendencies, and psychological wellbeing",2023,Frontiers in Psychology,affect,0,biophilia,stress,unknown,101,low,abstract_only_reduced_table,abstract_only;n=101,Objective Stress is ubiquitous and how individuals view the nature of stress can influence psychological wellbeing. The present study aimed to investigate the mediating role of proactive coping on the relationships between stress mindset and challenge appraisal tendencies and examine how this in turn related to psyc...,no,cross_sectional_survey,theoretical
doi:10.1177/1937586721996302,10.1177/1937586721996302,Exploring the Relationship Between Perceived Visual Access to Nature and Nurse Burnout,2021,HERD,affect,0,biophilia,stress,null,,medium,abstract_only_reduced_table,abstract_only,Objective: This study aims to investigate the relationship between perceived visual access to nature views in nurse work and break environments and scores for subscales of Maslach Burnout Inventory among nurses. Background: Burnout is a severe problem among nurses. Literature shows a relationship between stress and ...,no,cross_sectional_survey,empirical_v2
doi:10.1007/s10803-021-05209-z,10.1007/s10803-021-05209-z,Psychological Stress and Perceived School Success Among Parents of Children with Developmental Disabilities During the COVID-19 Pandemic,2021,Journal of Autism and Developmental Disorders,biophilic,0,biophilia,stress,unknown,,low,abstract_only_reduced_table,abstract_only,This study mainly explored psychological stress caused by the COVID-19 among parents in developmental disabilities and how it was related to parents’ views of school success in mainland China. The Psychological Stress Questionnaire and Views of Social and Academic Success were administered to 1919 parents of childre...,no,cross_sectional_survey,unknown
doi:10.1007/s10484-025-09757-3,10.1007/s10484-025-09757-3,The Impact of Stimulus Presentation on Skin Conductance and Potential Implications for Neurofeedback Studies.,2026,Applied psychophysiology and biofeedback,affect,0,daylight,stress,mixed,,medium,abstract_only_reduced_table,abstract_only,"Real-time fMRI neurofeedback enables individuals to learn self-regulation of specific brain regions, such as the amygdala, which is often targeted for downregulation in trauma-related disorders. However, repeated exposure to emotional stimuli during lengthy sessions may lead to habituation, with amygdala activity na...",no,cross_sectional_survey,methods_protocol
doi:10.31705/faru.2024.16,10.31705/faru.2024.16,Nature based therapeutic impact of borrowed landscape on the stress reduction of secondary school teachers,2024,17th International Research Conference - FARU 2024,biophilic,0,biophilia,stress,mixed,,medium,abstract_only_reduced_table,abstract_only,"Stress among public secondary school teachers has become a worldwide issue owing far reaching implications. Since the nature has therapeutic effects, incorporating natural borrowed views in to the working places have the ability to reduce stress. With the objective of examining the stress management of public second...",no,cross_sectional_survey,unknown
doi:10.1177/0887403419829211,10.1177/0887403419829211,Predictors of Job Stress Among Southern Correctional Staff,2020,Criminal Justice Policy Review,biophilic,0,biophilia,stress,mixed,,medium,abstract_only_reduced_table,abstract_only,"Job stress is a problem in corrections. Although the very nature of correctional work is stressful, workplace variables also contribute to correctional staff job stress. The job demands-resource model holds that job demands increase negative outcomes (e.g., job stress) and decrease positive outcomes (e.g., job satis...",no,cross_sectional_survey,unknown
doi:10.1177/2156869317728373,10.1177/2156869317728373,Pornography Use and Depressive Symptoms: Examining the Role of Moral Incongruence,2017,Society and Mental Health,biophilic,0,biophilia,stress,positive,,medium,abstract_only_reduced_table,abstract_only,"While studies have consistently observed an association between pornography use and depressive symptoms, data limitations have precluded understanding the nature of this relationship. Drawing on data from a representative panel study of American adults and building on insights from stress process theory, this articl...",no,cross_sectional_survey,theoretical
doi:10.21226/EWJUS634,10.21226/EWJUS634,"Empire-Building, Imperial Policies, and Famine in Occupied Territories and Colonies",2021,East/West: Journal of Ukrainian Studies,biophilic,0,biophilia,stress,unknown,,low,abstract_only_reduced_table,abstract_only,"The introductory article to the special issue “Empire, Colonialism, and Famine in the Nineteenth and Twentieth Centuries” begins by pointing to some recent literature on famine theory, where stress has been made on responses of authorities to famine and on the political nature of modern famines. Literature on the co...",no,cross_sectional_survey,thought_piece
doi:10.7759/cureus.92591,10.7759/cureus.92591,Unseen Impacts: Rural Adolescents' Self-Perception and Mental Health in the Age of Dermatology-Related Social Media.,2025,Cureus,affect,0,unspecified_environment,mood,unknown,,low,abstract_only_reduced_table,abstract_only;weak_variable_resolution,"Adolescence represents a pivotal period in the development of self-image, with skin appearance playing a central role in self-confidence and peer acceptance. In rural communities with limited access to dermatologic care, adolescents frequently turn to social media platforms such as TikTok, Instagram, and YouTube for...",no,cross_sectional_survey,empirical_v2
doi:10.3390/su132111638,10.3390/su132111638,"Nature-Based Solutions: Thermal Comfort Improvement and Psychological Wellbeing, a Case Study in Genoa, Italy",2021,Sustainability,thermal,0,thermal,mood,positive,,medium,abstract_only_reduced_table,abstract_only,The urban heat island (UHI) effect is among the most critical issues caused by human activities and high building density. UHI has severe impacts on the urban and natural environment as well as on human health and wellbeing. The research presented here aims at evaluating the effects of nature-based solutions (NBS) i...,no,cross_sectional_survey,case_study
doi:10.1016/j.eatbeh.2025.101950,10.1016/j.eatbeh.2025.101950,"""Find a life worth living"": An analysis of experiences of residential treatment for eating disorders.",2025,Eating behaviors,biophilic,0,biophilia,unspecified_outcome,positive,,low,abstract_only_reduced_table,abstract_only;weak_variable_resolution,"Residential treatment for eating disorders is becoming increasingly common, and aims to provide individualised care within a less restrictive environment than traditional inpatient treatment settings. However, research regarding participant experiences of residential care remain limited. This study employed a mixed-...",no,cross_sectional_survey,mixed_methods
doi:10.1177/17455057241249553,10.1177/17455057241249553,"Menstrual attitudes in adult women: A cross-sectional study on the association with menstruation factors, contraceptive use, genital self-image, and sexual openness.",2024,"Women's health (London, England)",other,0,unspecified_environment,mood,unknown,,low,abstract_only_reduced_table,abstract_only;weak_variable_resolution,"Menstruation is a central part of the everyday life of most women, and menstrual attitudes may impact health and well-being.",no,cross_sectional_survey,empirical_v2
doi:10.29244/jpsl.15.2.282,10.29244/jpsl.15.2.282,Physiological and Psychological Effects of Virtual Park Therapy in Bogor City Parks on Young Adults,2025,Journal of Natural Resources and Environmental Management,biophilic,0,thermal,stress,mixed,,medium,abstract_only_reduced_table,abstract_only,"Urbanization causes limited access to nature; therefore, virtual reality (VR) is needed to stay connected to nature. This study aims to identify the physiological and psychological effects of park therapy using VR. This study was conducted using experimental methods via a VR survey. The parameters observed included ...",no,cross_sectional_survey,empirical_v2
doi:10.3390/ijerph182412932,10.3390/ijerph182412932,Physiological and Psychological Effects of Visual Stimulation with Green Plant Types.,2021,International journal of environmental research and public health,affect,0,biophilia,stress,mixed,,medium,abstract_only_reduced_table,abstract_only,"This study was designed to assess the physiological and psychological benefits of visually looking at foliage plants in adults. This study involved 30 adults in their 20s (11 males, 19 females), and using a crossover design, participants looked at four different types of visual stimuli, namely, real plants, artifici...",no,cross_sectional_survey,unknown
doi:10.3390/ijerph181910258,10.3390/ijerph181910258,How Can Flowers and Their Colors Promote Individuals' Physiological and Psychological States during the COVID-19 Lockdown?,2021,International journal of environmental research and public health,affect,0,unspecified_environment,mood,mixed,,low,abstract_only_reduced_table,abstract_only;weak_variable_resolution,"The global spread of COVID-19 has disrupted the normality of people's daily lives, leading the population to social distancing and isolation. The closure of green areas also affected the well-being of the individual during the COVID-19 pandemic. Viewing flowers is expected to have similar positive effects to viewing...",no,cross_sectional_survey,empirical_v2
doi:10.1088/1742-6596/3140/10/102014,10.1088/1742-6596/3140/10/102014,Optimizing visual comfort during architectural design: A tool for view and window analysis,2025,Journal of Physics: Conference Series,air,0,air_quality,productivity,mixed,,medium,abstract_only_reduced_table,abstract_only,"New building performance simulation tools are advancing the building design process in the Architecture, Engineering, and Construction (AEC) industry to conserve energy, reduce operational costs, and enhance occupants’ well-being and welfare. Most of the current tools focus on energy efficiency, thermal comfort, ind...",no,cross_sectional_survey,unknown
doi:10.1080/09603123.2024.2342021,10.1080/09603123.2024.2342021,Older people’s views and usage of recreational spaces in parks with age-friendly outdoor exercise equipment,2024,International Journal of Environmental Health Research,biophilic,0,biophilia,unspecified_outcome,unknown,,low,abstract_only_reduced_table,abstract_only;weak_variable_resolution,"ABSTRACT Recreational spaces are important public spaces for people of all ages to engage in leisure and physical activities, however older people remain one of the lowest users of park. This study investigated older people’s perceptions and reasons for visiting parks that have undergone refurbishment with the insta...",no,cross_sectional_survey,unknown
doi:10.3390/su17156857,10.3390/su17156857,Thinking Green: A Place Lab Approach to Citizen Engagement and Indicators for Nature-Based Solutions in a Case Study from Katowice,2025,Sustainability,biophilic,0,biophilia,unspecified_outcome,unknown,,low,abstract_only_reduced_table,abstract_only;weak_variable_resolution,"Urban areas are at the forefront in addressing global challenges such as climate change and biodiversity loss. Among the key responses are nature-based solutions, which are increasingly being integrated into policy frameworks but which require strong community engagement for their effective implementation. This pape...",no,cross_sectional_survey,case_study
doi:10.1016/j.heliyon.2022.e08924,10.1016/j.heliyon.2022.e08924,Community perceptions towards the impacts of ecotourism development in the central highlands of Ethiopia: the case of Lake Wanchi and its adjacent landscapes.,2022,Heliyon,cognition,0,unspecified_environment,attention,unknown,,low,abstract_only_reduced_table,abstract_only;weak_variable_resolution,"Scientific studies harmonizing biodiversity conservation, ecotourism development, and local livelihoods in areas of natural endowments have significant importance in the welfare of society. The objective of this study was to investigate the local community's perception of the impacts of the Wanchi Ecotourism Associa...",no,cross_sectional_survey,interview_study
doi:10.1177/0269881117748902,10.1177/0269881117748902,Increased nature relatedness and decreased authoritarian political views after psilocybin for treatment-resistant depression,2018,Journal of Psychopharmacology,biophilic,0,biophilia,unspecified_outcome,mixed,7,low,abstract_only_reduced_table,abstract_only;n=7;weak_variable_resolution,"Rationale: Previous research suggests that classical psychedelic compounds can induce lasting changes in personality traits, attitudes and beliefs in both healthy subjects and patient populations. Aim: Here we sought to investigate the effects of psilocybin on nature relatedness and libertarian–authoritarian politic...",no,cross_sectional_survey,thought_piece
doi:10.3390/medicina57080789,10.3390/medicina57080789,Psychosocial Impacts of the COVID-19 Quarantine: A Study of Gender Differences in 59 Countries,2021,Medicina,affect,0,unspecified_environment,stress,mixed,,low,abstract_only_reduced_table,abstract_only;weak_variable_resolution,Background and Objectives: There is strong evidence in the literature that women experience psychological disorders at significantly higher rates than men. The higher rates of psychological disorders in women may partly be attributable to gender differences in response to stressors and coping styles. The objective o...,no,cross_sectional_survey,unknown
sha256:8bdecb13c995,,Prevalence of Menopause Symptoms among Iranian Women,2012,DOAJ (DOAJ: Directory of Open Access Journals),affect,0,unspecified_environment,stress,unknown,,low,abstract_only_reduced_table,abstract_only;weak_variable_resolution,"Objective: The aim of this study was to determine the symptoms associated with menopause among women referred to menopause clinic of Tehran Women General Hospital. Materials and methods: In this cross sectional study which has been done between January 2011 and January 2012, in menopause clinic of Tehran Women's Gen...",no,cross_sectional_survey,unknown
doi:10.54053/001c.141879,10.54053/001c.141879,MATERNAL MOOD OUTCOMES DURING PREGNANCY AND POSTPARTUM FOLLOWING ASSISTED REPRODUCTIVE TECHNOLOGY COMPARED TO NATURAL CONCEPTION,2025,North American Proceedings in Gynecology & Obstetrics,affect,0,unspecified_environment,stress,positive,,low,abstract_only_reduced_table,abstract_only;weak_variable_resolution,"Objective: Psychological distress (PD), anxiety, and depression are common in pregnancy and have significant implications for maternal and fetal well-being. The association between assisted reproductive technology (ART) and perinatal mood disorders is clinically important, although existing studies on this topic are...",no,cross_sectional_survey,observational_field
doi:10.17759/exppsy.2025180110,10.17759/exppsy.2025180110,Predictors of successful graduation emotional assessment specificity while perception of natural and technogenic environments by men and women,2025,Experimental Psychology,biophilic,0,biophilia,mood,null,,medium,abstract_only_reduced_table,abstract_only,"Context and relevance. The close association between man and nature (biophilia) during a long time is changing to adaptation to the technogenic and urbanized environment. It has been shown that a high level of biophilia corresponds to a good mood, positive emotions and life satisfaction. However, there is no consens...",no,cross_sectional_survey,unknown
doi:10.1038/s41477-025-02194-4,10.1038/s41477-025-02194-4,Esterified-pectin-coupled polar stiffening controls grass stomatal opening.,2026,Nature plants,biophilic,0,unspecified_environment,unspecified_outcome,mixed,,low,abstract_only_reduced_table,abstract_only;weak_variable_resolution,"Stomata are pivotal for gas exchange during photosynthesis and transpiration and are therefore critical in plant growth and global water cycles. However, the mechanistic role of cell wall architecture in grass stomatal function remains elusive. Here immunolabelling and mechanical mapping revealed local distribution ...",no,cross_sectional_survey,unknown
doi:10.15376/biores.14.1.1941-1968,10.15376/biores.14.1.1941-1968,Wood perception in daylit interior spaces: An experimental study using scale models and questionnaires,2019,BioResources,light,0,daylight,cognition,unknown,,low,abstract_only_reduced_table,abstract_only,"This paper explores the impact of daylit wooden environments on human perception and well-being. Several studies have shown that the use of wood in furniture, interior surfaces, and decoration helps create warm, bright, and pleasant ambiences, enhancing psychological well-being and comfort when compared to other mat...",no,cross_sectional_survey,empirical_v2
doi:10.38124/ijisrt/25aug453,10.38124/ijisrt/25aug453,"Emotional and Psychological Responses to Façade Design: A Case Study of Mid-Rise Office Buildings in Abuja, Nigeria",2025,International Journal of Innovative Science and Research Technology,affect,0,biophilia,mood,positive,,medium,abstract_only_reduced_table,abstract_only,"This study investigates how the design of building façades affects users’ emotions, comfort, and satisfaction in mid-
rise office buildings in Abuja, Nigeria. Using a mixed-methods case-study approach, data were collected through structured

surveys of office occupants (N≈100) and cross-case observational analysis o...",no,cross_sectional_survey,mixed_methods
doi:10.3389/fnhum.2023.1287018,10.3389/fnhum.2023.1287018,Gamma music: a new acoustic stimulus for gamma-frequency auditory steady-state response.,2023,Frontiers in human neuroscience,acoustic,0,noise,cognition,mixed,,medium,abstract_only_reduced_table,abstract_only,"A frequency range exceeding approximately 30 Hz, denoted as the gamma frequency range, is associated with various cognitive functions, consciousness, sensory integration, short-term memory, working memory, encoding and maintenance of episodic memory, and retrieval processes. In this study, we proposed a new form of ...",no,cross_sectional_survey,unknown
doi:10.21837/pm.v22i32.1525,10.21837/pm.v22i32.1525,PSYCHOLOGICAL EFFECTS OF GREEN SPACES ON WALKING ACCESSIBILITY,2024,PLANNING MALAYSIA,thermal,0,daylight,attention,positive,,medium,abstract_only_reduced_table,abstract_only,"In the face of accelerating global urbanization, urban walkability has garnered increasing attention as an essential component of urban sustainability and residents' quality of life. This study focuses on Malaysia, a rapidly urbanizing country, examining the effects of natural environments and greenery on residents'...",no,cross_sectional_survey,unknown
doi:10.1046/j.1365-2311.2002.00437.x,10.1046/j.1365-2311.2002.00437.x,"Landscape context affects trap‐nesting bees, wasps, and their natural enemies",2002,Ecological Entomology,biophilic,0,biophilia,attention,null,15,medium,abstract_only_reduced_table,abstract_only;n=15,"Ecologists have become increasingly aware that not only local fragmentation or alteration of habitats but also regional changes of landscape complexity may have a great effect on species diversity and biotic interactions (Kareiva & Wennergren, 1995; Huston, 1999; Tscharntke et al., 2002). The positive relationship b...",no,cross_sectional_survey,theoretical
doi:10.1039/c8bm00471d,10.1039/c8bm00471d,Mucins as multifunctional building blocks of biomaterials.,2018,Biomaterials Science,other,0,unspecified_environment,unspecified_outcome,unknown,,low,abstract_only_reduced_table,abstract_only;weak_variable_resolution,Mucins are large glycoproteins that are ubiquitous in the animal kingdom. Mucins coat the surfaces of many cell types and can be secreted to form mucus gels that assume important physiological roles in many animals. Our growing understanding of the structure and function of mucin molecules and their functionalities ...,no,cross_sectional_survey,unknown
doi:10.1371/journal.pone.0170086,10.1371/journal.pone.0170086,Anxiety Level and Cardiac Autonomic Modulations in Coronary Artery Disease and Cardiac Syndrome X Patients,2017,PLoS ONE,affect,0,unspecified_environment,stress,positive,,low,abstract_only_reduced_table,abstract_only;weak_variable_resolution,"Background Anxiety and cardiac autonomic modulations (CAM) were thoroughly investigated in coronary artery disease (CAD) and cardiac syndrome X (CSX) patients worldwide, but not among Sudanese with similar pathology. Aims To compare levels of anxiety and CAM between Sudanese patients with CSX and CAD. Materials and ...",no,cross_sectional_survey,unknown
doi:10.3390/ijerph19148749,10.3390/ijerph19148749,"Investigating the Buffering Effects of Greenery on the Adverse Emotional, Mental and Behavioral Health during the Pandemic Period.",2022,International journal of environmental research and public health,biophilic,0,biophilia,mood,mixed,,medium,abstract_only_reduced_table,abstract_only,"In light of the adverse emotional, mental and behavioral outcomes caused by the pandemic period, this research analyzed the associations between emotional distress and poor health outcomes and the buffering effects of greenery on these outcomes. An online cross-sectional survey between June-November 2021 was distrib...",no,cross_sectional_survey,empirical_v2
doi:10.30822/arteks.v6i2.757,10.30822/arteks.v6i2.757,Biophilic design patterns and local knowledge of plants application in Baba-Nyonya heritage shophouses’ courtyard,2021,,biophilic,0,biophilia,unspecified_outcome,positive,,low,abstract_only_reduced_table,abstract_only;weak_variable_resolution,"Article history: Received November 29, 2020 Received in revised form Dec. 06, 2020 Accepted January 21, 2021 Available online August 01, 2021 Biophilic design is a well-known design philosophy based on humannature relationships. However, it has not been explored extensively in the Malaysian context and most of the p...",no,cross_sectional_survey,unknown
doi:10.15320/iconarp.2023.260,10.15320/iconarp.2023.260,A Research on Biophilic Design Patterns: The Case of AGU as a Biophilic Campus,2023,Iconarp International J. of Architecture and Planning,biophilic,0,biophilia,cognition,positive,,medium,abstract_only_reduced_table,abstract_only,"Examining the biophilic elements in education campuses, which are a smaller-scale representation of urban areas, would be an example of urban-scale human–nature improvements. In this context, this article aims to analyze the biophilic elements in Abdullah Gul University (AGU) Sumer Campus and 3 education buildings f...",no,cross_sectional_survey,unknown
doi:10.14774/jkiid.2023.32.2.053,10.14774/jkiid.2023.32.2.053,Biophilic Effects of Nature by Visual Stimulus Type in Urban Environment,2023,Korean Institute of Interior Design Journal,affect,0,biophilia,mood,mixed,,medium,abstract_only_reduced_table,abstract_only,"This study attempted to investigate the biophilic effect of nature’s visual stimulation when urban sounds exist in the background. For this purpose, human psychological changes by visual stimulus were investigated through experiments and user surveys. In addition, it was investigated whether nature’s visual stimulat...",no,cross_sectional_survey,empirical_v2
doi:10.5812/zjrms-120049,10.5812/zjrms-120049,"Effects of the COVID -19 Pandemic on Physical Activity, Mood Status, and Eating Patterns of Iranian Elite Athletes and Non-Athletes",2022,Zahedan Journal of Researches in Medical Sciences,affect,0,unspecified_environment,mood,null,82,low,abstract_only_reduced_table,abstract_only;n=82;weak_variable_resolution,"Background: Suspension of sports activities during the covid-19 pandemic led to unhealthy lifestyles such as harmful eating habits, low physical activity levels, and mood changes. Objectives: We examined the effects of the covid-19 pandemic on the mood states, physical activity levels, and eating habits of athletes ...",no,cross_sectional_survey,unknown
doi:10.1093/jamia/ocaa057,10.1093/jamia/ocaa057,Effects of mood and aging on keystroke dynamics metadata and their diurnal patterns in a large open-science sample: A BiAffect iOS study,2020,J. Am. Medical Informatics Assoc.,affect,0,unspecified_environment,mood,negative,,low,abstract_only_reduced_table,abstract_only;weak_variable_resolution,"OBJECTIVE
Ubiquitous technologies can be leveraged to construct ecologically relevant metrics that complement traditional psychological assessments. This study aims to determine the feasibility of smartphone-derived real-world keyboard metadata to serve as digital biomarkers of mood.


MATERIALS AND METHODS
BiAffect...",no,cross_sectional_survey,unknown
doi:10.1088/1755-1315/1507/1/012022,10.1088/1755-1315/1507/1/012022,The Role of Biophilic Design and Green Spaces in Supporting Psychological Restoration Case Study: (University of Baghdad),2025,IOP Conference Series: Earth and Environment,biophilic,0,biophilia,attention,unknown,,low,abstract_only_reduced_table,abstract_only,"The relationship between human - beings and nature has been well-recognized since the early centuries. Biophilia is a human connection to nature, and biophilic design patterns offer opportunities for recreation and recovery from stress. This paper aims to explore the relationship between biophilic design patterns an...",no,cross_sectional_survey,case_study
doi:10.62154/3aqdkf16,10.62154/3aqdkf16,A Review of Biophilic Design Concepts in Hotel Architecture,2024,African Journal of Environmental Sciences and Renewable Energy,biophilic,0,biophilia,mood,mixed,,medium,abstract_only_reduced_table,abstract_only,"Incorporating natural materials and features into the built environment is the goal of the creative approach known as biophilic design, which aims to link people with nature through architecture and interior design. The premise of the theory is that people are naturally drawn to nature and that spending time in natu...",no,cross_sectional_survey,interview_study
doi:10.25039/x50.2023.po074,10.25039/x50.2023.po074,EVALUATION OF EMOTIONS INDUCED BY BIOPHILIC LIGHTING PATTERNS USING EEG AND QUALITATIVE METHODS,2023,"CIE x050:2023 Proceedings of the 30th Session of the CIE, Ljubljana, Slovenia, September 15 – 23, 2023, Volume 1",light,0,daylight,mood,unknown,,low,abstract_only_reduced_table,abstract_only,This pilot study examines how lighting can support people’s well-being in urban environments by designing lighting projections using biophilic principles and conducting a mixed-method assessment. Four biophilic projections were designed to induce positive feelings including relaxation as well as four non-biophilic p...,no,cross_sectional_survey,unknown
doi:10.1097/PRS.0000000000011098,10.1097/PRS.0000000000011098,Aesthetic Outcomes in Cleft Care: Exploring Patterns in Patient-Reported Outcomes across Adolescence,2023,Plastic and Reconstructive Surgery,affect,0,unspecified_environment,stress,negative,,low,abstract_only_reduced_table,abstract_only;weak_variable_resolution,"Background: For patients with cleft lip/palate, adolescence is a time of maxillofacial growth and complex psychosocial stressors. The personal significance of facial differences may change, making patient-reported outcomes measures invaluable. In this study, we use several scales from the CLEFT-Q and FACE-Q to explo...",no,cross_sectional_survey,observational_field
doi:10.7759/cureus.79924,10.7759/cureus.79924,Crowdsourced Comparison of Aesthetic Outcomes of Traditional Transverse Versus Skin-Reducing Mastectomy Incision Patterns Following Implant-Based Breast Reconstruction,2025,Cureus,biophilic,0,unspecified_environment,unspecified_outcome,unknown,,low,abstract_only_reduced_table,abstract_only;weak_variable_resolution,"Introduction Advancements in reconstructive breast surgery have made postoperative cosmesis and patient satisfaction critical outcome measures. Skin-sparing mastectomy (SSM) incision patterns may be classified into the traditional transverse incision, or skin-reducing patterns. The aim of this study is to identify p...",no,cross_sectional_survey,unknown
doi:10.3390/su17093890,10.3390/su17093890,If Green Walls Could Talk: Interpreting Building Sustainability Through Atmospheric Cues,2025,Sustainability,light,0,daylight,attention,positive,250,medium,abstract_only_reduced_table,abstract_only;n=250,"Architectural design influences both environmental outcomes and occupant behaviors. Green buildings convey environmental responsibility through formal (e.g., signage, tours) and informal means, including natural materials, daylighting, and energy-efficient features. These choices contribute to overall building “atmo...",no,cross_sectional_survey,interview_study
doi:10.1038/s41598-024-68657-4,10.1038/s41598-024-68657-4,The intersection of physical activity type and gender in patterns of disordered eating,2024,Scientific Reports,cognition,0,unspecified_environment,attention,unknown,,low,abstract_only_reduced_table,abstract_only;weak_variable_resolution,"Although previous research has linked disordered eating to physical activity involvement, more recent studies suggest that sports participation may be protective against disordered eating; however, due to inconsistent findings on how physical activity affects disordered eating and limited research comparing types of...",no,cross_sectional_survey,unknown
doi:10.9744/dimensi.52.2.179-190,10.9744/dimensi.52.2.179-190,Evaluating Biophilic Architecture Patterns in Urban Parks for Enhancing Quality of Life,2025,DIMENSI (Journal of Architecture and Built Environment),biophilic,0,biophilia,productivity,negative,36,medium,abstract_only_reduced_table,abstract_only;n=36,"Urban parks shape everyday experiences in cities, especially where tourism drives local activity. This study explores how visitors interpret their well-being in relation to the biophilic design features of Batu City Square, East Java. Five quality-of-life dimensions and fourteen biophilic patterns were assessed thro...",no,cross_sectional_survey,unknown
doi:10.3390/su16177778,10.3390/su16177778,"Fundamental Research on Sustainable Building Design for the Rural Elderly: A Field Study of Various Subjective Responses to Thermal Environments and Comfort Demands during Summer in Xi’an, China",2024,Sustainability,thermal,0,thermal,mood,mixed,,medium,abstract_only_reduced_table,abstract_only,"Well-designed residential thermal environments that meet the comfort and health needs of elderly individuals can enhance their well-being and decrease associated health risks, which is one of the foundations of sustainable building development. However, limited evidence on thermal response patterns and thermal comfo...",no,cross_sectional_survey,unknown
doi:10.3390/buildings15111863,10.3390/buildings15111863,Biophilic Design Application in School Common Areas: Exploring the Potential to Alleviate Adolescent Depression,2025,Buildings,biophilic,0,biophilia,mood,positive,,medium,abstract_only_reduced_table,abstract_only,"This study proposes design strategies for incorporating biophilic design into common areas in schools, with consideration of adolescents’ levels of depression. Types of common areas and relevant biophilic design attributes were identified through a comprehensive review of existing literature. Using Stable Diffusion,...",no,cross_sectional_survey,unknown
doi:10.3390/SU11102851,10.3390/SU11102851,Spatial Design of Childcare Facilities Based on Biophilic Design Patterns,2019,Sustainability,biophilic,0,biophilia,attention,positive,,medium,abstract_only_reduced_table,abstract_only,"This study covers the issue of insufficient childcare support, which is part of the combined social problem of low birth rates and aging, and sets the direction for the environmental improvement of childcare facilities. This study aims to find the clues to creating an optimized environment for children in nature, wh...",no,cross_sectional_survey,case_study
doi:10.1186/s12877-025-05918-5,10.1186/s12877-025-05918-5,Monitoring utilisation patterns of home- and community-based services for healthy ageing: a cross-sectional study,2025,BMC Geriatrics,thermal,0,unspecified_environment,mood,positive,,low,abstract_only_reduced_table,abstract_only;weak_variable_resolution,"The home- and community-based care model has been developed to enable older people healthy ageing in place. However, few studies have investigated how well particular home- and community-based services (HCBS) have reached older people. This is crucial to address the issue of inequity in healthcare for seniors living...",no,cross_sectional_survey,empirical_v2
doi:10.14716/ijtech.v10i2.2416,10.14716/ijtech.v10i2.2416,"Towards the Application of Biophilic Parameters in Local Buildings: a Case Study of Bilkent School, Erbil City- Iraq",2019,International Journal of Technology,biophilic,0,biophilia,cognition,unknown,,low,abstract_only_reduced_table,abstract_only,"As the world progresses towards a greener and healthier environment, with the design of cities and buildings responding to human requirements and having less impact on the natural world, biophilic design is used as a tool by architects to connect people inside buildings with the nature outside them through relevant ...",no,cross_sectional_survey,case_study
doi:10.1155/2024/9844809,10.1155/2024/9844809,"Effects of Geometric Sound on Brainwave Activity Patterns, Autonomic Nervous System Markers, Emotional Response, and Faraday Wave Pattern Morphology",2024,Evidence-Based Complementary and Alternative Medicine,affect,0,noise,stress,mixed,,medium,abstract_only_reduced_table,abstract_only,"This study introduces Geometric Sound as a subfield of spatial sound featuring audio stimuli which are sonic holograms of mathematically defined 3D shapes. The effects of Geometric Sound on human physiology were investigated through EEG, heart rate, blood pressure, and a combination of questionnaires monitoring 50 h...",no,cross_sectional_survey,theoretical
doi:10.3390/su11092642,10.3390/su11092642,LED Light Sources and Their Complex Set-Up for Visually and Biologically Effective Illumination for Ornamental Indoor Plants,2019,Sustainability,biophilic,0,daylight,attention,mixed,,medium,abstract_only_reduced_table,abstract_only,"Ornamental plants are often used in indoor environments as part of biophilic design to improve the health and wellbeing of occupants, and to support sustainable, green architecture. Unfortunately, many plants do not thrive and need to be continuously replaced, which is economically unsustainable. The wavelengths and...",no,cross_sectional_survey,unknown
doi:10.1186/s12966-021-01174-z,10.1186/s12966-021-01174-z,Demographic characteristics associated with circadian rest-activity rhythm patterns: a cross-sectional study,2021,International Journal of Behavioral Nutrition and Physical Activity,light,0,unspecified_environment,sleep,mixed,,low,abstract_only_reduced_table,abstract_only;weak_variable_resolution,"Background Rest-activity rhythm (RAR), a manifestation of circadian rhythms, has been associated with morbidity and mortality risk. However, RAR patterns in the general population and specifically the role of demographic characteristics in RAR pattern have not been comprehensively assessed. Therefore, we aimed to de...",no,cross_sectional_survey,empirical_v2
doi:10.1002/da.22949,10.1002/da.22949,"Sleep, circadian rhythm, and physical activity patterns in depressive and anxiety disorders: A 2‐week ambulatory assessment study",2019,Depression and Anxiety,light,0,unspecified_environment,sleep,unknown,,low,abstract_only_reduced_table,abstract_only;weak_variable_resolution,"Actigraphy may provide a more valid assessment of sleep, circadian rhythm (CR), and physical activity (PA) than self‐reported questionnaires, but has not been used widely to study the association with depression/anxiety and their clinical characteristics.",no,cross_sectional_survey,unknown
doi:10.1051/0004-6361:20065161,10.1051/0004-6361:20065161,The VIMOS VLT Deep Survey: the build-up of the colour–density relation,2006,Astronomy and Astrophysics,spatial,0,spatial_layout,attention,negative,,medium,abstract_only_reduced_table,abstract_only,"We investigate the redshift and luminosity evolution of the galaxy colour-density relation using the data from the First Epoch VIMOS-VLT Deep Survey (VVDS). The size (6582 galaxies), depth (I_AB<=24) and redshift sampling rate of the survey enable us to reconstruct the 3D galaxy environment on relatively local scale...",no,cross_sectional_survey,unknown
doi:10.17265/1934-7359/2014.12.002,10.17265/1934-7359/2014.12.002,"Energy Consumption, Thermal Performance and Thermal Comfort in Public School Buildings in Jordan",2014,,thermal,0,noise,mood,unknown,,low,abstract_only_reduced_table,abstract_only,"Good learning outputs in schools require an acceptable physical environment inside schools. Whatever the climatic context that surrounds any school buildings, energy flows of different types should be provided. Concerns may include thermal environment, luminous environment and acoustics environment. Types of energy ...",no,cross_sectional_survey,unknown
doi:10.1051/0004-6361:20077525,10.1051/0004-6361:20077525,The reversal of the star formation-density relation in the distant universe,2007,Astronomy and Astrophysics,biophilic,0,biophilia,attention,mixed,,medium,abstract_only_reduced_table,abstract_only,"We study the relationship between the local environment of galaxies and their\nstar formation rate (SFR) in the Great Observatories Origins Deep Survey,\nGOODS, at z~1, from ultradeep imaging at 24 microns with the MIPS camera\nonboard Spitzer. We show that the star formation-density relation observed\nlocally was r...",no,cross_sectional_survey,unknown
sha256:94890ec3a1ff,,Comfort with courtyards in Dhaka apartments,2007,,thermal,0,thermal,stress,positive,,medium,abstract_only_reduced_table,abstract_only,"The building activities in the residential arena of Dhaka are primarily involved in mid to high rise apartments of various sizes and styles in almost every available space. The majority of these, mostly six storied, are compact type buildings with no courtyards inside. Hence there is a lack of natural ventilation an...",no,cross_sectional_survey,unknown
doi:10.5075/epfl-thesis-7677,10.5075/epfl-thesis-7677,Perceptual Dynamics of Daylight in Architecture,2017,Infoscience (Ecole Polytechnique Fédérale de Lausanne),light,0,daylight,productivity,unknown,,low,abstract_only_reduced_table,abstract_only,"In our experience of daylit architecture, our visual perception is greatly impacted by the ephemeral and inherently dynamic conditions of the surrounding environment. Driven by changes in sky type, time-of-day, and time-of-year, these variable conditions can alter our impressions and appraisal of indoor space. Dayli...",no,cross_sectional_survey,empirical_v2
doi:10.6110/kjacr.2011.23.1.061,10.6110/kjacr.2011.23.1.061,Influence of Luminous Environments on Visual Responses and Fatigue Sensation in Art Galleries,2011,Korean Journal of Air-Conditioning and Refrigeration Engineering,light,0,unspecified_environment,sleep,unknown,,low,abstract_only_reduced_table,abstract_only;weak_variable_resolution,The influences of luminous environment on visual responses and fatigue sensation in art galleries were examined in this study. Field measurements and survey were performed in three galleries under various illuminance and luminous conditions. Result implies that vertical illuminance on art paintings needed to be some...,no,cross_sectional_survey,unknown
doi:10.1051/0004-6361/201423413,10.1051/0004-6361/201423413,Improved cosmological constraints from a joint analysis of the SDSS-II and SNLS supernova samples,2014,Astronomy and Astrophysics,acoustic,0,noise,unspecified_outcome,mixed,,low,abstract_only_reduced_table,abstract_only;weak_variable_resolution,"Aims. We present cosmological constraints from a joint analysis of type Ia supernova (SN Ia) observations obtained by the SDSS-II and SNLS collaborations. The dataset includes several low-redshift samples (z&lt; 0.1), all three seasons from the SDSS-II (0.05 &lt;z&lt; 0.4), and three years from SNLS (0.2 &lt;z&lt; 1...",no,cross_sectional_survey,empirical_v2
doi:10.12691/ajphr-1-7-3,10.12691/ajphr-1-7-3,"Effects of Light’s Colour Temperatures on Visual Comfort Level, Task Performances, and Alertness among Students",2013,American journal of public health research,light,0,daylight,productivity,positive,,medium,abstract_only_reduced_table,abstract_only,"Introduction: Correlated colour temperatures (CCT) of the light source in indoor environment plays an imperative role in addressing both psychological and physiological functions of the occupant. As one of the determinants of lighting quality, CCT are off particular importance which affects quality of work and in cl...",no,cross_sectional_survey,empirical_v2
doi:10.1097/jom.0b013e318247a3b0,10.1097/jom.0b013e318247a3b0,Fatigue Risk Management in the Workplace,2012,Journal of Occupational and Environmental Medicine,light,0,daylight,sleep,mixed,,medium,abstract_only_reduced_table,abstract_only,"PURPOSE AND INTRODUCTION Key Points: Fatigue is an unsafe condition in the workplace. Like other risk factors, fatigue can be managed. Safety and productivity in the workplace are intimately related to worker health. A workplace may have chemical, physical, biological, and/or psychosocial hazards that have the poten...",no,cross_sectional_survey,interview_study
doi:10.1007/s40090-016-0085-9,10.1007/s40090-016-0085-9,Adsorption of methylene blue from aqueous solution using untreated and treated (Metroxylon spp.) waste adsorbent: equilibrium and kinetics studies,2016,International Journal of Industrial Chemistry,light,0,daylight,productivity,positive,,medium,abstract_only_reduced_table,abstract_only,"Public living conditions can be improved through several different parameters, which are effective and important. Daylighting is one of the most significant parameters. Natural light can penetrate in buildings through implementing daylighting. It also can lead to improvement of living conditions and comfort, includi...",no,cross_sectional_survey,unknown
doi:10.1177/1420326x10392017,10.1177/1420326x10392017,Effects of Indoor Lighting on Occupants’ Visual Comfort and Eye Health in a Green Building,2010,Indoor and Built Environment,light,0,daylight,productivity,mixed,,medium,abstract_only_reduced_table,abstract_only,"This study investigated the effects of indoor lighting on occupants’ visual comfort and eye health and to contribute to the management and maintenance of buildings. The illuminance of the working plane and windows at Samsung Corporation Headquarters were measured, and 2744 healthy occupants of Samsung Corporation we...",no,cross_sectional_survey,unknown
doi:10.1108/jcre-10-2015-0028,10.1108/jcre-10-2015-0028,Accommodating new ways of working: lessons from best practices and worst cases,2016,Journal of Corporate Real Estate,thermal,0,daylight,attention,negative,930,medium,abstract_only_reduced_table,abstract_only;n=930,Purpose The purpose of this study is to explore which factors may explain the high or low percentages of satisfied employees in offices with shared activity-based workplaces. Design/methodology/approach The paper compares data on employee satisfaction from two cases with remarkably high satisfaction scores and two c...,no,cross_sectional_survey,interview_study
doi:10.4419/86788424,10.4419/86788424,Fear of the Dark? How Access to Electric Lighting Affects Security Attitudes and Nighttime Activities in Rural Senegal,2013,Econstor (Econstor),light,0,daylight,unspecified_outcome,mixed,,low,abstract_only_reduced_table,abstract_only;weak_variable_resolution,"Providing access to electricity is widely considered as a precondition for socio-economic development in rural areas of developing countries. While electrification interventions are often expected to reduce poverty through productive uses for income generating purposes, the reality in rural usage patterns looks diff...",no,cross_sectional_survey,empirical_v2
doi:10.1080/15502724.2019.1602778,10.1080/15502724.2019.1602778,Post-occupancy Evaluation Study of the Impact of Daylighting and Electric Lighting in the Workplace,2019,LEUKOS The Journal of the Illuminating Engineering Society of North America,light,0,daylight,mood,unknown,886,low,abstract_only_reduced_table,abstract_only;n=886,"Post-occupancy evaluations (POEs) have been recognized for documenting occupants' well-being and responses to indoor environmental quality (IEQ) factors such as thermal, lighting, and acoustic conditions. The Sustainable Post-Occupancy Evaluation Survey (SPOES), an online questionnaire, provides a quantitative analy...",no,cross_sectional_survey,unknown
doi:10.1161/cir.0b013e31824f2173,10.1161/cir.0b013e31824f2173,Decision Making in Advanced Heart Failure,2012,Circulation,biophilic,0,biophilia,unspecified_outcome,positive,,low,abstract_only_reduced_table,abstract_only;weak_variable_resolution,"S hared decision making for advanced heart failure has become both more challenging and more crucial as duration of disease and treatment options have increased.High-quality decisions are chosen from medically reasonable options and are aligned with values, goals, and preferences of an informed patient.The top 10 th...",no,cross_sectional_survey,unknown
doi:10.5271/sjweh.1772,10.5271/sjweh.1772,Influence of indoor climate on the sick building syndrome in an office environment. The Danish Indoor Climate Study Group.,1990,Scandinavian Journal of Work Environment & Health,air,0,air_quality,attention,unknown,,low,abstract_only_reduced_table,abstract_only,"The influence of indoor climate factors on symptoms of the sick building syndrome was investigated in Greater Copenhagen, Denmark. Altogether, 2369 office workers in 14 buildings, where indoor climate measurements were made, filled out a questionnaire. Multivariate logistic regression analyses of the multifactorial ...",no,cross_sectional_survey,unknown
doi:10.1080/19338244.2014.965246,10.1080/19338244.2014.965246,"Indoor environmental and air quality characteristics, building-related health symptoms, and worker productivity in a federal government building complex",2014,Archives of Environmental & Occupational Health,air,0,air_quality,stress,mixed,,medium,abstract_only_reduced_table,abstract_only,"Building Health Sciences, Inc. (BHS), investigated environmental conditions by many modalities in 71 discreet areas of 12 buildings in a government building complex that had experienced persistent occupant complaints despite correction of deficiencies following a prior survey. An online health survey was completed b...",no,cross_sectional_survey,unknown
doi:10.1111/j.1600-0668.1993.t01-1-00005.x,10.1111/j.1600-0668.1993.t01-1-00005.x,"Association of Personal and Workplace Characteristics with Health, Comfort And Odor: A Survey of 3948 Office Workers in Three Buildings",1993,Indoor Air,air,0,air_quality,stress,unknown,,low,abstract_only_reduced_table,abstract_only,"A questionnaire on health symptoms, workplace conditions, and perceived indoor air quality was administered to 3948 employees of the Environmental Protection Agency in Washington, DC in the winter of 1989. The main goal was to determine the personal or workplace characteristics associated with health symptoms. A pri...",no,cross_sectional_survey,unknown
doi:10.5805/sfti.2013.15.5.834,10.5805/sfti.2013.15.5.834,User Acceptance of a Light-Emitting Diode Vest for Police Officer,2013,Fashion & Textile Research Journal,thermal,0,unspecified_environment,unspecified_outcome,positive,,low,abstract_only_reduced_table,abstract_only;weak_variable_resolution,"This study aims to suggest practical considerations for designing protective clothing with increased visibility that will have higher user acceptance by law enforcement officers. Light-emitting diode(LED) patrol vests were visually and structurally assessed, and 125 police officers' responses from surveys about user...",no,cross_sectional_survey,thought_piece
doi:10.1002/sce.10128,10.1002/sce.10128,Developing views of nature of science in an authentic context: An explicit approach to bridging the gap between nature of science and scientific inquiry,2004,Science Education,biophilic,0,biophilia,unspecified_outcome,positive,,low,abstract_only_reduced_table,abstract_only;weak_variable_resolution,"Abstract Reform efforts emphasize teaching science to promote contemporary views of the nature of science (NOS) and scientific inquiry. Within the framework of situated cognition, the assertion is that engagement in inquiry activities similar to those of scientists provides a learning context conducive to developing...",no,cross_sectional_survey,interview_study
doi:10.20870/ijvr.2010.9.2.2767,10.20870/ijvr.2010.9.2.2767,"A Survey of Augmented Reality Technologies, Applications and Limitations",2010,International Journal of Virtual Reality,other,0,unspecified_environment,unspecified_outcome,unknown,,low,abstract_only_reduced_table,abstract_only;weak_variable_resolution,"A Survey of Augmented Reality Technologies, Applications and Limitations",no,cross_sectional_survey,unknown
doi:10.1111/area.12279,10.1111/area.12279,Socio‐economic profile and working conditions of freelancers in co‐working spaces and work collectives: evidence from the design sector in Greece,2016,Area,other,0,unspecified_environment,unspecified_outcome,unknown,,low,abstract_only_reduced_table,abstract_only;weak_variable_resolution,"Third places, such as business incubators, co‐working spaces and work collectives, represent a new ecosystem of collaborative working practices in the creative economy that alters significantly the spatial distribution of work and the notion of ‘workplace’. Collaborative workplaces emerged after the gradual collapse...",no,cross_sectional_survey,interview_study
doi:10.1109/jproc.2014.2299397,10.1109/jproc.2014.2299397,Millimeter-Wave Cellular Wireless Networks: Potentials and Challenges,2014,Proceedings of the IEEE,cognition,0,unspecified_environment,attention,positive,,low,abstract_only_reduced_table,abstract_only;weak_variable_resolution,Millimeter wave (mmW) frequencies between 30 and 300 GHz are a new frontier\nfor cellular communication that offers the promise of orders of magnitude\ngreater bandwidths combined with further gains via beamforming and spatial\nmultiplexing from multi-element antenna arrays. This paper surveys measurements\nand capa...,no,cross_sectional_survey,unknown
sha256:332c65e3e4db,,Study on the productivity in classroom (part 1) field survey on effects of air quality/thermal environment on learning performance,2006,,air,0,air_quality,productivity,unknown,,low,abstract_only_reduced_table,abstract_only,Summary: Many research papers have been published on the potential effects of indoor environmental quality of in classrooms and offices on productivity. This paper (Part 1) gives an outline of the series of this study and reports the results of field measurements focusing on the effect of the air quality and thermal...,no,cross_sectional_survey,unknown
doi:10.4103/2277-9531.134870,10.4103/2277-9531.134870,The effects of state anxiety and thermal comfort on sleep quality and eye fatigue in shift work nurses,2014,Journal of Education and Health Promotion,thermal,0,thermal,sleep,mixed,,medium,abstract_only_reduced_table,abstract_only,"Psychological problems as state anxiety (SA) in the work environment has negative effect on the employees life especially shift work nurses, i.e. negative effect on mental and physical health (sleep quality, eye fatigue and comfort thermal). The purpose of this study was determination of effects of state anxiety and...",no,cross_sectional_survey,empirical_v2
doi:10.1093/ije/dys064,10.1093/ije/dys064,Cohort Profile: The ‘Children of the 90s’—the index offspring of the Avon Longitudinal Study of Parents and Children,2012,International Journal of Epidemiology,other,0,unspecified_environment,unspecified_outcome,unknown,,low,abstract_only_reduced_table,abstract_only;weak_variable_resolution,"The Avon Longitudinal Study of Parents and Children (ALSPAC) is a transgenerational prospective observational study investigating influences on health and development across the life course. It considers multiple genetic, epigenetic, biological, psychological, social and other environmental exposures in relation to ...",no,cross_sectional_survey,observational_field
doi:10.1257/jep.24.1.203,10.1257/jep.24.1.203,Why Do Management Practices Differ across Firms and Countries?,2010,The Journal of Economic Perspectives,cognition,0,unspecified_environment,productivity,unknown,,low,abstract_only_reduced_table,abstract_only;weak_variable_resolution,"Economists have long puzzled over the astounding differences in productivity between firms and countries. In this paper, we present evidence on a possible explanation for persistent differences in productivity at the firm and the national level—namely, that such differences largely reflect variations in management p...",no,cross_sectional_survey,unknown
doi:10.1016/j.jenvp.2015.08.004,10.1016/j.jenvp.2015.08.004,The effect of noise absorption variation in open-plan offices: A field study with a cross-over design,2015,Journal of Environmental Psychology,acoustic,0,noise,stress,null,,medium,abstract_only_reduced_table,abstract_only,"Noise has repeatedly been shown to be one of the most recurrent reasons for complaints in open-plan office environments. The aim of the present study was to investigate if enhanced or worsened sound absorption in open-plan offices is reflected in the employees' ratings of disturbances, cognitive stress, and professi...",no,cross_sectional_survey,unknown
doi:10.1145/1279740.1279757,10.1145/1279740.1279757,"The acoustic, the digital and the body",2007,,acoustic,0,noise,attention,unknown,,low,abstract_only_reduced_table,abstract_only,"This paper reports on a survey conducted in the autumn of 2006 with the objective to understand people's relationship to their musical tools. The survey focused on the question of embodiment and its different modalities in the fields of acoustic and digital instruments. The questions of control, instrumental entropy...",no,cross_sectional_survey,phenomenological
doi:10.1080/09613218.2013.789951,10.1080/09613218.2013.789951,Do ‘green’ buildings have better indoor environments? New evidence,2013,Building Research & Information,thermal,0,thermal,attention,null,2545,medium,abstract_only_reduced_table,abstract_only;n=2545,"Abstract A post-occupancy evaluation (POE) of 12 green and 12 conventional office buildings across Canada and the northern United States was conducted. Occupants (N = 2545) completed an online questionnaire related to environmental satisfaction, job satisfaction and organizational commitment, health and well-being, ...",no,cross_sectional_survey,methods_protocol
doi:10.1111/ina.12196,10.1111/ina.12196,Self-reported health and comfort in ‘modern’ office buildings: first results from the European OFFICAIR study,2015,Indoor Air,acoustic,0,noise,stress,positive,,medium,abstract_only_reduced_table,abstract_only,"In the European research project OFFICAIR, a procedure was developed to determine associations between characteristics of European offices and health and comfort of office workers, through a checklist and a self-administered questionnaire including environmental, physiological, psychological, and social aspects. Thi...",no,cross_sectional_survey,unknown
doi:10.1121/1.3183377,10.1121/1.3183377,Modeling subjective evaluation of soundscape quality in urban open spaces: An artificial neural network approach,2009,The Journal of the Acoustical Society of America,acoustic,0,noise,productivity,positive,,medium,abstract_only_reduced_table,abstract_only,"This research aims to explore the feasibility of using computer-based models to predict the soundscape quality evaluation of potential users in urban open spaces at the design stage. With the data from large scale field surveys in 19 urban open spaces across Europe and China, the importance of various physical, beha...",no,cross_sectional_survey,case_study
doi:10.1109/jiot.2014.2306328,10.1109/jiot.2014.2306328,Internet of Things for Smart Cities,2014,IEEE Internet of Things Journal,cognition,0,unspecified_environment,attention,unknown,,low,abstract_only_reduced_table,abstract_only;weak_variable_resolution,"The Internet of Things (IoT) shall be able to incorporate transparently and seamlessly a large number of different and heterogeneous end systems, while providing open access to selected subsets of data for the development of a plethora of digital services. Building a general architecture for the IoT is hence a very ...",no,cross_sectional_survey,methods_protocol
doi:10.1103/revmodphys.81.387,10.1103/revmodphys.81.387,Artificial Brownian motors: Controlling transport on the nanoscale,2009,Reviews of Modern Physics,thermal,0,thermal,attention,unknown,,low,abstract_only_reduced_table,abstract_only,"In systems possessing spatial or dynamical symmetry breaking, Brownian motion combined with unbiased external input signals, deterministic and random alike, can assist directed motion of particles at submicron scales. In such cases, one speaks of ``Brownian motors.{''} In this review the constructive role of Brownia...",no,cross_sectional_survey,thought_piece
sha256:1440996bf1fb,,Noise Pollution Effects on Mental Fatigue and Noise Annoyance among Bank Staffs,2019,DOAJ (DOAJ: Directory of Open Access Journals),acoustic,0,noise,cognition,mixed,,medium,abstract_only_reduced_table,abstract_only,Noise discomfort is one of the important unpleasant physical parameters in open-plan offices. This study was aimed to investigate the status of noise pollution and its effects on subjective fatigue and noise annoyance among bank staffs. The equivalent sound pressure level (Lpeq.T) of 100 bank employees was determine...,no,cross_sectional_survey,unknown
doi:10.1121/1.1635837,10.1121/1.1635837,External and internal noise surveys of London primary schools,2004,The Journal of the Acoustical Society of America,acoustic,0,noise,mood,unknown,,low,abstract_only_reduced_table,abstract_only,"Internal and external noise surveys have been carried out around schools in London, UK, to provide information on typical levels and sources to which children are exposed while at school. Noise levels were measured outside 142 schools, in areas away from flight paths into major airports. Here 86% of the schools surv...",no,cross_sectional_survey,unknown
doi:10.1145/2750858.2807528,10.1145/2750858.2807528,Tiny habits in the giant enterprise,2015,,acoustic,0,noise,mood,unknown,,low,abstract_only_reduced_table,abstract_only,"We offer a reflection on the technology usage for workplace quantification through an in the wild study. Using a prototype Quantified Workplace system equipped with passive and participatory sensing modalities, we collected and visualized different workplace metrics (noise, color, air quality, self reported mood, an...",no,cross_sectional_survey,interview_study
doi:10.1136/oem.55.3.188,10.1136/oem.55.3.188,Epidemiology of sick building syndrome and its associated risk factors in Singapore.,1998,Occupational and Environmental Medicine,thermal,0,air_quality,stress,unknown,,low,abstract_only_reduced_table,abstract_only,"OBJECTIVES: To investigate the occurrence of sick building syndrome in a tropical city, and its relation to indoor air quality and other factors. METHODS: 2856 office workers in 56 randomly selected public and private sector buildings were surveyed. The study consisted of a self administered questionnaire assessing ...",no,cross_sectional_survey,unknown
doi:10.1080/01411899908574761,10.1080/01411899908574761,The sounds of<i>Myūjikku.</i>An exploration of concepts and classifications in Japanese Sound Aesthetics,1999,Journal of Musicological Research,acoustic,0,noise,unspecified_outcome,unknown,,low,abstract_only_reduced_table,abstract_only;weak_variable_resolution,"Abstract The parameters of Japanese concepts and classifications of music are examined to show how a variety of sounds are classified and understood through aesthetic experience in the Japanese soundscape. In particular, the discussion is concerned with concepts of sound aesthetics inside and outside conventional mu...",no,cross_sectional_survey,unknown
doi:10.1016/j.sbspro.2015.01.117,10.1016/j.sbspro.2015.01.117,Hospital Noise and Patients’ Wellbeing,2015,Procedia - Social and Behavioral Sciences,affect,0,noise,mood,negative,,medium,abstract_only_reduced_table,abstract_only,"Noise can produce an undesired physiological or psychological response in an individual and it has implications in chronic mental and physical health. This study's purpose was to confirm the relationship between hospital noise and patientś wellbeing, trough a descriptive design. It was performed in 84 patients (59.5...",no,cross_sectional_survey,unknown
sha256:d30640569816,,Biological response to noise and other physical stressors in places of entertainment.,1993,PubMed,acoustic,0,noise,stress,null,,medium,abstract_only_reduced_table,abstract_only,"The present study was designed in order to evaluate if the stressors produced in discotheques, and in particular high levels of noise, may lead to the impairment of some psychophysiological functions. The survey was carried out on 34 students who were exposed to noise in a discotheque (with levels ranging from 90 to...",no,cross_sectional_survey,unknown
doi:10.3766/jaaa.24.7.10,10.3766/jaaa.24.7.10,Some Factors Underlying Individual Differences in Speech Recognition on PRESTO: A First Report,2013,Journal of the American Academy of Audiology,cognition,0,air_quality,cognition,mixed,40,medium,abstract_only_reduced_table,abstract_only;n=40,"Background: Previous studies investigating speech recognition in adverse listening conditions have found extensive variability among individual listeners. However, little is currently known about the core underlying factors that influence speech recognition abilities. Purpose: To investigate sensory, perceptual, and...",no,cross_sectional_survey,unknown
doi:10.1044/0161-1461(2007/004),10.1044/0161-1461(2007/004),The Critical Shortage of Speech-Language Pathologists in the Public School Setting: Features of the Work Environment That Affect Recruitment and Retention,2007,Language Speech and Hearing Services in Schools,acoustic,0,unspecified_environment,attention,unknown,,low,abstract_only_reduced_table,abstract_only;weak_variable_resolution,Purpose The primary focus of this study was to elicit the perspectives of speech-language pathologists (SLPs) regarding features of the work environment that contribute to and/or hinder recruitment and retention in the public school setting. Method A questionnaire was distributed to SLPs employed in 10 school distri...,no,cross_sectional_survey,thought_piece
doi:10.3992/jgb.3.4.108,10.3992/jgb.3.4.108,Acoustical Evaluation of Six ‘Green’ Office Buildings,2008,Journal of Green Building,acoustic,0,noise,productivity,positive,,medium,abstract_only_reduced_table,abstract_only,"Abstract To explain the reactions of the building occupants to their acoustical environments, meetings with the designers, walk-through surveys, and detailed acoustical measurements were done. The objective was to determine how design decisions affect office acoustical environments, and how to improve the acoustical...",no,cross_sectional_survey,unknown
doi:10.1145/219717.219745,10.1145/219717.219745,CYC,1995,Communications of the ACM,other,0,unspecified_environment,unspecified_outcome,unknown,,low,abstract_only_reduced_table,abstract_only;weak_variable_resolution,"Since 1984, a person-century of effort has gone into building CYC, a universal schema of roughly 10 5 general concepts spanning human reality. Most of the time has been spent codifying knowledge about these concepts; approximately 10 6 commonsense axioms have been handcrafted for and entered into CYC's knowledge bas...",no,cross_sectional_survey,unknown
doi:10.1007/s12369-008-0001-3,10.1007/s12369-008-0001-3,"Measurement Instruments for the Anthropomorphism, Animacy, Likeability, Perceived Intelligence, and Perceived Safety of Robots",2008,International Journal of Social Robotics,other,0,unspecified_environment,unspecified_outcome,unknown,,low,abstract_only_reduced_table,abstract_only;weak_variable_resolution,"This study emphasizes the need for standardized measurement tools for human robot interaction (HRI). If we are to make progress in this field then we must be able to compare the results from different studies. A literature review has been performed on the measurements of five key concepts in HRI: anthropomorphism, a...",no,cross_sectional_survey,unknown
doi:10.3233/WOR-162362,10.3233/WOR-162362,Open plan offices as sociotechnical systems: What matters and to whom?,2016,"Work (Reading, Mass.)",acoustic,0,noise,unspecified_outcome,unknown,,low,abstract_only_reduced_table,abstract_only;weak_variable_resolution,"Open plan offices have proliferated for the past several decades with more and more workers being concentrated in office buildings. Several studies have identified a number of negative factors associated with open plan offices, and those include noise, speech interference, lack of privacy, and a perceived loss of co...",no,cross_sectional_survey,unknown
sha256:9708befe7d4b,,Free Speech Unmoored in Copyright’s Safe Harbor: Chilling Effects of the DMCA on the First Amendment,2010,,acoustic,0,biophilia,unspecified_outcome,null,,low,abstract_only_reduced_table,abstract_only;weak_variable_resolution,"Each week, more blog posts are redacted, more videos deleted, and more web pages removed from Internet search results based on private claims of copyright infringement. Under the safe harbors of the Digital Millennium Copyright Act (DMCA), Internet service providers are encouraged to respond to copyright complaints ...",no,cross_sectional_survey,unknown
sha256:d84ea951fc5c,,Explication and design of soundscape in urban landscape,2004,Journal of Zhejiang University(Engineering Science),acoustic,0,noise,cognition,unknown,,low,abstract_only_reduced_table,abstract_only,"In the traditional urban landscape design, visual sense is regarded as absolutely important while consideration of acoustic environment is inadequate. In order to promote a new viewpoint for urban landscape design and to enrich the design methods, the concept of soundscape was introduced. Combining sound components ...",no,cross_sectional_survey,conceptual_framework
doi:10.4103/nah.nah_102_25,10.4103/nah.nah_102_25,Acoustic Conditions and Student Perceptions in a Québec Classroom: A Case Study.,0,Noise & health,acoustic,0,noise,unspecified_outcome,unknown,,low,abstract_only_reduced_table,abstract_only;weak_variable_resolution,"Although several studies have reported negative impacts of classroom noise on learning, few have examined students' subjective perceptions of their acoustic environment. This cross-sectional observational case study of a single classroom explored how adolescents aged 12 to 13 years evaluated their classroom soundsca...",no,cross_sectional_survey,case_study
doi:10.1093/aje/kwu155,10.1093/aje/kwu155,Fine Particulate Matter Air Pollution and Cognitive Function Among Older US Adults,2014,American Journal of Epidemiology,cognition,0,daylight,attention,mixed,,medium,abstract_only_reduced_table,abstract_only,Existing research on the adverse health effects of exposure to pollution has devoted relatively little attention to the potential impact of ambient air pollution on cognitive function in older adults. We examined the cross-sectional association between residential concentrations of particulate matter with aerodynami...,no,cross_sectional_survey,theoretical
doi:10.1186/1476-069X-4-22,10.1186/1476-069X-4-22,Neuropsychological effects of chronic low-dose exposure to polychlorinated biphenyls (PCBs): a cross-sectional study.,2005,Environmental health : a global access science source,air,0,air_quality,mood,unknown,,low,abstract_only_reduced_table,abstract_only,Exposure to indoor air of private or public buildings contaminated with polychlorinated biphenyls (PCBs) has raised health concerns in long-term users. This exploratory neuropsychological group study investigated the potential adverse effects of chronic low-dose exposure to specific air-borne low chlorinated PCBs on...,no,cross_sectional_survey,empirical_v2
sha256:0e4b1c840076,,Review of studies on flight attendant health and comfort in airliner cabins.,2003,PubMed,thermal,0,air_quality,sleep,unknown,,low,abstract_only_reduced_table,abstract_only,"Most studies shared some weaknesses such as poor response rate, significant response bias, exclusive reliance on questionnaires, or limited analysis. Taken together, the studies indicate that various complaints and symptoms reported by FAs appear to be associated with their job duties and with the cabin environment....",no,cross_sectional_survey,unknown
doi:10.1111/j.1600-0668.1995.t01-3-00003.x,10.1111/j.1600-0668.1995.t01-3-00003.x,Individual and Occupational Correlates of the Sick Building Syndrome,1995,Indoor Air,air,0,air_quality,stress,unknown,,low,abstract_only_reduced_table,abstract_only,"Results of a questionnaire survey of 939 workers from 5 air-conditioned offices where smoking was prohibited are reported. Levels of carbon monoxide, carbon dioxide, formaldehde, respirable particulates, and temperature, relative humidity, and illuminance were measured in these buildings, but these did not correlate...",no,cross_sectional_survey,unknown
doi:10.1002/rcm.7400,10.1002/rcm.7400,An ultrahigh‐resolution mass spectrometry index to estimate natural organic matter lability,2015,Rapid Communications in Mass Spectrometry,other,0,unspecified_environment,unspecified_outcome,unknown,,low,abstract_only_reduced_table,abstract_only;weak_variable_resolution,"Rationale Determining the chemical constituents of natural organic matter (NOM) by Fourier Transform Ion Cyclotron Resonance Mass Spectrometry (FTICRMS) remains the ultimate measure for probing its source material, evolution, and transport; however, lability and the fate of organic matter (OM) in the environment rem...",no,cross_sectional_survey,unknown
doi:10.2478/jagi-2014-0001,10.2478/jagi-2014-0001,"Artificial General Intelligence: Concept, State of the Art, and Future Prospects",2014,Journal of Artificial General Intelligence,cognition,0,unspecified_environment,attention,unknown,,low,abstract_only_reduced_table,abstract_only;weak_variable_resolution,"Abstract In recent years broad community of researchers has emerged, focusing on the original ambitious goals of the AI field - the creation and study of software or hardware systems with general intelligence comparable to, and ultimately perhaps greater than, that of human beings. This paper surveys this diverse co...",no,cross_sectional_survey,thought_piece
doi:10.26686/wgtn.22114925,10.26686/wgtn.22114925,Let's Play,0,,affect,0,unspecified_environment,mood,unknown,,low,abstract_only_reduced_table,abstract_only;weak_variable_resolution,"Playfulness is an element which drives play and encourages us to interact with our surroundings in new ways. As with all mammals, humans, from birth, use play as a learning tool to develop our relationship with our environment and with each other. However, when we transition into adulthood playful interactions becom...",no,cross_sectional_survey,unknown
doi:10.1177/0960327107070575,10.1177/0960327107070575,"Personality, mental distress, and subjective health complaints among persons with environmental annoyance.",2007,Human & experimental toxicology,affect,0,unspecified_environment,stress,positive,29,low,abstract_only_reduced_table,abstract_only;n=29;weak_variable_resolution,"The aim of this study was to assess possible early determinants of idiopathic environmental intolerance (IEI), contributing to an integrated model for the development of IEI. Questionnaires concerning personality traits, current mental distress, subjective health complaints, work load and satisfaction, and options f...",no,cross_sectional_survey,unknown
doi:10.1177/0013916503261384,10.1177/0013916503261384,Linking the Spatial Syntax of Cognitive Maps to the Spatial Syntax of the Environment,2004,Environment and Behavior,cognition,0,unspecified_environment,cognition,unknown,,low,abstract_only_reduced_table,abstract_only;weak_variable_resolution,This article investigates the effects of the spatial configuration of the local environment on residents’ spatial cognitions of their built environment by examining the relationship between the spatial syntax of sketch maps and the spatial syntax of the environment. Hampstead Garden Suburb in London was investigated...,no,cross_sectional_survey,interview_study
doi:10.1177/0013916588201002,10.1177/0013916588201002,Cognitive Mapping in a Complex Building,1988,Environment and Behavior,cognition,0,unspecified_environment,cognition,positive,,low,abstract_only_reduced_table,abstract_only;weak_variable_resolution,"The Health Sciences Centre is a five-story hospital in which each floor is designed with a unique configuration. There are no main corridors in the hospital, nor any corridors that run the complete length of the hospital. Rooms are not rectangular and fail to follow any set pattern. Consequently it is easy to become...",no,cross_sectional_survey,empirical_v2
doi:10.3766/jaaa.15062,10.3766/jaaa.15062,Directional Processing and Noise Reduction in Hearing Aids: Individual and Situational Influences on Preferred Setting,2016,Journal of the American Academy of Audiology,cognition,0,noise,attention,mixed,,medium,abstract_only_reduced_table,abstract_only,"Background: A better understanding of individual differences in hearing aid (HA) outcome is a prerequisite for more personalized HA fittings. Currently, knowledge of how different user factors relate to response to directional processing (DIR) and noise reduction (NR) is sparse. Purpose: To extend a recent study lin...",no,cross_sectional_survey,unknown
doi:10.5539/jsd.v8n8p285,10.5539/jsd.v8n8p285,Spatial Configuration Based on Amount of Communication for Organizational Creativity in Interior Design Firms,2015,Journal of Sustainable Development,cognition,0,unspecified_environment,attention,unknown,,low,abstract_only_reduced_table,abstract_only;weak_variable_resolution,This study examined how physical office spaces can support the creation of knowledge related to creativity and to foster a communicative environment. This research aims to determine spatial configurations that can help facilitate communication for knowledge creation processes associated with creative works by focusi...,no,cross_sectional_survey,case_study
doi:10.1109/jsac.2009.090902,10.1109/jsac.2009.090902,Stochastic geometry and random graphs for the analysis and design of wireless networks,2009,IEEE Journal on Selected Areas in Communications,other,0,unspecified_environment,unspecified_outcome,unknown,,low,abstract_only_reduced_table,abstract_only;weak_variable_resolution,"Wireless networks are fundamentally limited by the intensity of the received signals and by their interference. Since both of these quantities depend on the spatial location of the nodes, mathematical techniques have been developed in the last decade to provide communication-theoretic results accounting for the netw...",no,cross_sectional_survey,theoretical
doi:10.1080/0965431042000267876,10.1080/0965431042000267876,"Nodes, networks and proximities: on the knowledge dynamics of the Medicon Valley biotech cluster",2004,European Planning Studies,other,0,unspecified_environment,attention,unknown,,low,abstract_only_reduced_table,abstract_only;weak_variable_resolution,Empirical research on the knowledge dynamics of biotechnology demonstrates a dual local-global knowledge flow pattern. The sector is characterised by strong spatial concentration around nodes of excellence that are interconnected through a global network. This requires a specification of the notion of proximity as a...,no,cross_sectional_survey,unknown
doi:10.1111/cobi.12397,10.1111/cobi.12397,Ten ways remote sensing can contribute to conservation,2014,Conservation Biology,affect,0,unspecified_environment,stress,positive,,low,abstract_only_reduced_table,abstract_only;weak_variable_resolution,"Abstract In an effort to increase conservation effectiveness through the use of Earth observation technologies, a group of remote sensing scientists affiliated with government and academic institutions and conservation organizations identified 10 questions in conservation for which the potential to be answered would...",no,cross_sectional_survey,unknown
doi:10.1103/revmodphys.72.167,10.1103/revmodphys.72.167,"The physics of fast<mml:math xmlns:mml=""http://www.w3.org/1998/Math/MathML"" display=""inline""><mml:mi>Z</mml:mi></mml:math>pinches",2000,Reviews of Modern Physics,thermal,0,thermal,attention,unknown,,low,abstract_only_reduced_table,abstract_only,"The spectacular progress made during the last few years in reaching high energy densities in fast implosions of annular current sheaths (fast Z pinches) opens new possibilities for a broad spectrum of experiments, from x-ray generation to controlled thermonuclear fusion and astrophysics. At present Z pinches are the...",no,cross_sectional_survey,empirical_v2
doi:10.1137/0705041,10.1137/0705041,On the Construction and Comparison of Difference Schemes,1968,SIAM Journal on Numerical Analysis,thermal,0,thermal,stress,positive,,medium,abstract_only_reduced_table,abstract_only,"Previous article Next article On the Construction and Comparison of Difference SchemesGilbert StrangGilbert Stranghttps://doi.org/10.1137/0705041PDFBibTexSections ToolsAdd to favoritesExport CitationTrack CitationsEmail SectionsAbout[1] J. Barkley Rosser, A Runge-Kutta for all seasons, SIAM Rev., 9 (1967), 417–452 1...",no,cross_sectional_survey,theoretical
doi:10.1017/s0890060400003310,10.1017/s0890060400003310,Innovative dome design: Applying geodesic patterns with shape annealing,1997,Artificial intelligence for engineering design analysis and manufacturing,spatial,0,spatial_layout,productivity,positive,,medium,abstract_only_reduced_table,abstract_only,"Abstract Shape annealing, a computational design method applied to structural design, has been extended to the design of traditional and innovative three-dimensional domes that incorporate the design goals of efficiency, economy, utility, and elegance. In contrast to deterministic structural optimization methods, sh...",no,cross_sectional_survey,empirical_v2
doi:10.3354/meps087239,10.3354/meps087239,Why do decapod crustaceans prefer small-sized molluscan prey?,1992,Marine Ecology Progress Series,other,0,unspecified_environment,unspecified_outcome,unknown,,low,abstract_only_reduced_table,abstract_only;weak_variable_resolution,A survey of studies examining crab and lobster predation on hard-shelled molluscs indicated that most predators prefer small-sized prey when offered a range of sizes.I suggest that this pattern of preference for small-sized prey can be explained by considering the mechanical cost of predation.If predation costs are ...,no,cross_sectional_survey,unknown
doi:10.5860/choice.51-2478,10.5860/choice.51-2478,Measuring urban design: metrics for livable places,2013,Choice Reviews Online,spatial,0,spatial_layout,mood,unknown,,low,abstract_only_reduced_table,abstract_only,"What makes strolling down a particular street enjoyable? The authors of Measuring Urban Design argue it's not an idle question. Inviting streets are the centrepiece of thriving, sustainable communities, but it can be difficult to pinpoint the precise design elements that make an area appealing. This accessible guide...",no,cross_sectional_survey,case_study
doi:10.1121/1.3438481,10.1121/1.3438481,Stage acoustics for symphony orchestras in concert halls,2010,The Journal of the Acoustical Society of America,acoustic,0,noise,mood,positive,,medium,abstract_only_reduced_table,abstract_only,"The main goals for this study were to better understand what are the acoustic conditions physically within a symphony orchestra on concert hall stages, how these physical conditions affect the players and ultimately how to design venues suitable for symphony orchestras. This was investigated through questionnaire su...",no,cross_sectional_survey,unknown
doi:10.3130/aija.81.831,10.3130/aija.81.831,EFFECTS OF LAYOUT AND COMMUNICATION ON THE CREATIVITY AND PSYCHOLOGICAL EVALUATION,2016,Journal of Architecture and Planning (Transactions of AIJ),spatial,0,spatial_layout,mood,positive,,medium,abstract_only_reduced_table,abstract_only,The aim of the study is to clarify the effect of layout and communication on personal creativity and psychological evaluation in study work space. Creativity means to create some product but not to do businesslike work. In last experiment an experiment was produced about businesslike work. Simulated experiments are ...,no,cross_sectional_survey,empirical_v2
doi:10.2307/3102660,10.2307/3102660,A History of Ottoman Architecture,1972,Technology and Culture,spatial,0,spatial_layout,unspecified_outcome,unknown,,low,abstract_only_reduced_table,abstract_only;weak_variable_resolution,"This survey of Ottoman architecture treats the subject chronologically and within its historical perspective, making reference to Byzantine, Persian and Selcuk examples. There is a discussion of the effects of conquests, religions and social organization, and alongside the descriptions of mosques are studies of the ...",no,cross_sectional_survey,thought_piece
doi:10.1186/1476-072x-13-11,10.1186/1476-072x-13-11,Measuring the impact of spatial network layout on community social cohesion: a cross-sectional study,2014,International Journal of Health Geographics,spatial,0,unspecified_environment,attention,unknown,,low,abstract_only_reduced_table,abstract_only;weak_variable_resolution,"There is now a substantial body of research suggesting that social cohesion, a collective characteristic measured by the levels of trust, reciprocity and formation of strong social bonds within communities, is an important factor in determining health. Of particular interest is the extent to which factors in the bui...",no,cross_sectional_survey,empirical_v2
doi:10.1086/210356,10.1086/210356,Systematic Social Observation of Public Spaces: A New Look at Disorder in Urban Neighborhoods,1999,American Journal of Sociology,light,0,unspecified_environment,unspecified_outcome,negative,,low,abstract_only_reduced_table,abstract_only;weak_variable_resolution,"This article assesses the sources and consequences of public disorder. Based on the videotaping and systematic rating of more than 23,000 street segments in Chicago, highly reliable scales of social and physical disorder for 196 neighborhoods are constructed. Census data, police records, and an independent survey of...",no,cross_sectional_survey,theoretical
doi:10.1108/03090561011047472,10.1108/03090561011047472,Building and measuring employee‐based brand equity,2010,European Journal of Marketing,cognition,0,unspecified_environment,cognition,positive,,low,abstract_only_reduced_table,abstract_only;weak_variable_resolution,"Purpose The purpose of this paper is to present the first known empirically‐tested model of Employee Based Brand Equity (EBBE). In doing so, it seeks to provide insight into how organisations can not only effectively manage the internal brand building‐process but also, more importantly, appreciate the subsequent emp...",no,cross_sectional_survey,thought_piece
doi:10.1038/s41598-025-34455-9,10.1038/s41598-025-34455-9,The construction and optimization of resilient community living sphere driven by digital twins.,2026,Scientific reports,spatial,0,spatial_layout,productivity,mixed,,medium,abstract_only_reduced_table,abstract_only,"Against the backdrop of global climate change and digital transformation in urban planning, enhancing community risk perception capabilities and developing the potential of community technology empowerment have become important issues in responding to sudden disasters and long-term risks. This study integrates digit...",no,cross_sectional_survey,conceptual_framework
doi:10.2105/ajph.87.9.1491,10.2105/ajph.87.9.1491,"Social capital, income inequality, and mortality.",1997,American Journal of Public Health,spatial,0,spatial_layout,unspecified_outcome,positive,,low,abstract_only_reduced_table,abstract_only;weak_variable_resolution,"OBJECTIVES: Recent studies have demonstrated that income inequality is related to mortality rates. It was hypothesized, in this study, that income inequality is related to reduction in social cohesion and that disinvestment in social capital is in turn associated with increased mortality. METHODS: In this cross-sect...",no,cross_sectional_survey,empirical_v2
doi:10.1080/02673030304245,10.1080/02673030304245,Building Competitiveness and Cohesion: The Role of New Housebuilding in Central Scotland's Cities,2003,Housing Studies,spatial,0,spatial_layout,attention,mixed,,medium,abstract_only_reduced_table,abstract_only,"Abstract This paper begins by mapping out the ways in which new private housebuilding may impinge on two of the key themes of contemporary urban policy, economic competitiveness and social cohesion. It then examines aspects of this relationship in more depth, drawing on evidence from Central Scotland. First, it cons...",no,cross_sectional_survey,unknown
doi:10.18085/llas.6.1.h0728270l7533862,10.18085/llas.6.1.h0728270l7533862,"Associations between Prosocial Behavior, Machiavellianism, and Social Status: Effects of Peer Norms and Classroom Social Contexts",2014,Journal of Latino/Latin American Studies,spatial,0,spatial_layout,attention,mixed,,medium,abstract_only_reduced_table,abstract_only,"The present study focused on prosocial behavior among Chilean adolescents, and its associations with social status and Machiavellianism. Considering classrooms as a social context in which interpersonal relationships unfold, we also analyzed the effects of friendship network density, degree of peer victimization, an...",no,cross_sectional_survey,unknown
doi:10.1093/aje/kwm040,10.1093/aje/kwm040,Assessing the Measurement Properties of Neighborhood Scales: From Psychometrics to Ecometrics,2007,American Journal of Epidemiology,other,0,unspecified_environment,unspecified_outcome,unknown,,low,abstract_only_reduced_table,abstract_only;weak_variable_resolution,"Most studies examining the relation between residential environment and health have used census-derived measures of neighborhood socioeconomic position (SEP). There is a need to identify specific features of neighborhoods relevant to disease risk, but few measures of these features exist, and their measurement prope...",no,cross_sectional_survey,methods_protocol
doi:10.1016/j.jenvman.2007.01.061,10.1016/j.jenvman.2007.01.061,Scenario-visualization for the assessment of perceived green space qualities at the urban-rural fringe.,2008,Journal of environmental management,biophilic,0,biophilia,unspecified_outcome,positive,,low,abstract_only_reduced_table,abstract_only;weak_variable_resolution,"The provision of green space is increasingly being perceived as an important factor for quality of life. However, green spaces often face high developmental pressure. The main objective of this study is to investigate a prospective approach to green space planning by combining three-dimensional (3D) visualization of...",no,cross_sectional_survey,unknown
doi:10.1080/08941920802628515,10.1080/08941920802628515,Urban Green Spaces: A Study of Place Attachment and Environmental Attitudes in India,2009,Society & Natural Resources,biophilic,0,biophilia,attention,null,219,medium,abstract_only_reduced_table,abstract_only;n=219,Urban green spaces are critical to urban sustainability yet receive little scientific or political attention. This study explored the effect of place attachment on environmental attitudes among urban green space users in India. Data were collected via an on-site survey administered in March 2006. Among the English-s...,no,cross_sectional_survey,unknown
doi:10.5860/crl.65.2.123,10.5860/crl.65.2.123,"Does the Building Still Matter? Usage Patterns in New, Expanded, and Renovated Libraries, 1995–2002",2004,College & Research Libraries,biophilic,0,biophilia,unspecified_outcome,positive,,low,abstract_only_reduced_table,abstract_only;weak_variable_resolution,"Since the mid-1990s, more than 390 academic institutions have constructed new libraries or have expanded, renovated, or reconfigured an existing library. Given current concern about the future of libraries and the nature of space needs, it is important to know what impact these improvements have had on use of the ph...",no,cross_sectional_survey,unknown
doi:10.1348/000709902158883,10.1348/000709902158883,"Choice is good, but relevance is excellent: Autonomy‐enhancing and suppressing teacher behaviours predicting students' engagement in schoolwork",2002,British Journal of Educational Psychology,biophilic,0,biophilia,mood,unknown,498,low,abstract_only_reduced_table,abstract_only;n=498,"Background and aims: This article examines two questions concerning teacher‐behaviours that are characterised in Self‐Determination Theory (Ryan &amp; Deci, 2000) as autonomy‐supportive or suppressive: (1) Can children differentiate among various types of autonomy‐enhancing and suppressing teacher behaviours? (2) Wh...",no,cross_sectional_survey,theoretical
sha256:040a7ce2eee8,,Euclid: Improving redshift distribution reconstruction using a deep-to-wide transfer function,2026,,light,0,daylight,unspecified_outcome,negative,,low,abstract_only_reduced_table,abstract_only;weak_variable_resolution,"The Euclid mission seeks to understand the Universe expansion history and the nature of dark energy, which requires a very accurate estimate of redshift distribution. Achieving this accuracy relies on reference samples with spectroscopic redshifts, together with a procedure to match them to survey sources for which ...",no,cross_sectional_survey,unknown
doi:10.3390/ijerph13060529,10.3390/ijerph13060529,Both Direct and Vicarious Experiences of Nature Affect Children’s Willingness to Conserve Biodiversity,2016,International Journal of Environmental Research and Public Health,affect,0,biophilia,mood,unknown,,low,abstract_only_reduced_table,abstract_only,"Children are becoming less likely to have direct contact with nature. This ongoing loss of human interactions with nature, the extinction of experience, is viewed as one of the most fundamental obstacles to addressing global environmental challenges. However, the consequences for biodiversity conservation have been ...",no,cross_sectional_survey,unknown
doi:10.1177/014662167700100306,10.1177/014662167700100306,The CES-D Scale,1977,Applied Psychological Measurement,other,0,unspecified_environment,unspecified_outcome,unknown,,low,abstract_only_reduced_table,abstract_only;weak_variable_resolution,The CES-D scale is a short self-report scale designed to measure depressive symptomatology in the general population. The items of the scale are symptoms associated with depression which have been used in previously validated longer scales. The new scale was tested in household interview surveys and in psychiatric s...,no,cross_sectional_survey,interview_study
doi:10.1210/jcem-6-2-117,10.1210/jcem-6-2-117,THE GENERAL ADAPTATION SYNDROME AND THE DISEASES OF ADAPTATION1,1946,The Journal of Clinical Endocrinology & Metabolism,biophilic,0,biophilia,stress,unknown,,low,abstract_only_reduced_table,abstract_only,"SINCE the first description of the “alarm reaction,” a decade ago, many publications have dealt with this phenomenon and with the “general adaptation syndrome,” of which it forms a part. It is becoming increasingly more obvious that certain physiologic mechanisms, in which the endocrin system plays a prominent part,...",no,cross_sectional_survey,theoretical
doi:10.3758/s13428-014-0509-4,10.3758/s13428-014-0509-4,"Affective norms for 1,586 polish words (ANPW): Duality-of-mind approach",2014,Behavior Research Methods,affect,0,unspecified_environment,mood,unknown,,low,abstract_only_reduced_table,abstract_only;weak_variable_resolution,"This article presents valence/pleasantness, activity/arousal, power/dominance, origin, subjective significance, and source-of-experience norms for 1,586 Polish words (primarily nouns), adapted from the Affective Norms for English Words list (1,040 words) and from my own previous research (546 words), regarding the d...",no,cross_sectional_survey,unknown
doi:10.3390/ijerph120707274,10.3390/ijerph120707274,"The Significance of Experiences of Nature for People with Parkinson’s Disease, with Special Focus on Freezing of Gait—The Necessity for a Biophilic Environment. A Multi-Method Single Subject Study",2015,International Journal of Environmental Research and Public Health,biophilic,0,biophilia,mood,unknown,,low,abstract_only_reduced_table,abstract_only,"Freezing of Gait (FOG) is a common condition in people with Parkinson’s disease (PD). FOG entails suddenly experiencing difficulties moving or feeling that one’s feet are as glued to the ground. It is triggered, e.g., when passing through doorways. Earlier studies suggest that being in natural environments affects F...",no,cross_sectional_survey,interview_study
doi:10.17086/jts.2021.45.7.59.80,10.17086/jts.2021.45.7.59.80,Validating Attention Restoration Theory: Testing the Control Effect of the Level of Cognitive Load of Everyday Life and Crowding of a Forest Visited,2021,,restoration,0,unspecified_environment,attention,unknown,,low,abstract_only_reduced_table,abstract_only;weak_variable_resolution,This study examines the validity of the attention restoration theory by exploring the relationship between perception of recovery environment and psychological effect. It was also investigated whether the level of cognitive load in everyday life and the level of perception of congestion at the place of visit act as ...,no,cross_sectional_survey,theoretical
doi:10.1080/07481187.2024.2400361,10.1080/07481187.2024.2400361,Bereavement dyadic coping questionnaire: Development and validation,2024,Death Studies,restoration,0,unspecified_environment,attention,unknown,,low,abstract_only_reduced_table,abstract_only;weak_variable_resolution,"Abstract Most theories and empirical studies of bereavement coping focus on the individual, although researchers have highlighted the importance of family-level coping and proposed the concept of bereavement dyadic coping (BDC). We developed and validated a 25-item Bereavement Dyadic Coping Questionnaire (BDCQ). The...",no,cross_sectional_survey,unknown
doi:10.5334/IRSP.8,10.5334/IRSP.8,Measuring Belief in Conspiracy Theories: Validation of a French and English Single-Item Scale,2016,,other,0,unspecified_environment,unspecified_outcome,unknown,555,low,abstract_only_reduced_table,abstract_only;n=555;weak_variable_resolution,"We designed, in French and in English, a single-item scale to measure people’s general tendency to believe in conspiracy theories. The validity and reliability of this scale was assessed in 3 studies (total N = 555). In Study 1 ( N = 152), positive correlations between the single-item scale and 3 other conspiracy be...",no,cross_sectional_survey,unknown
doi:10.1177/07356331221081753,10.1177/07356331221081753,The Competent Computational Thinking Test: Development and Validation of an Unplugged Computational Thinking Test for Upper Primary School,2022,Journal of educational computing research,cognition,0,unspecified_environment,attention,unknown,,low,abstract_only_reduced_table,abstract_only;weak_variable_resolution,"With the increasing importance of Computational Thinking (CT) at all levels of education, it is essential to have valid and reliable assessments. Currently, there is a lack of such assessments in upper primary school. That is why we present the development and validation of the competent CT test (cCTt), an unplugged...",no,cross_sectional_survey,interview_study
doi:10.1111/jocn.70181,10.1111/jocn.70181,Clinical Nurses' Attitudes and Self-Reported Practices of Family Nursing in Japan Following COVID-19 Visitation Restrictions: A Cross-Sectional Study.,2025,Journal of clinical nursing,cognition,0,unspecified_environment,attention,unknown,,low,abstract_only_reduced_table,abstract_only;weak_variable_resolution,To examine clinical nurses' attitudes towards and self-reported experiences of family nursing in Japan following the relaxation of COVID-19 visitation restrictions. Particular attention is paid to early career nurses whose formative training occurred during visitation bans. The study focused on nurses' negative perc...,no,cross_sectional_survey,empirical_v2
doi:10.3390/ijerph22091458,10.3390/ijerph22091458,Development and Validity Evaluation of the Index of Social Work Process in Promoting Social Participation of Welfare Recipients (SWP-PSP) in Japan.,2025,International journal of environmental research and public health,other,0,unspecified_environment,unspecified_outcome,unknown,,low,abstract_only_reduced_table,abstract_only;weak_variable_resolution,"Social workers are required to have the capacity to effectively support welfare recipients to restore their labor participation for social inclusion. However, a systematic method for process evaluation of this capacity has not yet been established. In this study, we developed the Index of Social Work Process in Prom...",no,cross_sectional_survey,theoretical
doi:10.3846/jau.2022.16158,10.3846/jau.2022.16158,A STUDY OF RESTORATIVE POTENTIAL IN WINDOW VIEWS ADOPTING KAPLAN’S ATTENTION RESTORATION THEORY AND URBAN VISUAL PREFERENCES DEFINED BY LYNCH,2022,Journal of Architecture and Urbanism,restoration,0,unspecified_environment,attention,unknown,,low,abstract_only_reduced_table,abstract_only;weak_variable_resolution,"Window views can enable restorativeness. Previous studies define characteristics of natural environment that trigger restorativeness, but fewer studies are dealing with restorative characteristics of urban environment. The purpose of this study is to identify qualities that enable restorativeness in natural and urba...",no,cross_sectional_survey,theoretical
sha256:254112e0e1f0,,Psychosocially supportive design in the indoor environment,2006,"Publications (Konstfack University of Arts, Crafts, and Design)",affect,0,daylight,mood,positive,,medium,abstract_only_reduced_table,abstract_only,"A built environment is psychosocially supportive, when its quality can strengthen or sustain the ability of an individual to perform his/her role, conduct him-/herself in society, and communicate or interact with others in accordance to his/her values, interest, and self-concept. The aim of this thesis was to invest...",no,cross_sectional_survey,thought_piece
doi:10.3390/buildings15193439,10.3390/buildings15193439,How Restorative Design in Aquatic Center Enhances User Learning Engagement: The Critical Role of Attention Restoration: An Environmental Psychology Approach with Implications for Sports Buildings,2025,Buildings,restoration,0,biophilia,attention,unknown,,low,abstract_only_reduced_table,abstract_only,"With the increasing depth of research on built environments, theories of restorative environments and concepts of biophilic design have garnered widespread attention in the field of architecture. Based on Attention Restoration Theory (ART) and Flow Theory, this study systematically investigates how the architectural...",no,cross_sectional_survey,conceptual_framework
doi:10.1016/j.actpsy.2025.105868,10.1016/j.actpsy.2025.105868,Effect of calligraphic landscapes in tourist destinations on the psychological recovery of tourists.,2025,Acta psychologica,restoration,0,unspecified_environment,attention,positive,,low,abstract_only_reduced_table,abstract_only;weak_variable_resolution,"Although the role of cultural landscapes in psychological recovery among tourists is increasingly discussed, calligraphic landscapes, as widespread traditional cultural symbols of Chinese tourist destinations, have received little attention. Drawing on theories of environmental psychology, this study empirically inv...",no,cross_sectional_survey,theoretical
doi:10.1136/bmjopen-2025-105499,10.1136/bmjopen-2025-105499,"Geographic environments, daily activities and stress in Luxembourg (the FragMent study): a protocol combining map-based questionnaires, geographically explicit ecological momentary assessment and vocal biomarkers of stress.",2025,BMJ open,affect,0,unspecified_environment,stress,unknown,,low,abstract_only_reduced_table,abstract_only;weak_variable_resolution,"Stress is nearly ubiquitous in everyday life; however, it imposes a tremendous burden worldwide by acting as a risk factor for most physical and mental diseases. The effects of geographic environments on stress are supported by multiple theories acknowledging that natural environments act as a stress buffer and prov...",no,cross_sectional_survey,methods_protocol
doi:10.1371/journal.pmed.1002636,10.1371/journal.pmed.1002636,Understanding preferences for HIV care and treatment in Zambia: Evidence from a discrete choice experiment among patients who have been lost to follow-up,2018,PLoS Medicine,cognition,0,unspecified_environment,attention,mixed,,low,abstract_only_reduced_table,abstract_only;weak_variable_resolution,"Background In public health HIV treatment programs in Africa, long-term retention remains a challenge. A number of improvement strategies exist (e.g., bring services closer to home, reduce visit frequency, expand hours of clinic operation, improve provider attitude), but implementers lack data about which to priorit...",no,cross_sectional_survey,empirical_v2
doi:10.3390/geosciences8030100,10.3390/geosciences8030100,An Emerging Paradigm for the UNESCO Global Geoparks: The Ecosystem’s Health Provision,2018,Geosciences,light,0,daylight,mood,positive,,medium,abstract_only_reduced_table,abstract_only,"During the 38th General Conference of UNESCO, the Member States ratified the creation of the International Geoscience and Geoparks Programme (IGGP) expressing governmental recognition of the importance of managing outstanding geological sites and landscapes in a holistic manner. In this context, the importance of hu...",no,cross_sectional_survey,unknown
doi:10.30574/ijsra.2024.12.2.1503,10.30574/ijsra.2024.12.2.1503,High-performance Work Systems and Recovery Experiences: An Empirical Study,2024,International Journal of Science and Research Archive,affect,0,unspecified_environment,stress,mixed,,low,abstract_only_reduced_table,abstract_only;weak_variable_resolution,"High-performance work systems practices increase employee performance, but can they also help employees recover from work-related stress and improve their well-being and productivity? In order to foster resilient workers, stress and anxiety must be reduced whenever feasible. This important but minimally discussed pr...",no,cross_sectional_survey,unknown
doi:10.1186/s40359-023-01066-w,10.1186/s40359-023-01066-w,The sound of stress recovery: an exploratory study of self-selected music listening after stress,2023,BMC Psychology,acoustic,0,noise,stress,unknown,470,low,abstract_only_reduced_table,abstract_only;n=470,"Background Empirical support for the notion that music listening is beneficial for stress recovery is inconclusive, potentially due to the methodological diversity with which the effects of music on stress recovery have been investigated. Little is presently known about which recovery activities are chosen by indivi...",no,cross_sectional_survey,methods_protocol
doi:10.36948/ijfmr.2024.v06i04.26229,10.36948/ijfmr.2024.v06i04.26229,The Impact of Recovery Experiences on Employees Health: an Empirical Study on IT Sector,2024,International Journal For Multidisciplinary Research,restoration,0,unspecified_environment,stress,positive,,low,abstract_only_reduced_table,abstract_only;weak_variable_resolution,"In the contemporary world, never-ending work can create numerous challenges for employees, including maintaining good health and well-being. Literature supports that workaholic employees compromise their health to establish their efficiency. The study is an attempt to discuss the recovery experiences that can be fol...",no,cross_sectional_survey,unknown
doi:10.1017/s1049023x2300434x,10.1017/s1049023x2300434x,Digital Psychological Support Systems for Post-Disaster Reconstruction in Japan: Empirical Study on the Effectiveness of the me-fullness® Application,2023,Prehospital and Disaster Medicine,affect,0,unspecified_environment,stress,positive,,low,abstract_only_reduced_table,abstract_only;weak_variable_resolution,"Introduction: Asia is one of the regions most affected by natural disasters such as major typhoons. In Japan, recovery from natural disasters is said to take more than 10 years, and local government officials are primarily responsible for this recovery. In this study, we investigated the effectiveness of the me-full...",no,cross_sectional_survey,unknown
doi:10.3390/ijerph15071371,10.3390/ijerph15071371,Is Nature Relatedness Associated with Better Mental and Physical Health?,2018,International Journal of Environmental Research and Public Health,affect,0,biophilia,stress,mixed,,medium,abstract_only_reduced_table,abstract_only,"Nature relatedness is a psychological characteristic with the potential to drive interaction with nature and influence well-being. We surveyed 1538 people in Brisbane, Australia to investigate how nature relatedness varies among socio-demographic groups. We determined whether people with higher nature relatedness re...",no,cross_sectional_survey,unknown
doi:10.35774/pis2025.01.091,10.35774/pis2025.01.091,"Psychological structure of professional responsibility of a personality: programme, psychodiagnostics, experiment",2025,Psihologìâ ì suspìlʹstvo,cognition,0,biophilia,attention,positive,,medium,abstract_only_reduced_table,abstract_only,"The fundamental empirical study was carried out according to the act-canonical organisational scheme of preparation, conduct and comprehension of the results of a multidimensional search to identify the facts, patterns and features of the formation of a harmonised psychological structure of professional responsibili...",no,cross_sectional_survey,theoretical
doi:10.3389/fpsyt.2017.00302,10.3389/fpsyt.2017.00302,Assessing Social Cognition of Persons with Schizophrenia in a Chinese Population: A Pilot Study,2018,Frontiers in Psychiatry,restoration,0,unspecified_environment,cognition,unknown,,low,abstract_only_reduced_table,abstract_only;weak_variable_resolution,"Social cognition is a core limiting factor of functional recovery among persons with schizophrenia. However, there is a lack of standardized and culturally relevant assessment tools for evaluating social cognitive performance in Chinese persons with schizophrenia. The purposes of this study were to (1) develop and v...",no,cross_sectional_survey,theoretical
doi:10.17705/1cais.01250,10.17705/1cais.01250,"The Technology Acceptance Model: Past, Present, and Future",2003,Communications of the Association for Information Systems,other,0,unspecified_environment,unspecified_outcome,unknown,,low,abstract_only_reduced_table,abstract_only;weak_variable_resolution,"While the technology acceptance model (TAM), introduced in 1986, continues to be the most widely applied theoretical model in the IS field, few previous efforts examined its accomplishments and limitations. This study traces TAM's history, investigates its findings, and cautiously predicts its future trajectory. One...",no,cross_sectional_survey,theoretical
doi:10.17615/gfpd-y976,10.17615/gfpd-y976,The Social Cognition Psychometric Evaluation Study: Results of the Expert Survey and RAND Panel,2020,UNC Libraries,affect,0,unspecified_environment,mood,mixed,,low,abstract_only_reduced_table,abstract_only;weak_variable_resolution,"Background: In schizophrenia, social cognition is strongly linked to functional outcome and is increasingly seen as a viable treatment target. The goal of the Social Cognition Psychometric Evaluation (SCOPE) study is to identify and improve the best existing measures of social cognition so they can be suitably appli...",no,cross_sectional_survey,theoretical
doi:10.3389/fpsyg.2025.1661940,10.3389/fpsyg.2025.1661940,Development and validation of the pandemic fear perception and adaptability scale,2025,Frontiers in Psychology,affect,0,unspecified_environment,stress,unknown,,low,abstract_only_reduced_table,abstract_only;weak_variable_resolution,Introduction Individuals exhibit specific behavioral responses to fear and stress. The Pandemic Fear Perception and Adaptability Scale (PFPA) is a novel instrument designed to assess fear perception and behavioral adaptability in the context of pandemics. Methods A cross-sectional survey was conducted with 923 parti...,no,cross_sectional_survey,theoretical
doi:10.37815/rte.v37n2.1310,10.37815/rte.v37n2.1310,"Piloting, Validation, and Definition of a Self-Perception Instrument for University Teachers' Digital Competencies in English Language Teaching in Costa Rica",2025,Revista Tecnológica - ESPOL,cognition,0,unspecified_environment,attention,unknown,,low,abstract_only_reduced_table,abstract_only;weak_variable_resolution,"This study aimed to develop, validate, and define a self-perception instrument to assess the digital competencies of university teachers in English language teaching in Costa Rica. Based on previous research hand theoretical frameworks on digital competencies, a questionnaire was constructed, focusing on key dimensi...",no,cross_sectional_survey,conceptual_framework
doi:10.3390/healthcare13131566,10.3390/healthcare13131566,Modification and Validation of the Chinese Short-Form Aging Perception Questionnaire: A Psychometric Analysis,2025,Healthcare,cognition,0,unspecified_environment,cognition,positive,,low,abstract_only_reduced_table,abstract_only;weak_variable_resolution,Background/Objectives: A reasonable assessment of the self-perception of aging (SPA) is of great significance to the health outcomes of older adults. This study aimed to develop the Modified Aging Perception Questionnaire (M-APQ) and to verify its psychometric properties. Methods: A multi-method study was conducted....,no,cross_sectional_survey,interview_study
doi:10.31357/fesympo.v22i0.3401,10.31357/fesympo.v22i0.3401,Influence of Gender on Perception of Landscape: A Study of Viharamahadevi Park in Colombo,2018,Proceedings of International Forestry and Environment Symposium,biophilic,0,biophilia,unspecified_outcome,positive,,low,abstract_only_reduced_table,abstract_only;weak_variable_resolution,"This study investigates the influence of gender on perception of landscape, with reference to the Viharamahadevi Park in Colombo. The exiting literature suggests that there is a difference in perception of landscapes in reference to the gender of the user. Perception theories with emphases on visual perception aspec...",no,cross_sectional_survey,case_study
doi:10.3390/architecture4020021,10.3390/architecture4020021,Teacher and Parent Perception of Biophilic Conditions in Primary-School Environments and Their Impact on Children’s Wellbeing,2024,Architecture,biophilic,0,biophilia,productivity,positive,,medium,abstract_only_reduced_table,abstract_only,"The term “biophilia” refers to the intrinsic affinity that humans have towards nature, natural elements and natural processes. Biophilic design theories suggest that the introduction or representation of natural characteristics or elements into the built environment can help enhance people’s health and wellbeing. Pr...",no,cross_sectional_survey,case_study
doi:10.3390/buildings15193626,10.3390/buildings15193626,The Perception and Performance of Wood in Relation to Tourist Experience—A Pilot Study,2025,Buildings,biophilic,0,biophilia,mood,positive,37,medium,abstract_only_reduced_table,abstract_only;n=37,"This article explores how natural wood materials—especially untreated or minimally treated timber—are perceived and experienced during tourist experiences in recreational and tourism-oriented built environments. Drawing on principles of biophilic design and cultural theories of authenticity, the study examines both ...",no,cross_sectional_survey,theoretical
doi:10.1186/s40410-018-0079-3,10.1186/s40410-018-0079-3,An empirical research study on prospect–refuge theory and the effect of high-rise buildings in a Japanese garden setting,2018,"City, Territory and Architecture",affect,0,unspecified_environment,mood,unknown,,low,abstract_only_reduced_table,abstract_only;weak_variable_resolution,"This study was carried out to test prospect–refuge theory and the effect of external high-rise buildings on landscape preferences in a traditional Japanese daimyo (feudal lords) garden, namely, the Hama-rikyu Gardens located in Tokyo, Japan. Eight sites in the garden were selected to be tested with respect to their ...",no,cross_sectional_survey,theoretical
doi:10.1111/jcom.12273,10.1111/jcom.12273,Organizational Media Affordances: Operationalization and Associations with Media Use,2017,Journal of Communication,other,0,unspecified_environment,unspecified_outcome,unknown,,low,abstract_only_reduced_table,abstract_only;weak_variable_resolution,"The concept of affordances has been increasingly applied to the study of information and communication technologies (ICTs) in organizational contexts. However, almost no research operationalizes affordances, limiting comparisons and programmatic research. This article briefly reviews conceptualizations and possibili...",no,cross_sectional_survey,unknown
doi:10.12677/ap.2025.158475,10.12677/ap.2025.158475,An Empirical Study on Fragmented Learning among Science and Engineering Undergraduates from the Perspective of Cognitive Ecology,2025,Advances in Psychology,biophilic,0,biophilia,stress,positive,,medium,abstract_only_reduced_table,abstract_only,"Against the backdrop of the digital era’s educational transformation, the phenomenon of fragmented learning is pervasive among science and engineering undergraduates, yet there exists a tension between their demand for systematic knowledge and the fragmented nature of their learning practices. Drawing on Gibson’s th...",no,cross_sectional_survey,mixed_methods
sha256:61393fef2892,,The Teaching Green School Building: Exploring the Contributions of School Design to Informal Environmental Education.,2013,Deep Blue (University of Michigan),biophilic,0,unspecified_environment,productivity,positive,,low,abstract_only_reduced_table,abstract_only;weak_variable_resolution,The Teaching Green Building (TGB) is emerging as a way to engage building occupants in environmental themes through the architectural design of buildings. These buildings aspire to high levels of environmental performance and invite occupants to participate in the environmental story of the building and its day-to-d...,no,cross_sectional_survey,thought_piece
doi:10.1596/41138,10.1596/41138,Telescoping Error in Recalled Food Consumption: Evidence from a Survey Experiment in Ethiopia,2022,,other,0,unspecified_environment,unspecified_outcome,positive,,low,abstract_only_reduced_table,abstract_only;weak_variable_resolution,"Telescoping errors occur if survey respondents misdate events from outside the reference period and include them in their recall. Concern about telescoping influenced the design of early Living Standards Measurement Study (LSMS) surveys, which used a two-visit interview format to bound food consumption recall. This ...",no,cross_sectional_survey,interview_study
doi:10.2499/p15738coll2.134161,10.2499/p15738coll2.134161,Telescoping Causes Overstatement in Recalled Food Consumption: Evidence from a Survey Experiment in Ethiopia,2020,,other,0,unspecified_environment,unspecified_outcome,positive,,low,abstract_only_reduced_table,abstract_only;weak_variable_resolution,"Telescoping errors occur if survey respondents misdate consumption or expenditure episodes by including events from outside the reference period in their recall. Concern about telescoping influenced the design of early Living Standards Measurement Study (LSMS) surveys, which used a two-visit interview format to allo...",no,cross_sectional_survey,interview_study
doi:10.1080/13504622.2020.1736991,10.1080/13504622.2020.1736991,Self-perceived action competence for sustainability: the theoretical grounding and empirical validation of a novel research instrument,2020,Environmental Education Research,other,0,unspecified_environment,unspecified_outcome,unknown,,low,abstract_only_reduced_table,abstract_only;weak_variable_resolution,"This study contributes to an operationalization of the concept of action competence for sustainability through the theoretical development and empirical validation of a new 12-item Likert-scale questionnaire: the Self-Perceived Action Competence for Sustainability Questionnaire, SPACS-Q. Other scales in environmenta...",no,cross_sectional_survey,theoretical
doi:10.1007/s10994-023-06353-6,10.1007/s10994-023-06353-6,"A survey on learning from imbalanced data streams: taxonomy, challenges, empirical study, and reproducible experimental framework",2022,Machine-mediated learning,other,0,unspecified_environment,unspecified_outcome,unknown,,low,abstract_only_reduced_table,abstract_only;weak_variable_resolution,"Class imbalance poses new challenges when it comes to classifying data streams. Many algorithms recently proposed in the literature tackle this problem using a variety of data-level, algorithm-level, and ensemble approaches. However, there is a lack of standardized and agreed-upon procedures and benchmarks on how to...",no,cross_sectional_survey,conceptual_framework
doi:10.1109/ICSE48619.2023.00188,10.1109/ICSE48619.2023.00188,An Empirical Study of Deep Learning Models for Vulnerability Detection,2022,International Conference on Software Engineering,other,0,unspecified_environment,productivity,positive,,low,abstract_only_reduced_table,abstract_only;weak_variable_resolution,"Deep learning (DL) models of code have recently reported great progress for vulnerability detection. In some cases, DL-based models have outperformed static analysis tools. Although many great models have been proposed, we do not yet have a good understanding of these models. This limits the further advancement of m...",no,cross_sectional_survey,empirical_v2
doi:10.1016/j.socscimed.2026.118950,10.1016/j.socscimed.2026.118950,A study on user satisfaction with medical devices for the elderly: The case of blood pressure monitors.,2026,Social science & medicine (1982),cognition,0,unspecified_environment,cognition,mixed,,low,abstract_only_reduced_table,abstract_only;weak_variable_resolution,"Against the backdrop of global population ageing, cognitive decline not only limits the quality of life for older adults but also presents a critical challenge to their independent and safe use of health monitoring tools. In this context, this study uses blood pressure monitors as an example to systematically analys...",no,cross_sectional_survey,interview_study
doi:10.3791/69602,10.3791/69602,Spatial Heterogeneity in Carbon Footprint from Belt and Road Investments Assessed Through a Cross-Sectional Autoregressive Distributed Lag Model.,2025,Journal of visualized experiments : JoVE,biophilic,0,biophilia,attention,positive,,medium,abstract_only_reduced_table,abstract_only,"This study aims to empirically investigate the multifaceted impact of China's infrastructure-led foreign direct investment (FDI), tourism development, and technological innovation on carbon emissions within Belt and Road Initiative (BRI) participant countries. Moving beyond aggregate analysis, the research specifica...",no,cross_sectional_survey,empirical_v2
doi:10.1080/24751448.2018.1497377,10.1080/24751448.2018.1497377,Nature and the City: Measuring the Attention Restoration Benefits of Singapore’s Urban Vertical Greenery,2018,Technology|Architecture + Design,restoration,0,biophilia,stress,unknown,,low,abstract_only_reduced_table,abstract_only,"A considerable amount of research has shown that views of nature can provide psychological benefits. Attention restoration—short, mentally restorative moments away from difficult tasks (Kaplan 1995)—is one such benefit with far-reaching consequences. Attention Restoration Theory provides an analysis of the kinds of ...",no,cross_sectional_survey,conceptual_framework
doi:10.1108/arch-09-2023-0242,10.1108/arch-09-2023-0242,The impact of outdoor environments in public rental housing complexes on residents’ psychological restoration,2024,Archnet-IJAR,restoration,0,unspecified_environment,attention,unknown,,low,abstract_only_reduced_table,abstract_only;weak_variable_resolution,"PurposeThis study examines the impact of outdoor environments in public rental housing complexes on residents’ psychological restoration, taking into account the interconnectedness of physical and psychological factors in human health. Drawing on Kaplan and Kaplan’s Attention Restoration Theory and Ulrich’s Supporti...",no,cross_sectional_survey,theoretical
doi:10.32523/2616-6895-2024-149-4-422-441,10.32523/2616-6895-2024-149-4-422-441,Restorative Outcome Scale by K. Korpela et al. (ROS): adaptation and preliminary psychometric evaluation,2024,BULLETIN of the L N Gumilyov Eurasian National University PEDAGOGY PSYCHOLOGY SOCIOLOGY Series,restoration,0,biophilia,cognition,positive,,medium,abstract_only_reduced_table,abstract_only,"The concept of recovery is a psychological construct that is widely used in studies of human 
contact with nature. The construct has a range of interpretations, the most accepted one is cognitiveaffective normalization after stress and/or mental fatigue. Among self-report measures of restoration, 
a distinction is m...",no,cross_sectional_survey,theoretical
doi:10.3390/su14063670,10.3390/su14063670,Can Nature-Based Solutions (NBSs) for Stress Recovery in Green Hotels Affect Re-Patronage Intention?,2022,Sustainability,restoration,0,unspecified_environment,stress,unknown,,low,abstract_only_reduced_table,abstract_only;weak_variable_resolution,"Our research framework in this paper investigated natural-based solutions (NBSs) at green hotels. We employed attention restoration theory (ART) to test the mediating effect of perceived stress (PS), psychological wellness (PW), satisfaction (SA), and the moderating effect of health consciousness (HC) on re-patronag...",no,cross_sectional_survey,conceptual_framework
doi:10.54929/3041-2390-2025-05-02-02,10.54929/3041-2390-2025-05-02-02,The Role of Family Environment and Social Support in the Process of Psychological Recovery of Combat Participants,2025,"Bulletin of the Academy of Labor, Social Relations and Tourism. Series: Economics, Psychology and Management",affect,0,daylight,stress,mixed,,medium,abstract_only_reduced_table,abstract_only,"The article is devoted to analysing the key role of family environment and social support in the psychological recovery of combatants. Against the backdrop of the ongoing military conflict in Ukraine, the issue of effective reintegration of veterans is particularly relevant, as they often face post-traumatic stress ...",no,cross_sectional_survey,interview_study
doi:10.3390/su17135851,10.3390/su17135851,Exploring the Effects of Window Design on the Restorative Potential of Movable Smart Co-Working Offices in Small Village Environments Through Immersive Virtual Reality,2025,Sustainability,restoration,0,daylight,mood,mixed,,medium,abstract_only_reduced_table,abstract_only,"As remote and hybrid work models continue to grow, the design of workspaces and their surrounding environments has gained even more importance. This study explores the impact of window design on the restorative potential of Prefabricated Movable Buildings (PMBs) of smart/co-working located in small villages. Using I...",no,cross_sectional_survey,unknown
doi:10.14214/df.31,10.14214/df.31,The visual preferences for forest regeneration and field afforestation - four case studies in Finland,2006,Dissertationes Forestales,other,0,unspecified_environment,unspecified_outcome,unknown,,low,abstract_only_reduced_table,abstract_only;weak_variable_resolution,"The overall aim of this dissertation was to study the public's preferences for forest regeneration fellings and field afforestations, as well as to find out the relations of these preferences to landscape management instructions, to ecological healthiness, and to the contemporary theories for predicting landscape pr...",no,cross_sectional_survey,unknown
doi:10.1073/pnas.1418490112,10.1073/pnas.1418490112,"Evening use of light-emitting eReaders negatively affects sleep, circadian timing, and next-morning alertness",2015,,light,0,unspecified_environment,sleep,mixed,,low,abstract_only_reduced_table,abstract_only;weak_variable_resolution,"Significance
            The use of light-emitting electronic devices for reading, communication, and entertainment has greatly increased recently. We found that the use of these devices before bedtime prolongs the time it takes to fall asleep, delays the circadian clock, suppresses levels of the sleep-promoting hor...",yes,cross_sectional_survey,empirical_v2
doi:10.1145/2556288.2557008,10.1145/2556288.2557008,Opportunities for odor: experiences with smell and implications for technology,2014,,affect,0,unspecified_environment,mood,positive,,low,abstract_only_reduced_table,abstract_only;weak_variable_resolution,"Technologies for capturing and generating smell are emerging, and our ability to engineer such technologies and use them in HCI is rapidly developing. Our understanding of how these technologies match the experiences with smell that people have or want to have is surprisingly limited. We therefore investigated the e...",yes,cross_sectional_survey,unknown
doi:10.1177/1351010X19848119,10.1177/1351010X19848119,An impact study of acoustic environment on users in large interior spaces,2019,Building Acoustics,acoustic,0,noise,mood,positive,,medium,abstract_only_reduced_table,abstract_only,"As many large buildings have been built worldwide recently, it is necessary to study how the acoustic environment in those buildings affects people in order to improve the acoustical comfort in them. The aim of this study is to explore the influence of acoustic environment on people in eight large-scale spaces, whic...",yes,cross_sectional_survey,grounded_theory
doi:10.1007/s10936-023-09967-y,10.1007/s10936-023-09967-y,The Role of Sound on Spirituality in Religious Environments and Islamic Architecture by Using EEG,2023,,acoustic,0,noise,unspecified_outcome,unknown,,low,abstract_only_reduced_table,abstract_only;weak_variable_resolution,This present study aims to investigate the effects of the sound pressure level on mosque users’ brain waves in the interior of the Nasir al-Mulk mosque in Shiraz. The research hypothesis is based on the fact that the sound pressure level is significantly related to the spiritual sense in the environmental psychology...,yes,cross_sectional_survey,case_study
doi:10.1121/1.3298437,10.1121/1.3298437,Perceptual assessment of quality of urban soundscapes with combined noise sources and water sounds,2010,,acoustic,0,noise,unspecified_outcome,positive,,low,abstract_only_reduced_table,abstract_only;weak_variable_resolution,"In this study, urban soundscapes containing combined noise sources were evaluated through field surveys and laboratory experiments. The effect of water sounds on masking urban noises was then examined in order to enhance the soundscape perception. Field surveys in 16 urban spaces were conducted through soundwalking ...",yes,cross_sectional_survey,empirical_v2
doi:10.1260/135101003768965960,10.1260/135101003768965960,The Effects of Noise on Children at School: A Review,2003,,acoustic,0,noise,productivity,unknown,,low,abstract_only_reduced_table,abstract_only,This paper reviews research on issues relating to the effects of noise on children at school. Areas covered include factors affecting speech intelligibility in the classroom; the effects of environmental and classroom noise on children's academic performance; children's annoyance due to noise; and surveys of classro...,yes,cross_sectional_survey,unknown
doi:10.1177/1550147719875878,10.1177/1550147719875878,Intelligent human-centric lighting for mental wellbeing improvement,2019,,affect,0,daylight,mood,positive,,medium,abstract_only_reduced_table,abstract_only,"In recent years, the main area of interest in the issue of influencing mental states of people is the impact of lighting on human beings, their wellbeing but also workplace productivity. This work discusses in detail the problem of positively influencing people using intelligent technologies, especially the role of ...",yes,cross_sectional_survey,case_study
doi:10.1186/s10086-020-01910-2,10.1186/s10086-020-01910-2,Effects and interaction of different interior material treatment and personal preference on psychological and physiological responses in living environment,2020,,affect,0,unspecified_environment,mood,negative,,low,abstract_only_reduced_table,abstract_only;weak_variable_resolution,Japanese cedar ( Cryptomeria japonica ) wood is widely used as a traditional construction material in Japan. The relationship between an individual’s perceived comfort level and a preference for Japanese cedar wood interiors is of interest. We compared volunteers’ physiological responses and subjective evaluations o...,yes,cross_sectional_survey,empirical_v2
doi:10.1016/j.erss.2016.02.008,10.1016/j.erss.2016.02.008,Saving energy with light? Experimental studies assessing the impact of colour temperature on thermal comfort,2016,,thermal,0,thermal,unspecified_outcome,mixed,32,low,abstract_only_reduced_table,abstract_only;n=32;weak_variable_resolution,"We tested whether the colour temperature of the illumination (realised through manipulating the ceiling light) impacted on thermal comfort, based on the hypothesis that a lower colour temperature is associated with feeling warmer and a higher colour temperature with feeling cooler. If confirmed, then light might be ...",yes,cross_sectional_survey,empirical_v2
doi:10.1016/j.healthplace.2013.01.001,10.1016/j.healthplace.2013.01.001,When walking in nature is not restorative-the role of prospect and refuge,2013,,restoration,0,unspecified_environment,stress,positive,269,low,abstract_only_reduced_table,abstract_only;n=269;weak_variable_resolution,People tend to recover more quickly from stress and mental fatigue in natural than in urban environments. But natural environments may not always be restorative. Dense wooded areas may evoke fear and stress and require directed attention to avoid getting lost or tripping over. Little is known about the restorative p...,yes,cross_sectional_survey,empirical_v2
doi:10.3390/ijerph20021082,10.3390/ijerph20021082,Effects of Acoustic Environment Types on Stress Relief in Urban Parks,2023,International Journal of Environmental Research and Public Health,acoustic,0,noise,stress,positive,,medium,abstract_only_reduced_table,abstract_only,"Urban public space environments are critical to the health of residents. In previous studies on urban park environments and health, landscape environment questionnaires have been the main method to evaluate the environmental quality and comfort of urban parks. The research on sound perception also focuses on the exp...",yes,cross_sectional_survey,theoretical
doi:10.3390/ijerph110202108,10.3390/ijerph110202108,"Effects of Age, Season, Gender and Urban-Rural Status on Time-Activity: Canadian Human Activity Pattern Survey 2 (CHAPS 2)",2014,,other,0,unspecified_environment,unspecified_outcome,positive,5,low,abstract_only_reduced_table,abstract_only;n=5;weak_variable_resolution,Estimation of population exposure is a main component of human health risk assessment for environmental contaminants. Population-level exposure assessments require time-activity pattern distributions in relation to microenvironments where people spend their time. Societal trends may have influenced time-activity pat...,yes,cross_sectional_survey,unknown
doi:10.3390/buildings14040957,10.3390/buildings14040957,"Exploring the Impact of Accessibility on Place Attachment in Urban Public Open Spaces: A Case Study of Jiamusi City, China",2024,,spatial,0,spatial_layout,mood,positive,,medium,abstract_only_reduced_table,abstract_only,"Urban public open spaces are crucial for residents’ well-being, yet accessibility issues persist, affecting activities and social interactions. To this end, we take the main urban area of Jiamusi City, the most northeastern city in China, as an example. We start by examining both spatial and perceptual dimensions, u...",yes,cross_sectional_survey,case_study
doi:10.3390/su12051830,10.3390/su12051830,Examining the Quasi-Public Spaces in Commercial Complexes,2020,,other,0,unspecified_environment,unspecified_outcome,positive,,low,abstract_only_reduced_table,abstract_only;weak_variable_resolution,Commercial complexes are steadily expanding in size and function and plying roles as quasi-public spaces. This study investigated quasi-public spaces in contemporary commercial complexes by posting two questions: the physical features of quasi-public spaces in commercial complexes and how these characteristics promo...,yes,cross_sectional_survey,theoretical
doi:10.1068/b4225,10.1068/b4225,The Space of Innovation: Interaction and Communication in the Work Environment,1999,Environment and Planning B Planning and Design,biophilic,0,biophilia,mood,unknown,,low,abstract_only_reduced_table,abstract_only,"As the pace of organisational change accelerates and as new technologies demand more rapid responses from organisations to changing conditions in their business environment, buildings are being called on to play an active role in helping to generate new organisational structures and in facilitating individual commun...",yes,cross_sectional_survey,theoretical
doi:10.3390/ijerph17197217,10.3390/ijerph17197217,Impacts of Dynamic LED Lighting on the Well-Being and Experience of Office Occupants,2020,,affect,0,daylight,mood,null,,medium,abstract_only_reduced_table,abstract_only,"As a critical factor in the built environment, lighting presents considerable influence on occupants. Previous research across static lighting conditions has found that both illuminance and correlated color temperature (CCT) affect occupants’ physiological and psychological functioning. However, little research has ...",yes,cross_sectional_survey,methods_protocol
doi:10.3390/en14020333,10.3390/en14020333,"Effect of Thermal, Acoustic and Air Quality Perception Interactions on the Comfort and Satisfaction of People in Office Buildings",2021,Energies,acoustic,0,noise,unspecified_outcome,unknown,26,low,abstract_only_reduced_table,abstract_only;n=26;weak_variable_resolution,Current research on human comfort has identified a gap in the investigation of multi-domain perception interactions. There is a lack of understanding the interrelationships of different physio-socio-psychological factors and the manifestation of their contextual interactions into cross-modal comfort perception. In t...,yes,cross_sectional_survey,unknown
doi:10.3390/su15010840,10.3390/su15010840,Toward Regenerative Sustainability: A Passive Design Comfort Assessment Method of Indoor Environment,2023,Sustainability,cognition,0,biophilia,attention,unknown,,low,abstract_only_reduced_table,abstract_only,"The fact that people spend a major part of their lifetime indoors, together with the lethal COVID-19 pandemic which caused people to spend even more time inside buildings, has drawn attention to the significance of achieving Agenda 2030 SD goal number three: good health and well-being, in reference to the indoor env...",yes,cross_sectional_survey,interview_study
doi:10.1525/collabra.335,10.1525/collabra.335,Probing the Person-Patina Relationship: A Correlational Study on the Psychology of Senescent Environments,2020,,other,0,unspecified_environment,unspecified_outcome,unknown,,low,abstract_only_reduced_table,abstract_only;weak_variable_resolution,"There is a lack of research on people’s psychological perceptions to decay or patina that is part of the historic environment. Built heritage conservation doctrine and law are based on the assumption that all people have a similar, positive aesthetic perception to patina in the built environment, although there are ...",yes,cross_sectional_survey,thought_piece
doi:10.1080/17508975.2020.1732859,10.1080/17508975.2020.1732859,"Biophilic design and office planting: a case study of effects on perceived health, well-being and performance metrics in the workplace",2020,Intelligent Buildings International,biophilic,0,biophilia,productivity,null,,medium,abstract_only_reduced_table,abstract_only,"The philosophy of building ‘lean’ workplaces, to maximise occupant performance, has seen an increase in the stripping away of nature within the built environment. However, the biophilia hypothesis indicates that a severance in human connection with nature can lead to significant reductions in human health, well-bein...",yes,cross_sectional_survey,mixed_methods
doi:10.3390/buildings13082000,10.3390/buildings13082000,Perception of Color in Architecture and Urban Space,2023,Buildings,affect,0,unspecified_environment,mood,unknown,,low,abstract_only_reduced_table,abstract_only;weak_variable_resolution,The various colors and color combinations in an urban environment are perceived and experienced individually. The article indicates the important role of color in shaping architecture and urban space. The paper discusses the theories of color harmony as an aesthetic principle in architectural design. The results of ...,yes,cross_sectional_survey,unknown
doi:10.3389/fpsyg.2020.560833,10.3389/fpsyg.2020.560833,"Multisensory, Nature-Inspired Recharge Rooms Yield Short-Term Reductions in Perceived Stress Among Frontline Healthcare Workers",2020,Frontiers in Psychology,affect,0,biophilia,stress,negative,,medium,abstract_only_reduced_table,abstract_only,We are currently facing global healthcare crisis that has placed unprecedented stress on healthcare workers as a result of the coronavirus disease 2019 (COVID-19). It is imperative that we develop novel tools to assist healthcare workers in dealing with the significant additional stress and trauma that has arisen as...,yes,cross_sectional_survey,unknown
doi:10.1177/193758670800100306,10.1177/193758670800100306,A Review of the Research Literature on Evidence-Based Healthcare Design,2008,,light,0,daylight,unspecified_outcome,positive,,low,abstract_only_reduced_table,abstract_only;weak_variable_resolution,Objective:This report surveys and evaluates the scientific research on evidence-based healthcare design and extracts its implications for designing better and safer hospitals.Background:It builds on a literature review conducted by researchers in 2004.Methods:Research teams conducted a new and more exhaustive search...,yes,cross_sectional_survey,unknown
doi:10.3390/buildings14061790,10.3390/buildings14061790,A Perceptual Assessment of the Physical Environment in Teaching Buildings and Its Influence on Students’ Mental Well-Being,2024,Buildings,light,0,daylight,mood,mixed,,medium,abstract_only_reduced_table,abstract_only,"Numerous studies have examined the impact of the built environment on mental health, yet there remains an underexplored area concerning how microenvironments within educational buildings affect students’ mental well-being from a physical environment standpoint. This paper fills this gap by utilizing data from 440 va...",yes,cross_sectional_survey,unknown
doi:10.1016/j.landurbplan.2003.11.001,10.1016/j.landurbplan.2003.11.001,"Preferences for and attitudes towards street flowers and trees in Sapporo, Japan",2004,,biophilic,0,biophilia,attention,negative,,medium,abstract_only_reduced_table,abstract_only,"The benefits of street vegetation, in particular the importance of trees, for urban dwellers have been given wide attention. There is, however, a lack of research on flowers as an element of street vegetation. This paper explores preferences for various street-planting models, particularly those with different compo...",yes,cross_sectional_survey,case_study
doi:10.1177/1351010x20909464,10.1177/1351010x20909464,Exploring soundscaping options for the cognitive environment in an open-plan office,2020,Building Acoustics,acoustic,0,noise,cognition,negative,,medium,abstract_only_reduced_table,abstract_only,"A major source of noise complaints in open-plan offices has consistently been co-workers talking nearby or talking on the phone. Various masking sounds such as white noise and pink noise have been explored to reduce the intelligibility level of speech from adjacent co-workers in open-plan offices. Recently, nature s...",yes,cross_sectional_survey,unknown
doi:10.1016/j.landurbplan.2021.104241,10.1016/j.landurbplan.2021.104241,"Urban soundscape categorization based on individual recognition, perception, and assessment of sound environments",2021,Landscape and Urban Planning,acoustic,0,noise,attention,positive,,medium,abstract_only_reduced_table,abstract_only,This study proposes soundscape recognition models by clustering people based on differences in sound source perceptions. We investigated the effect of sound source identification differences on urban soundscape perception by categorizing people's environmental sound recognition in outdoor environments. Virtual reali...,yes,cross_sectional_survey,thought_piece
doi:10.1121/1.2118327,10.1121/1.2118327,Noise levels in Johns Hopkins Hospital,2005,,acoustic,0,noise,unspecified_outcome,mixed,,low,abstract_only_reduced_table,abstract_only;weak_variable_resolution,"This article presents the results of a noise survey at Johns Hopkins Hospital in Baltimore, MD. Results include equivalent sound pressure levels (Leq) as a function of location, frequency, and time of day. At all locations and all times of day, the Leq indicate that a serious problem exists. No location is in compli...",yes,cross_sectional_survey,unknown
doi:10.3390/ijerph8041032,10.3390/ijerph8041032,An Assessment of Psychological Noise Reduction by Landscape Plants,2011,,biophilic,0,biophilia,attention,negative,,medium,abstract_only_reduced_table,abstract_only,"The emphasis in the term ‘Green Transportation’ is on the word ‘green’. Green transportation focuses on the construction of a slow transport system with a visually pleasing, easy and secure trip environment composed of urban parks, green roadside spaces and some other space that is full of landscape plants. This tri...",yes,cross_sectional_survey,unknown
doi:10.1177/1351010x18762687,10.1177/1351010x18762687,Review of acoustic comfort evaluation in dwellings—part I: Associations of acoustic field data to subjective responses from building surveys,2018,,acoustic,0,noise,attention,positive,,medium,abstract_only_reduced_table,abstract_only,"Acoustic comfort is a concept hardly described in the literature. But it has been used in engineering typically to refer to low noise or annoyance in order to invoke no discomfort. Current standardized methods for airborne and impact sound reduction are deployed to assess acoustic comfort in dwellings. However, the ...",yes,cross_sectional_survey,unknown
doi:10.1177/0013916518824631,10.1177/0013916518824631,Design Moderators of Perceived Residential Crowding and Chronic Physiological Stress Among Children,2019,,spatial,0,spatial_layout,mood,mixed,,medium,abstract_only_reduced_table,abstract_only,"Chronic crowding within housing adversely affects psychological well-being, yet little is known about how design attributes contribute to these effects, especially among children. This cross-sectional study first examined associations between residential interior density and children’s ( M = 9 years of age) perceive...",yes,cross_sectional_survey,empirical_v2
doi:10.3390/su152216104,10.3390/su152216104,Examining the Impact of Crowding Perception on the Generation of Negative Emotions among Users of Small Urban Micro Public Spaces,2023,,affect,0,unspecified_environment,mood,positive,,low,abstract_only_reduced_table,abstract_only;weak_variable_resolution,"The improvement of urban congestion and the mood of the populace is vital for achieving the United Nations Sustainable Development Goals. This paper aims to test the hypothesis that crowding in urban micro public spaces (UMPSs) affects emotions, and two different methods were used: a psychological questionnaire to m...",yes,cross_sectional_survey,unknown
zotero:QJGA5ZN8,,Daylighting-Bias and Biophilia: Quantifying the Impacts of Daylighting and Views on Occupants Health,2011,,light,0,daylight,productivity,unknown,98,low,abstract_only_reduced_table,abstract_only;n=98,This paper reports on a state-of-the-art study quantifying the health and human impacts of daylighting strategies and views quality from windows on employees health in offices. The study attempts to quantify an important yet not scientifically proven assumption concerning the biophilic relationship between views of ...,yes,cross_sectional_survey,interview_study
doi:10.3390/en15124477,10.3390/en15124477,"Effect of Color Temperature and Illuminance on Psychology, Physiology, and Productivity: An Experimental Study",2022,,light,0,daylight,productivity,positive,,medium,abstract_only_reduced_table,abstract_only,"In this study, we investigated the impact of the lighting environment on psychological perception, physiology, and productivity and then designed lighting control strategies based on the experimental results. The research was conducted in a smart lighting laboratory, and 67 subjects were tested in different illumina...",yes,cross_sectional_survey,empirical_v2
doi:10.15242/ijacebs.ae0416104,10.15242/ijacebs.ae0416104,Natural Light and Productivity: Analyzing the Impacts of Daylighting on Students’ and Workers’ Health and Alertness,2016,International Journal of Advances in Chemical Engineering and Biological Sciences,light,0,daylight,attention,positive,,medium,abstract_only_reduced_table,abstract_only,"Studies show that the quality of the school environment significantly influences students’ academic performance. Among the many attributes of the school environment, light is one of the most visible and talked about ones. Lighting in the classrooms has been the subject of many studies for over a century. In recent y...",yes,cross_sectional_survey,unknown
doi:10.3758/s13423-011-0182-x,10.3758/s13423-011-0182-x,Active and passive contributions to spatial learning,2012,,cognition,0,unspecified_environment,attention,positive,,low,abstract_only_reduced_table,abstract_only;weak_variable_resolution,"It seems intuitively obvious that active exploration of a new environment will lead to better spatial learning than will passive exposure. However, the literature on this issue is decidedly mixed—in part, because the concept itself is not well defined. We identify five potential components of active spatial learning...",yes,cross_sectional_survey,unknown
zotero:Q5YDAT65,,Evaluation of the Impact of Design Parameters on the Acoustic Environment Perceived by Primary Students,2024,,acoustic,0,noise,mood,mixed,,medium,abstract_only_reduced_table,abstract_only,The acoustic environment in learning spaces significantly influences learning effectiveness and occupant well‐being. Recent studies have shown that a series of architectural factors within physical learning environments can impact students’ educational experiences. This research delves into the relationship between ...,yes,cross_sectional_survey,unknown
zotero:H2N34YKV,,The Effects of Lighting Color Temperature on Teacher Self-Efficacy,2024,,affect,0,daylight,mood,positive,,medium,abstract_only_reduced_table,abstract_only,"Classroom design has been a research topic of interest for decades and has become more and more popular over the last several years. Researchers have developed new methods for studying and quantifying the effects of classroom design on students and their behavior. While this information has been beneficial, teachers...",yes,cross_sectional_survey,unknown
doi:10.1007/s42413-019-00042-w,10.1007/s42413-019-00042-w,Effects of Urban Atmospheres on Changing Attitudes of Crowded Public Places: An Action Plan,2020,,affect,0,unspecified_environment,mood,positive,,low,abstract_only_reduced_table,abstract_only;weak_variable_resolution,Crowding in public places and the subsequent degradation of the high quality of urban atmospheres leads to an increase in people’s aggressive attitudes. The consequences of these three variables on people’s dissatisfaction have become apparent and can be monitored through the following five phenomena of urban atmosp...,yes,cross_sectional_survey,conceptual_framework
doi:10.1080/14616688.2014.915877,10.1080/14616688.2014.915877,Effect of dimensions of place attachment on residents’ word-of-mouth behavior,2014,,cognition,0,unspecified_environment,cognition,unknown,,low,abstract_only_reduced_table,abstract_only;weak_variable_resolution,"The purpose of this study is to examine and compare the effect of residents’ different dimensions of place attachment on their word-of-mouth (WOM) behavior in two cities: Sydney, Australia and Shanghai, China. A six-dimensional construct of place attachment is proposed based upon a detailed literature review: four a...",yes,cross_sectional_survey,unknown
doi:10.1111/joid.12165,10.1111/joid.12165,"Architectural Design Characteristics, Uses, and Perceptions of Community Spaces in Permanent Supportive Housing",2020,,light,0,daylight,unspecified_outcome,mixed,,low,abstract_only_reduced_table,abstract_only;weak_variable_resolution,"People experiencing homelessness often face recoveries complicated by mental disability, substance abuse, and trauma. They can withdraw into self–imposed isolation and avoid important support services, making recovery more difficult. Affirmative relationships developed in part within the designed settings of transit...",yes,cross_sectional_survey,unknown
doi:10.1080/13602365.2024.2331505,10.1080/13602365.2024.2331505,Impact of biophilic design parameters on university students’ place attachment and quality of campus life,2024,,biophilic,0,biophilia,mood,positive,,medium,abstract_only_reduced_table,abstract_only,"In architectural practice and academic research, there is a growing concern about preserving the connectedness with nature on university campuses through biophilic design and maximising its rich impacts on students. Since place attachment (PA) and quality of campus life (QCL) are important factors affecting students...",yes,cross_sectional_survey,unknown
doi:10.1007/s00530-024-01514-6,10.1007/s00530-024-01514-6,Landscape visual evaluation and place attachment in historical and cultural districts: a study based on semantic differential scale and eye tracking experimental methods,2024,,cognition,0,unspecified_environment,attention,positive,,low,abstract_only_reduced_table,abstract_only;weak_variable_resolution,"This study carried out work that investigates the relationships that exist between the facts of Visual Attention (VA), demographic influences, and the perceived landscape values collected from the historic and cultural districts by means of employing a combination of Eye-Tracking (ET) technology along with the Seman...",yes,cross_sectional_survey,empirical_v2
doi:10.3390/land13121978,10.3390/land13121978,Exploring the Application of Neurostructural Principles to the Design of Public Spaces on University Campuses,2024,,cognition,0,daylight,productivity,positive,,medium,abstract_only_reduced_table,abstract_only,"In this study, we examined the application of neurostructural principles to the design of public spaces on university campuses to optimize students’ learning efficiency, social interactions, and psychological well-being. Using Hainan University in China as a case study, a descriptive analysis was used to evaluate th...",yes,cross_sectional_survey,case_study
doi:10.3109/07420528.2014.982757,10.3109/07420528.2014.982757,"Lack of exposure to natural light in the workspace is associated with physiological, sleep and depressive symptoms",2015,,affect,0,daylight,stress,mixed,,medium,abstract_only_reduced_table,abstract_only,"The diurnal light cycle has a crucial influence on all life on earth. Unfortunately, modern society has modified this life-governing cycle by stressing maximum production and by giving insufficient attention to the ecological balance and homeostasis of the human metabolism. The aim of this study is to evaluate the e...",yes,cross_sectional_survey,empirical_v2
doi:10.24382/5191,10.24382/5191,"Integrating Natural Light for Wellbeing, Performance, and Quality Care Delivery in Healthcare Environments",2024,,light,0,daylight,mood,positive,,medium,abstract_only_reduced_table,abstract_only,"The global challenge of addressing human ill-health demands a re-evaluation of the multifaceted factors impacting health outcomes. Rising health issues in society impose significant burdens on healthcare professionals, affecting their comfort, overall well-being, and performance. While issues like inadequate funding...",yes,cross_sectional_survey,interview_study
doi:10.1089/acm.2004.10.s-71,10.1089/acm.2004.10.s-71,Healing Spaces: Elements of Environmental Design That Make an Impact on Health,2004,,affect,0,unspecified_environment,stress,mixed,,low,abstract_only_reduced_table,abstract_only;weak_variable_resolution,"The ""ambiance"" of a space has an effect on people using the space. In recent years, design for health care environments has begun to include esthetic enhancements in an attempt to reduce stress and anxiety, increase patient satisfaction, and promote health and healing. In this paper, the authors survey the existing ...",yes,cross_sectional_survey,unknown
doi:10.56261/jars.v22.269283,10.56261/jars.v22.269283,Restorative Interior Design to Renew Attention and Reduce Stress in Small Residential Units,2024,,light,0,daylight,stress,mixed,,medium,abstract_only_reduced_table,abstract_only,"The shift in lifestyle due to urbanization and the recent pandemic has increased demand for small residential units suitable for remote work and longer stays. Restorative environments have gained importance within these spaces as they impact productivity, reduce fatigue, and alleviate stress. This study aims to iden...",yes,cross_sectional_survey,unknown
doi:10.3390/su162310251,10.3390/su162310251,Color as a Key Factor in Creating Sustainable Living Spaces for Seniors,2024,,cognition,0,unspecified_environment,mood,unknown,,low,abstract_only_reduced_table,abstract_only;weak_variable_resolution,"Color as a feature of interior spaces is a fundamental component of human interaction with the built environment. Therefore, planning the design concept of an interior space with attention to color choices is extremely important, especially when the users of a given space include individuals who require additional s...",yes,cross_sectional_survey,unknown
doi:10.1007/s10934-019-00774-2,10.1007/s10934-019-00774-2,"A review on the taxonomy, factors associated with sound absorption and theoretical modeling of porous sound absorbing materials",2019,,acoustic,0,noise,unspecified_outcome,unknown,,low,abstract_only_reduced_table,abstract_only;weak_variable_resolution,"The sound is the pressure disturbance created over air particles above and below atmospheric pressure. It is a mechanical wave which requires a medium to propagate. The sound can generate from a source, then travels through a medium and finally is received by the receiver. The noise is an unpleasant or unwanted soun...",yes,cross_sectional_survey,conceptual_framework
doi:10.1007/s10055-006-0040-8,10.1007/s10055-006-0040-8,Multi-modal virtual environments for education with haptic and olfactory feedback,2006,Virtual Reality,acoustic,0,unspecified_environment,unspecified_outcome,positive,,low,abstract_only_reduced_table,abstract_only;weak_variable_resolution,"It has been suggested that immersive virtual reality (VR) technology allows knowledge-building experiences and in this way provides an alternative educational process. Important key features of constructivist educational computer-based environments for science teaching and learning, include interaction, size, transd...",yes,cross_sectional_survey,theoretical
doi:10.1017/s0140525x00024286,10.1017/s0140525x00024286,Real space and represented space: Cross-cultural perspectives,1989,,other,0,unspecified_environment,unspecified_outcome,unknown,,low,abstract_only_reduced_table,abstract_only;weak_variable_resolution,This paper examines the contribution of cross-cultural studies to our understanding of the perception and representation of space. A cross-cultural survey of the basic difficulties in understanding pictures—ranging from the failure to recognise a picture as a representation to the inability to recognise the object r...,yes,cross_sectional_survey,thought_piece
doi:10.1177/1477153510378150,10.1177/1477153510378150,Effects of dynamic lighting on office workers: First results of a field study with monthly alternating settings,2010,,light,0,daylight,sleep,null,142,medium,abstract_only_reduced_table,abstract_only;n=142,"Dynamic lighting is designed to have positive effects on well-being and performance. In a field experiment we tested whether these effects are detectable and stable over time when employed in actual work settings. The study consists of two tranches, one following a monthly alternating experimental design, the other ...",yes,cross_sectional_survey,empirical_v2
doi:10.3389/fpsyg.2015.00637,10.3389/fpsyg.2015.00637,Ecological validity of virtual environments to assess human navigation ability,2015,,cognition,0,unspecified_environment,cognition,mixed,,low,abstract_only_reduced_table,abstract_only;weak_variable_resolution,Route memory is frequently assessed in virtual environments. These environments can be presented in a fully controlled manner and are easy to use. Yet they lack the physical involvement that participants have when navigating real environments. For some aspects of route memory this may result in reduced performance i...,yes,cross_sectional_survey,unknown
doi:10.1016/j.buildenv.2018.04.029,10.1016/j.buildenv.2018.04.029,The effects of indoor plants and artificial windows in an underground environment,2018,,light,0,biophilia,unspecified_outcome,mixed,,low,abstract_only_reduced_table,abstract_only;weak_variable_resolution,"People have negative perceptions of underground environments on account of the absence of natural elements. To alleviate negative perceptions, many investigators have proposed indoor plants and artiﬁcial windows. Although a few studies have provided quantitative evidence of the beneﬁts of indoor plants and artiﬁcial...",yes,cross_sectional_survey,unknown
doi:10.1177/0013916514568556,10.1177/0013916514568556,"Restoration in Urban Spaces: Nature Views From Home, Greenways, and Public Parks",2016,,biophilic,0,biophilia,stress,mixed,32,medium,abstract_only_reduced_table,abstract_only;n=32,"Despite promising experimental findings, few studies have addressed the potential long-term health benefits of frequent contact with different kinds of urban nature. We examine the cross-sectional relations between two kinds of urban nature (neighborhood vegetation visible from the home, use of public green spaces) ...",yes,cross_sectional_survey,empirical_v2
doi:10.1016/j.landurbplan.2012.12.013,10.1016/j.landurbplan.2012.12.013,Associations between park characteristics and perceived restorativeness of small public urban green spaces,2013,,biophilic,0,biophilia,stress,unknown,,low,abstract_only_reduced_table,abstract_only,"Urban green space in dense city areas is a limited resource. However, previous research indicates that such areas have a positive inﬂuence on mental restoration. As stress is a common problem in cities, we test to see whether park characteristics are associated with the perceived restorativeness of nine small public...",yes,cross_sectional_survey,unknown
doi:10.3390/s22218135,10.3390/s22218135,Stress Monitoring Using Wearable Sensors: A Pilot Study and Stress-Predict Dataset,2022,,air,0,air_quality,stress,positive,,medium,abstract_only_reduced_table,abstract_only,"With the recent advancements in the ﬁeld of wearable technologies, the opportunity to monitor stress continuously using different physiological variables has gained signiﬁcant interest. The early detection of stress can help improve healthcare and minimizes the negative impact of long-term stress. This paper reports...",yes,cross_sectional_survey,interview_study
zotero:2CHCFQSX,,Towards Measurement of Interaction Quality in Social Robotic Telepresence,0,,thermal,0,unspecified_environment,mood,unknown,,low,abstract_only_reduced_table,abstract_only;weak_variable_resolution,This paper presents tools for measuring the quality of interaction in social mobile robotic telepresence. The methodology is in part based on Adam Kendon’s theory of Fformations. The theory is based on observations of how bodies naturally orient themselves during interaction between people in real life settings. In ...,yes,cross_sectional_survey,thought_piece
doi:10.1080/17439760.2018.1484940,10.1080/17439760.2018.1484940,The development of the Awe Experience Scale (AWE-S): A multifactorial measure for a complex emotion,2019,,affect,0,unspecified_environment,mood,unknown,501,low,abstract_only_reduced_table,abstract_only;n=501;weak_variable_resolution,"Awe is a complex emotion composed of an appraisal of vastness and a need for accommodation. The purpose of this study was to develop a robust state measure of awe, the Awe Experience Scale (AWE-S), based on the extant experimental literature. In study 1, participants (N = 501) wrote about an intense moment of awe th...",yes,cross_sectional_survey,empirical_v2
doi:10.1111/j.1467-9280.2008.02038.x,10.1111/j.1467-9280.2008.02038.x,Cultural Influences on Neural Substrates of Attentional Control,2008,,cognition,0,unspecified_environment,attention,positive,,low,abstract_only_reduced_table,abstract_only;weak_variable_resolution,"Behavioral research has shown that people from Western cultural contexts perform better on tasks emphasizing independent (absolute) dimensions than on tasks emphasizing interdependent (relative) dimensions, whereas the reverse is true for people from East Asian contexts. We assessed functional magnetic resonance ima...",yes,cross_sectional_survey,unknown
doi:10.3389/fpsyt.2022.1042641,10.3389/fpsyt.2022.1042641,A case study on the effect of light and colors in the built environment on autistic children’s behavior,2022,,affect,0,daylight,mood,unknown,,low,abstract_only_reduced_table,abstract_only,Background: The importance of strategies and services by caregivers and family members substantially impact the psychological and emotional wellbeing of autistic children. The rapid research developments in clinical and non-clinical methods beneﬁt the features of autistic children. Among various internal and externa...,yes,cross_sectional_survey,case_study
zotero:SUUECVYU,,Thermal Pleasure and Alliesthesia in the Built Environment,0,,thermal,0,thermal,unspecified_outcome,unknown,,low,abstract_only_reduced_table,abstract_only;weak_variable_resolution,Comfort surveys of building occupants the world over consistently report overall building thermal satisfaction ratings hovering around the same 80\% threshold set as the target nearly 50 years ago. But the general consensus emerging from the last two decades of thermal comfort research is that constancy may not be t...,yes,cross_sectional_survey,unknown
doi:10.3390/s24237838,10.3390/s24237838,Brain and Subjective Responses to Indoor Environments Related to Concentration and Creativity,2024,,spatial,0,spatial_layout,attention,positive,,medium,abstract_only_reduced_table,abstract_only,"Electroencephalograms (EEGs) can be used to study the influence of environmental elements on human emotions, cognition, and behavior. EEGs can reveal unconscious responses and fill in the gaps left by subjective responses provided in survey questionnaires or interviews. EEG research on the impact of classroom design...",yes,cross_sectional_survey,interview_study
doi:10.13189/cea.2024.120105,10.13189/cea.2024.120105,The Influence of Light Colour Temperatures on Interior Design Student Performance in Classroom Studios,2024,Civil Engineering and Architecture,light,0,daylight,productivity,unknown,,low,abstract_only_reduced_table,abstract_only,"Abstract The purpose of this research study was to examine how lighting conditions impact the perceived spatial quality, comfort, collaboration, motivation, distraction, and fatigue in a classroom studio. A survey was conducted with 124 students, and their responses were analyzed based on the overall spaciousness of...",no,cross_sectional_survey,unknown
