paper_id,doi,title,year,venue,topic_bucket,citation_count,environment_variable,outcome_variable,effect_direction,sample_n,confidence_tier,evidence_level,notes,abstract_snippet,pdf_available,article_type,template_family
doi:10.33990/2070-4011.66.2021.233489,10.33990/2070-4011.66.2021.233489,Institutional audit as an instrument of institutional capacity building of the executive authorities,2021,Efficiency of public administration,light,0,daylight,productivity,positive,,medium,abstract_only_reduced_table,abstract_only,"Problem setting. One of the cross-cutting lines of the current stage of public administration reform is the creation of a professional, efficient, effective, transparent and flexible system of executive authorities, which will be a prerequisite for the development of good governance in Ukraine. To do this, it is imp...",no,methods_protocol,theoretical
doi:10.1080/07370008.2021.1945064,10.1080/07370008.2021.1945064,Luminous Science: Teachers Designing For and Developing Transdisciplinary Thinking and Learning,2021,Cognition and Instruction,cognition,0,unspecified_environment,stress,positive,,low,abstract_only_reduced_table,abstract_only;weak_variable_resolution,"Creating learning environments that integrate arts, sciences, and computing in education can improve learning in these disciplines. In particular, transdisciplinary integrations of these disciplines can lead to expansive alterations or dissolutions of epistemological, ideological, and methodological boundaries. We w...",no,methods_protocol,conceptual_framework
doi:10.3758/s13414-023-02728-y,10.3758/s13414-023-02728-y,Integrated effects of top-down attention and statistical learning during visual search: An EEG study,2023,"Attention, Perception, & Psychophysics",cognition,0,unspecified_environment,attention,mixed,,low,abstract_only_reduced_table,abstract_only;weak_variable_resolution,The present study aims to investigate how the competition between visual elements is solved by top-down and/or statistical learning (SL) attentional control (AC) mechanisms when active together. We hypothesized that the “winner” element that will undergo further processing is selected either by one AC mechanism that...,no,methods_protocol,theoretical
doi:10.3389/fpubh.2024.1336028,10.3389/fpubh.2024.1336028,"Kairos study protocol: a multidisciplinary approach to the study of school timing and its effects on health, well-being and students' performance.",2024,Frontiers in public health,cognition,0,daylight,cognition,unknown,,low,abstract_only_reduced_table,abstract_only,"Recent evidence from chronobiology, chssronomedicine and chronopsychology shows that the organisation of social time (e.g., school schedules) generally does not respect biological time. This raises concerns about the impact of the constant mismatch between students' social and internal body clocks on their health, w...",no,methods_protocol,methods_protocol
doi:10.1080/09658211.2021.1955935,10.1080/09658211.2021.1955935,The effects of acute stress on eyewitness memory: an integrative review for eyewitness researchers,2021,Memory,affect,0,unspecified_environment,stress,unknown,,low,abstract_only_reduced_table,abstract_only;weak_variable_resolution,"ABSTRACT The eyewitness and fundamental memory research fields have investigated the effects of acute stress at encoding on memory performance for decades yet results often demonstrate contrasting conclusions. In this review, we first summarise findings on the effects of acute encoding stress on memory performance a...",no,methods_protocol,empirical_v2
doi:10.1080/09658211.2021.1904996,10.1080/09658211.2021.1904996,An ecologically valid examination of event-based and time-based prospective memory using immersive virtual reality: the effects of delay and task type on everyday prospective memory,2021,Memory,cognition,0,unspecified_environment,cognition,positive,,low,abstract_only_reduced_table,abstract_only;weak_variable_resolution,"ABSTRACT Recent research has focused on assessing either event- or time-based prospective memory (PM) using laboratory tasks. Yet, the findings pertaining to PM performance on laboratory tasks are often inconsistent with the findings on corresponding naturalistic experiments. Ecologically valid neuropsychological ta...",no,methods_protocol,observational_field
doi:10.3390/buildings14030596,10.3390/buildings14030596,A Study on the Effect of Dynamic Photovoltaic Shading Devices on Energy Consumption and Daylighting of an Office Building,2024,Buildings,light,0,daylight,attention,mixed,,medium,abstract_only_reduced_table,abstract_only,"Photovoltaic shading devices (PVSDs) have the dual function of providing shade and generating electricity, which can reduce building energy consumption and improve indoor daylighting levels. This study adopts a parametric performance design method and establishes a one-click simulation process by using the Grasshopp...",no,methods_protocol,theoretical
doi:10.1016/j.dib.2025.112211,10.1016/j.dib.2025.112211,Annotated drowsiness detection dataset captured using Raspberry Pi 5.,2025,Data in brief,light,0,daylight,attention,unknown,,low,abstract_only_reduced_table,abstract_only,"Drowsiness-related accidents represent a critical safety concern in transportation and workplace environments, necessitating real-time monitoring solutions deployable on affordable hardware. This paper introduces the Annotated Drowsiness Detection Dataset, which uniquely combines edge computing optimization with var...",no,methods_protocol,phenomenological
doi:10.1109/SMC53654.2022.9945324,10.1109/SMC53654.2022.9945324,Promoting operator’s wellbeing in Industry 5.0: detecting mental and physical fatigue,2022,"IEEE International Conference on Systems, Man and Cybernetics",affect,0,unspecified_environment,cognition,unknown,,low,abstract_only_reduced_table,abstract_only;weak_variable_resolution,"Building on the benefits of Industry 4.0, Industry 5.0 promotes human-centricity of factories, placing operator’s wellbeing at the center of production. Production processes are expected to be designed around operator’s needs, for a more sustainable contribution of industry to society. In this broad context, in this...",no,methods_protocol,empirical_v2
doi:10.1111/ina.13076,10.1111/ina.13076,The effect of indoor daylight spectrum and intensity on viability of indoor pathogens on different surface materials.,2022,Indoor air,light,0,thermal,mood,mixed,,medium,abstract_only_reduced_table,abstract_only,"Built environments play a key role in the transmission of infectious diseases. Ventilation rates, air temperature, and humidity affect airborne transmission while cleaning protocols, material properties and light exposure can influence viability of pathogens on surfaces. We investigated how indoor daylight intensity...",no,methods_protocol,methods_protocol
doi:10.1371/journal.pone.0207488,10.1371/journal.pone.0207488,"Morning boost on individuals' psychophysiological wellbeing indicators with supportive, dynamic lighting in windowless open-plan workplace in Malaysia.",2018,PloS one,light,0,daylight,mood,positive,,medium,abstract_only_reduced_table,abstract_only,Workplace architectural lighting conditions that are biologically dim during the day are causing healthy individuals to experience light-induced health and performance-related problems. Dynamic lighting was reported beneficial in supporting individuals' psychological behavior and physiological responses during work ...,no,methods_protocol,empirical_v2
doi:10.1007/s12035-019-01843-y,10.1007/s12035-019-01843-y,Pre-Exposure to Nicotine with Nocturnal Abstinence Induces Epigenetic Changes that Potentiate Nicotine Preference.,2020,Molecular neurobiology,light,0,daylight,stress,positive,,medium,abstract_only_reduced_table,abstract_only,"Prior exposure to drugs of abuse may facilitate addiction. It has been described that pre-exposure to nicotine can increase or, contrarily, prevent conditioned place preference (CPP). Here, we evaluated the effect of nicotine pre-exposure on CPP performance using an original protocol mimicking smokers' behaviour in ...",no,methods_protocol,methods_protocol
doi:10.3390/buildings13092128,10.3390/buildings13092128,Integrative Lighting in Classrooms: Preliminary Results from Simulations and Field Measurements,2023,Buildings,light,0,daylight,sleep,unknown,,low,abstract_only_reduced_table,abstract_only,"The paper presents results from a study on integrative lighting in real middle school classrooms located in a school building in Turin, Italy. The contribution of both daylighting and electric lighting was considered. Besides the existing configuration of electric lighting systems (fluorescent luminaires), a set of ...",no,methods_protocol,methods_protocol
doi:10.1073/pnas.1901824116,10.1073/pnas.1901824116,High sensitivity and interindividual variability in the response of the human circadian system to evening light.,2019,Proceedings of the National Academy of Sciences of the United States of America,light,0,daylight,sleep,unknown,,low,abstract_only_reduced_table,abstract_only,"Before the invention of electric lighting, humans were primarily exposed to intense (>300 lux) or dim (<30 lux) environmental light-stimuli at extreme ends of the circadian system's dose-response curve to light. Today, humans spend hours per day exposed to intermediate light intensities (30-300 lux), particularly in...",no,methods_protocol,empirical_v2
doi:10.1525/aft.2022.49.1.45,10.1525/aft.2022.49.1.45,Sensing Brownness,2022,Afterimage,cognition,0,noise,attention,unknown,,low,abstract_only_reduced_table,abstract_only,"Maureen Catbagan’s Dark Matter (2020) photography series invites us into sensing brownness. In these images of museum passages and stairwells, silhouettes of museum guards, and evocative shadows, Catbagan presents the landscape of the museum. However, this may not be immediately recognizable because the photographs ...",no,methods_protocol,methods_protocol
doi:10.34064/khnum1-76.04,10.34064/khnum1-76.04,The interpretative dimension of R. Hahn’s piano creativity,2025,"Problems of Interaction Between Arts, Pedagogy and the Theory and Practice of Education",cognition,0,noise,attention,unknown,,low,abstract_only_reduced_table,abstract_only,"Statement of the problem. Reynaldo Hahn (1874–1947) is a French composer of the “Belle Époque” who remained in the shadow of his contemporaries for a long time, and his piano legacy, in particular, is insufficiently studied both in the scientific and performing context. The lack of an established interpretative trad...",no,methods_protocol,thought_piece
doi:10.1016/j.media.2025.103496,10.1016/j.media.2025.103496,Deep learning based coronary vessels segmentation in X-ray angiography using temporal information.,2025,Medical image analysis,other,0,unspecified_environment,unspecified_outcome,unknown,,low,abstract_only_reduced_table,abstract_only;weak_variable_resolution,"Invasive coronary angiography (ICA) is the gold standard imaging modality during cardiac interventions. Accurate segmentation of coronary vessels in ICA is required for aiding diagnosis and creating treatment plans. Current automated algorithms for vessel segmentation face task-specific challenges, including motion ...",no,methods_protocol,methods_protocol
doi:10.1103/npp1-w1pp,10.1103/npp1-w1pp,Memory-aware feedback enhances power in active information engines.,2025,Physical review. E,acoustic,0,noise,cognition,unknown,,low,abstract_only_reduced_table,abstract_only,"We study an information engine operating in an active bath, where a Brownian particle confined in a harmonic trap undergoes feedback-driven displacement cycles. Unlike thermal environments, active baths exhibit temporally correlated fluctuations, introducing memory effects that challenge conventional feedback strate...",no,methods_protocol,conceptual_framework
doi:10.1016/j.physbeh.2024.114728,10.1016/j.physbeh.2024.114728,Influence of acute and chronic therapeutic cooling on cognitive performance and well-being.,2025,Physiology & behavior,restoration,0,thermal,cognition,unknown,,low,abstract_only_reduced_table,abstract_only,"Research regarding the effect cold-water immersion (CWI) has on cognitive performance often uses excessive cooling protocols (>1-hour) to measure the detrimental impact prolonged cold exposure has on cognition. Previous studies have not considered shorter CWI protocols, similar to that used in recovery and wellness ...",no,methods_protocol,methods_protocol
doi:10.1371/journal.pone.0332885,10.1371/journal.pone.0332885,Analysis of spatial heterogeneity in Xi'an's urban heat island effect using multi-source data fusion.,2025,PloS one,thermal,0,thermal,mood,positive,,medium,abstract_only_reduced_table,abstract_only,"In the context of global climate change, this study aims to investigate the spatial heterogeneity and driving mechanisms of the urban heat island (UHI) effect within Xi'an's second ring road area. We constructed a novel multi-source data fusion framework that integrates high-resolution remote sensing imagery, detail...",no,methods_protocol,conceptual_framework
doi:10.1371/journal.pone.0338108,10.1371/journal.pone.0338108,The nose knows: Thermal responses to active psychological stressors.,2026,PloS one,affect,0,thermal,stress,negative,,medium,abstract_only_reduced_table,abstract_only,"Stress is an essential component of our lives. It helps to us to keep alert, stay motivated, and adapt to new and challenging situations. However, it is also a leading cause of poor mental wellbeing. Investigating psychological stress is essential to improving both the physical and mental health of the general popul...",no,methods_protocol,methods_protocol
doi:10.1097/FBP.0000000000000866,10.1097/FBP.0000000000000866,Limited effects of zolmitriptan maintenance on the pharmacodynamic profile of intravenous cocaine in humans.,2026,Behavioural pharmacology,cognition,0,thermal,cognition,mixed,,medium,abstract_only_reduced_table,abstract_only,"Serotonin 1b (5-HT 1b ) receptors play an important role in preclinical cocaine effects. Zolmitriptan, a commercially available 5-HT 1b / 1d agonist migraine medication, selectively attenuates the reinforcing and other abuse-related effects of cocaine. This project sought to advance these promising preclinical findi...",no,methods_protocol,empirical_v2
doi:10.3390/buildings12040415,10.3390/buildings12040415,Study of Building Demand Response Method Based on Indoor Temperature Setpoint Control of VRV Air Conditioning,2022,Buildings,thermal,0,thermal,attention,negative,,medium,abstract_only_reduced_table,abstract_only,Demand response has been attracting increasing attention due to the promotion of renewable energy applications and the benefits of carbon emission reduction it brings for the utility grid. The development of the smart grid pays great attention to investigating reliable demand response technologies provided by energy...,no,methods_protocol,methods_protocol
doi:10.1080/09291016.2011.638137,10.1080/09291016.2011.638137,Circadian rhythms in two components of executive functions: cognitive inhibition and flexibility,2011,Biological Rhythm Research,cognition,0,thermal,cognition,negative,,medium,abstract_only_reduced_table,abstract_only,"The objective of this study was to analyze possible circadian variations in two components of executive functions: inhibition and flexibility. Participants were eight undergraduate students, age: 17.75 ± 0.46 years, one male and seven female. They were kept in a constant routine protocol for 29 h. Rectal temperature...",no,methods_protocol,methods_protocol
doi:10.1111/nyas.15385,10.1111/nyas.15385,Real-time measurement of entropy production and export in humans: A step toward entropically informed medicine.,2025,Annals of the New York Academy of Sciences,thermal,0,thermal,stress,negative,,medium,abstract_only_reduced_table,abstract_only,"Biological organisms are open thermodynamic systems in which internal structure and function arise from a network of heat- and entropy-producing processes, requiring external export of heat and entropy to the environment. System stability, including health and healing, is hypothesized to relate to the mass-normalize...",no,methods_protocol,conceptual_framework
doi:10.3389/fnhum.2015.00403,10.3389/fnhum.2015.00403,The combined effects of neurostimulation and priming on creative thinking. A preliminary tDCS study on dorsolateral prefrontal cortex,2015,Frontiers in Human Neuroscience,thermal,0,thermal,attention,mixed,,medium,abstract_only_reduced_table,abstract_only,"The role of prefrontal cortex (PFC) in influencing creative thinking has been investigated by many researchers who, while succeeding in proving an effective involvement of PFC, reported suggestive but sometimes conflicting results. In order to better understand the relationships between creative thinking and brain a...",no,methods_protocol,empirical_v2
doi:10.1109/DCNA67486.2025.11199937,10.1109/DCNA67486.2025.11199937,Methods for Monitoring Mental Fatigue Based on Biosignal Analysis,2025,2025 9th Scientific School Dynamics of Complex Networks and their Applications (DCNA),thermal,0,thermal,cognition,mixed,,medium,abstract_only_reduced_table,abstract_only,"A protocol for inducing mental fatigue based on an associative learning task has been developed and tested. A comprehensive analysis of behavioral and physiological indicators revealed highly sensitive markers of fatigue. The key behavioral markers included task accuracy, reaction time, and an integral efficiency in...",no,methods_protocol,methods_protocol
doi:10.1038/s41598-025-29358-8,10.1038/s41598-025-29358-8,Assessing climate change effects on Turkish tea farming through a dual approach using MMQR and machine learning.,2025,Scientific reports,thermal,0,thermal,attention,mixed,,medium,abstract_only_reduced_table,abstract_only,"Climate change increasingly threatens the productivity of region-specific strategic agricultural products such as tea cultivation in Türkiye, posing a serious risk to both food security and rural economies. However, existing literature is notably limited in terms of studies that draw attention to this risk and exami...",no,methods_protocol,methods_protocol
doi:10.1103/physrevlett.96.256103,10.1103/physrevlett.96.256103,Contact Area Measurements Reveal Loading-History Dependence of Static Friction,2006,Physical Review Letters,thermal,0,thermal,cognition,unknown,,low,abstract_only_reduced_table,abstract_only,"We perform quantitative measurements of the actual area of contact, A, formed by two rough solids that are subjected to different normal loading protocols. We show that microscopic motion, induced by Poisson contraction or expansion, produces a strong memory dependence of on the loading history with a large correspo...",no,methods_protocol,methods_protocol
doi:10.1080/23328940.2019.1664370,10.1080/23328940.2019.1664370,Heat acclimation attenuates the increased sensations of fatigue reported during acute exercise-heat stress,2019,Temperature,thermal,0,thermal,stress,mixed,10,medium,abstract_only_reduced_table,abstract_only;n=10,"ABSTRACT Athletes exercising in heat stress experience increased perceived fatigue acutely, however it is unknown whether heat acclimation (HA) reduces the magnitude of this perceptual response and whether different HA protocols influence the response. This study investigated sensations of fatigue following; acute e...",no,methods_protocol,methods_protocol
doi:10.1016/S1474-4422(25)00287-X,10.1016/S1474-4422(25)00287-X,"Environmental toxicants and Parkinson's disease: recent evidence, risks, and prevention opportunities.",2025,The Lancet. Neurology,biophilic,0,biophilia,unspecified_outcome,mixed,,low,abstract_only_reduced_table,abstract_only;weak_variable_resolution,"The global burden of Parkinson's disease is rising. Large-scale genetic studies have confirmed that extrinsic or environmental factors, rather than genetic predisposition, play a dominant role in its cause. Increasing evidence implicates three classes of toxicants-certain pesticides, the dry-cleaning chemicals trich...",no,methods_protocol,methods_protocol
doi:10.1109/ICEAST64767.2025.11088171,10.1109/ICEAST64767.2025.11088171,Re-Envisioning On-Ground Aircraft Movement using Reinforcement Learning,2025,"2025 11th International Conference on Engineering, Applied Sciences, and Technology (ICEAST)",spatial,0,spatial_layout,productivity,positive,,medium,abstract_only_reduced_table,abstract_only,"Ground traffic congestion remains a significant challenge in the aviation industry, driven by stringent protocols, increased air traffic, and occasional controller errors, all of which contribute to delays in aircraft operations. Air Traffic Controllers (ATCOs) currently rely on Standardized Taxi Routes (STRs), whic...",no,methods_protocol,conceptual_framework
doi:10.3390/en16010275,10.3390/en16010275,Machine Learning-Enhanced Radio Tomographic Device for Energy Optimization in Smart Buildings,2022,Energies,thermal,0,thermal,unspecified_outcome,positive,,low,abstract_only_reduced_table,abstract_only;weak_variable_resolution,"Smart buildings are becoming a new standard in construction, which allows for many possibilities to introduce ergonomics and energy savings. These contain simple improvements, such as controlling lights and optimizing heating or air conditioning systems in the building, but also more complex ones, such as indoor mov...",no,methods_protocol,methods_protocol
doi:10.1121/1.2149839,10.1121/1.2149839,"Material identification of real impact sounds: Effects of size variation in steel, glass, wood, and plexiglass plates",2006,The Journal of the Acoustical Society of America,acoustic,0,noise,cognition,negative,,medium,abstract_only_reduced_table,abstract_only,"Identification of the material of struck objects of variable size was investigated. Previous studies on this issue assumed recognition to be based on acoustical measures of damping. This assumption was tested, comparing the power of a damping measure in explaining identification data with that of several other acous...",no,methods_protocol,methods_protocol
doi:10.2196/56388,10.2196/56388,Effects of Auditory and Visual White Noise on Oculomotor Inhibition in Children With Attention-Deficit/Hyperactivity Disorder: Protocol for a Crossover Study.,2024,JMIR research protocols,acoustic,0,noise,attention,mixed,,medium,abstract_only_reduced_table,abstract_only,"In attention-deficit/hyperactivity disorder (ADHD), poor inhibitory control is one of the main characteristics, with oculomotor inhibition impairments being considered a potential biomarker of the disorder. While auditory white noise has demonstrated the ability to enhance working memory in this group, visual white ...",no,methods_protocol,methods_protocol
doi:10.1111/ejn.70310,10.1111/ejn.70310,Temporal Trajectories of Mismatch Negativity Reveal Dynamics of Auditory Perceptual Learning.,2025,The European journal of neuroscience,acoustic,0,biophilia,unspecified_outcome,mixed,,low,abstract_only_reduced_table,abstract_only;weak_variable_resolution,"Theories of perceptual learning, such as predictive processing, describe learning as a dynamic and continuous process of updating hierarchical internal models in response to environmental regularities. However, most studies reduce this process to static condition-based averages, making them insensitive to how predic...",no,methods_protocol,conceptual_framework
doi:10.1016/j.pnpbp.2025.111469,10.1016/j.pnpbp.2025.111469,Tph2 deficiency leads to alterations in social adjustment and socio-affective communication in neonatal rats: No rescue effect of communal nesting.,2025,Progress in neuro-psychopharmacology & biological psychiatry,affect,0,unspecified_environment,mood,mixed,,low,abstract_only_reduced_table,abstract_only;weak_variable_resolution,"Deficiency of tryptophan hydroxylase 2 (TPH2), the rate-limiting enzyme for serotonin (5-hydroxytryptamine, 5-HT) synthesis in the brain, was repeatedly reported to cause impairments in socio-affective communication and maternal affiliation across species, including mice, rats, and monkeys. We recently applied a res...",no,methods_protocol,methods_protocol
doi:10.1121/10.0041886,10.1121/10.0041886,Echoes influence the tempo of a rhythmical pattern.,2025,The Journal of the Acoustical Society of America,acoustic,0,noise,attention,unknown,,low,abstract_only_reduced_table,abstract_only,"Musicians' interpretations of a piece are influenced by the acoustics of the room in which they perform, though studies are not unanimous on how acoustic parameters affect musical interpretation. Instead of considering the influence of the global and complex acoustics of a room, the present study focuses on early re...",no,methods_protocol,empirical_v2
doi:10.1109/MetroLivEnv56897.2023.10164053,10.1109/MetroLivEnv56897.2023.10164053,Wireless Crack Detection System Based on IoT and Acoustic Emission,2023,2023 IEEE International Workshop on Metrology for Living Environment (MetroLivEnv),acoustic,0,noise,stress,positive,,medium,abstract_only_reduced_table,abstract_only,"This paper proposes a Wireless Crack Detection System (WCDS) for concrete structures based on IoT and Acoustic Emission (AE). A crack is a rupture inside the building material occurring due stress, aging, and other damaging factors. When a crack occurs, energy is released in term of an ultrasonic wave, also, known a...",no,methods_protocol,methods_protocol
doi:10.3390/buildings12030338,10.3390/buildings12030338,"Visualization of Acoustic Comfort in an Open-Plan, High-Performance Glass Building",2022,Buildings,acoustic,0,noise,productivity,positive,,medium,abstract_only_reduced_table,abstract_only,"The aesthetic and functional appeal of high-performance, open-plan office buildings presents special challenges. Extensive use of glass at the building’s perimeter to improve visual comfort and office communication can negatively impact acoustic comfort without proper design considerations. This study investigates t...",no,methods_protocol,thought_piece
doi:10.1038/s41598-023-30261-3,10.1038/s41598-023-30261-3,Transcranial high-frequency random noise stimulation does not modulate Nogo N2 and Go/Nogo reaction times in somatosensory and auditory modalities,2023,Scientific Reports,acoustic,0,noise,cognition,positive,,medium,abstract_only_reduced_table,abstract_only,"Transcranial random noise stimulation (tRNS) of the primary sensory or motor cortex can improve sensorimotor functions by enhancing circuit excitability and processing fidelity. However, tRNS is reported to have little effect on higher brain functions, such as response inhibition when applied to associated supramoda...",no,methods_protocol,methods_protocol
doi:10.3397/in_2024_4515,10.3397/in_2024_4515,"A proposed methodology for measuring the effects of binaural beats in music on concentration, working memory, and calmness following the Garcia-Argibay Protocol",2024,INTER-NOISE and NOISE-CON Congress and Conference Proceedings,acoustic,0,noise,cognition,unknown,,low,abstract_only_reduced_table,abstract_only,"Binaural beats are perceived when two different frequencies are presented dichotically to a listener, causing the perception of a beating sound. They have been associated with beneficial effects on cognitive functions such as learning, concentration, and creativity. Studies however
 often yield incomparable or incon...",no,methods_protocol,empirical_v2
doi:10.5492/wjccm.v14.i2.99975,10.5492/wjccm.v14.i2.99975,Management of critical care emergencies in children with autism spectrum disorder.,2025,World journal of critical care medicine,affect,0,unspecified_environment,stress,unknown,,low,abstract_only_reduced_table,abstract_only;weak_variable_resolution,"Managing critical care emergencies in children with autism spectrum disorder (ASD) presents unique challenges due to their distinct sensory sensitivities, communication difficulties, and behavioral issues. Effective strategies and protocols are essential for optimal care in these high-stress situations.",no,methods_protocol,methods_protocol
doi:10.7759/cureus.77228,10.7759/cureus.77228,Evaluating the Impact of Hyperbaric Oxygen Therapy and Neurofeedback on Mild Traumatic Brain Injury: A Case Report.,2025,Cureus,affect,0,daylight,attention,mixed,,medium,abstract_only_reduced_table,abstract_only,"A 38-year-old male patient sustained a concussion in May 2017 while playing hockey. Despite initially following standard treatments and rest, he continued to experience post-concussive symptoms. Approximately two weeks later, he sought alternative therapy at The Oxford Center in Brighton, Michigan, where he was intr...",no,methods_protocol,case_study
doi:10.1371/journal.pone.0195865,10.1371/journal.pone.0195865,The effect of mood state on visual search times for detecting a target in noise: An application of smartphone technology,2018,PLoS ONE,affect,0,noise,mood,positive,30,medium,abstract_only_reduced_table,abstract_only;n=30,"The study of visual perception has largely been completed without regard to the influence that an individual’s emotional status may have on their performance in visual tasks. However, there is a growing body of evidence to suggest that mood may affect not only creative abilities and interpersonal skills but also the...",no,methods_protocol,methods_protocol
doi:10.1002/hbm.70347,10.1002/hbm.70347,Neuroimaging Data Informed Mood and Psychosis Diagnosis Using an Ensemble Deep Multimodal Framework.,2025,Human brain mapping,acoustic,0,daylight,attention,positive,,medium,abstract_only_reduced_table,abstract_only,"Investigating neuroimaging data to identify brain-based markers of mental illnesses has gained significant attention. Nevertheless, these endeavors encounter challenges arising from a reliance on symptoms and self-report assessments in making an initial diagnosis. The absence of biological data to delineate nosologi...",no,methods_protocol,conceptual_framework
doi:10.3390/ijerph18020682,10.3390/ijerph18020682,A Psychoacoustic Approach to Building Knowledge about Human Response to Noise of Unmanned Aerial Vehicles,2021,International Journal of Environmental Research and Public Health,acoustic,0,noise,unspecified_outcome,unknown,,low,abstract_only_reduced_table,abstract_only;weak_variable_resolution,"We are on the cusp of a revolution in the aviation sector, driven by the significant progress in electric power and battery technologies, and autonomous systems. Several industry leaders and governmental agencies are currently investigating the use of Unmanned Aerial Vehicles (UAVs), or “drones” as commonly known, f...",no,methods_protocol,conceptual_framework
doi:10.1038/sdata.2017.181,10.1038/sdata.2017.181,An open resource for transdiagnostic research in pediatric mental health and learning disorders,2017,Scientific Data,cognition,0,unspecified_environment,attention,unknown,664,low,abstract_only_reduced_table,abstract_only;n=664;weak_variable_resolution,"Abstract Technological and methodological innovations are equipping researchers with unprecedented capabilities for detecting and characterizing pathologic processes in the developing human brain. As a result, ambitions to achieve clinically useful tools to assist in the diagnosis and management of mental health and...",no,methods_protocol,observational_field
doi:10.1007/BF02919652,10.1007/BF02919652,Affective responses to commercial and experimental auditory alarm signals for anaesthesia delivery and physiological monitoring equipment.,1988,International journal of clinical monitoring and computing,acoustic,0,noise,mood,unknown,,low,abstract_only_reduced_table,abstract_only,"The affective response of subjects to the sounds of commercial and experimental auditory alarm signals was tested using a standard experimental protocol for measuring mood states and changes. Both types of signal evoked affective response. The commercial signals, however, evoked more response than the experimental s...",no,methods_protocol,empirical_v2
doi:10.1121/10.0034992,10.1121/10.0034992,Decarbonizing architectural acoustics: Assessing the CO2 emissions of acoustic systems in an office building in Milan,2024,Journal of the Acoustical Society of America,acoustic,0,noise,productivity,positive,,medium,abstract_only_reduced_table,abstract_only,"Nowadays, the Architectural-Engineering-Construction (AEC) market requests buildings with both low CO2 emissions and high performance across all building disciplines, including architectural acoustic systems, to satisfy design regulations and protocols. However, not all acoustic material systems guarantee both of th...",no,methods_protocol,case_study
doi:10.3765/PLSA.V6I1.4967,10.3765/PLSA.V6I1.4967,Understanding the effects of language revitalization workshops using long-format speech environment recordings,2021,,acoustic,0,daylight,unspecified_outcome,positive,,low,abstract_only_reduced_table,abstract_only;weak_variable_resolution,"Long-format speech environment (LFSE) recordings are increasingly used to understand language acquisition among young children (Casillas & Cristia 2019). But in language revitalization,  older children are sometimes the largest demographic acquiring a language. In Teotitlan del Valle, Mexico, older children have par...",no,methods_protocol,methods_protocol
doi:10.1109/ACII59096.2023.10388175,10.1109/ACII59096.2023.10388175,An Intelligent Infrastructure Toward Large Scale Naturalistic Affective Speech Corpora Collection,2023,Affective Computing and Intelligent Interaction,affect,0,unspecified_environment,mood,unknown,,low,abstract_only_reduced_table,abstract_only;weak_variable_resolution,"The field of speech emotion recognition (SER) aims to create scientifically rigorous systems that can reliably characterize emotional behaviors expressed in speech. A key aspect for building SER systems is to obtain emotional data that is both reliable and reproducible for practitioners. However, academic researcher...",no,methods_protocol,case_study
doi:10.1080/10253890.2019.1584180,10.1080/10253890.2019.1584180,"Stress measurement using speech: Recent advancements, validation issues, and ethical and privacy considerations",2019,Stress,acoustic,0,noise,stress,unknown,,low,abstract_only_reduced_table,abstract_only,"Abstract Life stress is a well-established risk factor for a variety of mental and physical health problems, including anxiety disorders, depression, chronic pain, heart disease, asthma, autoimmune diseases, and neurodegenerative disorders. The purpose of this article is to describe emerging approaches for assessing...",no,methods_protocol,methods_protocol
doi:10.1044/2025_JSLHR-24-00914,10.1044/2025_JSLHR-24-00914,The Use of Ecological Momentary Assessments to Measure Perceived Stress in People With Aphasia: A Feasibility Study.,2025,"Journal of Speech, Language and Hearing Research",affect,0,unspecified_environment,stress,positive,,low,abstract_only_reduced_table,abstract_only;weak_variable_resolution,"PURPOSE
People with aphasia (PWAs) report higher levels of stress than people without aphasia. Stress can have adverse effects on physical and mental health and may lead to harmful changes in the body's neurological functioning. Moreover, the perception of stress is a dynamic construct, and considerable fluctuations...",no,methods_protocol,methods_protocol
doi:10.1121/1.426115,10.1121/1.426115,A cognitive approach of urban soundscapes,1999,The Journal of the Acoustical Society of America,acoustic,0,noise,productivity,unknown,,low,abstract_only_reduced_table,abstract_only,"The presented cognitive approach of noises in urban environments focuses on meaning and as such integrates linguistic, psychological, and acoustic conceptualizations and methodologies. It deals with the acoustic phenomena that are perceived, conceived, and said as relevant by the subjects. The productivity of this a...",no,methods_protocol,theoretical
doi:10.1121/1.4809276,10.1121/1.4809276,A cognitive approach to soundscape research,2004,The Journal of the Acoustical Society of America,acoustic,0,noise,attention,unknown,,low,abstract_only_reduced_table,abstract_only,"The present research on cognitive categories for soundscapes focuses on their interpretations and can be seen as mediating between individual sensory experiences and collective representations shared in language and elaborated as knowledge. Results of field inquiries in Paris, Lyon, and Nantes are presented together...",no,methods_protocol,theoretical
doi:10.56397/as.2024.10.03,10.56397/as.2024.10.03,Soundscape Composition in the Framework of Cognitive Systems,2024,Arts in society,acoustic,0,noise,cognition,positive,,medium,abstract_only_reduced_table,abstract_only,"After more than fifty years of development, soundscape composition has evolved from its initial purposes of education and archival work into a significant branch of contemporary music creation. With the advancement of recording technology, digital audio processing tools, and computer music software, the creative mea...",no,methods_protocol,thought_piece
doi:10.3390/info12040167,10.3390/info12040167,"Virtual Restoration and Virtual Reconstruction in Cultural Heritage: Terminology, Methodologies, Visual Representation Techniques and Cognitive Models",2021,Information,restoration,0,unspecified_environment,cognition,unknown,,low,abstract_only_reduced_table,abstract_only;weak_variable_resolution,"Today, the practice of making digital replicas of artworks and restoring and recontextualizing them within artificial simulations is widespread in the virtual heritage domain. Virtual reconstructions have achieved results of great realistic and aesthetic impact. Alongside the practice, a growing methodological aware...",no,methods_protocol,theoretical
doi:10.1016/j.ohx.2023.e00402,10.1016/j.ohx.2023.e00402,WeatherChimes: An Open IoT Weather Station and Data Sonification System.,2023,HardwareX,acoustic,0,noise,productivity,unknown,,low,abstract_only_reduced_table,abstract_only,"Many people in the United States are disconnected from their environment: urban residents spend 90% of their time indoors inside confined climate-controlled spaces. In addition to being physically separated from the natural environment, much of human understanding of the world's environment is inferred from data col...",no,methods_protocol,methods_protocol
doi:10.12681/psy_hps.22791,10.12681/psy_hps.22791,Localizing emotions: Soundscape representations through Smartphone Use,2020,,acoustic,0,noise,mood,unknown,,low,abstract_only_reduced_table,abstract_only,"The term “soundscape” refers to a well-defined field that acts as a source of auditory stimuli and whose characteristics are directly related to the listener’s position. The study of soundscapes entails the study of the interplay between the listener and sound, as well as the attribution of representation to auditor...",no,methods_protocol,methods_protocol
doi:10.3389/fpsyg.2020.550794,10.3389/fpsyg.2020.550794,Psychology Meets Archaeology: Psychoarchaeoacoustics for Understanding Ancient Minds and Their Relationship to the Sacred.,2020,Frontiers in psychology,acoustic,0,noise,unspecified_outcome,unknown,,low,abstract_only_reduced_table,abstract_only;weak_variable_resolution,"How important is the influence of spatial acoustics on our mental processes related to sound perception and cognition? There is a large body of research in fields encompassing architecture, musicology, and psychology that analyzes human response, both subjective and objective, to different soundscapes. But what if w...",no,methods_protocol,empirical_v2
doi:10.17762/ijritcc.v11i10s.7618,10.17762/ijritcc.v11i10s.7618,Fusing Long Short-Term Memory and Autoencoder Models for Robust Anomaly Detection in Indoor Air Quality Time-Series Data,2023,International Journal on Recent and Innovation Trends in Computing and Communication,air,0,air_quality,attention,positive,,medium,abstract_only_reduced_table,abstract_only,"People spend most of their time indoors by choice or by need. Carbon dioxide (CO2) accumulation can cause various adverse health effects, including vertigo, headache, and fatigue. Therefore, monitoring indoor air quality(IAQ) is necessary for various health reasons. The market is flooded with air quality monitoring ...",no,methods_protocol,empirical_v2
doi:10.2307/2269460,10.2307/2269460,The Report of the Ecological Society of America Committee on the Scientific Basis for Ecosystem Management,1996,Ecological Applications,acoustic,0,noise,attention,positive,,medium,abstract_only_reduced_table,abstract_only,"Ecosystem management is management driven by explicit goals, executed by policies, protocols, and practices, and made adaptable by monitoring and research based on our best understanding of the ecological interactions and processes necessary to sustain ecosystem composition, structure, and function. In recent years,...",no,methods_protocol,thought_piece
doi:10.1016/j.amj.2025.09.007,10.1016/j.amj.2025.09.007,Pilot Study Assessing Feasibility of Focused Newborn Cardiac Ultrasound by Transport Team Members to Identify Hypoxemic Congenital Heart Disease.,2026,Air medical journal,acoustic,0,noise,attention,unknown,,low,abstract_only_reduced_table,abstract_only,"Hypoxemia is a common presentation of neonatal critical illness. Identifying critical congenital heart disease (CHD) causing hypoxemia is pivotal in determining immediate medical management. In this work, the preliminary results from development of a transport team-focused cardiac ultrasound (US) protocol were prese...",no,methods_protocol,methods_protocol
doi:10.3390/app152212183,10.3390/app152212183,Citizen Science and STEM Education with R: AI–IoT Forecasting and Reproducible Learning from Open Urban Air Quality Data,2025,Applied Sciences,air,0,unspecified_environment,attention,unknown,,low,abstract_only_reduced_table,abstract_only;weak_variable_resolution,"Open urban environmental data offer a unique opportunity to connect scientific research, education, and citizen participation. Leveraging IoT-based sensor networks and AI-driven forecasting models, this study integrates open environmental data with reproducible analysis and learning workflows. This study presents a ...",no,methods_protocol,conceptual_framework
doi:10.3390/aerospace11060495,10.3390/aerospace11060495,"Air Traffic Controllers’ Rostering: Sleep Quality, Vigilance, Mental Workload, and Boredom: A Report of Two Case Studies",2024,Aerospace,air,0,air_quality,sleep,unknown,,low,abstract_only_reduced_table,abstract_only,"Fatigue in air traffic management (ATM) is a well-recognized safety concern. International organizations like ICAO and EASA have responded by advocating for fatigue risk management systems (FRMSs). EU Regulation 2017/373, implemented in January 2020, mandates specific requirements for air traffic service providers (...",no,methods_protocol,methods_protocol
doi:10.47761/494a02f6.87380999,10.47761/494a02f6.87380999,Extended Flight: The Emergence of Drone Sovereignty,2017,InVisible Culture,biophilic,0,unspecified_environment,unspecified_outcome,unknown,,low,abstract_only_reduced_table,abstract_only;weak_variable_resolution,"Landeyjarsandur, Iceland is a long expanse of black beach stretching down the southern coast of Iceland 1.5 hours southeast of Reykjavik. We took the journey to this place with two Icelandic internet engineers to make a film about how North Atlantic islands are linked by communication networks consisting of fibre-op...",no,methods_protocol,methods_protocol
doi:10.1016/j.pain.2009.02.014,10.1016/j.pain.2009.02.014,"Neonatal pain, parenting stress and interaction, in relation to cognitive and motor development at 8 and 18 months in preterm infants",2009,Pain,air,0,air_quality,stress,mixed,211,medium,abstract_only_reduced_table,abstract_only;n=211,"Procedural pain in the neonatal intensive care unit triggers a cascade of physiological, behavioral and hormonal disruptions which may contribute to altered neurodevelopment in infants born very preterm, who undergo prolonged hospitalization at a time of physiological immaturity and rapid brain development. The aim ...",no,methods_protocol,methods_protocol
doi:10.1177/20552076251361680,10.1177/20552076251361680,Methodological development study: Dynamic mask attention graph neural network for mechanical ventilation in elderly intensive care unit patients.,2025,Digital health,air,0,air_quality,unspecified_outcome,positive,,low,abstract_only_reduced_table,abstract_only;weak_variable_resolution,"With the intensifying global population aging, the demand for mechanical ventilation in geriatric patients is rising. Given their complex physiological traits and sparse intensive care unit (ICU) data, accurate intubation prediction is difficult. Premature intubation may raise the risk of hypoxic organ damage, where...",no,methods_protocol,methods_protocol
doi:10.3390/app10196938,10.3390/app10196938,Supervised Machine Learning to Assess Methane Emissions of a Dairy Building with Natural Ventilation,2020,Applied Sciences,air,0,thermal,unspecified_outcome,null,,low,abstract_only_reduced_table,abstract_only;weak_variable_resolution,A reliable quantification of greenhouse gas emissions is a basis for the development of adequate mitigation measures. Protocols for emission measurements and data analysis approaches to extrapolate to accurate annual emission values are a substantial prerequisite in this context. We systematically analyzed the benef...,no,methods_protocol,methods_protocol
doi:10.1152/jappl.1992.72.3.1024,10.1152/jappl.1992.72.3.1024,"Comparison of gas and liquid ventilation: clinical, physiological, and histological correlates",1992,Journal of Applied Physiology,air,0,air_quality,unspecified_outcome,unknown,16,low,abstract_only_reduced_table,abstract_only;n=16;weak_variable_resolution,"To differentiate the effects of gas and liquid ventilation on cardiopulmonary function during early development, we compared the clinical, physiological, and histological profiles of gas- and liquid-ventilated preterm lambs (n = 16; 108–116 days gestation). Immediately after cesarean section delivery, ventilation co...",no,methods_protocol,methods_protocol
doi:10.3390/foods14091461,10.3390/foods14091461,Exploring the Complexities of Seafood: From Benefits to Contaminants,2025,Foods,cognition,0,unspecified_environment,cognition,mixed,,low,abstract_only_reduced_table,abstract_only;weak_variable_resolution,"Seafood plays a vital role in human diets worldwide, serving as an important source of high-quality protein, omega-3 fatty acids, and essential vitamins and minerals that promote health and prevent various chronic conditions. The health benefits of seafood consumption are well documented, including a reduced risk of...",no,methods_protocol,methods_protocol
doi:10.1021/acs.analchem.7b02759,10.1021/acs.analchem.7b02759,"Exposome-Scale Investigations Guided by Global Metabolomics, Pathway Analysis, and Cognitive Computing",2017,Analytical Chemistry,cognition,0,unspecified_environment,cognition,unknown,,low,abstract_only_reduced_table,abstract_only;weak_variable_resolution,"Concurrent exposure to a wide variety of xenobiotics and their combined toxic effects can play a pivotal role in health and disease, yet are largely unexplored. Investigating the totality of these exposures, i.e., the ""exposome"", and their specific biological effects constitutes a new paradigm for environmental heal...",no,methods_protocol,methods_protocol
doi:10.1093/etojnl/vgag009,10.1093/etojnl/vgag009,Pesticide residues and earthworm reproduction in eighteen Brazilian soils.,2026,Environmental toxicology and chemistry,biophilic,0,biophilia,attention,positive,,medium,abstract_only_reduced_table,abstract_only,"Agricultural intensification has been followed by the increasing use of pesticides, leading to the accumulation of a mixture of residues in the soil. These may have negative impacts on non-target animals like earthworms, but little is known regarding potential effects of contaminant mixtures on these animals in Braz...",no,methods_protocol,methods_protocol
doi:10.1007/s40572-024-00464-5,10.1007/s40572-024-00464-5,Effects of Early-life PFAS Exposure on Child Neurodevelopment: A Review of the Evidence and Research gaps.,2025,Current environmental health reports,other,0,unspecified_environment,unspecified_outcome,unknown,,low,abstract_only_reduced_table,abstract_only;weak_variable_resolution,"Per- and polyfluoroalkyl substances (PFAS) are persistent chemicals with many modern applications, leading to widespread contamination and universal human exposure. PFAS exposure during early life is of particular concern, given susceptibility of the developing fetal and infant brain to toxic exposures. This review ...",no,methods_protocol,methods_protocol
doi:10.1016/j.aca.2025.344561,10.1016/j.aca.2025.344561,Refinement of post-acidification steps in the unified BARGE method for determination of metal bioaccessibility in consumer products: Addressing precipitation issues.,2025,Analytica chimica acta,cognition,0,unspecified_environment,attention,positive,,low,abstract_only_reduced_table,abstract_only;weak_variable_resolution,"Standard Unified BioAccessibility Research Group of Europe (BARGE) Method (UBM) protocols for metal bioaccessibility assessment face challenges due to post-acidification precipitation, causing significant methodological inconsistencies across studies. This research systematically examined precipitate formation by ch...",no,methods_protocol,methods_protocol
doi:10.58803/jlar.v4i3.78,10.58803/jlar.v4i3.78,"Errors, Contaminations, and Confounding Factors in in vivo Studies: Challenges and Practical Solutions",2025,Journal of Lab Animal Research,light,0,thermal,stress,mixed,,medium,abstract_only_reduced_table,abstract_only,"In vivo studies remain a cornerstone of biomedical, pharmacological, and toxicological studies, providing critical insights into the safety and efficacy of novel interventions. However, the reliability and translational value of such experiments are frequently undermined by methodological errors, hidden contaminatio...",no,methods_protocol,empirical_v2
doi:10.1093/chemse/bjac005,10.1093/chemse/bjac005,Odor discrimination in children aged 4–12 years,2022,Chemical Senses,cognition,0,unspecified_environment,cognition,unknown,,low,abstract_only_reduced_table,abstract_only;weak_variable_resolution,"Abstract Olfaction is functional at birth and newborns use their sense of smell to navigate their environment. Yet, certain chemosensory abilities are subject to experience and develop with age. It has been argued that odor discrimination is a key ability enabling organisms to capture and distinguish odors occurring...",no,methods_protocol,methods_protocol
doi:10.1093/chemse/bjaf056,10.1093/chemse/bjaf056,It takes two: intranasal trigeminal chemosensation and its role in odor processing.,2025,Chemical senses,light,0,daylight,attention,mixed,,medium,abstract_only_reduced_table,abstract_only,"Odor perception is a complex, multimodal experience mainly shaped by the interaction between the olfactory and trigeminal systems. Descriptors such as warm, fresh, or spicy reflect the contribution of chemosensory input from the trigeminal nerve, which adds thermal and tactile dimensions to odor perception. The trig...",no,methods_protocol,methods_protocol
doi:10.3389/fpsyg.2021.700514,10.3389/fpsyg.2021.700514,Recent Advances in Smellscape Research for the Built Environment.,2021,Frontiers in psychology,cognition,0,unspecified_environment,attention,unknown,,low,abstract_only_reduced_table,abstract_only;weak_variable_resolution,"The interrelationships between humans, smells and the built environment have been the focus of increasing numbers of research studies in the past ten years. This paper reviews these trends and identifies the challenges in smellscape research from three aspects: methodological approaches, artistic design intervention...",no,methods_protocol,methods_protocol
doi:10.1002/cpz1.70302,10.1002/cpz1.70302,Open-Source Automation of the Proboscis Extension Response Assay: From Odor Delivery to Deep Learning Behavior Analysis.,2026,Current protocols,other,0,unspecified_environment,stress,positive,,low,abstract_only_reduced_table,abstract_only;weak_variable_resolution,"Honeybees (Apis mellifera) rely on olfaction for key behaviors, such as foraging and communication, making them valuable models for studying odor-guided behavior and learning. Traditional paradigms like the proboscis extension response (PER) have been used to investigate associative olfactory learning. However, thes...",no,methods_protocol,empirical_v2
doi:10.1016/j.neubiorev.2023.105527,10.1016/j.neubiorev.2023.105527,Olfaction in the canine cognitive and emotional processes: From behavioral and neural viewpoints to measurement possibilities.,2024,Neuroscience and biobehavioral reviews,cognition,0,unspecified_environment,cognition,positive,,low,abstract_only_reduced_table,abstract_only;weak_variable_resolution,"Domestic dogs (Canis familiaris) have excellent olfactory processing capabilities that are utilized widely in human society e.g., working with customs, police, and army; their scent detection is also used in guarding, hunting, mold-sniffing, searching for missing people or animals, and facilitating the life of the d...",no,methods_protocol,methods_protocol
doi:10.1162/IMAG.a.1094,10.1162/IMAG.a.1094,Local-global functional gradients of the thalamus capturing different aspects of thalamic structure and function.,2026,"Imaging neuroscience (Cambridge, Mass.)",cognition,0,unspecified_environment,attention,unknown,,low,abstract_only_reduced_table,abstract_only;weak_variable_resolution,"The thalamus, a core hub positioned deep in the center of the brain, has a highly complex inter-regional communication pattern. The thalamic functional connectome has received increasing attention, showcasing its pivotal role in various high-order cognitive processes and development. However, thalamic connectome pro...",no,methods_protocol,methods_protocol
doi:10.3791/68911,10.3791/68911,High-Definition Transcranial Direct Current Stimulation During Sleep.,2025,Journal of visualized experiments : JoVE,cognition,0,unspecified_environment,attention,unknown,,low,abstract_only_reduced_table,abstract_only;weak_variable_resolution,High-definition transcranial direct current stimulation (HD-tDCS) enables high spatial precision modulation of neural activity during sleep. This protocol presents a comprehensive methodology for applying HD-tDCS using a 4 x 1 ring electrode configuration while simultaneously recording high-definition electroencepha...,no,methods_protocol,conceptual_framework
doi:10.1371/journal.pone.0336349,10.1371/journal.pone.0336349,Tracing the geopolitical influences on the morphological and functional transformation in Guangdong merchant ships: Knowledge mining from the Ming and Qing maritime archives.,2026,PloS one,other,0,unspecified_environment,unspecified_outcome,positive,,low,abstract_only_reduced_table,abstract_only;weak_variable_resolution,"Although the institutional history of ancient Chinese maritime trade has been extensively documented, the functional evolution of maritime vessels and their underlying drivers remains underexplored. Recent studies have moved beyond political explanations to explore the interplay of economic and technological dynamic...",no,methods_protocol,theoretical
doi:10.1109/TPAMI.2026.3654352,10.1109/TPAMI.2026.3654352,Towards Enhanced Representation Learning for Single-Source Domain Generalization in LiDAR Semantic Segmentation.,2026,IEEE transactions on pattern analysis and machine intelligence,cognition,0,unspecified_environment,attention,unknown,,low,abstract_only_reduced_table,abstract_only;weak_variable_resolution,"With the success of the 3D deep learning models, various perception technologies for autonomous driving have been developed in the LiDAR domain. While these models perform well in the trained source domain, they struggle in unseen domains with a domain gap. In this paper, we propose a representation learning approac...",no,methods_protocol,empirical_v2
doi:10.1038/s41598-025-30327-4,10.1038/s41598-025-30327-4,"Research on the coupling mechanism between green space morphology and the urban heat island effect based on machine learning: a case study of Dali City, China.",2026,Scientific reports,biophilic,0,thermal,productivity,positive,,medium,abstract_only_reduced_table,abstract_only,"Green space configurations represent a critical pathway for mitigating the urban heat island (UHI) effect. However, the underlying mechanistic link between green space morphology and UHI dynamics remains underexplored. This study investigates the relationship between green space morphological attributes and UHI in D...",no,methods_protocol,case_study
doi:10.1109/TNSRE.2025.3551676,10.1109/TNSRE.2025.3551676,Simultaneous Mental Fatigue and Mental Workload Assessment With Wearable High-Density Diffuse Optical Tomography,2025,IEEE transactions on neural systems and rehabilitation engineering,spatial,0,spatial_layout,cognition,positive,,medium,abstract_only_reduced_table,abstract_only,Accurately assessing mental states—such as mental workload and fatigue— is crucial for ensuring the reliability and effectiveness of brain-computer interface (BCI)-based applications. Relying on signals from a limited brain region with low spatial resolution may fail to capture the full scope of relevant information...,no,methods_protocol,empirical_v2
doi:10.3758/s13428-023-02191-5,10.3758/s13428-023-02191-5,A novel protocol to induce mental fatigue,2023,Behavior Research Methods,cognition,0,biophilia,cognition,positive,,medium,abstract_only_reduced_table,abstract_only,"Mental fatigue is a commonplace human experience which is the focus of a growing body of research. Whilst researchers in numerous disciplines have attempted to uncover the origins, nature, and effects of mental fatigue, the literature is marked by many contradictory findings. We identified two major methodological p...",no,methods_protocol,methods_protocol
doi:10.1088/0031-9155/49/19/007,10.1088/0031-9155/49/19/007,GATE: a simulation toolkit for PET and SPECT,2004,Physics in Medicine and Biology,other,0,unspecified_environment,stress,positive,,low,abstract_only_reduced_table,abstract_only;weak_variable_resolution,"Monte Carlo simulation is an essential tool in emission tomography that can assist in the design of new medical imaging devices, the optimization of acquisition protocols and the development or assessment of image reconstruction algorithms and correction techniques. GATE, the Geant4 Application for Tomographic Emiss...",no,methods_protocol,methods_protocol
doi:10.1093/beheco/art047,10.1093/beheco/art047,"The dynamics of animal social networks: analytical, conceptual, and theoretical advances",2013,Behavioral Ecology,other,0,unspecified_environment,unspecified_outcome,unknown,,low,abstract_only_reduced_table,abstract_only;weak_variable_resolution,"Social network analysis provides a broad and complex perspective on animal sociality that is widely applicable to almost any species. Recent applications demonstrate the utility of network analysis for advancing our understanding of the dynamics, selection pressures, development, and evolution of complex social syst...",no,methods_protocol,thought_piece
doi:10.3126/ajms.v15i3.55823,10.3126/ajms.v15i3.55823,Comparison of hemodynamic and analgesic effects of interscalene block with bupivacaine versus bupivacaine-dexmedetomidine combination for shoulder arthroscopy under general anesthesia,2024,Asian Journal of Medical Sciences,other,0,unspecified_environment,unspecified_outcome,mixed,15,low,abstract_only_reduced_table,abstract_only;n=15;weak_variable_resolution,"Background: The interscalene block in shoulder arthroscopy is a well-established procedure. Many drugs have been used as adjuvants to local anesthetics to increase the quality of block in regional anesthesia, with variable results.
Aims and Objectives: The present study was designed to evaluate the effect of dexmede...",no,methods_protocol,methods_protocol
doi:10.3390/s25051470,10.3390/s25051470,Sensor-Based Assessment of Mental Fatigue Effects on Postural Stability and Multi-Sensory Integration,2025,Italian National Conference on Sensors,cognition,0,unspecified_environment,cognition,null,,low,abstract_only_reduced_table,abstract_only;weak_variable_resolution,"Objective: Mental fatigue (MF) induced by prolonged cognitive tasks poses significant risks to postural stability, yet its effects on multi-sensory integration remain poorly understood. Method: This study investigated how MF alters sensory reweighting and postural control in 27 healthy young males. A 45 min incongru...",no,methods_protocol,conceptual_framework
doi:10.1044/2025_AJSLP-25-00183,10.1044/2025_AJSLP-25-00183,"The Effects of High-Coating White Water, Low-Coating White Water, and Milk on the Identification of Swallowing Safety and Efficiency in Healthy Adults as Assessed via Flexible Endoscopic Evaluation of Swallowing: A Pilot Study.",2026,American journal of speech-language pathology,other,0,unspecified_environment,unspecified_outcome,unknown,,low,abstract_only_reduced_table,abstract_only;weak_variable_resolution,"The best liquid bolus protocol to use that accurately identifies penetration, aspiration, and residue on flexible endoscopic evaluation of swallowing (FEES) remains unclear. Recently, the use of high-coating white food dye-colored water has been recommended; however, evidence to support its use is limited. In this s...",no,methods_protocol,methods_protocol
doi:10.2172/1573242,10.2172/1573242,Final Report for Transmission of Information by Acoustic Communication along Metal Pathways in Nuclear Facilities,2019,,thermal,0,thermal,unspecified_outcome,mixed,,low,abstract_only_reduced_table,abstract_only;weak_variable_resolution,"Transmission of information using elastic waves on existing metallic pipes provides an alternative communication option for a nuclear facility. The advantages of this approach consist of transmitting information through barriers, such as the containment building wall. A viable candidate for acoustic communication ch...",no,methods_protocol,theoretical
doi:10.48550/arXiv.2401.05568,10.48550/arXiv.2401.05568,Phase discovery with active learning: Application to structural phase transitions in equiatomic NiTi,2024,arXiv.org,thermal,0,thermal,cognition,unknown,,low,abstract_only_reduced_table,abstract_only,"Nickel titanium (NiTi) is a protypical shape-memory alloy used in a range of biomedical and engineering devices, but direct molecular dynamics simulations of the martensitic B19' ->B2 phase transition driving its shape-memory behavior are rare and have relied on classical force fields with limited accuracy. Here, we...",no,methods_protocol,methods_protocol
doi:10.1111/j.1467-8330.2011.00890.x,10.1111/j.1467-8330.2011.00890.x,"Emissions Trading, New Enclosures and Eco‐Social Contestation",2011,Antipode,spatial,0,spatial_layout,mood,unknown,,low,abstract_only_reduced_table,abstract_only,Abstract: The central operating strategy within the 1997 Kyoto Protocol and most of the advanced capitalist world's environmental policy is to address climate change through the market mechanism known as emissions trading. Based upon government issuance and private trading of emissions reductions credits and offsets...,no,methods_protocol,theoretical
doi:10.7759/cureus.70789,10.7759/cureus.70789,Compact Arterial Monitoring Device Use in Resuscitative Endovascular Balloon Occlusion of the Aorta (REBOA): A Simple Validation Study in Swine.,2024,Cureus,other,0,unspecified_environment,unspecified_outcome,unknown,4,low,abstract_only_reduced_table,abstract_only;n=4;weak_variable_resolution,Introduction Hemorrhage is the leading cause of preventable death in trauma in both the military and civilian settings worldwide. Medical studies from Operation Enduring Freedom (OEF) and Operation Iraqi Freedom (OIF) informed change in military prehospital medicine by influencing widespread tourniquet distribution ...,no,methods_protocol,empirical_v2
doi:10.1146/annurev-soc-073018-022707,10.1146/annurev-soc-073018-022707,The Role of Space in the Formation of Social Ties,2019,Annual Review of Sociology,cognition,0,unspecified_environment,attention,unknown,,low,abstract_only_reduced_table,abstract_only;weak_variable_resolution,"Recent years have seen a resurgence of interest in the relation between networks and spatial context. This review examines critically a selection of the literature on how physical space affects the formation of social ties. Different aspects of this question have been a feature in network analysis, neighborhood rese...",no,methods_protocol,mixed_methods
doi:10.1186/s12911-025-03313-z,10.1186/s12911-025-03313-z,Supporting parent treatment decision-making in relapsed and refractory neuroblastoma: co-design of a web-based intervention.,2025,BMC medical informatics and decision making,cognition,0,unspecified_environment,cognition,unknown,,low,abstract_only_reduced_table,abstract_only;weak_variable_resolution,Parents of children diagnosed with relapsed or refractory neuroblastoma become involved in making treatment decisions for their child due to an absence of no standard treatment protocol with no clear treatment endpoints. Relapsed and refractory neuroblastoma is a poor-prognosis childhood cancer with varying treatmen...,no,methods_protocol,methods_protocol
doi:10.1101/2025.10.10.681748,10.1101/2025.10.10.681748,DeviceAgent: An autonomous multimodal AI agent for flexible bioelectronics.,2025,bioRxiv : the preprint server for biology,spatial,0,spatial_layout,cognition,unknown,,low,abstract_only_reduced_table,abstract_only,"The development of flexible bioelectronics remains a complex, multidisciplinary process that demands specialized expertise and labor-intensive efforts, limiting scalability, adaptability and accessibility. Here, we introduce DeviceAgent, an autonomous multimodal AI agent that integrates large language models (LLMs),...",no,methods_protocol,conceptual_framework
doi:10.3141/1966-04,10.3141/1966-04,Freight Villages: Warehouse Design and Rail Link Aspects,2006,Transportation Research Record Journal of the Transportation Research Board,spatial,0,spatial_layout,unspecified_outcome,unknown,,low,abstract_only_reduced_table,abstract_only;weak_variable_resolution,"Freight villages reflect a modern way of organizing logistics, transport, and goods distribution activities. Warehouses are a basic element in such building complexes, and their efficient planning and operation is essential for the viability of the system. Warehouse design requires a mixture of analytical skills and...",no,methods_protocol,conceptual_framework
doi:10.1177/02692155251372114,10.1177/02692155251372114,Psychometric properties and clinical usability of the cognition in daily life scale in patients with acquired brain injury in clinical care settings.,2025,Clinical rehabilitation,other,0,unspecified_environment,unspecified_outcome,unknown,,low,abstract_only_reduced_table,abstract_only;weak_variable_resolution,"ObjectiveEvaluate the internal consistency, inter-rater and test-retest reliability, convergent and divergent validity and clinical usability of the Cognition in Daily Life scale for patients with acquired brain injury.DesignValidation study.ParticipantsA total of 75 patients with acquired brain injury (mostly male [",no,methods_protocol,methods_protocol
doi:10.1038/s41598-025-33293-z,10.1038/s41598-025-33293-z,Optimization of power grid material warehousing and supply chain distribution path planning based on improved PSO algorithm.,2025,Scientific reports,spatial,0,spatial_layout,productivity,positive,,medium,abstract_only_reduced_table,abstract_only,"With the deepening of smart grid construction, the complexity of power grid material warehousing and emergency distribution continues to increase, which puts higher demands on efficient and scalable optimization models. In response to the problems of insufficient search efficiency and weak adaptability to dynamic di...",no,methods_protocol,theoretical
doi:10.1002/ab.22126,10.1002/ab.22126,Weakened sympathetic response and lower parasympathetic activity in intimate partner violence perpetrators when empathizing: Influence of autonomous activation in affective approach and prosocial behavior.,2024,Aggressive Behavior,affect,0,unspecified_environment,mood,mixed,52,low,abstract_only_reduced_table,abstract_only;n=52;weak_variable_resolution,"The autonomic nervous system (ANS) functioning has been proposed as a relevant method to characterize the therapeutic needs of intimate partner violence (IPV) perpetrators. Nevertheless, research has neglected the influence of the ANS on socio-affective functions in this population. The aim of the present study was ...",no,methods_protocol,thought_piece
doi:10.1371/journal.pone.0223675,10.1371/journal.pone.0223675,Establishing an infrastructure for collaboration in primate cognition research,2019,PLoS ONE,cognition,0,unspecified_environment,cognition,positive,,low,abstract_only_reduced_table,abstract_only;weak_variable_resolution,"Inferring the evolutionary history of cognitive abilities requires large and diverse samples. However, such samples are often beyond the reach of individual researchers or institutions, and studies are often limited to small numbers of species. Consequently, methodological and site-specific-differences across studie...",no,methods_protocol,case_study
doi:10.48550/arXiv.2509.20916,10.48550/arXiv.2509.20916,Cross-Linguistic Analysis of Memory Load in Sentence Comprehension: Linear Distance and Structural Density,2025,arXiv.org,cognition,0,biophilia,cognition,positive,,medium,abstract_only_reduced_table,abstract_only,"This study examines whether sentence-level memory load in comprehension is better explained by linear proximity between syntactically related words or by the structural density of the intervening material. Building on locality-based accounts and cross-linguistic evidence for dependency length minimization, the work ...",no,methods_protocol,thought_piece
doi:10.3390/s25206398,10.3390/s25206398,Efficiency Evaluation of Sampling Density for Indoor Building LiDAR Point-Cloud Segmentation,2025,Italian National Conference on Sensors,spatial,0,spatial_layout,cognition,unknown,,low,abstract_only_reduced_table,abstract_only,"Prior studies on indoor LiDAR point-cloud semantic segmentation consistently report that sampling density strongly affects segmentation accuracy as well as runtime and memory, establishing an accuracy–efficiency trade-off. Nevertheless, in practice, the density is often chosen heuristically and reported under hetero...",no,methods_protocol,conceptual_framework
doi:10.1038/s41598-025-31544-7,10.1038/s41598-025-31544-7,Digital restoration and feature recognition of a Qing-Dynasty vernacular dwelling based on multimodal data fusion.,2025,Scientific reports,spatial,0,spatial_layout,unspecified_outcome,unknown,,low,abstract_only_reduced_table,abstract_only;weak_variable_resolution,"This study addresses the urgent challenge of digitally preserving severely damaged vernacular architecture that lacks complete historical documentation. Taking the Dan Tao's Former Residence, a Qing Dynasty dwelling in the Jingchu region, as a case study, we propose a reproducible multimodal framework for reverse re...",no,methods_protocol,case_study
doi:10.1038/s41598-025-32141-4,10.1038/s41598-025-32141-4,Energy-driven K-means-based LEACH routing protocol for enhanced lifetime in wireless sensor networks.,2026,Scientific reports,other,0,unspecified_environment,productivity,positive,,low,abstract_only_reduced_table,abstract_only;weak_variable_resolution,"Wireless Sensor Networks (WSNs) are widely deployed in monitoring and automation applications; however, their performance is constrained by the limited battery capacity of sensor nodes. Traditional K-means-based LEACH routing protocol improves cluster formation using distance-based clustering, but it still relies on...",no,methods_protocol,methods_protocol
doi:10.1121/10.0038646,10.1121/10.0038646,Spatiotemporal group definition of franciscana dolphins from passive acoustic data.,2025,JASA express letters,acoustic,0,noise,unspecified_outcome,unknown,,low,abstract_only_reduced_table,abstract_only;weak_variable_resolution,"We applied passive acoustic monitoring and Hierarchical Density-Based Spatial Clustering of Applications with Noise clustering to define spatiotemporally cohesive groupings of franciscana dolphin (Pontoporia blainvillei) echolocation click trains. This unsupervised, objective method identified biologically relevant ...",no,methods_protocol,conceptual_framework
doi:10.1016/j.compmedimag.2025.102692,10.1016/j.compmedimag.2025.102692,Improving Alzheimer's disease diagnosis by hyperspherical weighted adversarial learning in open set domain adaptation.,2026,Computerized medical imaging and graphics : the official journal of the Computerized Medical Imaging Society,cognition,0,unspecified_environment,attention,mixed,,low,abstract_only_reduced_table,abstract_only;weak_variable_resolution,"Alzheimer's Disease (AD) is a progressive neurodegenerative disorder characterized by cognitive decline and memory loss. Magnetic Resonance Imaging (MRI) plays a key role in detecting AD in Computer-aided Diagnosis (CAD) systems. However, variations in MRI scanners and imaging protocols introduce domain shifts, whic...",no,methods_protocol,empirical_v2
doi:10.1007/s10071-025-01959-w,10.1007/s10071-025-01959-w,Cleaner wrasse failed in early testing stages of both visual and spatial working memory paradigms.,2025,Animal cognition,cognition,0,unspecified_environment,cognition,unknown,,low,abstract_only_reduced_table,abstract_only;weak_variable_resolution,"Working memory (WM), an attention-based short-term storage system responsible for the manipulation and integration of past knowledge with present information for goal-directed behavior, is a key executive function and a principal predictor of general intelligence. Despite its importance, WM has not been a major rese...",no,methods_protocol,empirical_v2
doi:10.1007/s00221-025-07104-w,10.1007/s00221-025-07104-w,The electrocortical activity of elite Rubik's cube athletes while solving the cube.,2025,Experimental brain research,cognition,0,daylight,cognition,positive,,medium,abstract_only_reduced_table,abstract_only,"Solving the Rubik's Cube (RC) swiftly demands intricate cognitive abilities to generate strategic and precise movements, and the electrocortical demands in high-level RC athletes have not been explored. Therefore, we aimed at examining the electrocortical activity associated with planning and executing the RC, along...",no,methods_protocol,theoretical
doi:10.1136/bmjopen-2018-027636,10.1136/bmjopen-2018-027636,Fit for purpose? OrganisationaL prOdUctivity and woRkforce wellbeIng in workSpaces in Hospital (FLOURISH): a multimethod qualitative study protocol.,2019,BMJ open,affect,0,unspecified_environment,productivity,unknown,,low,abstract_only_reduced_table,abstract_only;weak_variable_resolution,"Workspaces are socially constructed environments where social relationships are produced, reproduced, challenged and transformed. Their primary function is to support high-quality service delivery to the benefit of 'patients'. They are also settings where employees can work effectively, in a safe and healthy environ...",no,methods_protocol,methods_protocol
doi:10.1038/s41598-025-29687-8,10.1038/s41598-025-29687-8,Extracting causality from spectroscopy.,2025,Scientific reports,other,0,unspecified_environment,unspecified_outcome,unknown,,low,abstract_only_reduced_table,abstract_only;weak_variable_resolution,"Causality represents a directed relationship where one state, designated as a cause, directly produces or partially influences another state, an effect. Identifying causality in observations of physical phenomena is a core challenge in science, as it reveals the fundamental laws governing these observations. However...",no,methods_protocol,methods_protocol
doi:10.1038/s41597-025-06392-9,10.1038/s41597-025-06392-9,SemanticRail3D - A Mobile LiDAR Benchmark for Semantic and Instance Segmentation of Railway Corridors.,2025,Scientific data,other,0,unspecified_environment,productivity,positive,,low,abstract_only_reduced_table,abstract_only;weak_variable_resolution,"Monitoring and maintaining railway corridors requires accurate, high-resolution spatial data to ensure operational safety and efficiency. However, data-driven railway infrastructure assessment has been limited by the scarcity of large-scale, finely annotated 3D benchmarks. To address this gap we first introduce Sema...",no,methods_protocol,methods_protocol
doi:10.3390/land13040563,10.3390/land13040563,"Navigating Post-COVID-19 Social–Spatial Inequity: Unravelling the Nexus between Community Conditions, Social Perception, and Spatial Differentiation",2024,Land,biophilic,0,biophilia,attention,unknown,,low,abstract_only_reduced_table,abstract_only,"The 2023 SDGs report underscores the prolonged disruption of COVID-19 on community living spaces, infrastructure, education, and income equality, exacerbating social and spatial inequality. Against the backdrop of the dual impact of significant events and the emergence of digital technologies, a coherent research tr...",no,methods_protocol,thought_piece
doi:10.1093/geronb/gbaf253,10.1093/geronb/gbaf253,Sharing common measures of the environment across continents: Challenges and opportunities for global studies of aging.,2026,"The journals of gerontology. Series B, Psychological sciences and social sciences",other,0,unspecified_environment,unspecified_outcome,unknown,,low,abstract_only_reduced_table,abstract_only;weak_variable_resolution,"Environmental exposures are modifiable risk factors for accelerated aging, but research is frequently limited to individual countries due to inconsistent exposure assessment. Cross-national data provides broader perspectives but adds methodological complexities. This study evaluated spatial and temporal patterns of ...",no,methods_protocol,thought_piece
doi:10.1038/s42949-025-00310-z,10.1038/s42949-025-00310-z,Conventional approaches to indicators and metrics undermine urban climate adaptation.,2026,npj urban sustainability,other,0,unspecified_environment,unspecified_outcome,positive,,low,abstract_only_reduced_table,abstract_only;weak_variable_resolution,"Measurement is essential for effective adaptation management and operation, and indicators and metrics (I&M) have a pivotal role. Surprisingly, systematic efforts to assess advances in the provision of adaptation I&M are scarce, and those that do exist often lack in-depth analysis of the types, characteristics, and ...",no,methods_protocol,methods_protocol
doi:10.54691/hc2a3j70,10.54691/hc2a3j70,Research on the Spatial Heterogeneity of Urban Vitality Driven by Social Big Data: A Case Study of Xi’an,2025,Frontiers in Humanities and Social Sciences,spatial,0,spatial_layout,unspecified_outcome,null,,low,abstract_only_reduced_table,abstract_only;weak_variable_resolution,"Based on multi-scale geographically weighted regression (MGWR) and spatial autocorrelation analysis, this paper explores the impact of different urban functional elements on urban vitality and their spatial heterogeneity. The results show that urban vitality exhibits significant spatial clustering within the study a...",no,methods_protocol,case_study
doi:10.1103/revmodphys.82.665,10.1103/revmodphys.82.665,Nonlocality and communication complexity,2010,Reviews of Modern Physics,other,0,unspecified_environment,unspecified_outcome,negative,,low,abstract_only_reduced_table,abstract_only;weak_variable_resolution,"Quantum information processing is the emerging field that defines and realizes computing devices that make use of quantum mechanical principles such as the superposition principle, entanglement, and interference. Until recently the common notion of computing was based on classical mechanics and did not take into acc...",no,methods_protocol,theoretical
doi:10.1093/comnet/cnt013,10.1093/comnet/cnt013,Social and landscape effects on food webs: a multi-level network simulation model,2013,Journal of Complex Networks,cognition,0,unspecified_environment,attention,negative,,low,abstract_only_reduced_table,abstract_only;weak_variable_resolution,"One source of complexity in ecological systems is the hierarchical organization of parallel biological processes. Our ‘horizontal’ knowledge describing different levels is quite massive, but the understanding of their vertical interactions is very poor. We present a toy model linking social networks, food webs and a...",no,methods_protocol,conceptual_framework
doi:10.3390/su17073077,10.3390/su17073077,Exploring the Impact of Biophilic Design Interventions on Children’s Engagement with Natural Elements,2025,Sustainability,cognition,0,air_quality,attention,positive,,medium,abstract_only_reduced_table,abstract_only,"Early childhood education is crucial in the development of a learned society. However, existing early childhood education focuses on languages, numbers, cultural and social interactions without much emphasis on the importance of the natural environment. Therefore, this study investigates the integration of biophilic...",no,methods_protocol,conceptual_framework
doi:10.31650/2707-403x-2024-18-329-335,10.31650/2707-403x-2024-18-329-335,THE INFLUENCE OF BIOPHILIC DESIGN ON HUMAN PSYCHOLOGY,2024,Regional problems of architecture and urban planning,biophilic,0,biophilia,mood,positive,,medium,abstract_only_reduced_table,abstract_only,"Biophilic design is becoming increasingly popular in modern architecture, especially in the context of improving quality of life and the psycho-emotional state of people. The concept of biophilia, rooted in the natural human instinct to be close to nature, forms the foundation for designing spaces that enhance the p...",no,methods_protocol,theoretical
doi:10.3390/s22041369,10.3390/s22041369,"Unpacking the ‘15-Minute City’ via 6G, IoT, and Digital Twins: Towards a New Narrative for Increasing Urban Efficiency, Resilience, and Sustainability",2022,Sensors,other,0,unspecified_environment,unspecified_outcome,positive,,low,abstract_only_reduced_table,abstract_only;weak_variable_resolution,"The ‘15-minute city’ concept is emerging as a potent urban regeneration model in post-pandemic cities, offering new vantage points on liveability and urban health. While the concept is primarily geared towards rethinking urban morphologies, it can be furthered via the adoption of Smart Cities network technologies to...",no,methods_protocol,thought_piece
doi:10.1177/00236772251384749,10.1177/00236772251384749,Shelved cages impact affective behavior in Sprague Dawley rats - implications for animal welfare.,2025,Laboratory animals,cognition,0,air_quality,attention,null,,medium,abstract_only_reduced_table,abstract_only,"Laboratory animal welfare has received increasing attention in recent years as housing protocols move toward favoring environments that allow natural behaviors. Within this study, the effects of housing male and female Sprague Dawley rats in standard cages versus taller cages with an upper shelf were investigated. T...",no,methods_protocol,empirical_v2
doi:10.1146/annurev-orgpsych-080422-052147,10.1146/annurev-orgpsych-080422-052147,Laying the Foundation for the Challenge–Hindrance Stressor Framework 2.0,2023,Annual Review of Organizational Psychology and Organizational Behavior,biophilic,0,biophilia,stress,unknown,,low,abstract_only_reduced_table,abstract_only,"Although traditional views of workplace stress assume that all job demands have deleterious consequences, research indicates that some job demands may benefit employees. Notably, the Challenge–Hindrance Stressor Framework (CHSF) proposes that, although job demands that constrain, hinder, or thwart personal growth an...",no,methods_protocol,conceptual_framework
doi:10.1097/sc9.0000000000000052,10.1097/sc9.0000000000000052,Biophysical Mechanisms and Clinical Potential of Millimeter-Wave Therapy in Aesthetic Medicine,2025,Journal of Craniofacial Surgery Open,biophilic,0,thermal,attention,negative,,medium,abstract_only_reduced_table,abstract_only,"Electromagnetic waves in the extremely high frequency (EHF, 30–300 GHz) range represent a non-thermal physical factor with pronounced bioregulatory effects. Their interaction with cellular structures is predominantly informational in nature and is realized through modulation of membrane protein activity, ion channel...",no,methods_protocol,theoretical
doi:10.3389/fnrgo.2022.835648,10.3389/fnrgo.2022.835648,Neuroscientific Methods for Exploring User Perceptions While Dealing With Mobile Advertising: A Novel and Integrated Approach.,2022,Frontiers in neuroergonomics,biophilic,0,biophilia,attention,positive,,medium,abstract_only_reduced_table,abstract_only,"Display and native ads represent two of the most widely used digital advertising formats employed by advertisers that aim to grab the attention of online users. In recent years, the native format has become very popular because it relies on deceptive features that make harder the recognition of its advertising natur...",no,methods_protocol,methods_protocol
doi:10.1007/s43630-023-00377-6,10.1007/s43630-023-00377-6,Effects of UV radiation on natural and synthetic materials,2023,Photochemical and Photobiological Sciences,thermal,0,thermal,productivity,positive,,medium,abstract_only_reduced_table,abstract_only,"The deleterious effects of solar ultraviolet (UV) radiation on construction materials, especially wood and plastics, and the consequent impacts on their useful lifetimes, are well documented in scientific literature. Any future increase in solar UV radiation and ambient temperature due to climate change will therefo...",no,methods_protocol,methods_protocol
doi:10.1111/j.1365-2664.2005.01004.x,10.1111/j.1365-2664.2005.01004.x,Standards for ecologically successful river restoration,2005,Journal of Applied Ecology,restoration,0,unspecified_environment,unspecified_outcome,positive,,low,abstract_only_reduced_table,abstract_only;weak_variable_resolution,"Summary Increasingly, river managers are turning from hard engineering solutions to ecologically based restoration activities in order to improve degraded waterways. River restoration projects aim to maintain or increase ecosystem goods and services while protecting downstream and coastal ecosystems. There is growin...",no,methods_protocol,thought_piece
doi:10.26458/jedep.v7i1.571,10.26458/jedep.v7i1.571,QUALITATIVE RESEARCH METHODOLOGY IN SOCIAL SCIENCES AND RELATED SUBJECTS,2018,Journal of Economic Development Environment and People,other,0,unspecified_environment,unspecified_outcome,positive,,low,abstract_only_reduced_table,abstract_only;weak_variable_resolution,"This literature review paper discusses the proper use of qualitative research methodology to discuss several aspects of the research for the improvement of the skill of the readers. During the last few decades, the use of qualitative research has been increased in many institutions. It can be used to explore several...",no,methods_protocol,methods_protocol
doi:10.1177/1099636221989234,10.1177/1099636221989234,Fire reaction of sandwich panels with corrugated and honeycomb cores made from natural materials,2021,Journal of Sandwich Structures and Materials,light,0,daylight,productivity,positive,,medium,abstract_only_reduced_table,abstract_only,"In recent years, the synthetic cores of sandwich panels have experienced an increase in demand to be replaced by environmentally friendly materials. Furthermore, with the stringent fire protocols introduced in the building codes due to recent fire incidents around the world, it is imperative to conduct fire performa...",no,methods_protocol,empirical_v2
doi:10.1017/s1366728925100576,10.1017/s1366728925100576,Bilingual effects on cognitive control: Are we looking in the right place?,2025,Bilingualism: Language and Cognition,cognition,0,unspecified_environment,productivity,unknown,,low,abstract_only_reduced_table,abstract_only;weak_variable_resolution,"Whether bilingualism confers non-linguistic cognitive advantages continues to generate both interest and debate in the psychological sciences. In response to mixed reports and methodological critiques, researchers have embraced more rigorous practices when investigating bilingual effects, including those in the doma...",no,methods_protocol,methods_protocol
doi:10.21608/jdsaa.2020.28494.1011,10.21608/jdsaa.2020.28494.1011,Towards a methodological approach to apply Biophilic Interior Design in hospitality spaces,2020,Journal of Design Sciences and Applied Arts/Journal of Design Sciences and Applied Arts ,biophilic,0,biophilia,mood,positive,,medium,abstract_only_reduced_table,abstract_only,"The impact of Biophilic interior design on interior space users resulted from the relation between human biology, built environment and the surrounding nature of the establishment, which enhanced user psychological and physiological health. [1]understanding the user needs leads to evoke positive feelings through cer...",no,methods_protocol,case_study
doi:10.7494/csci.2021.22.1.3840,10.7494/csci.2021.22.1.3840,Circle formation by asynchronous opaque robots on infinite grid,2021,Computer Science,biophilic,0,biophilia,cognition,unknown,,low,abstract_only_reduced_table,abstract_only,This paper presents a distributed algorithm for circle formation problem under the infinite grid environment by asynchronous mobile opaque robots. Initially all the robots are acquiring distinct positions and they have to form a circle over the grid. Movements of the robots are restricted only along the grid lines. ...,no,methods_protocol,methods_protocol
doi:10.1016/j.healthplace.2017.11.005,10.1016/j.healthplace.2017.11.005,The natural context of wellbeing: Ecological momentary assessment of the influence of nature and daylight on affect and stress for individuals with depression levels varying from none to clinical,2017,Health & Place,affect,0,daylight,mood,mixed,,medium,abstract_only_reduced_table,abstract_only,This paper explores how everyday encounters with two natural phenomena -natural elements and daylight- influence affect and stress levels for people differing in mental health. Nature and daylight exposure both have well-documented beneficial effects on mental health and affect but to what extent their exposure has ...,no,methods_protocol,methods_protocol
doi:10.3233/THC-2011-0650,10.3233/THC-2011-0650,Light therapy: methodological issues from an engineering perspective.,2012,Technology and health care : official journal of the European Society for Engineering and Medicine,light,0,daylight,attention,unknown,,low,abstract_only_reduced_table,abstract_only,"Light therapy is increasingly administered and studied as a non-pharmacologic treatment for a variety of health-related problems, including treatment of people with dementia. Light therapy comes in a variety of ways, ranging from being exposed to daylight, to being exposed to light emitted by light boxes and ambient...",no,methods_protocol,thought_piece
doi:10.5498/wjp.v6.i1.7,10.5498/wjp.v6.i1.7,Gender differences in caregiving among family - caregivers of people with mental illnesses,2016,World Journal of Psychiatry,affect,0,air_quality,stress,positive,,medium,abstract_only_reduced_table,abstract_only,"All over the world women are the predominant providers of informal care for family members with chronic medical conditions or disabilities, including the elderly and adults with mental illnesses. It has been suggested that there are several societal and cultural demands on women to adopt the role of a family-caregiv...",no,methods_protocol,methods_protocol
doi:10.1111/j.1751-228x.2008.00023.x,10.1111/j.1751-228x.2008.00023.x,Rhythms of Mental Performance,2008,Mind Brain and Education,cognition,0,thermal,sleep,unknown,,low,abstract_only_reduced_table,abstract_only,"ABSTRACT— Cognitive performance is affected by an individual’s characteristics and the environment, as well as by the nature of the task and the amount of practice at it. Mental performance tests range in complexity and include subjective estimates of mood, simple objective tests (reaction time), and measures of com...",no,methods_protocol,methods_protocol
doi:10.1145/863955.863960,10.1145/863955.863960,A delay-tolerant network architecture for challenged internets,2003,,cognition,0,unspecified_environment,cognition,unknown,,low,abstract_only_reduced_table,abstract_only;weak_variable_resolution,The highly successful architecture and protocols of today's Internet may operate poorly in environments characterized by very long delay paths and frequent network partitions. These problems are exacerbated by end nodes with limited power or memory resources. Often deployed in mobile and extreme environments lacking...,no,methods_protocol,methods_protocol
doi:10.4236/jbise.2010.34054,10.4236/jbise.2010.34054,Classification of human emotion from EEG using discrete wavelet transform,2010,Journal of Biomedical Science and Engineering,affect,0,unspecified_environment,productivity,unknown,,low,abstract_only_reduced_table,abstract_only;weak_variable_resolution,"In this paper, we summarize the human emotion recognition using different set of electroencephalogram (EEG) channels using discrete wavelet transform. An audio-visual induction based protocol has been designed with more dynamic emotional content for inducing discrete emotions (disgust, happy, surprise, fear and neut...",no,methods_protocol,empirical_v2
doi:10.1007/s10439-015-1356-x,10.1007/s10439-015-1356-x,Ultrasound Elastography for Estimation of Regional Strain of Multilayered Hydrogels and Tissue-Engineered Cartilage.,2015,Annals of biomedical engineering,acoustic,0,noise,productivity,unknown,,low,abstract_only_reduced_table,abstract_only,"Tissue-engineered (TE) cartilage constructs tend to develop inhomogeneously, thus, to predict the mechanical performance of the tissue, conventional biomechanical testing, which yields average material properties, is of limited value. Rather, techniques for evaluating regional and depth-dependent properties of TE ca...",no,methods_protocol,methods_protocol
doi:10.1386/jmte.5.2.195_1,10.1386/jmte.5.2.195_1,Creativity-centred design for ubiquitous musical activities: Two case studies,2012,Journal of Music Technology and Education,acoustic,0,noise,attention,positive,,medium,abstract_only_reduced_table,abstract_only,"This study is among the first that attempt to define a methodology for creativity-centred software design in educational contexts, more specifically for musical activities in ubiquitous settings. We propose and apply a set of design techniques – the Ubimus Planning and the Ubimus Design protocols – as alternatives t...",no,methods_protocol,empirical_v2
doi:10.1016/j.envint.2026.110054,10.1016/j.envint.2026.110054,Unveiling the contextual nonstationary effects of the built environment on individual air pollution exposure: a mobile sensor big data driven research design.,2026,Environment international,air,0,air_quality,unspecified_outcome,positive,,low,abstract_only_reduced_table,abstract_only;weak_variable_resolution,"While existing studies have extensively examined the relationship between the built environment and air pollution using monitoring station data, few have considered individual-level exposure. This study addresses that gap by adopting a real-time exposure tracking research design that integrates mobile air quality se...",no,methods_protocol,conceptual_framework
doi:10.5194/nhess-10-1697-2010,10.5194/nhess-10-1697-2010,Review article &amp;quot;Assessment of economic flood damage&amp;quot;,2010,Natural hazards and earth system sciences,cognition,0,unspecified_environment,attention,positive,,low,abstract_only_reduced_table,abstract_only;weak_variable_resolution,"Abstract. Damage assessments of natural hazards supply crucial information to decision support and policy development in the fields of natural hazard management and adaptation planning to climate change. Specifically, the estimation of economic flood damage is gaining greater importance as flood risk management is b...",no,methods_protocol,theoretical
doi:10.1093/jmammal/gyw078,10.1093/jmammal/gyw078,2016 Guidelines of the American Society of Mammalogists for the use of wild mammals in research and education:,2016,Journal of Mammalogy,other,0,unspecified_environment,unspecified_outcome,unknown,,low,abstract_only_reduced_table,abstract_only;weak_variable_resolution,"Guidelines for use of wild mammal species in research are updated from Sikes et al. (2011) . These guidelines cover current professional techniques and regulations involving the use of mammals in research and teaching; they also incorporate new resources, procedural summaries, and reporting requirements. Included ar...",no,methods_protocol,methods_protocol
doi:10.1016/j.actpsy.2016.08.006,10.1016/j.actpsy.2016.08.006,Insight with hands and things.,2016,Acta psychologica,cognition,0,spatial_layout,attention,unknown,,low,abstract_only_reduced_table,abstract_only,"Two experiments examined whether different task ecologies influenced insight problem solving. The 17 animals problem was employed, a pure insight problem. Its initial formulation encourages the application of a direct arithmetic solution, but its solution requires the spatial arrangement of sets involving some degre...",no,methods_protocol,theoretical
doi:10.1371/journal.pone.0167750,10.1371/journal.pone.0167750,Task Differences and Prosociality; Investigating Pet Dogs' Prosocial Preferences in a Token Choice Paradigm.,2016,PloS one,spatial,0,spatial_layout,unspecified_outcome,positive,,low,abstract_only_reduced_table,abstract_only;weak_variable_resolution,"Prosociality has received increasing interest by non-human animal researchers since the initial discoveries that suggested it is not a uniquely human trait. However, thus far studies, even within the same species, have not garnered conclusive results. A prominent suggestion for this disparity is the effect methodolo...",no,methods_protocol,empirical_v2
doi:10.1038/srep18102,10.1038/srep18102,Familiarity affects other-regarding preferences in pet dogs,2015,Scientific Reports,cognition,0,unspecified_environment,cognition,unknown,,low,abstract_only_reduced_table,abstract_only;weak_variable_resolution,"Abstract Other-regarding preferences are considered to be the foundation of human cooperation. However, the evolutionary origin of this behavior in humans remains poorly understood. So far, comparative studies in primates have led to mixed conclusions probably due to methodological differences relating to both task ...",no,methods_protocol,methods_protocol
doi:10.1145/360248.360253,10.1145/360248.360253,Ethernet,1976,Communications of the ACM,other,0,unspecified_environment,productivity,unknown,,low,abstract_only_reduced_table,abstract_only;weak_variable_resolution,Ethernet is a branching broadcast communication system for carrying digital data packets among locally distributed computing stations. The packet transport mechanism provided by Ethernet has been used to build systems which can be viewed as either local computer networks or loosely coupled multiprocessors. An Ethern...,no,methods_protocol,theoretical
doi:10.1111/j.1749-6632.2009.05333.x,10.1111/j.1749-6632.2009.05333.x,Neighborhoods and health,2010,Annals of the New York Academy of Sciences,cognition,0,unspecified_environment,attention,unknown,,low,abstract_only_reduced_table,abstract_only;weak_variable_resolution,Features of neighborhoods or residential environments may affect health and contribute to social and race/ethnic inequalities in health. The study of neighborhood health effects has grown exponentially over the past 15 years. This chapter summarizes key work in this area with a particular focus on chronic disease ou...,no,methods_protocol,methods_protocol
doi:10.5194/nhess-7-657-2007,10.5194/nhess-7-657-2007,Landslide risk analysis: a multi-disciplinary methodological approach,2007,Natural hazards and earth system sciences,biophilic,0,biophilia,mood,unknown,,low,abstract_only_reduced_table,abstract_only,"Abstract. This study describes an analysis carried out within the European community project ""ALARM"" (Assessment of Landslide Risk and Mitigation in Mountain Areas, 2004) on landslide risk assessment in the municipality of Corvara in Badia, Italy. This mountainous area, located in the central Dolomites (Italian Alps...",no,methods_protocol,methods_protocol
sha256:e0fe31d3e28a,,Ayurvedic Stress Management: Balancing Mind * Body in Men * Women.,0,Advances in mind-body medicine,affect,0,unspecified_environment,stress,positive,,low,abstract_only_reduced_table,abstract_only;weak_variable_resolution,"Ayurvedic stress management offers a comprehensive, individualized approach to health by viewing stress as a disruption of the body's natural equilibrium rather than solely a psychological condition. Rooted in the ancient principles of mind-body-spirit integration, Ayurveda identifies stress as a manifestation of im...",no,methods_protocol,conceptual_framework
doi:10.31026/j.eng.2026.01.06,10.31026/j.eng.2026.01.06,Children’s Perception and Learning Skills: Implications in Kindergarten Architecture,2026,Jurnal Engineering,cognition,0,unspecified_environment,attention,unknown,,low,abstract_only_reduced_table,abstract_only;weak_variable_resolution,"Kindergarten architecture plays an important role in shaping children’s perception and learning. However, many designs still fail to systematically translate educational theories into tangible spatial solutions. This gap highlights the research problem addressed in the present study as the absence of integrated arch...",no,methods_protocol,theoretical
doi:10.1016/j.humov.2010.11.012,10.1016/j.humov.2010.11.012,Grasping possibilities for action: influence of object function and action capabilities.,2011,Human movement science,cognition,0,unspecified_environment,attention,unknown,,low,abstract_only_reduced_table,abstract_only;weak_variable_resolution,The purpose of this study was to investigate the influence of object function and the observer's action capabilities on grasp facilitation. We used a stimulus-response compatibility (SRC) protocol in which participants were asked to reach and grasp a drinking glass using one of two grasps - the thumb-up or the thumb...,no,methods_protocol,conceptual_framework
doi:10.3991/ijep.v10i5.13727,10.3991/ijep.v10i5.13727,The Possibilities of Improving Communication Skills in the Training of Engineering Students,2020,Int. J. Eng. Pedagog.,affect,0,unspecified_environment,stress,positive,,low,abstract_only_reduced_table,abstract_only;weak_variable_resolution,"New graduates have to meet several expectations on the labour market. Besides their professional knowledge, important skills include good communication, problem-solving, creativity, independence, organisation, leadership, decisive action, dynamism, stress tolerance, analysis, precision, openness, flexibility, co-ope...",no,methods_protocol,methods_protocol
doi:10.1145/3487552.3487811,10.1145/3487552.3487811,"An empirical study of DeFi liquidations: incentives, risks, and instabilities",2021,ACM/SIGCOMM Internet Measurement Conference,cognition,0,unspecified_environment,attention,positive,,low,abstract_only_reduced_table,abstract_only;weak_variable_resolution,"Financial speculators often seek to increase their potential gains with leverage. Debt is a popular form of leverage, and with over 39.88B USD of total value locked (TVL), the Decentralized Finance (DeFi) lending markets are thriving. Debts, however, entail the risks of liquidation, the process of selling the debt c...",no,methods_protocol,theoretical
doi:10.1152/physiol.2025.40.s1.0839,10.1152/physiol.2025.40.s1.0839,Acute Effects of Biodiverse Nature Images on the Stress Response in Middle-Aged Women During Physical Activity and Recovery,2025,Physiology,restoration,0,biophilia,stress,positive,33,medium,abstract_only_reduced_table,abstract_only;n=33,"This study aimed to examine the acute effects of viewing varying levels of biodiversity on stress response, as measured by heart rate variability (HRV), in middle-aged women ( n = 33) during physical activity and recovery. Interaction with a more biodiverse environment was hypothesized to result in more significant ...",no,methods_protocol,methods_protocol
doi:10.1161/CIRCRESAHA.118.312562,10.1161/CIRCRESAHA.118.312562,Genetics of Human Longevity Within an Eco-Evolutionary Nature-Nurture Framework,2018,Circulation Research,cognition,0,unspecified_environment,attention,unknown,,low,abstract_only_reduced_table,abstract_only;weak_variable_resolution,"Human longevity is a complex trait, and to disentangle its basis has a great theoretical and practical consequences for biomedicine. The genetics of human longevity is still poorly understood despite several investigations that used different strategies and protocols. Here, we argue that such rather disappointing ha...",no,methods_protocol,thought_piece
zotero:JY4MYEM2,,Is Interior Wood use Psychologically Beneficial? A Review of Psychological Responses Toward Wood,2010,,biophilic,0,biophilia,mood,unknown,,low,abstract_only_reduced_table,abstract_only,"Over the past decades, a number of empirical studies have documented that nature or elements of nature in both outdoor and indoor settings can be beneficial for human health and well-being. Wood is a natural product and it is therefore relevant to investigate whether interior wood use might have some of the same ben...",yes,methods_protocol,theoretical
doi:10.1080/01971360.2024.2393532,10.1080/01971360.2024.2393532,Powerful Patina: The Value of Odors in a Tibetan Buddhist Temple,0,,cognition,0,unspecified_environment,attention,unknown,,low,abstract_only_reduced_table,abstract_only;weak_variable_resolution,"In the past decades, attention towards a more sensory perception in the arts and architecture has gained momentum and concerns a variety of disciplines. Nonetheless, hands-on conservation efforts still overwhelmingly concentrate on the visual qualities and values of places. In the following article, I present a case...",yes,methods_protocol,case_study
doi:10.24002/jarina.v3i2.9119,10.24002/jarina.v3i2.9119,Role of Neuroscience and Artificial Intelligence in Biophilic Architectural Design Based on the Principle of Symbiosis,2024,,biophilic,0,biophilia,mood,positive,,medium,abstract_only_reduced_table,abstract_only,"Biophilic architecture aims to create an environment that enhances connectivity between humans and nature to improve physical, mental, and emotional well-being. This review analyses 25 recent scientific journals on the application of neuroscience and artificial intelligence (AI) to optimise biophilic architectural d...",yes,methods_protocol,methods_protocol
doi:10.5821/dissertation-2117-410676,10.5821/dissertation-2117-410676,Linking architecture and emotions: sensory dynamics and methodological innovations,2024,,light,0,daylight,mood,positive,,medium,abstract_only_reduced_table,abstract_only,"(English) This study delves deeply into the complex relationship between the field of architecture and human emotions, aiming to fill a significant gap in existing research. It extensively explores the profound impact of architectural design elements, such as lighting, colour schemes, and the integration of natural ...",yes,methods_protocol,thought_piece
doi:10.1068/b33050,10.1068/b33050,From Space Syntax to Space Semantics: A Behaviorally and Perceptually Oriented Methodology for the Efficient Description of the Geometry and Topology of Environments,2008,,cognition,0,unspecified_environment,cognition,unknown,,low,abstract_only_reduced_table,abstract_only;weak_variable_resolution,"Human spatial behavior and experience cannot be investigated independently from the shape and configuration of environments. Therefore, comparative studies in architectural psychology and spatial cognition would clearly benefit from operationalizations of space that provide a common denominator for capturing its beh...",yes,methods_protocol,theoretical
doi:10.3390/app9245401,10.3390/app9245401,Acoustic Design Criteria in Naturally Ventilated Residential Buildings: New Research Perspectives by Applying the Indoor Soundscape Approach,2019,Applied Sciences,acoustic,0,noise,cognition,positive,,medium,abstract_only_reduced_table,abstract_only,"The indoor-outdoor connection provided by ventilation openings has been so far a limiting factor in the use of natural ventilation (NV), due to the apparent conflict between ventilation needs and the intrusion of external noise. This limiting factor impedes naturally ventilated buildings meeting the acoustic criteri...",yes,methods_protocol,thought_piece
doi:10.1177/0013916519879773,10.1177/0013916519879773,Dealing With Feeling Crowded on Public Transport: The Potential Role of Design,2021,,light,0,unspecified_environment,unspecified_outcome,unknown,80,low,abstract_only_reduced_table,abstract_only;n=80;weak_variable_resolution,"Extensive evidence has documented the moderating role of design attributes in crowding; yet, the effect of public transportation design on travel experience has been overlooked. We conducted a within-design experimental study aimed to estimate the buffering role of design resources in both subjective experience (cro...",yes,methods_protocol,empirical_v2
doi:10.3390/su16083358,10.3390/su16083358,Sustainable Environmental Communication Project: Eco-Friendly and Sensory Materials for Museums,2024,,spatial,0,spatial_layout,mood,positive,,medium,abstract_only_reduced_table,abstract_only,"In the context of large museum centers, numerous national and international methodological experiments show the need to consider, in wayfinding design, both the intangible issues of experience arising from perception and involvement (user-centered design), and social and environmental issues (environment-centered de...",yes,methods_protocol,thought_piece
doi:10.1371/journal.pone.0243259,10.1371/journal.pone.0243259,"Abrupt light transitions in illuminance and correlated colour temperature result in different temporal dynamics and interindividual variability for sensation, comfort and alertness",2021,,thermal,0,thermal,attention,positive,,medium,abstract_only_reduced_table,abstract_only,Detailed insights in both visual effects of light and effects beyond vision due to manipulations in illuminance and correlated color temperature (CCT) are needed to optimize study protocols as well as to design light scenarios for practical applications. This study investigated temporal dynamics and interindividual ...,yes,methods_protocol,methods_protocol
doi:10.1007/978-3-319-31416-7_5,10.1007/978-3-319-31416-7_5,"Place Attachment, Sense of Belonging and the Micro-Politics of Place Satisfaction",2017,,light,0,daylight,stress,unknown,,low,abstract_only_reduced_table,abstract_only,"This chapter tackles the political dimension of place satisfaction, both as a psychological experience and as a conceptual approach to people-place bonds in environmental psychological research. In the first section of the chapter, we locate place satisfaction within a broader set of concepts traditionally used to a...",yes,methods_protocol,theoretical
doi:10.1007/978-3-031-64699-7_9,10.1007/978-3-031-64699-7_9,The Built Environment and the Brain: Review of Emerging Methods to Investigate the Impact of Viewing Architectural Design,2024,,affect,0,daylight,mood,positive,,medium,abstract_only_reduced_table,abstract_only,"The symbiotic relationship between individuals and their surrounding built environment plays a crucial role in shaping human experiences, from the intimacy of indoor spaces to the vastness of the outdoors, influencing thoughts, emotions, and actions. Recently, research into how architecture and design affect psychol...",yes,methods_protocol,theoretical
doi:10.26204/kluedo/7316,10.26204/kluedo/7316,Exploring effects of lighting in physical and virtual spaces,2023,,light,0,daylight,mood,positive,,medium,abstract_only_reduced_table,abstract_only,"Light is an essential aspect of daily life, exerting a profound influence on various physiological and behavioral processes, including circadian rhythms, alertness, cognition, mood, and behavior. Technological advances, particularly the widespread adoption of light-emitting diodes (LEDs), have significantly accelera...",yes,methods_protocol,thought_piece
doi:10.1177/0022022117698039,10.1177/0022022117698039,Preferred Interpersonal Distances: A Global Comparison,2017,,thermal,0,thermal,attention,unknown,8,low,abstract_only_reduced_table,abstract_only;n=8,"Human spatial behavior has been the focus of hundreds of previous research studies. However, the conclusions and generalizability of previous studies on interpersonal distance preferences were limited by some important methodological and sampling issues. The objective of the present study was to compare preferred in...",yes,methods_protocol,methods_protocol
zotero:ruiz_arana_urban_2024,,Urban soundscapes: a guide to listening for landscape architecture and urban design,2024,,acoustic,0,noise,mood,unknown,,low,abstract_only_reduced_table,abstract_only,"""Sound and listening are intrinsically linked to how we experience and engage with places and communities. This guide invites landscape architects and urban designers to become soundscape architects and offers practical advice on sound and listening applicable to each stage of a design project: from reading the envi...",no,methods_protocol,theoretical
