paper_id,doi,title,year,venue,topic_bucket,citation_count,environment_variable,outcome_variable,effect_direction,sample_n,confidence_tier,evidence_level,notes,abstract_snippet,pdf_available,article_type,template_family
doi:10.1111/ijal.12624,10.1111/ijal.12624,"Does the work environment matter in shaping English as a foreign language teachers’ teaching for creativity: A mixed‐methods investigation into the roles of perceived climate, peer group interaction, and supervisory relationship",2024,International Journal of Applied Linguistics,affect,0,unspecified_environment,mood,unknown,,low,abstract_only_reduced_table,abstract_only;weak_variable_resolution,"Teachers play a critical role in fostering students’ creativity, especially in English as a foreign language (EFL) classes, known as teaching for creativity (TfC). Despite this, no comprehensive study has explored how the work environment influences EFL teachers’ TfC. Therefore, this study investigates how various h...",no,cross_sectional_survey,interview_study
doi:10.24952/multidisipliner.v11i2.13643,10.24952/multidisipliner.v11i2.13643,"Building of Student Character and Teachers' Creativity in the Use of Environment-Based Learning Media at SMA Negeri 2 Soyo Jaya, North Morowali Regency Utara",2024,Studi multidisipliner,other,0,unspecified_environment,unspecified_outcome,unknown,,low,abstract_only_reduced_table,abstract_only;weak_variable_resolution,The purpose of writing this article is to discuss how to building student character or morals and teacher creativity in using environmental media in social studies learning as well as looking at the supporting and inhibiting factors for teachers in using the environment as a learning medium at SMA Negeri 2 Soyo Jaya...,no,qualitative,interview_study
doi:10.1080/10494820.2024.2344056,10.1080/10494820.2024.2344056,The effects of a self-developed virtual reality environment on college EFL learners’ vocabulary learning,2024,Interactive Learning Environments,air,0,air_quality,attention,unknown,,low,abstract_only_reduced_table,abstract_only,"ABSTRACT In second language acquisition (SLA), vocabulary learning can be a great challenge for some English as a Foreign Language (EFL) learners. Virtual Reality (VR) technology has unleashed its potential in language education, but insufficient attention has yet been paid to its impact on EFL learners’ vocabulary ...",no,qualitative,interview_study
doi:10.22373/ijes.v3i1.7716,10.22373/ijes.v3i1.7716,INFLUENCE OF GARDEN ON PSYCHOLOGICAL COMFORT WITHIN THE HEALING ENVIRONMENT CONCEPT,2025,Indonesian Journal of Environmental Sustainability,thermal,0,unspecified_environment,unspecified_outcome,unknown,,low,abstract_only_reduced_table,abstract_only;weak_variable_resolution,"Zainoel Abidin Hospital has implemented a garden surrounding its premises to promote comfort, aesthetics, and safety. One approach to creating comfort in a hospital environment is by organizing and managing the space in both functional and aesthetic ways. This study aims to explore the perceptions of hospital users ...",no,qualitative,interview_study
doi:10.21827/krisis.45.1.42346,10.21827/krisis.45.1.42346,Transformative Listening: An Aesthetic Proposal to Justice – The 2017 NSU Tribunal in Cologne,2025,Krisis: journal for contemporary philosophy,cognition,0,unspecified_environment,attention,unknown,,low,abstract_only_reduced_table,abstract_only;weak_variable_resolution,"This article introduces transformative listening as a political and aesthetic practice of justice, developed from the 2017 NSU Tribunal in Cologne. At its center stood the survi-vors and the relatives of the victims of the racist terror of the neo-Nazi network National Socialist Underground (NSU). Building on and ex...",no,rct_interventional,interview_study
doi:10.3390/buildings14092839,10.3390/buildings14092839,The Digital Twin Immersive Design Process and Its Potential Disruption to Healthcare Design through a User-Centered Approach,2024,Buildings,light,0,daylight,unspecified_outcome,positive,30,low,abstract_only_reduced_table,abstract_only;n=30;weak_variable_resolution,"This applied research proposes a solution to the static government design process for Thai healthcare architecture to better serve the needs of its elderly society. In its place, a novel real-time design process, termed the Digital Twin Immersive Design Process (DT-IDP), repurposes aspects of digital twin and virtua...",no,qualitative,interview_study
doi:10.21831/jee.v7i1.60894,10.21831/jee.v7i1.60894,The Feasibility of the Smart Building Training Kit as Learning Media for Electrical Lighting Installation Practices in Vocational High Schools,2023,Jurnal edukasi elektro,air,0,daylight,unspecified_outcome,unknown,,low,abstract_only_reduced_table,abstract_only;weak_variable_resolution,"The purposes of this study are: (1) to produce smart building training kit products, and (2) to find out the feasibility of the smart building trainer kit as a learning medium for Electrical Lighting Installation Practices in Vocational High Schools (VHS). This research employed the research and development (R D) wi...",no,cross_sectional_survey,interview_study
doi:10.3389/fnagi.2021.623607,10.3389/fnagi.2021.623607,Acoustic and Language Based Deep Learning Approaches for Alzheimer's Dementia Detection From Spontaneous Speech.,2021,Frontiers in aging neuroscience,acoustic,0,noise,cognition,positive,,medium,abstract_only_reduced_table,abstract_only,"Current methods for early diagnosis of Alzheimer's Dementia include structured questionnaires, structured interviews, and various cognitive tests. Language difficulties are a major problem in dementia as linguistic skills break down. Current methods do not provide robust tools to capture the true nature of language ...",no,cross_sectional_survey,interview_study
doi:10.3126/vb.v10i1.87369,10.3126/vb.v10i1.87369,Exploring the Challenges and Benefits of Shadow Education in English Language Education: A Phenomenological Study,2025,Vox Batauli,cognition,0,unspecified_environment,attention,positive,,low,abstract_only_reduced_table,abstract_only;weak_variable_resolution,This paper explores the benefits and challenges of shadow education in English language learning in Nepal. This study adopts phenomenology as a research method to explore the benefits and challenges through the lived experiences of participants. While previous research has largely focused on quantitative outcomes su...,no,qualitative,interview_study
doi:10.24840/2183-8976_2019-0005_0001_02,10.24840/2183-8976_2019-0005_0001_02,"About the 5th Number of Sophia, Visual Spaces of Change",2020,Sophia Journal,acoustic,0,noise,mood,positive,,medium,abstract_only_reduced_table,abstract_only,"To dwell and to build is not an art, is not a technique, but a realm where things belong. This is a statement addressed by Heidegger in Bauen Wohnen Denken, his text more connected with architecture that is more contemporary than ever. In effect, two questions as What is it to dwell? and How does building belong to ...",no,qualitative,interview_study
doi:10.1080/0960085x.2020.1800417,10.1080/0960085x.2020.1800417,An affordance perspective of team collaboration and enforced working from home during COVID-19,2020,European Journal of Information Systems,other,0,unspecified_environment,unspecified_outcome,unknown,,low,abstract_only_reduced_table,abstract_only;weak_variable_resolution,"COVID-19 has caused unprecedented challenges to our lives. Many governments have forced people to stay at home, leading to a radical shift from on-site to virtual collaboration for many knowledge workers. Existing remote working literature does not provide a thorough explanation of government-enforced working from h...",no,qualitative,interview_study
doi:10.1371/journal.pone.0287999,10.1371/journal.pone.0287999,The measurement of mental fatigue following an overnight on-call duty among doctors using electroencephalogram,2023,PLoS ONE,other,0,unspecified_environment,sleep,positive,,low,abstract_only_reduced_table,abstract_only;weak_variable_resolution,"This study aimed to measure the spectral power differences in the brain rhythms among a group of hospital doctors before and after an overnight on-call duty. Thirty-two healthy doctors who performed regular on-call duty in a tertiary hospital in Sarawak, Malaysia were voluntarily recruited into this study. All parti...",no,quasi_experimental,interview_study
doi:10.1108/jrim-10-2018-0136,10.1108/jrim-10-2018-0136,Imagery makes social media captivating! Aesthetic value in a consumer-as-value-maximizer framework,2020,Journal of Research in Interactive Marketing,cognition,0,unspecified_environment,cognition,unknown,,low,abstract_only_reduced_table,abstract_only;weak_variable_resolution,"Purpose
Social media bring about the imagery of people, places and products. Showing particular success in attracting women and millennials, these media (e.g. Instagram, Snapchat and Pinterest) are built around imagery consumption. This paper follows a qualitative theory building approach to extend the theory of con...",no,qualitative,interview_study
doi:10.1093/eurpub/ckac129.628,10.1093/eurpub/ckac129.628,10.B. Round table: Shelter in place: lessons from policy making during the COVID-19 pandemic in three countries,2022,European Journal of Public Health,cognition,0,unspecified_environment,attention,positive,,low,abstract_only_reduced_table,abstract_only;weak_variable_resolution,"Abstract   The key aims of the workshop are: (1) to engage in early discussion of the findings of this timely project and gain critical feedback from the EUPHA audience, (2) discuss and debate with the audience comparable and contrasting experiences from across Europe. This workshop will outline and discuss results ...",no,qualitative,interview_study
doi:10.1037/pag0000962,10.1037/pag0000962,From detail to gist in the wild: Linguistic markers of age-related memory shifts.,2026,Psychology and aging,thermal,0,thermal,cognition,positive,,medium,abstract_only_reduced_table,abstract_only,"In the lab, aging is associated with a shift in autobiographical memory from richly detailed, context-bound episodes to more schematic, gistlike representations, yet evidence from real-world and fine-grained adult-lifespan samples remains scarce. We analyze ≈365,000 German hotel reviews as naturalistic memory report...",no,qualitative,interview_study
doi:10.37251/jetlc.v3i1.1627,10.37251/jetlc.v3i1.1627,Innovative Forest Fire Detection Using LoRa Wireless Network for Long-Range and Real-Time Monitoring,2025,Journal of Educational Technology and Learning Creativity,thermal,0,thermal,attention,unknown,,low,abstract_only_reduced_table,abstract_only,"detection tool based on wireless technology that can send information in real-time without an internet network. This system helps related parties detect and respond to fires more quickly and efficiently. 
Methodology: This study employs an experimental research method, using tools such as Arduino, LoRa, DHT11, MQ2 s...",no,qualitative,interview_study
doi:10.55606/sscj-amik.v1i6.2362,10.55606/sscj-amik.v1i6.2362,Koreografi Tari Rancak Sumatera Di Sanggar Silodang Production Kota Padang,2023,Student Scientific Creativity Journal,other,0,unspecified_environment,unspecified_outcome,unknown,,low,abstract_only_reduced_table,abstract_only;weak_variable_resolution,The purpose of this study was to explain the choreography of Sumatran Rancak Dance at Sanggar Silodang Production Kota Padang. The type of research used is qualitative research with descriptive methods of analysis. This research instrument is the researcher himself and is assisted by supporting instruments such as s...,no,qualitative,interview_study
doi:10.17744/mehc.47.3.04,10.17744/mehc.47.3.04,Healing the Healers: The Role of Contemplative Practice in Mitigating Counselor Burnout and Empathy Fatigue,2025,Journal of Mental Health Counseling,other,0,unspecified_environment,sleep,positive,,low,abstract_only_reduced_table,abstract_only;weak_variable_resolution,"Empathy fatigue and burnout are at an all-time high within the mental health professions, and there remains a need to understand protective factors that can address these conditions. The current qualitative study investigated how contemplative practice, such as mindfulness meditation and movement-based practices, ca...",no,qualitative,interview_study
doi:10.1111/bjhp.12689,10.1111/bjhp.12689,A qualitative study assessing the barriers and facilitators to physical activity in adults with hearing loss,2023,British Journal of Health Psychology,acoustic,0,noise,cognition,unknown,,low,abstract_only_reduced_table,abstract_only,"Abstract Objectives Growing epidemiological evidence has shown hearing loss is associated with physical inactivity. Currently, there is a dearth in evidence investigating why this occurs. This study aimed to investigate the barriers and facilitators to physical activity in middle‐aged and older adults with hearing l...",no,qualitative,interview_study
doi:10.1121/1.4976627,10.1121/1.4976627,Situational and person-related factors influencing momentary and retrospective soundscape evaluations in day-to-day life,2017,The Journal of the Acoustical Society of America,acoustic,0,noise,mood,unknown,,low,abstract_only_reduced_table,abstract_only,Soundscape research draws on both experiments conducted in laboratory settings and studies in the field to explore peoples' perception and understanding of their acoustic environments. One opportunity to combine the strength of both approaches is the so-called Experience Sampling Method (ESM). This method was used t...,no,qualitative,interview_study
doi:10.1111/caim.12464,10.1111/caim.12464,Enhancing creativity in activity‐based offices: A critical incident study of knowledge workers,2021,Creativity and Innovation Management,acoustic,0,noise,unspecified_outcome,unknown,,low,abstract_only_reduced_table,abstract_only;weak_variable_resolution,"This study investigated the effects of activity‐based offices (ABOs) on individual and group creativity. Adopting an interactionist perspective, we extended the theoretical framework of creative knowledge environments to find the link between ABOs and the concept of creative spaces. We employed the critical incident...",no,qualitative,interview_study
doi:10.3233/SHTI240952,10.3233/SHTI240952,Addressing Barriers in the University Campus Environment for Neurodivergent Students.,2024,Studies in health technology and informatics,affect,0,daylight,stress,mixed,,medium,abstract_only_reduced_table,abstract_only,"About 15% of the global population is considered neurodivergent (having different ways of sensory processing than what are perceived as neurotypical persons). Persons with neurodivergence typically include those with autism, attention-deficit hyperactivity disorder (ADHD), and Down Syndrome. Studies have shown that ...",no,qualitative,interview_study
sha256:2d712ac0dc68,,The human factors of sustainable building design: post occupancy evaluation of the Philip Merrill Environmental Center,2005,eScholarship (California Digital Library),thermal,0,unspecified_environment,productivity,positive,,low,abstract_only_reduced_table,abstract_only;weak_variable_resolution,"It is widely believed that sustainable building design strategies create improved indoor environmental quality and should, thus, be associated with improved occupant comfort, satisfaction, health, and work performance relative to buildings designed around standard practices. Yet, this belief remains a hypothesis wit...",no,cross_sectional_survey,interview_study
sha256:f0ac28d766e1,,Communication acoustics in classroom environments : on the use of assistive listening devices,2010,"Publications (Konstfack University of Arts, Crafts, and Design)",acoustic,0,noise,mood,mixed,,medium,abstract_only_reduced_table,abstract_only,"Assistive listening devices (ALDs) are used in classrooms to assist communication for students with hearing loss. An ALD, a system of external microphones, transmits sound directly to the students' hearing aids. The signal is coupled to the hearing aid using a radio frequency (FM) or an induction loop (IL) system. U...",no,cross_sectional_survey,interview_study
doi:10.1044/2022_ajslp-22-00077,10.1044/2022_ajslp-22-00077,Speech-Language Pathologists' Views of Using Virtual Reality for Managing Cognitive-Communication Disorders Following Traumatic Brain Injury.,2022,American Journal of Speech-Language Pathology,cognition,0,unspecified_environment,attention,positive,,low,abstract_only_reduced_table,abstract_only;weak_variable_resolution,"PURPOSE
Using virtual reality (VR) to support rehabilitation is an emerging area of research that may offer people with communication disorders a stable and safe communication environment to practice their communication skills. There are currently no VR applications that have been designed to assess or treat cogniti...",no,qualitative,interview_study
doi:10.3390/bs15040472,10.3390/bs15040472,Multi-Faceted Assessment of Children with Selective Mutism: Challenges and Practical Suggestions.,2025,"Behavioral sciences (Basel, Switzerland)",acoustic,0,biophilia,stress,mixed,,medium,abstract_only_reduced_table,abstract_only,"The multi-faceted nature of Selective Mutism (SM), and its comorbidity with other disorders, necessitates a comprehensive assessment process. However, evaluating children with SM presents significant challenges, including difficulties in building rapport, establishing an accurate diagnosis, and conducting formal psy...",no,qualitative,interview_study
doi:10.1055/a-2736-6651,10.1055/a-2736-6651,Barriers and Facilitators Impacting Return-to-Work Reported by People with Poststroke Aphasia.,2025,Seminars in speech and language,cognition,0,unspecified_environment,attention,unknown,,low,abstract_only_reduced_table,abstract_only;weak_variable_resolution,"Returning to employment is a common goal for individuals with stroke-induced aphasia, and success or failure in doing so can significantly impact quality of life. This study investigates the factors that hinder and facilitate return-to-work for people with aphasia, based on the perspectives of individuals with aphas...",no,qualitative,interview_study
doi:10.1044/2022_AJSLP-21-00336,10.1044/2022_AJSLP-21-00336,Perceived Clinical Characteristics of Children With History of Opioid Exposure: A Speech-Language Pathology Perspective.,2022,American Journal of Speech-Language Pathology,cognition,0,unspecified_environment,attention,positive,,low,abstract_only_reduced_table,abstract_only;weak_variable_resolution,"PURPOSE
This research was conducted to describe the clinical characteristics of children with a history of opioid exposure as perceived by the speech-language pathologists (SLPs) treating them.


METHOD
Three focus groups were conducted. Participants consisted of 20 SLPs working in the schools in West Virginia who h...",no,qualitative,interview_study
doi:10.3390/healthcare12141412,10.3390/healthcare12141412,From the Perspective of People with Dementia: Using Creative Qualitative Measures to Assess the Values and Opinions on Freedom and Safety among People Living with Dementia.,2024,"Healthcare (Basel, Switzerland)",cognition,0,unspecified_environment,cognition,unknown,,low,abstract_only_reduced_table,abstract_only;weak_variable_resolution,"With the growing numbers of people living in old age, a system that sustains autonomy, dignity and freedom of movement for people living with dementia (PwD) needs to be installed. However, due to the cognitive constraints in the cohort of PwD, traditional qualitative methods of inquiry, such as interviews, are often...",no,observational,interview_study
doi:10.1080/20473869.2023.2294394,10.1080/20473869.2023.2294394,"Parental perception of motor, language, and literacy skills development in school-aged autistic children.",2025,International journal of developmental disabilities,other,0,unspecified_environment,unspecified_outcome,unknown,,low,abstract_only_reduced_table,abstract_only;weak_variable_resolution,"Emerging evidence suggests that motor and language delays are prevalent developmental concerns in young autistic children. Nonetheless, it is not well understood how these co-occurring conditions of autism spectrum disorder (ASD) relate to each other during the later childhood of autistic children. This study aimed ...",no,qualitative,interview_study
doi:10.3390/ijerph22071080,10.3390/ijerph22071080,Digital Stress Scale (DSC): Development and Psychometric Validation of a Measure of Stress in the Digital Age.,2025,International journal of environmental research and public health,affect,0,unspecified_environment,stress,positive,,low,abstract_only_reduced_table,abstract_only;weak_variable_resolution,"(1) Background: The integration of digital technologies such as electronic health records (EHRs), telepsychiatry, and communication platforms has transformed the mental health sector a lot compared to in previous years. While these tools enhance service delivery, they also introduce unique stressors. Despite growing...",no,qualitative,interview_study
doi:10.1145/3757609,10.1145/3757609,HateBuffer: Safeguarding Content Moderators' Mental Well-Being through Hate Speech Content Modification,2025,Proc. ACM Hum. Comput. Interact.,acoustic,0,unspecified_environment,mood,mixed,,low,abstract_only_reduced_table,abstract_only;weak_variable_resolution,"Hate speech remains a persistent and unresolved challenge in online platforms. Content moderators, working on the front lines to review user-generated content and shield viewers from hate speech, often find themselves unprotected from the mental burden as they continuously engage with offensive language. To safeguar...",no,rct_interventional,interview_study
doi:10.3389/fsoc.2018.00019,10.3389/fsoc.2018.00019,The Language of Ethics and Double Standards in the Affective and Sexual Socialization of Youth. Communicative Acts in the Family Environment as Protective or Risk Factors of Intimate Partner Violence,2018,Frontiers in Sociology,acoustic,0,noise,attention,unknown,,low,abstract_only_reduced_table,abstract_only,One of the explanatory factors for the perpetuation of intimate partner violence (IPV) is the socialization process. There is broad literature on the role of family in socializing gender roles and the influence on reproducing IPV. However less research has been developed on the effects of communicative acts in the f...,no,qualitative,interview_study
doi:10.46827/ejfl.v9i2.5993,10.46827/ejfl.v9i2.5993,CONQUERING STRESS AND ELEVATING SPEAKING SKILLS,2025,European Journal of Foreign Language Teaching,affect,0,air_quality,stress,mixed,,medium,abstract_only_reduced_table,abstract_only,"This study explores the effects of stress and lack of confidence on the speaking of English by Libyan EFL students at the Faculty of Languages in Surman. Semi-structured interviews with fifteen students were carried out in the present study to identify some linguistic problems that enhance speaking anxiety, such as ...",no,qualitative,interview_study
doi:10.1080/09602011.2021.2010574,10.1080/09602011.2021.2010574,Clinical perspectives on delivering a Positive Behaviour Support intervention for challenging behaviours following acquired brain injury.,2023,Neuropsychological rehabilitation,cognition,0,unspecified_environment,stress,unknown,,low,abstract_only_reduced_table,abstract_only;weak_variable_resolution,Challenging behaviours are distressing sequelae for people with acquired brain injury (ABI) and their families. Positive Behaviour Support (PBS) is a collaborative approach focussing on improving quality of life for individuals with ABI presenting with challenging behaviours. This qualitative study explored clinicia...,no,qualitative,interview_study
doi:10.1017/s1352465809005128,10.1017/s1352465809005128,Ten Things that Motivational Interviewing Is Not,2009,Behavioural and Cognitive Psychotherapy,cognition,0,unspecified_environment,cognition,unknown,,low,abstract_only_reduced_table,abstract_only;weak_variable_resolution,"Background: In the 26 years since it was first introduced in this journal, motivational interviewing (MI) has become confused with various other ideas and approaches, owing in part to its rapid international diffusion. Methods : Based on confusions that have arisen in publications and presentations regarding MI, the...",no,qualitative,interview_study
doi:10.55737/trt/sr25.135,10.55737/trt/sr25.135,The Social Psychological Effects of Gadgets on Speech Development of Toddlers: An Analysis of District Multan,2025,The Regional Tribune,acoustic,0,unspecified_environment,cognition,unknown,,low,abstract_only_reduced_table,abstract_only;weak_variable_resolution,Nowadays toddlers use gadgets frequently. Although too much use of gadgets has some specific influence on children language development. contemporary gadgets have lot of features and instruments to entertain kids. Young toddlers are using gadgets with comfort and getting involved towards them. Extreme use of gadgets...,no,qualitative,interview_study
doi:10.3397/in_2022_0758,10.3397/in_2022_0758,Evaluating the restorative potential of church buildings,2023,INTER-NOISE and NOISE-CON Congress and Conference Proceedings,acoustic,0,noise,attention,positive,,medium,abstract_only_reduced_table,abstract_only,"We report the preliminary results of a study on the experience of soundscape and architectural ambiances of church buildings, with an emphasis on their restorative qualities. Through questionnaires, soundwalks and interviews with 16 diverse participants, we aim to characterize the sensory
 qualities of 2 contrasting...",no,cross_sectional_survey,interview_study
doi:10.1080/13527258.2025.2520760,10.1080/13527258.2025.2520760,Can immersive technologies rebuild heritage and sense of place? Examining virtual Reality's role in fostering community resilience in post-disaster Italy.,2025,International journal of heritage studies,acoustic,0,noise,mood,unknown,,low,abstract_only_reduced_table,abstract_only,"Disasters disrupt not only physical environments but also socio-cultural identities and sense of place. This study explores the role of Virtual Reality (VR) in post-disaster recovery, focusing on the earthquake-affected towns of Amatrice and Accumoli, Italy. Using a techno-ethnographic methodology, we integrated vid...",no,qualitative,interview_study
doi:10.5325/reception.9.1.0098,10.5325/reception.9.1.0098,"My Music, My War: The Listening Habits of U.S. Troops in Iraq and Afghanistan",2017,Reception Texts Readers Audiences History,affect,0,noise,stress,unknown,,low,abstract_only_reduced_table,abstract_only,"The study of music in everyday life rejects the formalist aesthetics of the concert hall for the experiential values of quotidian musicality, from listening to an MP3 player while exercising to attending open mike night at a café. This approach to music is neither superficial nor obvious; as philosophers such as Jen...",no,cross_sectional_survey,interview_study
doi:10.3390/su18010021,10.3390/su18010021,Title Walking the Soundscape: Creative Learning Pathways to Environmental Education in Chilean Schools,2025,Sustainability,acoustic,0,noise,unspecified_outcome,unknown,,low,abstract_only_reduced_table,abstract_only;weak_variable_resolution,"This article explores the pedagogical potential of soundscapes as creative learning tools for advancing environmental education in Chilean primary schools. Drawing on the Soundlapse project, we designed and implemented a school workshop that combined activity sheets, an online bird-sound repository, structured sound...",no,qualitative,interview_study
doi:10.1075/ll.23073.wan,10.1075/ll.23073.wan,Family language policy and the design of homescape in transnational families,2024,Linguistic Landscape An international journal,acoustic,0,noise,unspecified_outcome,unknown,,low,abstract_only_reduced_table,abstract_only;weak_variable_resolution,"Abstract Building upon previous research on family language policy, this study explores the homescape, pertinent to the Chinese home literacy environment within Chinese transnational families. It categorizes various forms of Chinese literacy homescape and examines parental perspectives and agency in the design, crea...",no,qualitative,interview_study
doi:10.1097/aud.0000000000000642,10.1097/aud.0000000000000642,A Qualitative Study on Factors Modulating Tinnitus Experience,2018,Ear and Hearing,acoustic,0,noise,attention,unknown,,low,abstract_only_reduced_table,abstract_only,"Objectives: It is well recognized that tinnitus can severely interfere with important aspects of life such as sleep, concentration abilities, social activities, and mood. However, the impact of tinnitus may vary greatly from one individual to another, with some being severely affected and others only experiencing a ...",no,rct_interventional,interview_study
doi:10.15642/teosofi.2024.14.1.145-162,10.15642/teosofi.2024.14.1.145-162,"Religious Soundscape, Sacred Space, and Affective Body: The Experience of Sufi Whirling Ritual Practitioners in Java",2024,Teosofi,acoustic,0,noise,mood,positive,,medium,abstract_only_reduced_table,abstract_only,"This article explores the experience of cultivating religious senses and sensibilities through ritual Sufi dance. In contemporary Indonesia, Sufi dance serves both as a performance and a ritual. As a performance, it is staged at specific events; as a ritual, it acts as a religious practice, engaging the body and fos...",no,qualitative,interview_study
doi:10.1016/j.iccn.2025.104189,10.1016/j.iccn.2025.104189,Impact of acoustic environment in intensive care unit on nurses' well-being during COVID-19: A qualitative interview study.,2026,Intensive & critical care nursing,acoustic,0,noise,mood,unknown,,low,abstract_only_reduced_table,abstract_only,This study aimed to investigate the effects of acoustic environments in intensive care units (ICUs) on nurses' well-being.,no,qualitative,interview_study
doi:10.1371/journal.pmed.1003893,10.1371/journal.pmed.1003893,Air quality improvement and cognitive decline in community-dwelling older women in the United States: A longitudinal cohort study,2022,PLoS Medicine,cognition,0,air_quality,cognition,null,,medium,abstract_only_reduced_table,abstract_only,"Background Late-life exposure to ambient air pollution is a modifiable risk factor for dementia, but epidemiological studies have shown inconsistent evidence for cognitive decline. Air quality (AQ) improvement has been associated with improved cardiopulmonary health and decreased mortality, but to the best of our kn...",no,observational,interview_study
doi:10.1002/csr.229,10.1002/csr.229,CSR and environmental responsibility: motives and pressures to adopt green management practices,2010,Corporate Social Responsibility and Environmental Management,biophilic,0,unspecified_environment,attention,unknown,,low,abstract_only_reduced_table,abstract_only;weak_variable_resolution,Abstract This paper examines the diffusion of environmental management initiatives in business and the motives and pressures reported by senior executives to adopt these practices in one industry. We frame these sustainable practices under the umbrella of corporate social responsibility (CSR) and examine the causal ...,no,cross_sectional_survey,interview_study
doi:10.1186/s12955-022-01971-5,10.1186/s12955-022-01971-5,"‘I thought I had fibroids, and now I don’t’: a mixed method study on health-related quality of life in uterine sarcoma patients",2022,Health and Quality of Life Outcomes,other,0,unspecified_environment,sleep,unknown,,low,abstract_only_reduced_table,abstract_only;weak_variable_resolution,Background Uterine sarcomas are rare subtypes of primary urogenital tumours and need tailored treatment. This study aimed to examine the impact of diagnosis and treatment on health-related quality of life (HRQoL) in patients with uterine sarcoma and measures available to assess HRQoL in this group. Methods Thirteen ...,no,rct_interventional,interview_study
doi:10.1371/journal.pone.0312175,10.1371/journal.pone.0312175,Personalized music for cognitive and psychological symptom management during mechanical ventilation in critical care: A qualitative analysis,2024,PLoS ONE,affect,0,air_quality,mood,mixed,14,medium,abstract_only_reduced_table,abstract_only;n=14,Introduction Patients experience high symptom burden during critical care hospitalization and mechanical ventilation. Medications are of limited effectiveness and are associated with increased morbidity such as delirium and long-term cognitive and psychological impairments. Music-based interventions have been used f...,no,qualitative,interview_study
doi:10.38124/ijisrt/ijisrt24may1551,10.38124/ijisrt/ijisrt24may1551,Influence of Natural - Artificial Light & Ventilation on Spatial Design in Fashion Design Institute,2024,International Journal of Innovative Science and Research Technology,thermal,0,daylight,productivity,positive,,medium,abstract_only_reduced_table,abstract_only,"This research investigates the impact of natural and artificial lighting, as well as ventilation, on spatial design within a Fashion Design Institute context. Through a combination of observational analysis and qualitative assessment, this study aims to explore how lighting and ventilation systems contribute to the ...",no,qualitative,interview_study
doi:10.1177/13634593241226646,10.1177/13634593241226646,Composing adult lives with a ventilator at the intersection of developmental and neoliberal discourses of time.,2025,"Health (London, England : 1997)",air,0,air_quality,unspecified_outcome,unknown,,low,abstract_only_reduced_table,abstract_only;weak_variable_resolution,This paper explores temporalities and experiences of time drawn from an analysis of interview data from a critical narrative inquiry of the experiences of young adults living with home mechanical ventilation (HMV). The analysis centers the ideological effects of dominant discourses that shape understandings of time ...,no,qualitative,interview_study
doi:10.1177/10499091261417311,10.1177/10499091261417311,Lessons Learned Through the Voices of Surrogate Decision Makers of Patients With Severe Acute Brain Injury Years After Hospitalization.,2026,The American journal of hospice & palliative care,other,0,unspecified_environment,unspecified_outcome,positive,,low,abstract_only_reduced_table,abstract_only;weak_variable_resolution,"Background and PurposeSevere acute brain injury (SABI) often occurs suddenly, profoundly impacting patients and their families. During the ICU stay, critical treatment decisions have to be made in the setting of prognostic uncertainty. We aimed to better understand the experiences of surrogate decision makers (SDMs)...",no,qualitative,interview_study
doi:10.1371/journal.pone.0326007,10.1371/journal.pone.0326007,Neurodevelopment in children born to women exposed to pesticides during pregnancy.,2025,PloS one,cognition,0,unspecified_environment,attention,negative,,low,abstract_only_reduced_table,abstract_only;weak_variable_resolution,"The global rise in pesticide use, particularly across Africa, raises concerns about maternal occupational exposure during pregnancy and its potential impact on child neurodevelopment. This study examined associations between self-reported maternal pesticide exposure during pregnancy and neurodevelopmental outcomes i...",no,cross_sectional_survey,interview_study
doi:10.3390/ijerph20064675,10.3390/ijerph20064675,COVID-19 Pandemic: Analysis of Health Effects on Emergency Service Nursing Workers via a Qualitative Approach.,2023,International journal of environmental research and public health,affect,0,unspecified_environment,stress,positive,,low,abstract_only_reduced_table,abstract_only;weak_variable_resolution,"During the COVID-19 pandemic, longstanding issues involving nursing work, which has always involved significant risks of illness and infection, were intensified. It is necessary to acknowledge the risks and nurses' perceptions about the risks qualitatively during the period of the health crisis. The aim of this stud...",no,cross_sectional_survey,interview_study
doi:10.1177/20515707251336855,10.1177/20515707251336855,Toward a better understanding of the embodied experience of disability: A qualitative investigation of consumers with olfactory impairments,2025,Recherche et Applications en Marketing (English Edition),cognition,0,unspecified_environment,attention,mixed,,low,abstract_only_reduced_table,abstract_only;weak_variable_resolution,"Since the 1990s, marketing research has focused on the inclusion of consumers with disabilities, identifying environmental barriers that hinder their participation. However, despite the attention given to olfactory impairments during the COVID-19 pandemic, they remain underexplored. The embodied experience of disabi...",no,qualitative,interview_study
doi:10.31958/jt.v28i1.14734,10.31958/jt.v28i1.14734,Development of Artificial Intelligence in Building Creativity and Innovation Values of Islamic Education,2025,Ta'dib,affect,0,unspecified_environment,mood,positive,,low,abstract_only_reduced_table,abstract_only;weak_variable_resolution,Artificial intelligence has a negative impact on students who lack control in using their gadgets. This study aims to utilize artificial intelligence that affects the world of education especially Islamic education. This research method uses a SWOT analysis developed through a qualitative descriptive approach; the a...,no,qualitative,interview_study
doi:10.1177/15394492251385453,10.1177/15394492251385453,Children's Voices: The Lived Experience of Daily Occupations With Sensory Processing Difficulties.,2025,"OTJR : occupation, participation and health",cognition,0,unspecified_environment,mood,unknown,,low,abstract_only_reduced_table,abstract_only;weak_variable_resolution,"Children with sensory processing challenges (SPCs) present occupational performance limitations across environments. However, little is known about children's perspectives. Client-centered pediatric occupational therapy must be informed by a child-focused approach in research. This study explored the lived experienc...",no,qualitative,interview_study
doi:10.1038/s41598-025-99345-6,10.1038/s41598-025-99345-6,Transcultural Zen design frameworks for enhancing mental health through restorative spaces and user experience.,2025,Scientific reports,restoration,0,biophilia,attention,mixed,,medium,abstract_only_reduced_table,abstract_only,"Zen aesthetics, rooted in Chinese Chan Buddhist philosophy, offers a universal framework for designing restorative spaces that transcend cultural boundaries. This study investigates how Zen principles-simplicity, natural harmony, spatial balance, and negative space-are adapted in tea room design across diverse cultu...",no,qualitative,interview_study
doi:10.3389/fsoc.2024.1412161,10.3389/fsoc.2024.1412161,What's emotion got to do with it? Reflections on the buildings of the Portuguese (Family) Courts.,2024,Frontiers in sociology,affect,0,unspecified_environment,mood,unknown,,low,abstract_only_reduced_table,abstract_only;weak_variable_resolution,"Courthouses, as public edifices, serve as the physical backdrop for the administration of justice. Simultaneously, they are spaces inhabited and visited by a diverse array of court users, ranging from judicial professionals to litigants. This article explores the nuanced interplay between courthouse spaces and the e...",no,cross_sectional_survey,interview_study
doi:10.3390/su15021710,10.3390/su15021710,"Tourist Movement Patterns and the Effects of Spatial Configuration in a Cultural Heritage and Urban Destination: The Case of Madaba, Jordan",2023,Sustainability,other,0,unspecified_environment,unspecified_outcome,unknown,,low,abstract_only_reduced_table,abstract_only;weak_variable_resolution,"This study investigated the impact of spatial configuration on tourist movement patterns and its role in managing cultural heritage destinations in the city of Madaba. Understanding tourist movement patterns is important for the development of sustainable tourism practices in cultural heritage destinations, as it ca...",no,cross_sectional_survey,interview_study
doi:10.1016/j.socscimed.2025.118852,10.1016/j.socscimed.2025.118852,Patients as boundary subjects in home care: How patients and their relatives coordinate (inter-)professional work.,2026,Social science & medicine (1982),other,0,unspecified_environment,unspecified_outcome,positive,,low,abstract_only_reduced_table,abstract_only;weak_variable_resolution,"Home care typically requires healthcare professionals to coordinate their interdependent work. As existing research has shown, though, for professionals, coordination can be challenging for several reasons, such as time constraints, professionals' spatial separation, and information and communication systems that ar...",no,qualitative,interview_study
doi:10.18192/cdibp.v1i1.7516,10.18192/cdibp.v1i1.7516,Planning for Social Cohesion: Strengthening Cultural Identity and Territorial Development – Insights from Kenya,2025,City Development: Issues and Best Practices,cognition,0,unspecified_environment,stress,positive,,low,abstract_only_reduced_table,abstract_only;weak_variable_resolution,"Kenya’s 2010 constitution introduced devolution as a transformative governance framework intended to enhance equity, public participation, territorial inclusion and grassroots engagement and visibility. Spatial and economic planning were positioned as key instruments for managing development, addressing historical i...",no,qualitative,interview_study
doi:10.1109/TVCG.2025.3633839,10.1109/TVCG.2025.3633839,Causality-based Visual Analytics of Sentiment Contagion in Social Media Topics.,2025,IEEE transactions on visualization and computer graphics,other,0,unspecified_environment,unspecified_outcome,unknown,,low,abstract_only_reduced_table,abstract_only;weak_variable_resolution,Sentiment contagion occurs when attitudes toward one topic are influenced by attitudes toward others. Detecting and understanding this phenomenon is essential for analyzing topic evolution and informing social policies. Prior research has developed models to simulate the contagion process through hypothesis testing ...,no,qualitative,interview_study
doi:10.1080/24694452.2024.2353173,10.1080/24694452.2024.2353173,"Wakeful Geographies, Wakeful Bodies: Day and Nighttime Rhythms of Indebted Life and Capitalist Enclosure in Cambodia",2024,Annals of the American Association of Geographers,biophilic,0,biophilia,sleep,unknown,,low,abstract_only_reduced_table,abstract_only,"For a discipline so oriented around the study of wakeful geographies, the lack of direct conceptual engagement with the notion of wakefulness—a cognitive state in which the mind is conscious of, and responsive to, the external world—is all-the-more remarkable. In this article we advance geography by probing and reve...",no,qualitative,interview_study
doi:10.13287/j.1001-9332.202508.013,10.13287/j.1001-9332.202508.013,"Principle, technologies, and benefits of zoned desertification control mode of desert-crossing highway grids.",2025,Ying yong sheng tai xue bao = The journal of applied ecology,biophilic,0,biophilia,mood,positive,,medium,abstract_only_reduced_table,abstract_only,"The pioneering zoned desertification control mode of desert-crossing highway grids in Ongniud Banner has received widespread societal acclaim. However, the principle, technology, and benefits of this mode have not been systematically summarized, which affects its cognition and promotion in the field of desertificati...",no,qualitative,interview_study
doi:10.3390/ani9110879,10.3390/ani9110879,Mahout Perspectives on Asian Elephants and Their Living Conditions.,2019,Animals : an open access journal from MDPI,spatial,0,spatial_layout,unspecified_outcome,unknown,,low,abstract_only_reduced_table,abstract_only;weak_variable_resolution,"The skills, knowledge, and expertise of mahouts have been recognized by organizations and individual managers who are responsible for captive elephants and by academics, where they have been a source of studies from the ethnographic to animal behavior research. In this study, I used semi-structured interviews in loc...",no,qualitative,interview_study
doi:10.1080/09654313.2025.2480109,10.1080/09654313.2025.2480109,Public spaces in Bologna: mediating social interactions by intercultural placemaking,2025,European Planning Studies,thermal,0,spatial_layout,unspecified_outcome,unknown,,low,abstract_only_reduced_table,abstract_only;weak_variable_resolution,"ABSTRACT This paper examines the role of public spaces in facilitating intercultural interactions among diverse ethnic communities in Bologna, Italy. With over 23.8 million non-EU citizens in the EU and a growing migrant crisis, the need for effective integration strategies has become critical. By employing a combin...",no,qualitative,interview_study
doi:10.20525/ijrbs.v14i6.4211,10.20525/ijrbs.v14i6.4211,South African perspectives on Philoxenia and its effects on social cohesion with African immigrants,2025,International Journal of Research In Business and Social Science,biophilic,0,biophilia,mood,unknown,,low,abstract_only_reduced_table,abstract_only,"This paper aims to explore perspective of South Africans on the effects of philoxenia on social cohesion between South Africans and African immigrants. The researchers employed exploratory research design, qualitative research methods and document analysis as well as in-depth interviews to solicit data. The work emp...",no,qualitative,interview_study
doi:10.35629/7722-13103442,10.35629/7722-13103442,The effects of cultural diversity on social cohesion and national identity in Côte d'Ivoire,2024,International Journal of Humanities and Social Science Invention,air,0,air_quality,stress,unknown,,low,abstract_only_reduced_table,abstract_only,"The goal of the study consists of analyzing the impact of cultural diversity on social coherency and national identity within the community of Abidjan. This qualitative study was carried out by combining documentary research, direct observation in the field as well as semi-structured interviews. A sample of 30 indiv...",no,qualitative,interview_study
doi:10.35629/7722-1309123131,10.35629/7722-1309123131,Les effets des diversités culturelles sur la cohésion sociale et l’identité nationale en Côte d’ Ivoire The effects of cultural diversity on social cohesion and national identity in Côte d'Ivoire,2024,International Journal of Humanities and Social Science Invention,air,0,air_quality,stress,unknown,,low,abstract_only_reduced_table,abstract_only,"The goal of the study consists of analyzing the impact of cultural diversity on social coherency and national identity within the community of Abidjan. This qualitative study was carried out by combining documentary research, direct observation in the field as well as semi-structured interviews. A sample of 30 indiv...",no,qualitative,interview_study
doi:10.13169/jglobfaul.11.2.198,10.13169/jglobfaul.11.2.198,Challenges to building social cohesion in conflict-laden areas: The A’zaz case in the northwest of Syria (2016–2022),2024,Journal of Global Faultlines,cognition,0,unspecified_environment,attention,unknown,,low,abstract_only_reduced_table,abstract_only;weak_variable_resolution,"The primary focus of this article is to critically evaluate the feasibility of fostering social cohesion in northwest Syria. This exploration hinges on the nuanced perspectives of local authorities, residents, and civil society organizations (CSOs) actively operating within the region. To comprehensively understand ...",no,cross_sectional_survey,interview_study
doi:10.1016/j.appet.2025.108435,10.1016/j.appet.2025.108435,Development and Empirical Evaluation of a Dietary Intervention Programme for Individuals with Prediabetes Based on the Health Action Process Approach: A Randomised Controlled Trial.,2025,Appetite,light,0,spatial_layout,unspecified_outcome,mixed,32,low,abstract_only_reduced_table,abstract_only;n=32;weak_variable_resolution,"Prediabetes represents a critical window for preventing or delaying the onset of type 2 diabetes, and maintaining a healthy diet is essential. This study evaluated a dietary intervention based on the Health Action Process Approach (HAPA) to improve dietary adherence. Prior to trial implementation, a targeted interve...",no,rct_interventional,interview_study
doi:10.1109/TVCG.2025.3634642,10.1109/TVCG.2025.3634642,StressDiffVis: Visual Analytics for Multi-Model Stress Comparison.,2025,IEEE transactions on visualization and computer graphics,spatial,0,spatial_layout,stress,positive,,medium,abstract_only_reduced_table,abstract_only,"Structural analysis is essential in modern industrial design, where engineers iteratively refine geometry models based on stress simulations to achieve optimized designs. However, comparing stress distributions across multiple model variants remains challenging due to the complexity of stress fields, which are high-...",no,rct_interventional,interview_study
doi:10.3390/buildings13030622,10.3390/buildings13030622,"Effects of Volume Ratio, Layout and Leave Size of Indoor Plants on Workers’ Attention Recovery in Factory Staff Break Area",2023,Buildings,biophilic,0,biophilia,attention,positive,,medium,abstract_only_reduced_table,abstract_only,"A more efficient attention recovery of workers during their break time is essential for achieving higher productivity and wellness. In recent years, the biophilic design that introduces indoor plants has become one of the solutions to these problems. This study aims to determine the impact factors and corresponding ...",no,qualitative,interview_study
doi:10.36526/santhet.v9i5.6451,10.36526/santhet.v9i5.6451,ANALYSIS OF COFFEE SHOP ENVIRONMENTAL FACTORS IN ENCOURAGING LEARNING CREATIVITY,2025,Santhet (Jurnal Sejarah Pendidikan Dan Humaniora),affect,0,daylight,stress,unknown,,low,abstract_only_reduced_table,abstract_only,"This study aims to analyze the environmental factors of coffee shops that contribute to enhancing students’ learning creativity in Madiun City, particularly at the Kopi Dari Hati coffee shop. In the modern era, coffee shops are not only places for leisure but have evolved into alternative spaces for students to stud...",no,qualitative,interview_study
doi:10.1080/16874048.2023.2212543,10.1080/16874048.2023.2212543,A spatial design guideline for supporting creativity at architectural firms,2023,HBRC Journal,biophilic,0,biophilia,productivity,positive,,medium,abstract_only_reduced_table,abstract_only,"ABSTRACT In recent years, creativity has become a major focus in organizations competing to develop new products and offer new solutions to the community. Since then, the achitectural firms’ workplace have been extensively studied as well as modified to support user creativity, productivity, and satisfaction by offe...",no,cross_sectional_survey,interview_study
doi:10.3390/buildings8020034,10.3390/buildings8020034,Artistic and Engineering Design of Platform-Based Production Systems: A Study of Swedish Architectural Practice,2018,Buildings,spatial,0,spatial_layout,attention,unknown,,low,abstract_only_reduced_table,abstract_only,Research on platform-based production systems for house-building has focused on production and manufacturing issues. The aim of this research is to explore how the architectural design process contributes to the industrialised house-building industry from the perspective of creative design work. It also aims to desc...,no,rct_interventional,interview_study
doi:10.24843/cs.2024.v17.i03.p02,10.24843/cs.2024.v17.i03.p02,REPRESENTATION OF LOCAL CULTURE AND ORGANIZATION IN BANK OFFICE ARCHITECTURE FOR PUBLIC SERVICE INNOVATION,2024,E-Journal of Cultural Studies,spatial,0,spatial_layout,attention,positive,,medium,abstract_only_reduced_table,abstract_only,"In the era of globalization, the integration of local cultural elements into modern architecture is becoming increasingly important to maintain cultural identity. Bali, with its rich culture and architectural traditions, offers a variety of elements that can be adapted to enhance the aesthetics and functionality of ...",no,qualitative,interview_study
doi:10.1136/bmjopen-2022-061513,10.1136/bmjopen-2022-061513,'Like building a plane and flying it all in one go': an interview study of infection prevention and control in Australian general practice during the first 2 years of the SARS-CoV-2 pandemic.,2022,BMJ open,other,0,unspecified_environment,unspecified_outcome,unknown,,low,abstract_only_reduced_table,abstract_only;weak_variable_resolution,"General practitioners (GPs) and their staff have been at the frontline of the SARS-CoV-2 pandemic in Australia. However, their experiences of responding to and managing the risks of viral transmission within their facilities are poorly described. The aim of this study was to describe the experiences, and infection p...",no,qualitative,interview_study
doi:10.1002/jgc4.70145,10.1002/jgc4.70145,Development and acceptability of a support intervention for families after sudden cardiac death in the young.,2025,Journal of genetic counseling,spatial,0,spatial_layout,stress,unknown,,low,abstract_only_reduced_table,abstract_only,"Sudden cardiac death (SCD) in the young (<35 years) can be due to an inherited cardiovascular condition. The impact of SCD on the surviving family is significant, with high rates of symptoms of posttraumatic stress and prolonged grief. Using stakeholder codesign we developed COPE-SCD, an online community supporting ...",no,cross_sectional_survey,interview_study
doi:10.1186/s12916-025-04384-5,10.1186/s12916-025-04384-5,"""It will sort of drive us to rethink our approach to high fat salt sugar products""- a qualitative analysis of businesses' reactions to the landmark Food (Promotion and Placement) Regulations in England.",2025,BMC medicine,other,0,unspecified_environment,unspecified_outcome,unknown,,low,abstract_only_reduced_table,abstract_only;weak_variable_resolution,"Retail food environments have largely become settings which promote less healthy foods to their customers. In an effort to prompt healthier choices, the UK Government introduced regulations in October 2022 restricting most retailers in England from promoting products high in fat, sugar, or salt (HFSS) at store entra...",no,qualitative,interview_study
doi:10.11236/jph.25-069,10.11236/jph.25-069,[Development of a checklist for the introduction of practical disease prevention and health promotion services: A consensus-building process based on action research].,2025,[Nihon koshu eisei zasshi] Japanese journal of public health,spatial,0,spatial_layout,unspecified_outcome,positive,,low,abstract_only_reduced_table,abstract_only;weak_variable_resolution,Objectives　This report describes the process of consensus-building with stakeholders involved in the development of a checklist intended for purchasers of disease prevention and health promotion services to determine their quality.Methods　The key stakeholders involved in the checklist development included healthcare...,no,rct_interventional,interview_study
doi:10.1093/heapol/czaf066,10.1093/heapol/czaf066,Newborn technology use in low-resource settings: the role of health professionals' communication in implementation.,2025,Health policy and planning,spatial,0,spatial_layout,attention,mixed,,medium,abstract_only_reduced_table,abstract_only,"Neonatal deaths remain a critical public health challenge in many low- and middle-income countries (LMICs), including Kenya. Affordable technologies such as Comprehensive Positive Airway Pressure (CPAP) and phototherapy machines can reduce neonatal mortality and are used in these settings. However, their introductio...",no,qualitative,interview_study
doi:10.1007/s11096-025-01888-1,10.1007/s11096-025-01888-1,Opinions of visually impaired adults on the care provided at community pharmacies: a qualitative interview study.,2025,International journal of clinical pharmacy,other,0,unspecified_environment,unspecified_outcome,negative,,low,abstract_only_reduced_table,abstract_only;weak_variable_resolution,Adults who are Visually Impaired (VI) often experience challenges in taking medications and interacting with healthcare settings.,no,qualitative,interview_study
doi:10.3389/fpsyg.2018.02016,10.3389/fpsyg.2018.02016,Longitudinal Effects of Activity-Based Flexible Office Design on Teamwork,2018,Frontiers in Psychology,spatial,0,spatial_layout,unspecified_outcome,positive,,low,abstract_only_reduced_table,abstract_only;weak_variable_resolution,"This three-wave longitudinal interview study (time lag: 12 and 18 months) investigates the impact of working in an activity-based flexible office (A-FO) on processes within and across teams (i.e., communication, trust, cohesion, and collaboration) and team management. Based on a new theoretical framework on benefits...",no,observational,interview_study
doi:10.24928/2018/0475,10.24928/2018/0475,‘Site Layout Planning Waste’ Typology and Its Handling Through AR-BIM Concept: A Lean Approach,2018,Annual Conference of the International Group for Lean Construction,spatial,0,spatial_layout,attention,unknown,,low,abstract_only_reduced_table,abstract_only,"Site layout planning (SLP) aims at the efficient placement of temporary facilities on a construction site. Improper planning can lead to tremendous wastes in terms of unnecessary transport of materials and other resources around the site. A plethora of research has presented SLP as an optimization problem, but a few...",no,qualitative,interview_study
doi:10.70382/caijeres.v8i4.012,10.70382/caijeres.v8i4.012,INTERIOR SPACE UTILIZATION AND SOCIAL INTERACTION IN LSDPC ESTATES,2025,International journal of environmental research and earth science,spatial,0,spatial_layout,mood,positive,,medium,abstract_only_reduced_table,abstract_only,"As urban housing continues to respond to increasing population pressure in Lagos, effective space planning in residential buildings has become crucial for enhancing functionality, communal living, and social cohesion.  The study examines how the layout, spatial design, and furniture arrangement within LSDPC flats in...",no,cross_sectional_survey,interview_study
doi:10.1145/3290605.3300794,10.1145/3290605.3300794,Shaping Pro-Social Interaction in VR,2019,,cognition,0,unspecified_environment,attention,unknown,,low,abstract_only_reduced_table,abstract_only;weak_variable_resolution,"Commercial social VR applications represent a diverse and evolving ecology with competing models of what it means to be social in VR. Drawing from expert interviews, this paper examines how the creators of different social VR applications think about how their platforms frame, support, shape, or constrain social int...",no,qualitative,interview_study
doi:10.1371/journal.pone.0310682,10.1371/journal.pone.0310682,"Qualitative insights on sexual health counselling from refugee youth in Bidi Bidi Refugee Settlement, Uganda: Advancing contextual considerations for brief sexuality-related communication in a humanitarian setting.",2024,PloS one,thermal,0,spatial_layout,attention,mixed,40,medium,abstract_only_reduced_table,abstract_only;n=40,Characteristics of enabling healthcare environments to support brief sexuality-related communication (BSC) are understudied in humanitarian settings. We implemented a qualitative study with refugee youth aged 16-24 living in Bidi Bidi Refugee Settlement to understand the feasibility of implementing BSC in a humanita...,no,qualitative,interview_study
doi:10.3390/buildings15071205,10.3390/buildings15071205,Revealing the Driving Factors of Household Energy Consumption in High-Density Residential Areas of Beijing Based on Explainable Machine Learning,2025,Buildings,spatial,0,spatial_layout,unspecified_outcome,positive,,low,abstract_only_reduced_table,abstract_only;weak_variable_resolution,"This study explores the driving factors of household energy consumption in high-density residential areas of Beijing and proposes targeted energy-saving strategies. Data were collected through field surveys, questionnaires, and interviews, covering 16 influencing factors across household, building, environment, and ...",no,cross_sectional_survey,interview_study
doi:10.2307/2093503,10.2307/2093503,Some Social Implications of High Density Housing,1971,American Sociological Review,spatial,0,spatial_layout,stress,unknown,,low,abstract_only_reduced_table,abstract_only,"The existing literature on the social, personal, and health consequences of high density housing is unclear regarding the significance that can be attached to the physical features of housing. The present study, which is based on interview information collected in Hong Kong, is able to control for deprivations and s...",no,qualitative,interview_study
doi:10.3389/frsc.2025.1492869,10.3389/frsc.2025.1492869,Inter-agency collaboration in building urban fire resilience in Indonesia: how do metropolitan cities address it?,2025,Frontiers in Sustainable Cities,air,0,air_quality,attention,positive,,medium,abstract_only_reduced_table,abstract_only,"Urban fire disasters pose a significant challenge to city resilience and sustainability, particularly in the Global South, where rapid urbanization exacerbates existing vulnerabilities. In Indonesia, recurring fire incidents, ranging from forest fires to residential fires in densely populated areas, highlight the ur...",no,qualitative,interview_study
doi:10.3390/buildings13061455,10.3390/buildings13061455,"Accelerating the Delivery of Low-Carbon Buildings by Addressing Common Constraints: Perspectives from High-Rise, High-Density Cities",2023,Buildings,spatial,0,spatial_layout,attention,unknown,,low,abstract_only_reduced_table,abstract_only,"The delivery of low-carbon buildings (LCBs) in high-rise, high-density cities is still hindered by various common and interdependent constraints. However, a study that developed innovative strategies to address the common constraints to delivering LCBs focusing on traditional high-rise, high-density cities could not...",no,qualitative,interview_study
doi:10.1016/j.cities.2010.07.001,10.1016/j.cities.2010.07.001,Differential community effects on perception and use of urban greenspaces,2010,Cities,biophilic,0,spatial_layout,unspecified_outcome,positive,,low,abstract_only_reduced_table,abstract_only;weak_variable_resolution,The social profiles of residential communities exert differential effects on expectations and demands on urban greenspaces. We studied the diversity of public perception towards urban greenspaces in compact urban Hong Kong. Random household samples were selected from four dominant residential communities: old-core p...,no,cross_sectional_survey,interview_study
doi:10.52922/ti205710,10.52922/ti205710,Reducing crime in public housing areas through community development: An evaluation of the High Density Housing Program in the ACT,2018,,spatial,0,spatial_layout,unspecified_outcome,mixed,,low,abstract_only_reduced_table,abstract_only;weak_variable_resolution,"The High Density Housing Program (HDHP) is a collaborative program involving Reclink Australia, the Australian Capital Territory Justice and Community Safety Directorate (JACS), ACT Housing, ACT Health and ACT Policing. It involves the application of community development approaches to prevent crime and antisocial b...",no,quasi_experimental,interview_study
doi:10.3390/land10070689,10.3390/land10070689,Learning Spatial Design through Interdisciplinary Collaboration,2021,Land,cognition,0,unspecified_environment,attention,unknown,,low,abstract_only_reduced_table,abstract_only;weak_variable_resolution,"Spatial design at interior, site, city and regional scales is increasingly complex, and will continue to be so with the uncertainty of the climate crisis and the growing place-based intricacies of pluralist societies. In response to this complexity, professional design practice has pursued new ways of working. More ...",no,cross_sectional_survey,interview_study
doi:10.1177/1351010X251340905,10.1177/1351010X251340905,Advancing soundscape assessment in open-plan offices: Insights from expert focus groups,2025,Building Acoustics,acoustic,0,noise,productivity,positive,,medium,abstract_only_reduced_table,abstract_only,"Open-plan offices are designed to foster collaboration but often face challenges related to noise and acoustic comfort, which can affect employee well-being and productivity. The soundscape concept offers a holistic approach to assessing and improving these environments, yet existing methods often fall short of capt...",no,cross_sectional_survey,interview_study
doi:10.48550/arXiv.2508.19867,10.48550/arXiv.2508.19867,Lessons from Biophilic Design: Rethinking Affective Interaction Design in Built Environments,2025,arXiv.org,biophilic,0,biophilia,mood,unknown,,low,abstract_only_reduced_table,abstract_only,"The perspectives of affective interaction in built environments are largely overlooked and instead dominated by affective computing approaches that view emotions as""static"", computable states to be detected and regulated. To address this limitation, we interviewed architects to explore how biophilic design -- our de...",no,qualitative,interview_study
doi:10.3992/jgb.20.3.55,10.3992/jgb.20.3.55,"COMBINED EFFECTS OF LIGHTING AND NATURAL ELEMENTS ON STRESS, DEPRESSION, AND ANXIETY OF SHIFT HEALTHCARE STAFF",2025,"Journal of Green Building, College Publishing, USA",light,0,daylight,stress,mixed,,medium,abstract_only_reduced_table,abstract_only,"The design of the healthcare environment significantly influences the psychological well-being and job satisfaction of medical staff. However, the combined effects of indoor lighting and natural elements—particularly within nursing stations—remain underexplored.



This study investigates the integrated design of li...",no,cross_sectional_survey,interview_study
doi:10.1108/arch-04-2025-0156,10.1108/arch-04-2025-0156,"Impact of biophilic classroom design on pupils’ creative thinking, perceived stress and place attachment: a quasi-experiment in the Egyptian context",2025,Archnet-IJAR,biophilic,0,biophilia,stress,mixed,8,medium,abstract_only_reduced_table,abstract_only;n=8,"This study aims to assess the impact of biophilic classroom design on pupils’ cognitive development and psychological well-being. More specifically, the objective of the study is to assess the impact of biophilic design patterns on pupils’ creative thinking, perceived stress and place attachment.
 
 
 
 A quasi-expe...",no,rct_interventional,interview_study
doi:10.14515/monitoring.2019.1.13,10.14515/monitoring.2019.1.13,Affective power of vandalism: youth vandal practices within the concept of affective labor,2019,The monitoring of public opinion economic&social changes,affect,0,biophilia,mood,unknown,,low,abstract_only_reduced_table,abstract_only,The purpose of the article is an adaptation of the affective labor concept as a method for analyzing vandalism among young people. The article examines youth vandalism as a form of affective labor and identifies two types of effects. The first type deals with the experiences of the vandals themselves which cause the...,no,qualitative,interview_study
doi:10.3389/fpsyg.2025.1637194,10.3389/fpsyg.2025.1637194,TikTok war humor: social and psychological functions of humor videos by micro-influencers and ordinary users during conflict.,2025,Frontiers in psychology,biophilic,0,biophilia,stress,positive,,medium,abstract_only_reduced_table,abstract_only,"While much research highlights the negative psychological impacts of social media use, the current study examines how, in the aftermath of collective trauma, social media platforms can serve as spaces for resilience-building through the creative use of humor. On October 7, 2023, Hamas launched a large-scale surprise...",no,qualitative,interview_study
doi:10.18675/2177-580x.2024-18845,10.18675/2177-580x.2024-18845,Aesthetic experience in nature: potential of environmental education in protected natural areas,2025,Pesquisa em Educação Ambiental,biophilic,0,biophilia,attention,unknown,,low,abstract_only_reduced_table,abstract_only,"The aim of the current study is to identify the potential of a protected natural area in Southern Brazil to be used as space for aesthetic experiences in nature by a group of educators. The study was carried out in Serra da Baitaca State Park, Metropolitan Region of Curitiba City, Paraná State, Brazil, with three ed...",no,qualitative,interview_study
doi:10.3390/ani14091282,10.3390/ani14091282,"The Easiest Becomes the Rule: Beliefs, Knowledge and Attitudes of Equine Practitioners and Enthusiasts Regarding Horse Welfare.",2024,Animals : an open access journal from MDPI,biophilic,0,biophilia,productivity,mixed,,medium,abstract_only_reduced_table,abstract_only,Inadequate management conditions can impair the welfare of captive-bred horses. Understanding individuals' viewpoints and the factors influencing their decisions about adopting or avoiding certain practices may provide insights into their motivations and decision-making processes. This is particularly relevant in th...,no,qualitative,interview_study
doi:10.22492/ijcs.6.2.03,10.22492/ijcs.6.2.03,Psychological Effects of Iranian Mirror-Tile Artwork – A Phenomenological Approach,2022,IAFOR Journal of Cultural Studies,biophilic,0,biophilia,attention,unknown,,low,abstract_only_reduced_table,abstract_only,"Mirror-tile artwork is one of the most recent and striking phenomena in Iranian Spiritual Art. Aside from being an aesthetic item for adorning architectural building space, mirrors also exemplify profound cultural ideas. It has been applied in interior design and the decoration of holy and royal buildings with symbo...",no,qualitative,interview_study
doi:10.1080/17454832.2023.2229893,10.1080/17454832.2023.2229893,A qualitative evaluation of an outdoor arts therapies group,2023,International Journal of Art Therapy,biophilic,0,biophilia,mood,unknown,,low,abstract_only_reduced_table,abstract_only,"ABSTRACT Aim: To understand service user and therapist experiences of an outdoor arts therapies group, their views on its benefits and challenges. Background: There is a lack of systematic research on the effectiveness of outdoor arts therapies. This article presents a systematic, qualitative evaluation of an outdoo...",no,qualitative,interview_study
doi:10.3389/fpsyg.2022.861107,10.3389/fpsyg.2022.861107,Challenges and Approaches to Green Social Prescribing During and in the Aftermath of COVID-19: A Qualitative Study.,2022,Frontiers in psychology,biophilic,0,biophilia,unspecified_outcome,mixed,,low,abstract_only_reduced_table,abstract_only;weak_variable_resolution,"The last decade has seen a surge of interest and investment in green social prescribing, however, both healthcare and social enterprise has been impacted by the COVID-19 crisis, along with restricted access to public green spaces. This study examines the challenges and opportunities of delivering green social prescr...",no,observational,interview_study
doi:10.1007/s11356-025-37273-8,10.1007/s11356-025-37273-8,Synthetic cannabinoids in Mayotte over a year in time and space: an example of high-frequency evolution of market.,2025,Environmental science and pollution research international,biophilic,0,biophilia,attention,unknown,,low,abstract_only_reduced_table,abstract_only,"As illicit drug trafficking becomes more widespread, it is increasingly important to assess the extent of drug abuse for health and safety reasons. However, on the one hand, administering questionnaires to consumers is time-consuming and inconclusive, and on the other hand, seizures and clinical data evaluate servic...",no,cross_sectional_survey,interview_study
doi:10.1068/c1312r,10.1068/c1312r,Therapeutic Landscapes in Hospital Design: A Qualitative Assessment by Staff and Service Users of the Design of a New Mental Health Inpatient Unit,2007,Environment and Planning C Government and Policy,biophilic,0,biophilia,mood,unknown,,low,abstract_only_reduced_table,abstract_only,"This pilot research project sought to provide a postoccupation assessment of a new mental health inpatient unit in East London, built under the Private Finance Initiative scheme. Qualitative discussion groups or unstructured interviews were used to explore the views of people who had been service users (but were cur...",no,qualitative,interview_study
doi:10.1080/24694452.2019.1629868,10.1080/24694452.2019.1629868,"Absent Friends? Smartphones, Mediated Presence, and the Recoupling of Online Social Contact in Everyday Life",2019,Annals of the American Association of Geographers,biophilic,0,biophilia,unspecified_outcome,unknown,,low,abstract_only_reduced_table,abstract_only;weak_variable_resolution,"This article contributes to the geographical understanding of how mobile online presence enabled by smartphones transforms human spatial practices; that is, people’s everyday routines and experiences in time and space. Contrasting a mainstream discourse concentrating on the autonomy and flexibility of ubiquitous (an...",no,qualitative,interview_study
doi:10.1177/08920206251353619,10.1177/08920206251353619,"Power, dependency, and negotiation: Community language schools in mainstream educational spaces",2025,Management in Education,biophilic,0,biophilia,attention,unknown,,low,abstract_only_reduced_table,abstract_only,"Community language schools play a vital role in preserving the linguistic and cultural heritage of migrant communities around the world. Established and run by volunteers, these schools operate with limited resources and function outside the formal education system. Many rely on borrowing or renting classroom space ...",no,qualitative,interview_study
doi:10.3389/fpsyg.2018.01300,10.3389/fpsyg.2018.01300,Beyond Cognition: Experts’ Views on Affective-Motivational Research Dispositions in the Social Sciences,2018,Frontiers in Psychology,biophilic,0,biophilia,cognition,unknown,16,low,abstract_only_reduced_table,abstract_only;n=16,"Research competence (RC) as a key ability of students in the social sciences has thus far been conceptualized as consisting primarily of cognitive dispositions. However, owing to its highly complex and demanding nature, competence in conducting research might require additional affective and motivational disposition...",no,qualitative,interview_study
doi:10.1080/14729679.2018.1531042,10.1080/14729679.2018.1531042,Learning in the Finnish outdoor classroom: Pupils’ views,2018,Journal of Adventure Education and Outdoor Learning,cognition,0,biophilia,stress,unknown,,low,abstract_only_reduced_table,abstract_only,ABSTRACT Finnish nature schools are environmental education organisations offering outdoor programmes for classes in natural environments. They are intended to contribute to the aims of the national curriculum in various subjects. This qualitative study examines how students describe their learning in a nature schoo...,no,qualitative,interview_study
doi:10.1177/00221465251398796,10.1177/00221465251398796,Do Health Care Professionals Trust Parents? A Team Ethnography of Childhood Vaccine Hesitancy from Seven European Countries.,2026,Journal of health and social behavior,cognition,0,biophilia,stress,unknown,,low,abstract_only_reduced_table,abstract_only,"Social-scientific scholarship on vaccination has often stressed the importance of trust. Vaccine hesitancy has commonly been viewed as determined by the degree of trust that parents have in expert knowledge, health care authorities, and health care professionals (HCPs). Focusing primarily on parents as trustors, the...",no,qualitative,interview_study
doi:10.1080/13691058.2025.2588786,10.1080/13691058.2025.2588786,Identifications in flux: sexual-minority women's healthcare encounters viewed through the lens of identitarian articulations.,2025,"Culture, health & sexuality",light,0,biophilia,mood,unknown,,low,abstract_only_reduced_table,abstract_only,"In the USA, sexual-minority women experience disparities in healthcare access, quality, and outcomes, shaped by entanglements of gender/sex, sexuality, and institutional norms. While intersectionality has been central to understanding these structural inequities, it does not always account for the shifting, situatio...",no,qualitative,interview_study
doi:10.1177/13634593241290185,10.1177/13634593241290185,'The MRI-scan says it is completely normal': Reassurance attempts in clinical encounters among patients with chronic musculoskeletal pain.,2025,"Health (London, England : 1997)",cognition,0,unspecified_environment,cognition,unknown,,low,abstract_only_reduced_table,abstract_only;weak_variable_resolution,"In clinical guidelines for patients with chronic musculoskeletal pain, reassurance is a key element. The purpose of reassuring patients is to change their views on their illness and, thereby, their actions. However, when symptoms persist without pathological findings, reassurance can be difficult to achieve. Drawing...",no,qualitative,interview_study
doi:10.1089/jayao.2018.0082,10.1089/jayao.2018.0082,Health Professionals' Perspectives on the Nature of Distress and Low Mood in Young People with Cancer,2018,Journal of Adolescent and Young Adult Oncology,affect,0,biophilia,stress,mixed,,medium,abstract_only_reduced_table,abstract_only,"Purpose: Young people with cancer are at increased risk of depression, yet evidence-based psychological interventions that are tailored to the specific needs of young people with cancer are scarce, and depression in this group may be particularly challenging to recognize and treat. The aims of this study were to (1)...",no,qualitative,interview_study
doi:10.1016/j.ufug.2020.126863,10.1016/j.ufug.2020.126863,Restorative effects of virtual natural settings on middle-aged and elderly adults,2020,Urban forestry & urban greening,cognition,0,biophilia,attention,negative,34,medium,abstract_only_reduced_table,abstract_only;n=34,"Previous studies have demonstrated health benefits result from exposure to natural environments. Virtual reality (VR) may offer an alternative to actual outdoor immersion by generating a simulated health-promoting environment. Given that health issues are more prevalent in older adults, this study investigated the r...",no,qualitative,interview_study
doi:10.1186/s12905-023-02165-x,10.1186/s12905-023-02165-x,Mothers’ accounts of the impact of being in nature on postnatal wellbeing: a focus group study,2023,BMC Women's Health,affect,0,biophilia,stress,positive,,medium,abstract_only_reduced_table,abstract_only,"Background The postnatal period is a vulnerable time for mothers to experience stress and mental health difficulties. There is increasing evidence that spending time in nature is beneficial for wellbeing. Nature-based interventions have been developed to support mental health, but not specifically tailored for mothe...",no,qualitative,interview_study
doi:10.1080/09669582.2020.1742725,10.1080/09669582.2020.1742725,"Nature tourism and mental health: parks, happiness, and causation",2020,Journal of Sustainable Tourism,affect,0,biophilia,stress,positive,,medium,abstract_only_reduced_table,abstract_only,"Abstract Poor mental health costs about a tenth of global GNP. For many people, nature exposure improves mental health. This generates a newly recognised health service value for national parks worldwide, estimated at trillions of dollars annually. It creates a correspondingly large potential new market for commerci...",no,qualitative,interview_study
doi:10.1097/NJH.0000000000000539,10.1097/NJH.0000000000000539,Guiding the Process of Dying: The Personal Impact on Nurses.,2019,Journal of hospice and palliative nursing : JHPN : the official journal of the Hospice and Palliative Nurses Association,affect,0,biophilia,stress,unknown,,low,abstract_only_reduced_table,abstract_only,"Some of the most ethically challenging and emotionally demanding aspects of nursing occur in caring for patients and their family at the end of life. The aims of this study were to examine the views of acute care nurses caring for patients during transition to comfort care, to describe the personal impact on nurses,...",no,qualitative,interview_study
doi:10.24256/itj.v4i1.2440,10.24256/itj.v4i1.2440,The concept of “Kampus Merdeka” in the current policy of Indonesian higher education: ELT lecturers’ perspectives,2022,Indonesian TESOL Journal,biophilic,0,biophilia,mood,positive,,medium,abstract_only_reduced_table,abstract_only,This study aims to advance global readers’ understanding of current Indonesian higher education policy associated with students’ rights.  The researcher conducted document analysis on official regulations and interviewed lecturers to gain data about their response on the policy. The most obvious findings to emerge f...,no,qualitative,interview_study
doi:10.1108/ejm-05-2018-0353,10.1108/ejm-05-2018-0353,The role of discrete positive emotions in consumer response to place-of-origin,2020,,affect,0,daylight,mood,positive,,medium,abstract_only_reduced_table,abstract_only,"The purpose of this study is to adopt a functional perspective to integrate and extend three streams of research, the first distinguishing between global affect and discrete emotional episodes, the second highlighting the capability of places to elicit emotions and the third demonstrating the differential impact of ...",no,qualitative,interview_study
doi:10.1177/13623613211019594,10.1177/13623613211019594,Participatory autism research: Early career and established researchers’ views and experiences,2021,Autism,biophilic,0,biophilia,attention,unknown,,low,abstract_only_reduced_table,abstract_only,"Despite more autism research taking place than ever before, there is a disconnect between the current landscape of autism research and what autistic people and their allies want from research. While participatory research has been proposed as a potential solution, we know little about how researchers (particularly, ...",no,qualitative,interview_study
doi:10.1080/24750158.2022.2115587,10.1080/24750158.2022.2115587,Public Library Building and Development: Understanding Community Consultation and the Design Process,2022,Journal of the Australian Library and Information Association,biophilic,0,biophilia,attention,unknown,,low,abstract_only_reduced_table,abstract_only,"ABSTRACT There is an increasing focus on the public library’s role as a place of and for the community that should have at its heart the needs of that community. In this respect, the development of new or renovated public libraries offers an opportunity for the design of these new buildings to reflect the needs and ...",no,qualitative,interview_study
doi:10.1016/j.heliyon.2022.e08924,10.1016/j.heliyon.2022.e08924,Community perceptions towards the impacts of ecotourism development in the central highlands of Ethiopia: the case of Lake Wanchi and its adjacent landscapes.,2022,Heliyon,cognition,0,unspecified_environment,attention,unknown,,low,abstract_only_reduced_table,abstract_only;weak_variable_resolution,"Scientific studies harmonizing biodiversity conservation, ecotourism development, and local livelihoods in areas of natural endowments have significant importance in the welfare of society. The objective of this study was to investigate the local community's perception of the impacts of the Wanchi Ecotourism Associa...",no,cross_sectional_survey,interview_study
doi:10.1186/s12888-025-07175-7,10.1186/s12888-025-07175-7,Acceptability of shared medication coordination in social psychiatric residence consultations: a qualitative interview study.,2025,BMC psychiatry,other,0,unspecified_environment,unspecified_outcome,unknown,,low,abstract_only_reduced_table,abstract_only;weak_variable_resolution,"When various physicians prescribe medications to a single patient, insufficient medication coordination (MedCo) may lead to drug interactions and side effects, especially in patients living with severe mental disorders such as schizophrenia. A Danish social psychiatric residence has addressed this issue with an annu...",no,qualitative,interview_study
doi:10.51867/aqssr.2.4.67,10.51867/aqssr.2.4.67,"The influence of tense, aspect, and mood on tone in the Nambya language of Hwange District in Zimbabwe",2025,African Quarterly Social Science Review,affect,0,unspecified_environment,stress,positive,,low,abstract_only_reduced_table,abstract_only;weak_variable_resolution,"This paper explores the interaction between Tense, Aspect, and Mood (TAM) and tonal realisation in Nambya, a Bantu language spoken predominantly in Hwange District in western Zimbabwe and, to a lesser extent, in parts of Botswana. Drawing from the broader framework of Bantu phonology, it aims to contribute to unders...",no,qualitative,interview_study
doi:10.69875/djosse.v2i2.189,10.69875/djosse.v2i2.189,Menggali Sejarah Dan Makna Filosofis Rumah Adat Tongkonan Ke’te Kesu Di Toraja Utara,2025,DISCOURSE: Indonesian Journal of Social Studies and Education,spatial,0,spatial_layout,unspecified_outcome,unknown,,low,abstract_only_reduced_table,abstract_only;weak_variable_resolution,"The Tongkonan traditional house is a symbol of the culture and identity of the Toraja people, especially in Ke'te Kesu. Tongkonan architecture represents social and spiritual values and is influenced by natural physical conditions. This research aims to analyze how geographical aspects, such as undulating topography...",no,qualitative,interview_study
doi:10.4108/eai.14-9-2019.2290047,10.4108/eai.14-9-2019.2290047,Development of Teaching Material Market Place Activity (Mpa) Engineering Based On Character Values In Learning Student Class V SD Sudirman 1 Makassar City,2019,"Proceedings of the Proceedings of the 1st International Conference of Science and Technology in Elementary Education, ICSTEE 2019, 14 September, Makassar, South Sulawesi, Indonesia",other,0,unspecified_environment,unspecified_outcome,unknown,,low,abstract_only_reduced_table,abstract_only;weak_variable_resolution,"This study aims to produce science-based teaching materials based on character values by applying Market Place Activity (MPA) techniques that are valid, practical and effective. This type of research is the development (research and development) through several stages, namely (1) gathering initial information, (2) d...",no,rct_interventional,interview_study
doi:10.1080/03085140701760841,10.1080/03085140701760841,Logics of interdisciplinarity,2008,Economy and Society,biophilic,0,biophilia,stress,unknown,,low,abstract_only_reduced_table,abstract_only,"Abstract Abstract This paper interrogates influential contemporary accounts of interdisciplinarity, in which it is portrayed as offering new ways of rendering science accountable to society and/or of forging closer relations between scientific research and innovation. The basis of the paper is an eighteen-month empi...",no,qualitative,interview_study
doi:10.62154/3aqdkf16,10.62154/3aqdkf16,A Review of Biophilic Design Concepts in Hotel Architecture,2024,African Journal of Environmental Sciences and Renewable Energy,biophilic,0,biophilia,mood,mixed,,medium,abstract_only_reduced_table,abstract_only,"Incorporating natural materials and features into the built environment is the goal of the creative approach known as biophilic design, which aims to link people with nature through architecture and interior design. The premise of the theory is that people are naturally drawn to nature and that spending time in natu...",no,cross_sectional_survey,interview_study
doi:10.3390/su17093890,10.3390/su17093890,If Green Walls Could Talk: Interpreting Building Sustainability Through Atmospheric Cues,2025,Sustainability,light,0,daylight,attention,positive,250,medium,abstract_only_reduced_table,abstract_only;n=250,"Architectural design influences both environmental outcomes and occupant behaviors. Green buildings convey environmental responsibility through formal (e.g., signage, tours) and informal means, including natural materials, daylighting, and energy-efficient features. These choices contribute to overall building “atmo...",no,cross_sectional_survey,interview_study
doi:10.1097/jom.0b013e318247a3b0,10.1097/jom.0b013e318247a3b0,Fatigue Risk Management in the Workplace,2012,Journal of Occupational and Environmental Medicine,light,0,daylight,sleep,mixed,,medium,abstract_only_reduced_table,abstract_only,"PURPOSE AND INTRODUCTION Key Points: Fatigue is an unsafe condition in the workplace. Like other risk factors, fatigue can be managed. Safety and productivity in the workplace are intimately related to worker health. A workplace may have chemical, physical, biological, and/or psychosocial hazards that have the poten...",no,cross_sectional_survey,interview_study
doi:10.1108/jcre-10-2015-0028,10.1108/jcre-10-2015-0028,Accommodating new ways of working: lessons from best practices and worst cases,2016,Journal of Corporate Real Estate,thermal,0,daylight,attention,negative,930,medium,abstract_only_reduced_table,abstract_only;n=930,Purpose The purpose of this study is to explore which factors may explain the high or low percentages of satisfied employees in offices with shared activity-based workplaces. Design/methodology/approach The paper compares data on employee satisfaction from two cases with remarkably high satisfaction scores and two c...,no,cross_sectional_survey,interview_study
doi:10.1080/17571472.2016.1204009,10.1080/17571472.2016.1204009,Sonia delaunay: a life in the avant-garde,2016,London Journal of Primary Care,light,0,daylight,unspecified_outcome,unknown,,low,abstract_only_reduced_table,abstract_only;weak_variable_resolution,"Sonia Delaunay (1885–1979) was a key figure in the Parisian avant-garde, whose vivid and colourful work spanned painting, fashion and design. In 2015, Tate Modern in London presented the first UK retrospective to assess the breadth of her vibrant artistic career, from her early figurative painting in the 1900s to th...",no,qualitative,interview_study
doi:10.1177/001872088102300405,10.1177/001872088102300405,Visual Fatigue and Occupational Stress in VDT Operators,1981,Human Factors The Journal of the Human Factors and Ergonomics Society,affect,0,daylight,mood,unknown,,low,abstract_only_reduced_table,abstract_only,"In this study, 121 office workers whose jobs required the use of video display terminals for varying proportions of their workdays were interviewed. A semistructured interview technique was used to determine the attitudes of the workers toward their work and toward office automation. A smaller subset of this group w...",no,qualitative,interview_study
doi:10.1002/sce.10128,10.1002/sce.10128,Developing views of nature of science in an authentic context: An explicit approach to bridging the gap between nature of science and scientific inquiry,2004,Science Education,biophilic,0,biophilia,unspecified_outcome,positive,,low,abstract_only_reduced_table,abstract_only;weak_variable_resolution,"Abstract Reform efforts emphasize teaching science to promote contemporary views of the nature of science (NOS) and scientific inquiry. Within the framework of situated cognition, the assertion is that engagement in inquiry activities similar to those of scientists provides a learning context conducive to developing...",no,cross_sectional_survey,interview_study
doi:10.1086/378613,10.1086/378613,The Fire of Desire: A Multisited Inquiry into Consumer Passion,2003,Journal of Consumer Research,thermal,0,unspecified_environment,stress,unknown,,low,abstract_only_reduced_table,abstract_only;weak_variable_resolution,"Desire is the motivating force behind much of contemporary consumption. Yet consumer research has devoted little specific attention to passionate and fanciful consumer desire. This article is grounded in consumers' everyday experiences of longing for and fantasizing about particular goods. Based on journals, intervi...",no,qualitative,interview_study
doi:10.1111/area.12279,10.1111/area.12279,Socio‐economic profile and working conditions of freelancers in co‐working spaces and work collectives: evidence from the design sector in Greece,2016,Area,other,0,unspecified_environment,unspecified_outcome,unknown,,low,abstract_only_reduced_table,abstract_only;weak_variable_resolution,"Third places, such as business incubators, co‐working spaces and work collectives, represent a new ecosystem of collaborative working practices in the creative economy that alters significantly the spatial distribution of work and the notion of ‘workplace’. Collaborative workplaces emerged after the gradual collapse...",no,cross_sectional_survey,interview_study
doi:10.1145/2750858.2807528,10.1145/2750858.2807528,Tiny habits in the giant enterprise,2015,,acoustic,0,noise,mood,unknown,,low,abstract_only_reduced_table,abstract_only,"We offer a reflection on the technology usage for workplace quantification through an in the wild study. Using a prototype Quantified Workplace system equipped with passive and participatory sensing modalities, we collected and visualized different workplace metrics (noise, color, air quality, self reported mood, an...",no,cross_sectional_survey,interview_study
doi:10.2307/3042161,10.2307/3042161,Black Noise: Rap Music and Black Culture in Contemporary America.,1995,African American Review,acoustic,0,noise,attention,unknown,,low,abstract_only_reduced_table,abstract_only,"From its beginnings in  hop culture, the dense rhythms and aggressive lyrics of rap music have made it  provocative fixture on the American cultural landscape. In Black Noise: Rap Music and Black Culture in Contemporary America, Tricia Rose, described by the New York Times as  hip hop theorist, takes  comprehensive ...",no,qualitative,interview_study
sha256:f8866a88dfb1,,Multiple Intelligences in the Classroom,2008,TopScholar (Western Kentucky University),other,0,unspecified_environment,unspecified_outcome,unknown,,low,abstract_only_reduced_table,abstract_only;weak_variable_resolution,"This project addresses the current hot topic in the field of education, of Multiple Intelligences. Howard Garner, psychologist and Harvard professor, believes there are multiple ways children learn. Through that belief he created the Multiple Intelligences Theory (MI) which states there are eight ways people learn o...",no,qualitative,interview_study
sha256:5ab7bf830bb8,,Building Interactive Virtual Humans for Training Environments,2007,,acoustic,0,unspecified_environment,cognition,unknown,,low,abstract_only_reduced_table,abstract_only;weak_variable_resolution,"There is a great need in the Joint Forces to have human to human interpersonal training for skills such as negotiation, leadership, interviewing and cultural training. Virtual environments can be incredible training tools if used properly and used for the correct training application. Virtual environments have alrea...",no,qualitative,interview_study
doi:10.1037/a0033468,10.1037/a0033468,The cost of keeping it hidden: Decomposing concealment reveals what makes it depleting.,2013,Journal of Experimental Psychology General,acoustic,0,unspecified_environment,cognition,unknown,,low,abstract_only_reduced_table,abstract_only;weak_variable_resolution,"People possess information or identities that it sometimes behooves them to conceal, but at what cost? Participants who were instructed to conceal information during a short interview--either their sexual orientation (Studies 1-3) or specified words (Study 4)--showed evidence of self-regulatory depletion. Concealmen...",no,qualitative,interview_study
doi:10.1001/jama.1950.02910470083028,10.1001/jama.1950.02910470083028,The Organization of Behavior: A Neuropsychological Theory,1950,Journal of the American Medical Association,other,0,unspecified_environment,unspecified_outcome,positive,,low,abstract_only_reduced_table,abstract_only;weak_variable_resolution,"Our website uses cookies to enhance your experience. By continuing to use our site, or clicking ""Continue,"" you are agreeing to our Cookie Policy | Continue JAMA HomeNew OnlineCurrent IssueFor Authors Publications JAMA JAMA Network Open JAMA Cardiology JAMA Dermatology JAMA Health Forum JAMA Internal Medicine JAMA N...",no,qualitative,interview_study
doi:10.1080/03007760802053211,10.1080/03007760802053211,Rethinking the Digital Remix: Mash‐ups and the Metaphysics of Sound Recording,2008,Popular Music & Society,acoustic,0,noise,attention,unknown,,low,abstract_only_reduced_table,abstract_only,"Abstract Critical evaluations of audio mash‐ups and remixes tend to congregate around two poles. On the one hand, these often clever re‐combinations of recorded music are celebrated as innovative and creative interventions in the material of bland commodity culture. On the other hand, they are often reviled as deriv...",no,qualitative,interview_study
doi:10.3390/ijerph13121229,10.3390/ijerph13121229,The Role of Soundscape in Nature-Based Rehabilitation: A Patient Perspective,2016,International Journal of Environmental Research and Public Health,acoustic,0,noise,stress,positive,,medium,abstract_only_reduced_table,abstract_only,"Nature-based rehabilitation (NBR) has convincing support in research, yet the underlying mechanisms are not fully understood. The present study sought to increase understanding of the role of soundscapes in NBR, an aspect paid little attention thus far. Transcribed interviews with 59 patients suffering from stress-r...",no,qualitative,interview_study
doi:10.3390/ijerph111212204,10.3390/ijerph111212204,Are Biophilic-Designed Site Office Buildings Linked to Health Benefits and High Performing Occupants?,2014,International Journal of Environmental Research and Public Health,biophilic,0,daylight,productivity,positive,,medium,abstract_only_reduced_table,abstract_only,"This paper discusses the first phase of a longitudinal study underway in Australia to ascertain the broad health benefits of specific types of biophilic design for workers in a building site office. A bespoke site design was formulated to include open plan workspace, natural lighting, ventilation, significant plants...",no,observational,interview_study
doi:10.1111/j.1399-6576.2008.01702.x,10.1111/j.1399-6576.2008.01702.x,Light vs. heavy sedation during mechanical ventilation after oesophagectomy – a pilot experimental study focusing on memory,2008,Acta Anaesthesiologica Scandinavica,cognition,0,air_quality,stress,null,18,medium,abstract_only_reduced_table,abstract_only;n=18,Background: To assess and compare the feasibility and stressful memories of light vs. heavy sedation during post‐operative mechanical ventilation. Methods: Randomized clinical trial in one general intensive care unit (ICU) in a Swedish university hospital. Thirty‐six adults were randomly assigned to receive either l...,no,rct_interventional,interview_study
doi:10.1177/0013916503261384,10.1177/0013916503261384,Linking the Spatial Syntax of Cognitive Maps to the Spatial Syntax of the Environment,2004,Environment and Behavior,cognition,0,unspecified_environment,cognition,unknown,,low,abstract_only_reduced_table,abstract_only;weak_variable_resolution,This article investigates the effects of the spatial configuration of the local environment on residents’ spatial cognitions of their built environment by examining the relationship between the spatial syntax of sketch maps and the spatial syntax of the environment. Hampstead Garden Suburb in London was investigated...,no,cross_sectional_survey,interview_study
doi:10.1161/01.str.29.6.1274,10.1161/01.str.29.6.1274,The American Heart Association Stroke Outcome Classification,1998,Stroke,cognition,0,biophilia,cognition,mixed,,medium,abstract_only_reduced_table,abstract_only,"HomeStrokeVol. 29, No. 6The American Heart Association Stroke Outcome Classification Free AccessOtherPDF/EPUBAboutView PDFView EPUBSections ToolsAdd to favoritesDownload citationsTrack citationsPermissions ShareShare onFacebookTwitterLinked InMendeleyReddit Jump toFree AccessOtherPDF/EPUBThe American Heart Associati...",no,rct_interventional,interview_study
doi:10.1080/14927713.2007.9651382,10.1080/14927713.2007.9651382,"Ethnic enclosure, social networks, and leisure behaviour of immigrants from Korea, Mexico, and Poland",2007,Leisure/Loisir,thermal,0,spatial_layout,mood,unknown,,low,abstract_only_reduced_table,abstract_only,Abstract The goal of this study was to provide an understanding of the concept of ethnic enclosure in leisure and the effect it has on the lives of immigrants after their settlement in the host country. This study explored the reasons that motivate ethnic minorities to associate predominantly with members of the sam...,no,qualitative,interview_study
doi:10.1177/1937586715615348,10.1177/1937586715615348,The Effects of Spatial Enclosure on Social Interaction Between Older Adults With Dementia and Young Children,2016,HERD Health Environments Research & Design Journal,acoustic,0,noise,attention,unknown,,low,abstract_only_reduced_table,abstract_only,Objective: To examine the impact of spatial enclosures on social interaction between older adults with early stage dementia and young children. Background: Intergenerational interaction through meaningful activities can promote positive affects and behaviors of children and older adults. The development of social in...,no,qualitative,interview_study
doi:10.2196/jmir.4055,10.2196/jmir.4055,The Person-Based Approach to Intervention Development: Application to Digital Health-Related Behavior Change Interventions,2015,Journal of Medical Internet Research,light,0,daylight,attention,positive,,medium,abstract_only_reduced_table,abstract_only,"This paper describes an approach that we have evolved for developing successful digital interventions to help people manage their health or illness. We refer to this as the ""person-based"" approach to highlight the focus on understanding and accommodating the perspectives of the people who will use the intervention. ...",no,rct_interventional,interview_study
doi:10.1080/1369118x.2016.1154086,10.1080/1369118x.2016.1154086,The algorithmic imaginary: exploring the ordinary affects of Facebook algorithms,2016,Information Communication & Society,affect,0,biophilia,mood,unknown,,low,abstract_only_reduced_table,abstract_only,"This article reflects the kinds of situations and spaces where people and algorithms meet. In what situations do people become aware of algorithms? How do they experience and make sense of these algorithms, given their often hidden and invisible nature? To what extent does an awareness of algorithms affect people's ...",no,qualitative,interview_study
doi:10.1159/000430949,10.1159/000430949,Older Adults' Reasons for Using Technology while Aging in Place,2015,Gerontology,cognition,0,unspecified_environment,cognition,positive,,low,abstract_only_reduced_table,abstract_only;weak_variable_resolution,"&lt;b&gt;&lt;i&gt;Background:&lt;/i&gt;&lt;/b&gt; Most older adults prefer to age in place, and supporting older adults to remain in their own homes and communities is also favored by policy makers. Technology can play a role in staying independent, active and healthy. However, the use of technology varies considera...",no,qualitative,interview_study
doi:10.1177/014662167700100306,10.1177/014662167700100306,The CES-D Scale,1977,Applied Psychological Measurement,other,0,unspecified_environment,unspecified_outcome,unknown,,low,abstract_only_reduced_table,abstract_only;weak_variable_resolution,The CES-D scale is a short self-report scale designed to measure depressive symptomatology in the general population. The items of the scale are symptoms associated with depression which have been used in previously validated longer scales. The new scale was tested in household interview surveys and in psychiatric s...,no,cross_sectional_survey,interview_study
doi:10.3390/ijerph120707274,10.3390/ijerph120707274,"The Significance of Experiences of Nature for People with Parkinson’s Disease, with Special Focus on Freezing of Gait—The Necessity for a Biophilic Environment. A Multi-Method Single Subject Study",2015,International Journal of Environmental Research and Public Health,biophilic,0,biophilia,mood,unknown,,low,abstract_only_reduced_table,abstract_only,"Freezing of Gait (FOG) is a common condition in people with Parkinson’s disease (PD). FOG entails suddenly experiencing difficulties moving or feeling that one’s feet are as glued to the ground. It is triggered, e.g., when passing through doorways. Earlier studies suggest that being in natural environments affects F...",no,cross_sectional_survey,interview_study
doi:10.3390/ijerph10010417,10.3390/ijerph10010417,"Understanding Urban Green Space as a Health Resource: A Qualitative Comparison of Visit Motivation and Derived Effects among Park Users in Sheffield, UK",2013,International Journal of Environmental Research and Public Health,biophilic,0,unspecified_environment,mood,unknown,,low,abstract_only_reduced_table,abstract_only;weak_variable_resolution,"With increasing interest in the use of urban green space to promote human health, there is a need to understand the extent to which park users conceptualize these places as a resource for health and well-being. This study sought to examine park users’ own reasons for and benefits from green space usage and compare t...",no,qualitative,interview_study
doi:10.1177/07356331221081753,10.1177/07356331221081753,The Competent Computational Thinking Test: Development and Validation of an Unplugged Computational Thinking Test for Upper Primary School,2022,Journal of educational computing research,cognition,0,unspecified_environment,attention,unknown,,low,abstract_only_reduced_table,abstract_only;weak_variable_resolution,"With the increasing importance of Computational Thinking (CT) at all levels of education, it is essential to have valid and reliable assessments. Currently, there is a lack of such assessments in upper primary school. That is why we present the development and validation of the competent CT test (cCTt), an unplugged...",no,cross_sectional_survey,interview_study
doi:10.21608/jes.2023.231031.1608,10.21608/jes.2023.231031.1608,TO WHAT EXTENT ARCHITECTS AND DESIGNERS IN EGYPT CONSIDER HUMAN WELL-BEING PRINCIPLES,2023,Journal of Environmental Science,biophilic,0,biophilia,stress,unknown,,low,abstract_only_reduced_table,abstract_only,"Built environments are the physical surroundings that are man-made to satisfy their needs and solve their problems. Architects, urban designers, interior designers, environment designers, and design professors play a vital role in the built environments in Egypt, impacting individuals' mental and physical health. A ...",no,qualitative,interview_study
doi:10.1111/cobi.14318,10.1111/cobi.14318,The place for people in rewilding.,2024,Conservation biology : the journal of the Society for Conservation Biology,air,0,air_quality,mood,positive,,medium,abstract_only_reduced_table,abstract_only,"Rewilding, although controversial, is increasingly presented as humanity's best hope of addressing the global biodiversity crisis, but it remains unclear how restoring nonhuman autonomy affects people's relationships with nature. We conceptualized 3 human-nature relationships (HNRs) that could occur when restoring n...",no,qualitative,interview_study
doi:10.1109/ICSE48619.2023.00206,10.1109/ICSE48619.2023.00206,An Empirical Study of Pre-Trained Model Reuse in the Hugging Face Deep Learning Model Registry,2023,International Conference on Software Engineering,other,0,unspecified_environment,productivity,positive,,low,abstract_only_reduced_table,abstract_only;weak_variable_resolution,"Deep Neural Networks (DNNs) are being adopted as components in software systems. Creating and specializing DNNs from scratch has grown increasingly difficult as state-of-the-art architectures grow more complex. Following the path of traditional software engineering, machine learning engineers have begun to reuse lar...",no,qualitative,interview_study
doi:10.32996/jpbs.2023.2.3,10.32996/jpbs.2023.2.3,Plant Parenting: Its Influences on the Well-Being of College Students,2023,Journal of Psychology and Behavior Studies,affect,0,unspecified_environment,mood,positive,,low,abstract_only_reduced_table,abstract_only;weak_variable_resolution,"The study explored the influence of plant parenting on the well-being of AB Psychology students during a pandemic. It further described the participants' engagement in plant-parenting, the benefits gained by the participants during the Pandemic, the challenges met by the participants during the Pandemic, and the imp...",no,qualitative,interview_study
doi:10.3390/healthcare13131566,10.3390/healthcare13131566,Modification and Validation of the Chinese Short-Form Aging Perception Questionnaire: A Psychometric Analysis,2025,Healthcare,cognition,0,unspecified_environment,cognition,positive,,low,abstract_only_reduced_table,abstract_only;weak_variable_resolution,Background/Objectives: A reasonable assessment of the self-perception of aging (SPA) is of great significance to the health outcomes of older adults. This study aimed to develop the Modified Aging Perception Questionnaire (M-APQ) and to verify its psychometric properties. Methods: A multi-method study was conducted....,no,cross_sectional_survey,interview_study
doi:10.1162/desi.2010.26.1.3,10.1162/desi.2010.26.1.3,Affording Meaning: Design-Oriented Research from the Humanities and Social Sciences,2009,Design Issues,biophilic,0,unspecified_environment,attention,unknown,,low,abstract_only_reduced_table,abstract_only;weak_variable_resolution,"User studies, whether conducted through qualitative ethnographic interviews or through more clinical and behaviorist analyses of specific affordances and interfaces, have remapped design research from a study of things to a study of people.Some design researchers have even argued that without the user, design does n...",no,qualitative,interview_study
doi:10.34190/ejel.19.6.2486,10.34190/ejel.19.6.2486,Contextualizing Social Media Ecology and Its Pedagogical Affordances: The Perspective of High School Teachers,2021,The Electronic Journal of e-Learning,cognition,0,unspecified_environment,attention,unknown,11,low,abstract_only_reduced_table,abstract_only;n=11;weak_variable_resolution,"The potential of social media technology has made its use a daily habit among individuals, institutions, and communities. However, several studies on technology adoption, especially social media use in education, focus more on its impact on the student than the teacher, who is generally perceived as a key stakeholde...",no,qualitative,interview_study
doi:10.1596/41138,10.1596/41138,Telescoping Error in Recalled Food Consumption: Evidence from a Survey Experiment in Ethiopia,2022,,other,0,unspecified_environment,unspecified_outcome,positive,,low,abstract_only_reduced_table,abstract_only;weak_variable_resolution,"Telescoping errors occur if survey respondents misdate events from outside the reference period and include them in their recall. Concern about telescoping influenced the design of early Living Standards Measurement Study (LSMS) surveys, which used a two-visit interview format to bound food consumption recall. This ...",no,cross_sectional_survey,interview_study
doi:10.2499/p15738coll2.134161,10.2499/p15738coll2.134161,Telescoping Causes Overstatement in Recalled Food Consumption: Evidence from a Survey Experiment in Ethiopia,2020,,other,0,unspecified_environment,unspecified_outcome,positive,,low,abstract_only_reduced_table,abstract_only;weak_variable_resolution,"Telescoping errors occur if survey respondents misdate consumption or expenditure episodes by including events from outside the reference period in their recall. Concern about telescoping influenced the design of early Living Standards Measurement Study (LSMS) surveys, which used a two-visit interview format to allo...",no,cross_sectional_survey,interview_study
doi:10.1007/s12525-019-00359-6,10.1007/s12525-019-00359-6,How affordances of chatbots cross the chasm between social and traditional enterprise systems,2019,Electronic Markets,other,0,unspecified_environment,unspecified_outcome,positive,,low,abstract_only_reduced_table,abstract_only;weak_variable_resolution,"Abstract Digital and agile companies widely use chatbots in the form of integrations into enterprise messengers such as Slack and Microsoft Teams. However, there is a lack of empirical evidence about their action possibilities (i.e., affordances), for example, to link social interactions with third-party systems and...",no,qualitative,interview_study
doi:10.1108/itp-04-2019-0186,10.1108/itp-04-2019-0186,Enablers of and constraints on employees' information sharing on enterprise social media,2020,Information Technology and People,cognition,0,unspecified_environment,attention,unknown,,low,abstract_only_reduced_table,abstract_only;weak_variable_resolution,"Purpose The purpose of this study is to investigate the various enablers of and constraints on employees' information sharing on an enterprise social media platform. It draws on two theoretical perspectives, communication privacy management theory and the technology affordance framework, as well as on empirical data...",no,qualitative,interview_study
doi:10.1080/0144929X.2024.2361059,10.1080/0144929X.2024.2361059,The influence of gamification affordance on knowledge sharing behaviour: an empirical study based on social Q&A community,2024,Behavior and Information Technology,cognition,0,unspecified_environment,attention,positive,310,low,abstract_only_reduced_table,abstract_only;n=310;weak_variable_resolution,"ABSTRACT The academic community has spent a lot of time and effort in recent years discussing the fact that gamification has a significant positive impact on encouraging user engagement behaviour. As the mainstream of current research, gamification affordance refers to the action possibilities provided by the gamifi...",no,qualitative,interview_study
doi:10.1515/ling-2023-0196,10.1515/ling-2023-0196,Opening up Corpus FinSL: enriching corpus analysis with linguistic ethnography in a study of constructed action,2024,Linguistics,biophilic,0,biophilia,unspecified_outcome,unknown,,low,abstract_only_reduced_table,abstract_only;weak_variable_resolution,"Abstract Corpus methods are now established within the field of signed language linguistics. Empirical investigations of signed language corpora have challenged many early assumptions about the nature of deaf community signed languages, while making us more aware of the limitations of traditional corpus documentatio...",no,qualitative,interview_study
doi:10.2307/3121684,10.2307/3121684,Handbook of Qualitative Research,1994,British Journal of Educational Studies,biophilic,0,unspecified_environment,stress,unknown,,low,abstract_only_reduced_table,abstract_only;weak_variable_resolution,Introduction - Norman K Denzin and Yvonna S Lincoln The Discipline and Practice of Qualitative Research PART ONE: LOCATING THE FIELD Qualitative Methods - Arthur J Vidich and Stanford M Lyman Their History in Sociology and Anthropology Reconstructing the Relationships between Universities and Society through Action ...,no,qualitative,interview_study
doi:10.1016/j.socscimed.2026.118950,10.1016/j.socscimed.2026.118950,A study on user satisfaction with medical devices for the elderly: The case of blood pressure monitors.,2026,Social science & medicine (1982),cognition,0,unspecified_environment,cognition,mixed,,low,abstract_only_reduced_table,abstract_only;weak_variable_resolution,"Against the backdrop of global population ageing, cognitive decline not only limits the quality of life for older adults but also presents a critical challenge to their independent and safe use of health monitoring tools. In this context, this study uses blood pressure monitors as an example to systematically analys...",no,cross_sectional_survey,interview_study
doi:10.54929/3041-2390-2025-05-02-02,10.54929/3041-2390-2025-05-02-02,The Role of Family Environment and Social Support in the Process of Psychological Recovery of Combat Participants,2025,"Bulletin of the Academy of Labor, Social Relations and Tourism. Series: Economics, Psychology and Management",affect,0,daylight,stress,mixed,,medium,abstract_only_reduced_table,abstract_only,"The article is devoted to analysing the key role of family environment and social support in the psychological recovery of combatants. Against the backdrop of the ongoing military conflict in Ukraine, the issue of effective reintegration of veterans is particularly relevant, as they often face post-traumatic stress ...",no,cross_sectional_survey,interview_study
doi:10.31848/arcade.v8i1.3397,10.31848/arcade.v8i1.3397,KRITERIA ARSITEKTUR PEMULIH (HEALING) UNTUK PENYEGARAN MENTAL: KASUS SINDROM BURNOUT,2024,Jurnal Arsitektur ARCADE,restoration,0,unspecified_environment,stress,unknown,,low,abstract_only_reduced_table,abstract_only;weak_variable_resolution,"Abstract: Stress causes a person's mental state to be unstable. A contributing factor to stress is emotional exhaustion caused by work routines. Recovery facilities that support the psychological needs of individuals are essential, but existing public facilities still have shortcomings, especially in implementing de...",no,qualitative,interview_study
doi:10.1177/1420326x21991198,10.1177/1420326x21991198,"An experiment of double dynamic lighting in an office responding to sky and daylight: Perceived effects on comfort, atmosphere and work engagement",2022,,light,0,daylight,sleep,unknown,,low,abstract_only_reduced_table,abstract_only,"The experiment was targeted to develop design strategies and methods by testing the complex interplay between the dynamics of daylight and electrical lighting in an office. The double dynamic lighting design concept is based on the idea of adding task lighting, with a directionality referring to the daylight inflow ...",yes,rct_interventional,interview_study
doi:10.3390/su12156054,10.3390/su12156054,Acoustics for Supportive and Healthy Buildings: Emerging Themes on Indoor Soundscape Research,2020,Sustainability,acoustic,0,noise,productivity,positive,,medium,abstract_only_reduced_table,abstract_only,The focus of the building industry and research is shifting from delivering satisfactory spaces to going beyond what is merely acceptable with a wave of new research and practice dedicated to exploring how the built environment can support task performance and enhance people’s health and well-being. The present stud...,yes,qualitative,interview_study
doi:10.3390/su15010840,10.3390/su15010840,Toward Regenerative Sustainability: A Passive Design Comfort Assessment Method of Indoor Environment,2023,Sustainability,cognition,0,biophilia,attention,unknown,,low,abstract_only_reduced_table,abstract_only,"The fact that people spend a major part of their lifetime indoors, together with the lethal COVID-19 pandemic which caused people to spend even more time inside buildings, has drawn attention to the significance of achieving Agenda 2030 SD goal number three: good health and well-being, in reference to the indoor env...",yes,cross_sectional_survey,interview_study
doi:10.1080/13527258.2017.1286607,10.1080/13527258.2017.1286607,"How are old places different from new places? A psychological investigation of the correlation between patina, spontaneous fantasies, and place attachment",2017,,affect,0,unspecified_environment,mood,positive,,low,abstract_only_reduced_table,abstract_only;weak_variable_resolution,"What is ‘age value’? Or conceptualised slightly differently, what is the fundamental difference in the experience and affect of old and new places? In order to answer this question, this study compares historic Charleston, an authentically ‘old’ place and I’On, a ‘new’ place designed on new urbanist principles; both...",yes,qualitative,interview_study
doi:10.1002/joc.2120,10.1002/joc.2120,Effect of thermal adaptation on seasonal outdoor thermal comfort,2011,,thermal,0,thermal,mood,null,,medium,abstract_only_reduced_table,abstract_only,"Abstract
            Thermal perceptions and preferences of individuals outdoors cannot be entirely explained by the energy balance of the human body. They are also affected by psychological and behavioural factors or the so‐called thermal adaptation. To examine the effect of thermal adaptation on seasonal outdoor t...",yes,qualitative,interview_study
zotero:QJGA5ZN8,,Daylighting-Bias and Biophilia: Quantifying the Impacts of Daylighting and Views on Occupants Health,2011,,light,0,daylight,productivity,unknown,98,low,abstract_only_reduced_table,abstract_only;n=98,This paper reports on a state-of-the-art study quantifying the health and human impacts of daylighting strategies and views quality from windows on employees health in offices. The study attempts to quantify an important yet not scientifically proven assumption concerning the biophilic relationship between views of ...,yes,cross_sectional_survey,interview_study
zotero:RDW5IMHH,,Spatial familiarity as a dimension of wayfinding,2001,,spatial,0,spatial_layout,mood,unknown,,low,abstract_only_reduced_table,abstract_only,"Spatial familiarity is a significant, yet insufficiently investigated factor that affects wayfinding. The aim of this thesis is to explore spatial familiarity as a dimension of wayfinding, and explain how it affects human behavior within the built environment. Factors affecting wayfinding are defined under two categ...",yes,qualitative,interview_study
doi:10.24382/5191,10.24382/5191,"Integrating Natural Light for Wellbeing, Performance, and Quality Care Delivery in Healthcare Environments",2024,,light,0,daylight,mood,positive,,medium,abstract_only_reduced_table,abstract_only,"The global challenge of addressing human ill-health demands a re-evaluation of the multifaceted factors impacting health outcomes. Rising health issues in society impose significant burdens on healthcare professionals, affecting their comfort, overall well-being, and performance. While issues like inadequate funding...",yes,cross_sectional_survey,interview_study
doi:10.3390/s22218135,10.3390/s22218135,Stress Monitoring Using Wearable Sensors: A Pilot Study and Stress-Predict Dataset,2022,,air,0,air_quality,stress,positive,,medium,abstract_only_reduced_table,abstract_only,"With the recent advancements in the ﬁeld of wearable technologies, the opportunity to monitor stress continuously using different physiological variables has gained signiﬁcant interest. The early detection of stress can help improve healthcare and minimizes the negative impact of long-term stress. This paper reports...",yes,cross_sectional_survey,interview_study
doi:10.5151/sigradi2022-sigradi2022_273,10.5151/sigradi2022-sigradi2022_273,Mental Breadcrumbs: Developing biometric methods to understand how emotions and sensory cues affect wayfinding,2023,,cognition,0,biophilia,cognition,unknown,,low,abstract_only_reduced_table,abstract_only,"How do one’s emotions, mental state, and the spatial environment interact? Interdisciplinary research methods in architecture and neuroscience can be used to examine the interrelated factors of mental load, sensory cues, emotions, and memory in wayfinding. The objective is to propose a biometric methodology for quan...",yes,qualitative,interview_study
doi:10.1145/2661334.2661380,10.1145/2661334.2661380,"""just let the cane hit it"": how the blind and sighted see navigation differently",2014,,air,0,air_quality,attention,negative,,medium,abstract_only_reduced_table,abstract_only,"Sighted people often have the best of intentions when they want to help a blind person navigate, but their well meaning is also often coupled with a lack of knowledge and understanding about how a person navigates without vision. As a result what sighted people think is the right feedback is too often the wrong feed...",yes,qualitative,interview_study
doi:10.3390/s24237838,10.3390/s24237838,Brain and Subjective Responses to Indoor Environments Related to Concentration and Creativity,2024,,spatial,0,spatial_layout,attention,positive,,medium,abstract_only_reduced_table,abstract_only,"Electroencephalograms (EEGs) can be used to study the influence of environmental elements on human emotions, cognition, and behavior. EEGs can reveal unconscious responses and fill in the gaps left by subjective responses provided in survey questionnaires or interviews. EEG research on the impact of classroom design...",yes,cross_sectional_survey,interview_study
