paper_id,doi,title,year,venue,topic_bucket,citation_count,environment_variable,outcome_variable,effect_direction,sample_n,confidence_tier,evidence_level,notes,abstract_snippet,pdf_available,article_type,template_family
doi:10.26687/archnet-ijar.v9i2.464,10.26687/archnet-ijar.v9i2.464,Sustainable Spaces with Psychological Values: Historical Architecture as Reference Book for Biomimetic Models with Biophilic Qualities,2015,International Journal of Architectural Research: ArchNet-IJAR,biophilic,0,biophilia,mood,positive,,medium,abstract_only_reduced_table,abstract_only,"<jats:p>Biomimicry is a growing area of interest in architecture due to the potentials it offers for innovative architectural solutions and for more sustainable, regenerative built environment. Yet, a growing body of research identified various deficiencies to the employment of this approach in architecture. Of part...",yes,rct_interventional,empirical_v2
doi:10.4305/metu.jfa.2010.2.17,10.4305/metu.jfa.2010.2.17,The Selection of Materials to Match Human Sensory Adaptation and Aesthetic Expectation in Industrial Design,2010,METU Journal of Faculty of Architecture,cognition,0,unspecified_environment,attention,unknown,,low,abstract_only_reduced_table,abstract_only;weak_variable_resolution,"It is significantly important to integrate various sources of knowledge and information for selecting and combining materials in today’s industrial design practice and education. Compared to the engineering and technical properties of materials, the information about the aesthetic attributes and sensory or perceptua...",yes,rct_interventional,theoretical
doi:10.1155/2011/450912,10.1155/2011/450912,Nanotoxicity: Dimensional and Morphological Concerns,2011,Advances in Physical Chemistry,cognition,0,unspecified_environment,attention,unknown,,low,abstract_only_reduced_table,abstract_only;weak_variable_resolution,"Nanotechnology deals with the construction of new materials, devices, and different technological systems with a wide range of potential applications at the atomic and molecular level. Nanomaterials have attracted great attention for numerous applications in chemical, biological, and industrial world because of thei...",no,rct_interventional,empirical_v2
doi:10.3389/fpsyg.2025.1643698,10.3389/fpsyg.2025.1643698,Effects of variable-intensity interval training and moderate-intensity continuous aerobic exercise on executive function and underlying neural mechanisms in male college students,2025,Frontiers in Psychology,thermal,0,thermal,attention,null,17,medium,abstract_only_reduced_table,abstract_only;n=17,"This study involved 51 male college students who were recruited and randomly assigned to one of three groups: a variable intensity interval training (VIIT) group, a moderate-intensity continuous training (MICT) group, and a control group (n = 17 each). Interventions are carried out for 6 weeks and three times a week...",no,rct_interventional,theoretical
doi:10.1109/smart55829.2022.10047691,10.1109/smart55829.2022.10047691,Measuring the Impact of Gamification on Kindergarten Students using Augmented Reality,2022,,cognition,0,unspecified_environment,attention,positive,40,low,abstract_only_reduced_table,abstract_only;n=40;weak_variable_resolution,"Preschool is a primary teaching strategy that emphasizes sports, song, or other practical activities like painting and social contact. The term ""kindergarten"" is taken from a German word that may alternatively be translated as ""kid's playground."" A tiny parcel of land is an essential component of the preschool, that...",no,rct_interventional,empirical_v2
doi:10.1167/jov.24.4.11,10.1167/jov.24.4.11,Classification images for aerial images capture visual expertise for binocular disparity and a prior for lighting from above.,2024,Journal of vision,acoustic,0,daylight,unspecified_outcome,unknown,,low,abstract_only_reduced_table,abstract_only;weak_variable_resolution,"Using a novel approach to classification images (CIs), we investigated the visual expertise of surveyors for luminance and binocular disparity cues simultaneously after screening for stereoacuity. Stereoscopic aerial images of hedges and ditches were classified in 10,000 trials by six trained remote sensing surveyor...",no,rct_interventional,empirical_v2
doi:10.1109/access.2019.2957648,10.1109/access.2019.2957648,A Survey on Green 6G Network: Architecture and Technologies,2019,IEEE Access,biophilic,0,unspecified_environment,attention,positive,,low,abstract_only_reduced_table,abstract_only;weak_variable_resolution,"While 5G is being commercialized worldwide, research institutions around the world have started to look beyond 5G and 6G is expected to evolve into green networks, which deliver high Quality of Service and energy efficiency. To meet the demands of future applications, significant improvements need to be made in mobi...",no,rct_interventional,empirical_v2
doi:10.1371/journal.pone.0337905,10.1371/journal.pone.0337905,Effects of music intervention on golf-specific skill performance of golfers under mental fatigue: Protocol for a randomized controlled trial,2025,PLoS ONE,affect,0,unspecified_environment,stress,positive,,low,abstract_only_reduced_table,abstract_only;weak_variable_resolution,"Given that golf tournaments last approximately five hours without an intermission, mental fatigue has become a critical factor affecting performance. Although research has shown that music intervention can effectively alleviate mental fatigue, this method has yet to be applied in golf. Therefore, this study aims to ...",no,rct_interventional,empirical_v2
doi:10.1249/MSS.0000000000003852,10.1249/MSS.0000000000003852,Mental Fatigue Negatively Impacts Cognitive and Physical Performance Outcomes: A Large-Scale Randomized Crossover Trial,2025,Medicine & Science in Sports & Exercise,cognition,0,unspecified_environment,cognition,mixed,,low,abstract_only_reduced_table,abstract_only;weak_variable_resolution,"Purpose: Although many studies have demonstrated that prolonged cognitive load can impair subsequent cognitive and physical performance, commonly described as mental fatigue, more recent findings suggest that the relationship is more nuanced. Moreover, significant heterogeneity between different smaller studies make...",no,rct_interventional,empirical_v2
doi:10.52547/ioh.18.1.63,10.52547/ioh.18.1.63,The Relationship between Cognitive-Attention Syndrome and Occupational Stress of Workers Exposed to Occupational Accidents,2021,Iran Occupational Health Journal,thermal,0,daylight,productivity,mixed,,medium,abstract_only_reduced_table,abstract_only,Background and aims: Lighting directly and indirectly affects employees' mental health and their performance. Good lighting is required for good visibility of the environment and should provide a luminous environment that is human-friendly and appropriate for the visual task performed. Optimal lighting is one of the...,no,rct_interventional,mixed_methods
doi:10.21475/ajcs.20.14.05.p2096,10.21475/ajcs.20.14.05.p2096,"Microclimate changes, photomorphogenesis and water consumption of Moringa oleifera cuttings under different light spectrums and exogenous phytohormone concentrations",2020,Australian Journal of Crop Science,thermal,0,thermal,stress,mixed,,medium,abstract_only_reduced_table,abstract_only,"Moringa oleifera is one of the most important plants in the world due to its multiple uses as well tolerance to abiotic stress. However, it may presents low quality seedlings in protected environment under thermal and luminous stresses. The current study aimed to evaluate environmental microclimate changes; photomor...",no,rct_interventional,empirical_v2
doi:10.1115/ipack2013-73305,10.1115/ipack2013-73305,Assessment of Lumen Degradation and Remaining Life of LEDs Using Particle Filter,2013,,thermal,0,thermal,stress,negative,,medium,abstract_only_reduced_table,abstract_only,The development of light-emitting diode (LED) technology has resulted in widespread solid state lighting use in consumer and industrial applications. Previous researchers have shown that LEDs from the same manufacturer and operating under same use-condition may have significantly different degradation behavior. Appl...,no,rct_interventional,theoretical
doi:10.52547/ioh.18.1.89,10.52547/ioh.18.1.89,SOCIAL NETWORK ANALYSIS APPROACH TO ANALYSIS OF EMERGENCY MANAGEMENT TEAM PERFORMANCE,2021,Iran Occupational Health Journal,thermal,0,daylight,productivity,mixed,,medium,abstract_only_reduced_table,abstract_only,Background and aims: Lighting directly and indirectly affects employees' mental health and their performance.Good lighting is required for good visibility of the environment and should provide a luminous environment that is human-friendly and appropriate for the visual task performed.Optimal lighting is one of the m...,no,rct_interventional,mixed_methods
doi:10.52547/ioh.18.1.1,10.52547/ioh.18.1.1,Optimization and sound absorption modeling in Yucca Gloriosa natural fiber composite,2021,Iran Occupational Health Journal,thermal,0,daylight,productivity,mixed,,medium,abstract_only_reduced_table,abstract_only,Background and aims: Lighting directly and indirectly affects employees' mental health and their performance.Good lighting is required for good visibility of the environment and should provide a luminous environment that is human-friendly and appropriate for the visual task performed.Optimal lighting is one of the m...,no,rct_interventional,mixed_methods
doi:10.52547/ioh.18.1.334,10.52547/ioh.18.1.334,The change of interns’ life style after shift work: a cohort study,2021,Iran Occupational Health Journal,thermal,0,daylight,productivity,mixed,,medium,abstract_only_reduced_table,abstract_only,Background and aims: Lighting directly and indirectly affects employees' mental health and their performance.Good lighting is required for good visibility of the environment and should provide a luminous environment that is human-friendly and appropriate for the visual task performed.Optimal lighting is one of the m...,no,rct_interventional,mixed_methods
doi:10.1523/jneurosci.21-07-02442.2001,10.1523/jneurosci.21-07-02442.2001,Behavioral and Anatomical Correlates of Chronic Episodic Hypoxia during Sleep in the Rat,2001,Journal of Neuroscience,cognition,0,daylight,cognition,mixed,,medium,abstract_only_reduced_table,abstract_only,"The role played by chronic episodic hypoxia (EHYP) in the neurocognitive morbidity of obstructive sleep apnea (OSA) is unknown. Sleep recordings, Morris water maze experiments, and immunohistochemistry for NMDA NR1 glutamate receptor, c-fos protein, and apoptosis [nuclear immunoreactivity for single-stranded DNA and...",no,rct_interventional,empirical_v2
doi:10.1038/s41598-025-24040-5,10.1038/s41598-025-24040-5,Insights from 24-hour actigraphy using functional linear modeling in children with and without ADHD.,2025,Scientific reports,light,0,daylight,attention,null,35,medium,abstract_only_reduced_table,abstract_only;n=35,"Sleep problems and alterations in circadian rhythmicity have been widely reported in attention-deficit/hyperactivity disorder (ADHD) patients, but studies covering the full 24h-motor-activity patterns to explore whole-day activity cycles are scarce. Furthermore, correlates and predictors of (hyper-)activity patterns...",no,rct_interventional,empirical_v2
doi:10.1177/1420326x19864414,10.1177/1420326x19864414,"Exploring the impact of external shading system on cognitive task performance, alertness and visual comfort in a daylit workplace environment",2019,Indoor and Built Environment,light,0,daylight,attention,mixed,,medium,abstract_only_reduced_table,abstract_only,"The authors examined the effect of external shading system on cognitive performance, alertness and visual comfort of visual display terminal (VDT) users under two realistic office lighting settings in this study. Daylight was the source of illumination being considered as the most significant and preferred one. A to...",no,rct_interventional,empirical_v2
doi:10.1002/ajpa.70052,10.1002/ajpa.70052,Landscape-Scale Effects of Season and Predation Risk on the Terrestrial Behavior of Chacma Baboons (Papio ursinus).,2025,American journal of biological anthropology,light,0,daylight,sleep,unknown,,low,abstract_only_reduced_table,abstract_only,"""Terrestrial"" primates are not common nor well defined across the order. In those species that do use the ground, terrestriality is rarely documented outside daylight hours. Predation risk is thought to have shaped conserved behaviors like primates' selection of arboreal sleep sites, but it is less clear-particularl...",no,rct_interventional,empirical_v2
doi:10.3390/buildings14030770,10.3390/buildings14030770,Differences between Daylighting and Electric Lighting in Affective Response,2024,Buildings,light,0,daylight,mood,positive,,medium,abstract_only_reduced_table,abstract_only,"Humans are spending more time indoors than ever due to urbanisation and industrialisation, leading to higher electricity consumption in lighting systems. Recent research has demonstrated the significance of maintaining a balance between daylight and electric light to create an ideal learning environment that can sig...",no,rct_interventional,empirical_v2
doi:10.1177/20416695251388577,10.1177/20416695251388577,Can DNN models simulate appearance variations of #TheDress?,2025,i-Perception,air,0,daylight,attention,unknown,,low,abstract_only_reduced_table,abstract_only,"The color appearance of #TheDress image varies across individuals. The color of pixels in the image distributes mostly in blue-achromatic-yellow color direction, and so are the perceived color variations. One of the potential causes is differences in the degree of perceiving light-blue pixels as a part of white clot...",no,rct_interventional,empirical_v2
doi:10.3758/s13414-023-02841-y,10.3758/s13414-023-02841-y,Does preparation help to switch auditory attention between simultaneous voices: Effects of switch probability and prevalence of conflict,2024,"Attention, Perception, & Psychophysics",acoustic,0,unspecified_environment,attention,negative,,low,abstract_only_reduced_table,abstract_only;weak_variable_resolution,Switching auditory attention to one of two (or more) simultaneous voices incurs a substantial performance overhead. Whether/when this voice ‘switch cost’ reduces when the listener has opportunity to prepare in silence is not clear–the findings on the effect of preparation on the switch cost range from (near) null to...,no,rct_interventional,empirical_v2
doi:10.1177/10870547241289848,10.1177/10870547241289848,A Randomized Controlled Trial of the Effects of Organizational Skills Training on Children With Attention Deficit Hyperactivity Disorder in China,2024,Journal of Attention Disorders,cognition,0,unspecified_environment,attention,mixed,,low,abstract_only_reduced_table,abstract_only;weak_variable_resolution,"Background: In addition to attention and hyperactivity problems, children with attention deficit hyperactivity disorder (ADHD) have poorer organizational skills needed to manage time and materials. This study examines the improvement of organizational skills in children with ADHD by studying organizational skills tr...",no,rct_interventional,empirical_v2
doi:10.1177/10870547231155877,10.1177/10870547231155877,Near and Far Transfer Effects of Computerized Progressive Attention Training (CPAT) Versus Mindfulness Based Stress Reduction (MBSR) Practice Among Adults With ADHD,2023,Journal of Attention Disorders,cognition,0,unspecified_environment,stress,positive,,low,abstract_only_reduced_table,abstract_only;weak_variable_resolution,"Objective: The present study evaluated the near (attention) and far (reading, ADHD symptoms, learning, and quality of life) transfer effects of a Computerized Progressive Attention Training (CPAT) versus Mindfulness Based Stress Reduction (MBSR) practice among adults with ADHD compared to a passive group. Method: Fi...",no,rct_interventional,empirical_v2
doi:10.1152/ajpheart.00034.2024,10.1152/ajpheart.00034.2024,Short-term vascular responses to spring and fall daylight savings time shifts.,2024,American journal of physiology. Heart and circulatory physiology,light,0,daylight,unspecified_outcome,positive,,low,abstract_only_reduced_table,abstract_only;weak_variable_resolution,"Daylight saving time (DST) is a Western biannual time transition, setting the clock back 1 h in the fall and forward 1 h in the spring. There is an epidemiological link between DST and acute myocardial infarction risk in the first week following the spring shift; however, the mechanisms underlying the effect of DST ...",no,rct_interventional,theoretical
doi:10.1371/journal.pone.0219848,10.1371/journal.pone.0219848,"Multi-scale, numerical modeling of spatio-temporal signaling in cone phototransduction.",2019,PloS one,light,0,daylight,attention,unknown,,low,abstract_only_reduced_table,abstract_only,"Mammals have two types of photoreceptors, rods and cones. While rods are exceptionally sensitive and mediate vision at very low illumination levels, cones operate in daylight and are responsible for the bulk of visual perception in most diurnal animals, including humans. Yet the mechanisms of phototransduction in co...",no,rct_interventional,theoretical
doi:10.3389/fpsyg.2023.1269462,10.3389/fpsyg.2023.1269462,Effects of sensory integration training on balance function and executive function in children with autism spectrum disorder: evidence from Footscan and fNIRS,2023,Frontiers in Psychology,cognition,0,daylight,cognition,positive,9,medium,abstract_only_reduced_table,abstract_only;n=9,"Introduction This study investigates the efficacy of sensory integration training (SIT) in enhancing balance and executive functions in children with autism spectrum disorder (ASD), with the aim of highlighting its potential for organizing and processing sensory information in the brain. Methods Utilizing Footscan f...",no,rct_interventional,theoretical
doi:10.3390/clockssleep2010008,10.3390/clockssleep2010008,The Role of Daylight for Humans: Gaps in Current Knowledge,2020,Clocks & Sleep,biophilic,0,daylight,unspecified_outcome,unknown,,low,abstract_only_reduced_table,abstract_only;weak_variable_resolution,"Daylight stems solely from direct, scattered and reflected sunlight, and undergoes dynamic changes in irradiance and spectral power composition due to latitude, time of day, time of year and the nature of the physical environment (reflections, buildings and vegetation). Humans and their ancestors evolved under these...",no,rct_interventional,empirical_v2
doi:10.1109/tpwrs.2014.2367509,10.1109/tpwrs.2014.2367509,Modeling and Validation of Electrical Load Profiling in Residential Buildings in Singapore,2014,IEEE Transactions on Power Systems,other,0,unspecified_environment,unspecified_outcome,unknown,,low,abstract_only_reduced_table,abstract_only;weak_variable_resolution,"The demand of electricity keeps increasing in this modern society and the\nbehavior of customers vary greatly from time to time, city to city, type to\ntype, etc. Generally, buildings are classified into residential, commercial and\nindustrial. This study is aimed to distinguish the types of residential\nbuildings i...",no,rct_interventional,empirical_v2
doi:10.1111/jnp.12426,10.1111/jnp.12426,"Development of the KeyStrokes test: An online neuropsychological assessment for attention, processing speed and executive function",2025,Journal of Neuropsychology,cognition,0,unspecified_environment,cognition,unknown,,low,abstract_only_reduced_table,abstract_only;weak_variable_resolution,"Abstract The ‘KeyStrokes’ test (KS) was created as an online and computerized neuropsychological assessment to assess simple attention, processing speed, and executive function. This pilot study aims to show proof of concept of the KS test as a computerized assessment. Building on a previous feasibility study, we as...",no,rct_interventional,empirical_v2
doi:10.1111/jir.13234,10.1111/jir.13234,Feasibility and Preliminary Efficacy of an Executive Function Intervention for Young Children With Down Syndrome,2025,Journal of Intellectual Disability Research,cognition,0,unspecified_environment,cognition,positive,,low,abstract_only_reduced_table,abstract_only;weak_variable_resolution,"ABSTRACT Background Individuals with Down syndrome (DS) have an elevated likelihood of challenges with executive function (EF) throughout the lifespan, and syndrome‐informed intervention approaches that strengthen these foundations during early childhood may be beneficial. This single group baseline versus postinter...",no,rct_interventional,empirical_v2
doi:10.1080/21594937.2020.1720127,10.1080/21594937.2020.1720127,Building executive function in pre-school children through play: a curriculum,2020,,cognition,0,unspecified_environment,cognition,positive,,low,abstract_only_reduced_table,abstract_only;weak_variable_resolution,"ABSTRACT Executive function (EF) is a term that defines a group of cognitive abilities fundamental to goal-directed behaviour. EF is a strong predictor of both academic and life success. Therefore, it is important to develop EFs in the early years of life. We created a curriculum of games (BBF) for preschool childre...",no,rct_interventional,empirical_v2
doi:10.3390/buildings13030611,10.3390/buildings13030611,Effect of a Microalgae Facade on Design Behaviors: A Pilot Study with Architecture Students,2023,Buildings,biophilic,0,biophilia,mood,positive,,medium,abstract_only_reduced_table,abstract_only,"The influence of nature on occupant well-being and performance has been proved in office, hospital, and educational settings. There is evidence that plants and green colors affect creative and psychological responses. The microalgae facade in the study integrated spirulina, blue-green microalgae, which were cultivat...",no,rct_interventional,empirical_v2
doi:10.3846/cs.2025.16335,10.3846/cs.2025.16335,Effects of technology-enhanced active learning on the musical creativity of gifted students,2025,Creativity Studies,other,0,unspecified_environment,unspecified_outcome,positive,19,low,abstract_only_reduced_table,abstract_only;n=19;weak_variable_resolution,Technology-enhanced active learning increases not only gifted students’ interest in learning but also facilitates the promotion of their musical creativity. This study uncovers gifted students’ attitude toward technology-enhanced active learning and its effect on their musical creativity. This mixed-methods study us...,no,rct_interventional,mixed_methods
doi:10.15627/jd.2021.21,10.15627/jd.2021.21,Development of a Machine-Learning Framework for Overall Daylight and Visual Comfort Assessment in Early Design Stages,2021,Journal of Daylighting,light,0,daylight,attention,unknown,,low,abstract_only_reduced_table,abstract_only,Application of machine learning methods as an alternative for building simulation software has been progressive in recent years. This research is mainly focused on the assessment of machine learning algorithms in prediction of daylight and visual comfort metrics in the early design stages and providing a framework f...,no,rct_interventional,conceptual_framework
doi:10.1371/journal.pone.0328737,10.1371/journal.pone.0328737,Monarch butterflies (Danaus plexippus) only use magnetic cues for migratory directionality with orientation re-calibrated by coldness.,2025,PloS one,light,0,daylight,unspecified_outcome,unknown,,low,abstract_only_reduced_table,abstract_only;weak_variable_resolution,"Each fall, Eastern North American monarch butterflies (Danaus plexippus) leave their northern range and migrate to their overwintering sites high atop mountains in central Mexico. Although monarchs primarily rely on the use of a bidirectional time-compensated sun compass to maintain southwards directionality en rout...",no,rct_interventional,theoretical
doi:10.1371/journal.pmen.0000240,10.1371/journal.pmen.0000240,Heart rate variability versus visual analog scale for objective and subjective mental fatigue detection: A randomized controlled trial,2025,PLOS Mental Health,affect,0,unspecified_environment,cognition,mixed,,low,abstract_only_reduced_table,abstract_only;weak_variable_resolution,"Fatigue is a multidimensional phenomenon. Although psychological tests can be used to evaluate subjective fatigue, an objective measurement of fatigue is needed to evaluate mental, physical, and occupational health and inform appropriate interventions. Heart rate variability (HRV) has emerged as a potential candidat...",no,rct_interventional,empirical_v2
doi:10.1371/journal.pone.0298958,10.1371/journal.pone.0298958,Effect of mental fatigue on hand force production capacities,2024,PLoS ONE,cognition,0,unspecified_environment,cognition,null,,low,abstract_only_reduced_table,abstract_only;weak_variable_resolution,"Mental fatigue is common in society, but its effects on force production capacities remain unclear. This study aimed to investigate the impact of mental fatigue on maximal force production, rate of force development-scaling factor (RFD-SF), and force steadiness during handgrip contractions. Fourteen participants per...",no,rct_interventional,empirical_v2
doi:10.1186/s13063-024-08214-6,10.1186/s13063-024-08214-6,Investigating non-inferiority of internet-delivered versus face-to-face cognitive behavioural therapy for insomnia (CBT-I): a randomised controlled trial (iSleep well).,2024,Trials,cognition,0,unspecified_environment,cognition,unknown,,low,abstract_only_reduced_table,abstract_only;weak_variable_resolution,Insomnia is a highly prevalent disorder associated with numerous adverse health outcomes. Cognitive behavioural therapy for insomnia (CBT-I) is recommended as first-line treatment by clinical guidelines but is accessible to only a minority of patients suffering from insomnia. Internet-delivered CBT-I (iCBT-I) could ...,no,rct_interventional,empirical_v2
doi:10.3390/brainsci14080803,10.3390/brainsci14080803,Overt and Covert Effects of Mental Fatigue on Attention Networks: Evidence from Event-Related Potentials during the Attention Network Test,2024,Brain Science,cognition,0,unspecified_environment,cognition,negative,,low,abstract_only_reduced_table,abstract_only;weak_variable_resolution,"Mental fatigue is a variation in the psychophysiological state that subjects encounter during or after prolonged cognitive activity periods, affecting top-down attention and cognitive control. The present study aimed to investigate the effects of mental fatigue on attention in the context of the three attention netw...",no,rct_interventional,theoretical
doi:10.1093/cercor/bhae085,10.1093/cercor/bhae085,The effects of mental fatigue on fine motor performance in humans and its neural network connectivity mechanism: a dart throwing study.,2024,Cerebral Cortex,other,0,unspecified_environment,cognition,mixed,,low,abstract_only_reduced_table,abstract_only;weak_variable_resolution,"While it is well known that mental fatigue impairs fine motor performance, the investigation into its neural basis remains scant. Here, we investigate the impact of mental fatigue on fine motor performance and explore its underlying neural network connectivity mechanisms. A total of 24 healthy male university studen...",no,rct_interventional,theoretical
doi:10.17576/jkukm-2025-37(6)-16,10.17576/jkukm-2025-37(6)-16,Potential of Shading Device in Enhancing Thermal Performance and Daylighting in Office Space of Industrial Building,2025,Jurnal Kejuruteraan,thermal,0,thermal,attention,mixed,,medium,abstract_only_reduced_table,abstract_only,"Due to the global warming effect, the application of shading device in current building design is increased to enhance thermal comfort and daylight in the building. This research focuses on office space for industrial building, which is the most significant space due to it’s high usage. Therefore, this research is c...",no,rct_interventional,empirical_v2
doi:10.1080/07420528.2025.2530129,10.1080/07420528.2025.2530129,Dynamic versus static LED-lighting for inpatients with major depression: Long-term antidepressant effects and short-term sleep improvement in a randomized controlled clinical trial.,2025,Chronobiology international,light,0,daylight,sleep,negative,,medium,abstract_only_reduced_table,abstract_only,"Translational research has shown a profound impact of daylight and electrical lighting on circadian rhythms, sleep, mood, and alertness. Dynamic LED-lighting can mimic daily and seasonal changes in daylight by continuous changes in intensity and spectral distribution throughout the 24-hour day. The current study ass...",no,rct_interventional,empirical_v2
doi:10.20431/2456-4931.070811,10.20431/2456-4931.070811,Analysis of the Users’ Perception of Daylighting in Newly Libraries of Algeria,2022,International journal of innovative studies in sociology and humanities,light,0,daylight,mood,positive,,medium,abstract_only_reduced_table,abstract_only,"with satisfaction with academic environment. The importance of daylight in buildings is nowadays of particular interest, in particular in educational environment, where appropriate daylight levels must be provided. So, it is very important to consider lighting while designing architectural spaces in terms of visual ...",no,rct_interventional,case_study
doi:10.1002/adma.201802152,10.1002/adma.201802152,Spectrally Selective Nanocomposite Textile for Outdoor Personal Cooling,2018,Advanced Materials,thermal,0,thermal,stress,unknown,,low,abstract_only_reduced_table,abstract_only,"Abstract Outdoor heat stress poses a serious public health threat and curtails industrial labor supply and productivity, thus adversely impacting the wellness and economy of the entire society. With climate change, there will be more intense and frequent heat waves that further present a grand challenge for sustaina...",no,rct_interventional,empirical_v2
doi:10.32415/scientia_978-5-907902-43-5(339-343),10.32415/scientia_978-5-907902-43-5(339-343),EFFECTS OF PHOSPHORUS FERTILIZER ON DRY MATTER ACCUMULATION AND YIELD COMPONENTS OF TARTARY BUCKWHEAT UNDER LOW-LIGHT STRESS,2025,"Приоритетные направления повышения эффективности, конкурентоспособности и устойчивости аграрной отрасли",light,0,daylight,stress,negative,,medium,abstract_only_reduced_table,abstract_only,"Tartary buckwheat ( Fagopyrum tataricum ) is a highly nutritious crop with significant medicinal and edible value, making it a promising resource for further development and utilization. However, in recent years, industrial expansion and climate change have led to a notable reduction in solar radiation reaching the ...",no,rct_interventional,theoretical
doi:10.1016/j.cub.2016.01.071,10.1016/j.cub.2016.01.071,Ancestral sleep.,2016,Current biology : CB,light,0,daylight,sleep,negative,,medium,abstract_only_reduced_table,abstract_only,"While we do not yet understand all the functions of sleep, its critical role for normal physiology and behaviour is evident. Its amount and temporal pattern depend on species and condition. Humans sleep about a third of the day with the longest, consolidated episode during the night. The change in lifestyle from hun...",no,rct_interventional,theoretical
doi:10.21827/krisis.45.1.42346,10.21827/krisis.45.1.42346,Transformative Listening: An Aesthetic Proposal to Justice – The 2017 NSU Tribunal in Cologne,2025,Krisis: journal for contemporary philosophy,cognition,0,unspecified_environment,attention,unknown,,low,abstract_only_reduced_table,abstract_only;weak_variable_resolution,"This article introduces transformative listening as a political and aesthetic practice of justice, developed from the 2017 NSU Tribunal in Cologne. At its center stood the survi-vors and the relatives of the victims of the racist terror of the neo-Nazi network National Socialist Underground (NSU). Building on and ex...",no,rct_interventional,interview_study
doi:10.1016/j.jbmt.2025.08.028,10.1016/j.jbmt.2025.08.028,Effects of smart walker-assisted gait in real-world vs. virtual reality on heart rate variability and blood pressure in elderly: A randomized cross-over study.,2025,Journal of bodywork and movement therapies,other,0,unspecified_environment,unspecified_outcome,unknown,,low,abstract_only_reduced_table,abstract_only;weak_variable_resolution,"Integrating smart walkers and virtual reality (VR) holds promise for gait rehabilitation, emphasizing the importance of understanding their physiological effects to optimize treatment protocols.",no,rct_interventional,empirical_v2
doi:10.7507/1001-5515.202212013,10.7507/1001-5515.202212013,[Study on effects of 40 Hz light flicker stimulation on spatial working memory in rats and its neural mechanism].,2023,Sheng wu yi xue gong cheng xue za zhi = Journal of biomedical engineering = Shengwu yixue gongchengxue zazhi,cognition,0,unspecified_environment,cognition,mixed,,low,abstract_only_reduced_table,abstract_only;weak_variable_resolution,"Alzheimer's disease (AD) is a neurodegenerative disease characterized by cognitive impairment, with the predominant clinical diagnosis of spatial working memory (SWM) deficiency, which seriously affects the physical and mental health of patients. However, the current pharmacological therapies have unsatisfactory cur...",no,rct_interventional,theoretical
doi:10.1257/jep.14.4.49,10.1257/jep.14.4.49,Does the “New Economy” Measure up to the Great Inventions of the Past?,2000,The Journal of Economic Perspectives,other,0,unspecified_environment,productivity,unknown,,low,abstract_only_reduced_table,abstract_only;weak_variable_resolution,During the four years 1995-99 U.S. productivity growth experienced a strong revival and achieved growth rates exceeding that of the “golden age” of 1913-72. Accordingly many observers have declared the “New Economy” to be an Industrial Revolution even more important than the Second Industrial Revolution of 1860-1900...,no,rct_interventional,empirical_v2
doi:10.1007/s40684-021-00343-6,10.1007/s40684-021-00343-6,State of the Art in Defect Detection Based on Machine Vision,2021,International Journal of Precision Engineering and Manufacturing-Green Technology,other,0,daylight,productivity,positive,,medium,abstract_only_reduced_table,abstract_only,"Abstract Machine vision significantly improves the efficiency, quality, and reliability of defect detection. In visual inspection, excellent optical illumination platforms and suitable image acquisition hardware are the prerequisites for obtaining high-quality images. Image processing and analysis are key technologi...",no,rct_interventional,empirical_v2
doi:10.1038/s41598-022-18376-5,10.1038/s41598-022-18376-5,"Effects of online parietal transcranial electric stimulation on associative memory: a direct comparison between tDCS, theta tACS, and theta-oscillatory tDCS",2022,Scientific Reports,cognition,0,unspecified_environment,cognition,positive,,low,abstract_only_reduced_table,abstract_only;weak_variable_resolution,"Associative memory (AM) is the ability to remember and retrieve multiple items bound together. Previous studies aiming to modulate AM by various transcranial electric stimulation (tES) techniques were inconclusive, although overall suggestive that tES could be a tool for AM enhancement. However, evidence from a dire...",no,rct_interventional,empirical_v2
doi:10.7507/1001-5515.202503009,10.7507/1001-5515.202503009,[Effects of 40 Hz light flicker stimulation on hippocampal-prefrontal neural activity characteristics during working memory tasks in Alzheimer's disease model rats].,2025,Sheng wu yi xue gong cheng xue za zhi = Journal of biomedical engineering = Shengwu yixue gongchengxue zazhi,cognition,0,unspecified_environment,productivity,positive,,low,abstract_only_reduced_table,abstract_only;weak_variable_resolution,"40 Hz light flicker stimulation is deemed to hold considerable promise in the treatment of Alzheimer's disease (AD). However, whether its long-term effect can improve working memory and its related mechanisms remains to be further explored. In this study, 21 adult Wistar rats were randomly divided into the AD light-...",no,rct_interventional,theoretical
doi:10.3389/fpsyg.2023.1275878,10.3389/fpsyg.2023.1275878,The effect of bipolar bihemispheric tDCS on executive function and working memory abilities,2024,Frontiers in Psychology,cognition,0,unspecified_environment,cognition,positive,,low,abstract_only_reduced_table,abstract_only;weak_variable_resolution,"Introduction Cognitive functioning is central to the ability to learn, problem solve, remember, and use information in a rapid and accurate manner and cognitive abilities are fundamental for communication, autonomy, and quality of life. Transcranial electric stimulation (tES) is a very promising tool shown to improv...",no,rct_interventional,empirical_v2
doi:10.1016/j.cortex.2009.01.011,10.1016/j.cortex.2009.01.011,Human frontal eye fields and target switching.,2010,Cortex; a journal devoted to the study of the nervous system and behavior,affect,0,unspecified_environment,productivity,unknown,,low,abstract_only_reduced_table,abstract_only;weak_variable_resolution,"The frontal eye fields (FEF) have typically been predominantly investigated in terms of their role in the generation of eye movements. Lesions to this area, either accidental or experimental, disrupt saccades and electrical stimulation elicits eye movements. Recently there has been increasing interest in the involve...",no,rct_interventional,empirical_v2
doi:10.1098/rsta.2016.0400,10.1098/rsta.2016.0400,Clean energy and the hydrogen economy,2017,Philosophical Transactions of the Royal Society A Mathematical Physical and Engineering Sciences,thermal,0,thermal,unspecified_outcome,unknown,,low,abstract_only_reduced_table,abstract_only;weak_variable_resolution,"In recent years, new-found interest in the hydrogen economy from both industry and academia has helped to shed light on its potential. Hydrogen can enable an energy revolution by providing much needed flexibility in renewable energy systems. As a clean energy carrier, hydrogen offers a range of benefits for simultan...",no,rct_interventional,empirical_v2
doi:10.1257/jep.6.3.79,10.1257/jep.6.3.79,Organizational Capabilities and the Economic History of the Industrial Enterprise,1992,The Journal of Economic Perspectives,cognition,0,unspecified_environment,attention,unknown,,low,abstract_only_reduced_table,abstract_only;weak_variable_resolution,"In my book Scale and Scope (1990), I focused on the history of the modern industrial firm from the 1880s, when such firms first appeared, through World War II. I did so by comparing the fortunes of more than 600 enterprises—the 200 largest industrial firms at three points in time (World War I, 1929, and World War II...",no,rct_interventional,empirical_v2
doi:10.3926/jotse.2236,10.3926/jotse.2236,Effects of colored lighting on learning processes: Towards a smart classroom,2024,Journal of Technology and Science Education,light,0,daylight,cognition,unknown,,low,abstract_only_reduced_table,abstract_only,"Colour in the classroom, either in isolation or in conjunction with other environmental factors, is an element that has been widely discussed in the scientific literature, albeit not systematically. On the other hand, its evolution towards coloured light, made possible in recent years by light emitting diode (LED) t...",no,rct_interventional,empirical_v2
doi:10.1093/ijnp/pyz072,10.1093/ijnp/pyz072,Transcranial Random Noise Stimulation for the Acute Treatment of Depression: A Randomized Controlled Trial.,2020,The international journal of neuropsychopharmacology,acoustic,0,noise,unspecified_outcome,unknown,,low,abstract_only_reduced_table,abstract_only;weak_variable_resolution,"Transcranial electrical stimulation has broad potential as a treatment for depression. Transcranial random noise stimulation, which delivers randomly fluctuating current intensities, may have greater cortical excitatory effects compared with other forms of transcranial electrical stimulation. We therefore aimed to i...",no,rct_interventional,empirical_v2
doi:10.1038/s41380-019-0430-4,10.1038/s41380-019-0430-4,Acute Exposure to Low Level Light at Night is Sufficient to Induce Neurological Changes and Depressive-like Behavior,2019,Molecular Psychiatry,light,0,daylight,mood,mixed,,medium,abstract_only_reduced_table,abstract_only,"The advent and wide-spread adoption of electric lighting over the past century has profoundly affected the circadian organization of physiology and behavior for many individuals in industrialized nations; electric lighting in homes, work environments, and public areas have extended daytime activities into the evenin...",no,rct_interventional,empirical_v2
doi:10.33549/physiolres.935548,10.33549/physiolres.935548,Colored Light Exposure Ensues Chronotype-Based Responses: Evidence From QEEG Analysis.,2025,Physiological research,light,0,unspecified_environment,mood,positive,24,low,abstract_only_reduced_table,abstract_only;n=24;weak_variable_resolution,"Light spectra, an imperative zeitgeber, may differ in its chronobiological effects among chronotype ensuing differences in circadian pacesetting. With the increasing usage of colored lights in the environment, the effects of light wavelength on the electrical activity of the brain among chronotypes need to be invest...",no,rct_interventional,empirical_v2
doi:10.3389/fnagi.2023.1250626,10.3389/fnagi.2023.1250626,"Study on the effect of 40 Hz non-invasive light therapy system. A protocol for a randomized, double-blinded, placebo-controlled clinical trial.",2023,Frontiers in aging neuroscience,other,0,unspecified_environment,unspecified_outcome,unknown,,low,abstract_only_reduced_table,abstract_only;weak_variable_resolution,"With no cure or effective treatment, the prevalence of patients with Alzheimer's disease (AD) is expected to intensify, thereby increasing the social and financial burden on society. Light-based 40 Hz brain stimulation is considered a novel treatment strategy for patients with AD that may alleviate some of this burd...",no,rct_interventional,empirical_v2
doi:10.1111/jne.12036,10.1111/jne.12036,Light at Night Alters Daily Patterns of Cortisol and Clock Proteins in Female Siberian Hamsters,2013,Journal of Neuroendocrinology,light,0,daylight,stress,unknown,,low,abstract_only_reduced_table,abstract_only,"Humans and other organisms have adapted to a 24‐h solar cycle in response to life on Earth. The rotation of the planet on its axis and its revolution around the sun cause predictable daily and seasonal patterns in day length. To successfully anticipate and adapt to these patterns in the environment, a variety of bio...",no,rct_interventional,empirical_v2
doi:10.3390/clockssleep1010010,10.3390/clockssleep1010010,Delayed Sleep in Winter Related to Natural Daylight Exposure among Arctic Day Workers,2018,Clocks & Sleep,light,0,daylight,sleep,positive,32,medium,abstract_only_reduced_table,abstract_only;n=32,Natural daylight exposures in arctic regions vary substantially across seasons. Negative consequences have been observed in self-reports of sleep and daytime functions during the winter but have rarely been studied in detail. The focus of the present study set out to investigate sleep seasonality among indoor worker...,no,rct_interventional,empirical_v2
doi:10.1016/j.plaphe.2025.100050,10.1016/j.plaphe.2025.100050,A scalable and efficient UAV-based pipeline and deep learning framework for phenotyping sorghum panicle morphology from point clouds.,2025,"Plant phenomics (Washington, D.C.)",biophilic,0,spatial_layout,mood,unknown,,low,abstract_only_reduced_table,abstract_only,"Sorghum canopy architecture in field trials is determined by various phenotypic traits, such plant and panicle count, leaf density and angle and panicle morphology, and canopy height. These traits together affect light capture and biomass production as well as conversion of photosynthates to grain yield. Panicle mor...",no,rct_interventional,conceptual_framework
doi:10.33383/2024-056,10.33383/2024-056,Effects of Dynamic Coloured Lighting on Mood of Occupants During the Antarctic Polar Night,2025,Light &amp; Engineering,affect,0,daylight,mood,mixed,,medium,abstract_only_reduced_table,abstract_only,"The prolonged darkness and monotonous environmental colours exert detrimental effects on mood during the Antarctic night. The dynamic coloured lighting (DCL) experiment was conducted at the beginning, middle, and end nodes of the polar night in the Antarctic Health Cabin, where ECG signals, Semantic Differential Sca...",no,rct_interventional,empirical_v2
doi:10.1139/apnm-2024-0461,10.1139/apnm-2024-0461,Effects of pedestal-mounted electric fans on self-reported symptoms and mood-state in older adults exposed to indoor overheating during a simulated heatwave: an exploratory analysis.,2025,"Applied physiology, nutrition, and metabolism = Physiologie appliquee, nutrition et metabolisme",thermal,0,thermal,mood,null,,medium,abstract_only_reduced_table,abstract_only,"Recent evidence from modelling and laboratory-based studies showed that electric fans are ineffective at lowering core temperature in older adults at air temperatures of 36°C. However, their influence on self-reported environmental symptoms and mood-state during daylong use in hot indoor environments remains unclear...",no,rct_interventional,empirical_v2
doi:10.1038/s41598-024-64606-3,10.1038/s41598-024-64606-3,An assessment of priorities in handling climate change impacts on infrastructures.,2024,Scientific reports,thermal,0,thermal,stress,mixed,,medium,abstract_only_reduced_table,abstract_only,"Climate change (CC) will likely significantly impact the world's infrastructure significantly. Rising temperatures, increased precipitation, and rising sea levels are all likely to stress critical infrastructures (CI). Rising temperatures can lead to infrastructure damage from extreme heat events. This can cause roa...",no,rct_interventional,empirical_v2
doi:10.1371/journal.pone.0017307,10.1371/journal.pone.0017307,Cloud Coverage Acts as an Amplifier for Ecological Light Pollution in Urban Ecosystems,2011,PLoS ONE,light,0,daylight,unspecified_outcome,positive,,low,abstract_only_reduced_table,abstract_only;weak_variable_resolution,"The diurnal cycle of light and dark is one of the strongest environmental factors for life on Earth. Many species in both terrestrial and aquatic ecosystems use the level of ambient light to regulate their metabolism, growth, and behavior. The sky glow caused by artificial lighting from urban areas disrupts this nat...",no,rct_interventional,empirical_v2
doi:10.3390/en15176140,10.3390/en15176140,Edge Computing for IoT-Enabled Smart Grid: The Future of Energy,2022,Energies,light,0,daylight,unspecified_outcome,unknown,,low,abstract_only_reduced_table,abstract_only;weak_variable_resolution,"The explosive development of electrical engineering in the early 19th century marked the birth of the 2nd industrial revolution, with the use of electrical energy in place of steam power, as well as changing the history of human development. The versatility of electricity allows people to apply it to a multitude of ...",no,rct_interventional,conceptual_framework
doi:10.1038/s41526-025-00525-5,10.1038/s41526-025-00525-5,GLARE: discovering hidden patterns in spaceflight transcriptome using representation learning,2024,bioRxiv,affect,0,unspecified_environment,stress,positive,,low,abstract_only_reduced_table,abstract_only;weak_variable_resolution,"Spaceflight studies present novel insights into biological processes through exposure to stressors outside the evolutionary path of terrestrial organisms. Despite limited access to space environments, numerous transcriptomic datasets from spaceflight experiments are now available through NASA’s GeneLab data reposito...",no,rct_interventional,empirical_v2
doi:10.1002/14651858.CD013244.pub2,10.1002/14651858.CD013244.pub2,"Blue-light filtering spectacle lenses for visual performance, sleep, and macular health in adults.",2023,The Cochrane database of systematic reviews,other,0,unspecified_environment,productivity,positive,,low,abstract_only_reduced_table,abstract_only;weak_variable_resolution,"'Blue-light filtering', or 'blue-light blocking', spectacle lenses filter ultraviolet radiation and varying portions of short-wavelength visible light from reaching the eye. Various blue-light filtering lenses are commercially available. Some claims exist that they can improve visual performance with digital device ...",no,rct_interventional,empirical_v2
doi:10.1017/neu.2021.6,10.1017/neu.2021.6,Light therapy for seasonal affective disorder in visual impairment and blindness - a pilot study.,2021,Acta Neuropsychiatrica,affect,0,unspecified_environment,mood,mixed,,low,abstract_only_reduced_table,abstract_only;weak_variable_resolution,"OBJECTIVE
Seasonal and non-seasonal depression are prevalent conditions in visual impairment. We assessed the effects and side effects of light therapy in persons with severe visual impairment/blindness who had recurrent depressive symptoms in winter corresponding to seasonal affective disorder (SAD) or subsyndromal...",no,rct_interventional,empirical_v2
doi:10.1097/PR9.0000000000001128,10.1097/PR9.0000000000001128,A digital health intervention to support patients with chronic pain during prescription opioid tapering: a pilot randomised controlled trial.,2024,Pain reports,other,0,unspecified_environment,unspecified_outcome,unknown,,low,abstract_only_reduced_table,abstract_only;weak_variable_resolution,"Recent changes in opioid prescribing guidelines have led to an increasing number of patients with chronic pain being recommended to taper. However, opioid tapering can be challenging, and many patients require support.",no,rct_interventional,empirical_v2
doi:10.1101/2023.05.10.23289771,10.1101/2023.05.10.23289771,A digital health intervention to support patients with chronic pain during prescription opioid tapering: a pilot randomised controlled trial.,2023,medRxiv : the preprint server for health sciences,other,0,unspecified_environment,unspecified_outcome,unknown,,low,abstract_only_reduced_table,abstract_only;weak_variable_resolution,"Recent changes in opioid prescribing guidelines have led to an increasing number of patients with chronic pain being recommended to taper. However, opioid tapering can be challenging, and many patients require support.",no,rct_interventional,empirical_v2
doi:10.1186/s40814-019-0548-9,10.1186/s40814-019-0548-9,Dynamic LED light versus static LED light for depressed inpatients: results from a randomized feasibility trial.,2020,Pilot and feasibility studies,light,0,daylight,unspecified_outcome,unknown,,low,abstract_only_reduced_table,abstract_only;weak_variable_resolution,"Retrospective studies conducted in psychiatric wards have indicated a shorter duration of stay for depressed inpatients in bright compared to dim daylight-exposed rooms, pointing to a possible antidepressant effect of daylight conditions. Dynamic LED lighting, aiming to mimic daylight conditions, are currently been ...",no,rct_interventional,empirical_v2
doi:10.1038/s41598-021-82120-8,10.1038/s41598-021-82120-8,"A randomised, double blind, placebo-controlled trial of megestrol acetate or dexamethasone in treating symptomatic anorexia in people with advanced cancer",2021,Scientific Reports,affect,0,unspecified_environment,productivity,positive,61,low,abstract_only_reduced_table,abstract_only;n=61;weak_variable_resolution,"This multi-site, double blind, parallel arm, fixed dose, randomised placebo controlled phase III study compared megestrol acetate 480 mg/day with dexamethasone 4 mg/day for their net effects on appetite in people with cancer anorexia. Patients with advanced cancer and anorexia for ≥ 2 weeks with a score ≤ 4 (0–10 nu...",no,rct_interventional,empirical_v2
doi:10.3390/foods6070047,10.3390/foods6070047,"Macular Carotenoid Supplementation Improves Visual Performance, Sleep Quality, and Adverse Physical Symptoms in Those with High Screen Time Exposure",2017,Foods,restoration,0,spatial_layout,sleep,positive,,medium,abstract_only_reduced_table,abstract_only,"The dramatic rise in the use of smartphones, tablets, and laptop computers over the past decade has raised concerns about potentially deleterious health effects of increased “screen time” (ST) and associated short-wavelength (blue) light exposure. We determined baseline associations and effects of 6 months’ suppleme...",no,rct_interventional,empirical_v2
doi:10.1111/ejn.15419,10.1111/ejn.15419,The missing N1 or jittered P2: Electrophysiological correlates of pattern glare in the time and frequency domain,2021,European Journal of Neuroscience,thermal,0,unspecified_environment,stress,unknown,,low,abstract_only_reduced_table,abstract_only;weak_variable_resolution,"Excessive sensitivity to certain visual stimuli (cortical hyperexcitability) is associated with a number of neurological disorders including migraine, epilepsy, multiple sclerosis, autism and possibly dyslexia. Others show disruptive sensitivity to visual stimuli with no other obvious pathology or symptom profile (v...",no,rct_interventional,empirical_v2
doi:10.31989/ffhd.v11i11.829,10.31989/ffhd.v11i11.829,Hypoglycemic effects of antioxidant-rich plant extracts on postprandial glycemic responses in participants with prediabetes (GLARE study),2021,Functional Foods in Health and Disease,biophilic,0,unspecified_environment,mood,mixed,19,low,abstract_only_reduced_table,abstract_only;n=19;weak_variable_resolution,"Background: Plant extracts may help to improve glycemic control in individuals with poor glycemic control. However, few studies have been investigated in the prediabetes cohort, which is a high-risk condition for T2DM. Thus, this study aimed to investigate the acute effect of grape seed, rooibos tea, and olive leaf ...",no,rct_interventional,observational_field
doi:10.1371/journal.pone.0228382,10.1371/journal.pone.0228382,Evidence-based conservation education in Mexican communities: Connecting arts and science.,2020,PloS one,cognition,0,thermal,attention,mixed,,medium,abstract_only_reduced_table,abstract_only,"Several studies suggest that 63% of primate species are currently threatened due to deforestation, pet-trade, and bushmeat hunting. Successful primate conservation strategies require effective educational programs capable of enhancing critical system-thinking and responsible behavior towards these species. Arts-base...",no,rct_interventional,empirical_v2
doi:10.3389/fnagi.2016.00336,10.3389/fnagi.2016.00336,"Aerobic Exercise Intervention, Cognitive Performance, and Brain Structure: Results from the Physical Influences on Brain in Aging (PHIBRA) Study",2017,Frontiers in Aging Neuroscience,cognition,0,air_quality,cognition,mixed,,medium,abstract_only_reduced_table,abstract_only,"Studies have shown that aerobic exercise has the potential to improve cognition and reduce brain atrophy in older adults. However, the literature is equivocal with regards to the specificity or generality of these effects. To this end, we report results on cognitive function and brain structure from a 6-month traini...",no,rct_interventional,empirical_v2
doi:10.3389/fpsyg.2016.00198,10.3389/fpsyg.2016.00198,Reversed Priming Effects May Be Driven by Misperception Rather than Subliminal Processing,2016,Frontiers in Psychology,cognition,0,unspecified_environment,cognition,unknown,,low,abstract_only_reduced_table,abstract_only;weak_variable_resolution,"A new paradigm for investigating whether a cognitive process is independent of perception was recently suggested. In the paradigm, primes are shown at an intermediate signal strength that leads to trial-to-trial and inter-individual variability in prime perception. Here, I used this paradigm and an objective measure...",no,rct_interventional,empirical_v2
doi:10.1068/p7502,10.1068/p7502,Interference effect of body shadow in action control.,2013,Perception,other,0,unspecified_environment,unspecified_outcome,unknown,,low,abstract_only_reduced_table,abstract_only;weak_variable_resolution,"Observing actions performed by other persons can subsequently influence our own motor behaviours. However, it is unknown whether the shadows cast by such actions can also have an impact on the observers' actions. Here we show that the mere observation of a cast shadow can influence imitative behaviours. Specifically...",no,rct_interventional,empirical_v2
doi:10.1016/j.neunet.2023.09.037,10.1016/j.neunet.2023.09.037,How to backdoor split learning.,2023,Neural networks : the official journal of the International Neural Network Society,cognition,0,unspecified_environment,attention,positive,,low,abstract_only_reduced_table,abstract_only;weak_variable_resolution,"Split learning, a distributed learning framework, has garnered significant attention from academic and industrial communities. In contrast to federated learning, split learning offers a more flexible architecture for participants with limited computing resources. However, the security of split learning has been ques...",no,rct_interventional,thought_piece
doi:10.31696/s086919080035657-9,10.31696/s086919080035657-9,In the Shadow of the Belt and Road Initiative: Ethiopia between Chinese Investments and European Influence,2025,Vostok. Afro-aziatskie obshchestva: istoriia i sovremennost,cognition,0,unspecified_environment,attention,unknown,,low,abstract_only_reduced_table,abstract_only;weak_variable_resolution,"The article analyzes the increasing influence of China on the Ethiopian economy in contrast to the declining position of the European Union. From 2004 to 2023, there has been a significant shift in foreign trade toward China, driven by the rapid and consistent growth of Chinese imports. Consequently, China has estab...",no,rct_interventional,empirical_v2
doi:10.1515/wrlae-2015-0030,10.1515/wrlae-2015-0030,The Role of the Judiciary Within the Construction of Collective Memory. The Italian Transition,2015,,cognition,0,unspecified_environment,attention,positive,,low,abstract_only_reduced_table,abstract_only;weak_variable_resolution,"At the end of World War II, Germany and Japan were undoubtedly the defeated powers of the Axis and they were put on trial in Nuremberg and Tokyo respectively. Italy, by contrast, had vague and multiple identities and underwent a complex and heterogeneous transitional process. The criminal prosecution of war crimes w...",no,rct_interventional,empirical_v2
doi:10.1016/j.jinsphys.2024.104650,10.1016/j.jinsphys.2024.104650,Habituation leads to short but not long term memory formation in mosquito larvae.,2024,Journal of insect physiology,cognition,0,unspecified_environment,cognition,unknown,,low,abstract_only_reduced_table,abstract_only;weak_variable_resolution,"In animals, memory allows to remember important locations and conserve energy by not responding to irrelevant stimuli. However, memory formation and maintenance are metabolically costly, making it worthwhile to understand the mechanisms underlying different types of memory and their adaptive value. In this study, we...",no,rct_interventional,theoretical
doi:10.1093/cercor/bhg084,10.1093/cercor/bhg084,Gamma Oscillations Correlate with Working Memory Load in Humans,2003,Cerebral Cortex,cognition,0,unspecified_environment,cognition,positive,,low,abstract_only_reduced_table,abstract_only;weak_variable_resolution,"Functional imaging of human cortex implicates a diverse network of brain regions supporting working memory - the capacity to hold and manipulate information for short periods of time. Although we are beginning to map out the brain networks supporting working memory, little is known about its physiological basis. We ...",no,rct_interventional,empirical_v2
doi:10.59429/esp.v10i4.3582,10.59429/esp.v10i4.3582,The effects of musical training on cognitive flexibility and executive function in children,2025,Environment and Social Psychology,cognition,0,unspecified_environment,cognition,null,,low,abstract_only_reduced_table,abstract_only;weak_variable_resolution,"This study investigates the impact of musical training on cognitive flexibility, inhibitory control, and executive function in children. To this end, a total of 300 children were recruited and randomly allocated to either the Musical Training Group (MTG) receiving a 6 month's musical training program or the Control ...",no,rct_interventional,empirical_v2
doi:10.1111/sms.70070,10.1111/sms.70070,Effects of Exercise Intervention in Children With Attention‐Deficit/Hyperactivity Disorder: The Mediating Role of Executive Function,2025,Scandinavian Journal of Medicine & Science in Sports,cognition,0,unspecified_environment,cognition,mixed,,low,abstract_only_reduced_table,abstract_only;weak_variable_resolution,"This randomized controlled trial investigated a 20‐session combined aerobic and physical‐cognitive exercise program in 66 children with ADHD (aged 6–9 years, 29 medicated), evaluating impacts on core symptoms, executive functions, and functional impairment through SNAP‐IV, BRIEF, and WEISS‐P assessments. Participant...",no,rct_interventional,empirical_v2
doi:10.1017/S0022050724000111,10.1017/S0022050724000111,Classicism and Modern Growth: The Shadow of the Sages,2024,Journal Economic History,biophilic,0,biophilia,mood,unknown,,low,abstract_only_reduced_table,abstract_only,"This paper examines how the worship of ancient wisdom affects economic progress in historical China, where the learned class embraced classical wisdom for millennia but encountered the shock of Western industrial influence in the mid-nineteenth century. Using the number of sage temples to measure the strength of cla...",no,rct_interventional,empirical_v2
doi:10.3390/rs13183710,10.3390/rs13183710,Multi-Object Segmentation in Complex Urban Scenes from High-Resolution Remote Sensing Data,2021,Remote Sensing,cognition,0,unspecified_environment,attention,mixed,,low,abstract_only_reduced_table,abstract_only;weak_variable_resolution,"Terrestrial features extraction, such as roads and buildings from aerial images using an automatic system, has many usages in an extensive range of fields, including disaster management, change detection, land cover assessment, and urban planning. This task is commonly tough because of complex scenes, such as urban ...",no,rct_interventional,theoretical
doi:10.3390/brainsci13070996,10.3390/brainsci13070996,A Quantitative Investigation of Mental Fatigue Elicited during Motor Imagery Practice: Selective Effects on Maximal Force Performance and Imagery Ability,2023,Brain Science,other,0,unspecified_environment,cognition,mixed,24,low,abstract_only_reduced_table,abstract_only;n=24;weak_variable_resolution,"In the present study, we examined the development of mental fatigue during the kinesthetic motor imagery (MI) of isometric force contractions performed with the dominant upper limb. Participants (n = 24) underwent four blocks of 20 MI trials of isometric contractions at 20% of the maximal voluntary contraction thres...",no,rct_interventional,empirical_v2
doi:10.3390/ijerph19169924,10.3390/ijerph19169924,Effects of Pre-Existing Mental Conditions on Fatigue and Psychological Symptoms Post-COVID-19,2022,International Journal of Environmental Research and Public Health,affect,0,unspecified_environment,stress,null,,low,abstract_only_reduced_table,abstract_only;weak_variable_resolution,"Background: Patients who are post-COVID-19 will require more treatment soon. Therefore, it is important to understand the root cause of their psychological and somatic conditions. Previous studies showed contradictory results on the influence of pre-existing mental conditions. The present study examines the influenc...",no,rct_interventional,empirical_v2
doi:10.3389/fpsyg.2024.1470695,10.3389/fpsyg.2024.1470695,"Effects of a mindfulness-based health promotion program on mindfulness, psychological capital, compassion fatigue, and affect in healthcare workers",2024,Frontiers in Psychology,affect,0,unspecified_environment,mood,unknown,16,low,abstract_only_reduced_table,abstract_only;n=16;weak_variable_resolution,"Objective This study aimed to examine the effects of the Mindfulness-Based Health Promotion program on mindfulness, psychological capital, compassion fatigue, and affect in a sample of healthcare workers at a hospital in Colombia. Method Randomized controlled study with pre-test and post-test measures, in which 33 w...",no,rct_interventional,mixed_methods
doi:10.1167/3.2.4,10.1167/3.2.4,Illumination encoding in face recognition: effect of position shift,2003,Journal of Vision,affect,0,daylight,productivity,negative,,medium,abstract_only_reduced_table,abstract_only,"Recognition of faces and objects is impaired when illumination direction varies. Three experiments explore whether this impairment can be explained by display changes (Biederman & Bar, 1999), and whether cast shadows help or hinder face recognition. Observers judged whether two sequentially-presented faces, shown wi...",no,rct_interventional,empirical_v2
doi:10.1007/s40264-023-01295-3,10.1007/s40264-023-01295-3,"Implications of Non-Specific Effects for Testing, Approving, and Regulating Vaccines",2023,Drug Safety,affect,0,unspecified_environment,mood,mixed,,low,abstract_only_reduced_table,abstract_only;weak_variable_resolution,"The current framework for testing and regulating vaccines was established before the realization that vaccines, in addition to their effect against the vaccine-specific disease, may also have “non-specific effects” affecting the risk of unrelated diseases. Accumulating evidence from epidemiological studies shows tha...",no,rct_interventional,conceptual_framework
doi:10.1109/MPSecICETA64837.2025.11118444,10.1109/MPSecICETA64837.2025.11118444,Mitigating the effect of shadows in vision-based industrial robot,2025,2025 IEEE International Conference on Emerging Technologies and Applications (MPSec ICETA),light,0,daylight,productivity,negative,,medium,abstract_only_reduced_table,abstract_only,"Modern manufacturing processes depend heavily on industrial robots with vision systems installed, which allow them to perform tasks like tracking, manipulation, and object recognition. But one major obstacle that affects the precision and dependability of these vision-based systems is the existence of shadows. In th...",no,rct_interventional,empirical_v2
doi:10.3174/ajnr.A3890,10.3174/ajnr.A3890,Effects of Gadolinium Contrast Agent Administration on Automatic Brain Tissue Classification of Patients with Multiple Sclerosis,2014,American Journal of Neuroradiology,spatial,0,spatial_layout,mood,null,,medium,abstract_only_reduced_table,abstract_only,BACKGROUND AND PURPOSE: The administration of gadolinium contrast agent is a common part of MR imaging examinations in patients with MS. The presence of gadolinium may affect the outcome of automated tissue classification. The purpose of this study was to investigate the effects of the presence of gadolinium on the ...,no,rct_interventional,observational_field
doi:10.1103/PhysRevLett.134.090801,10.1103/PhysRevLett.134.090801,Stability of Classical Shadows under Gate-Dependent Noise.,2025,Physical review letters,acoustic,0,noise,mood,unknown,,low,abstract_only_reduced_table,abstract_only,"Expectation values of observables are routinely estimated using so-called classical shadows-the outcomes of randomized bases measurements on a repeatedly prepared quantum state. In order to trust the accuracy of shadow estimation in practice, it is crucial to understand the behavior of the estimators under realistic...",no,rct_interventional,empirical_v2
doi:10.15761/PMRR.1000117,10.15761/PMRR.1000117,Endorphin agonists for psychiatric disorders,2016,,cognition,0,unspecified_environment,cognition,positive,,low,abstract_only_reduced_table,abstract_only;weak_variable_resolution,"Endorphins and endorphin agonists play a crucial role in the neural modulation of mood, anxiety, pain and addiction. Historical, experimental and clinical data strongly support the potential benefits of opiates for severe depression, addictive disorders, pain and psychosis. Recent studies have also elucidated a cruc...",no,rct_interventional,theoretical
doi:10.1007/s11214-008-9341-4,10.1007/s11214-008-9341-4,Sun Earth Connection Coronal and Heliospheric Investigation (SECCHI),2008,Space Science Reviews,other,0,unspecified_environment,unspecified_outcome,unknown,,low,abstract_only_reduced_table,abstract_only;weak_variable_resolution,"The Sun Earth Connection Coronal and Heliospheric Investigation (SECCHI) is a five telescope package, which has been developed for the Solar Terrestrial Relation Observatory (STEREO) mission by the Naval Research Laboratory (USA), the Lockheed Solar and Astrophysics Laboratory (USA), the Goddard Space Flight Center ...",no,rct_interventional,empirical_v2
doi:10.58809/soxd1981,10.58809/soxd1981,A Study of Carl Sandburg's Poetry : His Early Impressionism and Later Folklorism,1963,,cognition,0,unspecified_environment,attention,unknown,,low,abstract_only_reduced_table,abstract_only;weak_variable_resolution,In the earlier twentieth century the tumult of industrial America was vividly expressed through Sandburg’s imagistic technique and his use of American slang. But he was not successful enough in bringing his poetic imagery into focus amid the chaos of newly developing America. Almost all his early poems were colored ...,no,rct_interventional,theoretical
doi:10.5204/mcj.3150,10.5204/mcj.3150,From Noir to Neo-Noir,2025,M/C Journal,affect,0,daylight,stress,unknown,,low,abstract_only_reduced_table,abstract_only,"Though the ‘official’ film noir period ended more than 60 years ago, the enigmatic allure of noir endures, lingering like the smoke from a femme fatale’s cigarette. IMDB defines the classic film noir period of American cinema as beginning with the film Underworld (1927) and ending with Touch of Evil (1958), while ma...",no,rct_interventional,theoretical
doi:10.2991/icimm-15.2015.5,10.2991/icimm-15.2015.5,The sustainable development and application of indoor environmental protection materials,2015,,air,0,air_quality,mood,positive,,medium,abstract_only_reduced_table,abstract_only,"Material mode of existence, inevitably determines its color, texture, feel, and other physical properties and chemical properties, a good designer should also be a fantastic material user. He can produce emotional communicate with material, will put the material in one of the most appropriate location. Interior deco...",no,rct_interventional,empirical_v2
doi:10.34044/tferj.2025.9.2.6449,10.34044/tferj.2025.9.2.6449,"Carbon stock in biomass of Peltophorum pterocarpum (DC.) Backer ex K. Heyne in Kasetsart University, Bang Khen campus",2025,Thai Forest Ecological Research Journal,air,0,daylight,attention,positive,,medium,abstract_only_reduced_table,abstract_only,"Background and Objectives: Forest and climate are strongly intertwined. As photosynthesis increases, more atmospheric CO2 is converted into biomass, thereby reducing carbon in the atmosphere and sequestering it within plant tissues both above and belowground. In the global carbon cycle, biomass is an important build...",no,rct_interventional,thought_piece
doi:10.3390/rs13010036,10.3390/rs13010036,The Influence of Shadow Effects on the Spectral Characteristics of Glacial Meltwater,2020,Remote Sensing,biophilic,0,unspecified_environment,unspecified_outcome,negative,,low,abstract_only_reduced_table,abstract_only;weak_variable_resolution,The phenomenon of shadows due to glaciers is investigated in Antarctica. The observed shadow effect disrupts analyses conducted by remote sensing and is a challenge in the assessment of sediment meltwater plumes in polar marine environments. A DJI Inspire 2 drone equipped with a Zenmuse x5s camera was used to genera...,no,rct_interventional,empirical_v2
doi:10.1152/physiol.2025.40.s1.0961,10.1152/physiol.2025.40.s1.0961,"Evaluating the Combined Effects of Thermal Strain and a Prolonged
 Cognitively Demanding Task on Cognitive Performance",2025,Physiology,thermal,0,thermal,mood,null,,medium,abstract_only_reduced_table,abstract_only,"Introduction: Environmental heat stress can adversely affect cognitive
 performance, mood, and physiological responses, but the interplay between
 these factors during sustained cognitive tasks remains under-explored.This
 study aimed to identify the effects of a prolonged cognitively demanding
 task during thermone...",no,rct_interventional,empirical_v2
doi:10.1177/10519815251392899,10.1177/10519815251392899,The impact of cooling vests on restaurant workers: A study.,2025,"Work (Reading, Mass.)",thermal,0,thermal,productivity,mixed,,medium,abstract_only_reduced_table,abstract_only,"BackgroundWith the increasing workforce, especially in unfavorable working environments, for example, indoor working in kitchens, thermal stress has been a major problem. The effects of thermal stress are that it can reduce the efficiency of workers, thereby raising their body temperature and causing irritability, r...",no,rct_interventional,empirical_v2
doi:10.1016/j.ijbiomac.2025.149511,10.1016/j.ijbiomac.2025.149511,Eco-friendly chitosan production from diverse biowastes: deep eutectic solvents outperform conventional methods.,2025,International journal of biological macromolecules,biophilic,0,thermal,attention,positive,,medium,abstract_only_reduced_table,abstract_only,"Chitosan, one of the most abundant biopolymers, has gained increasing attention due to its biocompatibility, biodegradability, and versatile applications. This study introduces gentle extraction approach that combines deep eutectic solvents (DES) for chitin extraction with an optimized deacetylation step using only ...",no,rct_interventional,empirical_v2
doi:10.1021/acs.jafc.5c14663,10.1021/acs.jafc.5c14663,Synergistic Enhancement of Thermal Stability and Activity of Glycolaldehyde Synthase via Computer-Aided Design and Mechanistic Analysis.,2026,Journal of agricultural and food chemistry,thermal,0,thermal,attention,positive,,medium,abstract_only_reduced_table,abstract_only,"Efficient C1 utilization relies on glycolaldehyde (GALD) as a key intermediate, typically formed via condensation of two formaldehyde (FALD) molecules catalyzed by glycolaldehyde synthase (GALS). While catalytic activity improvements have been achieved, limited attention to thermal stability has constrained industri...",no,rct_interventional,empirical_v2
doi:10.3390/buildings15010062,10.3390/buildings15010062,Research on the Indoor Thermal Environment of Industrial Architectural Heritage Based on Human Thermal Comfort—A Case Study in Hefei (China) During Winter,2024,Buildings,thermal,0,thermal,cognition,unknown,,low,abstract_only_reduced_table,abstract_only,"With the development of China’s social economy and urbanization, there is a significant stock of urban industrial architectural heritage. Considering the increasing demand for urban land and the renewal of idle sites, the reuse of industrial architectural heritage has become an important measure for urban developmen...",no,rct_interventional,case_study
doi:10.14814/phy2.14003,10.14814/phy2.14003,Effects of repetitive exercise and thermal stress on human cognitive processing,2019,Physiological Reports,thermal,0,thermal,cognition,mixed,,medium,abstract_only_reduced_table,abstract_only,"Cognitive performances may improve after acute moderate exercise, but not after prolonged and/or heavy exercise. The present study aimed to investigate the effects of environmental temperature during exercise on human cognitive processing. Fifteen healthy males performed four bouts of a 15-min cycling exercise with ...",no,rct_interventional,empirical_v2
doi:10.3389/fphys.2022.1008710,10.3389/fphys.2022.1008710,Effects of mixed-cooling strategies on executive functions in simulated tennis in hot and humid conditions.,2022,Frontiers in physiology,thermal,0,thermal,cognition,positive,,medium,abstract_only_reduced_table,abstract_only,"This study aimed to investigate the effects of mixed-cooling strategies, which combines external (cooling vest + neck cooled collar) and internal cooling (cold sports drink ingestion) on measures of executive function during simulated tennis in hot/humid conditions. In a counterbalanced design (randomised order), ei...",no,rct_interventional,empirical_v2
doi:10.1089/AST.2021.0113,10.1089/AST.2021.0113,Planning Implications Related to Sterilization-Sensitive Science Investigations Associated with Mars Sample Return (MSR).,2022,Astrobiology,thermal,0,thermal,mood,negative,,medium,abstract_only_reduced_table,abstract_only,The NASA/ESA Mars Sample Return (MSR) Campaign seeks to establish whether life on Mars existed where and when environmental conditions allowed. Laboratory measurements on the returned samples are useful if what is measured is evidence of phenomena on Mars rather than of the effects of sterilization conditions. This ...,no,rct_interventional,empirical_v2
doi:10.1111/sms.13623,10.1111/sms.13623,"Physical and perceptual cooling: Improving cognitive function, mood disturbance and time to fatigue in the heat.",2020,Scandinavian journal of medicine & science in sports,thermal,0,unspecified_environment,cognition,unknown,,low,abstract_only_reduced_table,abstract_only;weak_variable_resolution,"This study investigated the effects of menthol swilling and crushed ice ingestion on cognitive function, total mood disturbance (TMD), and time to fatigue (TTF). Twelve male long-distance runners completed three counterbalanced running trials (3 × 30 minutes at 65% VO",no,rct_interventional,empirical_v2
doi:10.3389/fenvs.2024.1466542,10.3389/fenvs.2024.1466542,"Identification of surface thermal environment differentiation and driving factors in urban functional zones based on multisource data: a case study of Lanzhou, China",2024,Frontiers in Environmental Science,thermal,0,thermal,unspecified_outcome,unknown,,low,abstract_only_reduced_table,abstract_only;weak_variable_resolution,"The urban functional zone, serving as a bridge to understanding the complex interactions between human spatial activities and surface thermal environmental changes, explores the driving force information of its internal temperature changes, which is crucial for improving the urban thermal environment. However, the i...",no,rct_interventional,case_study
doi:10.2298/tsci2506167y,10.2298/tsci2506167y,Optimization design and performance analysis of building thermal energy storage based on phase change materials,2025,Thermal Science,thermal,0,thermal,unspecified_outcome,mixed,,low,abstract_only_reduced_table,abstract_only;weak_variable_resolution,"This study constructed a building-PCM-environment dynamic coupling thermodynamic model, developed a multi-objective adaptive optimization algorithm based on deep reinforcement learning, and built a micro-meso-macro multi-scale experimental simulation platform to enhance the application effectiveness of PCM in buildi...",no,rct_interventional,theoretical
doi:10.1051/E3SCONF/201911104001,10.1051/E3SCONF/201911104001,A Renovation Proposal for Zero-Energy Houses: Outline of Building Planning and Evaluation of Thermal Environment,2019,E3S Web of Conferences,light,0,thermal,productivity,negative,,medium,abstract_only_reduced_table,abstract_only,"Considering the effects of electricity shortages caused by natural disasters in Japan, residential energy efficiency is essential. In addition, excessive housing stocks in Japan have highlighted the importance of expertise in renovation methods for zero-energy houses (ZEHs). Therefore, we designed and built a ZEH as...",no,rct_interventional,empirical_v2
doi:10.1016/j.heliyon.2024.e25272,10.1016/j.heliyon.2024.e25272,"Environment-friendly, high-performance cellulose nanofiber-vanillin epoxy nanocomposite with excellent mechanical, thermal insulation and UV shielding properties.",2024,Heliyon,thermal,0,thermal,productivity,mixed,,medium,abstract_only_reduced_table,abstract_only,"With the increased demand for biobased epoxy thermosets as an alternative to petroleum-based materials in various fields, developing environment-friendly and high-performance natural fiber-biobased epoxy nanocomposites is crucial for industrial applications. Herein, an environment-friendly nanocomposite is reported ...",no,rct_interventional,empirical_v2
doi:10.1016/j.heliyon.2024.e26371,10.1016/j.heliyon.2024.e26371,Performance optimization of energy-efficient solar absorbers for thermal energy harvesting in modern industrial environments using a solar deep learning model,2024,Heliyon,thermal,0,thermal,productivity,positive,,medium,abstract_only_reduced_table,abstract_only,"Thermal energy harvesting has seen a rise in popularity in recent years due to its potential to generate renewable energy from the sun. One of the key components of this process is the solar absorber, which is responsible for converting solar radiation into thermal energy. In this paper, a smart performance optimiza...",no,rct_interventional,empirical_v2
doi:10.1016/j.jenvman.2025.128469,10.1016/j.jenvman.2025.128469,Comprehensive insights into advanced predictive modeling for low density polyethylene (LDPE) pyrolysis: Experimental kinetics and reaction mechanism.,2026,Journal of environmental management,thermal,0,thermal,unspecified_outcome,positive,,low,abstract_only_reduced_table,abstract_only;weak_variable_resolution,"Low Density Polyethylene (LDPE) waste is a significant challenge for both the environment and industrial management, and this can be converted into valuable fuels by thermochemical processes such as pyrolysis. This study explores comprehensive insights into thermal analysis, pyrolysis mechanism evaluation and advanc...",no,rct_interventional,conceptual_framework
doi:10.1002/wer.70250,10.1002/wer.70250,Advancing Solar Water Desalination Using Recycled Al Waste Films and AI Optimization: An Eco-Industrial Synergy.,2026,Water environment research : a research publication of the Water Environment Federation,thermal,0,thermal,productivity,mixed,,medium,abstract_only_reduced_table,abstract_only,The global shortage of potable water and the rising environmental burden from industrial waste highlight the need for sustainable and low-cost desalination technologies. This study presents an enhanced passive solar still (PSS) that integrates recycled aluminum thin films and polypropylene insulation to improve ther...,no,rct_interventional,conceptual_framework
doi:10.3390/su17146489,10.3390/su17146489,Exploring the Impact of Architectural Landscape Characteristics of Urban Functional Areas in Xi’an City on the Thermal Environment in Summer Using Explainable Machine Learning,2025,Sustainability,thermal,0,thermal,unspecified_outcome,mixed,,low,abstract_only_reduced_table,abstract_only;weak_variable_resolution,"Rapid urbanization has exacerbated the urban heat island effect, posing a significant threat to human health and urban ecosystems. While numerous studies have demonstrated that urban morphology significantly influences land surface temperatures (LSTs), few have systematically explored the impact and contribution of ...",no,rct_interventional,empirical_v2
doi:10.1207/s15327876mp1401_02,10.1207/s15327876mp1401_02,Effects of Modafinil on Cognitive Performance During 40 Hr of Sleep Deprivation in a Warm Environment,2002,Military Psychology,thermal,0,thermal,attention,positive,,medium,abstract_only_reduced_table,abstract_only,"This study examined the effect of the psychostimulant modafinil on cognitive performance during 40 hr of sleep deprivation in a warm environment. Five men were randomly assigned to a modafinil (3 × 100 mg/24 hr) and a placebo trial on consecutive weeks, with a 5-day intervening “wash-out” period. Each trial involved...",no,rct_interventional,theoretical
doi:10.1152/jn.00090.2025,10.1152/jn.00090.2025,Influence of sustained cognitive loading on finger circulatory and thermoperceptual responsiveness to localized cooling.,2025,Journal of neurophysiology,air,0,thermal,cognition,positive,,medium,abstract_only_reduced_table,abstract_only,"We examined whether finger vasomotor and thermoperceptual responses to local cooling would be modulated by sustained cognitive loading. Finger temperature, circulatory [i.e., cutaneous vascular conductance (CVC)] and perceptual responses were monitored, in 12 healthy men, during and after a 30-min hand-immersion in ...",no,rct_interventional,empirical_v2
doi:10.1016/j.ecoenv.2025.117742,10.1016/j.ecoenv.2025.117742,Study on exhaled volatile organic compounds identifying cognitive fatigue induced by N-back task in healthy young adults.,2025,Ecotoxicology and environmental safety,air,0,air_quality,cognition,positive,50,medium,abstract_only_reduced_table,abstract_only;n=50,"Cognitive fatigue in specific occupations may present a risk to personal safety. The study aimed to explore the characteristic volatile organic compounds (VOCs) in exhaled breath in response to cognitive fatigue, to provide a scientific basis for the non-invasive exhaled breath diagnostic techniques for cognitive fa...",no,rct_interventional,empirical_v2
doi:10.1152/ajpregu.00226.2020,10.1152/ajpregu.00226.2020,Independent and interactive effects of thermal stress and mental fatigue on manual dexterity.,2020,"American journal of physiology. Regulatory, integrative and comparative physiology",thermal,0,thermal,cognition,unknown,,low,abstract_only_reduced_table,abstract_only,"Many occupations and sports require high levels of manual dexterity under thermal stress and mental fatigue. Yet, multistressor studies remain scarce. We quantified the interactive effects of thermal stress and mental fatigue on manual dexterity. Seven males (21.1 ± 1.3 yr) underwent six separate 60-min trials chara...",no,rct_interventional,empirical_v2
doi:10.1186/s13063-025-09414-4,10.1186/s13063-025-09414-4,The cumulative physiological effects of consecutive days of simulated occupational heat stress: study protocol for a randomised controlled trial with healthy adults undertaken in Australia.,2026,Trials,thermal,0,thermal,productivity,unknown,,low,abstract_only_reduced_table,abstract_only,"Fuelled by rising global temperatures, occupational heat stress has become a critical threat to the health and safety of workers. This threat may be particularly great for workers who are required to perform prolonged work in the heat over multiple consecutive days; however, the cumulative physiological impact of th...",no,rct_interventional,empirical_v2
doi:10.1641/0006-3568(2000)050[0871:gwatea]2.0.co;2,10.1641/0006-3568(2000)050[0871:gwatea]2.0.co;2,Global Warming and Terrestrial Ecosystems: A Conceptual Framework for Analysis,2000,BioScience,biophilic,0,thermal,attention,positive,,medium,abstract_only_reduced_table,abstract_only,"raise global mean temperature over the next century by 1.0–3.5 °C (Houghton et al. 1995, 1996). Ecologists from around the world have begun experiments to investigate the effects of global warming on terrestrial ecosystems, the aspect of global climate change that attracts the most public attention (Woodwell and McK...",no,rct_interventional,conceptual_framework
doi:10.1152/ajpregu.00010.2015,10.1152/ajpregu.00010.2015,Cognitive and perceptual responses during passive heat stress in younger and older adults,2015,"American Journal of Physiology-Regulatory, Integrative and Comparative Physiology",cognition,0,thermal,cognition,null,,medium,abstract_only_reduced_table,abstract_only,"We tested the hypothesis that attention, memory, and executive function are impaired to a greater extent in passively heat-stressed older adults than in passively heat-stressed younger adults. In a randomized, crossover design, 15 older (age: 69 ± 5 yr) and 14 younger (age: 30 ± 4 yr) healthy subjects underwent pass...",no,rct_interventional,empirical_v2
doi:10.3389/fphys.2018.00585,10.3389/fphys.2018.00585,Passive Heat Exposure Alters Perception and Executive Function,2018,Frontiers in Physiology,thermal,0,thermal,cognition,mixed,,medium,abstract_only_reduced_table,abstract_only,"Findings regarding the influence of passive heat exposure on cognitive function remain equivocal due to a number of methodological issues including variation in the domains of cognition examined. In a randomized crossover design, forty-one male participants completed a battery of cognitive function tests [Visual Sea...",no,rct_interventional,empirical_v2
doi:10.1038/s41598-025-29187-9,10.1038/s41598-025-29187-9,A semi-randomised control trial assessing psychophysiological effects of breathwork and cold immersion.,2025,Scientific reports,cognition,0,air_quality,cognition,mixed,404,medium,abstract_only_reduced_table,abstract_only;n=404,"The paradoxical nature of stress lies in its ability to both enhance and hinder psychological, physiological, and cognitive functioning. While chronic stress impairs functioning, acute stress can enhance resilience, cognition, and performance. We examined whether intentional short-term stress induced by cyclic hyper...",no,rct_interventional,empirical_v2
doi:10.14814/phy2.15893,10.14814/phy2.15893,Effects of skin and mild core cooling on cognitive function in cold air in men,2023,Physiological Reports,cognition,0,thermal,cognition,null,,medium,abstract_only_reduced_table,abstract_only,"This study tested the effects of skin and core cooling on cognitive function in 0°C cold air. Ten males completed a randomized, repeated measures study consisting of four environmental conditions: (i) 30 min of exposure to 22°C thermoneutral air (TN), (ii) 15 min to 0°C cold air which cooled skin temperature to ~27°...",no,rct_interventional,empirical_v2
doi:10.1080/10400419.2018.1411571,10.1080/10400419.2018.1411571,Climate and Creativity: Cold and Heat Trigger Invention and Innovation in Richer Populations,2018,Creativity Research Journal,thermal,0,thermal,stress,mixed,,medium,abstract_only_reduced_table,abstract_only,"Nobel laureates, technological pioneers, and innovative entrepreneurs are unequally distributed across the globe. Their density increases in regions toward the North Pole, toward the South Pole, and very close to the Equator. This geographic anomaly led us to explore whether stressful demands of climatic cold and cl...",no,rct_interventional,thought_piece
doi:10.1186/s40101-024-00377-0,10.1186/s40101-024-00377-0,Elevated core temperature in addition to mental fatigue impairs aerobic exercise capacity in highly trained athletes in the heat,2024,Journal of Physiological Anthropology,thermal,0,thermal,stress,null,,medium,abstract_only_reduced_table,abstract_only,The purpose of this study was to investigate the effects of elevated core temperature by exposure to heat stress vs. heat exposure without elevated core temperature (mean skin temperature only) in addition to mental fatigue on aerobic exercise capacity in the heat. Seven highly trained athletes completed two experim...,no,rct_interventional,empirical_v2
doi:10.1111/ijn.70039,10.1111/ijn.70039,"The Effects of Warm Showers on Fatigue, Mood and Comfort in Women With Spontaneous Vaginal Delivery: A Randomized Controlled Trial.",2025,International journal of nursing practice,thermal,0,unspecified_environment,mood,unknown,,low,abstract_only_reduced_table,abstract_only;weak_variable_resolution,"This study was conducted to evaluate the effect of warm shower on fatigue, comfort and mood in women who had spontaneous vaginal delivery.",no,rct_interventional,empirical_v2
doi:10.1159/000549492,10.1159/000549492,Severe Exertional Heat Stroke with Intestinal Edema and Concurrent Hippocampal Abnormal Signals and Lacunar Infarction: A Case Report.,2025,Case reports in neurology,thermal,0,thermal,unspecified_outcome,unknown,,low,abstract_only_reduced_table,abstract_only;weak_variable_resolution,"Heat stroke is a life-threatening condition characterized by hyperthermia and central nervous system (CNS) dysfunction, and often leads to multiorgan damage. Both intestinal and neurological complications have been individually reported in severe cases of exertional heat stroke (EHS); however, their concurrent prese...",no,rct_interventional,case_study
doi:10.1186/s13287-025-04757-w,10.1186/s13287-025-04757-w,Reverse translational research of transient magnetic resonance imaging hyperintensity following intracranial stem cell therapy.,2025,Stem cell research & therapy,biophilic,0,unspecified_environment,cognition,negative,,low,abstract_only_reduced_table,abstract_only;weak_variable_resolution,"Neurological disorders, such as stroke and traumatic brain injury are the most significant global health challenges, leading to long-term physical and cognitive impairments. Cell transplantation therapy holds substantial promise for facilitating recovery, with numerous clinical trials currently underway. Intracerebr...",no,rct_interventional,theoretical
doi:10.1016/j.jhazmat.2025.140929,10.1016/j.jhazmat.2025.140929,Gas-solid reaction processes for the removal of hydrogen halides from flue gases: A review.,2025,Journal of hazardous materials,thermal,0,thermal,attention,positive,,medium,abstract_only_reduced_table,abstract_only,The management of hydrogen halides (HX) in industrial flue gases has gained renewed attention due to increasingly stringent emission regulations worldwide. Dry treatment processes that utilize the injection of solid sorbents are effective methods for separating HX from flue gases in various sectors. Their environmen...,no,rct_interventional,empirical_v2
doi:10.1002/smtd.202501005,10.1002/smtd.202501005,Hydrothermal Carbonaceous Nanospheres as Emerging Candidates for High-Performance Chemi-Resistive NO,2025,Small methods,thermal,0,thermal,attention,unknown,,low,abstract_only_reduced_table,abstract_only,"Chemiresistive gas sensors have garnered increasing attention due to their critical role in environmental monitoring, industrial safety, and public health. Recently, metal-free carbon-based polymeric semiconductors have emerged as promising, offering advantages in processability, stability, and functional tunability...",no,rct_interventional,empirical_v2
doi:10.1109/ACOIT62457.2024.10939446,10.1109/ACOIT62457.2024.10939446,Smart Fire Barrier Solutions using IoT and Long Short-Term Memory Networks for Dynamic Fire Containment,2024,2024 Asian Conference on Intelligent Technologies (ACOIT),thermal,0,thermal,cognition,positive,,medium,abstract_only_reduced_table,abstract_only,"This paper proposes a new fire containment method using IoT (Internet of Things) technology and Long Short-Term Memory (LSTM. Traditional fire containment uses static barriers and cannot adjust to fire propagation patterns. However, the suggested method uses IoT sensors to monitor temperature, humidity, and smoke le...",no,rct_interventional,empirical_v2
doi:10.47065/bits.v5i1.3114,10.47065/bits.v5i1.3114,Penerapan Metode Principal Component Analysis (PCA) dan Long Short-Term Memory (LSTM) dalam Memprediksi Prediksi Curah Hujan Harian,2023,"Building of Informatics, Technology and Science (BITS)",thermal,0,thermal,cognition,mixed,,medium,abstract_only_reduced_table,abstract_only,"Since the last three years North Luwu has experienced frequent hydrological disasters in the form of floods and landslides. The disaster had a negative impact on the availability of clean water, failed to plant and even tended to reduce the quality of the harvest. Cocoa is one of the leading commodities of North Luw...",no,rct_interventional,empirical_v2
doi:10.29333/iji.2019.12227a,10.29333/iji.2019.12227a,RICOSRE: A Learning Model to Develop Critical Thinking Skills for Students with Different Academic Abilities,2019,International Journal of Instruction,affect,0,unspecified_environment,mood,unknown,,low,abstract_only_reduced_table,abstract_only;weak_variable_resolution,The purpose of this study was to investigate the effect of RICOSRE learning models towards critical thinking skills of students with different academic abilities.This quasi-experimental study employed a pretest-posttest nonequivalent control group design and involved all the eleventh-grade students from high schools...,no,rct_interventional,empirical_v2
doi:10.1109/ACCESS.2020.3048173,10.1109/ACCESS.2020.3048173,Humidity Effects According to the Type of Carbon Nanotubes,2021,IEEE Access,thermal,0,thermal,unspecified_outcome,mixed,,low,abstract_only_reduced_table,abstract_only;weak_variable_resolution,"As a new type of one-dimensional nanomaterial, carbon nanotubes (CNTs) have been used as a chemical sensing material due to their excellent electrical, mechanical and chemical properties. Several recent studies have attempted to obtain an electrochemical sensor based on CNTs, and CNT-based humidity sensors have pote...",no,rct_interventional,theoretical
doi:10.1038/s41598-025-14184-9,10.1038/s41598-025-14184-9,CTAB modified SnO₂ PEDOT PSS heterojunction humidity sensor with enhanced sensitivity stability and machine learning evaluation,2025,Scientific Reports,thermal,0,thermal,attention,mixed,,medium,abstract_only_reduced_table,abstract_only,"This study presents the development of a high-performance resistive humidity sensor based on a cetyltrimethylammonium bromide (CTAB)-assisted tin oxide (SnO₂) nanostructured thin film integrated with a Poly(3,4-ethylenedioxythiophene): Poly(styrenesulfonate) (PEDOT: PSS)/SnO₂ heterojunction. The sensor design incorp...",no,rct_interventional,empirical_v2
doi:10.1038/s41598-025-33603-5,10.1038/s41598-025-33603-5,Hybrid real-synthetic dataset framework for robotic hazard detection in industrial environments.,2026,Scientific reports,other,0,unspecified_environment,unspecified_outcome,unknown,,low,abstract_only_reduced_table,abstract_only;weak_variable_resolution,The increasing complexity of industrial environments requires the development of real-time hazard detection and environmental monitoring using intelligent robotic systems. This paper introduces,no,rct_interventional,conceptual_framework
doi:10.3389/fpsyg.2021.787496,10.3389/fpsyg.2021.787496,Self-Selected Motivational Music Enhances Physical Performance in Normoxia and Hypoxia in Young Healthy Males.,2021,Frontiers in psychology,affect,0,unspecified_environment,mood,negative,,low,abstract_only_reduced_table,abstract_only;weak_variable_resolution,"Humans exposed to hypoxia are susceptible to physiological and psychological impairment. Music has ergogenic effects through enhancing psychological factors such as mood, emotion, and cognition. This study aimed to investigate music as a tool for mitigating the performance decrements observed in hypoxia. Thirteen ma...",no,rct_interventional,empirical_v2
doi:10.1109/ICHI54592.2022.00064,10.1109/ICHI54592.2022.00064,Oculo-Cognitive Addition Test: Quantifying Cognitive Performance During Variable Cognitive Workload Through Eye Movement Features,2022,IEEE International Conference on Healthcare Informatics,cognition,0,unspecified_environment,cognition,null,,low,abstract_only_reduced_table,abstract_only;weak_variable_resolution,"The need exists for a device that can rapidly and accurately assess cognitive impairment. Because the link between oculometrics (i.e., eye movements) and cognition is well-documented, the Oculo-Cognitive Addition Test (OCAT) was developed which tracks eye movements as the user completes a simple mental addition test...",no,rct_interventional,empirical_v2
doi:10.1159/000507922,10.1159/000507922,Effects of Combined Physical Movement Activity and Multifaceted Cognitive Training in Older People with Mild Neurocognitive Disorder in a Rural Community: A Randomized Control Trial,2020,Dementia and Geriatric Cognitive Disorders,cognition,0,unspecified_environment,cognition,positive,35,low,abstract_only_reduced_table,abstract_only;n=35;weak_variable_resolution,Introduction: Cognitive deterioration in older people with mild neurocognitive disorders (mNCD) increases the risk of progress to major NCD. Health professionals worldwide are trying to find strategies for prevention. There is a limited number of studies that deal with cultural conditions in northern Thailand. Objec...,no,rct_interventional,empirical_v2
doi:10.61919/jhrr.v4i3.1222,10.61919/jhrr.v4i3.1222,Impact of Negative Air Ions on Hematological and Hormonal Parameters in Cerebral Palsy,2024,Journal of Health and Rehabilitation Research,acoustic,0,unspecified_environment,stress,null,,low,abstract_only_reduced_table,abstract_only;weak_variable_resolution,"Background: Cerebral Palsy (CP) is a group of permanent disorders arising from non-progressive brain development disruptions during the fetal or infant stages, affecting movement, posture, and various physiological and cognitive functions, including blood parameters, cognition, communication, hearing, metabolism, or...",no,rct_interventional,empirical_v2
doi:10.19181/socjour.2020.26.2.7273,10.19181/socjour.2020.26.2.7273,"The “Health of Buildings” Movement. [Rev.] Allen J.G., Macomber J.D. Healthy Buildings: How Indoor Spaces Drive Performance and Productivity. Cambridge, MS: Harvard University Press, 2020",2020,,air,0,air_quality,attention,unknown,,low,abstract_only_reduced_table,abstract_only,"The authors of this peer-reviewed monograph written in an autobiographical manner try to find optimal solutions for shaping the urban environment and redefining conventional building codes. They develop new directions in urban studies such as “green building”, “buildingnomics” and cognitive features of housing while...",no,rct_interventional,theoretical
doi:10.3310/UHDN6497,10.3310/UHDN6497,Technology-enabled CONTACT tracing in care homes in the COVID-19 pandemic: the CONTACT non-randomised mixed-methods feasibility study.,2025,"Health technology assessment (Winchester, England)",air,0,air_quality,cognition,mixed,,medium,abstract_only_reduced_table,abstract_only,"Coronavirus disease 2019 devastated lives in care homes for older people, where residents faced higher mortality risks than the general population. Infection prevention and control decisions were critical to protect these vulnerable residents. Infection prevention and control measures like 'lockdowns' had their own ...",no,rct_interventional,mixed_methods
doi:10.1016/j.jenvman.2024.120696,10.1016/j.jenvman.2024.120696,Managing offshore multi-use settings: Use of conceptual mapping to reduce uncertainty of co-locating seaweed aquaculture and wind farms.,2024,Journal of environmental management,biophilic,0,biophilia,cognition,positive,,medium,abstract_only_reduced_table,abstract_only,"The offshore Multi-use Setting (MUS) is a concept that aims to co-locate marine industrial activities, including wind farms and aquaculture. MUS is considered an innovative approach to promoting efficiency in space and resource use whilst contributing global policy priorities. However, the impacts of MUS development...",no,rct_interventional,case_study
doi:10.1109/access.2018.2879902,10.1109/access.2018.2879902,Wireless Channel Models for Maritime Communications,2018,IEEE Access,cognition,0,unspecified_environment,attention,positive,,low,abstract_only_reduced_table,abstract_only;weak_variable_resolution,"Recently, broadband maritime communication has attracted much attention due to the rapid development of blue economy. In addition to the conventional MF/HF/VHF bands, there has been increasing interests in the utilization of higher frequency bands to provide broadband data service to the sea area. To design efficien...",no,rct_interventional,thought_piece
doi:10.1093/envhis/emz080,10.1093/envhis/emz080,"Tackling Climate Change, Air Pollution, and Ecosystem Destruction: How US-Japanese Ocean Industrialization and the Metabolist Movement’s Global Legacy Shaped Environmental Thought (circa 1950s–Present)",2019,Environmental History,biophilic,0,unspecified_environment,attention,unknown,,low,abstract_only_reduced_table,abstract_only;weak_variable_resolution,"Over the past decade, experts have discussed the offshore technologies so closely associated with accelerating climate change—namely, offshore oil and gas drilling—as tools for climate action, as was the case at a United Nations roundtable in April 2019. Such experts have frequently used offshore technologies for th...",no,rct_interventional,thought_piece
doi:10.3758/s13414-018-1553-4,10.3758/s13414-018-1553-4,The role of attention in eye-movement awareness,2018,"Attention, Perception, & Psychophysics",cognition,0,unspecified_environment,attention,unknown,,low,abstract_only_reduced_table,abstract_only;weak_variable_resolution,"People are unable to accurately report on their own eye movements most of the time. Can this be explained as a lack of attention to the objects we fixate? Here, we elicited eye-movement errors using the classic oculomotor capture paradigm, in which people tend to look at sudden onsets even when they are irrelevant. ...",no,rct_interventional,empirical_v2
doi:10.1186/s41235-025-00657-y,10.1186/s41235-025-00657-y,Decoding target discriminability and time pressure using eye and head movement features in a foraging search task.,2025,Cognitive research: principles and implications,other,0,unspecified_environment,productivity,mixed,,low,abstract_only_reduced_table,abstract_only;weak_variable_resolution,"In military operations, rapid and accurate decision-making is crucial, especially in visually complex and high-pressure environments. This study investigates how eye and head movement metrics can infer changes in search behavior during a naturalistic shooting scenario in virtual reality (VR). Thirty-one participants...",no,rct_interventional,observational_field
doi:10.1111/j.0141-9889.2004.00413.x,10.1111/j.0141-9889.2004.00413.x,Social movements in health: an introduction,2004,Sociology of Health & Illness,cognition,0,air_quality,attention,mixed,,medium,abstract_only_reduced_table,abstract_only,"Health social movements (HSMs) are an important political force concerning health access and quality of care, as well as for broader social change. We define HSMs as collective challenges to medical policy, public health policy and politics, belief systems, research and practice which include an array of formal and ...",no,rct_interventional,theoretical
doi:10.1007/s00484-025-02902-x,10.1007/s00484-025-02902-x,"Spatiotemporal evolution of temperature extremes onset times and their association with atmospheric circulations in the Poyang Lake basin, China.",2025,International journal of biometeorology,thermal,0,thermal,attention,negative,,medium,abstract_only_reduced_table,abstract_only,"The frequency and intensity variations of temperature extremes have received great attention in recent years. However, limited information is available on the variations in temperature extremes onset times. In this paper, we defined a set of evaluation indexes to quantify the onset times of temperature extremes. The...",no,rct_interventional,empirical_v2
doi:10.1177/25148486251410810,10.1177/25148486251410810,Off the rails: A critical environmental justice analysis of the East Palestine train derailment,2026,Environment and Planning E Nature and Space,air,0,air_quality,attention,positive,,medium,abstract_only_reduced_table,abstract_only,"The train derailment in East Palestine, Ohio resulted in extensive air and water pollution to communities near and far. Many news reports detailed the burning of vinyl chloride that posed serious threats to air quality and health risks to nearby residents. At the same time, East Palestine and surrounding communities...",no,rct_interventional,empirical_v2
doi:10.15802/stp2025/324155,10.15802/stp2025/324155,Evaluation of gabions usage effectiveness for industrial facilities protection against damage,2025,Science and Transport Progress,thermal,0,thermal,attention,negative,,medium,abstract_only_reduced_table,abstract_only,"Purpose. In the extreme situations at industrial sites, various damaging factors may appear, such as the spread of toxic substances in the air, the creation of a fireball, etc., which pose a threat to the lives of workers and have a significant negative impact on the environment. That is why today, special attention...",no,rct_interventional,theoretical
doi:10.1590/0103-11042020s110,10.1590/0103-11042020s110,Bhopal gas disaster: Delhi Science Forum and People’s Science Movement in India - In memory of Dr. Amit Sengupta,2020,,air,0,air_quality,unspecified_outcome,unknown,,low,abstract_only_reduced_table,abstract_only;weak_variable_resolution,"One of the world’s worst industrial catastrophes, the Bhopal gas disaster, hit the city of Bhopal in central India, on the night of 2-3 December 1984. A deadly mix of toxic heavier-than-air gases vented into the air from the Union Carbide pesticide plant, spreading across 40 sq.km around the plant and covering 36 of...",no,rct_interventional,thought_piece
doi:10.46568/bios.v4i1.80,10.46568/bios.v4i1.80,Negative Air Environment-Induced Rehabilitation of Spasticity And Behavior During Physiotherapy in Cerebral Palsy Patients,2023,BioSight,cognition,0,unspecified_environment,stress,mixed,,low,abstract_only_reduced_table,abstract_only;weak_variable_resolution,"Introduction: Negative air ions (NAIs) are beneficial in improving memory, anti-depressant effects, productivity, psychological health, and well-being by inducing alkalinity in the body. Cerebral Palsy (CP) is a neurological disorder that impairs movement and elicits behavioral issues like anxiety, anger, agitation,...",no,rct_interventional,empirical_v2
doi:10.1016/j.neuropsychologia.2019.05.025,10.1016/j.neuropsychologia.2019.05.025,"Sensorimotor memory for object weight is based on previous experience during lifting, not holding.",2019,Neuropsychologia,cognition,0,unspecified_environment,cognition,mixed,,low,abstract_only_reduced_table,abstract_only;weak_variable_resolution,"To allow skilled object manipulation, the brain must generate a motor command specifically tailored to the object properties. For instance, in object lifting, the forces applied by the fingertips must be scaled to the object's weight. When lifting a series of objects, forces are usually scaled according to recent ex...",no,rct_interventional,empirical_v2
doi:10.3389/fpubh.2024.1412634,10.3389/fpubh.2024.1412634,The prospective associations of 24-hour movement behaviors and domain-specific activities with executive function and academic achievement among school-aged children in Singapore,2024,Frontiers in Public Health,cognition,0,unspecified_environment,cognition,mixed,432,low,abstract_only_reduced_table,abstract_only;n=432;weak_variable_resolution,"Background Physical activity (PA), sedentary behavior (SB), and sleep are collectively referred to as 24-h movement behaviors, which may be linked to cognitive development in children. However, most of the evidence was based on cross-sectional studies and/or solely relied on parent-reported information on children’s...",no,rct_interventional,observational_field
doi:10.3389/fpsyg.2024.1291353,10.3389/fpsyg.2024.1291353,Influence of rhythmic-movement activity intervention on hot executive function of 5- to 6-year-old children,2024,Frontiers in Psychology,cognition,0,unspecified_environment,cognition,unknown,,low,abstract_only_reduced_table,abstract_only;weak_variable_resolution,"Hot Executive Function (hot EF) refers to cognitive process involved in high emotion or motivation, and the operation of this function is related to the activities of the ventromedial prefrontal lobe and orbitofrontal lobe. Meanwhile, rhythmic-movement activity is a musical activity in which one expresses and feels ...",no,rct_interventional,empirical_v2
doi:10.1186/s12906-025-05107-2,10.1186/s12906-025-05107-2,Effect of fundamental movement skills practice on executive function and social interaction ability in children with moderate autism: a randomized controlled trial,2025,BMC Complementary Medicine and Therapies,cognition,0,unspecified_environment,cognition,null,,low,abstract_only_reduced_table,abstract_only;weak_variable_resolution,To investigate the effects of practicing fundamental movement skills (FMS) on executive function and social interaction abilities in children with moderate autism. A randomized controlled experimental design was employed. Twenty-five children with moderate autism were randomly assigned to either an experimental grou...,no,rct_interventional,empirical_v2
doi:10.1002/brb3.71069,10.1002/brb3.71069,"Effects of Six Types of Exercise Interventions on Inhibitory Control, Executive Function, and Gross Motor Skills in Children With ADHD: A Network Meta‐Analysis of 26 Randomized Controlled Trials",2025,Brain and Behavior,cognition,0,unspecified_environment,attention,unknown,,low,abstract_only_reduced_table,abstract_only;weak_variable_resolution,"Attention deficit hyperactivity disorder (ADHD) is a neurodevelopmental disorder characterized by inattention, hyperactivity, and impulsivity, which adversely affect academic performance and social functioning in children. Current treatment approaches, including medication and behavioral therapy, present certain lim...",no,rct_interventional,empirical_v2
doi:10.3390/s25195962,10.3390/s25195962,"Exploring the Effects of Acute Digital Sports Dance Intervention on Children’s Gross Motor Development, Executive Function, and Muscle Coordination Using Electromyography Sensors: A Randomized Repeated-Measures Study",2025,Italian National Conference on Sensors,cognition,0,unspecified_environment,cognition,positive,,low,abstract_only_reduced_table,abstract_only;weak_variable_resolution,"Objective: This paper examines how rhythm-enhanced digital dance affects children’s motor abilities, cognitive performance, and neuromuscular synchronization. Methods: In a randomized repeated-measures study, 38 children (7–12 years) underwent three conditions: groove music-accompanied dance (GODA), conventional mus...",no,rct_interventional,empirical_v2
doi:10.1111/desc.13358,10.1111/desc.13358,"A translational application of music for preschool cognitive development: RCT evidence for improved executive function, self-regulation, and school readiness.",2022,Developmental Science,cognition,0,unspecified_environment,cognition,positive,,low,abstract_only_reduced_table,abstract_only;weak_variable_resolution,"The benefits of active music participation and training for cognitive development have been evidenced in multiple studies, with this link leveraged in music therapy approaches with clinical populations. Although music, rhythm, and movement activities are widely integrated into children's play and early education, fe...",no,rct_interventional,empirical_v2
doi:10.3389/fpsyg.2012.00338,10.3389/fpsyg.2012.00338,The Effects of Self-Controlled Video Feedback on the Learning of the Basketball Set Shot,2012,Front. Psychology,biophilic,0,biophilia,attention,positive,,medium,abstract_only_reduced_table,abstract_only,"Allowing learners to control some aspect of instructional support (e.g., augmented feedback) appears to facilitate motor skill acquisition. No studies, however, have examined self-controlled (SC) video feedback without the provision of additional attentional cueing. The purpose of this study was to extend previous S...",no,rct_interventional,empirical_v2
doi:10.1123/mc.2022-0129,10.1123/mc.2022-0129,"Effects of Mental Fatigue Induced by Stroop Task and by Social Media Use on Resistance Training Performance, Movement Velocity, Perceived Exertion, and Repetitions in Reserve: A Randomized and Double-Blind Crossover Trial.",2023,Motor Control,cognition,0,unspecified_environment,cognition,mixed,,low,abstract_only_reduced_table,abstract_only;weak_variable_resolution,This study aimed to explore the effects of mental fatigue (MF) induced by an incongruent Stroop task (ST) and by using social media (SM) compared to watching a documentary (control) on dynamic resistance training. Twenty-one resistance-trained males attended three identical experimental sessions with the only differ...,no,rct_interventional,empirical_v2
doi:10.1177/27536130241255696,10.1177/27536130241255696,Building the Case for Telehealth Yoga for Minors With Arthritis and Chronic Pain: A Perspective,2024,Global Advances in Integrative Medicine and Health,affect,0,unspecified_environment,mood,positive,,low,abstract_only_reduced_table,abstract_only;weak_variable_resolution,"Childhood arthritis has a prevalence of around 300 000 US children. It has no cure, and is just one of many juvenile conditions associated with pain, fatigue, and a lifetime of medical care. Yoga has demonstrated effectiveness in improving symptoms and quality of life for adults with arthritis. Yoga can be easily ad...",no,rct_interventional,thought_piece
doi:10.3390/jmse11091827,10.3390/jmse11091827,SPACNet: A Simulation Platform of an Acoustic Cognitive Network,2023,Journal of Marine Science and Engineering,cognition,0,noise,attention,mixed,,medium,abstract_only_reduced_table,abstract_only,"Originating from the concept of cognitive networks (CNs), which are becoming popular in wireless terrestrial communication scenarios, underwater acoustic cognitive networks (UACNs) are drawing more and more attention in the field of the Internet of Underwater Things (IoUT). However, as the implementation of cognitiv...",no,rct_interventional,conceptual_framework
doi:10.1016/j.yhbeh.2026.105884,10.1016/j.yhbeh.2026.105884,"Chronic stress raises baseline circulating corticosterone and reduces vocal plasticity in male budgerigars, an avian model for adult vocal learning.",2026,Hormones and behavior,cognition,0,noise,cognition,mixed,,medium,abstract_only_reduced_table,abstract_only,"Chronic stress affects cognitive function across many domains, including memory, decision making and learning. While the effects of early-life stress on vocal learning in juveniles are well-demonstrated in both humans and songbirds, less is known about how stress experienced by adults affects their ability to learn ...",no,rct_interventional,empirical_v2
doi:10.1177/23312165251401318,10.1177/23312165251401318,Voice Familiarization Training Improves Speech Intelligibility and Reduces Listening Effort.,2025,Trends in hearing,acoustic,0,noise,unspecified_outcome,negative,,low,abstract_only_reduced_table,abstract_only;weak_variable_resolution,"Understanding speech among competing speech poses a substantial challenge. In these environments, familiar voices-including naturally familiar (e.g., friends, partners) and lab-trained voices-are more intelligible than unfamiliar voices. Yet, whether familiar voices also require less effort to understand is currentl...",no,rct_interventional,empirical_v2
doi:10.3389/fpsyg.2025.1512851,10.3389/fpsyg.2025.1512851,Exploring cross-modal perception in a virtual classroom: the effect of visual stimuli on auditory selective attention.,2025,Frontiers in psychology,acoustic,0,noise,attention,mixed,,medium,abstract_only_reduced_table,abstract_only,"In virtual reality research, distinguishing between auditory and visual influences on perception has become increasingly challenging. To study auditory selective attention in more close-to-real-life settings, an auditory task was adapted to a virtual classroom. The new environment suggested evidence of increased att...",no,rct_interventional,empirical_v2
doi:10.1109/icme.2007.4285133,10.1109/icme.2007.4285133,Adaptive Human-Machine Interfaces in Cognitive Production Environments,2007,,acoustic,0,noise,cognition,unknown,,low,abstract_only_reduced_table,abstract_only,"This article presents an integrated framework for multi-modal adaptive cognitive technical systems to guide, assist and observe human workers in complex manual assembly environments. The demand for highly flexible construction facilities obviously contradicts longer training and preparation phases of human workers. ...",no,rct_interventional,conceptual_framework
doi:10.1037/dev0001239,10.1037/dev0001239,Children’s intentional switching of auditory selective attention in spatial and noisy acoustic environments in comparison to adults.,2021,Developmental Psychology,acoustic,0,noise,attention,mixed,,medium,abstract_only_reduced_table,abstract_only,"Children's development and education take place in educational buildings with highly complex acoustic scenes, including spatially distributed target speakers, many surrounding distracting sounds, and general background noises. Auditory selective attention, therefore, is a valuable tool to orient oneself, to focus on...",no,rct_interventional,empirical_v2
doi:10.1121/10.0042221,10.1121/10.0042221,Motion-aware sonar denoising for autonomous underwater vehicles self-noise using a speed-conditioned U-Net-transformer dual-branch conditional generative adversarial network.,2026,The Journal of the Acoustical Society of America,acoustic,0,noise,attention,positive,,medium,abstract_only_reduced_table,abstract_only,"Passive sonar surveillance by autonomous underwater vehicles (AUVs) is often hindered by non-stationary, nonlinear speed-dependent self-noise. To address this, we propose Speed-UT2-CGAN, a motion-aware sonar denoising framework utilizing a dual-branch conditional generative adversarial network that combines a U-Net ...",no,rct_interventional,conceptual_framework
doi:10.1121/10.0039864,10.1121/10.0039864,Exploring auditory selective attention shifts in virtual reality: An approach with matrix sentences.,2025,The Journal of the Acoustical Society of America,acoustic,0,noise,attention,negative,,medium,abstract_only_reduced_table,abstract_only,"This study explores the voluntary switching of auditory selective attention using more natural stimuli and complex acoustic conditions. Building on previous categorization tasks with single-word stimuli, we introduce unpredictable matrix sentences in German to simulate more realistic auditory environments. While the...",no,rct_interventional,empirical_v2
doi:10.1044/jshd.2404.330,10.1044/jshd.2404.330,Preferred Method For Clinical Determination Of Pure-Tone Thresholds,1959,Journal of Speech and Hearing Disorders,acoustic,0,noise,cognition,mixed,,medium,abstract_only_reduced_table,abstract_only,"No AccessJournal of Speech and Hearing DisordersResearch Article1 Nov 1959Preferred Method For Clinical Determination Of Pure-Tone Thresholds Raymond Carhart, and James F. Jerger Raymond Carhart Google Scholar and James F. Jerger Google Scholar https://doi.org/10.1044/jshd.2404.330 SectionsAboutPDF ToolsAdd to favor...",no,rct_interventional,thought_piece
doi:10.1121/10.0039561,10.1121/10.0039561,Multimodal training using pitch gestures improves Mandarin tone recognition in noise for children with cochlear implants.,2025,The Journal of the Acoustical Society of America,acoustic,0,noise,productivity,positive,,medium,abstract_only_reduced_table,abstract_only,The present study investigates whether incorporating manual pitch gestures into audiovisual training can enhance the recognition of Mandarin lexical tones in prelingually deaf children with cochlear implants (CIs). Building on prior research that demonstrated the benefits of hand gestures in second-language tone lea...,no,rct_interventional,empirical_v2
doi:10.1093/sleep/zsz197,10.1093/sleep/zsz197,"Acoustic slow wave sleep enhancement via a novel, automated device improves executive function in middle-aged men",2019,SLEEP,cognition,0,noise,cognition,positive,,medium,abstract_only_reduced_table,abstract_only,"Abstract Study Objectives As slow-wave activity (SWA) is critical for cognition, SWA-enhancing technologies provide an exciting opportunity to improve cognitive function. We focus on improving cognitive function beyond sleep-dependent memory consolidation, using an automated device, and in middle-aged adults, who ha...",no,rct_interventional,empirical_v2
doi:10.1093/geront/gnt100,10.1093/geront/gnt100,"Cognitive, Emotional, and Social Benefits of Regular Musical Activities in Early Dementia: Randomized Controlled Study",2013,The Gerontologist,cognition,0,air_quality,cognition,positive,30,medium,abstract_only_reduced_table,abstract_only;n=30,"Purpose of the Study: During aging, musical activities can help maintain physical and mental health and cognitive abilities, but their rehabilitative use has not been systematically explored in persons with dementia (PWDs). Our aim was to determine the efficacy of a novel music intervention based on coaching the car...",no,rct_interventional,empirical_v2
doi:10.1002/advs.202402872,10.1002/advs.202402872,Dynamic Schwarz Meta-Foams: Customizable Solutions for Environmental Noise Reduction.,2024,"Advanced science (Weinheim, Baden-Wurttemberg, Germany)",acoustic,0,noise,mood,positive,,medium,abstract_only_reduced_table,abstract_only,"In an era marked by increasing environmental challenges affecting human well-being, traditional acoustic materials struggle to effectively handle the diverse and multi-frequency nature of harmful environmental noises. This has spurred a demand for innovative acoustic metamaterial solutions by utilizing sustainable d...",no,rct_interventional,theoretical
doi:10.1109/JIOT.2021.3109668,10.1109/JIOT.2021.3109668,NEAT: A Resilient Deep Representational Learning for Fault Detection Using Acoustic Signals in IIoT Environment,2023,IEEE Internet of Things Journal,acoustic,0,noise,mood,negative,,medium,abstract_only_reduced_table,abstract_only,Fault diagnostics involving the Internet-of-Things (IoT) sensors and edge devices is a challenging task due to their limited energy and computational capabilities. Another challenge concerning IoT sensors or devices is the incursion of noise when used in an industrial environment. The noisy samples affect the decisi...,no,rct_interventional,empirical_v2
doi:10.1190/1.1820161,10.1190/1.1820161,Imaging dispersion curves of surface waves on multi‐channel record,1998,,acoustic,0,noise,stress,positive,,medium,abstract_only_reduced_table,abstract_only,"PreviousNext No AccessSEG Technical Program Expanded Abstracts 1998Imaging dispersion curves of surface waves on multi‐channel recordAuthors: Choon Byong ParkRichard D. MillerJianghai XiaChoon Byong ParkKansas Geological Survey, Richard D. MillerKansas Geological Survey, and Jianghai XiaKansas Geological Surveyhttps...",no,rct_interventional,case_study
doi:10.1016/j.joim.2019.07.003,10.1016/j.joim.2019.07.003,E-noise: An increasingly relevant health risk.,2019,Journal of integrative medicine,acoustic,0,noise,stress,negative,,medium,abstract_only_reduced_table,abstract_only,"This article briefly reviews and discusses the current status of major non-communicable diseases (mNCDs), definition of e-noise, its possible link as a risk factor for cardiovascular diseases and other mNCDs, and proposes possible mechanisms and hypotheses on that link, and how to control e-noise in the future. E-no...",no,rct_interventional,theoretical
doi:10.1016/j.aap.2016.02.029,10.1016/j.aap.2016.02.029,Driver state examination--Treading new paths.,2016,Accident; analysis and prevention,acoustic,0,noise,sleep,null,,medium,abstract_only_reduced_table,abstract_only,"A large proportion of crashes in road driving can be attributed to driver fatigue. Several types of fatigue are discussed, comprising sleep-related fatigue, active task-related fatigue (as a consequence of workload in demanding driving situations) as well as passive task-related fatigue (as related to monotonous dri...",no,rct_interventional,empirical_v2
doi:10.1038/s41598-022-08374-y,10.1038/s41598-022-08374-y,Effect of noise sensitivity on psychophysiological response through monoscopic 360 video and stereoscopic sound environment experience: a randomized control trial,2022,Scientific Reports,affect,0,noise,mood,positive,,medium,abstract_only_reduced_table,abstract_only,Noise sensitivity is a crucial factor affecting subjective psychophysiological responses to the acoustic environment of various indoor and outdoor spaces. This study examines how noise sensitivity or hyperacusis affects the recovery of emotional and autonomic nervous system (ANS) responses when experiencing various ...,no,rct_interventional,theoretical
doi:10.1177/13623613251376484,10.1177/13623613251376484,Listening in a noisy world: The impact of acoustic cues and background music on speech perception in autism.,2026,Autism : the international journal of research and practice,acoustic,0,noise,attention,mixed,,medium,abstract_only_reduced_table,abstract_only,"Recognising speech in noise involves focusing on a target speaker while filtering out competing voices and sounds. Acoustic cues, such as vocal characteristics and spatial location, help differentiate between speakers. However, autistic individuals may process these cues differently, making it more challenging for t...",no,rct_interventional,observational_field
doi:10.1038/s41598-025-31161-4,10.1038/s41598-025-31161-4,Acoustic features of music differentially modulate anxiety through EEG gamma oscillations and prefrontal connectivity.,2025,Scientific reports,affect,0,noise,stress,positive,,medium,abstract_only_reduced_table,abstract_only,"University students may experience high levels of anxiety and depression, which can adversely affect their daily lives and academic performance and represent significant mental health conditions. Music therapy has been proposed as a promising noninvasive approach, but the role of specific acoustic features and their...",no,rct_interventional,empirical_v2
doi:10.3390/su16208809,10.3390/su16208809,"Multi-Sensory Interaction and Spatial Perception in Urban Microgreen Spaces: A Focus on Vision, Auditory, and Olfaction",2024,Sustainability,acoustic,0,noise,attention,mixed,,medium,abstract_only_reduced_table,abstract_only,"As important recreational spaces for urban residents, urban microgreen parks enhance the urban living environment and alleviate psychological pressure on residents. The visual, auditory, and olfactory senses are crucial forms of perception in human interaction with nature, and the sustainable perceptual design of mi...",no,rct_interventional,empirical_v2
doi:10.1523/JNEUROSCI.0657-25.2025,10.1523/JNEUROSCI.0657-25.2025,Attentional Engagement with Target and Distractor Streams Predicts Speech Comprehension in Multitalker Environments.,2025,The Journal of neuroscience : the official journal of the Society for Neuroscience,acoustic,0,noise,attention,positive,,medium,abstract_only_reduced_table,abstract_only,"Understanding speech while ignoring competing speech streams in the surrounding environment is challenging. Previous studies have demonstrated that attention shapes the neural representation of speech features. Attended streams are typically represented more strongly than unattended ones, suggesting either enhanceme...",no,rct_interventional,empirical_v2
doi:10.1016/j.neuroimage.2023.120090,10.1016/j.neuroimage.2023.120090,Individual neurophysiological signatures of spontaneous rhythm processing.,2023,NeuroImage,acoustic,0,noise,unspecified_outcome,unknown,,low,abstract_only_reduced_table,abstract_only;weak_variable_resolution,"When sensory input conveys rhythmic regularity, we can form predictions about the timing of upcoming events. Although rhythm processing capacities differ considerably between individuals, these differences are often obscured by participant- and trial-level data averaging procedures in M/EEG research. Here, we system...",no,rct_interventional,theoretical
doi:10.3758/s13423-022-02127-8,10.3758/s13423-022-02127-8,Preferred music listening is associated with perceptual learning enhancement at the expense of self-focused attention.,2022,Psychonomic bulletin & review,cognition,0,unspecified_environment,attention,mixed,,low,abstract_only_reduced_table,abstract_only;weak_variable_resolution,"Can preferred music listening improve following attentional and learning performances? Here we suggest that this may be the case. In Experiment 1, following preferred and non-preferred musical-piece listening, we recorded electrophysiological responses to an auditory roving-paradigm. We computed the mismatch negativ...",no,rct_interventional,theoretical
doi:10.1121/1.3160293,10.1121/1.3160293,Response to noise from modern wind farms in The Netherlands.,2009,The Journal of the Acoustical Society of America,acoustic,0,noise,unspecified_outcome,mixed,,low,abstract_only_reduced_table,abstract_only;weak_variable_resolution,"The increasing number and size of wind farms call for more data on human response to wind turbine noise, so that a generalized dose-response relationship can be modeled and possible adverse health effects avoided. This paper reports the results of a 2007 field study in The Netherlands with 725 respondents. A dose-re...",no,rct_interventional,empirical_v2
doi:10.1016/j.apergo.2024.104343,10.1016/j.apergo.2024.104343,Assessing the multidimensional comfort of earplugs in virtual industrial noise environments.,2024,Applied ergonomics,acoustic,0,noise,mood,unknown,,low,abstract_only_reduced_table,abstract_only,"Earplugs' comfort is primarily evaluated through cost-effective laboratory evaluations, yet these evaluations often inadequately capture the multidimensional comfort aspects due to design limitations that do not replicate real-world conditions. This paper introduces a novel laboratory method for comprehensive assess...",no,rct_interventional,empirical_v2
doi:10.1080/00140139.2020.1808249,10.1080/00140139.2020.1808249,Acoustic comfort depends on the psychological state of the individual.,2020,Ergonomics,acoustic,0,noise,unspecified_outcome,mixed,,low,abstract_only_reduced_table,abstract_only;weak_variable_resolution,"Recent studies have shown that comfort can be influenced more by psychological processes than from the characteristics of environmental stimulation. This is relevant for different industrial sectors, where comfort is defined only as a function of the intensity of external stimuli. In the present study, we measured p...",no,rct_interventional,empirical_v2
doi:10.1186/s12864-024-11091-7,10.1186/s12864-024-11091-7,Insights into the transcriptomic responses of silver-lipped pearl oysters Pinctada maxima exposed to a simulated large-scale seismic survey.,2024,BMC genomics,acoustic,0,noise,unspecified_outcome,unknown,,low,abstract_only_reduced_table,abstract_only;weak_variable_resolution,The wild stocks of Pinctada maxima pearl oysters found off the coast of northern Australia are of critical importance for the sustainability of Australia's pearling industry. Locations inhabited by pearl oysters often have oil and gas reserves in the seafloor below and are therefore potentially subjected to seismic ...,no,rct_interventional,empirical_v2
doi:10.1121/10.0006246,10.1121/10.0006246,Validation of the Iowa Test of Consonant Perception.,2021,The Journal of the Acoustical Society of America,acoustic,0,noise,cognition,negative,,medium,abstract_only_reduced_table,abstract_only,"Speech perception (especially in background noise) is a critical problem for hearing-impaired listeners and an important issue for cognitive hearing science. Despite a plethora of standardized measures, few single-word closed-set tests uniformly sample the most frequently used phonemes and use response choices that ...",no,rct_interventional,empirical_v2
doi:10.1038/s41537-025-00720-z,10.1038/s41537-025-00720-z,Cognitive and emotional effects of bilateral prefrontal anodal tDCS and high-frequency tRNS in schizophrenia: a randomized sham-controlled study.,2026,"Schizophrenia (Heidelberg, Germany)",cognition,0,noise,cognition,mixed,,medium,abstract_only_reduced_table,abstract_only,"Cognitive deficits in schizophrenia significantly hinder functional outcomes and often remain unresponsive to conventional treatments. While initial evidence suggested potential pro-cognitive effects of electrical brain stimulation in schizophrenia, recent meta-analyses have not supported these findings, warranting ...",no,rct_interventional,empirical_v2
doi:10.3389/fnhum.2025.1549824,10.3389/fnhum.2025.1549824,Investigating the effects of construction industry noise on workers’ cognitive performance and learning efficiency,2025,Frontiers in Human Neuroscience,cognition,0,noise,cognition,null,,medium,abstract_only_reduced_table,abstract_only,"Despite growing industrialization, the cognitive and psychological impacts of construction noise on workers remain inadequately addressed in empirical research. This study examines the impact of different noise types and intensities on the cognitive performance and learning efficiency of construction workers, using ...",no,rct_interventional,empirical_v2
doi:10.3758/s13423-025-02801-7,10.3758/s13423-025-02801-7,Comparing the reliability of individual differences for various measurement models in conflict tasks.,2026,Psychonomic bulletin & review,acoustic,0,noise,cognition,positive,,medium,abstract_only_reduced_table,abstract_only,"There is a growing realization that experimental tasks that produce reliable effects in group comparisons can simultaneously provide unreliable assessments of individual differences. Proposed solutions to this ""reliability paradox"" range from collecting more test trials to modifying the tasks and/or the way in which...",no,rct_interventional,empirical_v2
doi:10.1038/s41598-025-29397-1,10.1038/s41598-025-29397-1,COGEniX: an industrial informatics framework for cognitive energy forecasting and carbon-aware scheduling in smart zones.,2025,Scientific reports,cognition,0,unspecified_environment,cognition,mixed,,low,abstract_only_reduced_table,abstract_only;weak_variable_resolution,"Industrial energy management faces escalating challenges from rising electricity costs, volatile carbon intensity and the operational complexity of integrating renewables and storage. Traditional approaches, ranging from heuristic rules to black-box machine learning models, struggle to balance adaptability, transpar...",no,rct_interventional,conceptual_framework
doi:10.1038/s41598-026-35913-8,10.1038/s41598-026-35913-8,Multiscale diffusion-enhanced attention network for steel surface defect detection in Polysilicon Production.,2026,Scientific reports,acoustic,0,noise,attention,mixed,,medium,abstract_only_reduced_table,abstract_only,"Surface defect detection on steel components is crucial for quality control in polysilicon production. However, this task remains challenging due to tiny defect sizes, irregular geometries, complex backgrounds, and low contrast. To address these issues, we propose MSEOD-DDFusionNet (Multi-Scale and Effective Object-...",no,rct_interventional,empirical_v2
doi:10.1038/s41598-021-85749-7,10.1038/s41598-021-85749-7,The effects of direct current stimulation and random noise stimulation on attention networks,2021,Scientific Reports,cognition,0,noise,productivity,positive,,medium,abstract_only_reduced_table,abstract_only,"Attention is a complex cognitive process that selects specific stimuli for further processing. Previous research suggested the existence of three attentional networks: alerting, orienting and executive. However, one important topic is how to enhance the efficiency of attentional networks. In this context, understand...",no,rct_interventional,empirical_v2
doi:10.1016/j.neuroscience.2026.01.014,10.1016/j.neuroscience.2026.01.014,Alterations of brain activity in noise-exposed rats after transcutaneous auricular vagus nerve stimulation evaluated via fMRI.,2026,Neuroscience,acoustic,0,noise,cognition,mixed,10,medium,abstract_only_reduced_table,abstract_only;n=10,This study aims to explore the role of the central nervous system network outside the auditory system in the development process of noise - induced central injury. A noise-exposed rat model was established with unilateral narrow-band noise. Auditory brainstem response (ABR) measured hearing thresholds at Click and 8...,no,rct_interventional,empirical_v2
doi:10.3390/bs15121630,10.3390/bs15121630,"Physical Activity, Cognitive Function, and Learning Processes: The Role of Environmental Context.",2025,"Behavioral sciences (Basel, Switzerland)",cognition,0,noise,cognition,positive,,medium,abstract_only_reduced_table,abstract_only,"A growing body of evidence highlights the beneficial role of physical activity in supporting cognitive functions and learning outcomes. Yet, recent studies indicate that these effects may be shaped by environmental conditions, conceptualized within the framework of the urban exposome. The present study explores the ...",no,rct_interventional,conceptual_framework
doi:10.1038/s41598-024-76543-2,10.1038/s41598-024-76543-2,Resting state network changes induced by experimental inaudible infrasound exposure and associations with self-reported noise sensitivity and annoyance,2024,Scientific Reports,acoustic,0,noise,unspecified_outcome,mixed,,low,abstract_only_reduced_table,abstract_only;weak_variable_resolution,"The effects of prolonged infrasound (IS) exposure on brain function and behavior are largely unknown, with only one prior study investigating functional connectivity (FC) changes. In a long-term randomized-controlled trial, 38 participants were exposed to inaudible airborne IS (6 Hz, 80–90 dB) or sham devices for fo...",no,rct_interventional,empirical_v2
doi:10.1038/s41598-019-43626-4,10.1038/s41598-019-43626-4,Improvement in creativity after transcranial random noise stimulation (tRNS) over the left dorsolateral prefrontal cortex,2019,Scientific Reports,acoustic,0,noise,unspecified_outcome,positive,,low,abstract_only_reduced_table,abstract_only;weak_variable_resolution,"Abstract Creativity has previously been shown to improve after the application of direct and alternating current transcranial stimulation over the dorsolateral prefrontal cortex (DLPFC). However, previous studies have not tested whether transcranial random noise stimulation (tRNS) was efficient for this purpose. The...",no,rct_interventional,empirical_v2
doi:10.1046/j.1440-1819.2001.00911.x,10.1046/j.1440-1819.2001.00911.x,Associative processing and paranormal belief,2001,Psychiatry and Clinical Neurosciences,acoustic,0,noise,unspecified_outcome,negative,,low,abstract_only_reduced_table,abstract_only;weak_variable_resolution,Abstract In the present study we introduce a novel task for the quantitative assessment of both originality and speed of individual associations. This ‘BAG’ (Bridge‐the‐Associative‐Gap) task was used to investigate the relationships between creativity and paranormal belief. Twelve strong ‘believers’ and 12 strong ‘s...,no,rct_interventional,theoretical
doi:10.26742/pantun.v10i1.3925,10.26742/pantun.v10i1.3925,Creativity in noise: Transforming urban elements into innovative music in POSUA,2025,PANTUN: Jurnal Ilmiah Seni Budaya,acoustic,0,noise,attention,positive,,medium,abstract_only_reduced_table,abstract_only,"This article examines the influence of urbanization and industrialization on musical expression, with a focus on the role of urban noise as a creative element. The processes of urbanization and industrialization are frequently linked with an increase in noise levels, which is commonly regarded as a form of noise pol...",no,rct_interventional,thought_piece
doi:10.1017/S1355617723006197,10.1017/S1355617723006197,69 Transcranial Random Noise Stimulation Facilitates Phonemic Verbal Fluency and Convergent Thinking in Multilingual Healthy Adults.,2023,Journal of the International Neuropsychological Society,acoustic,0,noise,cognition,null,,medium,abstract_only_reduced_table,abstract_only,"Objective: The aim of the present study was to analyse the effects of the transcranial random noise stimulation (tRNS) technique when placed on the left dorsolateral prefrontal cortex (L-DPFC) and left inferior frontal gyrus (L-IFG), for the improvement of verbal fluency performance and creativity skills in a group ...",no,rct_interventional,empirical_v2
doi:10.1101/2022.01.04.22268734,10.1101/2022.01.04.22268734,Task-Induced Mental Fatigue and Motivation Influence Listening Effort as Measured by the Pupil Dilation in a Speech-in-Noise Task,2022,medRxiv,acoustic,0,noise,productivity,negative,,medium,abstract_only_reduced_table,abstract_only,"Objectives: Listening effort and fatigue are common complaints among individuals with hearing impairment (HI); however, the underlying mechanisms, and relationships between listening effort and fatigue are not well understood. Recent quantitative research suggests that the peak pupil dilation (PPD), which is commonl...",no,rct_interventional,theoretical
doi:10.1109/ICICSP55539.2022.10050657,10.1109/ICICSP55539.2022.10050657,A Preliminary Study of the Auditory Stimulation Relieving Mental Fatigue Behaviours,2022,2022 5th International Conference on Information Communication and Signal Processing (ICICSP),acoustic,0,noise,cognition,mixed,,medium,abstract_only_reduced_table,abstract_only,"Mental fatigue, which is common in aviation, is one of the representative symptoms of depression and affects work efficiency and long-term mental health. There have been a lot of studies on musical treatments, yet few are concerned about the effects of acoustic waves on mental fatigue. It is necessary to investigate...",no,rct_interventional,empirical_v2
doi:10.3389/fpsyg.2022.1003268,10.3389/fpsyg.2022.1003268,The effects of indoor plants and traffic noise on English reading comprehension of Chinese university students in home offices.,2022,Frontiers in psychology,acoustic,0,daylight,stress,unknown,,low,abstract_only_reduced_table,abstract_only,"Owing to the COVID-19 pandemic, working from home promotes the importance of indoor environment qualities. With the settings and functions of home offices, an experiment was carried out to determine the interaction effects between indoor plants and traffic noise levels (TNLs) on the performance and environmental eva...",no,rct_interventional,theoretical
doi:10.1111/psyp.12001,10.1111/psyp.12001,How does noise affect amplitude and latency measurement of event‐related potentials (<scp>ERPs</scp>)? A methodological critique and simulation study,2012,Psychophysiology,acoustic,0,noise,unspecified_outcome,positive,,low,abstract_only_reduced_table,abstract_only;weak_variable_resolution,"Abstract There is considerable variability in the quantification of event‐related potential ( ERP ) amplitudes and latencies. We examined susceptibility of ERP quantification measures to incremental increases in background noise through published ERP data and simulations. Measures included mean amplitude, adaptive m...",no,rct_interventional,empirical_v2
doi:10.7759/cureus.94182,10.7759/cureus.94182,Effect of Binaural Beats on Affective Symptoms and Performance on the Digit Span Test.,2025,Cureus,affect,0,noise,stress,null,14,medium,abstract_only_reduced_table,abstract_only;n=14,"Background Binaural beats (BB) are auditory tones perceived in the brain when two sine waves with different frequencies are played into each ear. Previous studies have suggested potential benefits of using BB for improving concentration and reducing anxiety and stress. In this study, we investigated the effect of th...",no,rct_interventional,empirical_v2
doi:10.1016/j.concog.2025.103938,10.1016/j.concog.2025.103938,"Am I in control? The dynamics of sensory information, performance feedback, and personality in shaping the sense of control.",2025,Consciousness and cognition,acoustic,0,daylight,productivity,mixed,,medium,abstract_only_reduced_table,abstract_only,"Sense of control (SoC) over our actions is crucial for regulating our behavior. SoC arises from low-level processes, such as immediate sensory feedback, and high-level processes, such as performance evaluation. Studies using simple action-effect tasks suggest that people rely more on low-level sensory than on high-l...",no,rct_interventional,empirical_v2
doi:10.3389/fpsyg.2020.570694,10.3389/fpsyg.2020.570694,Anthropogenic Noise Source and Intensity Effects on Mood and Relaxation in Simulated Park Environments,2020,Frontiers in Psychology,acoustic,0,noise,mood,negative,229,medium,abstract_only_reduced_table,abstract_only;n=229,"Research on human caused sound has shown a wide range of effects in outdoor environments as well as laboratory simulations of those environments. Aircraft noise, ground traffic, and human voices have all been shown to lower scenic evaluation ratings and influence individual reports of affective state. However, previ...",no,rct_interventional,empirical_v2
doi:10.3390/s26010258,10.3390/s26010258,Magnetic Barkhausen Noise Sensor: A Comprehensive Review of Recent Advances in Non-Destructive Testing and Material Characterization.,2025,"Sensors (Basel, Switzerland)",acoustic,0,noise,stress,unknown,,low,abstract_only_reduced_table,abstract_only,"Magnetic Barkhausen noise (MBN) represents a powerful non-destructive testing and material characterization methodology enabling quantitative assessment of microstructural features, mechanical properties, and stress states in ferromagnetic materials. This comprehensive review synthesizes recent advances spanning the...",no,rct_interventional,conceptual_framework
doi:10.2486/indhealth.45.743,10.2486/indhealth.45.743,The Effects of Noise on Hearing and Oxidative Stress in Textile Workers,2007,Industrial Health,acoustic,0,noise,stress,mixed,,medium,abstract_only_reduced_table,abstract_only,"The aim of this study was to investigate the effects of noise on hearing, lipid peroxidation and antioxidant enzymes in textile workers. Thirty textile workers exposed to high noise 105 dB (A) in a textile factory, and 30 healthy male volunteers in our hospital as a control group were included in the study. In both ...",no,rct_interventional,thought_piece
doi:10.1016/j.neuroimage.2022.119218,10.1016/j.neuroimage.2022.119218,Naturalistic viewing conditions can increase task engagement and aesthetic preference but have only minimal impact on EEG quality.,2022,NeuroImage,acoustic,0,noise,productivity,negative,,medium,abstract_only_reduced_table,abstract_only,"Free gaze and moving images are typically avoided in EEG experiments due to the expected generation of artifacts and noise. Yet for a growing number of research questions, loosening these rigorous restrictions would be beneficial. Among these is research on visual aesthetic experiences, which often involve open-ende...",no,rct_interventional,observational_field
doi:10.1016/j.neuroimage.2022.118879,10.1016/j.neuroimage.2022.118879,MEG correlates of temporal regularity relevant to pitch perception in human auditory cortex.,2022,NeuroImage,acoustic,0,noise,unspecified_outcome,negative,,low,abstract_only_reduced_table,abstract_only;weak_variable_resolution,"We recorded neural responses in human participants to three types of pitch-evoking regular stimuli at rates below and above the lower limit of pitch using magnetoencephalography (MEG). These bandpass filtered (1-4 kHz) stimuli were harmonic complex tones (HC), click trains (CT), and regular interval noise (RIN). Tri...",no,rct_interventional,empirical_v2
doi:10.1038/s41598-025-10443-x,10.1038/s41598-025-10443-x,A controlled study of short term tea forest environmental health activities to improve the physical and mental health of middle and older adults.,2025,Scientific reports,thermal,0,thermal,mood,positive,,medium,abstract_only_reduced_table,abstract_only,"The health-promoting effects of forest environments are increasingly acknowledged; however, the specific impact of tea forest environments on human health remains underexplored. This study aimed to assess the influence of health-promoting activities conducted in low-shrub tea forests on the physical and psychologica...",no,rct_interventional,empirical_v2
doi:10.35627/2219-5238/2020-326-5-42-46,10.35627/2219-5238/2020-326-5-42-46,"Hygienic Assessment of the Occupational Risk of Noise Effects on the Organ
of Hearing in Furniture Makers",2020,ЗДОРОВЬЕ НАСЕЛЕНИЯ И СРЕДА ОБИТАНИЯ - ЗНиСО / PUBLIC HEALTH AND LIFE ENVIRONMENT,acoustic,0,noise,stress,unknown,,low,abstract_only_reduced_table,abstract_only,"Introduction: Industrial noise is one of the leading occupational risk factors in most industries. At the same time, noise has both a specific and non-specific effect on the human body: it is a stressor that disturbs psychological comfort of a person and negatively affects his autonomic nervous system, visual and ve...",no,rct_interventional,empirical_v2
doi:10.3390/acoustics4030044,10.3390/acoustics4030044,Effects of Industrial Noise on Physiological Responses,2022,Acoustics,acoustic,0,noise,mood,positive,,medium,abstract_only_reduced_table,abstract_only,"Noise pollution is one of the most common workplace hazards. Noise exposure may induce auditory and extra-auditory physiological and psychological alterations that affect job performance, safety, comfort, and wellbeing. Recent research showed a connection between frequency components of noise and health outcomes, an...",no,rct_interventional,empirical_v2
doi:10.1016/j.pedn.2025.01.008,10.1016/j.pedn.2025.01.008,"The Effect of White Noise and Recorded Lullaby during Breastfeeding on Newborn Stress, Mother's Breastfeeding Success, and Comfort: A Randomized Controlled Trial.",2025,Journal of pediatric nursing,acoustic,0,noise,stress,unknown,,low,abstract_only_reduced_table,abstract_only,"The study was aimed at determining the effect of exposure to white noise and recorded lullaby during breastfeeding on newborn stress, mother's breastfeeding success, and comfort.",no,rct_interventional,empirical_v2
doi:10.37652/juaps.2011.44307,10.37652/juaps.2011.44307,"Measurement and analysis of noise pollution in Al-shaheed Copper and Brass factories, Iraq.",2011,Journal of university of Anbar for pure science,acoustic,0,noise,stress,null,,medium,abstract_only_reduced_table,abstract_only,": Industry workers suffer psychological and physical stress as well as hearing loss due to industrial noise. Although noise source control can be profound process sometimes, it would be the most effective way to eliminate noise level on source. Therefore, identifying dominant source of noise shall be the first step ...",no,rct_interventional,empirical_v2
doi:10.1177/23312165231205719,10.1177/23312165231205719,Enhanced Place Specificity of the Parallel Auditory Brainstem Response: A Modeling Study,2023,Trends in Hearing,acoustic,0,noise,unspecified_outcome,mixed,,low,abstract_only_reduced_table,abstract_only;weak_variable_resolution,"While each place on the cochlea is most sensitive to a specific frequency, it will generally respond to a sufficiently high-level stimulus over a wide range of frequencies. This spread of excitation can introduce errors in clinical threshold estimation during a diagnostic auditory brainstem response (ABR) exam. Off-...",no,rct_interventional,empirical_v2
doi:10.1126/science.abd2438,10.1126/science.abd2438,Global quieting of high-frequency seismic noise due to COVID-19 pandemic lockdown measures,2020,Science,acoustic,0,noise,unspecified_outcome,negative,,low,abstract_only_reduced_table,abstract_only;weak_variable_resolution,"Seismic background noise dramatically decreased as a result of lockdown measures in place for mitigating the spread of COVID-19. The great seismic quiet period Noise from trains, airplanes, industrial processes, and other sources is recorded on seismometers worldwide. Disentangling this noise is important for extrac...",no,rct_interventional,thought_piece
doi:10.1523/jneurosci.4511-05.2006,10.1523/jneurosci.4511-05.2006,Rapid Brain Discrimination of Sounds of Objects,2006,Journal of Neuroscience,acoustic,0,noise,unspecified_outcome,unknown,,low,abstract_only_reduced_table,abstract_only;weak_variable_resolution,"Electrical neuroimaging in humans identified the speed and spatiotemporal brain mechanism whereby sounds of living and man-made objects are discriminated. Subjects performed an “oddball” target detection task, selectively responding to sounds of either living or man-made objects on alternating blocks, which were con...",no,rct_interventional,theoretical
doi:10.32598/jrh.15.4.2297.2,10.32598/jrh.15.4.2297.2,The Effect of Stress Caused by Occupational Noise on the Salivary Cortisol Levels of Weaving Industry Workers,2025,Journal of Research & Health,acoustic,0,noise,stress,positive,,medium,abstract_only_reduced_table,abstract_only,"Background: Machines with reciprocating movements in the textile industry make noise and stress. In response to stress, the body releases cortisol at high levels. This study was designed to investigate the effects of industrial noise on salivary cortisol and stress in textile industry workers.
Methods: This research...",no,rct_interventional,empirical_v2
doi:10.3390/s19030478,10.3390/s19030478,Smelling Nano Aerial Vehicle for Gas Source Localization and Mapping.,2019,"Sensors (Basel, Switzerland)",acoustic,0,noise,unspecified_outcome,positive,,low,abstract_only_reduced_table,abstract_only;weak_variable_resolution,This paper describes the development and validation of the currently smallest aerial platform with olfaction capabilities. The developed Smelling Nano Aerial Vehicle (SNAV) is based on a lightweight commercial nano-quadcopter (27 g) equipped with a custom gas sensing board that can host up to two in situ metal oxide...,no,rct_interventional,empirical_v2
doi:10.3758/s13414-018-1557-0,10.3758/s13414-018-1557-0,Auditory attention switching and judgment switching: Exploring multicomponent task representations.,2018,"Attention, perception & psychophysics",acoustic,0,unspecified_environment,attention,unknown,,low,abstract_only_reduced_table,abstract_only;weak_variable_resolution,An auditory attention-switching paradigm was combined with a judgment-switching paradigm to examine the interaction of a varying auditory attention component and a varying judgment component. Participants heard two dichotically presented stimuli-one spoken by a female speaker and one spoken by a male speaker. In eac...,no,rct_interventional,empirical_v2
doi:10.1007/s00221-015-4533-0,10.1007/s00221-015-4533-0,Dual-task performance in older adults during discrete gait perturbation.,2016,Experimental brain research,air,0,air_quality,productivity,null,,medium,abstract_only_reduced_table,abstract_only,The dual-task (motor and cognitive) performance of eight older adults (72.0 ± 6.4 years; 5 female; 3 male) was evaluated. Vocal choice reaction times (cognitive task) were measured at standstill as well as during unperturbed and perturbed gait (motor task). The perturbation was administered using customized shoes in...,no,rct_interventional,empirical_v2
doi:10.1016/j.physbeh.2017.03.043,10.1016/j.physbeh.2017.03.043,The impact of morning light intensity and environmental temperature on body temperatures and alertness.,2017,Physiology & behavior,acoustic,0,thermal,sleep,mixed,,medium,abstract_only_reduced_table,abstract_only,"Indoor temperature and light exposure are known to affect body temperature, productivity and alertness of building occupants. However, not much is known about the interaction between light and temperature exposure and the relationship between morning light induced alertness and its effect on body temperature. Light ...",no,rct_interventional,empirical_v2
doi:10.15857/ksep.2024.00402,10.15857/ksep.2024.00402,Impact of Physical Exercise on the Executive Function and Mental Health of Heroin Addicts,2024,Exercise Science,cognition,0,unspecified_environment,cognition,mixed,30,low,abstract_only_reduced_table,abstract_only;n=30;weak_variable_resolution,"PURPOSE: Physical exercise offers profound pleiotropic health benefits, particularly for brain function. However, the impact of such exercises on the executive functions of heroin addicts and their negative thinking/affect remains underexplored. We investigated whether physical exercise improves executive function a...",no,rct_interventional,empirical_v2
doi:10.1080/21622965.2024.2362782,10.1080/21622965.2024.2362782,The effect of brain training video games on improving visuospatial working memory and executive function in children with dyscalculia.,2024,Applied neuropsychology. Child,cognition,0,unspecified_environment,cognition,positive,,low,abstract_only_reduced_table,abstract_only;weak_variable_resolution,"The aim was to investigate the effect of brain training video games on improving visuospatial working memory and executive function in children with dyscalculia. This study employed a quasi-experimental, within-subjects design. Pre- post- and follow up test scores on visuospatial working memory and executive functio...",no,rct_interventional,empirical_v2
doi:10.1186/s12889-018-5950-3,10.1186/s12889-018-5950-3,WELCOME: improving WEight controL and CO-Morbidities in children with obesity via Executive function training: study protocol for a randomized controlled trial,2018,BMC Public Health,cognition,0,unspecified_environment,cognition,mixed,,low,abstract_only_reduced_table,abstract_only;weak_variable_resolution,"BackgroundObesity is a widespread problem that not only leads to medical and psychological diseases in adults, but also in children and adolescents at an early stage in life. Because of its global burden on both the individual and society, it is necessary to develop effective evidence-based treatments. Current “Mult...",no,rct_interventional,empirical_v2
doi:10.18260/1-2--14379,10.18260/1-2--14379,Engineering Design In Five Weeks – Designing A Wind Chime,2020,,acoustic,0,noise,mood,unknown,,low,abstract_only_reduced_table,abstract_only,Abstract NOTE: The first page of text has been automatically extracted and included below in lieu of an abstract Session xxxx Engineering Design in Five Weeks – Designing a Wind Chime S. Scott Moor Indiana University-Purdue University Fort Wayne Abstract Providing first-year students with a realistic engineering des...,no,rct_interventional,empirical_v2
doi:10.3758/s13414-025-03082-x,10.3758/s13414-025-03082-x,Binaural-cue reweighting induced by discrimination training.,2025,"Attention, perception & psychophysics",acoustic,0,noise,unspecified_outcome,positive,,low,abstract_only_reduced_table,abstract_only;weak_variable_resolution,"When localizing sounds, listeners combine the two binaural cues interaural time and level difference (ITD and ILD). The relative weight assigned to each cue is frequency dependent, with ITDs dominating at low and ILDs at high frequencies. However, this weighting changes (e.g., depending on room reverberation or cue ...",no,rct_interventional,empirical_v2
doi:10.3758/s13428-025-02628-z,10.3758/s13428-025-02628-z,SingleMALD: Investigating practice effects in auditory lexical decision.,2025,Behavior research methods,acoustic,0,spatial_layout,productivity,unknown,,low,abstract_only_reduced_table,abstract_only,"We present SingleMALD, a large-scale auditory lexical decision study in English with a fully crossed design. SingleMALD is freely available and includes over 2 million trials in which 40 native speakers of English responded to over 26,000 different words and over 9000 different pseudowords, each in 67 balanced sessi...",no,rct_interventional,empirical_v2
doi:10.3390/math13172794,10.3390/math13172794,Prediction of Mental Fatigue for Control Room Operators: Innovative Data Processing and Multi-Model Evaluation,2025,Mathematics,light,0,unspecified_environment,productivity,positive,,low,abstract_only_reduced_table,abstract_only;weak_variable_resolution,"When control room operators encounter mental fatigue, the accuracy of their work will decline. Accurately predicting the mental fatigue of industrial control room operators is of great significance for preventing operational mistakes. In this study, facial data of experimental participants were collected via cameras...",no,rct_interventional,conceptual_framework
doi:10.1080/10803548.2021.1995225,10.1080/10803548.2021.1995225,Effects of mento-physical exercises on mental fatigue of shift work,2021,International Journal of Occupational Safety and Ergonomics,other,0,unspecified_environment,cognition,negative,,low,abstract_only_reduced_table,abstract_only;weak_variable_resolution,"Objectives. This study aims to investigate whether mento-physical exercises can decrease mental fatigue during shift work. Methods. Research subjects including the control room staff of an urban train system were chosen randomly, for whom mental fatigue was assessed before and after rest breaks for control and exper...",no,rct_interventional,empirical_v2
doi:10.5993/AJHB.45.6.4,10.5993/AJHB.45.6.4,"Effects of Breathing Meditation Training on Sustained Attention Level, Mindfulness Attention Awareness Level, and Mental State of Operating Room Nurses.",2021,American Journal of Health Behavior,cognition,0,unspecified_environment,stress,mixed,20,low,abstract_only_reduced_table,abstract_only;n=20;weak_variable_resolution,"OBJECTIVES
In this paper, we explore the effects of breathing meditation training on the sustained attention level, mindfulness attention awareness level, and mental state of nurses in the operating room.


METHODS
We enrolled 40 nurses from September 2019 to December 2019, and divided them into a control group (N=2...",no,rct_interventional,empirical_v2
doi:10.12659/MSM.882519,10.12659/MSM.882519,Effects of pellet stove on recovery from mental fatigue,2012,Medical Science Monitor,thermal,0,unspecified_environment,cognition,mixed,,low,abstract_only_reduced_table,abstract_only;weak_variable_resolution,"Summary Background Exposure to a warm environment has been reported to be effective for recovery from mental fatigue. However, there have been no reports examining the effects of a pellet stove on recovery from mental fatigue. The purpose of this study was to examine the effects of a pellet stove on recovery from me...",no,rct_interventional,empirical_v2
doi:10.58812/esiscs.v2i02.370,10.58812/esiscs.v2i02.370,"Identification of the Application of Vegetation Elements in the Biophilic and Comfort Concept in the Lobby, Dining Room & Public Space of Greenhost Hotel, Prawirotaman, Yogyakarta",2024,The Eastasouth Journal of Information System and Computer Science,biophilic,0,biophilia,stress,mixed,,medium,abstract_only_reduced_table,abstract_only,"The abstract says, In modern cities, the built environment becomes oppressive; Urban spaces are almost unlivable in fact in cities more and more blighted due to design fads and industrialist buildings. Biophilic Design can reduce stress, increase creativity, clarity of thought and improve our well-being, and speed h...",no,rct_interventional,empirical_v2
doi:10.1016/j.heares.2024.108968,10.1016/j.heares.2024.108968,Comparing auditory distance perception in real and virtual environments and the role of the loudness cue: A study based on event-related potentials.,2024,Hearing research,acoustic,0,noise,attention,negative,20,medium,abstract_only_reduced_table,abstract_only;n=20,"The perception of the distance to a sound source is relevant in many everyday situations, not only in real spaces, but also in virtual reality (VR) environments. Where real rooms often reach their limits, VR offers far-reaching possibilities to simulate a wide range of acoustic scenarios. However, in virtual room ac...",no,rct_interventional,empirical_v2
doi:10.1073/pnas.0909197106,10.1073/pnas.0909197106,Symbolic gestures and spoken language are processed by a common neural system.,2009,Proceedings of the National Academy of Sciences of the United States of America,acoustic,0,noise,unspecified_outcome,unknown,,low,abstract_only_reduced_table,abstract_only;weak_variable_resolution,"Symbolic gestures, such as pantomimes that signify actions (e.g., threading a needle) or emblems that facilitate social transactions (e.g., finger to lips indicating ""be quiet""), play an important role in human communication. They are autonomous, can fully take the place of words, and function as complete utterances...",no,rct_interventional,empirical_v2
doi:10.3109/14992020309074627,10.3109/14992020309074627,Benefits from hearing aids in relation to the interaction between the user and the environment,2003,International Journal of Audiology,acoustic,0,noise,cognition,negative,,medium,abstract_only_reduced_table,abstract_only,"It is becoming increasingly recognized that, in addition to the influence of audiometric variables and associated psychoacoustic abilities, the benefits from and candidature for various signal-processing schemes in hearing aids are strongly influenced by listeners' characteristics (such as motivations, expectations,...",no,rct_interventional,empirical_v2
doi:10.3758/s13428-025-02707-1,10.3758/s13428-025-02707-1,Lettuce entertain you: Assessing Sandwich Builder as a measure of auditory short-term memory.,2025,Behavior research methods,acoustic,0,unspecified_environment,cognition,positive,,low,abstract_only_reduced_table,abstract_only;weak_variable_resolution,"Numerous language models propose a critical role of auditory short-term memory in spoken language processing, making reliable estimations of individual listeners' memory capacities essential in linguistic research. Although a variety of cognitive tasks exist for assessing both visual and auditory short-term capaciti...",no,rct_interventional,empirical_v2
doi:10.1093/cercor/bht355,10.1093/cercor/bht355,Attentional Selection in a Cocktail Party Environment Can Be Decoded from Single-Trial EEG,2014,Cerebral Cortex,acoustic,0,unspecified_environment,attention,unknown,,low,abstract_only_reduced_table,abstract_only;weak_variable_resolution,"How humans solve the cocktail party problem remains unknown. However, progress has been made recently thanks to the realization that cortical activity tracks the amplitude envelope of speech. This has led to the development of regression methods for studying the neurophysiology of continuous speech. One such method,...",no,rct_interventional,observational_field
doi:10.3758/s13423-023-02393-0,10.3758/s13423-023-02393-0,Evidence for conflict monitoring during speech recognition in noise.,2024,Psychonomic bulletin & review,acoustic,0,noise,attention,mixed,,medium,abstract_only_reduced_table,abstract_only,"During difficult tasks, conflict can benefit performance on a subsequent trial. One theory for such performance adjustments is that people monitor for conflict and reactively engage cognitive control. This hypothesis has been challenged because tasks that control for associative learning do not show such ""cognitive ...",no,rct_interventional,theoretical
doi:10.1111/psyp.14760,10.1111/psyp.14760,Enhancing Psychophysiological Well‐Being Through Nature‐Based Soundscapes: An Examination of Heart Rate Variability in a Cross‐Over Study,2025,Psychophysiology,acoustic,0,noise,stress,mixed,,medium,abstract_only_reduced_table,abstract_only,"Stress and psychological disorders are substantial public health concerns, necessitating innovative therapeutic strategies. This study investigated the psychophysiological benefits of nature‐based soundscapes, drawing on the biophilia hypothesis. Using a randomized, acute cross‐over design, 53 healthy participants e...",no,rct_interventional,empirical_v2
doi:10.1371/journal.pone.0314473,10.1371/journal.pone.0314473,"Speech-in-noise, psychosocial, and heart rate variability outcomes of group singing or audiobook club interventions for older adults with unaddressed hearing loss: A SingWell Project multisite, randomized controlled trial, registered report protocol.",2024,PloS one,acoustic,0,noise,mood,positive,,medium,abstract_only_reduced_table,abstract_only,"Unaddressed age-related hearing loss is highly prevalent among older adults, typified by negative consequences for speech-in-noise perception and psychosocial wellbeing. There is promising evidence that group singing may enhance speech-in-noise perception and psychosocial wellbeing. However, there is a lack of robus...",no,rct_interventional,empirical_v2
doi:10.18632/aging.202931,10.18632/aging.202931,Neurophysiological improvements in speech-in-noise task after short-term choir training in older adults.,2021,Aging,acoustic,0,noise,attention,mixed,,medium,abstract_only_reduced_table,abstract_only,"Perceiving speech in noise (SIN) is important for health and well-being and decreases with age. Musicians show improved speech-in-noise abilities and reduced age-related auditory decline, yet it is unclear whether short term music engagement has similar effects. In this randomized control trial we used a pre-post de...",no,rct_interventional,empirical_v2
doi:10.1016/j.lmot.2024.101982,10.1016/j.lmot.2024.101982,"Effects of scaffolding and inner speech on learning motivation, flexible thinking and academic achievement in the technology-enhanced learning environment",2024,Learning and Motivation,acoustic,0,unspecified_environment,productivity,positive,,low,abstract_only_reduced_table,abstract_only;weak_variable_resolution,"This study utilized a quasi-experimental design to investigate the impact of different scaffoldings and inner speech on learning motivation, flexible thinking, and individual academic achievement in a technology-enhanced learning environment. The sample consisted of 181 college students in China who were randomly as...",no,rct_interventional,empirical_v2
doi:10.1080/00140130500434986,10.1080/00140130500434986,Impact of background noise on reaction time and brain DC potential changes of VDT-based spatial attention.,2006,Ergonomics,acoustic,0,noise,attention,negative,,medium,abstract_only_reduced_table,abstract_only,"Background noise is often discussed in terms of mental costs. In this study the effect of background noise on brain activity as reflected by the direct coupled (DC) potential was investigated by a within design in ten participants. During two successive blocks of 7 min each, participants performed 156 trials of a vi...",no,rct_interventional,empirical_v2
doi:10.1145/3757609,10.1145/3757609,HateBuffer: Safeguarding Content Moderators' Mental Well-Being through Hate Speech Content Modification,2025,Proc. ACM Hum. Comput. Interact.,acoustic,0,unspecified_environment,mood,mixed,,low,abstract_only_reduced_table,abstract_only;weak_variable_resolution,"Hate speech remains a persistent and unresolved challenge in online platforms. Content moderators, working on the front lines to review user-generated content and shield viewers from hate speech, often find themselves unprotected from the mental burden as they continuously engage with offensive language. To safeguar...",no,rct_interventional,interview_study
doi:10.1177/10454411990100020801,10.1177/10454411990100020801,Treatment outcome in cleft lip and palate: issues and perspectives.,1999,Critical reviews in oral biology and medicine : an official publication of the American Association of Oral Biologists,acoustic,0,air_quality,unspecified_outcome,mixed,,low,abstract_only_reduced_table,abstract_only;weak_variable_resolution,"In the last 40 years, great progress has been made toward a better understanding of many aspects of the cleft lip and palate defect, but there is still a long way to go before there is agreement on the optimal treatment procedures. With regard to the primary operations, it can be stated, in a somewhat simplified for...",no,rct_interventional,thought_piece
doi:10.21020/husbfd.1435195,10.21020/husbfd.1435195,The Effects of Noise on Speech Intelligibility in Normal Hearing Workers Exposed to Noise in Professional Life,2025,Hacettepe University Faculty of Health Sciences Journal,acoustic,0,noise,cognition,null,20,medium,abstract_only_reduced_table,abstract_only;n=20,"Objectives: In individuals with prolonged background noise exposure and those with peripheral auditory problems, central auditory disorders and cognitive impairments are observed. This study aims to evaluate individuals with and without noise exposure via the Matrix test to reveal concrete indicators of noise effect...",no,rct_interventional,empirical_v2
doi:10.1044/leader.ftr.05032000.4,10.1044/leader.ftr.05032000.4,Life Participation Approach to Aphasia: A Statement of Values for the Future,2000,ASHA Leader,acoustic,0,air_quality,mood,mixed,,medium,abstract_only_reduced_table,abstract_only,"You have accessThe ASHA LeaderFeature1 Feb 2000Life Participation Approach to Aphasia: A Statement of Values for the Future Roberta Chapey, Judith F. Duchan, Roberta J. Elman, Linda J. Garcia, Aura Kagan, Jon G. Lyon, and Nina Simmons Mackie Roberta Chapey Google Scholar , Judith F. Duchan Google Scholar , Roberta J...",no,rct_interventional,case_study
doi:10.1080/00335630.2011.585167,10.1080/00335630.2011.585167,Location Matters: The Rhetoric of Place in Protest,2011,Quarterly Journal of Speech,biophilic,0,air_quality,attention,unknown,,low,abstract_only_reduced_table,abstract_only,Abstract Social movements often deploy place rhetorically in their protests. The rhetorical performance and (re)construction of places in protest can function in line with the goals of a social movement. Our essay offers a heuristic framework—place in protest—for theorizing the rhetorical force of place and its rela...,no,rct_interventional,case_study
doi:10.3389/fpsyg.2021.723366,10.3389/fpsyg.2021.723366,The Effects of a Parent-Implemented Language Intervention on Late-Talkers’ Expressive Skills: The Mediational Role of Parental Speech Contingency and Dialogic Reading Abilities,2021,Frontiers in Psychology,acoustic,0,unspecified_environment,attention,positive,,low,abstract_only_reduced_table,abstract_only;weak_variable_resolution,Several qualitative and quantitative features of parental speech input support children’s language development and may play a critical role in improving such process in late talkers. Parent-implemented interventions targeting late-talkers have been developed to promote children’s language outcomes by enhancing their...,no,rct_interventional,mixed_methods
doi:10.1038/s41598-025-11469-x,10.1038/s41598-025-11469-x,"Forest soundscapes improve mood, restoration and cognition, but not physiological stress or immunity, relative to industrial soundscapes.",2025,Scientific reports,acoustic,0,noise,stress,positive,100,medium,abstract_only_reduced_table,abstract_only;n=100,"Exposure to natural environments has consistently been shown to boost human health. However, population-level benefit is constrained by both inequitable access to high-quality natural spaces and the lack of medical prescriptions for nature-based therapy. Addressing these challenges requires an improved understanding...",no,rct_interventional,theoretical
doi:10.1145/3706598.3713316,10.1145/3706598.3713316,Sonora: Human-AI Co-Creation of 3D Audio Worlds and its Impact on Anxiety and Cognitive Load,2025,International Conference on Human Factors in Computing Systems,acoustic,0,noise,stress,null,,medium,abstract_only_reduced_table,abstract_only,"Soundscapes are widely used for relaxation, but their potential for personalized, navigable experiences remains under-explored. To address this, we developed Sonora, an AI tool that enables real-time generation of synthetic, spatialized soundscapes, allowing users to navigate immersive auditory environments and cust...",no,rct_interventional,empirical_v2
doi:10.1016/j.ufug.2024.128286,10.1016/j.ufug.2024.128286,Landscape and soundscape quality promote stress recovery in nearby urban nature: A multisensory field experiment,2024,Urban forestry & urban greening,acoustic,0,noise,mood,positive,45,medium,abstract_only_reduced_table,abstract_only;n=45,"Cities have different benefits and risks, but are often stressful environments to live in. Everyday contact with nearby nature can be a crucial way to alleviate stress and increase the well-being of citizens. However, there is still limited evidence on how nature-health benefits vary according to the type and qualit...",no,rct_interventional,empirical_v2
doi:10.3390/ijerph192214872,10.3390/ijerph192214872,Effects of Soundscape Complexity on Urban Noise Annoyance Ratings: A Large-Scale Online Listening Experiment,2022,International Journal of Environmental Research and Public Health,acoustic,0,noise,attention,mixed,,medium,abstract_only_reduced_table,abstract_only,"Noise annoyance has been often reported as one of the main adverse effects of noise exposure on human health, and there is consensus that it relates to several factors going beyond the mere energy content of the signal. Research has historically focused on a limited set of sound sources (e.g., transport and industri...",no,rct_interventional,empirical_v2
doi:10.1016/j.jenvp.2023.102060,10.1016/j.jenvp.2023.102060,"Soundscapes, music, and memories: Exploring the factors that influence emotional responses to virtual nature content",2023,Journal of Environmental Psychology,acoustic,0,noise,mood,positive,7636,medium,abstract_only_reduced_table,abstract_only;n=7636,"From walking through a park to sitting on a beach, much is known about the therapeutic potential of direct contact with natural environments. Yet routinely in the UK, millions of people encounter nature in a completely different way: through their television screens. Despite the ubiquity of natural history programmi...",no,rct_interventional,empirical_v2
doi:10.1145/3450741.3465256,10.1145/3450741.3465256,Evoking the Post-industrial Landscape Memories through Spectrality and Mixed Reality Soundscapes,2021,Creativity and Cognition,acoustic,0,noise,unspecified_outcome,unknown,,low,abstract_only_reduced_table,abstract_only;weak_variable_resolution,"Spectrality describes the spatiotemporal relationships between landscape and memories where the past 'haunt' the present. We explore how spatialized soundscapes may evoke the spectral memories of physical landscape. To do this, we curated a site-specific mixed reality audio walk at Carrie Furnace, a national histori...",no,rct_interventional,empirical_v2
sha256:4eec20763a13,,"Memories of sound:socioeconomic, community and cultural soundscapes of Smithfield, Dublin from the 1950s",2015,,acoustic,0,noise,unspecified_outcome,unknown,,low,abstract_only_reduced_table,abstract_only;weak_variable_resolution,This chapter explores memories of sound from a former industrial and market site in Dublin city. It examines the non-visual ‘losses’ experienced by a group of older people (5 adults aged from 60 to 70 years (2 women and 3 men)) who grew up in and around the Smithfield area of Dublin city from the 1950s to the 1970s....,no,rct_interventional,empirical_v2
doi:10.5709/acp-0416-3,10.5709/acp-0416-3,Simulating Nature?! The Impact of Indoor Exercising on Cognitive and Affective Functioning: A Randomized Crossover Trial,2024,Advances in Cognitive Psychology,cognition,0,noise,attention,unknown,21,low,abstract_only_reduced_table,abstract_only;n=21,"The present investigation focused on assessing cognitive and affective effects of indoor exercising&#13;\nwhile exposing the participants to a video simulation of nature (simulated nature), compared to&#13;\nthe typical indoor exercising (control condition). Participants (N = 21, physically active amateur&#13;\ncycl...",no,rct_interventional,empirical_v2
doi:10.3390/ijerph18136957,10.3390/ijerph18136957,Forest Therapy Alone or with a Guide: Is There a Difference between Self-Guided Forest Therapy and Guided Forest Therapy Programs?,2021,International Journal of Environmental Research and Public Health,cognition,0,unspecified_environment,attention,unknown,,low,abstract_only_reduced_table,abstract_only;weak_variable_resolution,"There are generally two types of forest therapy. One is to walk or view the forest alone without a guide, and the other is to be accompanied by a guide. This study aimed to investigate the healing factors and health benefits of self-guided forest therapy and guided forest therapy programs and examine the differences...",no,rct_interventional,empirical_v2
doi:10.3389/fpsyg.2021.570741,10.3389/fpsyg.2021.570741,Soundscape in Times of Change: Case Study of a City Neighbourhood During the COVID-19 Lockdown.,2021,Frontiers in psychology,acoustic,0,noise,unspecified_outcome,mixed,,low,abstract_only_reduced_table,abstract_only;weak_variable_resolution,"The coronavirus disease 2019 (COVID-19) lockdown meant a greatly reduced social and economic activity. Sound is of major importance to people's perception of the environment, and some remarked that the soundscape was changing for the better. But are these anecdotal reports based in truth? Has traffic noise from cars...",no,rct_interventional,case_study
doi:10.3390/su14031246,10.3390/su14031246,Research on Art Teaching Practice Supported by Virtual Reality (VR) Technology in the Primary Schools,2022,Sustainability,other,0,unspecified_environment,unspecified_outcome,unknown,,low,abstract_only_reduced_table,abstract_only;weak_variable_resolution,"Nowadays, teaching and learning methods are constantly changing with the development and popularization of information technology. Many teaching activities are exploring the integration of virtual technology. However, the specific effects of VR are challenging to verify. In this paper, “teaching in VR environment” a...",no,rct_interventional,empirical_v2
doi:10.1386/pjss.16.3.343_1,10.1386/pjss.16.3.343_1,"Locating culture, making soundscapes and activating critical social relations: A case study from Limerick SoundScapes",2017,Portugese Journal of Social Sciences,acoustic,0,noise,attention,positive,,medium,abstract_only_reduced_table,abstract_only,"Abstract Limerick SoundScapes is a sound-mapping project that seeks to critically engage citizens of the multicultural, socially and economically divided post-industrial City of Limerick in the Republic of Ireland. Facilitated by an interdisciplinary team at the local university, citizens from all walks of life are ...",no,rct_interventional,case_study
doi:10.1121/10.0017432,10.1121/10.0017432,SoundScape learning: An automatic method for separating fish chorus in marine soundscapes,2023,The Journal of the Acoustical Society of America,acoustic,0,noise,unspecified_outcome,positive,,low,abstract_only_reduced_table,abstract_only;weak_variable_resolution,"Marine soundscapes provide the opportunity to non-invasively learn about, monitor, and conserve ecosystems. Some fishes produce sound in chorus, often in association with mating, and there is much to learn about fish choruses and the species producing them. Manually analyzing years of acoustic data is increasingly u...",no,rct_interventional,empirical_v2
doi:10.3390/s25164923,10.3390/s25164923,Decomposing and Modeling Acoustic Signals to Identify Machinery Defects in Industrial Soundscapes.,2025,"Sensors (Basel, Switzerland)",acoustic,0,noise,productivity,negative,,medium,abstract_only_reduced_table,abstract_only,"Acoustic sound-based condition monitoring (ASCM) systems, which typically utilize machine learning algorithms on established audio features, have demonstrated effectiveness under controlled conditions. However, their application in real-world industrial environments presents significant challenges due to complex and...",no,rct_interventional,empirical_v2
doi:10.1097/aud.0000000000000642,10.1097/aud.0000000000000642,A Qualitative Study on Factors Modulating Tinnitus Experience,2018,Ear and Hearing,acoustic,0,noise,attention,unknown,,low,abstract_only_reduced_table,abstract_only,"Objectives: It is well recognized that tinnitus can severely interfere with important aspects of life such as sleep, concentration abilities, social activities, and mood. However, the impact of tinnitus may vary greatly from one individual to another, with some being severely affected and others only experiencing a ...",no,rct_interventional,interview_study
doi:10.1145/3411109.3411129,10.1145/3411109.3411129,The influence of mood induction by music or a soundscape on presence and emotions in a virtual reality park scenario,2020,,affect,0,noise,mood,positive,,medium,abstract_only_reduced_table,abstract_only,"Music and background sound are often used in virtual realities for creating an emotional atmosphere. The present study investigates how music or an ambient soundscape influence presence, the feeling of ""being there"", as well as positive and negative affect. Fifty-one subjects participated, taking a stroll through a ...",no,rct_interventional,empirical_v2
doi:10.1093/conphys/cou032,10.1093/conphys/cou032,Traffic noise causes physiological stress and impairs breeding migration behaviour in frogs,2014,Conservation Physiology,acoustic,0,noise,stress,mixed,,medium,abstract_only_reduced_table,abstract_only,"Human-generated noise has profoundly changed natural soundscapes in aquatic and terrestrial ecosystems, imposing novel pressures on ecological processes. Despite interest in identifying the ecological consequences of these altered soundscapes, little is known about the sublethal impacts on wildlife population health...",no,rct_interventional,empirical_v2
doi:10.4103/nah.nah_162_24,10.4103/nah.nah_162_24,Sound and Alzheimer’s Disease—From Harmful Noise to Beneficial Soundscape Augmentation and Music Therapy,2024,Noise and Health,acoustic,0,noise,stress,mixed,,medium,abstract_only_reduced_table,abstract_only,"Exposure to sound energy may be a risk factor or a therapeutic intervention for Alzheimer’s disease (AD). On one hand, noise has a harmful effect on people with AD by contributing to hearing loss, sleep disturbance, oxidative stress, inflammation, and excitotoxicity. But on the other hand, clinical trials and nursin...",no,rct_interventional,empirical_v2
doi:10.47513/mmd.v16i1.938,10.47513/mmd.v16i1.938,"Environmental Music Therapy (EMT) to reduce stress and anxiety with patients, caregivers, and hospital staff during the COVID pandemic",2024,Music and Medicine,affect,0,noise,stress,unknown,,low,abstract_only_reduced_table,abstract_only,"During the pandemic, there has been a heightened sense of anxiety, stress, and emotional dissonance for all those who are in the hospital environment. The purpose of this research was to study stress and anxiety and environmental stress theory by testing the effects of Environmental Music Therapy (EMT) versus no mus...",no,rct_interventional,theoretical
doi:10.1353/aim.2020.0002,10.1353/aim.2020.0002,"""You can never replace the caribou"": Inuit Experiences of Ecological Grief from Caribou Declines",2020,American imago,affect,0,noise,stress,negative,,medium,abstract_only_reduced_table,abstract_only,"""You can never replace the caribou"":Inuit Experiences of Ecological Grief from Caribou Declines Ashlee Cunsolo (bio), David Borish (bio), Sherilee L. Harper (bio), Jamie Snook (bio), Inez Shiwak (bio), Michele Wood (bio), and The Herd Caribou Project Steering Committee (bio) Introduction We are living in a time char...",no,rct_interventional,phenomenological
doi:10.1109/QoMEX65720.2025.11219970,10.1109/QoMEX65720.2025.11219970,Cognitive Fog under Elevated CO2: The Influence of Air Quality on Speech Quality Assessment and Response Behaviour,2025,International Workshop on Quality of Multimedia Experience,acoustic,0,air_quality,attention,mixed,,medium,abstract_only_reduced_table,abstract_only,"Standardized speech quality assessments should optimally occur in soundproof environments with minimal noise interference. However, poor ventilation in such environments can lead to increased CO2 concentrations, which may affect cognitive function and judgement. This study investigates whether CO2 levels affect spee...",no,rct_interventional,empirical_v2
doi:10.1109/InCIT66780.2025.11276042,10.1109/InCIT66780.2025.11276042,Design and Deployment of a Sensor Box for Altitude-Based Air Quality Monitoring,2025,International Conference on Information Technology,air,0,air_quality,attention,positive,,medium,abstract_only_reduced_table,abstract_only,"This paper proposes the design and deployment of a sensor box mounted on drones for altitude-based air quality monitoring. The drones function as independent mobile air pollution monitors. The survey focuses on two main areas: (1) the vicinity of the Faculty of Technology and Industrial Management, and (2) a locatio...",no,rct_interventional,case_study
doi:10.13227/j.hjkx.202411180,10.13227/j.hjkx.202411180,[Potential Assessment of Carbon and Air Pollutant Emission Reduction in Industrial Parks of Henan Province].,2026,Huan jing ke xue= Huanjing kexue,biophilic,0,biophilia,attention,positive,,medium,abstract_only_reduced_table,abstract_only,Industrial parks are important engines of economic development and also a focus area for addressing climate change pressures and air pollution control. To explore the pathway for green and low-carbon transformation of industrial parks， 11 national industrial parks in Henan Province were selected as the research obje...,no,rct_interventional,empirical_v2
doi:10.1542/peds.2021-051484,10.1542/peds.2021-051484,Ambient Air Pollution: Health Hazards to Children,2021,PEDIATRICS,air,0,air_quality,stress,mixed,,medium,abstract_only_reduced_table,abstract_only,"Ambient air pollution is produced by sources including vehicular traffic, coal-fired power plants, hydraulic fracturing, agricultural production, and forest fires. It consists of primary pollutants generated by combustion and secondary pollutants formed in the atmosphere from precursor gases. Air pollution causes an...",no,rct_interventional,theoretical
doi:10.1177/0003702820945713,10.1177/0003702820945713,Sampling and Quality Assurance and Quality Control: A Guide for Scientists Investigating the Occurrence of Microplastics Across Matrices,2020,Applied Spectroscopy,cognition,0,unspecified_environment,attention,unknown,,low,abstract_only_reduced_table,abstract_only;weak_variable_resolution,"Plastic pollution is a defining environmental contaminant and is considered to be one of the greatest environmental threats of the Anthropocene, with its presence documented across aquatic and terrestrial ecosystems. The majority of this plastic debris falls into the micro (1 μm–5 mm) or nano (1–1000 nm) size range ...",no,rct_interventional,empirical_v2
doi:10.3389/fevo.2023.1162137,10.3389/fevo.2023.1162137,Non-linear effects of green finance on air quality in China: New evidence from a panel threshold model,2023,Frontiers in Ecology and Evolution,air,0,daylight,attention,mixed,,medium,abstract_only_reduced_table,abstract_only,"Environmental problems, including air pollution, have upset the balance between the environment and economic development. In the face of worsening air pollution, growing attention is being paid to the role of financial institutions. To investigate how finance affects air pollution, this study used data from 30 Chine...",no,rct_interventional,empirical_v2
doi:10.1109/WF-IoT51360.2021.9596006,10.1109/WF-IoT51360.2021.9596006,Use Case of Building an Indoor Air Quality Monitoring System,2021,World Forum on Internet of Things,air,0,air_quality,attention,positive,,medium,abstract_only_reduced_table,abstract_only,"On average, we spend around 90% of the time in indoor environments. Indoor Air Quality (IAQ) has been receiving increased attention from the environmental bodies, local authorities and citizens as it is becoming clearer that poor IAQ has public health implications. Therefore, monitoring of indoor environment and inv...",no,rct_interventional,empirical_v2
doi:10.1002/cem.3539,10.1002/cem.3539,Optimizing air quality predictions: A discrete wavelet transform and long short‐term memory approach with wavelet‐type selection for hourly PM10 concentrations,2024,Journal of Chemometrics,air,0,air_quality,attention,mixed,,medium,abstract_only_reduced_table,abstract_only,"The rapid advancement of industrialization and urbanization has led to the global problem of air pollution. Air quality can decrease due to pollutants in the air, including types of gases and particles that are carcinogenic, causing adverse health effects. Therefore, estimating the concentration of air pollutants is...",no,rct_interventional,empirical_v2
doi:10.3390/su15065089,10.3390/su15065089,Long Short-Term Memory Approach for Short-Term Air Quality Forecasting in the Bay of Algeciras (Spain),2023,Sustainability,air,0,air_quality,cognition,positive,,medium,abstract_only_reduced_table,abstract_only,"Predicting air quality is a very important task, as it is known to have a significant impact on health. The Bay of Algeciras (Spain) is a highly industrialised area with one of the largest superports in Europe. During the period 2017–2019, different data were recorded in the monitoring stations of the bay, forming a...",no,rct_interventional,empirical_v2
doi:10.29130/dubited.1591784,10.29130/dubited.1591784,Air Quality Forecasting in Urban Environments: A Deep Learning Approach,2025,Düzce Üniversitesi Bilim ve Teknoloji Dergisi,air,0,air_quality,cognition,positive,,medium,abstract_only_reduced_table,abstract_only,"Air pollution has become an important research topic due to its environmental and human health effects. Today, rapid industrialization and urbanization is one of the major factors in the emission of harmful gases, leading to deteriorating air quality. In this study, air quality problems are discussed, and the advers...",no,rct_interventional,empirical_v2
doi:10.1109/TIM.2025.3541666,10.1109/TIM.2025.3541666,Intelligent Air Quality Detection Device Based on Edge Computing,2025,IEEE Transactions on Instrumentation and Measurement,air,0,air_quality,productivity,positive,,medium,abstract_only_reduced_table,abstract_only,"With the rapid advancement of industrialization and urbanization, the adverse effects of air pollution on human health and environmental protection have become increasingly significant. This study developed an air quality monitoring device equipped with various air detection sensors and integrated with a Wi-Fi senso...",no,rct_interventional,thought_piece
doi:10.1201/9781315599946-12,10.1201/9781315599946-12,"Vigilance, Workload, and Stress",2018,,cognition,0,unspecified_environment,attention,unknown,,low,abstract_only_reduced_table,abstract_only;weak_variable_resolution,"Vigilance or sustained attention refers to the ability of observers to maintain their focus of attention 
and remain alert to stimuli over prolonged periods of time (Warm, 1977, 1984: 1993; Davies and 
Parasuraman, 1982; Ballard, 1996). This aspect of human performance is an important concern 
for human factors/ergo...",no,rct_interventional,empirical_v2
doi:10.1016/j.envres.2025.123333,10.1016/j.envres.2025.123333,Longitudinal associations between air pollution and adolescent gray matter development: Insights from the ABCD study.,2026,Environmental research,other,0,unspecified_environment,unspecified_outcome,unknown,,low,abstract_only_reduced_table,abstract_only;weak_variable_resolution,"Air pollution, fueled by industrialization, vehicular emissions, and wildfires, poses a global public health challenge with significant effects on physical and neurological health. Fine particulate matter (PM",no,rct_interventional,empirical_v2
doi:10.18632/aging.204943,10.18632/aging.204943,Effect of cognitive reserve on the association between slow wave sleep and cognition in community-dwelling older adults,2023,Aging,cognition,0,unspecified_environment,cognition,mixed,,low,abstract_only_reduced_table,abstract_only;weak_variable_resolution,"Sleep, especially slow wave sleep (SWS), is essential for cognitive functioning and is reduced in aging. The impact of sleep quality on cognition is variable, especially in aging. Cognitive reserve (CR) may be an important modulator of these effects. We aimed at investigating this question to better identify individ...",no,rct_interventional,empirical_v2
doi:10.3390/buildings15193445,10.3390/buildings15193445,Impact of Urban Building-Integrated Photovoltaics on Local Air Quality,2025,Buildings,air,0,air_quality,attention,unknown,,low,abstract_only_reduced_table,abstract_only,"Amidst the global energy structure transition and intensification of climate warming, the temperature control targets of the Paris Agreement and China’s “dual carbon” goals have driven the rapid development of building-integrated photovoltaics (BIPVs). However, solar cells in BIPV systems may produce exhaust gases t...",no,rct_interventional,empirical_v2
doi:10.1108/09696471211219930,10.1108/09696471211219930,Lean production as promoter of thinkers to achieve companies' agility,2012,The Learning Organization,other,0,unspecified_environment,stress,positive,,low,abstract_only_reduced_table,abstract_only;weak_variable_resolution,"Purpose This paper aims to explore the lean production paradigm as promoter of workers' creativity and thinking potential, and recognize this human potential as a fundamental asset for companies' growth and success, being a major factor to face the disturbing and unpredictable needs of current markets, providing com...",no,rct_interventional,empirical_v2
doi:10.31004/joecy.v5i2.1748,10.31004/joecy.v5i2.1748,Pemberian Rebusan Air Jahe (Zingiber officinale) Madu (Genus Apis) Dengan Penurunan Nyeri Haid (Dismenorhea) Pada Siswi SMA Argopuro Panti Jember,2025,Journal of Innovative and Creativity (Joecy),other,0,unspecified_environment,unspecified_outcome,negative,,low,abstract_only_reduced_table,abstract_only;weak_variable_resolution,"Menstruation is a natural process involving the shedding of the endometrial lining, which is rich in blood vessels, due to the absence of egg fertilization. One common issue experienced by adolescent girls during menstruation is menstrual pain, or dysmenorrhea, which can disrupt daily activities and reduce quality o...",no,rct_interventional,empirical_v2
doi:10.1016/j.jenvman.2025.128493,10.1016/j.jenvman.2025.128493,Greenspace and air pollution disparities in urban Northern England.,2026,Journal of environmental management,biophilic,0,unspecified_environment,unspecified_outcome,unknown,,low,abstract_only_reduced_table,abstract_only;weak_variable_resolution,"Urban environmental inequalities remain a critical public health concern in the UK, particularly in regions with legacies of industrial development. This study examines the spatial distribution of air pollution (NO",no,rct_interventional,empirical_v2
doi:10.3389/fpubh.2025.1672049,10.3389/fpubh.2025.1672049,Residential proximity to industrial zones and self-reported respiratory morbidity: a community-based cross-sectional survey of three Karachi industrial areas.,2025,Frontiers in public health,air,0,air_quality,mood,unknown,,low,abstract_only_reduced_table,abstract_only,Industrial emissions in Karachi contribute to poor ambient air quality and may adversely affect nearby residents' respiratory health. This study assessed whether residential distance from industrial zones is associated with respiratory symptoms and chronic respiratory disease.,no,rct_interventional,empirical_v2
doi:10.2139/ssrn.4317396,10.2139/ssrn.4317396,"Air Pollution and Firm-Level Human Capital, Knowledge and Innovation",2023,SSRN Electronic Journal,light,0,daylight,attention,mixed,,medium,abstract_only_reduced_table,abstract_only,"This paper investigates the long-run effects of prolonged air pollution on firm-level human capital, knowledge and innovation composition. Using a novel firm-level dataset covering almost all industrial firms engaged in science and technology activities in China, and employing a regression discontinuity design, we s...",no,rct_interventional,empirical_v2
doi:10.3390/genes8100244,10.3390/genes8100244,Air Quality Effects on Human Health and Approaches for Its Assessment through Microfluidic Chips,2017,Genes,air,0,air_quality,attention,unknown,,low,abstract_only_reduced_table,abstract_only,"Air quality depends on the various gases and particles present in it. Both natural phenomena and human activities affect the cleanliness of air. In the last decade, many countries experienced an unprecedented industrial growth, resulting in changing air quality values, and correspondingly, affecting our life quality...",no,rct_interventional,empirical_v2
doi:10.1038/s41598-024-54807-1,10.1038/s41598-024-54807-1,Optimized machine learning model for air quality index prediction in major cities in India,2024,Scientific Reports,air,0,air_quality,productivity,mixed,,medium,abstract_only_reduced_table,abstract_only,"Industrial advancements and utilization of large amount of fossil fuels, vehicle pollution, and other calamities increases the Air Quality Index (AQI) of major cities in a drastic manner. Major cities AQI analysis is essential so that the government can take proper preventive, proactive measures to reduce air pollut...",no,rct_interventional,empirical_v2
doi:10.1007/s11869-025-01713-8,10.1007/s11869-025-01713-8,Hybrid graph convolutional LSTM model for spatio-temporal air quality transfer learning,2025,"Air quality, atmosphere and health",air,0,air_quality,unspecified_outcome,positive,,low,abstract_only_reduced_table,abstract_only;weak_variable_resolution,"The short-term air quality forecasting models serve as an early warning system for local agencies, aiding in preparing mitigation strategies against severe pollution episodes. This paper explores the application of Transfer Learning to enhance short-term air quality forecasting model accuracy when labelled data is l...",no,rct_interventional,empirical_v2
doi:10.1142/s0219467827500604,10.1142/s0219467827500604,Health and Ecological Risk Assessment-Based Air Quality Prediction Framework Using Ensemble Learning Network with Optimal Weighted Prediction Score,2025,International Journal of Image and Graphics,air,0,air_quality,attention,unknown,,low,abstract_only_reduced_table,abstract_only,"Due to the high intensity of air pollutants in urban areas, people are suffering from more breathing-related health issues. These health effects are prominent in both older and younger people. Several methods and techniques are adopted by the government to tackle the high emission of this air pollutant in metropolit...",no,rct_interventional,conceptual_framework
doi:10.1186/s12887-025-06351-8,10.1186/s12887-025-06351-8,Cluster-randomized evaluation of neonatal intensive care unit quality improvement interventions in extremely preterm infants: secondary analysis of the INTACT trial.,2026,BMC pediatrics,other,0,unspecified_environment,unspecified_outcome,mixed,,low,abstract_only_reduced_table,abstract_only;weak_variable_resolution,The Improvement of Neonatal Intensive Care Unit (NICU) Practices and Team Approach Cluster-randomized Controlled Trial (INTACT) tested a multidisciplinary quality improvement (QI) program but did not show improved survival without neurodevelopmental impairment at 3 years among infants with very low birthweight. Howe...,no,rct_interventional,empirical_v2
doi:10.1136/bmjopen-2025-109659,10.1136/bmjopen-2025-109659,"Classroom air purifiers for reducing school absence: study protocol for a pragmatic, cluster-randomised, parallel, two-arm, group sequential superiority trial.",2025,BMJ open,other,0,unspecified_environment,productivity,mixed,,low,abstract_only_reduced_table,abstract_only;weak_variable_resolution,"Respiratory infections like influenza and SARS-CoV-2 pose significant global health risks due to their high transmissibility and severity. SARS-CoV-2 has caused over 7 million deaths worldwide, and the Lancet Commission estimates a >20% chance of a similar respiratory virus pandemic within a decade. Schools, often p...",no,rct_interventional,empirical_v2
doi:10.5772/intechopen.81192,10.5772/intechopen.81192,Indoor Air Quality,2019,Lifestyle Medicine,air,0,air_quality,sleep,positive,,medium,abstract_only_reduced_table,abstract_only,"[Excerpt] “Indoor air quality or IAQ” is what we experience as the temperature, humidity, ventilation, and chemical or biological contaminants of the air inside non-industrial buildings, such as schools, offices, hotels, or banks – environments typically considered pristine when compared with industrial settings. In...",no,rct_interventional,empirical_v2
doi:10.3390/nu6062348,10.3390/nu6062348,"Dietary Supplementation with a Superoxide Dismutase-Melon Concentrate Reduces Stress, Physical and Mental Fatigue in Healthy People: A Randomised, Double-Blind, Placebo-Controlled Trial",2014,Nutrients,affect,0,unspecified_environment,stress,mixed,32,low,abstract_only_reduced_table,abstract_only;n=32;weak_variable_resolution,"Background: We aimed to investigate effects of superoxide dismutase (SOD)-melon concentrate supplementation on psychological stress, physical and mental fatigue in healthy people. Methods: A randomized, double-blind, placebo-controlled trial was performed on 61 people divided in two groups: active supplement (n = 32...",no,rct_interventional,empirical_v2
doi:10.1186/s12955-022-01971-5,10.1186/s12955-022-01971-5,"‘I thought I had fibroids, and now I don’t’: a mixed method study on health-related quality of life in uterine sarcoma patients",2022,Health and Quality of Life Outcomes,other,0,unspecified_environment,sleep,unknown,,low,abstract_only_reduced_table,abstract_only;weak_variable_resolution,Background Uterine sarcomas are rare subtypes of primary urogenital tumours and need tailored treatment. This study aimed to examine the impact of diagnosis and treatment on health-related quality of life (HRQoL) in patients with uterine sarcoma and measures available to assess HRQoL in this group. Methods Thirteen ...,no,rct_interventional,interview_study
doi:10.3390/en14238127,10.3390/en14238127,Exhaled Carbon Dioxide as a Physiological Source of Deterioration of Indoor Air Quality in Non-Industrial Environments: Influence of Air Temperature,2021,Energies,air,0,air_quality,attention,positive,,medium,abstract_only_reduced_table,abstract_only,"People are the main reason for the deterioration of indoor air quality (IAQ) due to the continuous physiological metabolism processes in their bodies, including respiration. We present results from an investigation of the influence of indoor air temperature on the concentration of exhaled carbon dioxide (CO2). The i...",no,rct_interventional,empirical_v2
doi:10.1080/15226514.2026.2613444,10.1080/15226514.2026.2613444,Polycyclic aromatic hydrocarbons and potentially toxic elements in transplanted lichen ,2026,International journal of phytoremediation,air,0,air_quality,unspecified_outcome,unknown,,low,abstract_only_reduced_table,abstract_only;weak_variable_resolution,"Air pollution has emerged as a serious global issue driven by rapid urbanization and industrialization. This study aims to evaluate the air quality of Lucknow, a fast-growing city in North India, using lichen",no,rct_interventional,empirical_v2
doi:10.59075/jssa.v3i1.202,10.59075/jssa.v3i1.202,"Air Quality Degradation in Metropolitan Areas: Causes, Effects, and Policy Solutions in Pakistan",2025,Journal for Social Science Archives,air,0,air_quality,unspecified_outcome,mixed,,low,abstract_only_reduced_table,abstract_only;weak_variable_resolution,"There are serious physiological, climatic, and economic effects of motor vehicle-induced urban air pollution, which is an increasing global concern. Increased mortality rates in urban areas are a result of growing pollution levels. Environmental conditions are deteriorating due to harmful pollutants like lead, carbo...",no,rct_interventional,empirical_v2
doi:10.4103/ejpi.EJPI-D-25-00010,10.4103/ejpi.EJPI-D-25-00010,Effect of Air Quality on the Mucosal Immune Molecules in Outdoor Male Athletes.,2025,Journal of physiological investigation,air,0,air_quality,stress,positive,,medium,abstract_only_reduced_table,abstract_only,"ABSTRACT
Elevated concentrations of particulate matter 2.5 (PM2.5) can harm the human respiratory system. Athletes training outdoors in polluted environments may face an increased risk of exposure. Few studies have reported on the effects of air quality on the mucosal immunity of athletes. In this study, we recruite...",no,rct_interventional,empirical_v2
doi:10.1161/JAHA.125.044079,10.1161/JAHA.125.044079,,2026,Journal of the American Heart Association,thermal,0,thermal,stress,mixed,,medium,abstract_only_reduced_table,abstract_only,"Climate change poses an escalating threat to cardiovascular and cerebrovascular health in the Global South, where vulnerability is amplified by rapid urbanization, poverty, and weak infrastructure. Air pollution (driven by fossil fuel use, industrial growth, and poor regulation) remains a major contributor to cardio...",no,rct_interventional,conceptual_framework
doi:10.1016/j.jvscit.2024.101676,10.1016/j.jvscit.2024.101676,Development and feasibility testing of a new device for home-based leg heat therapy in patients with lower extremity peripheral artery disease.,2025,Journal of vascular surgery cases and innovative techniques,thermal,0,thermal,productivity,mixed,,medium,abstract_only_reduced_table,abstract_only,"People with symptomatic lower extremity peripheral artery disease (PAD) suffer from severe leg pain, walking impairment, and reduced quality of life, but few effective treatments are available. Emerging evidence suggests that regular heat therapy (HT) may improve cardiovascular and physical function in patients with...",no,rct_interventional,empirical_v2
doi:10.25258/ijpqa.16.12.22,10.25258/ijpqa.16.12.22,Prevalence of Stress-Related Autonomic Symptoms and Cognitive Complaints in Individuals Exposed to Environmental Pollution,2025,International Journal of Pharmaceutical Quality Assurance,acoustic,0,noise,stress,mixed,,medium,abstract_only_reduced_table,abstract_only,"Background: Environmental pollution has emerged as a major public health concern worldwide. Chronic exposure to air, noise, and industrial pollutants has been linked not only to cardiopulmonary morbidity but also to dysregulation of the autonomic nervous system and cognitive disturbances mediated through stress path...",no,rct_interventional,empirical_v2
doi:10.1164/rccm.202203-0523oc,10.1164/rccm.202203-0523oc,Indoor Air Pollution and Impaired Cardiac Autonomic Function in Chronic Obstructive Pulmonary Disease,2022,American Journal of Respiratory and Critical Care Medicine,air,0,air_quality,unspecified_outcome,mixed,,low,abstract_only_reduced_table,abstract_only;weak_variable_resolution,"<b>Rationale:</b> Indoor air pollution represents a modifiable risk factor for respiratory morbidity in chronic obstructive pulmonary disease (COPD). The effects of indoor air pollution, as well as the impact of interventions to improve indoor air quality, on cardiovascular morbidity in COPD remain unknown. <b>Objec...",no,rct_interventional,empirical_v2
doi:10.7759/cureus.68650,10.7759/cureus.68650,Unraveling the Nexus Between Ambient Air Pollutants and Cardiovascular Morbidity: Mechanistic Insights and Therapeutic Horizons,2024,Cureus,affect,0,air_quality,stress,negative,,medium,abstract_only_reduced_table,abstract_only,"Air pollution poses a significant threat to cardiovascular health, contributing to the development and progression of various heart diseases. This review delves into the intricate relationship between ambient air pollutants and cardiovascular morbidity, elucidating the underlying mechanisms and exploring potential t...",no,rct_interventional,theoretical
doi:10.2478/aiht-2021-72-3563,10.2478/aiht-2021-72-3563,"Exposure to particulate matter: a brief review with a focus on cardiovascular effects, children, and research conducted in Turkey",2021,Arhiv za Higijenu Rada i Toksikologiju,air,0,air_quality,stress,unknown,,low,abstract_only_reduced_table,abstract_only,"Abstract Exposure to environmental particulate matter (PM), outdoor air pollution in particular, has long been associated with adverse health effects. Today, PM has widely been accepted as a systemic toxicant showing adverse effects beyond the lungs. There are numerous studies, from those in vitro to epidemiological...",no,rct_interventional,theoretical
doi:10.3390/biom14010057,10.3390/biom14010057,"Disruption of Atrial Rhythmicity by the Air Pollutant 1,2-Naphthoquinone: Role of Beta-Adrenergic and Sensory Receptors.",2023,Biomolecules,affect,0,unspecified_environment,attention,mixed,,low,abstract_only_reduced_table,abstract_only;weak_variable_resolution,"The combustion of fossil fuels contributes to air pollution (AP), which was linked to about 8.79 million global deaths in 2018, mainly due to respiratory and cardiovascular-related effects. Among these, particulate air pollution (PM2.5) stands out as a major risk factor for heart health, especially during vulnerable...",no,rct_interventional,empirical_v2
doi:10.1183/13993003.01320-2025,10.1183/13993003.01320-2025,Combined supplemental oxygen and mandibular advancement device therapy for obstructive sleep apnoea: a randomised controlled trial.,2026,The European respiratory journal,other,0,unspecified_environment,sleep,positive,,low,abstract_only_reduced_table,abstract_only;weak_variable_resolution,"Treatment for obstructive sleep apnoea (OSA) is limited by intolerance to continuous positive airway pressure. While OSA manifests due to both increased pharyngeal collapsibility and ventilatory control instability, randomised trials targeting both components are lacking. We tested whether combining a ventilatory co...",no,rct_interventional,empirical_v2
doi:10.1093/cvr/cvaf119,10.1093/cvr/cvaf119,A comprehensive review/expert statement on environmental risk factors of cardiovascular disease.,2025,Cardiovascular research,acoustic,0,noise,stress,positive,,medium,abstract_only_reduced_table,abstract_only,"Cardiovascular disease (CVD) is the leading cause of mortality globally, with over 20 million deaths each year. While traditional risk factors-such as hypertension, diabetes, smoking, and poor diet-are well-established, emerging evidence underscores the profound impact of environmental exposures on cardiovascular he...",no,rct_interventional,conceptual_framework
doi:10.5194/gmd-5-1471-2012,10.5194/gmd-5-1471-2012,The Model of Emissions of Gases and Aerosols from Nature version 2.1 (MEGAN2.1): an extended and updated framework for modeling biogenic emissions,2012,Geoscientific model development,air,0,daylight,unspecified_outcome,unknown,,low,abstract_only_reduced_table,abstract_only;weak_variable_resolution,Abstract. The Model of Emissions of Gases and Aerosols from Nature version 2.1 (MEGAN2.1) is a modeling framework for estimating fluxes of biogenic compounds between terrestrial ecosystems and the atmosphere using simple mechanistic algorithms to account for the major known processes controlling biogenic emissions. ...,no,rct_interventional,conceptual_framework
doi:10.4103/mgr.MEDGASRES-D-25-00060,10.4103/mgr.MEDGASRES-D-25-00060,Effects of different fractions of inspired oxygen on delayed neurocognitive recovery in patients with one-lung ventilation: a randomized clinical trial.,2026,Medical gas research,air,0,air_quality,stress,mixed,,medium,abstract_only_reduced_table,abstract_only,JOURNAL/mgres/04.03/01612956-202609000-00001/figure1/v/2026-01-06T135433Z/r/image-tiff Delayed neurocognitive recovery is an important cause of morbidity and disability after surgery. This perspective randomized clinical study mainly explored the effects of different fractions of inspired oxygen (FiO2) on Delayed ne...,no,rct_interventional,thought_piece
doi:10.1038/s41598-025-29031-0,10.1038/s41598-025-29031-0,Effect of tele-support on attention levels of emergency medical technicians during simulated out-of-hospital cardiac arrest.,2025,Scientific reports,cognition,0,air_quality,attention,null,,medium,abstract_only_reduced_table,abstract_only,"Telemedicine in the form of a provider-to-provider telemedical application, in which an expert supports the medical team at the patient’s location with medical and non-technical skills is slowly being introduced in preclinical emergency medicine. While the benefit of a tele-team leader could be demonstrated for simu...",no,rct_interventional,empirical_v2
doi:10.1186/s12931-020-01509-7,10.1186/s12931-020-01509-7,Patterns of adaptive servo-ventilation settings in a real-life multicenter study: pay attention to volume!,2020,Respiratory Research,air,0,daylight,sleep,mixed,,medium,abstract_only_reduced_table,abstract_only,"Backgrounds To explain the excess cardiovascular mortality observed in the SERVE-HF study, it was hypothesized that the high-pressure ASV default settings used lead to inappropriate ventilation, cascading negative consequences (i.e. not only pro-arrythmogenic effects through metabolic/electrolyte abnormalities, but ...",no,rct_interventional,empirical_v2
doi:10.1515/jpm-2024-0251,10.1515/jpm-2024-0251,Effects of a respiratory function indicator light on visual attention and ventilation quality during neonatal resuscitation: a randomised controlled crossover simulation trial,2024,Journal of Perinatal Medicine,air,0,air_quality,unspecified_outcome,unknown,,low,abstract_only_reduced_table,abstract_only;weak_variable_resolution,"Abstract Objectives To investigate the effectiveness of placing an indicator light indicating inadequate ventilation near the face mask during positive-pressure ventilation with respiratory function monitors (RFMs) in neonatal resuscitation. The study is a three-group, randomised, controlled, crossover simulation tr...",no,rct_interventional,empirical_v2
doi:10.1038/s41541-025-01332-5,10.1038/s41541-025-01332-5,Airborne transmission-mediated delivery of a live-attenuated influenza virus vector-based intranasal COVID-19 vaccine protects Syrian hamsters against SARS-CoV-2 challenge.,2025,NPJ vaccines,air,0,air_quality,attention,unknown,,low,abstract_only_reduced_table,abstract_only,"Given their critical role in eliciting respiratory immunity, mucosal SARS-CoV-2 vaccines receive significant research attention. Our previous phase 1/2 trial revealed that aerosolized live-attenuated vectored influenza virus COVID-19 vaccine likely elicited specific cellular immunity and weak s-IgA responses in plac...",no,rct_interventional,empirical_v2
doi:10.3390/hydrogen6020040,10.3390/hydrogen6020040,Numerical Simulation of Dispersion and Ventilation of Hydrogen Clouds in Case of Leakage Inside a Large-Scale Industrial Building,2025,Hydrogen,air,0,air_quality,attention,mixed,,medium,abstract_only_reduced_table,abstract_only,"As the attention to using hydrogen as a potential energy storage medium for power generation and mobility increases, hydrogen production, storage, and transportation safety should be considered. For instance, hydrogen’s extreme physical and chemical properties and the wide range of flammable concentrations raise man...",no,rct_interventional,empirical_v2
doi:10.1080/13467581.2023.2189453,10.1080/13467581.2023.2189453,"The transformation of microclimate adaption in public spaces by smart ventilation approach: a case study of Eastern Banlieue memory industrial Park, China",2023,Journal of Asian Architecture and Building Engineering,thermal,0,thermal,cognition,positive,,medium,abstract_only_reduced_table,abstract_only,"ABSTRACT With the normalization of the COVID-19 pandemic prevention and control, there is an urgent need to develop a healthy urban public space. However, because of the fast urbanization process with a series of problems, such as PM2.5 air pollution, the Urban Heat Island, and the relatively high frequency of stati...",no,rct_interventional,case_study
doi:10.1016/j.isci.2025.114210,10.1016/j.isci.2025.114210,Pediatric critical illness endotypes reveal distinct outcomes and immune pathways shared across cause of illness.,2025,iScience,air,0,air_quality,cognition,mixed,,medium,abstract_only_reduced_table,abstract_only,"Characterization of shared patterns of immune responses in critical illnesses, known as ""endotypes,"" may have therapeutic significance. Using unsupervised k-means clustering of genome-wide gene expression profiling, we derived, validated, and assigned endotype membership in 382 children with diverse critical illness...",no,rct_interventional,empirical_v2
doi:10.1111/nicc.70299,10.1111/nicc.70299,Family Partnership in Hypnosis to Improve Mechanical Ventilation Weaning in an ICU Patient With High Cervical Spinal Cord Injury-A Case Report.,2026,Nursing in critical care,affect,0,unspecified_environment,stress,negative,,low,abstract_only_reduced_table,abstract_only;weak_variable_resolution,"Quadriplegia often leads to severe respiratory impairment, accompanied by distressing symptoms such as dyspnoea and breathlessness. Ventilator weaning remains a challenge in the acute phase of high cervical spinal cord injury. We present the case of a 27-year-old man with traumatic C5-C6 quadriplegia. His clinical c...",no,rct_interventional,case_study
doi:10.1371/journal.pone.0337604,10.1371/journal.pone.0337604,A blended modeling framework for real-time design and verification of safety-critical embedded systems.,2025,PloS one,cognition,0,unspecified_environment,productivity,unknown,,low,abstract_only_reduced_table,abstract_only;weak_variable_resolution,"Embedded systems often require multiple representations for design, verification, and implementation, ranging from low-level programming languages to high-level formal models and domain-specific abstractions. Generally, synchronization among different representations or notations is achieved manually, a process that...",no,rct_interventional,conceptual_framework
doi:10.1152/japplphysiol.00298.2004,10.1152/japplphysiol.00298.2004,Effect of sighs on breathing memory and dynamics in healthy infants,2004,Journal of Applied Physiology,air,0,air_quality,cognition,mixed,,medium,abstract_only_reduced_table,abstract_only,"Deep inspirations (sighs) play a significant role in altering lung mechanical and airway wall function; however, their role in respiratory control remains unclear. We examined whether sighs act via a resetting mechanism to improve control of the respiratory regulatory system. Effects of sighs on system variability, ...",no,rct_interventional,theoretical
doi:10.1136/bmjopen-2024-092321,10.1136/bmjopen-2024-092321,Effect of high-flow nasal oxygen therapy on cardiac cycle efficiency in coronary artery disease patients undergoing endoscopy: study protocol for randomised controlled trial.,2025,BMJ open,other,0,unspecified_environment,stress,mixed,,low,abstract_only_reduced_table,abstract_only;weak_variable_resolution,"Patients with coronary artery disease (CAD) have diminished tolerance for gastrointestinal endoscopy procedures (upper/lower) performed under deep sedation, resulting in increased incidence rates of hypotension and myocardial ischaemia among these patients. Avoiding hypoxemia caused by deep sedation and increased ox...",no,rct_interventional,empirical_v2
doi:10.1001/jama.2024.26429,10.1001/jama.2024.26429,Pridopidine in Amyotrophic Lateral Sclerosis: The HEALEY ALS Platform Trial.,2025,JAMA,other,0,unspecified_environment,unspecified_outcome,unknown,,low,abstract_only_reduced_table,abstract_only;weak_variable_resolution,Amyotrophic lateral sclerosis (ALS) is a fatal disease. The sigma-1 (σ1) receptor emerged as a target for intervention.,no,rct_interventional,empirical_v2
doi:10.1093/eurheartj/ehm037,10.1093/eurheartj/ehm037,How to diagnose diastolic heart failure: a consensus statement on the diagnosis of heart failure with normal left ventricular ejection fraction by the Heart Failure and Echocardiography Associations of the European Society of Cardiology,2007,European Heart Journal,cognition,0,unspecified_environment,attention,mixed,,low,abstract_only_reduced_table,abstract_only;weak_variable_resolution,Diastolic heart failure (DHF) currently accounts for more than 50% of all heart failure patients. DHF is also referred to as heart failure with normal left ventricular (LV) ejection fraction (HFNEF) to indicate that HFNEF could be a precursor of heart failure with reduced LVEF. Because of improved cardiac imaging an...,no,rct_interventional,empirical_v2
doi:10.1056/nejmoa1208410,10.1056/nejmoa1208410,Intraaortic Balloon Support for Myocardial Infarction with Cardiogenic Shock,2012,New England Journal of Medicine,other,0,unspecified_environment,unspecified_outcome,null,,low,abstract_only_reduced_table,abstract_only;weak_variable_resolution,The use of intraaortic balloon counterpulsation did not significantly reduce 30-day mortality in patients with cardiogenic shock complicating acute myocardial infarction for whom an early revascularization strategy was planned. (Funded by the German Research Foundation and others; IABP-SHOCK II ClinicalTrials.gov nu...,no,rct_interventional,empirical_v2
doi:10.1016/S1474-4422(23)00313-7,10.1016/S1474-4422(23)00313-7,"Safety and efficacy of gene replacement therapy for X-linked myotubular myopathy (ASPIRO): a multinational, open-label, dose-escalation trial.",2023,The Lancet. Neurology,other,0,unspecified_environment,unspecified_outcome,unknown,,low,abstract_only_reduced_table,abstract_only;weak_variable_resolution,"X-linked myotubular myopathy is a rare, life-threatening, congenital muscle disease observed mostly in males, which is caused by mutations in MTM1. No therapies are approved for this disease. We aimed to assess the safety and efficacy of resamirigene bilparvovec, which is an adeno-associated viral vector serotype 8 ...",no,rct_interventional,empirical_v2
doi:10.1016/j.aucc.2022.10.015,10.1016/j.aucc.2022.10.015,Effects of early cognitive rehabilitation training on cognitive function and quality of life in critically ill patients with cognitive impairment: A randomised controlled trial.,2023,Australian critical care : official journal of the Confederation of Australian Critical Care Nurses,cognition,0,unspecified_environment,cognition,positive,,low,abstract_only_reduced_table,abstract_only;weak_variable_resolution,"Patients often develop cognitive dysfunction during admission to the ICU and after being transferred out of the ICU, which leads to physical disorders, sleep disorders, and psychological stress.Cognitive rehabilitation training can significantly improve patients' planning, decision-making ability, and executive func...",no,rct_interventional,empirical_v2
doi:10.1007/s41105-017-0099-5,10.1007/s41105-017-0099-5,Effects of sleep deprivation on cognitive and physical performance in university students.,2017,Sleep and biological rhythms,cognition,0,unspecified_environment,attention,unknown,,low,abstract_only_reduced_table,abstract_only;weak_variable_resolution,"Sleep deprivation is common among university students, and has been associated with poor academic performance and physical dysfunction. However, current literature has a narrow focus in regard to domains tested, this study aimed to investigate the effects of a night of sleep deprivation on cognitive and physical per...",no,rct_interventional,empirical_v2
doi:10.1186/s13054-025-05626-x,10.1186/s13054-025-05626-x,Comparison of two transpulmonary pressure-based positive end-expiratory pressure titration strategies in acute respiratory distress syndrome: a randomized crossover study.,2025,"Critical care (London, England)",affect,0,unspecified_environment,stress,unknown,,low,abstract_only_reduced_table,abstract_only;weak_variable_resolution,"Esophageal pressure monitoring, which enables the estimation of transpulmonary pressure, has been proposed to personalize ventilator settings, particularly positive end-expiratory pressure (PEEP), in patients with acute respiratory distress syndrome (ARDS). Two conceptually different transpulmonary pressure-based PE...",no,rct_interventional,empirical_v2
doi:10.1164/rccm.202411-2254OC,10.1164/rccm.202411-2254OC,"Treatment with Allogenic Mesenchymal Stromal Cells for Moderate to Severe Acute Respiratory Distress Syndrome: A Double-Blind, Placebo-controlled, Multi-Center, Phase 2b Clinical Trial (STAT).",2025,American journal of respiratory and critical care medicine,affect,0,unspecified_environment,stress,unknown,,low,abstract_only_reduced_table,abstract_only;weak_variable_resolution,"Prior clinical trials established the safety, but not the efficacy of bone marrow-derived mesenchymal stromal cells (MSCs) in the acute respiratory distress syndrome (ARDS).",no,rct_interventional,empirical_v2
doi:10.1152/japplphysiol.00325.2023,10.1152/japplphysiol.00325.2023,Elevated muscle pain induced by a hypertonic saline injection reduces power output independent of physiological changes during fixed perceived effort cycling.,2024,"Journal of applied physiology (Bethesda, Md. : 1985)",affect,0,unspecified_environment,productivity,negative,,low,abstract_only_reduced_table,abstract_only;weak_variable_resolution,"Pain is a naturally occurring phenomenon that consistently inhibits exercise performance by imposing unconscious, neurophysiological alterations (e.g., corticospinal changes) as well as conscious, psychophysiological pressures (e.g., shared effort demands). Although several studies indicate that pain would elicit lo...",no,rct_interventional,empirical_v2
doi:10.7739/jkafn.2021.28.3.361,10.7739/jkafn.2021.28.3.361,Development and Effects of a Mechanical Ventilation Education Program with Blended Learning for Nursing Students,2021,Journal of Korean Academy of Fundamentals of Nursing,air,0,air_quality,productivity,positive,33,medium,abstract_only_reduced_table,abstract_only;n=33,Purpose: This study describes the development and implementation of a mechanical ventilation education program with a blended learning method for nursing students.Methods: Sixty-five nursing students were recruited either to the experimental group (n=33) or to the control group (n=32) in May 2020. This program was d...,no,rct_interventional,empirical_v2
doi:10.1186/s12909-025-07316-2,10.1186/s12909-025-07316-2,Development and effects of a chatbot education program for self-directed learning in nursing students,2025,BMC Medical Education,air,0,air_quality,unspecified_outcome,positive,,low,abstract_only_reduced_table,abstract_only;weak_variable_resolution,"Critical care nurses require adequate thinking skills to assess the condition of acutely-ill patients, make decisions, and implement appropriate interventions. Specifically, precise knowledge and swift response to mechanical ventilation-related nursing are of utmost importance. Educational needs of clinical nurses r...",no,rct_interventional,empirical_v2
doi:10.1097/ccm.0000000000002952,10.1097/ccm.0000000000002952,"Determinants of Health-Related Quality of Life After ICU: Importance of Patient Demographics, Previous Comorbidity, and Severity of Illness",2017,Critical Care Medicine,air,0,air_quality,sleep,mixed,240,medium,abstract_only_reduced_table,abstract_only;n=240,"Objectives: ICU survivors frequently report reduced health-related quality of life, but the relative importance of preillness versus acute illness factors in survivor populations is not well understood. We aimed to explore health-related quality of life trajectories over 12 months following ICU discharge, patterns o...",no,rct_interventional,observational_field
doi:10.1038/s41598-024-52908-5,10.1038/s41598-024-52908-5,"Reduced health-related quality of life, fatigue, anxiety and depression affect COVID-19 patients in the long-term after chronic critical illness",2024,Scientific Reports,cognition,0,air_quality,attention,positive,,medium,abstract_only_reduced_table,abstract_only,"Abstract The term chronic critical illness describes patients suffering from persistent organ dysfunction and prolonged mechanical ventilation. In severe cases, COVID-19 led to chronic critical illness. As this population was hardly investigated, we evaluated the health-related quality of life, physical, and mental ...",no,rct_interventional,observational_field
doi:10.1097/MD.0000000000044315,10.1097/MD.0000000000044315,Mental and behavioral abnormalities caused by occlusion of the right coronary artery: A case report,2025,Medicine,acoustic,0,noise,sleep,unknown,,low,abstract_only_reduced_table,abstract_only,"Rationale: Mental and behavioral abnormalities are difficult neurological conditions, and the site of the lesion may involve the basal ganglia. Its etiology is varied and requires a detailed differential diagnosis. Patient concerns: An 81-year-old woman had a history of “cerebral infarction” for 5 years. She could w...",no,rct_interventional,case_study
doi:10.1001/jama.2021.3331,10.1001/jama.2021.3331,Four-Month Clinical Status of a Cohort of Patients After Hospitalization for COVID-19,2021,JAMA,other,0,unspecified_environment,unspecified_outcome,unknown,,low,abstract_only_reduced_table,abstract_only;weak_variable_resolution,"Four months after hospitalization for COVID-19, a cohort of patients frequently reported symptoms not previously present, and lung-scan abnormalities were common among those who were tested. These findings are limited by the absence of a control group and of pre-COVID assessments in this cohort. Further research is ...",no,rct_interventional,observational_field
doi:10.17660/actahortic.2004.643.21,10.17660/actahortic.2004.643.21,URBAN HORTICULTURE IN THE CONTEMPORARY UNITED STATES: PERSONAL AND COMMUNITY BENEFITS,2004,Acta Horticulturae,biophilic,0,biophilia,stress,mixed,,medium,abstract_only_reduced_table,abstract_only,"The early history of urban gardens in the United States of America is one of food production in response to war, economic depression, and short-lived civic reform movements. During the past thirty years, a broad-based community garden movement has spawned a wide variety of social, economic, health, and educational b...",no,rct_interventional,thought_piece
doi:10.1186/s13054-022-04021-0,10.1186/s13054-022-04021-0,Prone positioning improves ventilation–perfusion matching assessed by electrical impedance tomography in patients with ARDS: a prospective physiological study,2022,Critical Care,air,0,air_quality,unspecified_outcome,mixed,,low,abstract_only_reduced_table,abstract_only;weak_variable_resolution,"Background The physiological effects of prone ventilation in ARDS patients have been discussed for a long time but have not been fully elucidated. Electrical impedance tomography (EIT) has emerged as a tool for bedside monitoring of pulmonary ventilation and perfusion, allowing the opportunity to obtain data. This s...",no,rct_interventional,empirical_v2
doi:10.1186/s13613-020-00743-y,10.1186/s13613-020-00743-y,Physiological effects of adding ECCO2R to invasive mechanical ventilation for COPD exacerbations,2020,Annals of Intensive Care,air,0,air_quality,unspecified_outcome,mixed,,low,abstract_only_reduced_table,abstract_only;weak_variable_resolution,Extracorporeal CO2 removal (ECCO2R) could be a valuable additional modality for invasive mechanical ventilation (IMV) in COPD patients suffering from severe acute exacerbation (AE). We aimed to evaluate in such patients the effects of a low-to-middle extracorporeal blood flow device on both gas exchanges and dynamic...,no,rct_interventional,empirical_v2
doi:10.1186/s40560-022-00604-9,10.1186/s40560-022-00604-9,Ultraprotective versus apneic ventilation in acute respiratory distress syndrome patients with extracorporeal membrane oxygenation: a physiological study,2022,Journal of Intensive Care,air,0,air_quality,stress,mixed,,medium,abstract_only_reduced_table,abstract_only,"Background Even an ultraprotective ventilation strategy in severe acute respiratory distress syndrome (ARDS) patients treated with extracorporeal membrane oxygenation (ECMO) might induce ventilator-induced lung injury and apneic ventilation with the sole application of positive end-expiratory pressure may, therefore...",no,rct_interventional,empirical_v2
doi:10.1186/s12887-016-0717-4,10.1186/s12887-016-0717-4,Physiological effects of invasive ventilation with neurally adjusted ventilatory assist (NAVA) in a crossover study,2016,BMC Pediatrics,air,0,air_quality,attention,mixed,,medium,abstract_only_reduced_table,abstract_only,"BackgroundNeurally Adjusted Ventilatory Assist (NAVA) is a mode of assisted mechanical ventilation that delivers inspiratory pressure proportionally to the electrical activity of the diaphragm. To date, no pediatric study has focused on the effects of NAVA on hemodynamic parameters. This physiologic study with a ran...",no,rct_interventional,empirical_v2
doi:10.1038/srep29947,10.1038/srep29947,Sphenopalatine Ganglion Acupuncture Improves Nasal Ventilation and Modulates Autonomic Nervous Activity in Healthy Volunteers: A Randomized Controlled Study,2016,Scientific Reports,air,0,air_quality,unspecified_outcome,null,,low,abstract_only_reduced_table,abstract_only;weak_variable_resolution,The study aimed to assess the effects of Sphenopalatine ganglion (SPG) acupuncture on nasal ventilation function and autonomic nervous system in health volunteers. 39 healthy subjects were randomly assigned to either active SPG acupuncture group (AA group) or sham-SPG acupuncture group (SA group). All subjects were ...,no,rct_interventional,empirical_v2
doi:10.1177/1099800408314707,10.1177/1099800408314707,Autonomic Tone in Medical Intensive Care Patients Receiving Mechanical Ventilation and During a CPAP Weaning Trial,2008,Biological Research For Nursing,air,0,air_quality,unspecified_outcome,unknown,43,low,abstract_only_reduced_table,abstract_only;n=43;weak_variable_resolution,"Mechanical ventilator support and the resumption of spontaneous ventilation or weaning create significant alterations in alveolar and intrathoracic pressure that influence thoracic blood volume and flow. Compensatory autonomic tone alterations occur to ensure adequate tissue oxygen delivery, but autonomic responses ...",no,rct_interventional,empirical_v2
doi:10.1186/s12890-021-01621-4,10.1186/s12890-021-01621-4,Living conditions and autonomy levels in COPD patients receiving non-invasive ventilation: impact on health related quality of life,2021,BMC Pulmonary Medicine,air,0,air_quality,unspecified_outcome,mixed,127,low,abstract_only_reduced_table,abstract_only;n=127;weak_variable_resolution,"Abstract Background Research on health-related quality of life (HRQL) has become increasingly important in recent decades. However, the impact of both living conditions and the level of autonomy impairments on HRQL in COPD patients receiving non-invasive ventilation (NIV) is still unclear. Methods The Severe Respira...",no,rct_interventional,observational_field
doi:10.1097/CRD.0000000000001161,10.1097/CRD.0000000000001161,"Sedation, Sleep, and Sudden Death: How ICU Sedation Alters Cardiac Rhythmicity and Autonomic Tone.",2026,Cardiology in review,light,0,biophilia,sleep,mixed,,medium,abstract_only_reduced_table,abstract_only,"Sedation is essential for modern intensive care management, yet its effects on autonomic regulation, circadian biology, and cardiac electrophysiology remain incompletely understood. This review synthesizes current evidence on how commonly used sedative agents influence autonomic tone, sleep architecture, and electro...",no,rct_interventional,empirical_v2
doi:10.1042/CS20258191,10.1042/CS20258191,In vivo and ex vivo cardiovascular haemodynamic responses of preterm growth-restricted lambs to perinatal asphyxia.,2025,"Clinical science (London, England : 1979)",air,0,air_quality,unspecified_outcome,mixed,,low,abstract_only_reduced_table,abstract_only;weak_variable_resolution,"Fetal growth restriction (FGR) arises from chronic hypoxia and increases the risk of cardiovascular dysfunction following perinatal asphyxia, although underlying mechanisms remain unclear. We investigated whether cardiovascular responses to asphyxia are impaired in preterm FGR lambs and whether this arises from α1- ...",no,rct_interventional,theoretical
doi:10.1177/0148607115621863,10.1177/0148607115621863,Guidelines for the Provision and Assessment of Nutrition Support Therapy in the Adult Critically Ill Patient,2016,Journal of Parenteral and Enteral Nutrition,cognition,0,unspecified_environment,attention,positive,,low,abstract_only_reduced_table,abstract_only;weak_variable_resolution,This document represents the first collaboration between 2 organizations-the American Society for Parenteral and Enteral Nutrition and the Society of Critical Care Medicine-to describe best practices in nutrition therapy in critically ill children. The target of these guidelines is intended to be the pediatric criti...,no,rct_interventional,observational_field
doi:10.1186/s40635-024-00709-5,10.1186/s40635-024-00709-5,Modification in ICU design may influence circadian serum cholinesterase activities: a proof-of-concept pilot study,2024,Intensive Care Medicine Experimental,light,0,daylight,cognition,positive,34,medium,abstract_only_reduced_table,abstract_only;n=34,"Deficits in cholinergic function are assumed to cause cognitive decline. Studies have demonstrated that changes in serum cholinesterase activities are associated with a higher incidence of delirium in critically ill patients. Additionally, basic research indicates that the cholinergic and circadian systems are inter...",no,rct_interventional,empirical_v2
doi:10.1038/s41467-025-64207-2,10.1038/s41467-025-64207-2,"Breathable, wearable skin analyzer for reliable long-term monitoring of skin barrier function and individual environmental health impacts.",2025,Nature communications,air,0,air_quality,sleep,positive,,medium,abstract_only_reduced_table,abstract_only,"Monitoring skin health through parameters like skin hydration (SH) and transepidermal water loss (TEWL) is vital for diagnosing skin conditions and identifying disease factors. Conventional devices and survey-based methods often fail to deliver accurate diagnoses due to circadian rhythms of skin health data, limited...",no,rct_interventional,empirical_v2
doi:10.1097/CCM.0000000000003106,10.1097/CCM.0000000000003106,"Distinct Biological Effects of Time-Controlled Adaptive Ventilation in Pulmonary and Extrapulmonary Acute Respiratory Distress Syndrome: ""One Small Step for Rats, One Giant Leap for Humans?""",2018,Critical Care Medicine,cognition,0,unspecified_environment,cognition,mixed,,low,abstract_only_reduced_table,abstract_only;weak_variable_resolution,1038 www.ccmjournal.org June 2018 • Volume 46 • Number 6 ill adults with a high risk of delirium: The REDUCE randomized clinical trial. JAMA 2018; 319:680–690 8. Maldonado JR: Neuropathogenesis of delirium: Review of current etiologic theories and common pathways. Am J Geriatr Psychiatry 2013; 21:1190–1222 9. Gile J...,no,rct_interventional,empirical_v2
doi:10.1111/sjop.70069,10.1111/sjop.70069,"Parents Develop Long-Term Disgust Habituation, but Only After Beginning to Wean Their Children.",2026,Scandinavian journal of psychology,cognition,0,unspecified_environment,cognition,mixed,99,low,abstract_only_reduced_table,abstract_only;n=99;weak_variable_resolution,Disgust helps humans avoid potentially pathogenic substances such as bodily effluvia. This reduces illness risks and is difficult to overcome with cognitive strategies or through short-term habituation (minutes to hours). Whether long-term habituation (months to years) exists is an unsolved question. While regular p...,no,rct_interventional,empirical_v2
doi:10.55730/1300-0144.6129,10.55730/1300-0144.6129,Endocrine disruptors and children's health.,2025,Turkish journal of medical sciences,cognition,0,unspecified_environment,attention,negative,,low,abstract_only_reduced_table,abstract_only;weak_variable_resolution,"Endocrine-disrupting chemicals (EDCs) are environmental contaminants that disrupt hormonal regulation by mimicking, inhibiting, or modifying endocrine signaling pathways. EDCs are commonly present in plastics, pesticides, industrial byproducts, and personal care products and pose substantial health risks, particular...",no,rct_interventional,theoretical
doi:10.1007/s00221-024-06951-3,10.1007/s00221-024-06951-3,Trajectory priming through obstacle avoidance in motor imagery - does motor imagery comprise the spatial characteristics of movement?,2024,Experimental brain research,other,0,unspecified_environment,unspecified_outcome,positive,,low,abstract_only_reduced_table,abstract_only;weak_variable_resolution,"Motor imagery and execution often indicate a similar trend in the temporal characteristics of movements. This finding supports the notion of functional equivalence, whereby imagery and execution use a common neural representation. However, there is comparatively limited evidence related to the spatial characteristic...",no,rct_interventional,empirical_v2
doi:10.1186/s12302-021-00543-6,10.1186/s12302-021-00543-6,Natural toxins: environmental contaminants calling for attention,2021,Environmental Sciences Europe,biophilic,0,biophilia,attention,unknown,,low,abstract_only_reduced_table,abstract_only,"Biosynthetic toxic compounds from plants and cyanobacteria constitute a chemically diverse family of at least 20,000 compounds. Recent work with natural toxin databases and toxin characterization shows that the majority of natural toxins are polar and mobile, with toxicity ranging from low to very high, while persis...",no,rct_interventional,thought_piece
doi:10.1021/acs.est.3c06487,10.1021/acs.est.3c06487,Synthetic Antioxidants as Contaminants of Emerging Concern in Indoor Environments: Knowns and Unknowns.,2023,Environmental Science and Technology,cognition,0,unspecified_environment,attention,unknown,,low,abstract_only_reduced_table,abstract_only;weak_variable_resolution,"Synthetic antioxidants, including synthetic phenolic antioxidants (SPAs), amine antioxidants (AAs), and organophosphite antioxidants (OPAs), are essential additives for preventing oxidative aging in various industrial and consumer products. Increasing attention has been paid to the environmental contamination caused...",no,rct_interventional,thought_piece
doi:10.1016/j.ecoenv.2026.119728,10.1016/j.ecoenv.2026.119728,"Source analysis and Monte Carlo-based risk assessment of groundwater heavy metal contamination in typical industrial regions of Jiangxi, China.",2026,Ecotoxicology and environmental safety,cognition,0,unspecified_environment,attention,positive,,low,abstract_only_reduced_table,abstract_only;weak_variable_resolution,"Groundwater is a crucial water resource that underpins human survival and industrial and agricultural development. The pollution levels and health risks of heavy metals in the groundwater have garnered substantial attention. This study investigated the pollution characteristics, sources, and ecological and health ri...",no,rct_interventional,theoretical
doi:10.3390/w17213061,10.3390/w17213061,From Sources to Environmental Risks: Research Progress on Per- and Polyfluoroalkyl Substances (PFASs) in River and Lake Environments,2025,Water,biophilic,0,biophilia,attention,unknown,,low,abstract_only_reduced_table,abstract_only,"Per- and polyfluoroalkyl substances (PFASs) have attracted global attention due to their persistence and biological toxicity, becoming critical emerging contaminants in river and lake environments worldwide. Building upon existing studies, this work aims to comprehensively understand the pollution patterns, environm...",no,rct_interventional,conceptual_framework
doi:10.1016/j.envres.2025.121973,10.1016/j.envres.2025.121973,Estimating the bioaccessibility of trace elements in sediment to fish: a review of in vitro experimental approaches.,2025,Environmental research,cognition,0,thermal,attention,positive,,medium,abstract_only_reduced_table,abstract_only,"Human activities dominate the geochemical cycles of many trace elements (TEs), with broad implications for the health of aquatic systems worldwide. In particular, industrial discharges, agricultural runoff, and urban effluents have significantly altered the natural biogeochemical distribution of TEs in freshwater an...",no,rct_interventional,empirical_v2
doi:10.1002/cad.20478,10.1002/cad.20478,Associations between developmental exposure to environmental contaminants and spatial navigation in late adolescence.,2022,New Directions for Child and Adolescent Development,cognition,0,unspecified_environment,attention,unknown,,low,abstract_only_reduced_table,abstract_only;weak_variable_resolution,"Inuit communities in Northern Quebec (Canada) are exposed to environmental contaminants, particularly to mercury, lead and polychlorinated biphenyls (PCBs). Previous studies reported adverse associations between these neurotoxicants and memory performance. Here we aimed to determine the associations of pre- and post...",no,rct_interventional,empirical_v2
doi:10.1080/00218839.2023.2186018,10.1080/00218839.2023.2186018,Effects of octopamine on memory retention under chemical stress: a behavioral study on honey bees,2023,Journal of Apicultural Research,cognition,0,unspecified_environment,stress,null,,low,abstract_only_reduced_table,abstract_only;weak_variable_resolution,"Abstract Honey bees may experience the adverse effects of environmental contaminants when exposed during foraging trips, or something to that effect. We hypothesized that octopamine (OA), with important functions in reward signaling and learning, can improve the behavior of honey bees under chemical stress. Memory r...",no,rct_interventional,empirical_v2
doi:10.1111/psyp.70220,10.1111/psyp.70220,An Electroencephalographic Investigation of the Impact of Eye Movements in a Memory Probe Task.,2026,Psychophysiology,acoustic,0,noise,cognition,positive,,medium,abstract_only_reduced_table,abstract_only,"Lateral saccades represent a major source of noise and confounds, particularly for event-related potentials (ERPs) that rely on hemispheric imbalances in neural activity elicited by lateralized stimuli during central fixation. These include lateralized ERPs such as the contralateral delay activity (CDA), which index...",no,rct_interventional,empirical_v2
doi:10.1016/j.saa.2025.127358,10.1016/j.saa.2025.127358,PLSTM-MTGF: A deep learning fusion model enabling real-time multi-target monitoring of penicillin fermentation via near-infrared spectroscopy.,2026,"Spectrochimica acta. Part A, Molecular and biomolecular spectroscopy",cognition,0,spatial_layout,attention,unknown,,low,abstract_only_reduced_table,abstract_only,"Real-time, multi-parameter monitoring is essential for optimizing industrial penicillin fermentation, yet conventional assays are slow and prone to contamination. This study introduces a lightweight dual-stream fusion model-Partial Least Squares Regression-Long Short-Term Memory with Multi-Task Gated Fusion (PLSTM-M...",no,rct_interventional,theoretical
doi:10.1242/jeb.086538,10.1242/jeb.086538,"Effects of fluvalinate on honey bee learning, memory, responsiveness to sucrose, and survival",2013,Journal of Experimental Biology,cognition,0,unspecified_environment,cognition,unknown,,low,abstract_only_reduced_table,abstract_only;weak_variable_resolution,"Summary Contaminants can affect organisms' behaviour and, as a consequence, survival. Tau-fluvalinate (hereafter fluvalinate) is the active ingredient in a pesticide commonly used in North America to control Varroa destructor (Anderson and Trueman) mites in honey bee (Apis mellifera Linnaeus) colonies. Fluvalinate's...",no,rct_interventional,empirical_v2
doi:10.1111/gcb.12603,10.1111/gcb.12603,Horizon scanning for invasive alien species with the potential to threaten biodiversity in Great Britain,2014,Global Change Biology,biophilic,0,biophilia,stress,unknown,,low,abstract_only_reduced_table,abstract_only,"Abstract Invasive alien species ( IAS ) are considered one of the greatest threats to biodiversity, particularly through their interactions with other drivers of change. Horizon scanning, the systematic examination of future potential threats and opportunities, leading to prioritization of IAS threats is seen as an ...",no,rct_interventional,empirical_v2
doi:10.1016/j.scitotenv.2010.12.029,10.1016/j.scitotenv.2010.12.029,Why and how to combine evidence in environmental assessments: weighing evidence and building cases.,2011,The Science of the total environment,other,0,unspecified_environment,unspecified_outcome,unknown,,low,abstract_only_reduced_table,abstract_only;weak_variable_resolution,"All types of environmental decisions benefit from assessments that assemble and analyze diverse evidence. The diversity of that evidence creates complexities that can be managed using an explicit, well-designed process. We suggest two adaptations from the legal lexicon, weight of evidence and building a case. When w...",no,rct_interventional,case_study
doi:10.1038/s41598-024-64486-7,10.1038/s41598-024-64486-7,Evaluation of machine learning models for predicting TiO2 photocatalytic degradation of air contaminants,2024,Scientific Reports,thermal,0,thermal,unspecified_outcome,positive,,low,abstract_only_reduced_table,abstract_only;weak_variable_resolution,The escalation of global urbanization and industrial expansion has resulted in an increase in the emission of harmful substances into the atmosphere. Evaluating the effectiveness of titanium dioxide (TiO2) in photocatalytic degradation through traditional methods is resource-intensive and complex due to the detailed...,no,rct_interventional,empirical_v2
doi:10.1038/s41598-025-96193-2,10.1038/s41598-025-96193-2,Computational insights into exploring the potential effects of environmental contaminants on human health,2025,Scientific Reports,other,0,unspecified_environment,unspecified_outcome,positive,,low,abstract_only_reduced_table,abstract_only;weak_variable_resolution,"With rapid industrialization and urbanization, the increasing prevalence of air and water pollutants poses a significant threat to public health. Traditional research methods, such as epidemiological studies and in vitro/in vivo experiments, provide valuable biological insights but are often costly, time-consuming, ...",no,rct_interventional,theoretical
doi:10.3390/biology10090932,10.3390/biology10090932,Artificial Intelligence Meets Marine Ecotoxicology: Applying Deep Learning to Bio-Optical Data from Marine Diatoms Exposed to Legacy and Emerging Contaminants,2021,Biology,other,0,unspecified_environment,attention,unknown,,low,abstract_only_reduced_table,abstract_only;weak_variable_resolution,"Simple Summary Our work is motivated by the increasing production of chemicals with environmentally harmful effects to our aquatic ecosystems. We show that it is possible to detect and distinguish the presence of several different emerging contaminants, using the photochemical responses of a microalgae species, whic...",no,rct_interventional,empirical_v2
doi:10.1007/s10653-026-02975-6,10.1007/s10653-026-02975-6,Synergistic microbial consortia in the bioremediation of heavy metal-contaminated wastewater: mechanisms and sustainability perspectives.,2026,Environmental geochemistry and health,other,0,unspecified_environment,productivity,mixed,,low,abstract_only_reduced_table,abstract_only;weak_variable_resolution,"Heavy metals (HMs) are mostly toxic to all forms of life and are tenacious environmental pollutants. Rapid industrialization, urban development, and unsustainable agricultural implications lead to their accumulation in soil and water ecosystems, promoting serious ecological and health risks. In course of time, the g...",no,rct_interventional,thought_piece
doi:10.1136/bjsports-2018-099027,10.1136/bjsports-2018-099027,IOC consensus statement: dietary supplements and the high-performance athlete,2018,British Journal of Sports Medicine,affect,0,unspecified_environment,productivity,positive,,low,abstract_only_reduced_table,abstract_only;weak_variable_resolution,"Nutrition usually makes a small but potentially valuable contribution to successful performance in elite athletes, and dietary supplements can make a minor contribution to this nutrition programme. Nonetheless, supplement use is widespread at all levels of sport. Products described as supplements target different is...",no,rct_interventional,thought_piece
sha256:c0fea39b380b,,European isolation and confinement study. Cognitive fatigue in complex decision-making.,1993,Advances in space biology and medicine,cognition,0,unspecified_environment,cognition,positive,,low,abstract_only_reduced_table,abstract_only;weak_variable_resolution,"In six healthy males, confined in a hyperbaric chamber complex for 4 weeks, mental fatigue was assessed by means of a Working Memory Test. This test involved a decision-making task, which concerned the management of the chemical environment of a spacecraft affected by the presence of contaminants. Five items of refe...",no,rct_interventional,empirical_v2
sha256:645099d9d2b2,,Menace of Air Pollution Worldwide,2011,,air,0,air_quality,attention,positive,,medium,abstract_only_reduced_table,abstract_only,"Air pollution is the introduction of chemicals, particulate matter, or biological materials that cause harm or discomfort to humans or other living organisms, or cause damage to the natural environment or built environment, into the atmosphere. The atmosphere is a complex dynamic natural gaseous system that is essen...",no,rct_interventional,empirical_v2
doi:10.3390/jox15040113,10.3390/jox15040113,Combined Effects of Nano-Polystyrene and Heavy Metal Mixture on the Bioaccumulation of Heavy Metals and Physiological Changes in Macrobrachium rosenbergii,2025,Journal of Xenobiotics,affect,0,unspecified_environment,stress,mixed,,low,abstract_only_reduced_table,abstract_only;weak_variable_resolution,"Contaminants such as nano-polystyrenes (NPs) and heavy metal cocktail (HMC) have been found to disrupt physiological functions in aquatic organisms. Although HMC and NPs alone induce oxidative stress, their combined effects are not well understood. This study aimed to assess the combined effects of HMC and NPs on th...",no,rct_interventional,empirical_v2
doi:10.1007/s12223-025-01412-y,10.1007/s12223-025-01412-y,Biosynthesis of auxin under cr (VI) stress conditions by thermophilic Brevibacillus borstelensis SSAU-3T.,2026,Folia microbiologica,biophilic,0,thermal,stress,negative,,medium,abstract_only_reduced_table,abstract_only,"Rapid industrialization, technological advancement, excessive use of chemical fertilizers, and ongoing climatic fluctuations have collectively imposed severe stress on global agricultural productivity. Among the various environmental pollutants, hexavalent chromium (Cr (VI)) poses a substantial threat to plant growt...",no,rct_interventional,theoretical
doi:10.1074/jbc.x200007200,10.1074/jbc.x200007200,The Pentose Phosphate Pathway,2002,Journal of Biological Chemistry,air,0,air_quality,unspecified_outcome,null,,low,abstract_only_reduced_table,abstract_only;weak_variable_resolution,I received my basic training in enzymology as a graduate student in the laboratory of Professor T. R. Hogness at the University of Chicago from 1936 to 1939. Hogness had constructed a photoelectric spectrophotometer modeled after the one in Otto Warburg's laboratory in Berlin-Dahlem. I was assigned a problem on succ...,no,rct_interventional,theoretical
sha256:a6c10759e114,,Design and performance of bacteria-based self-healing Concrete,2016,The University of Bath Online Publications Store (The University of Bath),other,0,unspecified_environment,unspecified_outcome,unknown,,low,abstract_only_reduced_table,abstract_only;weak_variable_resolution,"The effect of water-borne contaminants on the durability of concrete is was well-known and cracked concrete is more susceptible to permeation of these contaminants. Consequently, research is attempting to develop concrete that can self-heal cracks, potentially reducing costs of repair and maintenance work on infrast...",no,rct_interventional,empirical_v2
doi:10.1016/j.brat.2025.104701,10.1016/j.brat.2025.104701,Neuromodulation of heart rate and heart rate variability in a randomized controlled trial of tDCS-augmented in vivo exposure for specific fears.,2025,Behaviour research and therapy,other,0,unspecified_environment,unspecified_outcome,positive,49,low,abstract_only_reduced_table,abstract_only;n=49;weak_variable_resolution,"This study evaluated the prediction that tDCS-augmented in vivo exposure (IVE) for specific fears would result in durable changes in heart rate (BPM) and heart-rate variability (HRV) during and just after exposure to feared targets. In a double-blind, placebo-controlled trial, participants with contamination- and an...",no,rct_interventional,empirical_v2
doi:10.1371/journal.pone.0258374,10.1371/journal.pone.0258374,Multiple metals influence distinct properties of the Arabidopsis circadian clock,2021,bioRxiv,light,0,biophilia,mood,mixed,,medium,abstract_only_reduced_table,abstract_only,"Circadian rhythms coordinate endogenous events with external signals, and are essential to biological function. When environmental contaminants affect these rhythms, the organism may experience fitness consequences such as reduced growth or increased susceptibility to pathogens. In their natural environment plants m...",no,rct_interventional,empirical_v2
doi:10.2486/indhealth.SW-2,10.2486/indhealth.SW-2,Working Time Society consensus statements: Circadian time structure impacts vulnerability to xenobiotics—relevance to industrial toxicology and nonstandard work schedules,2019,Industrial Health,light,0,unspecified_environment,attention,positive,,low,abstract_only_reduced_table,abstract_only;weak_variable_resolution,"The circadian time structure (CTS) has long been the subject of research in occupational medicine, but not to industrial toxicology, including methods of setting threshold limit values (TLVs) and employee biological monitoring. Numerous animal and human investigations document vulnerability to chemical, contagion, a...",no,rct_interventional,empirical_v2
doi:10.1016/j.envint.2025.109682,10.1016/j.envint.2025.109682,An exposomics analysis of 125 biomarkers of exposure to food contaminants and biomarkers of oxidative stress: a randomized cross-over chrononutrition trial of healthy adults.,2025,Environment international,affect,0,unspecified_environment,unspecified_outcome,unknown,,low,abstract_only_reduced_table,abstract_only;weak_variable_resolution,Contaminants in food counteract the beneficial effects of nutrients by interfering with their absorption/distribution/metabolism/excretion characteristics and implicated in chronic disease pathogenesis. The CIRCA CHEM chrononutrition trial was used to expand and replicate its earlier results from two biomarkers of e...,no,rct_interventional,empirical_v2
doi:10.1186/s40814-022-01087-z,10.1186/s40814-022-01087-z,Efficacy of a digital cognitive behavioral therapy for insomnia in people with low back pain: a feasibility randomized co-twin and singleton-controlled trial.,2022,Pilot and feasibility studies,cognition,0,unspecified_environment,cognition,unknown,,low,abstract_only_reduced_table,abstract_only;weak_variable_resolution,Digital cognitive behavioral therapy for insomnia (CBT-i) in people with low back pain (LBP) may be efficacious in improving both sleep and pain; and twin trial designs provide greater precision of treatment effects by accounting for genetic and early environmental factors. We aimed to determine the feasibility of a...,no,rct_interventional,empirical_v2
doi:10.3390/s90705099,10.3390/s90705099,Applications and Advances in Electronic-Nose Technologies,2009,Sensors,cognition,0,unspecified_environment,attention,positive,,low,abstract_only_reduced_table,abstract_only;weak_variable_resolution,"Electronic-nose devices have received considerable attention in the field of sensor technology during the past twenty years, largely due to the discovery of numerous applications derived from research in diverse fields of applied sciences. Recent applications of electronic nose technologies have come through advance...",no,rct_interventional,theoretical
doi:10.1063/1.1596071,10.1063/1.1596071,A challenge to chaotic itinerancy from brain dynamics,2003,Chaos An Interdisciplinary Journal of Nonlinear Science,cognition,0,unspecified_environment,attention,unknown,,low,abstract_only_reduced_table,abstract_only;weak_variable_resolution,Brain hermeneutics and chaotic itinerancy proposed by Tsuda are attractive characterizations of perceptual dynamics in the mammalian olfactory system. This theory proposes that perception occurs at the interface between itinerant neural representation and interaction with the environment. Quantifiable application of...,no,rct_interventional,theoretical
doi:10.1101/lm.048413.118,10.1101/lm.048413.118,Aversive learning strengthens episodic memory in both adolescents and adults.,2019,"Learning & memory (Cold Spring Harbor, N.Y.)",cognition,0,unspecified_environment,cognition,positive,,low,abstract_only_reduced_table,abstract_only;weak_variable_resolution,"Adolescence is often filled with positive and negative emotional experiences that may change how individuals remember and respond to stimuli in their environment. In adults, aversive events can both enhance memory for associated stimuli as well as generalize to enhance memory for unreinforced but conceptually relate...",no,rct_interventional,empirical_v2
doi:10.1111/dom.70103,10.1111/dom.70103,Olfactory training improves cognition and modifies brain networks in type 2 diabetes patients with mild cognitive impairment: A 16-week randomised controlled trial.,2025,"Diabetes, obesity & metabolism",cognition,0,unspecified_environment,cognition,negative,,low,abstract_only_reduced_table,abstract_only;weak_variable_resolution,"Type 2 diabetes (T2D) related cognitive impairment links to comorbid and modifiable olfactory dysfunction; however, the efficacy of olfactory training (OT) to mitigate cognitive decline specifically in these patients with mild cognitive impairment (MCI) remains unestablished. This study aimed to determine whether OT...",no,rct_interventional,empirical_v2
doi:10.1038/s41392-024-01738-y,10.1038/s41392-024-01738-y,"Major depressive disorder: hypothesis, mechanism, prevention and treatment",2024,Signal Transduction and Targeted Therapy,cognition,0,unspecified_environment,attention,positive,,low,abstract_only_reduced_table,abstract_only;weak_variable_resolution,"Abstract Worldwide, the incidence of major depressive disorder (MDD) is increasing annually, resulting in greater economic and social burdens. Moreover, the pathological mechanisms of MDD and the mechanisms underlying the effects of pharmacological treatments for MDD are complex and unclear, and additional diagnosti...",no,rct_interventional,theoretical
doi:10.1037//0278-7393.26.2.411,10.1037//0278-7393.26.2.411,Serial position effects in recognition memory for odors.,2000,"Journal of experimental psychology. Learning, memory, and cognition",cognition,0,unspecified_environment,cognition,mixed,,low,abstract_only_reduced_table,abstract_only;weak_variable_resolution,"Five experiments examined recognition memory for sequentially presented odors. Participants were presented with a sequence of odors and then had to identify an odor from the list in a test probe containing 2 odors. All experiments demonstrated enhanced recognition of odors presented at the start and end of a series,...",no,rct_interventional,empirical_v2
doi:10.1109/MeMeA65319.2025.11068102,10.1109/MeMeA65319.2025.11068102,The Potential of Olfactory Stimuli in Stress Reduction Through Virtual Reality,2025,IEEE International Symposium on Medical Measurements and Applications,affect,0,unspecified_environment,mood,null,,low,abstract_only_reduced_table,abstract_only;weak_variable_resolution,"Immersive virtual reality (VR) is a promising tool for stress reduction and relaxation, traditionally relying on visual and auditory stimuli. This study examines the role of olfactory stimuli in enhancing these effects, using a randomized within-subject design. Thirty participants aged 18–60 experienced VR scenarios...",no,rct_interventional,empirical_v2
doi:10.3390/ani10081385,10.3390/ani10081385,Effects of Olfactory and Auditory Enrichment on Heart Rate Variability in Shelter Dogs.,2020,Animals : an open access journal from MDPI,affect,0,unspecified_environment,stress,mixed,,low,abstract_only_reduced_table,abstract_only;weak_variable_resolution,"Animal shelters can be stressful environments and time in care may affect individual dogs in negative ways, so it is important to try to reduce stress and arousal levels to improve welfare and chance of adoption. A key element of the stress response is the activation of the autonomic nervous system (ANS), and a non-...",no,rct_interventional,empirical_v2
doi:10.3390/ani10040581,10.3390/ani10040581,Effects of Olfactory and Auditory Enrichment on the Behaviour of Shelter Dogs.,2020,Animals : an open access journal from MDPI,affect,0,air_quality,stress,positive,,medium,abstract_only_reduced_table,abstract_only,"Shelter environments are stressful for dogs, as they must cope with many stimuli over which they have little control. This can lead to behavioural changes, negatively affect their welfare and downgrade the human-animal bond, affecting re-homing success. Arousal is evident in their behaviour, particularly increased a...",no,rct_interventional,empirical_v2
doi:10.1038/s41598-024-83887-2,10.1038/s41598-024-83887-2,A pilot study on the effects of olfactory stimulation with white musk aromatic oil on psychophysiological activity: a crossover study.,2025,Scientific reports,affect,0,thermal,stress,mixed,,medium,abstract_only_reduced_table,abstract_only,"Studies on the compounds of aromatic oils and their effects on psychophysiological changes in humans are often conducted separately. To obtain better validation, a suitable protocol is needed that can be extrapolated to large-scale olfactory stimulation experiments. Unfortunately, this type of study is still rarely ...",no,rct_interventional,empirical_v2
doi:10.1038/s41598-024-61732-w,10.1038/s41598-024-61732-w,Effect of olfactory stimulation from aromatherapy on the autonomic nervous activity during aerobic exercises.,2024,Scientific reports,restoration,0,unspecified_environment,unspecified_outcome,negative,,low,abstract_only_reduced_table,abstract_only;weak_variable_resolution,"Variations in the autonomic nervous system activity during exercise therapy in patients with cardiovascular diseases may lead to adverse events. Aromatherapy may reduce these adverse events by enhancing parasympathetic nervous activity (PNA). However, the effects of aromatherapy during exercise remain relatively unk...",no,rct_interventional,empirical_v2
doi:10.1093/sleep/zsaa194,10.1093/sleep/zsaa194,The evening light environment in hospitals can be designed to produce less disruptive effects on the circadian system and improve sleep,2020,Sleep,light,0,daylight,sleep,null,,medium,abstract_only_reduced_table,abstract_only,"Abstract Study Objectives Blue-depleted lighting reduces the disruptive effects of evening artificial light on the circadian system in laboratory experiments, but this has not yet been shown in naturalistic settings. The aim of the current study was to test the effects of residing in an evening blue-depleted light e...",no,rct_interventional,observational_field
doi:10.3758/s13414-025-03179-3,10.3758/s13414-025-03179-3,Does exposure within an experiment affect the influence of familiar parts versus wholes on figure assignment?,2026,"Attention, perception & psychophysics",affect,0,unspecified_environment,productivity,unknown,,low,abstract_only_reduced_table,abstract_only;weak_variable_resolution,Recurring questions in visual perception concern the role of experience and the relationship between parts and wholes. We investigated these questions in an experiment in which observers reported where they perceived a figure relative to a central border in bipartite displays in which the region on one side depicted...,no,rct_interventional,empirical_v2
doi:10.1371/journal.pone.0274007,10.1371/journal.pone.0274007,Cognitive and behavioral effects of whole brain conventional or high dose rate (FLASH) proton irradiation in a neonatal Sprague Dawley rat model,2022,PLoS ONE,cognition,0,noise,cognition,null,,medium,abstract_only_reduced_table,abstract_only,"Recent studies suggest that ultra-high dose rates of proton radiation (>40 Gy/s; FLASH) confer less toxicity to exposed healthy tissue and reduce cognitive decline compared with conventional radiation dose rates (~1 Gy/s), but further preclinical data are required to demonstrate this sparing effect. In this study, p...",no,rct_interventional,empirical_v2
doi:10.1038/s41598-018-27796-1,10.1038/s41598-018-27796-1,"A milk formula containing maltodextrin, vs. lactose, as main carbohydrate source, improves cognitive performance of piglets in a spatial task",2018,Scientific Reports,cognition,0,unspecified_environment,cognition,positive,8,low,abstract_only_reduced_table,abstract_only;n=8;weak_variable_resolution,"In recent years, lactose-free and low-lactose infant formulas have been increasingly used. The impact of using different carbohydrates than lactose on later cognition of formula-fed infants remains, however, unknown. We examined the effects of providing formulas containing either digestible maltodextrin or lactose a...",no,rct_interventional,empirical_v2
doi:10.1093/cercor/bhi021,10.1093/cercor/bhi021,Neural Correlates of Spatial Judgement during Object Construction in Parietal Cortex,2005,Cerebral Cortex,cognition,0,unspecified_environment,attention,unknown,,low,abstract_only_reduced_table,abstract_only;weak_variable_resolution,"We recorded the activity of parietal area 7a neurons in monkeys performing an object construction task. In each trial, a model object consisting of a variable arrangement of squares was presented, followed after a delay by a copy of the model object that was missing a single square. Monkeys replaced the missing squa...",no,rct_interventional,empirical_v2
doi:10.1080/10986065.2021.1969866,10.1080/10986065.2021.1969866,Spatial training using game play in preschoolers improves computational skills,2020,Mathematical Thinking and Learning,cognition,0,unspecified_environment,cognition,positive,,low,abstract_only_reduced_table,abstract_only;weak_variable_resolution,"ABSTRACT Previous studies have found that block play results in better spatial ability which may lead to greater mathematical skills. The current study examined a specific type of block play, structured block play in which a copy of a block configuration is constructed. Structured block play is a difficult cognitive...",no,rct_interventional,empirical_v2
doi:10.3390/brainsci14020123,10.3390/brainsci14020123,Working Memory Maintenance of Visual and Auditory Spatial Information Relies on Supramodal Neural Codes in the Dorsal Frontoparietal Cortex.,2024,Brain sciences,acoustic,0,noise,attention,unknown,,low,abstract_only_reduced_table,abstract_only,"The frontoparietal attention network plays a pivotal role during working memory (WM) maintenance, especially under high-load conditions. Nevertheless, there is ongoing debate regarding whether this network relies on supramodal or modality-specific neural signatures. In this study, we used multi-voxel pattern analysi...",no,rct_interventional,empirical_v2
doi:10.1523/JNEUROSCI.1967-22.2023,10.1523/JNEUROSCI.1967-22.2023,Accelerating Maturation of Spatial Memory Systems by Experience: Evidence from Sleep Oscillation Signatures of Memory Processing.,2023,The Journal of neuroscience : the official journal of the Society for Neuroscience,biophilic,0,biophilia,cognition,positive,,medium,abstract_only_reduced_table,abstract_only,"During early development, memory systems gradually mature over time, in parallel with the gradual accumulation of knowledge. Yet, it is unknown whether and to what extent maturation is driven by discrete experience. Sleep is thought to contribute to the formation of long-term memory and knowledge through a systems c...",no,rct_interventional,empirical_v2
doi:10.1093/cercor/bhs263,10.1093/cercor/bhs263,Spatial Stimulus Configuration and Attentional Selection: Extrastriate and Superior Parietal Interactions,2012,Cerebral Cortex,cognition,0,unspecified_environment,attention,positive,,low,abstract_only_reduced_table,abstract_only;weak_variable_resolution,The intraparietal sulcus (IPS) is critical for resolving stimulus competition. Its activity is modulated depending on how competing stimuli are spatially configured. Lesions extending into IPS lead to selection deficits when stimuli are configured along a horizontal relative to a vertical or diagonal axis. Using fun...,no,rct_interventional,empirical_v2
doi:10.1177/17470218261417679,10.1177/17470218261417679,EXPRESS: Inhibition of Return in Three-Dimensional Space is Modulated by Depth and Object Membership.,2026,Quarterly journal of experimental psychology (2006),cognition,0,unspecified_environment,attention,negative,,low,abstract_only_reduced_table,abstract_only;weak_variable_resolution,"We conducted a cued target localization experiment to examine inhibition of return (IOR) in a computer-simulated three-dimensional (3D) environment. Cues and targets were presented either on the same or different depth planes, and on the same or opposite sides. In trials where cues and targets were at different dept...",no,rct_interventional,empirical_v2
doi:10.1371/journal.pone.0339617,10.1371/journal.pone.0339617,EFEN-YOLOv8: Surface defect detection network based on spatial feature capture and multi-level weighted attention.,2026,PloS one,cognition,0,unspecified_environment,productivity,positive,,low,abstract_only_reduced_table,abstract_only;weak_variable_resolution,"Surface defects in industrial environments severely the impact product aesthetics, quality, and operational efficiency. Although deep learning approaches show promise, current architectures often demonstrate inadequate feature extraction in industrial settings. We introduce EFEN-YOLOv8, a novel defect detection fram...",no,rct_interventional,conceptual_framework
doi:10.1152/jn.1999.81.4.1783,10.1152/jn.1999.81.4.1783,Effect of Spatial Attention on the Responses of Area MT Neurons,1999,Journal of Neurophysiology,cognition,0,unspecified_environment,attention,positive,,low,abstract_only_reduced_table,abstract_only;weak_variable_resolution,"Effect of spatial attention on the responses of area MT neurons. This study examines the influence of spatial attention on the responses of neurons in the middle temporal visual area (MT or V5) of extrastriate cortex. Two monkeys were trained to perform a direction-discrimination task. On each trial, two apertures o...",no,rct_interventional,empirical_v2
doi:10.1371/journal.pone.0281445,10.1371/journal.pone.0281445,Processing spatial configurations in visuospatial working memory is influenced by shifts of overt visual attention,2023,PLoS ONE,cognition,0,unspecified_environment,attention,negative,,low,abstract_only_reduced_table,abstract_only;weak_variable_resolution,"When memorizing multiple objects, humans process them in relation to each other, proposing a configuration benefit. Shifts in overt visual attention through eye movements might influence the processing of spatial configurations. Whereas some research suggests that overt visual attention aids the processing of spatia...",no,rct_interventional,empirical_v2
doi:10.1145/3777730.3777830,10.1145/3777730.3777830,Metal Solid Waste Recycling and Detection Method Based on Convolutional Attention and SCN,2025,"Proceedings of the 2025 International Conference on Artificial Intelligence, Virtual Reality and Interaction Design",cognition,0,unspecified_environment,productivity,mixed,,low,abstract_only_reduced_table,abstract_only;weak_variable_resolution,"A metal solid waste recycling and detection method based on convolutional attention and random configuration network is proposed to address the problem of insufficient detection accuracy caused by the diverse shapes, sizes, colors, and surface textures of metal solid waste. This method is based on You Only Look Once...",no,rct_interventional,theoretical
doi:10.1109/TNSRE.2025.3603979,10.1109/TNSRE.2025.3603979,A Plug-and-Play P300-Based BCI With Zero-Training Application.,2025,IEEE transactions on neural systems and rehabilitation engineering : a publication of the IEEE Engineering in Medicine and Biology Society,spatial,0,spatial_layout,attention,unknown,,low,abstract_only_reduced_table,abstract_only,"The practical deployment of P300-based brain-computer interfaces (BCIs) has long been hindered by the need for user-specific calibration and multiple stimulus repetitions. In this study, we build and validate a plug-and-play, zero-training P300 BCI system that operates in a single-trial setting using a pre-trained x...",no,rct_interventional,empirical_v2
doi:10.3758/s13423-025-02787-2,10.3758/s13423-025-02787-2,Spatiotemporal position overlap disrupts feature binding in visual working memory.,2025,Psychonomic bulletin & review,cognition,0,unspecified_environment,cognition,null,,low,abstract_only_reduced_table,abstract_only;weak_variable_resolution,"This study examined how task-irrelevant spatial and temporal relationships influence feature binding in visual working memory (VWM). Participants viewed two sequential memory displays, each containing two distinct objects. Objects were presented either simultaneously at different locations (thereby sharing temporal ...",no,rct_interventional,empirical_v2
doi:10.3389/fnsys.2025.1632849,10.3389/fnsys.2025.1632849,Differences in firing patterns along the dorsal-intermediate hippocampal axis in a fixed route during a change in emotional context.,2025,Frontiers in systems neuroscience,cognition,0,unspecified_environment,attention,mixed,,low,abstract_only_reduced_table,abstract_only;weak_variable_resolution,"The hippocampus plays a prominent role in spatial navigation and memory. However, differences exist along the hippocampus longitudinal axis in function and connectivity. The current study focuses on the dorsal and intermediate subregions of the hippocampus. Single unit CA1 activity was recorded in a fixed route task...",no,rct_interventional,empirical_v2
doi:10.1007/s10071-015-0915-8,10.1007/s10071-015-0915-8,Rats (Rattus norvegicus) flexibly retrieve objects’ non-spatial and spatial information from their visuospatial working memory: effects of integrated and separate processing of these features in a missing-object recognition task,2015,Animal Cognition,cognition,0,unspecified_environment,cognition,positive,,low,abstract_only_reduced_table,abstract_only;weak_variable_resolution,"After being trained to find a previous missing object within an array of four different objects, rats received occasional probe trials with such test arrays rotated from that of their respective three-object study arrays. Only animals exposed to each object’s non-spatial features consistently paired with both its sp...",no,rct_interventional,empirical_v2
doi:10.1016/j.cortex.2021.01.016,10.1016/j.cortex.2021.01.016,Prefrontal lesions disrupt oscillatory signatures of spatiotemporal integration in working memory.,2021,Cortex; a journal devoted to the study of the nervous system and behavior,biophilic,0,biophilia,cognition,unknown,,low,abstract_only_reduced_table,abstract_only,"How does the human brain integrate spatial and temporal information into unified mnemonic representations? Building on classic theories of feature binding, we first define the oscillatory signatures of integrating 'where' and 'when' information in working memory (WM) and then investigate the role of prefrontal corte...",no,rct_interventional,empirical_v2
doi:10.1038/s41598-022-16431-9,10.1038/s41598-022-16431-9,Unveiling Trail Making Test: visual and manual trajectories indexing multiple executive processes,2022,Scientific Reports,cognition,0,unspecified_environment,cognition,unknown,,low,abstract_only_reduced_table,abstract_only;weak_variable_resolution,"Abstract The Trail Making Test (TMT) is one of the most popular neuropsychological tests for executive functions (EFs) assessment. It presents several strengths: it is sensitive to executive dysfunction, it is easy to understand, and has a short administration. However, it has important limitations. First, the under...",no,rct_interventional,empirical_v2
doi:10.1093/arclin/acad067.262,10.1093/arclin/acad067.262,B - 56 Effects of rTMS Treatment on Executive Function Measured by the CANTAB Spatial Working Memory Subtest.,2023,Archives of Clinical Neuropsychology,cognition,0,unspecified_environment,cognition,positive,31,low,abstract_only_reduced_table,abstract_only;n=31;weak_variable_resolution,"OBJECTIVE
Traumatic Brain Injury (TBI) presents with deficits in executive function (Krawczyk et al., 2019). Repetitive transcranial magnetic stimulation (rTMS), a non-invasive neuromodulation treatment, may help improve cognitive outcomes. However, it remains unclear in which cognitive domains (Clark & Parasuraman,...",no,rct_interventional,empirical_v2
doi:10.1177/02103702231224641,10.1177/02103702231224641,Effects of an executive function programme (PEFEN) on preschool children: a pilot study / Efectos de un programa para la estimulación de las funciones ejecutivas (PEFEN) en alumnos de preescolar: un estudio piloto,2024,Infancia y Aprendizaje,cognition,0,unspecified_environment,cognition,positive,,low,abstract_only_reduced_table,abstract_only;weak_variable_resolution,The objective of this study was to test the effectiveness of a programme for the stimulation of executive functions (Programa para la Estimulación de las Funciones Ejecutivas — PEFEN) in preschool children (aged five years) with no pathologies. A total of 40 children participated. They were distributed into two grou...,no,rct_interventional,empirical_v2
doi:10.12786/bn.2023.16.e21,10.12786/bn.2023.16.e21,Effects of Personalized Cognitive Training Using Mental Workload Monitoring on Executive Function in Older Adults With Mild Cognitive Impairment,2023,Brain & Neurorehabilitation,cognition,0,unspecified_environment,cognition,mixed,,low,abstract_only_reduced_table,abstract_only;weak_variable_resolution,"Although a variety of cognitive training has been performed, its optimally personalized delivery is still unknown. This study established the mental workload classification model using a convolutional neural network based on functional near-infrared spectroscopy-derived data. The dorsolateral prefrontal cortex (DLPF...",no,rct_interventional,empirical_v2
doi:10.3389/fpsyt.2024.1401008,10.3389/fpsyt.2024.1401008,H-coil repetitive transcranial magnetic stimulation does not improve executive function in patients with chronic peripheral neuropathic pain: a randomized sham-controlled crossover study,2024,Frontiers in Psychiatry,cognition,0,unspecified_environment,cognition,mixed,,low,abstract_only_reduced_table,abstract_only;weak_variable_resolution,"Introduction Deep rTMS is an increasingly popular noninvasive brain stimulation technique which has shown promise for treating cognitive impairments. However, few studies have investigated the cognitive effects it could exert in patients with chronic peripheral neuropathic pain. Therefore, we aimed to assess the eff...",no,rct_interventional,empirical_v2
doi:10.1016/j.neuropsychologia.2014.08.019,10.1016/j.neuropsychologia.2014.08.019,Neural correlates of the Simon effect modulated by practice with spatial mapping.,2014,Neuropsychologia,cognition,0,unspecified_environment,cognition,mixed,20,low,abstract_only_reduced_table,abstract_only;n=20;weak_variable_resolution,"The operation of cognitive control relies on existing stimulus-response (S-R) mapping rules in the brain. However, it remains unclear how a newly acquired S-R mapping rule (i.e., learning) may alter the cognitive control system. We examined this question with functional magnetic resonance imaging and the Simon effec...",no,rct_interventional,empirical_v2
doi:10.20378/irbo-54357,10.20378/irbo-54357,Creative Economy in a Post-Socialist Transitional Context : Spatial Distribution of Creative Activities and their Interrelation with Urban Milieus in City Quarters of Belgrade,2019,Bamberger Geographische Schriften,cognition,0,unspecified_environment,attention,unknown,,low,abstract_only_reduced_table,abstract_only;weak_variable_resolution,Creative economy is a broad concept which became popular among scholars and policy makers around the world since the 1990s as a response to contemporary economic and social trajectories. Post-industrial circumstances which have befallen traditional industrial urban regions supported the rise of the creative economy....,no,rct_interventional,empirical_v2
doi:10.1016/j.jenvman.2025.125437,10.1016/j.jenvman.2025.125437,Spatiotemporal evolution and improvement pathways of sustainable entrepreneurship efficiency: Alleviating environmental and employment pressures.,2025,Journal of environmental management,biophilic,0,spatial_layout,productivity,positive,,medium,abstract_only_reduced_table,abstract_only,"Under the global sustainable development framework, China urgently needs to achieve a green transition and entrepreneurial development under the ""dual carbon"" goals. This study aims to explore the spatiotemporal dynamic characteristics and improvement pathways of sustainable entrepreneurship efficiency (SEE) in Chin...",no,rct_interventional,conceptual_framework
doi:10.1080/02699931.2019.1604320,10.1080/02699931.2019.1604320,Acute stress – but not aversive scene content – impairs spatial configuration learning,2019,Cognition & Emotion,affect,0,unspecified_environment,stress,mixed,,low,abstract_only_reduced_table,abstract_only;weak_variable_resolution,"Contextual learning pervades our perception and cognition and plays a critical role in adjusting to aversive and stressful events. Our ability to memorise spatial context has been studied extensively with the contextual cueing paradigm, in which participants search for targets among simple distractor cues and show s...",no,rct_interventional,empirical_v2
doi:10.1515/iral-2023-0046,10.1515/iral-2023-0046,Applying embodied meaning of spatial prepositions and the Principled Polysemy model to teaching English as a second language: the case of to and on,2024,International Review of Applied Linguistics in Language Teaching,other,0,unspecified_environment,unspecified_outcome,unknown,90,low,abstract_only_reduced_table,abstract_only;n=90;weak_variable_resolution,"Abstract Due to the bewildering array of spatial configurations that languages build around spatial relations, the acquisition of English spatial prepositions is a daunting task for learners of English as L2. For instance, while the embodied meanings of contact and containment are expressed in English through on and...",no,rct_interventional,empirical_v2
doi:10.1073/pnas.1508080112,10.1073/pnas.1508080112,High-speed spelling with a noninvasive brain–computer interface,2015,Proceedings of the National Academy of Sciences,other,0,unspecified_environment,unspecified_outcome,positive,,low,abstract_only_reduced_table,abstract_only;weak_variable_resolution,"Significance Brain–computer interface (BCI) technology provides a new communication channel. However, current applications have been severely limited by low communication speed. This study reports a noninvasive brain speller that achieved a multifold increase in information transfer rate compared with other existing...",no,rct_interventional,conceptual_framework
doi:10.1051/shsconf/202418901009,10.1051/shsconf/202418901009,The Effect of Mental Fatigue on the Spatial Ability of University Students,2024,SHS Web of Conferences,other,0,unspecified_environment,cognition,unknown,,low,abstract_only_reduced_table,abstract_only;weak_variable_resolution,"Spatial abilities are divided into two, namely spatial orientation and spatial visualization. In the field of engineering, especially Industrial Engineering, spatial abilities are usually used in the design process. The use of spatial orientation abilities is influenced by mental activity. Thus, mental fatigue will ...",no,rct_interventional,empirical_v2
doi:10.1038/s41598-023-47821-2,10.1038/s41598-023-47821-2,Shape configuration of mental targets representation as a holistic measure in a 3D real world pointing test for spatial orientation,2023,Scientific Reports,cognition,0,unspecified_environment,cognition,negative,,low,abstract_only_reduced_table,abstract_only;weak_variable_resolution,"Deficits in spatial memory are often early signs of neurological disorders. Here, we analyzed the geometrical shape configuration of 2D-projections of pointing performances to a memorized array of spatially distributed targets in order to assess the feasibility of this new holistic analysis method. The influence of ...",no,rct_interventional,empirical_v2
doi:10.1257/jep.5.2.25,10.1257/jep.5.2.25,Organizations and Markets,1991,The Journal of Economic Perspectives,other,0,unspecified_environment,unspecified_outcome,positive,,low,abstract_only_reduced_table,abstract_only;weak_variable_resolution,"The economies of modern industrialized society can more appropriately be labeled organizational economies than market economies. Thus, even market-driven capitalist economies need a theory of organizations as much as they need a theory of markets. The attempts of the new institutional economics to explain organizati...",no,rct_interventional,theoretical
doi:10.3389/fmed.2025.1681486,10.3389/fmed.2025.1681486,Developing age-friendly spaces through a gerontechnological lens: a systemic framework based on FDM-DANP analysis.,2025,Frontiers in medicine,other,0,unspecified_environment,unspecified_outcome,unknown,,low,abstract_only_reduced_table,abstract_only;weak_variable_resolution,"With the acceleration of population aging and the spread of smart technologies, integrating Gerontechnology with spatial design has become an urgent challenge. Although previous studies have examined technology acceptance and environmental adaptation, they have lacked a systematic framework to capture multiple dimen...",no,rct_interventional,conceptual_framework
doi:10.1098/rsos.250467,10.1098/rsos.250467,A competitive edge: how social cues and spatial congruence influence joint attention in addressed or witnessed interactions.,2025,Royal Society open science,light,0,daylight,attention,null,,medium,abstract_only_reduced_table,abstract_only,"Joint attention is crucial for the development of social cognition, but whether the type of relationship (i.e. cooperative or competitive) or interaction (e.g. addressed or witnessed) modulates joint attention is unclear. This study investigated these factors in 96 neurotypical adults using a video object-choice tas...",no,rct_interventional,empirical_v2
doi:10.1191/0309132506ph617oa,10.1191/0309132506ph617oa,Building Trust in Economic Space,2006,Progress in Human Geography,other,0,unspecified_environment,productivity,unknown,,low,abstract_only_reduced_table,abstract_only;weak_variable_resolution,"While there is widespread recognition of the importance and role of trust in facilitating regional development, technology transfer, and agglomeration economies, the concept remains rather undertheorized within economic geography and regional science. This paper reviews and assesses the literature on the role and co...",no,rct_interventional,conceptual_framework
doi:10.3390/s26010079,10.3390/s26010079,Crowdsourcing Framework for Security Testing and Verification of Industrial Cyber-Physical Systems.,2025,"Sensors (Basel, Switzerland)",other,0,unspecified_environment,unspecified_outcome,positive,,low,abstract_only_reduced_table,abstract_only;weak_variable_resolution,"With the widespread deployment of Industrial Cyber-Physical Systems (ICPS), their inherent vulnerabilities have increasingly exposed them to sophisticated cybersecurity threats. Although existing protective mechanisms can block attacks at runtime, the risk of defense failure remains. To proactively evaluate and hard...",no,rct_interventional,conceptual_framework
doi:10.1109/ELNANO54667.2022.9927077,10.1109/ELNANO54667.2022.9927077,Spatial Modulation of Signals Using Polarization Methods for Wireless Communication Systems in the Optical and Radio Bands,2022,IEEE International Conference on Electronics and Nanotechnology,other,0,unspecified_environment,productivity,positive,,low,abstract_only_reduced_table,abstract_only;weak_variable_resolution,"Promising communication systems are developing in the direction of complicating the configuration of networks, expanding the spectrum of signals, integrating terrestrial, satellite, fiber, and open optical technologies. Polarization signal processing methods, conversion of an radio signal into an optical domain, are...",no,rct_interventional,empirical_v2
doi:10.31673/2412-9070.2021.053439,10.31673/2412-9070.2021.053439,A method for improving information capacity of a signal with variant polarization effects for communication systems in the optical and radio bands,2021,Connectivity,other,0,unspecified_environment,productivity,positive,,low,abstract_only_reduced_table,abstract_only;weak_variable_resolution,"Promising communication systems are developing in the direction of complicating the configuration of networks, expanding the spectrum of signals, and integrating terrestrial, satellite, fiber, and open optical technologies. However, the use of information signal modulation methods remains traditional, which are base...",no,rct_interventional,theoretical
doi:10.1021/acs.accounts.5c00748,10.1021/acs.accounts.5c00748,Multiscale Manipulation of Functional Imperfection Atomic Interfaces.,2026,Accounts of chemical research,other,0,unspecified_environment,productivity,unknown,,low,abstract_only_reduced_table,abstract_only;weak_variable_resolution,"ConspectusThe imperfect atomic interfaces (IAIs) refer to the interface area with incomplete crystal structure formed by precise atomic-scale structure modulation. Unlike the traditional perfectly crystalline interfaces, IAIs show structural defects and symmetry breaking in their atomic arrangement and coordination ...",no,rct_interventional,conceptual_framework
doi:10.1038/s41467-023-41087-y,10.1038/s41467-023-41087-y,Large-scale assembly of isotropic nanofiber aerogels based on columnar-equiaxed crystal transition.,2023,Nature communications,acoustic,0,noise,unspecified_outcome,unknown,,low,abstract_only_reduced_table,abstract_only;weak_variable_resolution,"Ice-templating technology holds great potential to construct industrial porous materials from nanometers to the macroscopic scale for tailoring thermal, electronic, or acoustic transport. Herein, we describe a general ice-templating technology through freezing the material on a rotating cryogenic drum surface, crush...",no,rct_interventional,empirical_v2
doi:10.1111/rec.13035,10.1111/rec.13035,International principles and standards for the practice of ecological restoration. Second edition,2019,Restoration Ecology,restoration,0,daylight,productivity,positive,,medium,abstract_only_reduced_table,abstract_only,"EXECUTIVE SUMMARY Ecological restoration, when implemented effectively and sustainably, contributes to protecting biodiversity; improving human health and wellbeing; increasing food and water security; delivering goods, services, and economic prosperity; and supporting climate change mitigation, resilience, and adap...",no,rct_interventional,conceptual_framework
doi:10.1161/strokeaha.107.512202,10.1161/strokeaha.107.512202,Prediction of Functional Outcome in Patients With Primary Intracerebral Hemorrhage,2008,Stroke,restoration,0,unspecified_environment,cognition,mixed,,low,abstract_only_reduced_table,abstract_only;weak_variable_resolution,Background and Purpose— Intracerebral hemorrhage (ICH) is the most fatal and disabling stroke subtype. Widely used tools for prediction of mortality are fundamentally limited in that they do not account for effects of withdrawal of care and are not designed to predict functional recovery. We developed an acute clini...,no,rct_interventional,observational_field
doi:10.1136/thorax-2025-223886,10.1136/thorax-2025-223886,Online cognitive behaviour therapy for asthma-related anxiety: a randomised controlled trial.,2026,Thorax,affect,0,unspecified_environment,stress,negative,,low,abstract_only_reduced_table,abstract_only;weak_variable_resolution,"Anxiety affects up to one-third of adults with asthma and is linked to poorer disease outcomes and reduced quality of life. This study evaluated the efficacy of therapist-guided, internet-delivered cognitive behavioural therapy (ICBT) versus treatment as usual plus medical education for reducing asthma-related anxiety.",no,rct_interventional,empirical_v2
doi:10.1186/s13195-025-01868-7,10.1186/s13195-025-01868-7,Regional tau PET patterns predict prospective domain-specific cognitive decline in early symptomatic Alzheimer's disease.,2025,Alzheimer's research & therapy,cognition,0,unspecified_environment,cognition,unknown,,low,abstract_only_reduced_table,abstract_only;weak_variable_resolution,"Tau-PET binding patterns are heterogenous, with regional binding showing strong cross-sectional correlations with domain-specific cognitive performance and longitudinal correlations with prospective neurodegeneration. Here we evaluated whether regional patterns of baseline tau-PET predict prospective longitudinal de...",no,rct_interventional,observational_field
doi:10.1016/j.cct.2025.107890,10.1016/j.cct.2025.107890,Design and methods of a cluster-randomized pragmatic trial of post-discharge stroke care.,2025,Contemporary clinical trials,cognition,0,unspecified_environment,attention,mixed,,low,abstract_only_reduced_table,abstract_only;weak_variable_resolution,"Stroke is the 5th leading cause of death and a leading cause of adult disability in the United States (US). One in four strokes are recurrent events. Stroke patients experience persisting physical and cognitive impairments long-term, and their caregivers/family also experience psychological and health quality impact...",no,rct_interventional,theoretical
doi:10.1038/s41545-021-00127-0,10.1038/s41545-021-00127-0,Removal of heavy metal ions from wastewater: a comprehensive and critical review,2021,npj Clean Water,cognition,0,unspecified_environment,attention,positive,,low,abstract_only_reduced_table,abstract_only;weak_variable_resolution,"Abstract Removal of heavy metal ions from wastewater is of prime importance for a clean environment and human health. Different reported methods were devoted to heavy metal ions removal from various wastewater sources. These methods could be classified into adsorption-, membrane-, chemical-, electric-, and photocata...",no,rct_interventional,empirical_v2
doi:10.1039/c3ee41272e,10.1039/c3ee41272e,"Status and perspectives of CO2 conversion into fuels and chemicals by catalytic, photocatalytic and electrocatalytic processes",2013,Energy & Environmental Science,air,0,air_quality,attention,mixed,,medium,abstract_only_reduced_table,abstract_only,"This review highlights recent developments and future perspectives in carbon dioxide usage for the sustainable production of energy and chemicals and to reduce global warming. We discuss the heterogeneously catalysed hydrogenation, as well as the photocatalytic and electrocatalytic conversion of CO2 to hydrocarbons ...",no,rct_interventional,thought_piece
doi:10.1177/1550059419881529,10.1177/1550059419881529,Faulty Executive Attention and Memory Interactions in Schizophrenia: Prefrontal Gray Matter Volume and Neuropsychological Impairment,2020,Clinical EEG and Neuroscience,cognition,0,unspecified_environment,attention,mixed,84,low,abstract_only_reduced_table,abstract_only;n=84;weak_variable_resolution,"We hypothesized that neuropsychological disturbance in schizophrenia (SZ) may reflect faulty interactions of executive attention and episodic memory, emanating, in part, from reduced prefrontal cortex (PFC) gray matter volume. Participants with SZ (n = 84) and age-matched (n = 77) controls completed both the Wiscons...",no,rct_interventional,theoretical
doi:10.1016/j.isatra.2025.11.020,10.1016/j.isatra.2025.11.020,Soft sensors for industrial fault detection using multi-scale fusion temporal convolutional autoencoders.,2025,ISA transactions,cognition,0,unspecified_environment,attention,positive,,low,abstract_only_reduced_table,abstract_only;weak_variable_resolution,"With the widespread deployment of intelligent sensors and advances in data storage, large volumes of process data are continuously collected, providing a foundation for developing soft sensors for multi-scale monitoring in complex industrial processes. This paper proposes an enhanced autoencoder-based temporal convo...",no,rct_interventional,theoretical
doi:10.1002/adfm.202010746,10.1002/adfm.202010746,Shear‐Induced Assembly of Liquid Colloidal Crystals for Large‐Scale Structural Coloration of Textiles,2021,Advanced Functional Materials,cognition,0,unspecified_environment,attention,unknown,,low,abstract_only_reduced_table,abstract_only;weak_variable_resolution,"Abstract Photonic crystals (PCs) constructed from colloidal building blocks have attracted increasing attention because their brilliant structural colors may find broad applications in paints, sensors, displays, and security devices. However, producing high‐quality structural colors on flexible substrates such as te...",no,rct_interventional,empirical_v2
doi:10.3390/molecules29051069,10.3390/molecules29051069,"Zeolite Properties, Methods of Synthesis, and Selected Applications",2024,Molecules,thermal,0,thermal,attention,unknown,,low,abstract_only_reduced_table,abstract_only,"Zeolites, a group of minerals with unique properties, have been known for more than 250 years. However, it was the development of methods for hydrothermal synthesis of zeolites and their large-scale industrial applications (oil processing, agriculture, production of detergents and building materials, water treatment...",no,rct_interventional,empirical_v2
doi:10.1016/j.nicl.2025.103936,10.1016/j.nicl.2025.103936,Structural brain alterations and predictors of clinical improvement in functional cognitive disorder after concussion.,2025,NeuroImage. Clinical,cognition,0,unspecified_environment,cognition,null,24,low,abstract_only_reduced_table,abstract_only;n=24;weak_variable_resolution,"Functional cognitive disorder (FCD) is an under-studied yet likely prevalent subtype of functional neurological disorder (FND), with neural mechanisms that remain poorly understood. While studies of other FND subtypes have revealed structural and functional brain alterations across several large-scale brain networks...",no,rct_interventional,theoretical
doi:10.1038/s44172-025-00576-2,10.1038/s44172-025-00576-2,Memory-efficient full-volume inference for large-scale 3D dense prediction without performance degradation.,2026,Communications engineering,cognition,0,unspecified_environment,cognition,negative,,low,abstract_only_reduced_table,abstract_only;weak_variable_resolution,"Large-volume 3D dense prediction is essential in industrial applications like energy exploration and medical image segmentation. However, existing deep learning models struggle to process full-size volumetric inputs at inference due to memory constraints and inefficient operator execution. Conventional solutions-suc...",no,rct_interventional,conceptual_framework
doi:10.1177/25424823251407541,10.1177/25424823251407541,Baseline characteristics of patients with early Alzheimer's disease enrolled in the pivotal trial of low-intensity pulsed ultrasound (LIPUS-AD).,2025,Journal of Alzheimer's disease reports,acoustic,0,noise,cognition,unknown,,low,abstract_only_reduced_table,abstract_only,"We demonstrated that low-intensity pulsed ultrasound (LIPUS) therapy tended to ameliorate cognitive declines in patients with early Alzheimer's disease (AD) in the pilot trial. Thus, we have started the pivotal trial in a randomized, double-blind, placebo-controlled manner (LIPUS-AD).",no,rct_interventional,empirical_v2
doi:10.1016/j.ebiom.2025.106090,10.1016/j.ebiom.2025.106090,Brain atrophy staging in spinocerebellar ataxia type 3 for clinical prognosis and trial enrichment.,2026,EBioMedicine,other,0,unspecified_environment,unspecified_outcome,unknown,,low,abstract_only_reduced_table,abstract_only;weak_variable_resolution,"Spinocerebellar ataxia type 3 (SCA3) is characterised by progressive brain atrophy, with regional volume loss detectable via MRI prior to clinical manifestation. We aimed to identify the previously unknown sequence of brain atrophy in SCA3 and evaluate whether this sequence can be translated into an atrophy staging ...",no,rct_interventional,conceptual_framework
doi:10.1038/s41598-025-32697-1,10.1038/s41598-025-32697-1,A novel deep learning framework with temporal attention convolutional networks for intrusion detection in IoT and IIoT networks.,2025,Scientific reports,cognition,0,biophilia,attention,positive,,medium,abstract_only_reduced_table,abstract_only,"The rapid expansion of Internet of Things (IoT) and Industrial Internet of Things (IIoT) networks has significantly increased the vulnerabilities of critical infrastructures to cyberattacks, posing substantial risks to both security and operational integrity. As these networks continue to grow, traditional intrusion...",no,rct_interventional,conceptual_framework
doi:10.1093/brain/awh711,10.1093/brain/awh711,Neuropsychological sequelae of bacterial and viral meningitis,2005,Brain,cognition,0,unspecified_environment,cognition,mixed,59,low,abstract_only_reduced_table,abstract_only;n=59;weak_variable_resolution,"Survivors of meningitis often complain about neurological and neuropsychological consequences. In this study, the extent of these sequelae was quantified and correlated to MRI findings. Neurological, neuropsychological and neuroradiological examinations were performed with adult patients younger than 70 years, 1-12 ...",no,rct_interventional,empirical_v2
doi:10.1007/s00415-017-8642-5,10.1007/s00415-017-8642-5,"Efficacy of fingolimod and interferon beta-1b on cognitive, MRI, and clinical outcomes in relapsing–remitting multiple sclerosis: an 18-month, open-label, rater-blinded, randomised, multicentre study (the GOLDEN study)",2017,Journal of Neurology,cognition,0,unspecified_environment,cognition,mixed,,low,abstract_only_reduced_table,abstract_only;weak_variable_resolution,"Cognitive impairment (CI) affects 40–65% of multiple sclerosis (MS) patients. This study attempted evaluating the effects of fingolimod and interferon beta-1b (IFN β-1b) on CI progression, magnetic resonance imaging (MRI) and clinical outcomes in relapsing–remitting MS (RRMS) patients over 18 months. The GOLDEN stud...",no,rct_interventional,empirical_v2
doi:10.1016/j.jalz.2019.01.012,10.1016/j.jalz.2019.01.012,Assessment of executive function declines in presymptomatic and mildly symptomatic familial frontotemporal dementia: NIH‐EXAMINER as a potential clinical trial endpoint,2019,Alzheimer s & Dementia,cognition,0,unspecified_environment,cognition,negative,31,low,abstract_only_reduced_table,abstract_only;n=31;weak_variable_resolution,Abstract Introduction Identifying clinical measures that track disease in the earliest stages of frontotemporal lobar degeneration (FTLD) is important for clinical trials. Familial FTLD provides a unique paradigm to study early FTLD. Executive dysfunction is a clinically relevant hallmark of FTLD and may be a marker...,no,rct_interventional,empirical_v2
doi:10.1111/geoj.12620,10.1111/geoj.12620,Comprehending the interaction between urban function and morphology at traffic analysis zones scale: The case study from Hangzhou,2025,Geography Journal,spatial,0,spatial_layout,attention,unknown,,low,abstract_only_reduced_table,abstract_only,"Urbanisation is transitioning from disorderly sprawl to compact intensification, accompanied by functional differentiation and morphological changes spatially. This study addresses the relationship between urban functions and morphologies at the block scale in Hangzhou. Leveraging geo‐big data, we adopt a points of ...",no,rct_interventional,case_study
doi:10.1080/2154896x.2016.1171007,10.1080/2154896x.2016.1171007,"Exploring the Arctic’s “other economies”: knowledge, creativity and the new frontier",2016,The Polar Journal,other,0,unspecified_environment,unspecified_outcome,unknown,,low,abstract_only_reduced_table,abstract_only;weak_variable_resolution,"The stylised notion of the Arctic’s economy as solely based on three “pillars”: resources, public and traditional sectors, is no longer nuanced enough to accommodate the growing role of Arctic’s “other” (non-pillar) economies prompted by the worldwide shift to tertiary and quaternary sectors. The goal of this paper ...",no,rct_interventional,theoretical
doi:10.1161/STROKEAHA.123.046056,10.1161/STROKEAHA.123.046056,Combining Early Ischemic Change and Collateral Extent for Functional Outcomes After Endovascular Therapy: An Analysis From AcT Trial.,2024,Stroke,other,0,unspecified_environment,unspecified_outcome,unknown,,low,abstract_only_reduced_table,abstract_only;weak_variable_resolution,"Early ischemic change and collateral extent are colinear with ischemic core volume (ICV). We investigated the relationship between a combined score using the Alberta Stroke Program Early Computed Tomography Score and multiphase computed tomography angiography (mCTA) collateral extent, named mCTA-ACE score, on functi...",no,rct_interventional,empirical_v2
doi:10.1056/NEJMoa2313040,10.1056/NEJMoa2313040,Andexanet for Factor Xa Inhibitor-Associated Acute Intracerebral Hemorrhage.,2024,New England Journal of Medicine,other,0,unspecified_environment,unspecified_outcome,mixed,,low,abstract_only_reduced_table,abstract_only;weak_variable_resolution,"BACKGROUND
Patients with acute intracerebral hemorrhage who are receiving factor Xa inhibitors have a risk of hematoma expansion. The effect of andexanet alfa, an agent that reverses the effects of factor Xa inhibitors, on hematoma volume expansion has not been well studied.


METHODS
We randomly assigned, in a 1:1 ...",no,rct_interventional,empirical_v2
doi:10.1212/WNL.0000000000207700,10.1212/WNL.0000000000207700,Association of Brain Atrophy With Functional Outcome and Recovery Trajectories After Thrombectomy: Post Hoc Analysis of the ESCAPE-NA1 Trial.,2023,Neurology,restoration,0,unspecified_environment,unspecified_outcome,negative,,low,abstract_only_reduced_table,abstract_only;weak_variable_resolution,"Brain frailty may impair the ability of acute stroke patients to cope with the injury, irrespective of their chronologic age, resulting in impaired recovery. We aim to investigate the impact of brain atrophy on functional outcome assessed at different time points after endovascular thrombectomy (EVT).",no,rct_interventional,empirical_v2
doi:10.3390/nu11102531,10.3390/nu11102531,Decrease in Serum Vitamin D Level of Older Patients with Fatigue,2019,Nutrients,cognition,0,unspecified_environment,cognition,mixed,,low,abstract_only_reduced_table,abstract_only;weak_variable_resolution,"Fatigue is characterized by reduced energy level, decreased muscle strength, and a variable degree of cognitive impairment. Recent evidences seem to link vitamin D deficiency to fatigue. The aim of this study was to assess and compare vitamin D status in a cohort of older subjects with and without fatigue. We recrui...",no,rct_interventional,observational_field
doi:10.1177/0031512520958935,10.1177/0031512520958935,Mental Fatigue Reduces Training Volume in Resistance Exercise: A Cross-Over and Randomized Study,2020,Perceptual and Motor Skills,cognition,0,unspecified_environment,cognition,mixed,,low,abstract_only_reduced_table,abstract_only;weak_variable_resolution,"The present study aimed to determine the effect of mental fatigue (MF) on total training volume (TTV; number of repetitions x number of sets x load) and on ratings of perceived exertion (RPE; Borg, 1982) in the half-back squat exercise (HBSE). Nine male subjects (M age = 22.6 years, SD =  2.3; M height = 172.3 cm, S...",no,rct_interventional,empirical_v2
doi:10.5812/asjsm-158465,10.5812/asjsm-158465,Effect of Selected-Exercise-Rehabilitation on Long-Term Fatigue Related to Infectious Disease: Post-COVID-19 Fatigue,2025,Asian Journal of Sports Medicine,other,0,unspecified_environment,mood,mixed,,low,abstract_only_reduced_table,abstract_only;weak_variable_resolution,"Background: Post-acute sequelae of SARS-CoV-2 (PASC), a complication following SARS-CoV-2 infection, frequently manifests as persistent fatigue. Exercise rehabilitation may offer a strategy to combat PASC. Objectives: We aimed to evaluate the impact of an 8-week selected-exercise-rehabilitation (SER) program on fati...",no,rct_interventional,empirical_v2
doi:10.1002/hep.27210,10.1002/hep.27210,Hepatic encephalopathy in chronic liver disease: 2014 Practice Guideline by the American Association for the Study Of Liver Diseases and the European Association for the Study of the Liver,2014,Hepatology,cognition,0,unspecified_environment,stress,mixed,,low,abstract_only_reduced_table,abstract_only;weak_variable_resolution,"The AASLD/EASL Practice Guideline Subcommittee on Hepatic Encephalopathy are: Jayant A. Talwalkar (Chair, AASLD), Hari S. Conjeevaram, Michael Porayko, Raphael B. Merriman, Peter L.M. Jansen, and Fabien Zoulim. This guideline has been approved by the American Association for the Study of Liver Diseases and the Europ...",no,rct_interventional,thought_piece
doi:10.3389/fpsyg.2025.1520156,10.3389/fpsyg.2025.1520156,Effects of mental fatigue on perception of effort and performance in national level swimmers,2025,Frontiers in Psychology,affect,0,unspecified_environment,attention,null,,low,abstract_only_reduced_table,abstract_only;weak_variable_resolution,"Objective This study aimed to investigate the effects of mental fatigue on the perceptual and physiological responses to swimming at the lactate threshold (LT) and on 400-m front-crawl performance. Methods Ten national-level swimmers were tested three separate times. In the first session, swimmers performed a 7x200-...",no,rct_interventional,empirical_v2
doi:10.1371/journal.pone.0307739,10.1371/journal.pone.0307739,The effects of mental fatigue on explicit and implicit contributions to visuomotor adaptation,2024,PLoS ONE,cognition,0,unspecified_environment,cognition,mixed,,low,abstract_only_reduced_table,abstract_only;weak_variable_resolution,"The goal of the current research was to establish the impact of mental fatigue on the contributions of explicit (i.e., conscious strategy) and implicit (unconscious) processes to visuomotor adaptation. Participants were divided into two groups, a Mental Fatigue (MF) group who completed a cognitively demanding 32-min...",no,rct_interventional,empirical_v2
doi:10.32598/sjrm.13.5.3223,10.32598/sjrm.13.5.3223,Comparing the Effects of Mindfulness Training and Music Therapy on Physical and Mental Fatigue and Inflammatory Markers in Elite Male Volleyball Players,2024,Ṭibb-i Tavānbakhshī,cognition,0,unspecified_environment,cognition,null,,low,abstract_only_reduced_table,abstract_only;weak_variable_resolution,"Background and Aims Volleyball is a team sport that requires high physical and perceptual-cognitive skills; therefore, during the competition, an increase in physical and mental fatigue is observed among these players. The present study aims to compare the effects of mindfulness training and music therapy on physica...",no,rct_interventional,empirical_v2
doi:10.1093/ckj/sfae159,10.1093/ckj/sfae159,Long-term effect of increasing water intake on repeated self-assessed health-related quality of life (HRQoL) in autosomal dominant polycystic kidney disease.,2024,Clinical kidney journal,other,0,unspecified_environment,unspecified_outcome,unknown,,low,abstract_only_reduced_table,abstract_only;weak_variable_resolution,The aim of this study was to determine the long-term effect of increasing water intake in patients with autosomal dominant polycystic kidney disease (ADPKD) on longitudinal changes in health-related quality of life (HRQoL) in the setting of a clinical trial.,no,rct_interventional,empirical_v2
doi:10.1016/S1474-4422(23)00454-4,10.1016/S1474-4422(23)00454-4,"Safety and efficacy of laquinimod for Huntington's disease (LEGATO-HD): a multicentre, randomised, double-blind, placebo-controlled, phase 2 study.",2024,The Lancet. Neurology,other,0,unspecified_environment,unspecified_outcome,positive,,low,abstract_only_reduced_table,abstract_only;weak_variable_resolution,"Laquinimod modulates CNS inflammatory pathways thought to be involved in the pathology of Huntington's disease. Studies with laquinimod in transgenic rodent models of Huntington's disease suggested improvements in motor function, reduction of brain volume loss, and prolonged survival. We aimed to evaluate the safety...",no,rct_interventional,empirical_v2
doi:10.1001/jama.2018.0899,10.1001/jama.2018.0899,Effect of Opioid vs Nonopioid Medications on Pain-Related Function in Patients With Chronic Back Pain or Hip or Knee Osteoarthritis Pain,2018,JAMA,other,0,unspecified_environment,unspecified_outcome,unknown,,low,abstract_only_reduced_table,abstract_only;weak_variable_resolution,clinicaltrials.gov Identifier: NCT01583985.,no,rct_interventional,empirical_v2
doi:10.1212/NXG.0000000000200338,10.1212/NXG.0000000000200338,"NNZ-2591 in Children and Adolescents With Phelan-McDermid Syndrome: Single-Group, Open-Label, Phase 2 Trial Results.",2026,Neurology. Genetics,other,0,unspecified_environment,unspecified_outcome,unknown,,low,abstract_only_reduced_table,abstract_only;weak_variable_resolution,"Phelan-McDermid syndrome (PMS) is a rare genetic neurodevelopmental disorder with no currently approved treatments. NNZ-2591, a synthetic analog of the insulin-like growth factor 1 metabolite cyclic glycine-proline, was evaluated in children and adolescents with PMS in a phase 2, multisite, open-label clinical trial.",no,rct_interventional,empirical_v2
doi:10.1111/j.1936-704x.2009.00054.x,10.1111/j.1936-704x.2009.00054.x,The Political Economy and Political Ecology of the Hydro‐Social Cycle,2009,Journal of Contemporary Water Research & Education,air,0,daylight,stress,mixed,,medium,abstract_only_reduced_table,abstract_only,"We are witnessing something unprecedented: Water no longer flows downhill. It flows towards money Geographers have been engaged in research into access to safe drinking water for years. In fact, Abel Wolman helped chlorinate the world's water. Over the past few years and in the wake of the resurgence of the environm...",no,rct_interventional,thought_piece
doi:10.1186/s13021-025-00358-5,10.1186/s13021-025-00358-5,Environmental monitoring and enterprise reduction of pollution and carbon emission: a micro-level examination based on energy scale and intensity effects.,2025,Carbon balance and management,spatial,0,spatial_layout,unspecified_outcome,unknown,,low,abstract_only_reduced_table,abstract_only;weak_variable_resolution,"As China restructures its energy landscape through transition, environmental monitoring serves as vital technological infrastructure. It directly supports the achievement of carbon neutrality objectives. This paper uses the number and density of environmental monitoring stations established around industrial enterpr...",no,rct_interventional,empirical_v2
doi:10.1016/j.landig.2025.100912,10.1016/j.landig.2025.100912,"The impact of artificial intelligence-driven decision support on uncertain antimicrobial prescribing: a randomised, multimethod study.",2025,The Lancet. Digital health,other,0,unspecified_environment,unspecified_outcome,positive,,low,abstract_only_reduced_table,abstract_only;weak_variable_resolution,"Challenges exist when translating artificial intelligence (AI)-driven clinical decision support systems (CDSSs) from research into health-care settings, particularly in infectious diseases, an area in which behaviour, culture, uncertainty, and frequent absence of a ground truth enhance the complexity of medical deci...",no,rct_interventional,empirical_v2
doi:10.1088/1755-1315/410/1/012110,10.1088/1755-1315/410/1/012110,Evaluation of the thermal performance of a Social Interest Housing (SIH) with ecological brick masonry produced with urban solid waste stabilized in a tropical climate to replace the use of traditional building materials,2020,IOP Conference Series: Earth and Environment,thermal,0,thermal,productivity,mixed,,medium,abstract_only_reduced_table,abstract_only,"The increasing urbanization and industrialization of modern societies has led to a large-scale production of solid waste, and its proliferation is therefore a global problem with immediate consequences for public health and the environment. Urban solid waste must be managed and controlled so as to reduce its volume ...",no,rct_interventional,theoretical
doi:10.2147/NDT.S531892,10.2147/NDT.S531892,Magnetic Seizure Therapy vs Electroconvulsive Therapy in Schizophrenia: Prefrontal-Amygdala Plasticity and Cognitive Safety.,2025,Neuropsychiatric disease and treatment,cognition,0,unspecified_environment,cognition,unknown,,low,abstract_only_reduced_table,abstract_only;weak_variable_resolution,"Reducing electroconvulsive therapy (ECT)'s cognitive burden without compromising efficacy is critical. Although magnetic seizure therapy (MST) shows comparable symptom remission in schizophrenia, its neuroanatomical safety-particularly limbic preservation-lacks controlled trial validation.",no,rct_interventional,empirical_v2
doi:10.1109/jiot.2020.2966402,10.1109/jiot.2020.2966402,FactDAG: Formalizing Data Interoperability in an Internet of Production,2020,IEEE Internet of Things Journal,other,0,unspecified_environment,unspecified_outcome,positive,,low,abstract_only_reduced_table,abstract_only;weak_variable_resolution,"In the production industry, the volume, variety, and velocity of data as well as the number of deployed protocols increase exponentially due to the influences of the Internet-of-Things (IoT) advances. While hundreds of isolated solutions exist to utilize these data, e.g., optimizing processes or monitoring machine c...",no,rct_interventional,thought_piece
doi:10.1021/acsorginorgau.4c00009,10.1021/acsorginorgau.4c00009,Perspective on the Development of Monomer Recovery Technologies from Plastics Designed to Last.,2024,ACS organic & inorganic Au,restoration,0,unspecified_environment,unspecified_outcome,positive,,low,abstract_only_reduced_table,abstract_only;weak_variable_resolution,"In order to prevent the current unsustainable waste handling of the enormous volumes of end-of-use organic polymer material sent to landfilling or incineration, extensive research efforts have been devoted toward the development of appropriate solutions for the recycling of commercial thermoset polymers. The inabili...",no,rct_interventional,thought_piece
doi:10.2174/0118743501415887251010112959,10.2174/0118743501415887251010112959,"Mindfulness and Forgiveness as Catalysts for Stress Reduction and Social Cohesion: A Mixed-methods Study in Multicultural Binh Duong, Vietnam",2025,Open Psychology Journal,affect,0,unspecified_environment,stress,unknown,,low,abstract_only_reduced_table,abstract_only;weak_variable_resolution,"The cultural and industrial environment in Binh Duong, which includes international students, local inhabitants, and migrant workers, presents challenges, such as social cohesion, intercultural conflict, and psychological stress. While previous studies confirm the separate benefits of mindfulness and forgiveness, li...",no,rct_interventional,mixed_methods
doi:10.1371/journal.pone.0291655,10.1371/journal.pone.0291655,Dance for the dead: The role of top-down beliefs for social cohesion and anxiety management in naturally occurring collective rituals,2024,PLoS ONE,affect,0,unspecified_environment,stress,unknown,,low,abstract_only_reduced_table,abstract_only;weak_variable_resolution,"Collective rituals, particularly those characterized by synchrony and pain, have been shown to yield positive social and emotional outcomes. The question arises as to whether these findings extend to low-arousal, family-centered rituals and how spiritual beliefs factor into these communal practices. This study set o...",no,rct_interventional,empirical_v2
doi:10.1001/jamapsychiatry.2020.3285,10.1001/jamapsychiatry.2020.3285,Effects of Psilocybin-Assisted Therapy on Major Depressive Disorder,2020,JAMA Psychiatry,other,0,unspecified_environment,unspecified_outcome,unknown,,low,abstract_only_reduced_table,abstract_only;weak_variable_resolution,ClinicalTrials.gov Identifier: NCT03181529.,no,rct_interventional,empirical_v2
doi:10.54097/75kq8z78,10.54097/75kq8z78,The Impact of Subsidies on Export Behavior: Evidence from Jiangsu Manufacturing Enterprises,2025,"Highlights in Business, Economics and Management",other,0,unspecified_environment,unspecified_outcome,positive,,low,abstract_only_reduced_table,abstract_only;weak_variable_resolution,"A study is conducted on the causal relationship between subsidies and export scale of 16938 manufacturing enterprises in Jiangsu Province that were continuously operating in the Chinese industrial enterprise database from 2012 to 2014, using propensity score matching method and multiple difference method. The result...",no,rct_interventional,empirical_v2
doi:10.3758/s13420-025-00692-1,10.3758/s13420-025-00692-1,Evaluating a four-button computerized gaming system for cognitive engagement in dogs.,2025,Learning & Behavior,spatial,0,spatial_layout,cognition,positive,,medium,abstract_only_reduced_table,abstract_only,"Cognitive enrichment is essential for improving the welfare of animals in kennels, shelters, and laboratory environments. Whereas touchscreens have been used to engage dogs cognitively, they are limited in functionality. This study tested whether a domestic dog could use a four-button computerized gaming system adap...",no,rct_interventional,empirical_v2
doi:10.7717/peerj.16091,10.7717/peerj.16091,Effects of food-based enrichment on enclosure use and behavioral patterns in captive mammalian predators: a case study from an Austrian wildlife park,2023,PeerJ,spatial,0,spatial_layout,cognition,null,,medium,abstract_only_reduced_table,abstract_only,"Background Combining naturalistic enclosure design and animal welfare with visitor interests and education can be challenging for zoos and wildlife parks. To accomplish both purposes, different types of enrichment (food-based or non-food-based items, such as environmental, sensory, cognitive, social) can be used. Th...",no,rct_interventional,case_study
doi:10.3390/ani15182721,10.3390/ani15182721,"Effects of Different Ways of Music Stimulation on Exploring, Playing and Aggressive Behavior.",2025,Animals : an open access journal from MDPI,affect,0,spatial_layout,mood,positive,,medium,abstract_only_reduced_table,abstract_only,"In the breeding of farm animals, music serves as an environmental enrichment factor that can improve the mood and welfare level of animals. However, it is not clear whether pigs receiving different modes of musical stimulation can improve cognitive performance. This study aimed to explore the extent to which differe...",no,rct_interventional,empirical_v2
doi:10.1007/s10071-025-01944-3,10.1007/s10071-025-01944-3,"Common marmosets (Callithrix jacchus) excel in a one-trial spatial memory test, yet perform poorly in a classical memory task.",2025,Animal cognition,cognition,0,spatial_layout,cognition,positive,,medium,abstract_only_reduced_table,abstract_only,"When quantifying animal cognition, memory represents one of the most tested domains and is key to understanding cognitive evolution. Memory tests thus play an important role in comparative cognitive research, yet slight variations in the experimental settings can substantially change the outcome, questioning whether...",no,rct_interventional,empirical_v2
doi:10.1076/1382-5585(200006)7:2;1-u;ft086,10.1076/1382-5585(200006)7:2;1-u;ft086,Spatial Memory and Aging: Performance on a Human Analog of the Morris Water Maze,2000,Aging Neuropsychology and Cognition,cognition,0,spatial_layout,cognition,negative,,medium,abstract_only_reduced_table,abstract_only,"Rodent studies demonstrate parallel age-related changes in spatial memory and the hippocampal formation. Converging cognitive, neuropsychological, and neurobiological evidence suggests similar changes in humans, although these correlates have not been studied in the same individuals. The purpose of the current proje...",no,rct_interventional,empirical_v2
doi:10.1037/0735-7036.113.4.426,10.1037/0735-7036.113.4.426,Unprompted recall and reporting of hidden objects by a chimpanzee (Pan troglodytes) after extended delays.,1999,Journal of comparative psychology,cognition,0,air_quality,attention,unknown,,low,abstract_only_reduced_table,abstract_only,"The ability to recall features of environments not present to the senses is important in human thinking, planning, and communication, but to date there are almost no data on recall capabilities in nonverbal animals. In this study, the author used symbol knowledge as a tool to study chimpanzee memory. An 11-year-old ...",no,rct_interventional,empirical_v2
doi:10.1007/s00429-017-1537-5,10.1007/s00429-017-1537-5,Representation of environmental shape in the hippocampus of domestic chicks (Gallus gallus).,2018,Brain structure & function,spatial,0,spatial_layout,cognition,positive,,medium,abstract_only_reduced_table,abstract_only,"The hippocampus plays an important role in spatial encoding and memory across various vertebrate species. In rodents, hippocampal neurons are particularly sensitive to a change in environmental geometry. Given the similarities in function between the mammalian and avian hippocampi, we aimed to measure whether enclos...",no,rct_interventional,empirical_v2
doi:10.5130/ijcre.v5i0.2178,10.5130/ijcre.v5i0.2178,Engaging creative communities in an industrial city setting: A question of enclosure,2012,Gateways International Journal of Community Research and Engagement,thermal,0,thermal,attention,positive,,medium,abstract_only_reduced_table,abstract_only,"This article discusses the politics and practicalities of research process in a major government-funded, academic/community collaborative research project on cultural assets in Wollongong, a regional industrial city 85 km south of Sydney, Australia. It does so through the theoretical concept of ‘enclosure’, which he...",no,rct_interventional,theoretical
doi:10.1038/s41598-025-22596-w,10.1038/s41598-025-22596-w,"Predator awareness training improves survival of released critically endangered western ringtail possums, pseudocheirus occidentalis.",2025,Scientific reports,acoustic,0,noise,unspecified_outcome,positive,,low,abstract_only_reduced_table,abstract_only;weak_variable_resolution,"We provided predator awareness training to a group of captive-raised western ringtail possums (Pseudocheirus occidentalis), a critically endangered arboreal marsupial, to assess their learning capacity and test if predator awareness improved survival after release into the wild. Fifteen out of 29 captively raised in...",no,rct_interventional,empirical_v2
doi:10.3390/buildings15183312,10.3390/buildings15183312,Visual Perception Element Evaluation of Suburban Local Landscapes: Integrating Multiple Machine Learning Methods,2025,Buildings,spatial,0,spatial_layout,unspecified_outcome,positive,,low,abstract_only_reduced_table,abstract_only;weak_variable_resolution,"Comprehensive evaluation of suburban landscape perception is essential for improving environmental quality and fostering integrated urban–rural development. Despite its importance, limited research has systematically extracted local visual features and analyzed influencing factors in suburban landscapes using multi-...",no,rct_interventional,case_study
doi:10.1111/ruso.12033,10.1111/ruso.12033,Development by Dispossession: <i>Terra Nullius</i> and the Social‐Ecology of New Enclosures in <scp>E</scp>thiopia,2013,Rural Sociology,spatial,0,spatial_layout,unspecified_outcome,unknown,,low,abstract_only_reduced_table,abstract_only;weak_variable_resolution,"Abstract One of the alarming features of the intersection of the world economic crisis with the global food and energy crises has been the tidal wave of large‐scale land acquisitions it has unleashed. By enclosing the village commons and extinguishing the customary rights of smallholders, these land grabs are accele...",no,rct_interventional,empirical_v2
doi:10.1038/s41598-025-15294-0,10.1038/s41598-025-15294-0,An exploration of the spatial and temporal factors influencing industrial park vitality using multi-source geospatial data.,2025,Scientific reports,spatial,0,spatial_layout,attention,mixed,,medium,abstract_only_reduced_table,abstract_only,"Strengthening the multi-dimensional vitality of industrial parks is crucial for fostering social cohesion. However, previous researches mainly focused on the vitality of various functions, lacking detailed insights for the specific planning of industrial parks. To address this issue, this study combines the spatial ...",no,rct_interventional,empirical_v2
doi:10.1088/1755-1315/869/1/012068,10.1088/1755-1315/869/1/012068,Removal effect of algicidal modified clay on Phaeocystis globosa blooms in culturing enclosure experiments: A short communication,2021,IOP Conference Series: Earth and Environment,spatial,0,spatial_layout,unspecified_outcome,mixed,,low,abstract_only_reduced_table,abstract_only;weak_variable_resolution,"With the increased scale of marine aquaculture in the Beibu Gulf, as well as accelerating urbanization and industrialization, frequent harmful algal blooms (HABs) have occurred in this area, especially those formed by Phaeocystis globosa in the past several years. As the P. globosa bloom has been a serious marine ec...",no,rct_interventional,empirical_v2
doi:10.57213/tjghpsr.v3i3.857,10.57213/tjghpsr.v3i3.857,Pemanfaatan Limbah Kotoran Rusa Timor (Rusa Timorensis) sebagai Pupuk Organik untuk Mendukung Pertanian Berkelanjutan,2025,The Journal General Health and Pharmaceutical Sciences Research,biophilic,0,biophilia,unspecified_outcome,negative,,low,abstract_only_reduced_table,abstract_only;weak_variable_resolution,"The RUFSA Program (Rusa untuk Fertilizer Sustainable Agriculture) is an innovative initiative that transforms Timor deer (Rusa timorensis) manure waste from a conservation breeding site in Cakura Village, South Sulawesi, into organic biofertilizer. The program, implemented by PT Pertamina Patra Niaga Integrated Term...",no,rct_interventional,empirical_v2
doi:10.3389/fpsyg.2025.1595451,10.3389/fpsyg.2025.1595451,"Research on the influence of the visual perception characteristics of fitness trail landscape space based on psychological perception: a case study of Hunnan District, Shenyang, China.",2025,Frontiers in psychology,biophilic,0,spatial_layout,attention,unknown,,low,abstract_only_reduced_table,abstract_only,"Based on the multidisciplinary method of collaborative psychology, sociology and environmental design research, this study conducts a quantitative study on the relationship between the visual perception of fitness trail landscape space and the psychological perceptions of fitness activities, providing data-driven re...",no,rct_interventional,case_study
doi:10.1371/journal.pone.0004387,10.1371/journal.pone.0004387,Empathy Is Moderated by Genetic Background in Mice,2009,PLoS ONE,affect,0,air_quality,stress,positive,,medium,abstract_only_reduced_table,abstract_only,"Empathy, as originally defined, refers to an emotional experience that is shared among individuals. When discomfort or alarm is detected in another, a variety of behavioral responses can follow, including greater levels of nurturing, consolation or increased vigilance towards a threat. Moreover, changes in systemic ...",no,rct_interventional,theoretical
doi:10.1002/ajcp.12577,10.1002/ajcp.12577,Longitudinal effects of Youth Empowerment Solutions: Preventing youth aggression and increasing prosocial behavior.,2022,American Journal of Community Psychology,other,0,unspecified_environment,unspecified_outcome,mixed,,low,abstract_only_reduced_table,abstract_only;weak_variable_resolution,"Youth violence remains a significant public health problem despite efforts to address it. We describe the evaluation results of Youth Empowerment Solutions (YES), an after-school active learning program implemented by trained local teachers and designed to engage middle school youth in multi-systematic promotive beh...",no,rct_interventional,theoretical
doi:10.1109/M2VIP55626.2022.10041061,10.1109/M2VIP55626.2022.10041061,Cognitive Evaluation of Digital Twin Interface Layout of Industrial Machine Tools Based on Aesthetics Model,2022,International Conference on Mechatronics and Machine Vision in Practice,spatial,0,spatial_layout,cognition,positive,,medium,abstract_only_reduced_table,abstract_only,"With the increasing acceptance of the concept of digital twin, the interaction interface of traditional industrial machine tools is messy and complex. In the aspect of production line optimization for digital twin, the aesthetic feeling of the digital twin interface of machine tools is worth discussing. In this pape...",no,rct_interventional,empirical_v2
doi:10.1016/j.pneurobio.2025.102874,10.1016/j.pneurobio.2025.102874,"Orthogonal neural geometry of orientation, spatial frequency, and ocular dominance in macaque V1.",2025,Progress in neurobiology,spatial,0,spatial_layout,productivity,mixed,,medium,abstract_only_reduced_table,abstract_only,"The classical ice-cube model of Hubel and Wiesel proposes that V1 neurons are spatially organized into orthogonal maps of orientation and ocular dominance to optimize wiring efficiency. However, extending this framework to include additional features such as spatial frequency imposes constraints on how these feature...",no,rct_interventional,conceptual_framework
doi:10.1016/j.appet.2025.108435,10.1016/j.appet.2025.108435,Development and Empirical Evaluation of a Dietary Intervention Programme for Individuals with Prediabetes Based on the Health Action Process Approach: A Randomised Controlled Trial.,2025,Appetite,light,0,spatial_layout,unspecified_outcome,mixed,32,low,abstract_only_reduced_table,abstract_only;n=32;weak_variable_resolution,"Prediabetes represents a critical window for preventing or delaying the onset of type 2 diabetes, and maintaining a healthy diet is essential. This study evaluated a dietary intervention based on the Health Action Process Approach (HAPA) to improve dietary adherence. Prior to trial implementation, a targeted interve...",no,rct_interventional,interview_study
doi:10.1109/TVCG.2025.3634642,10.1109/TVCG.2025.3634642,StressDiffVis: Visual Analytics for Multi-Model Stress Comparison.,2025,IEEE transactions on visualization and computer graphics,spatial,0,spatial_layout,stress,positive,,medium,abstract_only_reduced_table,abstract_only,"Structural analysis is essential in modern industrial design, where engineers iteratively refine geometry models based on stress simulations to achieve optimized designs. However, comparing stress distributions across multiple model variants remains challenging due to the complexity of stress fields, which are high-...",no,rct_interventional,interview_study
doi:10.1016/j.cub.2025.07.044,10.1016/j.cub.2025.07.044,Auditory object representation in the bat hippocampus.,2025,Current biology : CB,acoustic,0,noise,cognition,unknown,,low,abstract_only_reduced_table,abstract_only,"Cognitive maps enable the flexible selection of navigation paths. Acoustic cognitive maps, constructed from the spatial layout of sonar auditory objects, support bat navigation in natural settings; however, the neural building blocks of acoustic maps remain unknown. Here, we demonstrate auditory object representatio...",no,rct_interventional,empirical_v2
doi:10.1109/access.2022.3178192,10.1109/access.2022.3178192,A Robust Layout-Independent License Plate Detection and Recognition Model Based on Attention Method,2022,IEEE Access,spatial,0,spatial_layout,attention,positive,,medium,abstract_only_reduced_table,abstract_only,"Auto License Plate Detection and Recognition (ALPDR) is required in many industrial fields, including visual surveillance systems and vehicle registration control. Even though this field has recently demonstrated high performance according to rapid advances in Deep Learning (DL) based technologies, there are still t...",no,rct_interventional,conceptual_framework
doi:10.1093/cercor/bhv041,10.1093/cercor/bhv041,Attention Stabilizes Representations in the Human Hippocampus,2015,Cerebral Cortex,cognition,0,spatial_layout,attention,unknown,,low,abstract_only_reduced_table,abstract_only,"Attention and memory are intricately linked, but how attention modulates brain areas that subserve memory, such as the hippocampus, is unknown. We hypothesized that attention may stabilize patterns of activity in human hippocampus, resulting in distinct but reliable activity patterns for different attentional states...",no,rct_interventional,empirical_v2
doi:10.1155/2022/6892035,10.1155/2022/6892035,Modeling of Energy Saving and Comfort of Building Layout in Extreme Weather Urban Residential Area under the Background of Spatial Structure and Form Evolution: Taking Yichun as an Example,2022,Journal of Function Spaces,thermal,0,thermal,attention,positive,,medium,abstract_only_reduced_table,abstract_only,"After the founding of the People’s Republic of China, the state formulated the first five-year plan for national economic development with the development of heavy industry as the core. The assistance of the Soviet Union completely opened the prelude to China’s large-scale industrial construction. With the continuou...",no,rct_interventional,empirical_v2
doi:10.1016/j.neuropsychologia.2025.109342,10.1016/j.neuropsychologia.2025.109342,"Examining differences in navigation strategy and performance in children, adolescents, and adults using the dual solution paradigm.",2025,Neuropsychologia,spatial,0,spatial_layout,unspecified_outcome,mixed,,low,abstract_only_reduced_table,abstract_only;weak_variable_resolution,"Individuals differ in both their navigation abilities and preferences. As children age, their spatial abilities develop, which allows for an increase in the use of survey knowledge to support navigation along novel routes or with shortcuts. Gender differences in navigation also emerge from preadolescence to adolesce...",no,rct_interventional,empirical_v2
doi:10.1162/JOCN.a.92,10.1162/JOCN.a.92,"Increasing Signal, Reducing Noise: Contrasting Neural Mechanisms of Attention in Visual Search.",2026,Journal of cognitive neuroscience,cognition,0,noise,attention,negative,,medium,abstract_only_reduced_table,abstract_only,"When invariant target-distractor arrays are presented repeatedly during visual search, participants respond faster on repeated versus novel configuration trials. This effect reflects attentional guidance through long-term memory (LTM) templates-a phenomenon termed contextual cueing. Subsequently, relocating the targ...",no,rct_interventional,theoretical
doi:10.1016/j.neuroimage.2020.117074,10.1016/j.neuroimage.2020.117074,A gradient from long-term memory to novel cognition: Transitions through default mode and executive cortex,2020,NeuroImage,spatial,0,spatial_layout,cognition,unknown,,low,abstract_only_reduced_table,abstract_only,"Human cognition flexibly guides decision-making in familiar and novel situations. Although these decisions are often treated as dichotomous, in reality, situations are neither completely familiar, nor entirely new. Contemporary accounts of brain organization suggest that neural function is organized along a connecti...",no,rct_interventional,empirical_v2
doi:10.1080/09602011.2013.835738,10.1080/09602011.2013.835738,Acquisition of an instrumental activity of daily living in patients with Korsakoff's syndrome: A comparison of trial and error and errorless learning,2013,Neuropsychological Rehabilitation,spatial,0,spatial_layout,cognition,positive,,medium,abstract_only_reduced_table,abstract_only,"Patients with Korsakoff's syndrome show devastating amnesia and executive deficits. Consequently, the ability to perform instrumental activities such as making coffee is frequently diminished. It is currently unknown whether patients with Korsakoff's syndrome are able to (re)learn instrumental activities. A good can...",no,rct_interventional,empirical_v2
doi:10.1080/00207543.2017.1372647,10.1080/00207543.2017.1372647,The industrial management of SMEs in the era of Industry 4.0,2017,International Journal of Production Research,other,0,unspecified_environment,productivity,unknown,,low,abstract_only_reduced_table,abstract_only;weak_variable_resolution,"Industry 4.0 provides new paradigms for the industrial management of SMEs. Supported by a growing number of new&#13;\ntechnologies, this concept appears more flexible and less expensive than traditional enterprise information systems such&#13;\nas ERP and MES. However, SMEs find themselves ill-equipped to face these...",no,rct_interventional,conceptual_framework
doi:10.1109/incit63192.2024.10810520,10.1109/incit63192.2024.10810520,Pixel Art and Its Influence on User Interface Creativity: A Design Perspective,2024,International Conference on Information Technology,spatial,0,spatial_layout,productivity,positive,,medium,abstract_only_reduced_table,abstract_only,"This research explores the impact of Pixel Art games on the creativity and User Interface (UI) design skills of college students, assessing whether exposure to this gaming format can enhance design performance. Pixel Art games, known for their minimalist graphical style, are recognized for stimulating creativity, bu...",no,rct_interventional,thought_piece
doi:10.53591/artesv3i7.2260,10.53591/artesv3i7.2260,Revisión literaria: bienestar y productividad en el diseño de espacios laborales no industriales,2024,Artes,acoustic,0,daylight,productivity,mixed,,medium,abstract_only_reduced_table,abstract_only,"Workplace design has gained relevance due to its impact on employees' psychological and physical factors. These spaces not only constitute workplaces but also foster creativity, motivation, and well-being, directly influencing job performance. A properly designed environment can reduce stress and improve productivit...",no,rct_interventional,empirical_v2
doi:10.3390/buildings8020034,10.3390/buildings8020034,Artistic and Engineering Design of Platform-Based Production Systems: A Study of Swedish Architectural Practice,2018,Buildings,spatial,0,spatial_layout,attention,unknown,,low,abstract_only_reduced_table,abstract_only,Research on platform-based production systems for house-building has focused on production and manufacturing issues. The aim of this research is to explore how the architectural design process contributes to the industrialised house-building industry from the perspective of creative design work. It also aims to desc...,no,rct_interventional,interview_study
doi:10.3390/s20010105,10.3390/s20010105,Applying Mobile Augmented Reality (AR) to Teach Interior Design Students in Layout Plans: Evaluation of Learning Effectiveness Based on the ARCS Model of Learning Motivation Theory,2019,Sensors,spatial,0,spatial_layout,attention,positive,52,medium,abstract_only_reduced_table,abstract_only;n=52,"In this paper we present a mobile augmented reality (MAR) application supporting teaching activities in interior design. The application supports students in learning interior layout design, interior design symbols, and the effects of different design layout decisions. Utilizing the latest AR technology, users can p...",no,rct_interventional,theoretical
doi:10.1037/0096-1523.31.6.1439,10.1037/0096-1523.31.6.1439,Hyperspecificity in Visual Implicit Learning: Learning of Spatial Layout Is Contingent on Item Identity.,2005,Journal of Experimental Psychology Human Perception & Performance,spatial,0,spatial_layout,unspecified_outcome,unknown,,low,abstract_only_reduced_table,abstract_only;weak_variable_resolution,"Humans conduct visual search faster when the same display is presented for a 2nd time, showing implicit learning of repeated displays. This study examines whether learning of a spatial layout transfers to other layouts that are occupied by items of new shapes or colors. The authors show that spatial context learning...",no,rct_interventional,empirical_v2
doi:10.1186/s40900-025-00823-y,10.1186/s40900-025-00823-y,Co-designing accessible trial information: lessons from designing an inclusive patient information leaflet in the RaCeR2 study.,2026,Research involvement and engagement,other,0,unspecified_environment,unspecified_outcome,unknown,,low,abstract_only_reduced_table,abstract_only;weak_variable_resolution,"Informed consent is fundamental to ethical research, yet participant information leaflets (PILs) are often technical and difficult to understand. Although the importance of accessible study materials is widely recognised, practical guidance on how to develop them remains limited. For RaCeR 2, a randomised controlled...",no,rct_interventional,empirical_v2
doi:10.1016/j.dib.2025.112296,10.1016/j.dib.2025.112296,PCB-defect: An annotated dataset for surface defect detection in printed circuit boards.,2026,Data in brief,spatial,0,spatial_layout,attention,unknown,,low,abstract_only_reduced_table,abstract_only,"The PCB-Defect dataset was developed to advance automated defect detection in Printed Circuit Boards. This dataset presents a comprehensive collection of 230 annotated high-resolution images of single-layer PCBs, manufactured through a controlled laboratory process. The curated diversity in PCB layouts, defect types...",no,rct_interventional,empirical_v2
doi:10.1109/TVLSI.2025.3543851,10.1109/TVLSI.2025.3543851,Machine-Learning-Based Ranking of Cell Layout Delay Considering Layout-Dependent Effects,2025,IEEE Transactions on Very Large Scale Integration (VLSI) Systems,spatial,0,spatial_layout,productivity,unknown,,low,abstract_only_reduced_table,abstract_only,"Cell layout generation plays a crucial role in design automation. The generated layout must not only adhere to design rules but also exhibit optimized performance in terms of factors such as delay, power, area, and cost. However, prior works often rely on metrics that fail to consider the layout-dependent effects (L...",no,rct_interventional,empirical_v2
doi:10.1109/ICDM63232.2024.10762397,10.1109/ICDM63232.2024.10762397,Application of deep learning in building shock absorption layout,2024,Industrial Conference on Data Mining,spatial,0,spatial_layout,productivity,negative,,medium,abstract_only_reduced_table,abstract_only,"With the gradual development of computer technology, deep learning technology based on artificial intelligence has been widely used in finance, medical care, education, construction, transportation and other aspects. Compared with the traditional artificial shock layout method, the shock layout method based on artif...",no,rct_interventional,empirical_v2
doi:10.1038/s41598-025-17692-w,10.1038/s41598-025-17692-w,Comparative study of indoor positioning datasets focusing on localization accuracy success rate and floor classification.,2025,Scientific reports,spatial,0,spatial_layout,productivity,positive,,medium,abstract_only_reduced_table,abstract_only,"Indoor positioning systems (IPS) are crucial for enabling location-aware services in GPS-denied environments such as buildings, hospitals, and industrial facilities. However, the lack of standardized, high-quality datasets remains a significant barrier to the development and fair evaluation of localization algorithm...",no,rct_interventional,empirical_v2
doi:10.3233/wor-213641,10.3233/wor-213641,"Improvements in musculoskeletal symptoms, mental workload and mental fatigue: Effects of a multicomponent ergonomic intervention among call center workers",2022,Work,cognition,0,spatial_layout,cognition,mixed,,medium,abstract_only_reduced_table,abstract_only,"BACKGROUND: Call center workers are highly susceptible to work-related musculoskeletal disorders (WRMSDs) as well as mental stress. Nonetheless, there has been a surprising paucity in the body of the research regarding interventions among call center workers. OBJECTIVE: The purpose of this paper is to investigate th...",no,rct_interventional,empirical_v2
doi:10.13227/j.hjkx.202411298,10.13227/j.hjkx.202411298,[Spatiotemporal Dynamics and Driving Mechanism of China's Transport Carbon Emission Correlation Network].,2026,Huan jing ke xue= Huanjing kexue,spatial,0,spatial_layout,unspecified_outcome,unknown,,low,abstract_only_reduced_table,abstract_only;weak_variable_resolution,Understanding the spatiotemporal dependence characteristics， patterns， and driving mechanisms of the interprovincial transportation carbon emission network in China is of paramount importance for advancing interprovincial transport carbon reduction and fostering regional high-quality emission reduction coordination....,no,rct_interventional,theoretical
doi:10.1302/2633-1462.71.BJO-2025-0314,10.1302/2633-1462.71.BJO-2025-0314,Testing the usability and acceptability of the NON-STOP app for children with Perthes' disease.,2026,Bone & joint open,other,0,unspecified_environment,unspecified_outcome,unknown,,low,abstract_only_reduced_table,abstract_only;weak_variable_resolution,"Perthes' disease is a childhood hip condition that requires prolonged management, which often includes physiotherapy and education. Families and clinicians have highlighted a need for optimized self-management. The NON-STOP app was developed as a digital self-management intervention. The app incorporates exercises, ...",no,rct_interventional,empirical_v2
doi:10.13227/j.hjkx.202409198,10.13227/j.hjkx.202409198,[Impact of Digital Technology Spatial Correlation Network on Urban Carbon Emission Reduction： Based on the Perspective of Network Node Centrality].,2025,Huan jing ke xue= Huanjing kexue,biophilic,0,spatial_layout,productivity,unknown,,low,abstract_only_reduced_table,abstract_only,"Under the ""dual carbon"" goal and the strategic layout of ""digital China，"" digital technology， as a new green production factor， has great significance for the smooth promotion of the ""double carbon"" goal. Based on the data of 281 prefecture-level cities in China from 2011 to 2021， this paper systematically analyzes ...",no,rct_interventional,thought_piece
doi:10.3310/SOSO8851,10.3310/SOSO8851,"Gathering baseline data to assess household energy interventions' impact on indoor air quality, occupant health, and wellbeing: In2Air a non-randomized experiment.",2025,"Public health research (Southampton, England)",air,0,air_quality,mood,positive,,medium,abstract_only_reduced_table,abstract_only,"Tackling climate change, together with improving indoor air quality, offers a significant opportunity to improve residents' health and well-being. This requires the evidence base to inform an energy-efficient retrofit design.",no,rct_interventional,empirical_v2
doi:10.1038/s41598-025-02460-7,10.1038/s41598-025-02460-7,Social and spatial predictors of collective search behaviors.,2025,Scientific reports,other,0,unspecified_environment,unspecified_outcome,positive,,low,abstract_only_reduced_table,abstract_only;weak_variable_resolution,"Understanding crowd behavior is critical for designing buildings and public spaces with efficient circulation. However, the interplay of social and spatial contexts makes this endeavor challenging. This paper examines scenarios in which crowds perform a search task with time constraints, akin to individuals shopping...",no,rct_interventional,empirical_v2
doi:10.11236/jph.25-069,10.11236/jph.25-069,[Development of a checklist for the introduction of practical disease prevention and health promotion services: A consensus-building process based on action research].,2025,[Nihon koshu eisei zasshi] Japanese journal of public health,spatial,0,spatial_layout,unspecified_outcome,positive,,low,abstract_only_reduced_table,abstract_only;weak_variable_resolution,Objectives　This report describes the process of consensus-building with stakeholders involved in the development of a checklist intended for purchasers of disease prevention and health promotion services to determine their quality.Methods　The key stakeholders involved in the checklist development included healthcare...,no,rct_interventional,interview_study
doi:10.1109/CICN63059.2024.10847345,10.1109/CICN63059.2024.10847345,Optimization of IP Image Design Technology in Visual Communication Design,2024,International Conference on Computational Intelligence and Communication Networks,spatial,0,spatial_layout,unspecified_outcome,positive,,low,abstract_only_reduced_table,abstract_only;weak_variable_resolution,"IP image design is an important component of building brand image and improving user experience. Currently, there are shortcomings in technology such as low consistency and long design time. How to optimize IP image design technology has become a problem that this article needs to solve. This study adopted a combina...",no,rct_interventional,empirical_v2
doi:10.3390/app112412147,10.3390/app112412147,Collaborative Workplace Design: A Knowledge-Based Approach to Promote Human–Robot Collaboration and Multi-Objective Layout Optimization,2021,Applied Sciences,biophilic,0,biophilia,productivity,unknown,,low,abstract_only_reduced_table,abstract_only,"The innovation-driven Industry 5.0 leads us to consider humanity in a prominent position as the center of the manufacturing field even more than Industry 4.0. This pushes us towards the hybridization of manufacturing plants promoting a full collaboration between humans and robots. However, there are currently very f...",no,rct_interventional,case_study
doi:10.1109/iccad.2006.320026,10.1109/iccad.2006.320026,Efficient Process-Hotspot Detection Using Range Pattern Matching,2006,Digest of technical papers/Digest of technical papers - IEEE/ACM International Conference on Computer-Aided Design,spatial,0,spatial_layout,stress,mixed,,medium,abstract_only_reduced_table,abstract_only,"In current manufacturing processes, certain layout configurations are likely to have reduced yield and/or reliability due to increased susceptibility to stress effects or poor tolerance to certain processes like lithography. These problematic layout configurations need to be efficiently detected and eliminated from ...",no,rct_interventional,theoretical
doi:10.1371/journal.pone.0026922,10.1371/journal.pone.0026922,Variation in Cooperative Behaviour within a Single City,2011,PLoS ONE,other,0,unspecified_environment,unspecified_outcome,mixed,,low,abstract_only_reduced_table,abstract_only;weak_variable_resolution,"Human cooperative behaviour, as assayed by decisions in experimental economic dilemmas such as the Dictator Game, is variable across human populations. Within-population variation has been less well studied, especially within industrial societies. Moreover, little is known about the extent to which community-level v...",no,rct_interventional,theoretical
doi:10.3389/fnagi.2020.572484,10.3389/fnagi.2020.572484,Decreased Retinal Vascular Density in Alzheimer’s Disease (AD) and Mild Cognitive Impairment (MCI): An Optical Coherence Tomography Angiography (OCTA) Study,2021,Frontiers in Aging Neuroscience,spatial,0,spatial_layout,stress,null,,medium,abstract_only_reduced_table,abstract_only,"Background To explore the retinal vascular density changes in Alzheimer’s disease (AD) and mild cognitive impairment (MCI) patients using optical coherence tomography angiography (OCTA). Methods We recruit 62 AD patients, 47 MCI patients, and 49 cognitively healthy controls (HC) in this study. All participants in th...",no,rct_interventional,empirical_v2
doi:10.1016/j.ijcard.2026.134157,10.1016/j.ijcard.2026.134157,Neurite orientation dispersion and density imaging (NODDI) and DTI-ALPS index reveal white matter microstructural abnormalities and glymphatic-like dysfunction linked to cognitive impairment in non-stroke atrial fibrillation patients.,2026,International journal of cardiology,spatial,0,spatial_layout,cognition,negative,,medium,abstract_only_reduced_table,abstract_only,"While associations between silent white matter hyperintensities, diffuse microstructural damage, and cognitive impairment in atrial fibrillation (AF) patients without stroke have been reported, the precise underlying pathophysiological mechanisms remain to be fully elucidated. This study aimed to characterize white ...",no,rct_interventional,theoretical
doi:10.1093/eurheartj/ehy182,10.1093/eurheartj/ehy182,"Adverse effects of statin therapy: perception vs. the evidence – focus on glucose homeostasis, cognitive, renal and hepatic function, haemorrhagic stroke and cataract",2018,European Heart Journal,cognition,0,spatial_layout,cognition,positive,,medium,abstract_only_reduced_table,abstract_only,"Abstract Aims To objectively appraise evidence for possible adverse effects of long-term statin therapy on glucose homeostasis, cognitive, renal and hepatic function, and risk for haemorrhagic stroke or cataract. Methods and results A literature search covering 2000–2017 was performed. The Panel critically appraised...",no,rct_interventional,observational_field
doi:10.1109/ECCE53617.2023.10362456,10.1109/ECCE53617.2023.10362456,A 3.3-kV All Silicon Carbide Module based Ultra-High-Density Building Block Concept for Multi-Megawatt Traction Applications,2023,European Conference on Cognitive Ergonomics,spatial,0,spatial_layout,productivity,positive,,medium,abstract_only_reduced_table,abstract_only,"In the megawatt (MW) scale high-power traction applications, such as the large mining trucks and rail transport systems, silicon based IGBTs have been the pronounced solution for many years. With the increasing demand for higher power ratings and power density with enhanced system performance, the movement towards u...",no,rct_interventional,empirical_v2
doi:10.1111/jdi.12865,10.1111/jdi.12865,Serum high‐density lipoprotein cholesterol is a protective predictor of executive function in older patients with diabetes mellitus,2018,Journal of Diabetes Investigation,cognition,0,spatial_layout,cognition,null,,medium,abstract_only_reduced_table,abstract_only,Abstract Aims/Introduction Older people with diabetes mellitus are at high risk for cognitive impairment or dementia. The clinical predictors for cognitive decline in older people with diabetes mellitus were elucidated. Materials and Methods This was a secondary analysis of a vitamin B 12 intervention trial in older...,no,rct_interventional,empirical_v2
doi:10.1056/nejmoa1701131,10.1056/nejmoa1701131,Cognitive Function in a Randomized Trial of Evolocumab,2017,New England Journal of Medicine,cognition,0,spatial_layout,cognition,null,,medium,abstract_only_reduced_table,abstract_only,Background Findings from clinical trials of proprotein convertase subtilisin-kexin type 9 (PCSK9) inhibitors have led to concern that these drugs or the low levels of low-density lipoprotein (LDL) cholesterol that result from their use are associated with cognitive deficits. Methods In a subgroup of patients from a ...,no,rct_interventional,empirical_v2
doi:10.1002/advs.202406631,10.1002/advs.202406631,Effects of Physical Exercise Breaks on Executive Function in a Simulated Classroom Setting: Uncovering a Window into the Brain,2024,Advancement of science,light,0,spatial_layout,cognition,positive,,medium,abstract_only_reduced_table,abstract_only,"Acknowledging the detrimental effects of prolonged sitting, this study examined the effects of an acute exercise break during prolonged sitting on executive function, cortical hemodynamics, and microvascular status. In this randomized crossover study, 71 college students completed three conditions: (i) uninterrupted...",no,rct_interventional,empirical_v2
doi:10.1111/psyp.70208,10.1111/psyp.70208,Establishing a Neural Marker for Inhibitory Control During Balance Recovery.,2026,Psychophysiology,cognition,0,spatial_layout,cognition,positive,,medium,abstract_only_reduced_table,abstract_only,"Considerable evidence attests to a relationship between executive function and falls. Notable among cognitive elements related to fall risk is the ability to suppress a highly automatic but unwanted action-that is, response inhibition. Although the ability to stop may seem like an unlikely foundation for maintaining...",no,rct_interventional,theoretical
doi:10.3389/fnagi.2017.00254,10.3389/fnagi.2017.00254,"Effects of Lutein/Zeaxanthin Supplementation on the Cognitive Function of Community Dwelling Older Adults: A Randomized, Double-Masked, Placebo-Controlled Trial",2017,Frontiers in Aging Neuroscience,cognition,0,spatial_layout,cognition,positive,,medium,abstract_only_reduced_table,abstract_only,"<b>Background:</b> High levels of xanthophyll carotenoids lutein (L) and zeaxanthin (Z) in the central nervous system have been previously correlated with improved cognitive function in community-dwelling older adults. In this study, we tested the effects of supplementing L and Z on older men and women with a range ...",no,rct_interventional,empirical_v2
doi:10.1111/sms.14486,10.1111/sms.14486,The effects of an exercise intervention on neuroelectric activity and executive function in children with overweight/obesity: The ActiveBrains randomized controlled trial,2023,Scandinavian Journal of Medicine & Science in Sports,cognition,0,spatial_layout,cognition,unknown,,low,abstract_only_reduced_table,abstract_only,To investigate whether a 20‐week aerobic and resistance exercise program induces changes in brain current density underlying working memory and inhibitory control in children with overweight/obesity.,no,rct_interventional,empirical_v2
doi:10.1017/S1355617723007774,10.1017/S1355617723007774,2 Choline as a neurodevelopmental intervention for children with fetal alcohol spectrum disorder: Long-term associations with white matter microstructure and executive function,2023,Journal of the International Neuropsychological Society,cognition,0,spatial_layout,cognition,mixed,,medium,abstract_only_reduced_table,abstract_only,"Objective: Fetal alcohol spectrum disorder (FASD) is a life-long condition, and few interventions have been developed to improve the neurodevelopmental course in this population. Early interventions targeting core neurocognitive deficits have the potential to confer long-term neurodevelopmental benefits. Time-target...",no,rct_interventional,empirical_v2
doi:10.1016/j.neuroscience.2014.05.002,10.1016/j.neuroscience.2014.05.002,Reward contingencies and the recalibration of task monitoring and reward systems: a high-density electrical mapping study.,2014,Neuroscience,spatial,0,spatial_layout,productivity,positive,,medium,abstract_only_reduced_table,abstract_only,"Task execution almost always occurs in the context of reward-seeking or punishment-avoiding behavior. As such, ongoing task-monitoring systems are influenced by reward anticipation systems. In turn, when a task has been executed either successfully or unsuccessfully, future iterations of that task will be re-titrate...",no,rct_interventional,empirical_v2
doi:10.1016/j.fsi.2025.111009,10.1016/j.fsi.2025.111009,"Synergistic effects of α-mangostin-rich extract nanoemulsion and a natural free amino acid mixture on growth performance, immune function, intestinal microbiota, and disease resistance in Nile tilapia (Oreochromis niloticus).",2026,Fish & shellfish immunology,spatial,0,spatial_layout,productivity,positive,,medium,abstract_only_reduced_table,abstract_only,"This study investigated the synergistic effects of nanoemulsion of α-mangostin-rich extract (NEM) from mangosteen (Garcinia mangostana) pericarp and a natural free amino acid mixture (FAA) on growth performance, immune function, gene expression, digestive enzyme activity, intestinal morphology, gut microbiota, and d...",no,rct_interventional,empirical_v2
doi:10.1080/10413200.2023.2208643,10.1080/10413200.2023.2208643,Motivational self-talk mitigates the harmful impact of mental fatigue on endurance performance,2023,Journal of Applied Sport Psychology,spatial,0,spatial_layout,cognition,null,,medium,abstract_only_reduced_table,abstract_only,"Abstract In sports, athletes might train or compete with some degree of mental fatigue that has an impact on performance. The present study investigated the effect of strategic motivational self-talk on endurance performance in mentally fatigued individuals. Twelve healthy men performed three cycling endurance tests...",no,rct_interventional,empirical_v2
doi:10.1093/aje/kwr273,10.1093/aje/kwr273,"A Difference-in-Differences Analysis of Health, Safety, and Greening Vacant Urban Space",2011,American Journal of Epidemiology,affect,0,unspecified_environment,stress,negative,,low,abstract_only_reduced_table,abstract_only;weak_variable_resolution,"Greening of vacant urban land may affect health and safety. The authors conducted a decade-long difference-in-differences analysis of the impact of a vacant lot greening program in Philadelphia, Pennsylvania, on health and safety outcomes. ""Before"" and ""after"" outcome differences among treated vacant lots were compa...",no,rct_interventional,empirical_v2
doi:10.1098/rspb.2025.2172,10.1098/rspb.2025.2172,A marine subsidy reshapes the ecology of a large terrestrial carnivore.,2025,Proceedings. Biological sciences,restoration,0,spatial_layout,mood,unknown,,low,abstract_only_reduced_table,abstract_only,"Efforts to restore wildlife populations are increasing worldwide, yet many of these initiatives take place amidst significant ecological change. In altered ecosystems with novel species compositions, returning wildlife may alter their behaviours and interactions with other species. In Patagonia, the extirpation of t...",no,rct_interventional,empirical_v2
doi:10.3390/buildings15050747,10.3390/buildings15050747,Rethinking the Sustainability of Industrial Buildings in High-Density Urban Areas: Balancing Adaptability and Public Satisfaction,2025,Buildings,spatial,0,spatial_layout,productivity,null,,medium,abstract_only_reduced_table,abstract_only,"In the context of land scarcity and high-density urban areas, the adaptive reuse of abandoned historical industrial buildings plays a critical role in achieving sustainable development goals. This study proposes a sustainability assessment framework for the adaptive reuse of industrial buildings as exhibition spaces...",no,rct_interventional,conceptual_framework
doi:10.1038/s41598-024-75163-0,10.1038/s41598-024-75163-0,Urban density and spatial carbon emission performance of megacities in China,2024,Scientific Reports,spatial,0,spatial_layout,productivity,mixed,,medium,abstract_only_reduced_table,abstract_only,"Increasing urban density promotes a greater social role for cities. The current low-carbon city development goals put forward higher requirements for carbon performance. Based on the viewpoint of minimizing natural resource input and maximizing value acquisition in ecological benefits, the influence of urban density...",no,rct_interventional,empirical_v2
doi:10.1186/s13244-025-02170-8,10.1186/s13244-025-02170-8,"Acceptance, experience, and feedback for supplemental screening in dense breasts among women participating in the BRAID trial.",2026,Insights into imaging,acoustic,0,noise,unspecified_outcome,positive,,low,abstract_only_reduced_table,abstract_only;weak_variable_resolution,"To evaluate patient acceptance and feedback regarding supplemental imaging modalities: automated whole-breast ultrasound (ABUS), contrast-enhanced mammography (CEM), and abbreviated breast MRI (AB-MRI) within the BRAID (Breast Screening: Risk Adaptive Imaging for Density) trial.",no,rct_interventional,empirical_v2
doi:10.1038/s41598-025-34948-7,10.1038/s41598-025-34948-7,"Accurate prediction of density, viscosity, and speed of sound in aqueous aliphatic biogenic polyamine solutions using data-driven modeling.",2026,Scientific reports,acoustic,0,noise,attention,positive,,medium,abstract_only_reduced_table,abstract_only,"This study presents a data-driven framework for predicting key thermophysical properties including dynamic viscosity, speed of sound, and density of aqueous solutions containing aliphatic biogenic polyamines (ABPs), which are of growing importance in biochemical and industrial applications. A total of 198 experiment...",no,rct_interventional,conceptual_framework
doi:10.1145/3293534,10.1145/3293534,Known and Unknown Facts of LoRa,2019,ACM Transactions on Sensor Networks,biophilic,0,biophilia,productivity,unknown,,low,abstract_only_reduced_table,abstract_only,"Long Range (LoRa) is a Low-power Wide-area Network technology designed for the Internet of Things. In recent years, it has gained significant momentum among industrial and research communities. Patented by Semtech, LoRa makes use of chirp spread spectrum modulation to deliver data with promises of long battery life,...",no,rct_interventional,theoretical
doi:10.1109/tcomm.2014.010914.130249,10.1109/tcomm.2014.010914.130249,Free-Space Optical Communication with Nonzero Boresight Pointing Errors,2014,IEEE Transactions on Communications,spatial,0,spatial_layout,productivity,negative,,medium,abstract_only_reduced_table,abstract_only,The performance of free-space optical (FSO) communication systems is compromised by atmospheric fading and pointing errors. The pointing errors are widely considered as a combination of two components: boresight and jitter. A statistical model is investigated for pointing errors with nonzero boresight by taking into...,no,rct_interventional,empirical_v2
doi:10.1088/1742-6596/1887/1/012007,10.1088/1742-6596/1887/1/012007,Demand Factor Forecasting Method of Design for Communication and Signal Building Electric Systems by Kernel Density Estimation,2021,Journal of Physics: Conference Series,light,0,spatial_layout,unspecified_outcome,unknown,,low,abstract_only_reduced_table,abstract_only;weak_variable_resolution,"With the expanding high-speed railway construction scale, the loads along the railway are gradually transformed into electrification, and capacity level of power distribution system of high-speed railway is increasing. The power system for communication and signal loads along the railway is one of the important part...",no,rct_interventional,theoretical
sha256:990672360080,,Terrestrial Matter Effects on Reactor Antineutrino Oscillations: Constant vs. Fluctuated Density Profiles,2025,,spatial,0,spatial_layout,unspecified_outcome,unknown,,low,abstract_only_reduced_table,abstract_only;weak_variable_resolution,"The JUNO Collaboration has recently released its first reactor antineutrino oscillation result, achieving unprecedented precision in the measurement of $\Delta m^2_{21}$ and $\sin^2\theta_{12}$. We emphasize that the accurate determination and modeling of the terrestrial matter density profile are fundamental for ex...",no,rct_interventional,empirical_v2
doi:10.3390/buildings15071142,10.3390/buildings15071142,Research on the Evolution Characteristics of Building Space in the Central Urban Area of Tianjin Based on Multi-Source Data Collaboration: 2021–2024,2025,Buildings,spatial,0,spatial_layout,stress,positive,,medium,abstract_only_reduced_table,abstract_only,"Urban renewal faces critical challenges in balancing heritage protection and functional upgrades, particularly in dual-attribute cities like Tianjin that preserve industrial legacy while cultivating emerging functions. Existing studies exhibit three gaps: geographical bias toward megacities, fragmented analysis of f...",no,rct_interventional,conceptual_framework
doi:10.1136/jech.2006.056960,10.1136/jech.2006.056960,Neighbourhood social interactions and risk of acute myocardial infarction,2007,Journal of Epidemiology & Community Health,spatial,0,spatial_layout,unspecified_outcome,positive,,low,abstract_only_reduced_table,abstract_only;weak_variable_resolution,"Study objective: Previous studies of neighbourhood effects on ischaemic heart disease (IHD) have used census or administrative data to characterise the residential context, most commonly its socioeconomic level. Using the ecometric approach to define neighbourhood social interaction variables that may be relevant to...",no,rct_interventional,empirical_v2
doi:10.1111/mms.70033,10.1111/mms.70033,"Investigating Harvest and Vessel Traffic Exposure as Drivers of Social Group Characteristics in Canadian Beluga (
Delphinapterus leucas
) Populations",2025,Marine mammal science,acoustic,0,noise,stress,mixed,,medium,abstract_only_reduced_table,abstract_only,"Assessing variation in social behaviors of group‐living animals may provide insight into the impacts of population stressors. Using very high resolution (VHR) satellite imagery acquired over 3 years, we compared social group size and composition, as well as spatial and social cohesion in three beluga ( Delphinapteru...",no,rct_interventional,empirical_v2
doi:10.1016/s2542-5196(22)00014-6,10.1016/s2542-5196(22)00014-6,"The 15-minute city offers a new framework for sustainability, liveability, and health",2022,The Lancet Planetary Health,air,0,air_quality,attention,mixed,,medium,abstract_only_reduced_table,abstract_only,"In the countdown to The UN Climate Change Conference in Glasgow (COP26), two crucial reports, the Intergovernmental Panel on Climate Change 6th Assessment Report and the Nationally Determined Contributions synthesis report by the UN Framework Convention on Climate Change, have highlighted that global temperatures ar...",no,rct_interventional,conceptual_framework
doi:10.1109/TCYB.2026.3650942,10.1109/TCYB.2026.3650942,Ensemble Encoder-Enabled Proactive Human Assembly Intention Recognition With Multimodal and Flexible Scale Data.,2026,IEEE transactions on cybernetics,cognition,0,daylight,productivity,unknown,,low,abstract_only_reduced_table,abstract_only,"Human-robot collaboration (HRC) assembly necessitates precise mutual cognition to guarantee safe and efficient execution. In this context, human assembly intention recognition (HAIR) serves as a critical approach to achieving this mutual understanding. However, most current HAIR approaches struggle to extract suffic...",no,rct_interventional,empirical_v2
doi:10.1371/journal.pone.0047640,10.1371/journal.pone.0047640,Effects of Increased Spatial Complexity on Behavioural Development and Task Performance in Lister Hooded Rats,2012,PLoS ONE,cognition,0,unspecified_environment,productivity,null,,low,abstract_only_reduced_table,abstract_only;weak_variable_resolution,"Enhancing laboratory animal welfare, particularly in rodents, has been achieved through environmental enrichment in caging systems. Traditional enrichment such as adding objects has shown to impact development, reproductive and maternal performance as well as cognition. However, effects of increased spatial complexi...",no,rct_interventional,thought_piece
doi:10.1007/s00464-025-12511-9,10.1007/s00464-025-12511-9,Comparing skill transfer and cognitive style effects across three laparoscopic training modalities: a prospective randomized study in medical students.,2026,Surgical endoscopy,cognition,0,unspecified_environment,cognition,unknown,,low,abstract_only_reduced_table,abstract_only;weak_variable_resolution,"Simulation-based training is an important component of modern surgical education. While virtual reality (VR) simulators, box trainers, and serious games are all used in laparoscopic training, comparative data on their effectiveness, transferability, and the role of individual cognitive learning styles remain limited.",no,rct_interventional,empirical_v2
doi:10.3758/s13415-025-01374-1,10.3758/s13415-025-01374-1,Perceptual response patterns in rhesus macaque attentional set shifting are associated with inflexible behavior.,2026,"Cognitive, affective & behavioral neuroscience",cognition,0,unspecified_environment,attention,positive,,low,abstract_only_reduced_table,abstract_only;weak_variable_resolution,The attentional set shifting task has been used across species to assess cognitive flexibility. Each phase of the task requires an animal to update their behavior based on a different rule that determines which feature of a complex stimulus is signaling a correct response. The present study used male and female rhes...,no,rct_interventional,empirical_v2
doi:10.3390/brainsci13040555,10.3390/brainsci13040555,Lie Recognition with Multi-Modal Spatial–Temporal State Transition Patterns Based on Hybrid Convolutional Neural Network–Bidirectional Long Short-Term Memory,2023,Brain Science,cognition,0,unspecified_environment,cognition,positive,,low,abstract_only_reduced_table,abstract_only;weak_variable_resolution,Recognition of lying is a more complex cognitive process than truth-telling because of the presence of involuntary cognitive cues that are useful to lie recognition. Researchers have proposed different approaches in the literature to solve the problem of lie recognition from either handcrafted and/or automatic lie f...,no,rct_interventional,empirical_v2
doi:10.1109/TNNLS.2026.3650775,10.1109/TNNLS.2026.3650775,PosFormer: Generalizable Indoor Positioning via Global-Local Feature Fusion Network.,2026,IEEE transactions on neural networks and learning systems,light,0,daylight,cognition,positive,,medium,abstract_only_reduced_table,abstract_only,"Ultra-wideband (UWB), a short-pulse radio technology with high time resolution, has shown great potential for high-accuracy indoor positioning. However, UWB-based localization still faces significant challenges in multipath-rich nonline-of-sight (NLOS) environments. Traditional geometry-based positioning methods ten...",no,rct_interventional,conceptual_framework
doi:10.1093/cercor/bhaf176,10.1093/cercor/bhaf176,Validating conceptions on the role of theta and alpha band activity during the management perception-action associations through EEG-tensor decomposition.,2025,"Cerebral cortex (New York, N.Y. : 1991)",cognition,0,biophilia,cognition,positive,,medium,abstract_only_reduced_table,abstract_only,"Inhibitory control and perception-action integration are fundamental components of executive function, supported by distinct neural mechanisms. This study investigates the roles of theta and alpha oscillations in these processes during a Go/Nogo task, with a sample size of 73 healthy participants, using a novel appl...",no,rct_interventional,theoretical
doi:10.3389/fpsyg.2025.1628814,10.3389/fpsyg.2025.1628814,Time-course effects of cognitively engaging physical activity on executive function and self-control in younger school-aged children: a randomized controlled trial,2025,Frontiers in Psychology,cognition,0,daylight,cognition,null,,medium,abstract_only_reduced_table,abstract_only,Objective This study aimed to investigate the time-course effects of cognitively engaging physical activity (CEPA) on executive function (EF) and self-control in younger school-aged children (ages 8–10 years) exploring the differential impacts and temporal dynamics of the intervention. Methods Using a cluster random...,no,rct_interventional,empirical_v2
doi:10.1002/aur.1924,10.1002/aur.1924,"Spatial navigation from same and different directions: The role of executive functions, memory and attention in adults with autism spectrum disorder.",2018,Autism research : official journal of the International Society for Autism Research,cognition,0,unspecified_environment,cognition,negative,,low,abstract_only_reduced_table,abstract_only;weak_variable_resolution,"To resolve some of the inconsistencies in existing research into spatial navigation in autism spectrum disorder (ASD), we tested two large age- and ability-matched groups of ASD and typically developing (TD) participants for their spatial navigation abilities in a route learning task, which has been shown to shed li...",no,rct_interventional,thought_piece
doi:10.1016/j.jenvman.2025.125338,10.1016/j.jenvman.2025.125338,A sustainable industrial waste control with AI for predicting CO2 for climate change monitoring.,2025,Journal of environmental management,cognition,0,unspecified_environment,attention,positive,,low,abstract_only_reduced_table,abstract_only;weak_variable_resolution,"As the challenge of climate change continues to grow, we need creative solutions to predict better and track industrial waste carbon emissions, focusing on sustainable waste management practices. The present study proposes a state-of-the-art Metaverse framework that puts artificial intelligence into action in predic...",no,rct_interventional,conceptual_framework
doi:10.1080/10400419.2023.2172871,10.1080/10400419.2023.2172871,Uncovering the Interplay of Oscillatory Processes During Creative Problem Solving: A Dynamic Modeling Approach.,2023,Creativity research journal,cognition,0,unspecified_environment,cognition,unknown,,low,abstract_only_reduced_table,abstract_only;weak_variable_resolution,"To solve a new problem, people spontaneously engage multiple cognitive processes. Previous work has identified a diverse set of oscillatory components critical at different stages of creative problem solving. In this project, we use hidden state modeling to untangle the roles of oscillation processes over time as pe...",no,rct_interventional,empirical_v2
doi:10.3390/s22114192,10.3390/s22114192,A Novel Method to Inspect 3D Ball Joint Socket Products Using 2D Convolutional Neural Network with Spatial and Channel Attention.,2022,"Sensors (Basel, Switzerland)",cognition,0,unspecified_environment,attention,unknown,,low,abstract_only_reduced_table,abstract_only;weak_variable_resolution,"Product defect inspections are extremely important for industrial manufacturing processes. It is necessary to develop a special inspection system for each industrial product due to their complexity and diversity. Even though high-precision 3D cameras are usually used to acquire data to inspect 3D objects, it is hard...",no,rct_interventional,theoretical
doi:10.1002/(sici)1097-0193(1998)6:3<160::aid-hbm5>3.0.co;2-1,10.1002/(sici)1097-0193(1998)6:3<160::aid-hbm5>3.0.co;2-1,Analysis of fMRI data by blind separation into independent spatial components,1998,Human Brain Mapping,acoustic,0,noise,productivity,positive,,medium,abstract_only_reduced_table,abstract_only,Current analytical techniques applied to functional magnetic resonance imaging (fMRI) data require a priori knowledge or specific assumptions about the time courses of processes contributing to the measured signals. Here we describe a new method for analyzing fMRI data based on the independent component analysis (IC...,no,rct_interventional,empirical_v2
doi:10.1021/acschemneuro.4c00444,10.1021/acschemneuro.4c00444,Untargeted Metabolomics and Quantitative Analysis of Tryptophan Metabolites in Myalgic Encephalomyelitis Patients and Healthy Volunteers: A Comparative Study Using High-Resolution Mass Spectrometry.,2024,ACS chemical neuroscience,affect,0,unspecified_environment,stress,positive,,low,abstract_only_reduced_table,abstract_only;weak_variable_resolution,"Myalgic encephalomyelitis/chronic fatigue syndrome (ME/CFS) is a chronic, complex illness characterized by severe and often disabling physical and mental fatigue. So far, scientists have not been able to fully pinpoint the biological cause of the illness and yet it affects millions of people worldwide. To gain a bet...",no,rct_interventional,empirical_v2
doi:10.1038/s41526-023-00299-8,10.1038/s41526-023-00299-8,Effects of caffeine and blue-enriched light on spare visual attention during simulated space teleoperation.,2023,NPJ microgravity,light,0,unspecified_environment,sleep,unknown,,low,abstract_only_reduced_table,abstract_only;weak_variable_resolution,"Safe and successful operation of the International Space Station robotic arm is a complex task requiring difficult bimanual hand coordination and spatial reasoning skills, adherence to operating procedures and rules, and systems knowledge. These task attributes are all potentially affected by chronic sleep loss and ...",no,rct_interventional,empirical_v2
doi:10.4081/ejtm.2022.10685,10.4081/ejtm.2022.10685,Neuropsychological evaluation of cognitive disorders in children after COVID-19.,2022,European journal of translational myology,cognition,0,unspecified_environment,cognition,negative,,low,abstract_only_reduced_table,abstract_only;weak_variable_resolution,"The article presents the results of neuropsychological remote and face-to-face testing of 25 children aged 12 to 17 years in the nearest (during and 1-2 weeks after the treatment) and later period (2-12 months) after COVID-19 infection with predominant respiratory tract infection, organized in Ekaterinburg in the St...",no,rct_interventional,theoretical
doi:10.3390/brainsci15060541,10.3390/brainsci15060541,A New Method for Inducing Mental Fatigue: A High Mental Workload Task Paradigm Based on Complex Cognitive Abilities and Time Pressure,2025,Brain Science,cognition,0,unspecified_environment,cognition,mixed,,low,abstract_only_reduced_table,abstract_only;weak_variable_resolution,"Objectives: With the advancement of modern society, people in cognitively demanding jobs are increasingly exposed to occupational stress. Prolonged and high-intensity cognitive activities are prone to inducing mental fatigue (MF), which adversely affects both psychological and physiological well-being, as well as ta...",no,rct_interventional,empirical_v2
doi:10.23977/medsc.2025.060217,10.23977/medsc.2025.060217,The Effects of Subjective Fatigue on Postural Stability during Static Stances in Healthy Adults,2025,MEDS Clinical Medicine,cognition,0,unspecified_environment,attention,mixed,,low,abstract_only_reduced_table,abstract_only;weak_variable_resolution,": Postural stability decreased following fatigability induced by muscular fatigue and mental fatigue. However, little research has focused on investigating the effects of subjective fatigue (perceptions of fatigue) on postural stability. This study aimed to explore the effects of subjective fatigue on postural stabi...",no,rct_interventional,empirical_v2
doi:10.3390/su12219259,10.3390/su12219259,Measurement of the Spatial Complexity and Its Influencing Factors of Agricultural Green Development in China,2020,Sustainability,biophilic,0,unspecified_environment,attention,positive,,low,abstract_only_reduced_table,abstract_only;weak_variable_resolution,"The article focuses on the spatial complexity of agricultural green development (AGD) in different regions. The article first constructs an evaluation index system for the level of AGD from four dimensions: Social development, economic benefits, resource input, and ecological environment. Then, the article uses an i...",no,rct_interventional,thought_piece
doi:10.47405/mjssh.v9i12.3121,10.47405/mjssh.v9i12.3121,Innovating Environmental Education: Building Interdisciplinary Talent through Virtual Classrooms,2024,Malaysian Journal of Social Sciences and Humanities,other,0,unspecified_environment,unspecified_outcome,positive,,low,abstract_only_reduced_table,abstract_only;weak_variable_resolution,"In the modern era, the ecological complexity and environmental crises possesses significant challenges in cultivating talents within environmental disciplines. Traditional training models at local universities inadequate in meeting the industry's demand for interdisciplinary and versatile professionals amidst indust...",no,rct_interventional,theoretical
doi:10.1890/03-5320,10.1890/03-5320,IDENTIFYING ECOLOGICAL CHANGE AND ITS CAUSES: A CASE STUDY ON CORAL REEFS,2004,Ecological Applications,other,0,unspecified_environment,unspecified_outcome,positive,,low,abstract_only_reduced_table,abstract_only;weak_variable_resolution,"The successful management of ecosystems depends on early detection of change and identification of factors causing such change. Determination of change and causality in ecosystems is difficult, both philosophically and practically, and these difficulties increase with the scale and complexity of ecosystems. Manageme...",no,rct_interventional,case_study
doi:10.1371/journal.pone.0080311,10.1371/journal.pone.0080311,Zoos through the Lens of the IUCN Red List: A Global Metapopulation Approach to Support Conservation Breeding Programs,2013,PLoS ONE,other,0,unspecified_environment,unspecified_outcome,positive,,low,abstract_only_reduced_table,abstract_only;weak_variable_resolution,"Given current extinction trends, the number of species requiring conservation breeding programs (CBPs) is likely to increase dramatically. To inform CBP policies for threatened terrestrial vertebrates, we evaluated the number and representation of threatened vertebrate species on the IUCN Red List held in the ISIS z...",no,rct_interventional,empirical_v2
doi:10.1016/j.compind.2020.103208,10.1016/j.compind.2020.103208,Developing augmented reality capabilities for industry 4.0 small enterprises: Lessons learnt from a content authoring case study,2020,Computers in Industry,other,0,unspecified_environment,unspecified_outcome,unknown,,low,abstract_only_reduced_table,abstract_only;weak_variable_resolution,"Augmented reality (AR) has been proposed as a disruptive and enabling technology within the Industry 4.0 manufacturing paradigm. The complexity of the AR content creation process results in an inability for Small Enterprise (SE) to create bespoke, flexible AR training support ""in-house"" and is a potential barrier to...",no,rct_interventional,case_study
doi:10.1523/jneurosci.3392-15.2016,10.1523/jneurosci.3392-15.2016,"Decoding the Charitable Brain: Empathy, Perspective Taking, and Attention Shifts Differentially Predict Altruistic Giving",2016,Journal of Neuroscience,cognition,0,unspecified_environment,attention,positive,,low,abstract_only_reduced_table,abstract_only;weak_variable_resolution,"Altruistic behavior varies considerably across people and decision contexts. The relevant computational and motivational mechanisms that underlie its heterogeneity, however, are poorly understood. Using a charitable giving task together with multivariate decoding techniques, we identified three distinct psychologica...",no,rct_interventional,thought_piece
doi:10.1016/j.brainresbull.2018.12.011,10.1016/j.brainresbull.2018.12.011,The ventral hippocampus is required for behavioral flexibility but not for allocentric/egocentric learning.,2019,Brain research bulletin,cognition,0,unspecified_environment,cognition,mixed,,low,abstract_only_reduced_table,abstract_only;weak_variable_resolution,"Behavioral flexibility is a complex cognitive function that allows for the rapid adaptation to a changing environment. This ability is modulated by the proper function of the prefrontal cortex (PFC), which receives important projections from the ventral hippocampus (vHPC). In this context, the vHPC might play a very...",no,rct_interventional,empirical_v2
doi:10.1093/beheco/araf155,10.1093/beheco/araf155,Diel effects on antipredator behavior: nuanced temporal effects in a Dynamic Landscape of Fear,2025,Behavioral Ecology,other,0,unspecified_environment,unspecified_outcome,positive,,low,abstract_only_reduced_table,abstract_only;weak_variable_resolution,The Landscape of Fear concept has proven to be an effective way to visualize the influence of spatial distributions of predation risk on behavior of prey. A “dynamic” model that includes the dimension of time adds to the accuracy (and complexity) of the landscape model. Time may be particularly complex because preda...,no,rct_interventional,empirical_v2
doi:10.1080/15248372.2020.1741363,10.1080/15248372.2020.1741363,Associations of 3-year-olds’ Block-building Complexity with Later Spatial and Mathematical Skills,2020,Journal of Cognition and Development,cognition,0,unspecified_environment,attention,unknown,102,low,abstract_only_reduced_table,abstract_only;n=102;weak_variable_resolution,"ABSTRACT Block-building skills at age 3 are related to spatial skills at age 5 and spatial skills in grade school are linked to later success in science, technology, engineering, and mathematics (STEM) fields. Though studies have focused on block-building behaviors and design complexity, few have examined these vari...",no,rct_interventional,theoretical
doi:10.1111/ina.12593,10.1111/ina.12593,Effects of biophilic interventions in office on stress reaction and cognitive function: A randomized crossover study in virtual reality,2019,Indoor Air,biophilic,0,biophilia,stress,mixed,,medium,abstract_only_reduced_table,abstract_only,Biophilia hypothesis suggests humans have an innate connection to nature which may affect our health and productivity. Yet we currently live in a world that is rapidly urbanizing with people spending most of their time indoors. We designed a randomized crossover study to let 30 participants experience three versions...,no,rct_interventional,empirical_v2
doi:10.1371/journal.pone.0291355,10.1371/journal.pone.0291355,Biophilic classroom environments on stress and cognitive performance: A randomized crossover study in virtual reality (VR),2023,PLoS ONE,biophilic,0,biophilia,mood,null,,medium,abstract_only_reduced_table,abstract_only,"The emerging Metaverse will likely increase time expenditure in indoor virtual environments, which could impact human health and well-being. The biophilia hypothesis suggests that humans have an innate tendency to seek connections with the natural world and there is increasing evidence that biophilic design such as ...",no,rct_interventional,empirical_v2
doi:10.3389/fpsyg.2025.1512175,10.3389/fpsyg.2025.1512175,Effects of indoor biophilic environments on cognitive function in elderly patients with diabetes: study protocol for a randomized controlled trial,2025,Frontiers in Psychology,biophilic,0,biophilia,attention,mixed,,medium,abstract_only_reduced_table,abstract_only,"Background The prevalence of cognitive impairment in elderly diabetic patients is increasing, highlighting the importance of exploring strategies to prevent and ameliorate cognitive impairment in this population. Previous studies have focused mostly on improving cognition in elderly diabetic patients through three m...",no,rct_interventional,theoretical
doi:10.1108/arch-04-2025-0156,10.1108/arch-04-2025-0156,"Impact of biophilic classroom design on pupils’ creative thinking, perceived stress and place attachment: a quasi-experiment in the Egyptian context",2025,Archnet-IJAR,biophilic,0,biophilia,stress,mixed,8,medium,abstract_only_reduced_table,abstract_only;n=8,"This study aims to assess the impact of biophilic classroom design on pupils’ cognitive development and psychological well-being. More specifically, the objective of the study is to assess the impact of biophilic design patterns on pupils’ creative thinking, perceived stress and place attachment.
 
 
 
 A quasi-expe...",no,rct_interventional,interview_study
doi:10.1371/journal.pone.0317372,10.1371/journal.pone.0317372,Exploring biophilic building designs to promote wellbeing and stimulate inspiration,2025,PLoS ONE,biophilic,0,biophilia,stress,unknown,,low,abstract_only_reduced_table,abstract_only,"Biophilic designs aim to promote health and wellbeing by incorporating nature-based features into internal and external built environments. Three theories have previously been proposed (i.e., Recovery, Attention Restoration, Refuge, and Prospect) regarding the impact of biophilic features on psychological and physio...",no,rct_interventional,theoretical
doi:10.18690/um.epf.5.2024.29,10.18690/um.epf.5.2024.29,Challanges and Opportunities Nature-Based Solutions for Urban Adaptation in the Economic Environment,2024,Challenges in the Turbulent Economic Environment and Organizations’ Sustainable Development,biophilic,0,thermal,mood,mixed,,medium,abstract_only_reduced_table,abstract_only,"In an increasingly urbanised economic environment, with more and more cities, there is a strong incentive for people to seek innovative local solutions to reduce their exposure to the risks of climate change. Accelerating urbanisation affects people in different ways, increasing exposure to the impacts of climate ch...",no,rct_interventional,conceptual_framework
doi:10.1016/j.psj.2024.104457,10.1016/j.psj.2024.104457,Balancing act: Studying the effect of perch space allowance on welfare in Canadian laying strain pullets raised in floor pens with access to a single-tier perch system to 18 wk of age.,2024,Poultry science,other,0,unspecified_environment,unspecified_outcome,unknown,,low,abstract_only_reduced_table,abstract_only;weak_variable_resolution,"The rearing environment for pullets should mirror their later production environment as closely as possible. However, existing perch space recommendations are based on data for laying hens rather than pullets. This study explores the impact of perch space allowances on the welfare of Canadian laying strain pullets r...",no,rct_interventional,empirical_v2
doi:10.1038/s41598-025-31009-x,10.1038/s41598-025-31009-x,Autonomic regulation across sleep and wake during an Antarctic overwintering.,2026,Scientific reports,affect,0,unspecified_environment,sleep,mixed,,low,abstract_only_reduced_table,abstract_only;weak_variable_resolution,"Isolated, confined and extreme environments like Antarctic overwinterings present significant challenges to human psychophysiological adaptation. While previous evidence suggests that such conditions affect autonomic response, the extent to which human physiology adapts, in particular, the sleep-wake cycle and circa...",no,rct_interventional,empirical_v2
doi:10.3390/f11050591,10.3390/f11050591,When Urban Environment Is Restorative: The Effect of Walking in Suburbs and Forests on Psychological and Physiological Relaxation of Young Polish Adults,2020,Forests,biophilic,0,biophilia,mood,positive,,medium,abstract_only_reduced_table,abstract_only,"Background and Objectives: Physical activity, recreation and walks successfully counteract negative symptoms of stress in people, especially in large cities, and have many positive psychological and physiological effects. There are many studies showing that contact with nature plays an important role in the regenera...",no,rct_interventional,empirical_v2
doi:10.3389/fpsyg.2014.00548,10.3389/fpsyg.2014.00548,Evaluating visual and auditory contributions to the cognitive restoration effect,2014,Frontiers in Psychology,acoustic,0,noise,attention,null,,medium,abstract_only_reduced_table,abstract_only,"It has been suggested that certain real-world environments can have a restorative effect on an individual, as expressed in changes in cognitive performance and mood. Much of this research builds on Attention Restoration Theory (ART), which suggests that environments that have certain characteristics induce cognitive...",no,rct_interventional,theoretical
doi:10.1038/s41467-025-68252-9,10.1038/s41467-025-68252-9,Global distribution and changes of leaf-level intrinsic water use efficiency and their responses to water stress.,2026,Nature communications,biophilic,0,biophilia,stress,unknown,,low,abstract_only_reduced_table,abstract_only,"Intrinsic water use efficiency (iWUE) at the leaf level measures water expenditures by terestrial plants during photosynthesis, yet its global spatiotemporal dynamics and responses to water stress remain poorly understood. Using machine-learning models and carbon isotope observations in C",no,rct_interventional,empirical_v2
doi:10.1007/s11625-024-01539-w,10.1007/s11625-024-01539-w,Urban novel ecosystems as affective landscapes.,2024,Sustainability science,biophilic,0,biophilia,mood,positive,,medium,abstract_only_reduced_table,abstract_only,"Intertwined within a patchwork of different types of land use and land cover, novel ecosystems are urban ecosystems that have no historical analogues and contain novel species assemblages. Some researchers and practitioners in the field of conservation and restoration regard urban novel ecosystems unworthy of concer...",no,rct_interventional,empirical_v2
doi:10.1016/j.scib.2025.12.051,10.1016/j.scib.2025.12.051,The FLOW Framework: a panvascular-on-a-chip platform to model systemic disease and guide panvascular interventional device suitcordance.,2025,Science bulletin,biophilic,0,biophilia,unspecified_outcome,unknown,,low,abstract_only_reduced_table,abstract_only;weak_variable_resolution,"Panvascular diseases, encompassing systemic vascular disorders driven by atherosclerosis, represent the leading cause of global mortality, posing significant challenges in modeling due to their prolonged, multi-organ nature and complex device-vessel interactions. Current in vitro and in vivo models fall short in rec...",no,rct_interventional,conceptual_framework
doi:10.70731/bqepqp03,10.70731/bqepqp03,Effects of Outdoor Informal Learning Space Typologies on Cognition and Emotional Regulation: A Multimodal Psychophysiological Analysis of College Students' Self-study Activities,2025,Journal of Sustainable Built Environment,cognition,0,biophilia,mood,unknown,,low,abstract_only_reduced_table,abstract_only,"Informal learning spaces are increasingly seen as vital for self-study, prompt-ing research on how environmental features affect learning efficiency and well-being. This randomized controlled experiment examined three outdoor settings—waterfront, woodland, and semi-open plaza—by having 81 under-graduates complete 5-...",no,rct_interventional,empirical_v2
doi:10.1186/s12987-025-00735-9,10.1186/s12987-025-00735-9,Measuring CSF net velocity in the human subarachnoid space with 7T MRI: testing the classical view of CSF absorption.,2025,Fluids and barriers of the CNS,biophilic,0,biophilia,unspecified_outcome,null,,low,abstract_only_reduced_table,abstract_only;weak_variable_resolution,"Traditionally, cerebrospinal fluid (CSF) is believed to exit the brain via arachnoid villi, being absorbed into the superior sagittal sinus (SSS), with a net flow towards these exit sites driven by constant CSF turnover. However, measuring these velocities non-invasively in humans is challenging due to their slow na...",no,rct_interventional,empirical_v2
doi:10.1002/eap.70144,10.1002/eap.70144,"The combined effects of multiple stressors in an endangered, long-lived species: Lessons learned and ways forward.",2025,Ecological applications : a publication of the Ecological Society of America,affect,0,unspecified_environment,stress,positive,,low,abstract_only_reduced_table,abstract_only;weak_variable_resolution,"Exploring solutions to expanding industrial activities and climate change requires assessments of the combined effects of multiple stressors on wildlife populations. We present a spatially explicit state-space model for the health, survival, reproduction, and somatic growth of individuals in a long-lived, wide-rangi...",no,rct_interventional,case_study
doi:10.1038/s41598-025-26727-1,10.1038/s41598-025-26727-1,Cilia induced transport of microorganisms in Bingham plastic fluid with wall slip in asymmetric microchannel.,2025,Scientific reports,thermal,0,thermal,attention,mixed,,medium,abstract_only_reduced_table,abstract_only,"Bingham plastic fluids are frequently found in both biological and industrial contexts, especially in situations requiring the movement of mucus, chyme, or blood that has unusual viscosity through microchannels. Inspired by the function of cilia-driven peristalsis in biological transport, this research presents a ne...",no,rct_interventional,empirical_v2
doi:10.1016/j.lssr.2025.07.002,10.1016/j.lssr.2025.07.002,Heart rate variability (HRV) changes during the fatigue progression of manual material handling in acute hypobaric hypoxia environments.,2025,Life sciences in space research,other,0,unspecified_environment,sleep,mixed,,low,abstract_only_reduced_table,abstract_only;weak_variable_resolution,"To support National Aeronautics and Space Administration's (NASA) lunar habitat plans utilizing hypobaric hypoxia (HH) environments, this study investigated the combined effects of acute hypoxia severity and physical fatigue on astronauts' autonomic nervous system and cardiac responses during manual tasks. Ten subje...",no,rct_interventional,empirical_v2
doi:10.1038/s41598-019-47163-y,10.1038/s41598-019-47163-y,White LED Light Exposure Inhibits the Development and Xanthophore Pigmentation of Zebrafish Embryo,2019,Scientific Reports,light,0,daylight,sleep,negative,,medium,abstract_only_reduced_table,abstract_only,Abstract Circadian rhythm in all living organisms is disturbed continuously by artificial light sources and artificial lighting has become a hazard for public health. Circadian rhythm of melatonin maintains high levels of melatonin during the night and low levels during the day. N-acetyltransferase (arylalkylamine N...,no,rct_interventional,empirical_v2
doi:10.3389/fphys.2025.1558625,10.3389/fphys.2025.1558625,Evolutionary medicine and bioastronautics: an innovative approach in addressing adverse mental health effects to astronauts during long term space missions.,2025,Frontiers in physiology,cognition,0,unspecified_environment,attention,positive,,low,abstract_only_reduced_table,abstract_only;weak_variable_resolution,"Although evolutionary medicine has produced several novel insights for explaining prevalent health issues, it has yet to sufficiently address possible adverse mental health effects of humans during long-term space missions While evolutionary applications to medicine have increased over the past 20 years, there is sc...",no,rct_interventional,conceptual_framework
doi:10.3390/ijerph18105500,10.3390/ijerph18105500,The Mood-Improving Effect of Viewing Images of Nature and Its Neural Substrate,2021,International Journal of Environmental Research and Public Health,affect,0,biophilia,attention,mixed,,medium,abstract_only_reduced_table,abstract_only,"It has been recently suggested that contact with nature improves mood via reducing the activity of the prefrontal cortex. However, the specific regions within the prefrontal cortex that underlie this effect remain unclear. In this study, we aimed to identify the specific regions involved in the mood-improving effect...",no,rct_interventional,empirical_v2
doi:10.1177/0013916518800798,10.1177/0013916518800798,Health Benefits of Walking in Nature: A Randomized Controlled Study Under Conditions of Real-Life Stress,2018,Environment and Behavior,affect,0,biophilia,stress,mixed,90,medium,abstract_only_reduced_table,abstract_only;n=90,We investigated the effects of recreational exposure to the natural environment on mood and psychophysiological responses to stress. We hypothesized that walking in nature has restorative effects over and above the effects of exposure to nature scenes (viewing nature on TV) or physical exercise alone (walking on a t...,no,rct_interventional,empirical_v2
doi:10.1371/journal.pone.0326278,10.1371/journal.pone.0326278,Impact of guided inquiry-based laboratory experiments on secondary school students' attitudes toward biology in Ethiopia: A quasi-experimental study.,2025,PloS one,affect,0,unspecified_environment,productivity,null,46,low,abstract_only_reduced_table,abstract_only;n=46;weak_variable_resolution,"Attitude plays a vital role in achieving modern science education goals by enhancing students' conceptual understanding, motivation, academic performance, interest, and engagement in scientific inquiry. However, in many Ethiopian schools, attitudes toward science are often overlooked, and traditional teacher-centere...",no,rct_interventional,empirical_v2
doi:10.12688/wellcomeopenres.19584.1,10.12688/wellcomeopenres.19584.1,Investigating the mood effects of nature sounds and soothing images in adolescents: A proof-of-concept randomised control pilot study,2023,Wellcome Open Research,affect,0,noise,mood,positive,,medium,abstract_only_reduced_table,abstract_only,"Background: High prevalence of mental health problems in adolescents indicates a need for more accessible evidence-based interventions. Connection with nature and soothing imagery based on compassion focused therapy (CFT) have both been shown to offer mood benefits, with a recent study showing that both nature relat...",no,rct_interventional,empirical_v2
doi:10.1038/s41597-025-06233-9,10.1038/s41597-025-06233-9,An fNIRS hyperscanning dataset on the modulation of synchrony by social relationship during social touch.,2025,Scientific data,affect,0,biophilia,stress,unknown,,low,abstract_only_reduced_table,abstract_only,"Social touch from a close companion, such as a friend, can effectively buffer stress, an effect modulated by the nature of the social relationship. However, the neural mechanisms underlying this modulation, particularly the dynamics between interacting brains, remain poorly understood due to a lack of suitable open ...",no,rct_interventional,conceptual_framework
doi:10.2196/66430,10.2196/66430,Psychedelic Art and Implications for Mental Health: Randomized Pilot Study.,2024,JMIR formative research,affect,0,unspecified_environment,mood,positive,,low,abstract_only_reduced_table,abstract_only;weak_variable_resolution,"Psychedelic art (PA) emerged in the 1960s during the psychedelic era; then characterized by visuals induced by the ingestion of psychedelic drugs, it is now an art form known for its vibrant colors, distorted forms, and intricate patterns. Building upon the existing research on art viewing as an effective means to i...",no,rct_interventional,empirical_v2
doi:10.2196/22406,10.2196/22406,Administering Virtual Reality Therapy to Manage Behavioral and Psychological Symptoms in Patients With Dementia Admitted to an Acute Care Hospital: Results of a Pilot Study,2020,JMIR Formative Research,biophilic,0,biophilia,unspecified_outcome,positive,10,low,abstract_only_reduced_table,abstract_only;n=10;weak_variable_resolution,"Background As virtual reality (VR) technologies become increasingly accessible and affordable, clinicians are eager to try VR therapy as a novel means to manage behavioral and psychological symptoms of dementia, which are exacerbated during acute care hospitalization, with the goal of reducing the use of antipsychot...",no,rct_interventional,mixed_methods
doi:10.3389/fpubh.2022.1057020,10.3389/fpubh.2022.1057020,Brief repeated virtual nature contact for three weeks boosts university students' nature connectedness and psychological and physiological health during the COVID-19 pandemic: A pilot study,2023,Frontiers in Public Health,affect,0,biophilia,mood,null,,medium,abstract_only_reduced_table,abstract_only,"The COVID-19 pandemic and its associated uncertainties and restrictions have adverse impacts on university students' mental wellbeing. Evidence shows that virtual nature contact has mental health benefits. However, little is known about the potential beneficial health impacts of virtual nature contact during times o...",no,rct_interventional,empirical_v2
doi:10.3126/ijmss.v2i2.42593,10.3126/ijmss.v2i2.42593,The Ecological Vision of Space in Gary Snyder’s Ecopoetry,2021,Interdisciplinary Journal of Management and Social Sciences,biophilic,0,biophilia,unspecified_outcome,unknown,,low,abstract_only_reduced_table,abstract_only;weak_variable_resolution,The paper seeks to investigate the ecological vision of Space in Gary Snyder’s ecopoetry which exclusively exposes how humans have modified the planetary space naively and accelerated it greatly in the name of promoting technology and consumption oriented industrial economy. Snyder’s ecopoetry is a poetic response t...,no,rct_interventional,theoretical
doi:10.1161/01.cir.44.1.130,10.1161/01.cir.44.1.130,Approaches to Sudden Death from Coronary Heart Disease,1971,Circulation,biophilic,0,biophilia,unspecified_outcome,null,,low,abstract_only_reduced_table,abstract_only;weak_variable_resolution,"Sudden cardiac death (SCD) continues unabated. Coronary care units, while effective in lowering hospital mortality, cannot significantly reduce SCD which occurs primarily outside the hospital and accounts for the majority of deaths from coronary heart disease (CHD). In view of the frequent precipitous nature of SCD,...",no,rct_interventional,empirical_v2
doi:10.1038/s41598-025-00681-4,10.1038/s41598-025-00681-4,Physiological adjustment effects of viewing natural environment images on heart rate variability in individuals with depressive and anxiety disorders.,2025,Scientific reports,affect,0,daylight,stress,null,,medium,abstract_only_reduced_table,abstract_only,"Nature-based interventions improve mood and reduce stress, but their effects on heart rate variability (HRV) remain inconsistent. The physiological adjustment effect theory proposes HRV adjusts to an optimal value during nature contact-increasing when baseline HRV is low and decreasing when high. This study tested t...",no,rct_interventional,theoretical
doi:10.1111/j.1467-9760.2007.00280.x,10.1111/j.1467-9760.2007.00280.x,Toward an African Moral Theory*,2007,Journal of Political Philosophy,air,0,air_quality,attention,positive,,medium,abstract_only_reduced_table,abstract_only,"IN the literature on African ethics, one finds relatively little that consists of normative theorization with regard to right action, that is, the articulation and justification of a comprehensive, basic norm that is intended to account for what all permissible acts have in common as distinct from impermissible ones...",no,rct_interventional,phenomenological
doi:10.1002/pan3.70113,10.1002/pan3.70113,Noticing nature: The role of environmental awareness in promoting well‐being,2025,People and Nature,affect,0,biophilia,mood,mixed,,medium,abstract_only_reduced_table,abstract_only,"Spending time in natural environments is associated with enhanced well‐being, including reduced stress and improved cognitive restoration. This experimental study investigates whether these benefits can be amplified by providing environmental prompts to direct attention towards specific features (natural versus huma...",no,rct_interventional,empirical_v2
doi:10.3310/RJYT4275,10.3310/RJYT4275,Nurse-delivered sleep restriction therapy to improve insomnia disorder in primary care: the HABIT RCT.,2024,"Health technology assessment (Winchester, England)",cognition,0,unspecified_environment,stress,unknown,,low,abstract_only_reduced_table,abstract_only;weak_variable_resolution,"Insomnia is a prevalent and distressing sleep disorder. Multicomponent cognitive-behavioural therapy is the recommended first-line treatment, but access remains extremely limited, particularly in primary care where insomnia is managed. One principal component of cognitive-behavioural therapy is a behavioural treatme...",no,rct_interventional,empirical_v2
doi:10.1007/s11157-021-09599-5,10.1007/s11157-021-09599-5,Recent trends in Ni(II) sorption from aqueous solutions using natural materials,2021,Reviews in Environmental Science and Bio\/technology,biophilic,0,unspecified_environment,attention,unknown,,low,abstract_only_reduced_table,abstract_only;weak_variable_resolution,"The use of materials of natural origin for the adsorption of heavy metal ions from aqueous solutions has gained attention in recent years among the scientific community. This is explained by the fact that nickel compounds, due to severe health consequences, are considered to be among the most dangerous to the enviro...",no,rct_interventional,theoretical
doi:10.1016/j.jenvp.2023.102059,10.1016/j.jenvp.2023.102059,Psychological and physiological effects of a wooden office room on human well-being: Results from a randomized controlled trial,2023,Journal of Environmental Psychology,affect,0,unspecified_environment,stress,mixed,61,low,abstract_only_reduced_table,abstract_only;n=61;weak_variable_resolution,Natural materials and elements are considered to support human well-being. Wooden interior well-being effects were studied using a randomized controlled trial with a cross-over design (n = 61) in two rooms: a room with wooden elements and a control room without wood. The participants first performed cognitive tasks ...,no,rct_interventional,empirical_v2
doi:10.2196/mental.7785,10.2196/mental.7785,Delivering Cognitive Behavior Therapy to Young Adults With Symptoms of Depression and Anxiety Using a Fully Automated Conversational Agent (Woebot): A Randomized Controlled Trial,2017,JMIR Mental Health,affect,0,unspecified_environment,stress,null,34,low,abstract_only_reduced_table,abstract_only;n=34;weak_variable_resolution,"Background Web-based cognitive-behavioral therapeutic (CBT) apps have demonstrated efficacy but are characterized by poor adherence. Conversational agents may offer a convenient, engaging way of getting support at any time. Objective The objective of the study was to determine the feasibility, acceptability, and pre...",no,rct_interventional,empirical_v2
doi:10.21203/RS.3.RS-417289/V1,10.21203/RS.3.RS-417289/V1,Effects of The Odors of Japanese Citrus Iyokan (Citrus Iyo) and Yuzu (Citrus Junos) on Human Mood and Physiology,2021,,affect,0,thermal,attention,mixed,,medium,abstract_only_reduced_table,abstract_only,"Background: The effects of the odors of natural essential oils on humans are divided into psychological and physiological effects, such as alertness and sedative effects, respectively. However, there are only a few studies on the effects of essential oils derived from materials specific to Japan. In this study, we f...",no,rct_interventional,empirical_v2
sha256:90aee8edd7a6,,Geomimicry: Emergent Dynamics in Earth-Mediated Complex Materials,2025,,biophilic,0,biophilia,stress,unknown,,low,abstract_only_reduced_table,abstract_only,"Soils and sediments are soft, amorphous materials with complex microstructures and mechanical properties, that are also building blocks for industrial materials such as concrete. These Earth-mediated materials evolve under prolonged environmental pressures like mechanical stress, chemical gradients, and biological a...",no,rct_interventional,conceptual_framework
doi:10.1007/s11356-021-16078-5,10.1007/s11356-021-16078-5,Assessment of potential benefits of traffic and urban mobility reductions during COVID-19 lockdowns: dose-response calculations for material corrosions on built cultural heritage,2021,Environmental science and pollution research international,air,0,air_quality,unspecified_outcome,mixed,,low,abstract_only_reduced_table,abstract_only;weak_variable_resolution,"Air pollution, particularly in urban areas, puts human health in danger and has adverse impacts on the built environment. It can accelerate the natural corrosion rate of cultural heritages and monuments, leading to premature aging and lowering their aesthetic value. Globally, at the beginning of 2020, to tackle the ...",no,rct_interventional,empirical_v2
doi:10.3389/fpsyg.2018.00071,10.3389/fpsyg.2018.00071,Attentional Bias to Beauty with Evolutionary Benefits: Evidence from Aesthetic Appraisal of Landscape Architecture.,2018,Frontiers in psychology,cognition,0,unspecified_environment,attention,null,,low,abstract_only_reduced_table,abstract_only;weak_variable_resolution,Substantial evidence suggests that beauty is associated with the survival and reproduction of organisms. Landscape architecture is composed of a series of natural elements that have significant evolutionary implications. The present study used one pilot material ratings and three experiments to examine the mechanism...,no,rct_interventional,theoretical
doi:10.4108/eai.14-9-2019.2290047,10.4108/eai.14-9-2019.2290047,Development of Teaching Material Market Place Activity (Mpa) Engineering Based On Character Values In Learning Student Class V SD Sudirman 1 Makassar City,2019,"Proceedings of the Proceedings of the 1st International Conference of Science and Technology in Elementary Education, ICSTEE 2019, 14 September, Makassar, South Sulawesi, Indonesia",other,0,unspecified_environment,unspecified_outcome,unknown,,low,abstract_only_reduced_table,abstract_only;weak_variable_resolution,"This study aims to produce science-based teaching materials based on character values by applying Market Place Activity (MPA) techniques that are valid, practical and effective. This type of research is the development (research and development) through several stages, namely (1) gathering initial information, (2) d...",no,rct_interventional,interview_study
doi:10.1038/s41598-026-36279-7,10.1038/s41598-026-36279-7,Effects of exogenous selenium treatment on the composition of endophytic bacterial and fungal communities in Amorphophallus muelleri.,2026,Scientific reports,biophilic,0,unspecified_environment,mood,positive,,low,abstract_only_reduced_table,abstract_only;weak_variable_resolution,"Selenium (Se) is an essential trace element in the human body. Se-enriched agricultural products obtained by applying Se fertilizer are important sources of Se supplements. Se affects many aspects of plant growth, yields, and physiological characteristics. However, little is known about the changes in the compositio...",no,rct_interventional,empirical_v2
doi:10.15561/20755279.2025.0108,10.15561/20755279.2025.0108,Effects of green exercise and walking in natural environments on physiological and cognitive health,2025,Physical Education of Students,biophilic,0,biophilia,cognition,null,,medium,abstract_only_reduced_table,abstract_only,"Background and Study Aim. Exposure to natural environments is an important factor in physical and mental well-being. However, the specific effects of outdoor walking on cognitive and physiological health still require the search for effective solutions. This study aims to examine the effects of walking exercises in ...",no,rct_interventional,empirical_v2
doi:10.1155/2022/9932606,10.1155/2022/9932606,"Effect of Presprouting Plant Growth Regulators and Natural Materials on Dormancy, Growth, and Yield of Potatoes (Solanum tuberosum L.)",2022,Advances in Agriculture,biophilic,0,unspecified_environment,unspecified_outcome,positive,,low,abstract_only_reduced_table,abstract_only;weak_variable_resolution,"Irish potatoes are amongst the most highly grown and demanded crops in Kenya for food, industrial starch, and animal feed. Farmers, however, face a serious challenge regarding the timely availability of well-sprouted seed potato tubers due to the physiological seed dormancy period of 2–3 months, thereby reducing pro...",no,rct_interventional,empirical_v2
doi:10.1093/ahr/121.1.101,10.1093/ahr/121.1.101,Reassembling the Economic: New Departures in Historical Materialism,2016,The American Historical Review,cognition,0,unspecified_environment,stress,unknown,,low,abstract_only_reduced_table,abstract_only;weak_variable_resolution,"Recent writing in economic and business history is reexamining major transformations in world history—industrialization, capitalism, the global economy. This new literature avoids the structural determinism of old with much greater sensitivity to politics, culture, and social institutions. To a lesser degree it brid...",no,rct_interventional,empirical_v2
doi:10.1289/ehp.97105s2417,10.1289/ehp.97105s2417,Profile of patients with chemical injury and sensitivity.,1997,Environmental Health Perspectives,thermal,0,thermal,attention,negative,,medium,abstract_only_reduced_table,abstract_only,Patients reporting sensitivity to multiple chemicals at levels usually tolerated by the healthy population were administered standardized questionnaires to evaluate their symptoms and the exposures that aggravated these symptoms. Many patients were referred for medical tests. It is thought that patients with chemica...,no,rct_interventional,theoretical
doi:10.1093/humrep/deaa101,10.1093/humrep/deaa101,Adverse effects of circadian desynchrony on the male reproductive system: an epidemiological and experimental study,2020,Human Reproduction,light,0,unspecified_environment,sleep,mixed,,low,abstract_only_reduced_table,abstract_only;weak_variable_resolution,"Abstract STUDY QUESTION Is circadian desynchrony a risk factor of male reproductive damage in semen parameters and/or reproductive hormones? SUMMARY ANSWER Circadian desynchrony correlates with decrease of sperm count, which was improved when circadian desynchrony was attenuated. WHAT IS KNOWN ALREADY Circadian desy...",no,rct_interventional,theoretical
doi:10.1186/s12967-025-06771-1,10.1186/s12967-025-06771-1,Molecular subtype of recurrent implantation failure reveals distinct endometrial etiology of female infertility.,2025,Journal of translational medicine,biophilic,0,unspecified_environment,unspecified_outcome,unknown,,low,abstract_only_reduced_table,abstract_only;weak_variable_resolution,"Recurrent implantation failure (RIF) remains a significant barrier in assisted reproductive technology (ART), where multiple transfers of high-quality embryos fail to achieve pregnancy. While embryo-related factors have been extensively investigated, the contribution of endometrial dysfunction to RIF remains poorly ...",no,rct_interventional,empirical_v2
doi:10.1016/j.animal.2023.101041,10.1016/j.animal.2023.101041,Maintenance of permanent sexual activity throughout the year in seasonal bucks using short photoperiodic cycles in open barns.,2024,Animal : an international journal of animal bioscience,other,0,daylight,stress,positive,7,medium,abstract_only_reduced_table,abstract_only;n=7,"Seasonality of reproductive activity in rams and bucks is the major constraint in temperate and subtropical zones. Rapid alternation between 1 month of short days and 1 month of long days (LD) over three years in lightproof buildings eliminates this seasonality. We examined if this would also work in open barns, usi...",no,rct_interventional,empirical_v2
doi:10.1177/1420326X231198358,10.1177/1420326X231198358,Exploring light and colour patterns for remote biophilic northern architecture,2023,Indoor and Built Environment,light,0,daylight,unspecified_outcome,negative,,low,abstract_only_reduced_table,abstract_only;weak_variable_resolution,"This research explores the effects of light in terms of colour, surface colour configuration and finishes using simple and advanced methods in the development of biophilic lighting ambiances for remote northern architecture. Biophilic light and colour design can benefit inhabitants of subarctic regions, where drasti...",no,rct_interventional,empirical_v2
doi:10.3389/fpubh.2024.1352611,10.3389/fpubh.2024.1352611,Promoting stress and anxiety recovery in older adults: assessing the therapeutic influence of biophilic green walls and outdoor view.,2024,Frontiers in public health,biophilic,0,biophilia,stress,mixed,,medium,abstract_only_reduced_table,abstract_only,"Previous research has already provided evidence regarding the favorable impact of green walls and outdoor views on stress reduction and anxiety alleviation. However, there has been limited exploration into the combined effects of green walls and outdoor views on older adults. In this study, a between-subjects experi...",no,rct_interventional,empirical_v2
doi:10.61707/7zwxwh59,10.61707/7zwxwh59,The Apparent Shape and Functional Variables and their Repercussions on the Aesthetic Response to the Industrial Product,2024,International Journal of Religion,other,0,unspecified_environment,unspecified_outcome,unknown,,low,abstract_only_reduced_table,abstract_only;weak_variable_resolution,In the current paper (the apparent shape and functional variables and their repercussions on the aesthetic response to the industrial product) the researcher has tried to study the apparent variables that formed patterns that gave each design its formal characteristics to be distinguished from other industrial produ...,no,rct_interventional,empirical_v2
doi:10.1186/s13705-023-00386-4,10.1186/s13705-023-00386-4,Influencing residential electricity consumption with tailored messages: long-term usage patterns and effects on user experience,2023,"Energy, Sustainability and Society",cognition,0,unspecified_environment,attention,unknown,,low,abstract_only_reduced_table,abstract_only;weak_variable_resolution,"Background To transition our energy system toward sustainable production and consumption, it is important to successfully engage consumers to become active participants in this process. One form this can take is manual demand response, where end users respond to fluctuations in energy production and help balance the...",no,rct_interventional,empirical_v2
doi:10.3390/ijerph191912863,10.3390/ijerph191912863,Effects of High Intensity Interval Training versus Sprint Interval Training on Cardiac Autonomic Modulation in Healthy Women,2022,International Journal of Environmental Research and Public Health,restoration,0,unspecified_environment,unspecified_outcome,positive,,low,abstract_only_reduced_table,abstract_only;weak_variable_resolution,"Background: For the prevention of cardiovascular diseases, the practice of physical exercises is an effective strategy in improving or maintaining cardiorespiratory health; however, a lack of time is a barrier to access and interval training appears as possible facilitator. This study aims to compare the effects of ...",no,rct_interventional,empirical_v2
doi:10.1177/1477153508090917,10.1177/1477153508090917,"Proportions of direct and indirect indoor lighting — The effect on health, well-being and cognitive performance of office workers",2008,Lighting Research & Technology,affect,0,daylight,mood,negative,,medium,abstract_only_reduced_table,abstract_only,"Indirect lighting has been recommended as a way to accommodate lighting needs in offices. To investigate this recommendation, the effect of four ceiling-mounted lighting schemes providing inverse proportions of direct and indirect lighting were studied in ordinary office environments. The study used a 4×3 mixed rand...",no,rct_interventional,empirical_v2
doi:10.3390/ani15060793,10.3390/ani15060793,Luminance Contrast Perception in Killer Whales (,2025,Animals : an open access journal from MDPI,light,0,unspecified_environment,unspecified_outcome,positive,,low,abstract_only_reduced_table,abstract_only;weak_variable_resolution,"Cetaceans are highly adapted to the underwater environment, which is very different from the terrestrial environment. For cetaceans with neither high visual acuity nor color vision, contrast may be an important cue for visual object recognition, even in the underwater environment. Contrast is defined as the differen...",no,rct_interventional,empirical_v2
doi:10.1111/1365-2656.70075,10.1111/1365-2656.70075,"For sea slugs, bright colours may warn off predators-but only in the daytime.",2025,The Journal of animal ecology,cognition,0,unspecified_environment,attention,unknown,,low,abstract_only_reduced_table,abstract_only;weak_variable_resolution,"Research Highlight: van den Berg, C. P., Hassler, G., Blomberg, S., Wilson, N., Suchard, M., & Cheney, K. (2025). Diel activity correlates with colour pattern morphology of heterobranch sea slugs. Journal of Animal Ecology, https://doi.org/10.1111/1365-2656.70036. The ecological drivers of colour evolution in marine...",no,rct_interventional,case_study
doi:10.2466/pms.1989.68.1.55,10.2466/pms.1989.68.1.55,Geophysical variables and behavior: LV. Predicting the details of visitor experiences and the personality of experients: the temporal lobe factor.,1989,Perceptual and motor skills,affect,0,unspecified_environment,stress,positive,,low,abstract_only_reduced_table,abstract_only;weak_variable_resolution,"The visitor experience, a more intense form of the normal sense of presence, emphasizes the deep belief of personal contact with an extraterrestrial (or religious) entity. Phenomenological details of visitor experiences are expected to reflect the functions of deep temporal lobe structures; common details involve co...",no,rct_interventional,phenomenological
doi:10.1115/1.4028957,10.1115/1.4028957,Assessment of Lumen Degradation and Remaining Life of Light-Emitting Diodes Using Physics-Based Indicators and Particle Filter,2014,Journal of Electronic Packaging,thermal,0,thermal,stress,negative,,medium,abstract_only_reduced_table,abstract_only,The development of light-emitting diode (LED) technology has resulted in widespread solid state lighting (SSL) use in consumer and industrial applications. Previous researchers have shown that LEDs from the same manufacturer and operating under same use-condition may have significantly different degradation behavior...,no,rct_interventional,theoretical
doi:10.15627/jd.2016.4,10.15627/jd.2016.4,Appraisal of the Visual Environment in an Industrial Factory: a Case Study in Subtropical Climates,2016,Journal of Daylighting,light,0,daylight,attention,unknown,,low,abstract_only_reduced_table,abstract_only,"The physiological and psychological benefits of daylighting for office occupants have been well explored. Current research usually focuses on visual comfort in office buildings. However, there is limited knowledge about daylight quality in industrial work environments. In Australia, most industrial buildings are bui...",no,rct_interventional,case_study
doi:10.17831/rep:arcc%y202,10.17831/rep:arcc%y202,Auto-tuning Daylight with LEDs: Sustainable Lighting for Health and Wellbeing,2013,ARCC Conference Repository,light,0,daylight,cognition,positive,,medium,abstract_only_reduced_table,abstract_only,"While human life expectancy may be increasing due to advances in public health, technology and medicine, there are serious questions as to whether the quality of human life can keep up with this increase in longevity. Postindustrial society is experiencing a proliferation of light-related disorders and diseases spec...",no,rct_interventional,empirical_v2
doi:10.1177/0748730402239679,10.1177/0748730402239679,Life between Clocks: Daily Temporal Patterns of Human Chronotypes,2003,Journal of Biological Rhythms,light,0,daylight,sleep,positive,,medium,abstract_only_reduced_table,abstract_only,"Human behavior shows large interindividual variation in temporal organization. Extreme “larks” wake up when extreme “owls” fall asleep. These chronotypes are attributed to differences in the circadian clock, and in animals, the genetic basis of similar phenotypic differences is well established. To better understand...",no,rct_interventional,empirical_v2
doi:10.1073/pnas.1509453112,10.1073/pnas.1509453112,Radiative cooling of solar absorbers using a visibly transparent photonic crystal thermal blackbody,2015,Proceedings of the National Academy of Sciences,thermal,0,thermal,productivity,positive,,medium,abstract_only_reduced_table,abstract_only,"Significance The coldness of the universe is an enormous but strikingly underexploited thermodynamic resource. Its direct utilization on Earth therefore represents an important frontier for renewable energy research. In many applications, including solar cells and outdoor structures, the absorption of sunlight is in...",no,rct_interventional,empirical_v2
doi:10.1186/2192-0567-2-15,10.1186/2192-0567-2-15,Energy and sustainable development in Nigeria: the way forward,2012,Energy Sustainability and Society,biophilic,0,unspecified_environment,productivity,negative,,low,abstract_only_reduced_table,abstract_only;weak_variable_resolution,"Access to clean modern energy services is an enormous challenge facing the African continent because energy is fundamental for socioeconomic development and poverty eradication. Today, 60% to 70% of the Nigerian population does not have access to electricity. There is no doubt that the present power crisis afflictin...",no,rct_interventional,theoretical
sha256:3e2c42698034,,Is the Hawthorne Effect in Educational Experiments a Chimera,1973,Phi Delta Kappan,light,0,daylight,productivity,unknown,,low,abstract_only_reduced_table,abstract_only,"T X his article reports on an experi mental study designed to investigate the relationship between two factors com monly regarded as components of the  Effect on pupil performance on an intellectual task: 1) direct cue, or awareness of experimentation, as repre sented by an announcement that pupils were the subjects...",no,rct_interventional,empirical_v2
doi:10.1582/leukos.2007.004.03.001,10.1582/leukos.2007.004.03.001,Detection and Acceptance of Demand-Responsive Lighting in Offices with and without Daylight,2008,LEUKOS The Journal of the Illuminating Engineering Society of North America,light,0,daylight,stress,unknown,33,low,abstract_only_reduced_table,abstract_only;n=33,"Participants (N = 33) in an office laboratory were exposed to an initial baseline electric lighting level of 400 lx on the desktop. The electric lighting was dimmed smoothly over 10 seconds. During the dim, and for 30 seconds afterwards, the participant performed a computer-based proofreading task. The participants ...",no,rct_interventional,empirical_v2
doi:10.1186/1472-684x-4-7,10.1186/1472-684x-4-7,The Australia-modified Karnofsky Performance Status (AKPS) scale: a revised scale for contemporary palliative care clinical practice [ISRCTN81117481],2005,BMC Palliative Care,cognition,0,unspecified_environment,attention,negative,,low,abstract_only_reduced_table,abstract_only;weak_variable_resolution,Abstract Background The Karnofsky Performance Status (KPS) is a gold standard scale. The Thorne-modified KPS (TKPS) focuses on community-based care and has been shown to be more relevant to palliative care settings than the original KPS. The Australia-modified KPS (AKPS) blends KPS and TKPS to accommodate any settin...,no,rct_interventional,empirical_v2
doi:10.1080/15502724.2015.1061945,10.1080/15502724.2015.1061945,Comfortable Indoor Lighting Conditions Evaluated from Psychological and Physiological Responses,2015,LEUKOS The Journal of the Illuminating Engineering Society of North America,light,0,daylight,unspecified_outcome,null,,low,abstract_only_reduced_table,abstract_only;weak_variable_resolution,"Comfortable indoor lighting conditions were examined for psychological and physiological responses. Ten Japanese males participated in a series of experiments. They were exposed to light emitted from fluorescent lamps of 2700 K in the range of 20–170 lux and of 1500–3000 lux, 3000 K in the range of 50–200 lux, 3500 ...",no,rct_interventional,empirical_v2
doi:10.1162/jocn.1994.6.1.17,10.1162/jocn.1994.6.1.17,The Role of the Anterior Attention System in Semantic Processing of both Foveal and Parafoveal Words,1994,Journal of Cognitive Neuroscience,cognition,0,unspecified_environment,attention,mixed,,low,abstract_only_reduced_table,abstract_only;weak_variable_resolution,"Abstract This research takes advantage of combined cognitive and anatomical studies to ask whether attention is necessary for high-level word processing to occur. In Experiment 1 we used a lexical decision task in which two prime words, one in the fovea and the other in the parafovea, appeared simultaneously for 150...",no,rct_interventional,empirical_v2
doi:10.1145/1243980.1243983,10.1145/1243980.1243983,Lighting with paint,2007,ACM Transactions on Graphics,affect,0,daylight,mood,positive,,medium,abstract_only_reduced_table,abstract_only,Lighting is a fundamental aspect of computer cinematography that involves the placement and configuration of lights to establish mood and enhance storytelling. This process is labor intensive as artists repeatedly adjust the parameters of a large set of complex lights to achieve a desired effect. Typical lighting co...,no,rct_interventional,empirical_v2
doi:10.1353/earl.1999.0036,10.1353/earl.1999.0036,The Shadows of Poetry: Vergil in the Mind of Augustine,1999,Journal of early Christian studies,air,0,air_quality,stress,unknown,,low,abstract_only_reduced_table,abstract_only,"Reviewed by: The Shadows of Poetry: Vergil in the mind of Augustine Clifford Ando Sabine MacCormack. The Shadows of Poetry: Vergil in the mind of Augustine. The transformation of the classical heritage 26. Berkeley: The University of California Press, 1998. Pp. xx + 258. $40.00. In the preface to the City of God, Au...",no,rct_interventional,empirical_v2
doi:10.1183/09031936.00010206,10.1183/09031936.00010206,Weaning from mechanical ventilation,2007,European Respiratory Journal,air,0,air_quality,unspecified_outcome,unknown,,low,abstract_only_reduced_table,abstract_only;weak_variable_resolution,Weaning covers the entire process of liberating the patient from mechanical support and from the endotracheal tube. Many controversial questions remain concerning the best methods for conducting this process. An International Consensus Conference was held in April 2005 to provide recommendations regarding the manage...,no,rct_interventional,empirical_v2
doi:10.1007/s00221-006-0726-x,10.1007/s00221-006-0726-x,"Visual attention, reaction time, and self-reported alertness upon awakening from sleep bouts of varying lengths.",2007,Experimental brain research,light,0,thermal,sleep,mixed,,medium,abstract_only_reduced_table,abstract_only,"The aim of the present study was to examine visual attention, especially the executive control functions that deal with conflict, when participants were in a low arousal state shortly after a nighttime awakening. Fifteen participants spent four consecutive nights at a laboratory and performed a flankers task using t...",no,rct_interventional,empirical_v2
doi:10.1109/access.2015.2437951,10.1109/access.2015.2437951,The Internet of Things for Health Care: A Comprehensive Survey,2015,IEEE Access,other,0,unspecified_environment,unspecified_outcome,unknown,,low,abstract_only_reduced_table,abstract_only;weak_variable_resolution,"The Internet of Things (IoT) makes smart objects the ultimate building blocks in the development of cyber-physical smart pervasive frameworks. The IoT has a variety of application domains, including health care. The IoT revolution is redesigning modern health care with promising technological, economic, and social p...",no,rct_interventional,thought_piece
doi:10.1080/00140136808931006,10.1080/00140136808931006,Experimental Studies of Shift-Work II: Stabilized 8-hour Shift Systems,1968,Ergonomics,light,0,thermal,sleep,positive,,medium,abstract_only_reduced_table,abstract_only,Abstract Thirty-one subjects were employed in an experiment to determine whether the relationship between efficiency at mental tasks and the circadian rhythm of body temperature observed in an earlier study was affected by an increase in the length of the duty-spell from 4 to 8 hours. Subjects wore assigned either t...,no,rct_interventional,empirical_v2
doi:10.1175/1520-0477(1994)075<1201:tarmpp>2.0.co;2,10.1175/1520-0477(1994)075<1201:tarmpp>2.0.co;2,The Atmospheric Radiation Measurement (ARM) Program: Programmatic Background and Design of the Cloud and Radiation Test Bed,1994,Bulletin of the American Meteorological Society,thermal,0,thermal,productivity,positive,,medium,abstract_only_reduced_table,abstract_only,"The Atmospheric Radiation Measurement (ARM) Program, supported by the U.S. Department of Energy, is a major new program of atmospheric measurement and modeling. The program is intended to improve the understanding of processes that affect atmospheric radiation and the description of these processes in climate models...",no,rct_interventional,empirical_v2
doi:10.1111/ejn.12482,10.1111/ejn.12482,Intersaccadic drift velocity is sensitive to short‐term hypobaric hypoxia,2014,European Journal of Neuroscience,other,0,unspecified_environment,sleep,mixed,,low,abstract_only_reduced_table,abstract_only;weak_variable_resolution,"Abstract Hypoxia, defined as decreased availability of oxygen in the body's tissues, can lead to dyspnea, rapid pulse, syncope, visual dysfunction, mental disturbances such as delirium or euphoria, and even death. It is considered to be one of the most serious hazards during flight. Thus, early and objective detecti...",no,rct_interventional,empirical_v2
doi:10.1097/DBP.0000000000001251,10.1097/DBP.0000000000001251,Challenging Case: A Multidisciplinary Approach to Demystifying Chronic Sleep Impairment in an Infant with a Complex Medical and Behavioral Profile.,0,Journal of developmental and behavioral pediatrics : JDBP,affect,0,daylight,mood,mixed,,medium,abstract_only_reduced_table,abstract_only,"X is a 22-month-old White male infant with a complex medical history, including diagnoses of FBXO11 mutation, hypotonia, restrictive lung disease and mild intermittent asthma, laryngotracheomalacia, obstructive sleep apnea (OSA), feeding difficulties with a history of aspiration, gastroesophageal reflux disease (GER...",no,rct_interventional,empirical_v2
doi:10.1137/1114019,10.1137/1114019,Non-Parametric Estimation of a Multivariate Probability Density,1969,Theory of Probability and Its Applications,acoustic,0,noise,productivity,positive,,medium,abstract_only_reduced_table,abstract_only,"Previous article Next article Non-Parametric Estimation of a Multivariate Probability DensityV. A. EpanechnikovV. A. Epanechnikovhttps://doi.org/10.1137/1114019PDFBibTexSections ToolsAdd to favoritesExport CitationTrack CitationsEmail SectionsAbout[1] Emanuel Parzen, On estimation of a probability density function a...",no,rct_interventional,case_study
doi:10.1111/j.1469-7610.2007.01749.x,10.1111/j.1469-7610.2007.01749.x,Listen to the noise: noise is beneficial for cognitive performance in ADHD,2007,Journal of Child Psychology and Psychiatry,cognition,0,noise,cognition,unknown,,low,abstract_only_reduced_table,abstract_only,"Background: Noise is typically conceived of as being detrimental to cognitive performance. However, given the mechanism of stochastic resonance, a certain amount of noise can benefit performance. We investigate cognitive performance in noisy environments in relation to a neurocomputational model of attention deficit...",no,rct_interventional,theoretical
doi:10.3233/rnn-150557,10.3233/rnn-150557,"Effects of transcranial random noise stimulation (tRNS) on affect, pain and attention in multiple sclerosis",2016,Restorative Neurology and Neuroscience,cognition,0,noise,attention,mixed,,medium,abstract_only_reduced_table,abstract_only,Purpose: Pain and cognitive impairment are frequent symptoms in patients with multiple sclerosis (MS). Neglecting experimental pain and paying attention to demanding tasks is reported to decrease the pain intensity. Little is known about the interaction between chronic neuropathic pain and attention disorders in MS....,no,rct_interventional,empirical_v2
doi:10.1037/0096-1523.34.2.460,10.1037/0096-1523.34.2.460,Perceptual learning of noise vocoded words: Effects of feedback and lexicality.,2008,Journal of Experimental Psychology Human Perception & Performance,acoustic,0,noise,cognition,positive,,medium,abstract_only_reduced_table,abstract_only,"Speech comprehension is resistant to acoustic distortion in the input, reflecting listeners' ability to adjust perceptual processes to match the speech input. This adjustment is reflected in improved comprehension of distorted speech with experience. For noise vocoding, a manipulation that removes spectral detail fr...",no,rct_interventional,empirical_v2
doi:10.1111/j.1365-2664.2006.01234.x,10.1111/j.1365-2664.2006.01234.x,Chronic industrial noise affects pairing success and age structure of ovenbirds <i>Seiurus aurocapilla</i>,2006,Journal of Applied Ecology,acoustic,0,noise,mood,negative,,medium,abstract_only_reduced_table,abstract_only,"Summary Anthropogenic noise is rapidly increasing in wilderness areas as a result of industrial expansion. While many road studies have attempted to assess the effects of industrial noise on birds, conflicting factors such as edge effects often inhibit the ability to draw strong conclusions. We assessed pairing succ...",no,rct_interventional,empirical_v2
doi:10.7326/0003-4819-98-6-1042_1,10.7326/0003-4819-98-6-1042_1,Environmental and Occupational Medicine.,1983,Annals of Internal Medicine,acoustic,0,noise,stress,negative,,medium,abstract_only_reduced_table,abstract_only,"ENVIRONMENTAL & OCCUPATIONAL DISEASE: The Discipline of Environmental & Occupational Medicine. Role of Surveillance in Occupational Health. The Occupational/Environmental History & Examination. Epidemiology of Occupational Diseases. Occupational Biostatistics. Impairment, Disability & Functional Capacity. DNA & the ...",no,rct_interventional,theoretical
doi:10.21273/hortsci.34.1.13,10.21273/hortsci.34.1.13,Biology and Management of Dollar Spot (Sclerotinia homoeocarpa); an Important Disease of Turfgrass,1999,HortScience,biophilic,0,noise,mood,mixed,,medium,abstract_only_reduced_table,abstract_only,"Turfgrasses have been utilized by humans for >10 centuries to enhance their environment, but the modern turfgrass industry developed primarily during the past three decades, largely in response to increased population growth and urbanization. Turfgrass culture represents an important economic component of horticultu...",no,rct_interventional,empirical_v2
doi:10.1086/689672,10.1086/689672,Theory of the Gimmick,2016,Critical Inquiry,acoustic,0,air_quality,attention,mixed,,medium,abstract_only_reduced_table,abstract_only,Previous articleNext article FreeTheory of the GimmickSianne NgaiSianne NgaiPDFPDF PLUSFull Text Add to favoritesDownload CitationTrack CitationsPermissionsReprints Share onFacebookTwitterLinked InRedditEmailQR Code SectionsMore1. Labor-Saving DeviceWhat are we as subjects of capitalist lifeworlds implicitly saying ...,no,rct_interventional,theoretical
doi:10.4322/apa.2014.084,10.4322/apa.2014.084,Relationship Between Noise and Psychological Comfort of the Users in the Comandante Ferraz Antarctic Station,2012,INCT-APA Annual Activity Report,acoustic,0,noise,unspecified_outcome,negative,,low,abstract_only_reduced_table,abstract_only;weak_variable_resolution,"e Comandante Ferraz Antarctic Station is a base camp and working place, housing a diversity of individuals in a restricted environment.Comfort is an essential criterion for the residence time to be e ectively productive, in particular in relation to acoustics.e relevance of this study is based on the correlation bet...",no,rct_interventional,empirical_v2
doi:10.1016/j.cogsci.2003.10.005,10.1016/j.cogsci.2003.10.005,Characterizing perceptual learning with external noise,2004,Cognitive Science,acoustic,0,noise,productivity,mixed,,medium,abstract_only_reduced_table,abstract_only,"Performance in perceptual tasks often improves with practice. This effect is known as ‘perceptual learning,’ and it has been the source of a great deal of interest and debate over the course of the last century. Here, we consider the effects of perceptual learning within the context of signal detection theory. Accor...",no,rct_interventional,theoretical
doi:10.1207/s15516709cog2802_3,10.1207/s15516709cog2802_3,Characterizing perceptual learning with external noise,2004,Cognitive Science,acoustic,0,noise,productivity,mixed,,medium,abstract_only_reduced_table,abstract_only,"Abstract Performance in perceptual tasks often improves with practice. This effect is known as ‘perceptual learning,’ and it has been the source of a great deal of interest and debate over the course of the last century. Here, we consider the effects of perceptual learning within the context of signal detection theo...",no,rct_interventional,theoretical
doi:10.1007/s10071-015-0908-7,10.1007/s10071-015-0908-7,"Developmental stress impairs performance on an association task in male and female songbirds, but impairs auditory learning in females only.",2016,Animal cognition,affect,0,unspecified_environment,stress,negative,,low,abstract_only_reduced_table,abstract_only;weak_variable_resolution,"In songbirds, early-life environments critically shape song development. Many studies have demonstrated that developmental stress impairs song learning and the development of song-control regions of the brain in males. However, song has evolved through signaller-receiver networks and the effect stress has on the abi...",no,rct_interventional,empirical_v2
doi:10.1073/pnas.1213555110,10.1073/pnas.1213555110,Reversal of age-related neural timing delays with training,2013,Proceedings of the National Academy of Sciences,acoustic,0,noise,cognition,mixed,,medium,abstract_only_reduced_table,abstract_only,"Neural slowing is commonly noted in older adults, with consequences for sensory, motor, and cognitive domains. One of the deleterious effects of neural slowing is impairment of temporal resolution; older adults, therefore, have reduced ability to process the rapid events that characterize speech, especially in noisy...",no,rct_interventional,empirical_v2
doi:10.7717/peerj.2557,10.7717/peerj.2557,Variation in habitat soundscape characteristics influences settlement of a reef-building coral,2016,PeerJ,acoustic,0,noise,mood,positive,,medium,abstract_only_reduced_table,abstract_only,"Coral populations, and the productive reef ecosystems they support, rely on successful recruitment of reef-building species, beginning with settlement of dispersing larvae into habitat favourable to survival. Many substrate cues have been identified as contributors to coral larval habitat selection; however, the pot...",no,rct_interventional,empirical_v2
doi:10.1162/pres.16.1.84,10.1162/pres.16.1.84,Synthetic Soundscapes with Natural Grains,2007,PRESENCE Virtual and Augmented Reality,acoustic,0,noise,mood,unknown,,low,abstract_only_reduced_table,abstract_only,"We present a technique to facilitate the creation of constantly changing, randomized audio streams from samples of source material. A core motivation is to make it easier to quickly create soundscapes for virtual environments and other scenarios where long streams of audio are used. While mostly in the background, t...",no,rct_interventional,empirical_v2
doi:10.1111/j.1475-4959.2007.232_3.x,10.1111/j.1475-4959.2007.232_3.x,Urbanization and global environmental change: local effects of urban warming,2007,Geographical Journal,thermal,0,thermal,attention,mixed,,medium,abstract_only_reduced_table,abstract_only,"The extent and rate of global environmental changes, whether greenhouse gas-induced warming, deforestation, desertification, or loss in biodiversity, are driven largely by the rapid growth of the Earth's human population. Given the large and ever-increasing fraction of the world's population living in cities, and th...",no,rct_interventional,empirical_v2
doi:10.1002/env.882,10.1002/env.882,Monitoring long‐memory air quality data using ARFIMA model,2007,Environmetrics,air,0,air_quality,cognition,unknown,,low,abstract_only_reduced_table,abstract_only,"Abstract Statistical control chart is commonly used in the industry to help ensure stability of manufacturing process and it can also be used to monitor the environmental data, such as industrial waste or effluent of manufacturing process. However, control chart needs to be modified if the set of environmental data ...",no,rct_interventional,empirical_v2
doi:10.1596/1020-797x_12_1_29,10.1596/1020-797x_12_1_29,Design Thinking for Social Innovation,2010,Development Outreach,acoustic,0,noise,productivity,positive,,medium,abstract_only_reduced_table,abstract_only,"No AccessEducationJul 2010Design Thinking for Social InnovationAuthors/Editors: Tim Brown, Jocelyn WyattTim BrownSearch for more papers by this author, Jocelyn WyattSearch for more papers by this authorhttps://doi.org/10.1596/1020-797X_12_1_29SectionsAboutView ChaptersPDF (0.2 MB) ToolsAdd to favoritesDownload Citat...",no,rct_interventional,mixed_methods
doi:10.1111/j.1399-6576.2008.01702.x,10.1111/j.1399-6576.2008.01702.x,Light vs. heavy sedation during mechanical ventilation after oesophagectomy – a pilot experimental study focusing on memory,2008,Acta Anaesthesiologica Scandinavica,cognition,0,air_quality,stress,null,18,medium,abstract_only_reduced_table,abstract_only;n=18,Background: To assess and compare the feasibility and stressful memories of light vs. heavy sedation during post‐operative mechanical ventilation. Methods: Randomized clinical trial in one general intensive care unit (ICU) in a Swedish university hospital. Thirty‐six adults were randomly assigned to receive either l...,no,rct_interventional,interview_study
doi:10.1113/jphysiol.1993.sp019568,10.1113/jphysiol.1993.sp019568,Effects of memory from vagal feedback on short‐term potentiation of ventilation in conscious dogs.,1993,The Journal of Physiology,air,0,air_quality,cognition,positive,,medium,abstract_only_reduced_table,abstract_only,"1. We assessed short‐term potentiation of ventilation in response to brief systemic normocapnic hypoxaemia in conscious dogs. Four recumbent dogs were exposed to Pa, O2 35‐55 mmHg with Pa, CO2 maintained normocapnic for forty to fifty seconds and then abruptly returned to normoxia. Minute ventilation (VI) increased ...",no,rct_interventional,empirical_v2
doi:10.1186/cc13922,10.1186/cc13922,"Midazolam and propofol used alone or sequentially for long-term sedation in critically ill, mechanically ventilated patients: a prospective, randomized study",2014,Critical Care,air,0,air_quality,stress,mixed,,medium,abstract_only_reduced_table,abstract_only,"Abstract Introduction Midazolam and propofol used alone for long-term sedation are associated with adverse effects. Sequential use may reduce the adverse effects, and lead to faster recovery, earlier extubation and lower costs. This study evaluates the effects, safety, and cost of midazolam, propofol, and their sequ...",no,rct_interventional,empirical_v2
doi:10.1115/detc2002/dtm-34025,10.1115/detc2002/dtm-34025,Converging in Problem Formulation: A Different Path in Design,2002,,air,0,air_quality,productivity,unknown,,low,abstract_only_reduced_table,abstract_only,"The efficiency of the design process in companies today is largely dependent on the skills of individual members of project teams, the capacity of the software available on the market and any assistance provided by the tools and methods found scattered around the industrial world. Within this context, there have bee...",no,rct_interventional,case_study
doi:10.3200/AEOH.62.3.147-155,10.3200/AEOH.62.3.147-155,"Sick building syndrome: psychological, somatic, and environmental determinants.",2007,Archives of environmental & occupational health,air,0,air_quality,mood,unknown,,low,abstract_only_reduced_table,abstract_only,"The authors aimed to examine potential relationships between work-related symptoms attributed to sick building syndrome (SBS) and certain psychological, somatic, and environmental factors. The multidisciplinary, cross-sectional study comprised 171 female subjects working in air-conditioned and naturally ventilated n...",no,rct_interventional,empirical_v2
doi:10.1161/01.cir.85.6.2119,10.1161/01.cir.85.6.2119,"Controlled trial of physical training in chronic heart failure. Exercise performance, hemodynamics, ventilation, and autonomic function.",1992,Circulation,air,0,air_quality,unspecified_outcome,mixed,,low,abstract_only_reduced_table,abstract_only;weak_variable_resolution,"BACKGROUND Many secondary abnormalities in chronic heart failure (CHF) may reflect physical deconditioning. There has been no prospective, controlled study of the effects of physical training on hemodynamics and autonomic function in CHF. METHODS AND RESULTS In a controlled crossover trial of 8 weeks of exercise tra...",no,rct_interventional,empirical_v2
doi:10.1542/peds.107.1.105,10.1542/peds.107.1.105,Demographic and Therapeutic Determinants of Pain Reactivity in Very Low Birth Weight Neonates at 32 Weeks' Postconceptional Age,2001,PEDIATRICS,acoustic,0,noise,stress,mixed,,medium,abstract_only_reduced_table,abstract_only,Background. Management of pain in very low birth weight infants is limited by a lack of empiric knowledge about the multiple determinants of biobehavioral reactivity in infants receiving neonatal intensive care. Objective. To examine relationship of early neonatal factors and previous medication exposure to subseque...,no,rct_interventional,observational_field
doi:10.1037/a0017549,10.1037/a0017549,The effect of attention training on a behavioral test of contamination fears in individuals with subclinical obsessive-compulsive symptoms.,2010,Journal of Abnormal Psychology,cognition,0,unspecified_environment,attention,unknown,,low,abstract_only_reduced_table,abstract_only;weak_variable_resolution,"In the current study, we evaluated the effectiveness of attention training in individuals with subclinical obsessive-compulsive symptoms. We hypothesized that after completing attention training, participants would be more likely to complete steps in a hierarchy approaching their feared contaminant compared with par...",no,rct_interventional,empirical_v2
doi:10.1289/ehp.1206323,10.1289/ehp.1206323,"Domain-Specific Effects of Prenatal Exposure to PCBs, Mercury, and Lead on Infant Cognition: Results from the Environmental Contaminants and Child Development Study in Nunavik",2014,Environmental Health Perspectives,cognition,0,unspecified_environment,cognition,mixed,94,low,abstract_only_reduced_table,abstract_only;n=94;weak_variable_resolution,"Background: Polychlorinated biphenyls (PCBs), methylmercury (MeHg), and lead (Pb) are environmental contaminants known for their adverse effects on cognitive development. Objectives: In this study we examined the effects of prenatal exposure to PCBs, MeHg, and Pb on cognitive development in a sample of Inuit infants...",no,rct_interventional,empirical_v2
doi:10.1177/145749690509400406,10.1177/145749690509400406,Blast Trauma: The Fourth Weapon of Mass Destruction,2005,Scandinavian Journal of Surgery,thermal,0,thermal,unspecified_outcome,positive,,low,abstract_only_reduced_table,abstract_only;weak_variable_resolution,Injury from blast is becoming more common in the non-military population. This is primarily a result of an increase in politically motivated bombings within the civilian sector. Explosions unrelated to terrorism may also occur in the industrial setting. Civilian physicians and surgeons need to have an understanding ...,no,rct_interventional,empirical_v2
doi:10.1126/science.185.4154.824,10.1126/science.185.4154.824,Behavioral Regulation of the Milieu Interne in Man and Rat,1974,Science,cognition,0,thermal,cognition,positive,,medium,abstract_only_reduced_table,abstract_only,"In regulating the internal homeostatic environment mammals, by necessity, employ behavioral strategies that differ from the tactics used in coping with contingencies in the external environment. When an animal consumes a meal, the palatability of that meal is automatically adjusted in accordance with the ultimate in...",no,rct_interventional,theoretical
doi:10.1080/02791072.2009.10399903,10.1080/02791072.2009.10399903,Reactivity to Cannabis Cues in Virtual Reality Environments,2009,Journal of Psychoactive Drugs,biophilic,0,biophilia,attention,positive,,medium,abstract_only_reduced_table,abstract_only,"Virtual reality (VR) cue environments have been developed and successfully tested in nicotine, cocaine, and alcohol abusers. Aims in the current article include the development and testing of a novel VR cannabis cue reactivity assessment system. It was hypothesized that subjective craving levels and attention to can...",no,rct_interventional,empirical_v2
doi:10.1109/roman.1996.568881,10.1109/roman.1996.568881,Emotional robot for intelligent system-artificial emotional creature project,2002,,cognition,0,noise,attention,unknown,,low,abstract_only_reduced_table,abstract_only,"Recent advances in robotics have been applied to automation in industrial manufacturing, with the primary purpose of optimizing practical systems in terms of such objective measures as accuracy, speed, and cost. This paper introduces the artificial emotional creature project that seeks to explore a different directi...",no,rct_interventional,empirical_v2
doi:10.1109/aim.1997.652906,10.1109/aim.1997.652906,Artificial emotional creature for human-robot interaction-a new direction for intelligent systems,2002,,cognition,0,unspecified_environment,attention,unknown,,low,abstract_only_reduced_table,abstract_only;weak_variable_resolution,"Summary form only given. Recent advances in robotics have been applied to automation in industrial manufacturing, with the primary purpose of optimizing practical systems in terms of such objective measures as accuracy, speed, and cost. This paper introduces the Artificial Emotional Creature project that seeks to ex...",no,rct_interventional,empirical_v2
doi:10.1111/j.1468-2427.2005.00568.x,10.1111/j.1468-2427.2005.00568.x,Cyborg Urbanization: Complexity and Monstrosity in the Contemporary City,2005,International Journal of Urban and Regional Research,biophilic,0,biophilia,stress,positive,,medium,abstract_only_reduced_table,abstract_only,"She referred to the high-rise as if it were some kind of huge animate presence, brooding over them and keeping a magisterial eye on the events taking place. There was something in this feeling — the elevators pumping up and down the long shafts resembled pistons in the chamber of a heart. The residents moving along ...",no,rct_interventional,thought_piece
doi:10.1093/brain/awn013,10.1093/brain/awn013,Music listening enhances cognitive recovery and mood after middle cerebral artery stroke,2008,Brain,cognition,0,noise,attention,positive,,medium,abstract_only_reduced_table,abstract_only,"We know from animal studies that a stimulating and enriched environment can enhance recovery after stroke, but little is known about the effects of an enriched sound environment on recovery from neural damage in humans. In humans, music listening activates a wide-spread bilateral network of brain regions related to ...",no,rct_interventional,theoretical
doi:10.14506/ca30.3.02,10.14506/ca30.3.02,"Attuning to the Chemosphere: Domestic Formaldehyde, Bodily Reasoning, and the Chemical Sublime",2015,Cultural Anthropology,cognition,0,unspecified_environment,attention,unknown,,low,abstract_only_reduced_table,abstract_only;weak_variable_resolution,Chronic domestic chemical exposures unfold over protracted timelines and with low velocity. In this article I argue that such microscopic encounters between bodies and toxicants are most readily sensed by less nameable and more diffuse sensory practices. The apprehension of conventionally insensible toxic exposures ...,no,rct_interventional,empirical_v2
doi:10.1371/journal.pone.0005464,10.1371/journal.pone.0005464,Adult-Generated Hippocampal Neurons Allow the Flexible Use of Spatially Precise Learning Strategies,2009,PLoS ONE,cognition,0,unspecified_environment,attention,unknown,,low,abstract_only_reduced_table,abstract_only;weak_variable_resolution,"Despite enormous progress in the past few years the specific contribution of newly born granule cells to the function of the adult hippocampus is still not clear. We hypothesized that in order to solve this question particular attention has to be paid to the specific design, the analysis, and the interpretation of t...",no,rct_interventional,theoretical
doi:10.1002/jmri.21049,10.1002/jmri.21049,The Alzheimer's disease neuroimaging initiative (ADNI): MRI methods,2008,Journal of Magnetic Resonance Imaging,spatial,0,spatial_layout,cognition,negative,,medium,abstract_only_reduced_table,abstract_only,"Abstract The Alzheimer's Disease Neuroimaging Initiative (ADNI) is a longitudinal multisite observational study of healthy elders, mild cognitive impairment (MCI), and Alzheimer's disease. Magnetic resonance imaging (MRI), (18F)‐fluorodeoxyglucose positron emission tomography (FDG PET), urine serum, and cerebrospina...",no,rct_interventional,observational_field
doi:10.1371/journal.pone.0061336,10.1371/journal.pone.0061336,Haptic Spatial Configuration Learning in Deaf and Hearing Individuals,2013,PLoS ONE,other,0,unspecified_environment,unspecified_outcome,unknown,,low,abstract_only_reduced_table,abstract_only;weak_variable_resolution,"The present study investigated haptic spatial configuration learning in deaf individuals, hearing sign language interpreters and hearing controls. In three trials, participants had to match ten shapes haptically to the cut-outs in a board as fast as possible. Deaf and hearing sign language users outperformed the hea...",no,rct_interventional,empirical_v2
doi:10.1068/p5441,10.1068/p5441,"Differences between Early-Blind, Late-Blind, and Blindfolded-Sighted People in Haptic Spatial-Configuration Learning and Resulting Memory Traces",2007,Perception,cognition,0,unspecified_environment,cognition,null,,low,abstract_only_reduced_table,abstract_only;weak_variable_resolution,"The roles of visual and haptic experience in different aspects of haptic processing of objects in peripersonal space are examined. In three trials, early-blind, late-blind, and blindfolded-sighted individuals had to match ten shapes haptically to the cut-outs in a board as fast as possible. Both blind groups were mu...",no,rct_interventional,empirical_v2
doi:10.1146/annurev.ecolsys.32.081501.114012,10.1146/annurev.ecolsys.32.081501.114012,"Urban Ecological Systems: Linking Terrestrial Ecological, Physical, and Socioeconomic Components of Metropolitan Areas",2001,Annual Review of Ecology and Systematics,biophilic,0,biophilia,unspecified_outcome,unknown,,low,abstract_only_reduced_table,abstract_only;weak_variable_resolution,"▪ Abstract Ecological studies of terrestrial urban systems have been approached along several kinds of contrasts: ecology in as opposed to ecology of cities; biogeochemical compared to organismal perspectives, land use planning versus biological, and disciplinary versus interdisciplinary. In order to point out how u...",no,rct_interventional,thought_piece
doi:10.1080/13604810500092106,10.1080/13604810500092106,Neoliberalism and the urban condition,2005,City,light,0,daylight,unspecified_outcome,unknown,,low,abstract_only_reduced_table,abstract_only;weak_variable_resolution,"O ver two decades ago, the term “restructuring” became a popular label for describing the tumultuous political‐economic and spatial transformations that were unfolding across the global urban system. As Edward Soja (1987: 178; italics in original) indicated in a classic formulation: Restructuring is meant to convey ...",no,rct_interventional,empirical_v2
doi:10.1523/jneurosci.5538-09.2010,10.1523/jneurosci.5538-09.2010,"Oxytocin Enhances Amygdala-Dependent, Socially Reinforced Learning and Emotional Empathy in Humans",2010,Journal of Neuroscience,affect,0,unspecified_environment,mood,mixed,,low,abstract_only_reduced_table,abstract_only;weak_variable_resolution,"Oxytocin (OT) is becoming increasingly established as a prosocial neuropeptide in humans with therapeutic potential in treatment of social, cognitive, and mood disorders. However, the potential of OT as a general facilitator of human learning and empathy is unclear. The current double-blind experiments on healthy ad...",no,rct_interventional,empirical_v2
doi:10.7888/juoeh.29.27,10.7888/juoeh.29.27,"Effects of Long Term Mental Arithmetic on Physiological Parameters, Subjective Indices and Task Performances",2007,Journal of UOEH,air,0,air_quality,productivity,mixed,,medium,abstract_only_reduced_table,abstract_only,"This study examined the effects of long term mental arithmetic on physiological parameters, subjective indices and task performances to investigate the psychophysiological changes induced by mental tasks. Fifteen male university students performed six successive trials of a ten-minute mental arithmetic task. They to...",no,rct_interventional,empirical_v2
doi:10.1136/bmj.i5239,10.1136/bmj.i5239,CONSORT 2010 statement: extension to randomised pilot and feasibility trials,2016,BMJ,other,0,unspecified_environment,stress,positive,,low,abstract_only_reduced_table,abstract_only;weak_variable_resolution,"The CONSORT Statement (CONsolidated Standards for Reporting Trials) is a reporting guideline designed to improve the transparency and quality of the reporting of randomised controlled trials (RCTs). In this article, we present an extension to the CONSORT Statement for randomised pilot and feasibility trials conducte...",no,rct_interventional,empirical_v2
doi:10.1161/01.str.29.6.1274,10.1161/01.str.29.6.1274,The American Heart Association Stroke Outcome Classification,1998,Stroke,cognition,0,biophilia,cognition,mixed,,medium,abstract_only_reduced_table,abstract_only,"HomeStrokeVol. 29, No. 6The American Heart Association Stroke Outcome Classification Free AccessOtherPDF/EPUBAboutView PDFView EPUBSections ToolsAdd to favoritesDownload citationsTrack citationsPermissions ShareShare onFacebookTwitterLinked InMendeleyReddit Jump toFree AccessOtherPDF/EPUBThe American Heart Associati...",no,rct_interventional,interview_study
doi:10.1016/j.ijdevneu.2008.04.002,10.1016/j.ijdevneu.2008.04.002,Effects of neonatal (+)‐methamphetamine on path integration and spatial learning in rats: effects of dose and rearing conditions,2008,International Journal of Developmental Neuroscience,light,0,daylight,cognition,null,,medium,abstract_only_reduced_table,abstract_only,"Abstract Postnatal day (P)11–20 (+)‐methamphetamine (MA) treatment impairs spatial learning and reference memory in the Morris water maze, but has marginal effects on learning in a labyrinthine maze. A subsequent experiment showed that MA treatment on P11–15, but not P16–20, is sufficient to induce Morris maze defic...",no,rct_interventional,empirical_v2
doi:10.1139/z89-005,10.1139/z89-005,Effects of learning on food selection and searching behaviour of deer,1989,Canadian Journal of Zoology,spatial,0,spatial_layout,cognition,positive,,medium,abstract_only_reduced_table,abstract_only,"A review of feeding habits in black-tailed deer (Odocoileus hemionus columbianus Richardson) reveals considerable variation among animals, locations, and seasons. Since the processes affecting food selection are poorly understood, we explored the concept of optimal foraging as a means of predicting foraging behaviou...",no,rct_interventional,empirical_v2
doi:10.3390/f5081896,10.3390/f5081896,"Re-Greening Ethiopia: History, Challenges and Lessons",2014,Forests,biophilic,0,unspecified_environment,attention,positive,,low,abstract_only_reduced_table,abstract_only;weak_variable_resolution,"In Ethiopia, deforestation rates remain high and the gap between demand and domestic supply of forest products is expanding, even though government-initiated re-greening efforts began over a century ago. Today, over 3 million hectares (ha) of degraded forest land are under area exclosure; smallholder plantations cov...",no,rct_interventional,empirical_v2
doi:10.1037/a0021215,10.1037/a0021215,Orientation in trapezoid-shaped enclosures: Implications for theoretical accounts of geometry learning.,2011,Journal of Experimental Psychology Animal Behavior Processes,spatial,0,spatial_layout,productivity,mixed,,medium,abstract_only_reduced_table,abstract_only,"Human participants learned to select 1 of 4 distinctively marked corners in a rectangular virtual enclosure. After training, control and test trials were interspersed with training trials. On control and test trials, all markers were equivalent in color, but only during test trials was the shape of the enclosure man...",no,rct_interventional,theoretical
doi:10.1080/17470210903428761,10.1080/17470210903428761,Enclosure shape influences cue competition effects and goal location learning,2010,Quarterly Journal of Experimental Psychology,spatial,0,spatial_layout,unspecified_outcome,unknown,,low,abstract_only_reduced_table,abstract_only;weak_variable_resolution,"In virtual-environment spatial-learning procedures, Experiment 1 investigated blocking of learning about distal landmarks beyond the walls of an enclosure following preliminary training to find a goal using local landmarks within the enclosure. Separate sets of blocking and control groups searched within enclosures ...",no,rct_interventional,empirical_v2
sha256:3885c572dfca,,Interspecific and intraspecific social interactions among brown bears and wolves in an enclosure,2002,Wageningen University and Researchcenter Publications (Wageningen University & Research),biophilic,0,biophilia,unspecified_outcome,unknown,,low,abstract_only_reduced_table,abstract_only;weak_variable_resolution,"We investigated bear-bear, wolf-wolf, and bear-wolf interactions in a 2-ha enclosure, which was occupied by 13 brown bears (Ursus arctos) and a wolf (Canis lupus) pack. The hierarchy of bears and wolves was determined by behavioral observation and rank order analysis. All behavioral interactions between bears and wo...",no,rct_interventional,empirical_v2
doi:10.1061/(asce)1076-0431(2002)8:1(19),10.1061/(asce)1076-0431(2002)8:1(19),Industrialized Building Systems Construction in Malaysia,2002,Journal of Architectural Engineering,spatial,0,spatial_layout,attention,unknown,,low,abstract_only_reduced_table,abstract_only,"Available literature indicates that considerable research efforts have been directed toward the “hardware elements” of the industrialized building systems technology. However, the hardware elements are only concerned with the structure itself. Nonetheless, to date, the “software elements” of the industrialized build...",no,rct_interventional,empirical_v2
doi:10.2196/jmir.4055,10.2196/jmir.4055,The Person-Based Approach to Intervention Development: Application to Digital Health-Related Behavior Change Interventions,2015,Journal of Medical Internet Research,light,0,daylight,attention,positive,,medium,abstract_only_reduced_table,abstract_only,"This paper describes an approach that we have evolved for developing successful digital interventions to help people manage their health or illness. We refer to this as the ""person-based"" approach to highlight the focus on understanding and accommodating the perspectives of the people who will use the intervention. ...",no,rct_interventional,interview_study
doi:10.1068/b130074p,10.1068/b130074p,"Spatial Layout, Social Structure, and Innovation in Organizations",2014,Environment and Planning B Planning and Design,spatial,0,spatial_layout,attention,positive,,medium,abstract_only_reduced_table,abstract_only,Research on the enabling factors of innovation has most often addressed either the social component of organizations or the spatial dimensions involved in the innovation process. Few studies have examined the link from spatial layout and social networks to innovation. Social networks play important roles in structur...,no,rct_interventional,empirical_v2
doi:10.1177/1538513206293713,10.1177/1538513206293713,Form and Meaning in the Earliest Cities: A New Approach to Ancient Urban Planning,2007,Journal of Planning History,spatial,0,spatial_layout,unspecified_outcome,unknown,,low,abstract_only_reduced_table,abstract_only;weak_variable_resolution,"This article describes a new model for urban planning in ancient and preindustrial cities that moves beyond the traditional simplistic dichotomy of planned versus organic cities. The model has two components: coordination of buildings and spaces, and standardization among cities. A variety of coordinated arrangement...",no,rct_interventional,theoretical
doi:10.1080/07408170208928915,10.1080/07408170208928915,Optimization of indoor wireless communication network layouts,2002,IIE Transactions,spatial,0,spatial_layout,unspecified_outcome,unknown,,low,abstract_only_reduced_table,abstract_only;weak_variable_resolution,"Abstract Radio Frequency Data Communications (RFDC)technology is rapidly becoming a critical component of many traditional industrial engineering functions including materials tracking, inventory control, warehousing, order processing, shipping and database management. As a means of moving information, RFDC has many...",no,rct_interventional,empirical_v2
doi:10.1073/pnas.1401880112,10.1073/pnas.1401880112,Nonprice incentives and energy conservation,2015,Proceedings of the National Academy of Sciences,other,0,unspecified_environment,unspecified_outcome,unknown,,low,abstract_only_reduced_table,abstract_only;weak_variable_resolution,Significance We investigate the effectiveness of nonprice incentives to motivate conservation behavior. We test whether tailored information about environmental and health damages produces behavior change in the residential electricity sector. In a randomized controlled trial with real-time appliance-level energy me...,no,rct_interventional,empirical_v2
doi:10.1523/jneurosci.6410-09.2010,10.1523/jneurosci.6410-09.2010,Selective Changes in Thin Spine Density and Morphology in Monkey Prefrontal Cortex Correlate with Aging-Related Cognitive Impairment,2010,Journal of Neuroscience,cognition,0,spatial_layout,cognition,negative,,medium,abstract_only_reduced_table,abstract_only,"Age-associated memory impairment (AAMI) occurs in many mammalian species, including humans. In contrast to Alzheimer's disease (AD), in which circuit disruption occurs through neuron death, AAMI is due to circuit and synapse disruption in the absence of significant neuron loss and thus may be more amenable to preven...",no,rct_interventional,empirical_v2
doi:10.1523/jneurosci.5684-09.2010,10.1523/jneurosci.5684-09.2010,Anticipatory Attentional Suppression of Visual Features Indexed by Oscillatory Alpha-Band Power Increases:A High-Density Electrical Mapping Study,2010,Journal of Neuroscience,spatial,0,spatial_layout,attention,positive,,medium,abstract_only_reduced_table,abstract_only,"Retinotopically specific increases in alpha-band (∼10 Hz) oscillatory power have been strongly implicated in the suppression of processing for irrelevant parts of the visual field during the deployment of visuospatial attention. Here, we asked whether this alpha suppression mechanism also plays a role in the nonspat...",no,rct_interventional,theoretical
doi:10.1080/0034340042000280910,10.1080/0034340042000280910,Creativity and Entrepreneurship: A Regional Analysis of New Firm Formation,2004,Regional Studies,light,0,daylight,attention,positive,,medium,abstract_only_reduced_table,abstract_only,"Lee S. Y., Florida R. and Acs Z. J. (2004) Creativity and entrepreneurship: a regional analysis of new firm formation, Regional Studies38, 879-891. Understanding the factors that promote or mitigate new firm birth is crucial to regional economic development efforts, since a high level of new firm creation significan...",no,rct_interventional,empirical_v2
doi:10.1561/0600000035,10.1561/0600000035,"Decision Forests: A Unified Framework for Classification, Regression, Density Estimation, Manifold Learning and Semi-Supervised Learning",2012,Foundations and Trends® in Computer Graphics and Vision,spatial,0,spatial_layout,unspecified_outcome,positive,,low,abstract_only_reduced_table,abstract_only;weak_variable_resolution,"This review presents a unified, efficient model of random decision forests which can be applied to a number of machine learning, computer vision, and medical image analysis tasks. Our model extends existing forest-based techniques as it unifies classification, regression, density estimation, manifold learning, semis...",no,rct_interventional,conceptual_framework
doi:10.3897/zookeys.176.2258,10.3897/zookeys.176.2258,Aggregation in woodlice: social interaction and density effects,2012,ZooKeys,thermal,0,thermal,unspecified_outcome,unknown,,low,abstract_only_reduced_table,abstract_only;weak_variable_resolution,"Abstract Terrestrial isopods are known to be sensitive to humidity, brightness or temperature. Until now, aggregation was assumed to depend on these sensitivities as a result of individual preferences. In this paper, we show that the social component is also important in the isopod aggregation phenomenon. In experim...",no,rct_interventional,empirical_v2
doi:10.1093/brain/awl244,10.1093/brain/awl244,Functions of the left superior frontal gyrus in humans: a lesion study,2006,Brain,cognition,0,biophilia,cognition,mixed,,medium,abstract_only_reduced_table,abstract_only,"The superior frontal gyrus (SFG) is thought to contribute to higher cognitive functions and particularly to working memory (WM), although the nature of its involvement remains a matter of debate. To resolve this issue, methodological tools such as lesion studies are needed to complement the functional imaging approa...",no,rct_interventional,thought_piece
doi:10.1034/j.1600-0706.2002.970201.x,10.1034/j.1600-0706.2002.970201.x,Characterizing ecosystem‐level consequences of biological invasions: the role of ecosystem engineers,2002,Oikos,biophilic,0,thermal,attention,mixed,,medium,abstract_only_reduced_table,abstract_only,Invasions by exotic species represent both threats to ecosystems as well as opportunities to learn more about them. Among the invaders that will have the largest impacts are those that directly modify ecosystems and thus have cascading effects for resident biota. Exotics can affect ecosystems by altering system‐leve...,no,rct_interventional,empirical_v2
doi:10.1093/brain/awq347,10.1093/brain/awq347,White matter damage and cognitive impairment after traumatic brain injury,2010,Brain,cognition,0,unspecified_environment,cognition,mixed,,low,abstract_only_reduced_table,abstract_only;weak_variable_resolution,"White matter disruption is an important determinant of cognitive impairment after brain injury, but conventional neuroimaging underestimates its extent. In contrast, diffusion tensor imaging provides a validated and sensitive way of identifying the impact of axonal injury. The relationship between cognitive impairme...",no,rct_interventional,empirical_v2
doi:10.1212/wnl.0b013e3182872ded,10.1212/wnl.0b013e3182872ded,Cognition assessment using the NIH Toolbox,2013,Neurology,cognition,0,unspecified_environment,cognition,unknown,,low,abstract_only_reduced_table,abstract_only;weak_variable_resolution,"Cognition is 1 of 4 domains measured by the NIH Toolbox for the Assessment of Neurological and Behavioral Function (NIH-TB), and complements modules testing motor function, sensation, and emotion. On the basis of expert panels, the cognition subdomains identified as most important for health, success in school and w...",no,rct_interventional,empirical_v2
doi:10.2307/1941447,10.2307/1941447,The Problem of Pattern and Scale in Ecology: The Robert H. MacArthur Award Lecture,1992,Ecology,other,0,unspecified_environment,unspecified_outcome,unknown,,low,abstract_only_reduced_table,abstract_only;weak_variable_resolution,"It is argued that the problem of pattern and scale is the central problem in ecology, unifying population biology and ecosystems science, and marrying basic and applied ecology. Applied challenges, such as the prediction of the ecological causes and consequences of global climate change, require the interfacing of p...",no,rct_interventional,theoretical
doi:10.1137/0117107,10.1137/0117107,The Nucleolus of a Characteristic Function Game,1969,SIAM Journal on Applied Mathematics,biophilic,0,thermal,stress,mixed,,medium,abstract_only_reduced_table,abstract_only,"Previous article Next article The Nucleolus of a Characteristic Function GameDavid SchmeidlerDavid Schmeidlerhttps://doi.org/10.1137/0117107PDFBibTexSections ToolsAdd to favoritesExport CitationTrack CitationsEmail SectionsAbout[1] Robert J. Aumann and , Michael Maschler, L. S. Shapley and , A. W. Tucker, The bargai...",no,rct_interventional,thought_piece
doi:10.1111/j.1468-0335.1937.tb00002.x,10.1111/j.1468-0335.1937.tb00002.x,The Nature of the Firm,1937,Economica,biophilic,0,biophilia,stress,mixed,,medium,abstract_only_reduced_table,abstract_only,"Economic theory has suffered in the past from a failure to state clearly its assumptions. Economists in building up a theory have often omitted to examine the foundations on which it was erected. This examination is, however, essential not only to prevent the misunderstanding and needless controversy which arise fro...",no,rct_interventional,phenomenological
doi:10.1098/rspb.1954.0029,10.1098/rspb.1954.0029,"Factors governing the changes in strength of a partially inborn response, as shown by the mobbing behaviour of the chaffinch ( <i>Fringilla coelehs</i> ) II. The waning of the response",1954,"Proceedings of the Royal Society of London. Series B, Biological sciences",biophilic,0,biophilia,mood,mixed,,medium,abstract_only_reduced_table,abstract_only,Abstract In part I a survey of the nature of the mobbing response made by chaffinches to stationary predators was given. The course of the response was also examined. The present paper is concerned with an investigation into the processes underlying the waning of the response. If the response is allowed to wane thro...,no,rct_interventional,theoretical
doi:10.1021/es305019p,10.1021/es305019p,Viewing Nature Scenes Positively Affects Recovery of Autonomic Function Following Acute-Mental Stress,2013,Environmental Science & Technology,affect,0,biophilia,stress,positive,,medium,abstract_only_reduced_table,abstract_only,"A randomized crossover study explored whether viewing different scenes prior to a stressor altered autonomic function during the recovery from the stressor. The two scenes were (a) nature (composed of trees, grass, fields) or (b) built (composed of man-made, urban scenes lacking natural characteristics) environments...",no,rct_interventional,empirical_v2
doi:10.1080/09537287.2011.591619,10.1080/09537287.2011.591619,Sustainable manufacturing: trends and research challenges,2011,Production Planning & Control,biophilic,0,biophilia,mood,unknown,,low,abstract_only_reduced_table,abstract_only,"Sustainability is and will be a crucial issue for the present and future generations. The current assumption that\nnatural resources are infinite and that the regenerative capacity of the environment is able to compensate for all\nhuman action is no longer acceptable. Hence, sustainability issues will influence all ...",no,rct_interventional,empirical_v2
doi:10.1097/00005768-200106001-00003,10.1097/00005768-200106001-00003,Dose-response issues concerning physical activity and health: an evidence-based symposium,2001,Medicine & Science in Sports & Exercise,light,0,thermal,stress,null,,medium,abstract_only_reduced_table,abstract_only,"Regular physical activity is widely accepted as a behavior to reduce all-cause mortality rates and to improve a number of health outcomes. On October 11–15, 2000, Health Canada and the United States Centers for Disease Control and Prevention sponsored a scientific symposium to determine whether there is a dose-respo...",no,rct_interventional,empirical_v2
sha256:3b79934463d1,,Reframing the School Reform Agenda: Developing Capacity for School Transformation.,1993,Phi Delta Kappan,biophilic,0,biophilia,unspecified_outcome,positive,,low,abstract_only_reduced_table,abstract_only;weak_variable_resolution,"Over the last decade the rhetoric of school improvement has changed from a language of school reform to a language of school restructuring. Efforts to make our current education system more efficiently have shifted to initiatives that aim for the fundamental redesign of schools, of approaches to teaching and learnin...",no,rct_interventional,theoretical
doi:10.2307/136487,10.2307/136487,Endogenous Growth Theory,1999,Canadian Journal of Economics/Revue canadienne d économique,affect,0,unspecified_environment,stress,positive,,low,abstract_only_reduced_table,abstract_only;weak_variable_resolution,"Advanced economies have experienced a tremendous increase in material well- being since the industrial revolution. Modern innovations such as personal computers, laser surgery, jet airplanes, and satellite communication have made us rich and transformed the way we live and work. But technological change has also bro...",no,rct_interventional,theoretical
doi:10.1021/ar2003368,10.1021/ar2003368,Fate and Risks of Nanomaterials in Aquatic and Terrestrial Environments,2012,Accounts of Chemical Research,biophilic,0,unspecified_environment,attention,positive,,low,abstract_only_reduced_table,abstract_only;weak_variable_resolution,"Over the last decade, nanoparticles have been used more frequently in industrial applications and in consumer and medical products, and these applications of nanoparticles will likely continue to increase. Concerns about the environmental fate and effects of these materials have stimulated studies to predict environ...",no,rct_interventional,empirical_v2
doi:10.4103/0973-6131.36789,10.4103/0973-6131.36789,"Influence of yoga on mood states, distress, quality of life and immune outcomes in early stage breast cancer patients undergoing surgery",2008,International Journal of Yoga,affect,0,unspecified_environment,stress,mixed,33,low,abstract_only_reduced_table,abstract_only;n=33;weak_variable_resolution,"Context: Breast cancer patients awaiting surgery experience heightened distress that could affect postoperative outcomes. Aims: The aim of our study was to evaluate the effects of yoga intervention on mood states, treatment-related symptoms, quality of life and immune outcomes in breast cancer patients undergoing su...",no,rct_interventional,empirical_v2
doi:10.1162/glep_a_00051,10.1162/glep_a_00051,This Must Be the Place: Underrepresentation of Identity and Meaning in Climate Change Decision-Making,2011,Global Environmental Politics,cognition,0,unspecified_environment,attention,unknown,,low,abstract_only_reduced_table,abstract_only;weak_variable_resolution,"The dangers that future climate change poses to physical, biological, and economic systems are accounted for in analyses of risk and increasingly figure in decision-making about responses to climate change. Yet the potential cultural and social impacts of climate change have scarcely been considered. In this article...",no,rct_interventional,empirical_v2
doi:10.1175/1087-3562(2000)004<0003:pasaot>2.0.co;2,10.1175/1087-3562(2000)004<0003:pasaot>2.0.co;2,Parameterization and Sensitivity Analysis of the BIOME–BGC Terrestrial Ecosystem Model: Net Primary Production Controls,2000,Earth Interactions,biophilic,0,biophilia,mood,positive,,medium,abstract_only_reduced_table,abstract_only,"Ecosystem simulation models use descriptive input parameters to establish the physiology, biochemistry, structure, and allocation patterns of vegetation functional types, or biomes. For single-stand simulations it is possible to measure required data, but as spatial resolution increases, so too does data unavailabil...",no,rct_interventional,empirical_v2
doi:10.1111/1751-7915.70198,10.1111/1751-7915.70198,Quantification and Determination of Compatible Bacterial Consortia.,2025,Microbial biotechnology,biophilic,0,unspecified_environment,unspecified_outcome,unknown,,low,abstract_only_reduced_table,abstract_only;weak_variable_resolution,"The sustainable use of terrestrial ecosystems is crucial to ensure food security for future generations, and the formulation of plant growth-promoting bacterial consortia has proven useful not only in sustainable agriculture but also in applications such as phytopathogen biocontrol, bioremediation of contaminated so...",no,rct_interventional,empirical_v2
doi:10.3724/j.fjyl.la20250281,10.3724/j.fjyl.la20250281,Nature City: A Historical Perspective on the Natural Vision for the Construction of Human Settlement Environment,2025,Landscape architecture,cognition,0,air_quality,attention,unknown,,low,abstract_only_reduced_table,abstract_only,": [Objective] Urban development has always been intricately linked with the natural environment, characterized by a dynamic and complex interplay involving the dependence on, and utilization, management, degradation, and restoration of natural resources. This research aims to clarify the theoretical foundations and ...",no,rct_interventional,thought_piece
doi:10.1111/cobi.14243,10.1111/cobi.14243,The influence of social identity on attitudes toward wildlife.,2024,Conservation biology : the journal of the Society for Conservation Biology,affect,0,unspecified_environment,mood,unknown,1758,low,abstract_only_reduced_table,abstract_only;n=1758;weak_variable_resolution,"Wildlife conservation depends on supportive social as well as biophysical conditions. Social identities such as hunter and nonhunter are often associated with different attitudes toward wildlife. However, it is unknown whether dynamics within and among these identity groups explain how attitudes form and why they di...",no,rct_interventional,empirical_v2
doi:10.48550/arXiv.2212.07784,10.48550/arXiv.2212.07784,RTMDet: An Empirical Study of Designing Real-Time Object Detectors,2022,arXiv.org,other,0,unspecified_environment,productivity,positive,,low,abstract_only_reduced_table,abstract_only;weak_variable_resolution,"In this paper, we aim to design an efficient real-time object detector that exceeds the YOLO series and is easily extensible for many object recognition tasks such as instance segmentation and rotated object detection. To obtain a more efficient model architecture, we explore an architecture that has compatible capa...",no,rct_interventional,empirical_v2
doi:10.3389/fnhum.2025.1567689,10.3389/fnhum.2025.1567689,Nature imagery's influence on ERN amplitude: an examination of Attention Restoration Theory using EEG,2025,Frontiers in Human Neuroscience,cognition,0,biophilia,attention,null,,medium,abstract_only_reduced_table,abstract_only,"Empirical research on the mental health and cognitive benefits of nature immersion has expanded significantly in recent decades, building support for Attention Restoration Theory. However, the field still faces interpretive challenges due to inconsistent definitions of ‘nature' (whether nature imagery, real-world na...",no,rct_interventional,theoretical
doi:10.48175/ijarsct-19136,10.48175/ijarsct-19136,An Empirical Study on Hazards Faced by Marine Organisms,2024,"International Journal of Advanced Research in Science, Communication and Technology",restoration,0,unspecified_environment,attention,unknown,,low,abstract_only_reduced_table,abstract_only;weak_variable_resolution,"Marine ecosystems and aquatic habitats face a number of threats from humans. Serious conservation attention and efforts should be drawn and directed towards restoration of fragmented marine habitats and estuarine ecosystems. Threats are manifold: i.e., primarily from overexploitation of marine resources, overfishing...",no,rct_interventional,empirical_v2
doi:10.1146/annurev-orgpsych-031413-091326,10.1146/annurev-orgpsych-031413-091326,The Psychology of Entrepreneurship,2014,Annual Review of Organizational Psychology and Organizational Behavior,cognition,0,unspecified_environment,cognition,positive,,low,abstract_only_reduced_table,abstract_only;weak_variable_resolution,"In this review of the psychology of entrepreneurship, we first present meta-analytic findings showing that personality dimensions, such as (general) self-efficacy and need for achievement, and entrepreneurial orientation are highly associated with entrepreneurship (business creation and business success). We then di...",no,rct_interventional,thought_piece
doi:10.1007/s12525-020-00414-7,10.1007/s12525-020-00414-7,AI-based chatbots in customer service and their effects on user compliance,2020,Electronic Markets,affect,0,unspecified_environment,mood,positive,,low,abstract_only_reduced_table,abstract_only;weak_variable_resolution,"Abstract Communicating with customers through live chat interfaces has become an increasingly popular means to provide real-time customer service in many e-commerce settings. Today, human chat service agents are frequently replaced by conversational software agents or chatbots, which are systems designed to communic...",no,rct_interventional,theoretical
doi:10.3397/in_2023_0611,10.3397/in_2023_0611,Subjective evaluation of outdoor environments for sedentary office activities -Trial experiment on two terrace locations -,2023,INTER-NOISE and NOISE-CON Congress and Conference Proceedings,acoustic,0,noise,attention,positive,,medium,abstract_only_reduced_table,abstract_only,"Today, with various work styles increasing, the outdoor as a workspace is being reconsidered. Some may feel more tolerant of outdoor noise than of indoor one, but there is limited research that mentions how background noise affects humans psychologically in outdoor work environments.
 Based on the hypothesis that th...",no,rct_interventional,empirical_v2
doi:10.1002/adma.202521469,10.1002/adma.202521469,Understanding and Designing Lithiophilic Alloyed Metal Anodes for Practical Metal Batteries.,2026,"Advanced materials (Deerfield Beach, Fla.)",other,0,unspecified_environment,unspecified_outcome,unknown,,low,abstract_only_reduced_table,abstract_only;weak_variable_resolution,"Lithiophilic alloyed metal anodes (LAMAs) are emerging as a transformative platform for enabling practical Li metal batteries. By harnessing alloy chemistry, LAMAs combine favorable Li nucleation and growth behavior, robust interfacial chemistry, and mechanical integrity, thereby mitigating the long-standing challen...",no,rct_interventional,conceptual_framework
doi:10.31234/osf.io/w36rg,10.31234/osf.io/w36rg,When the Nature of ‘Nature’ is Inconsistent: Evaluating the Natural Environment in Attention Restoration Theory,2020,,cognition,0,biophilia,attention,positive,,medium,abstract_only_reduced_table,abstract_only,"The Attention Restoration Theory (ART; Kaplan & Kaplan, 1989) postulates that exposure to nature can help improve cognitive processes, specifically attentional control. These benefits are hypothesized to help with concentration and focus. However, there is tremendous variability in the definitions and manipulations ...",no,rct_interventional,theoretical
doi:10.1108/jcre-05-2020-0018,10.1108/jcre-05-2020-0018,A randomised field experiment to test the restorative properties of purpose-built biophilic “regeneration pods”,2020,,biophilic,0,biophilia,stress,mixed,,medium,abstract_only_reduced_table,abstract_only,"Purpose: There has been limited investigation into how ‘biophilic design’ (i.e., the 
integration of nature within the built environment) can be effectively used within the 
workplace to facilitate the process of psychological restoration. This study focused in 
particular on the effectiveness of biophilic “restorat...",no,rct_interventional,empirical_v2
doi:10.3390/ijerph10041250,10.3390/ijerph10041250,The Influence of Urban Natural and Built Environments on Physiological and Psychological Measures of Stress— A Pilot Study,2013,International Journal of Environmental Research and Public Health,restoration,0,unspecified_environment,stress,unknown,15,low,abstract_only_reduced_table,abstract_only;n=15;weak_variable_resolution,"Environments shape health and well-being, yet little research has investigated how different real-world environmental settings influence the well-known determinant of health known as stress. Using a cross-over experimental design; this pilot study investigated the effect of four urban environments on physiological a...",no,rct_interventional,empirical_v2
doi:10.1121/1.414863,10.1121/1.414863,Sources and effects of low‐frequency noise,1996,,acoustic,0,noise,unspecified_outcome,mixed,,low,abstract_only_reduced_table,abstract_only;weak_variable_resolution,"The sources of human exposure to low‐frequency noise and its effects are reviewed. Low‐frequency noise is common as background noise in urban environments, and as an emission from many artificial sources: road vehicles, aircraft, industrial machinery, artillery and mining explosions, and air movement machinery inclu...",yes,rct_interventional,empirical_v2
doi:10.1257/app.20220532,10.1257/app.20220532,"Noise, Cognitive Function, and Worker Productivity",2024,American Economic Journal Applied Economics,acoustic,0,noise,productivity,mixed,,medium,abstract_only_reduced_table,abstract_only,"Noisy workplaces common in low- and middle-income countries can impair workers' cognitive functions. However, whether this lowers earnings depends on the importance of these functions for productivity and whether workers understand these effects. I study these questions with two randomized experiments in Nairobi, Ke...",yes,rct_interventional,empirical_v2
doi:10.1111/1467-9280.00483,10.1111/1467-9280.00483,A Prospective Study of Some Effects of Aircraft Noise on Cognitive Performance in Schoolchildren,2002,Psychological Science,acoustic,0,noise,cognition,mixed,,medium,abstract_only_reduced_table,abstract_only,"Before the opening of the new Munich International Airport and the termination of the old airport, children near both sites were recruited into aircraft-noise groups (aircraft noise at present or pending) and control groups with no aircraft noise (closely matched for socioeconomic status). A total of 326 children (m...",yes,rct_interventional,empirical_v2
doi:10.1073/pnas.1100290108,10.1073/pnas.1100290108,The cultural niche: Why social learning is essential for human adaptation,2011,,cognition,0,unspecified_environment,cognition,unknown,,low,abstract_only_reduced_table,abstract_only;weak_variable_resolution,"In the last 60,000 y humans have expanded across the globe and now occupy a wider range than any other terrestrial species. Our ability to successfully adapt to such a diverse range of habitats is often explained in terms of our cognitive ability. Humans have relatively bigger brains and more computing power than ot...",yes,rct_interventional,empirical_v2
doi:10.1186/1740-3391-5-2,10.1186/1740-3391-5-2,The effect of high correlated colour temperature office lighting on employee wellbeing and work performance,2007,Journal of Circadian Rhythms,light,0,daylight,sleep,positive,,medium,abstract_only_reduced_table,abstract_only,"Background: The effects of lighting on the human circadian system are well-established. The recent discovery of 'non-visual' retinal receptors has confirmed an anatomical basis for the non-image forming, biological effects of light and has stimulated interest in the use of light to enhance wellbeing in the corporate...",yes,rct_interventional,empirical_v2
zotero:XWVI93PB,,Biophilic Design and Bio-Collaboration: Applications and Implications in the Field of Industrial Design: Applications and Implications in the Field of Industrial …,2015,,biophilic,0,biophilia,unspecified_outcome,unknown,,low,abstract_only_reduced_table,abstract_only;weak_variable_resolution,"… Approach In the field of architecture, the integration of biophilic … of our own physiological and psychological needs as … of natural material such as wood or leather often used in a variety …",yes,rct_interventional,empirical_v2
doi:10.1177/1420326x21991198,10.1177/1420326x21991198,"An experiment of double dynamic lighting in an office responding to sky and daylight: Perceived effects on comfort, atmosphere and work engagement",2022,,light,0,daylight,sleep,unknown,,low,abstract_only_reduced_table,abstract_only,"The experiment was targeted to develop design strategies and methods by testing the complex interplay between the dynamics of daylight and electrical lighting in an office. The double dynamic lighting design concept is based on the idea of adding task lighting, with a directionality referring to the daylight inflow ...",yes,rct_interventional,interview_study
zotero:LET7QMBL,,"Materials, Time and Emotion: how materials change in time?",2015,,cognition,0,unspecified_environment,attention,unknown,,low,abstract_only_reduced_table,abstract_only;weak_variable_resolution,"During their lifecycle, objects shift from their initial state of perfection, in which they are
conceived by designers and industrial production, and approach an imperfect status. This is
shown by changes that impact shape, surface and material properties, due to usage and
time. In this paper we focus on the passage...",yes,rct_interventional,empirical_v2
doi:10.1038/s41598-019-46099-7,10.1038/s41598-019-46099-7,Reduction of physiological stress by urban green space in a multisensory virtual experiment,2019,Scientific Reports,acoustic,0,noise,stress,positive,154,medium,abstract_only_reduced_table,abstract_only;n=154,"Abstract Although stress is an increasing global health problem in cities, urban green spaces can provide health benefits. There is, however, a lack of understanding of the link between physiological mechanisms and qualities of urban green spaces. Here, we compare the effects of visual stimuli (360 degree virtual ph...",yes,rct_interventional,theoretical
doi:10.1002/adfm.201703820,10.1002/adfm.201703820,Graphene Oxide‐Based Lamella Network for Enhanced Sound Absorption,2017,,acoustic,0,noise,unspecified_outcome,mixed,,low,abstract_only_reduced_table,abstract_only;weak_variable_resolution,"Abstract
            Noise is an environmental pollutant with recognized impacts on the psychological and physiological health of humans. Many porous materials are often limited by low sound absorption over a broad frequency range, delicacy, excessive weight and thickness, poor moisture insulation, high temperature ...",yes,rct_interventional,empirical_v2
doi:10.1016/j.jenvp.2023.102141,10.1016/j.jenvp.2023.102141,On how natural and urban soundscapes alter brain activity during cognitive performance,2023,Journal of Environmental Psychology,acoustic,0,noise,mood,mixed,,medium,abstract_only_reduced_table,abstract_only,"Listening to natural or urban soundscapes has previously been shown to differentially modulate performance in a subsequent cognitive task. The present study inquired the effect of listening to urban (traffic and machinery noise) vs. natural (birds, water and wind) soundscapes on cognitive performance, mood, stress r...",yes,rct_interventional,empirical_v2
doi:10.59324/ejtas.2023.1(5).86,10.59324/ejtas.2023.1(5).86,"Exploring Noise Pollution, Causes, Effects, and Mitigation Strategies: A Review Paper",2023,,acoustic,0,noise,stress,negative,,medium,abstract_only_reduced_table,abstract_only,"Noise pollution, often regarded as a silent menace amidst the clamor of more conspicuous environmental concerns, is a pervasive and escalating issue with profound implications for humanity and the natural world. This comprehensive review paper delves into the multifaceted realm of noise pollution, encompassing its d...",yes,rct_interventional,empirical_v2
doi:10.3390/su16124935,10.3390/su16124935,Green Emotion: Incorporating Emotional Perception in Green Marketing to Increase Green Furniture Purchase Intentions,2024,,affect,0,unspecified_environment,mood,positive,,low,abstract_only_reduced_table,abstract_only;weak_variable_resolution,"The industrialization process has led to environmental deterioration, which has created challenges for sustainable development. However, there is an increasing inclination to purchase green furniture as a sustainable form of furniture. Hence, investigating the determinants of consumers’ intention to purchase green f...",yes,rct_interventional,conceptual_framework
doi:10.1093/jurban/jtg063,10.1093/jurban/jtg063,The built environment and mental health.,2003,Journal of urban health : bulletin of the New York Academy of Medicine,cognition,0,daylight,attention,mixed,,medium,abstract_only_reduced_table,abstract_only,"The built environment has direct and indirect effects on mental health. High-rise housing is inimical to the psychological well-being of women with young children. Poor-quality housing appears to increase psychological distress, but methodological issues make it difficult to draw clear conclusions. Mental health of ...",yes,rct_interventional,empirical_v2
doi:10.48550/arxiv.2307.10969,10.48550/arxiv.2307.10969,Assessing the Effects of Illuminance and Correlated Color Temperature on Emotional Responses and Lighting Preferences Using Virtual Reality,2023,,light,0,daylight,mood,unknown,27,low,abstract_only_reduced_table,abstract_only;n=27,This paper presents a novel approach to assessing human lighting adjustment behavior and preference in diverse lighting conditions through the evaluation of emotional feedback and behavioral data using VR. Participants (n= 27) were exposed to different lighting (n=17) conditions with different levels of illuminance ...,yes,rct_interventional,empirical_v2
doi:10.1037/aca0000359,10.1037/aca0000359,Visual preference for abstract curvature and for interior spaces: Beyond undergraduate student samples.,2022,,affect,0,unspecified_environment,mood,unknown,,low,abstract_only_reduced_table,abstract_only;weak_variable_resolution,"Smoothly curved objects elicit feelings of pleasantness and tend to be preferred over angular objects. Furthermore, individual differences (i.e., art expertise, openness to experience, holistic thinking), and the complexity of the stimuli are known to moderate the effect. We extended the study of individual differen...",yes,rct_interventional,theoretical
doi:10.1613/jair.301,10.1613/jair.301,Reinforcement Learning: A Survey,1996,Journal of Artificial Intelligence Research,other,0,unspecified_environment,unspecified_outcome,unknown,,low,abstract_only_reduced_table,abstract_only;weak_variable_resolution,This paper surveys the field of reinforcement learning from a computer-science perspective. It is written to be accessible to researchers familiar with machine learning. Both the historical basis of the field and a broad selection of current work are summarized. Reinforcement learning is the problem faced by an agen...,yes,rct_interventional,thought_piece
doi:10.1109/tse.2002.1027801,10.1109/tse.2002.1027801,CTTE: support for developing and analyzing task models for interactive system design,2002,,other,0,unspecified_environment,unspecified_outcome,positive,,low,abstract_only_reduced_table,abstract_only;weak_variable_resolution,"While task modeling and task-based design are entering into current practice in the design of interactive software applications, there is still a lack of tools supporting the development and analysis of task models. Such tools should provide developers with ways to represent tasks, including their attributes and obj...",yes,rct_interventional,empirical_v2
doi:10.1002/hbm.21012,10.1002/hbm.21012,Emotion triggers executive attention: Anterior cingulate cortex and amygdala responses to emotional words in a conflict task,2011,,cognition,0,unspecified_environment,attention,positive,,low,abstract_only_reduced_table,abstract_only;weak_variable_resolution,"Coherent behavior depends on attentional control that detects and resolves conﬂict between opposing actions. The current functional magnetic resonance imaging study tested the hypothesis that emotion triggers attentional control to speed up conﬂict processing in particularly salient situations. Therefore, we present...",yes,rct_interventional,theoretical
zotero:6TNNU66U,,"Learning to act with objects, relations and physics",0,,light,0,unspecified_environment,attention,positive,,low,abstract_only_reduced_table,abstract_only;weak_variable_resolution,"Humans display an unrivalled degree of control over their environments. From a young age, humans represent the world in ways that allow them to not just make inferences about how the world works, but also to act and intervene on the world in order to accomplish their goals. Even children can pick up a new skill like...",yes,rct_interventional,empirical_v2
zotero:rossi_circadian_2019,,Circadian Lighting Design in the LED Era,2019,,light,0,daylight,sleep,negative,,medium,abstract_only_reduced_table,abstract_only,Intro -- Foreword -- Preface -- Acknowledgements -- Contents -- About the Author -- 1 Introduction: From Chronobiology to Lighting -- 1.1 Chronobiology and Nobel Prize for Circadian Research -- 1.2 The Historical Description of Light -- 1.3 Social Impact of Artificial Lighting -- 1.4 The Progress of Electric Light S...,no,rct_interventional,empirical_v2
zotero:ramzy_sustainable_2015,,SUSTAINABLE SPACES WITH PSYCHOLOGICAL CONNOTATION: HISTORICAL ARCHITECTURE AS REFERENCE BOOK FOR BIOMIMETIC MODELS WITH BIOPHILIC QUALITIES,2015,,biophilic,0,biophilia,mood,positive,,medium,abstract_only_reduced_table,abstract_only,"Biomimicry is a growing area of interest in architecture due to the potentials it offers for innovative architectural solutions and for more sustainable, regenerative built environment. Yet, a growing body of research identified various deficiencies to the employment of this approach in architecture. Of particular n...",no,rct_interventional,conceptual_framework
