variable_name,categories,repos,repo_count,source_count,example_sources
__main__,extraction_output_field,Article_Eater_PostQuinean_v1;Article_Finder_v3_2_3;BN_graphical;Outcome_Contractor;Tagging_Contractor,5,77,Article_Eater_PostQuinean_v1/app/cli/article_eater_contract_cli.py:337; Article_Eater_PostQuinean_v1/app/pdf_ingest.py:290; Article_Eater_PostQuinean_v1/apps/user_rules_gui/app.py:154; Article_Eater_PostQuinean_v1/archive/v20_7_3g_pre_i/apps/user_rules_gui/app.py:43
boundary_conditions,database_column;extraction_output_field,Article_Eater_PostQuinean_v1;Article_Finder_v3_2_3;BN_graphical;Outcome_Contractor,4,10,Article_Eater_PostQuinean_v1/contracts/ae_af/schemas/ae.rule.v1.schema.json:174; Article_Eater_PostQuinean_v1/contracts/ae_af/schemas/ae.rule.v2.schema.json:226; Article_Eater_PostQuinean_v1/docs/MVP_CONTRACTS.md:108; Article_Eater_PostQuinean_v1/scripts/convert_findings_to_rules.py:247
claim_id,database_column;extraction_output_field,Article_Eater_PostQuinean_v1;Article_Finder_v3_2_3;BN_graphical;Outcome_Contractor,4,29,Article_Eater_PostQuinean_v1/contracts/ae_af/schemas/ae.claim.v1.schema.json:25; Article_Eater_PostQuinean_v1/contracts/ae_af/schemas/ae.claim.v2.schema.json:26; Article_Eater_PostQuinean_v1/contracts/ae_af/schemas/ae.rule.v1.schema.json:79; Article_Eater_PostQuinean_v1/contracts/ae_af/schemas/ae.rule.v2.schema.json:85
effect_size,database_column;extraction_output_field,Article_Eater_PostQuinean_v1;Article_Finder_v3_2_3;BN_graphical;Outcome_Contractor,4,44,Article_Eater_PostQuinean_v1/contracts/ae_af/schemas/ae.claim.v1.schema.json:121; Article_Eater_PostQuinean_v1/contracts/ae_af/schemas/ae.claim.v1.schema.json:275; Article_Eater_PostQuinean_v1/contracts/ae_af/schemas/ae.claim.v2.schema.json:125; Article_Eater_PostQuinean_v1/contracts/ae_af/schemas/ae.claim.v2.schema.json:339
p_value,database_column;extraction_output_field,Article_Eater_PostQuinean_v1;Article_Finder_v3_2_3;BN_graphical;Outcome_Contractor,4,32,Article_Eater_PostQuinean_v1/contracts/ae_af/schemas/ae.claim.v1.schema.json:124; Article_Eater_PostQuinean_v1/contracts/ae_af/schemas/ae.claim.v2.schema.json:128; Article_Eater_PostQuinean_v1/contracts/schemas/experiential_claim.v1.schema.json:144; Article_Eater_PostQuinean_v1/db/sql/015_complete_schema.sql:64
source_paper_id,database_column;extraction_output_field,Article_Eater_PostQuinean_v1;Article_Finder_v3_2_3;BN_graphical;Outcome_Contractor,4,9,Article_Eater_PostQuinean_v1/migrations/005_add_entrenchment_tracker.sql:54; Article_Eater_PostQuinean_v1/src/epistemic/extraction/synthesis_ingester.py:336; Article_Eater_PostQuinean_v1/src/epistemic/extraction/theoretical_extractor.py:308; Article_Finder_v3_2_3/core/database.py:147
ART,extraction_output_field,Article_Eater_PostQuinean_v1;BN_graphical;Outcome_Contractor,3,12,Article_Eater_PostQuinean_v1/ruthless_bundle_2026-02-08/src/services/extraction_to_web.py:176; Article_Eater_PostQuinean_v1/src/services/extraction_to_web.py:189; Article_Eater_PostQuinean_v1/src/services/pdf_extraction.py:130; BN_graphical/migrations/005_sprint1_schemas.sql:195
SRT,extraction_output_field,Article_Eater_PostQuinean_v1;BN_graphical;Outcome_Contractor,3,9,Article_Eater_PostQuinean_v1/ruthless_bundle_2026-02-08/src/services/extraction_to_web.py:178; Article_Eater_PostQuinean_v1/src/services/extraction_to_web.py:191; Article_Eater_PostQuinean_v1/src/services/pdf_extraction.py:141; BN_graphical/src/ai_extraction/mechanism_classifier.py:135
ae_confidence,database_column;extraction_output_field,Article_Eater_PostQuinean_v1;Article_Finder_v3_2_3;Outcome_Contractor,3,25,Article_Eater_PostQuinean_v1/contracts/ae_af/schemas/ae.claim.v1.schema.json:157; Article_Eater_PostQuinean_v1/contracts/ae_af/schemas/ae.claim.v2.schema.json:161; Article_Eater_PostQuinean_v1/contracts/ae_af/schemas/ae.rule.v1.schema.json:88; Article_Eater_PostQuinean_v1/contracts/ae_af/schemas/ae.rule.v2.schema.json:94
age_mean,extraction_output_field,Article_Eater_PostQuinean_v1;Article_Finder_v3_2_3;BN_graphical,3,9,Article_Eater_PostQuinean_v1/contracts/ae_af/schemas/ae.claim.v1.schema.json:229; Article_Eater_PostQuinean_v1/contracts/ae_af/schemas/ae.claim.v2.schema.json:284; Article_Eater_PostQuinean_v1/ruthless_bundle_2026-02-08/src/services/extraction_to_web.py:1538; Article_Eater_PostQuinean_v1/schemas/panel_subjects.schema.json:137
age_range,extraction_output_field,Article_Eater_PostQuinean_v1;BN_graphical;Outcome_Contractor,3,7,Article_Eater_PostQuinean_v1/schemas/panel_subjects.schema.json:143; Article_Eater_PostQuinean_v1/schemas/rule_graph.schema.json:193; Article_Eater_PostQuinean_v1/src/services/table_extractor.py:305; BN_graphical/src/ai_extraction/population_extractor.py:133
ci_lower,extraction_output_field,Article_Eater_PostQuinean_v1;BN_graphical;Outcome_Contractor,3,24,Article_Eater_PostQuinean_v1/prompts/seven_panel_schema.json:17; Article_Eater_PostQuinean_v1/schemas/panel_findings_v2.schema.json:45; Article_Eater_PostQuinean_v1/scripts/build_table_gold_pack.py:192; Article_Eater_PostQuinean_v1/src/services/table_extractor.py:225
ci_upper,extraction_output_field,Article_Eater_PostQuinean_v1;BN_graphical;Outcome_Contractor,3,23,Article_Eater_PostQuinean_v1/prompts/seven_panel_schema.json:18; Article_Eater_PostQuinean_v1/schemas/panel_findings_v2.schema.json:51; Article_Eater_PostQuinean_v1/scripts/build_table_gold_pack.py:193; Article_Eater_PostQuinean_v1/src/services/table_extractor.py:226
claim_type,database_column;extraction_output_field,Article_Eater_PostQuinean_v1;Article_Finder_v3_2_3;Outcome_Contractor,3,12,Article_Eater_PostQuinean_v1/contracts/ae_af/schemas/ae.claim.v1.schema.json:31; Article_Eater_PostQuinean_v1/contracts/ae_af/schemas/ae.claim.v2.schema.json:32; Article_Eater_PostQuinean_v1/ruthless_bundle_2026-02-08/src/services/extraction_to_web.py:1528; Article_Eater_PostQuinean_v1/scripts/build_table_gold_pack.py:182
cluster_id,database_column;extraction_output_field,Article_Eater_PostQuinean_v1;Article_Finder_v3_2_3;Outcome_Contractor,3,7,Article_Eater_PostQuinean_v1/db/sql/015_complete_schema.sql:181; Article_Eater_PostQuinean_v1/db/sql/015_complete_schema.sql:190; Article_Eater_PostQuinean_v1/db/sql/015_complete_schema.sql:93; Article_Eater_PostQuinean_v1/schemas/rule_graph.schema.json:281
confidence_interval,database_column;extraction_output_field,Article_Eater_PostQuinean_v1;BN_graphical;Outcome_Contractor,3,11,Article_Eater_PostQuinean_v1/contracts/schemas/experiential_claim.v1.schema.json:136; Article_Eater_PostQuinean_v1/contracts/schemas/provenance.v1.schema.json:135; Article_Eater_PostQuinean_v1/db/sql/015_complete_schema.sql:67; Article_Eater_PostQuinean_v1/src/epistemic/contracts/claim_v2.py:126
effect_direction,extraction_output_field,Article_Eater_PostQuinean_v1;BN_graphical;Outcome_Contractor,3,5,Article_Eater_PostQuinean_v1/schemas/rule_graph.schema.json:305; Article_Eater_PostQuinean_v1/scripts/build_abstract_reduced_tables.py:512; Article_Eater_PostQuinean_v1/scripts/run_realtime_table_rule_intake.py:812; BN_graphical/src/ai_extraction/field_thresholds.py:90
environment_factors,database_column;extraction_output_field,Article_Eater_PostQuinean_v1;Article_Finder_v3_2_3;Outcome_Contractor,3,7,Article_Eater_PostQuinean_v1/contracts/ae_af/schemas/ae.claim.v1.schema.json:56; Article_Eater_PostQuinean_v1/contracts/ae_af/schemas/ae.claim.v2.schema.json:60; Article_Eater_PostQuinean_v1/ruthless_bundle_2026-02-08/src/services/extraction_to_web.py:1531; Article_Eater_PostQuinean_v1/src/services/extraction_to_web.py:1656
evidence_strength,database_column;extraction_output_field,Article_Eater_PostQuinean_v1;BN_graphical;Outcome_Contractor,3,5,Article_Eater_PostQuinean_v1/db/sql/015_complete_schema.sql:112; Article_Eater_PostQuinean_v1/db/sql/015_complete_schema.sql:149; BN_graphical/src/schemas/mechanism_specification.py:341; Outcome_Contractor/article_finder/type_specific_extractor.py:582
extraction_confidence,database_column;extraction_output_field,Article_Eater_PostQuinean_v1;Article_Finder_v3_2_3;BN_graphical,3,9,Article_Eater_PostQuinean_v1/contracts/schemas/provenance.v1.schema.json:81; Article_Eater_PostQuinean_v1/db/sql/018_paper_lifecycle.sql:153; Article_Eater_PostQuinean_v1/ruthless_bundle_2026-02-08/src/services/scope_extractor.py:272; Article_Eater_PostQuinean_v1/src/epistemic/extraction/synthesis_ingester.py:345
extraction_method,database_column;extraction_output_field,Article_Eater_PostQuinean_v1;Article_Finder_v3_2_3;BN_graphical,3,6,Article_Eater_PostQuinean_v1/contracts/schemas/provenance.v1.schema.json:86; Article_Eater_PostQuinean_v1/src/services/table_extractor.py:81; Article_Finder_v3_2_3/core/database.py:295; Article_Finder_v3_2_3/ingest/pdf_cataloger.py:186
generated_at,extraction_output_field,Article_Eater_PostQuinean_v1;BN_graphical;Outcome_Contractor,3,21,Article_Eater_PostQuinean_v1/contracts/ae_af/schemas/ae.extended_outcome_lookup.v1.schema.json:17; Article_Eater_PostQuinean_v1/contracts/ae_af/schemas/ae.gap_report.v1.schema.json:24; Article_Eater_PostQuinean_v1/contracts/ae_af/schemas/claim_gallery.v1.schema.json:20; Article_Eater_PostQuinean_v1/contracts/outcome_vocab/outcome_lookup.json:4
item_id,extraction_output_field,Article_Eater_PostQuinean_v1;Article_Finder_v3_2_3;BN_graphical,3,7,Article_Eater_PostQuinean_v1/app/cli/article_eater_contract_cli.py:86; Article_Eater_PostQuinean_v1/contracts/ae_af/schemas/ae.review_item.v1.schema.json:27; Article_Finder_v3_2_3/schemas/ae.review_item.v1.schema.json:27; BN_graphical/src/ai_extraction/verification_queue.py:109
meta_analysis,enum_value;extraction_output_field,Article_Eater_PostQuinean_v1;BN_graphical;Outcome_Contractor,3,20,Article_Eater_PostQuinean_v1/ruthless_bundle_2026-02-08/src/services/incremental_bn.py:55; Article_Eater_PostQuinean_v1/ruthless_bundle_2026-02-08/src/services/scope_extractor.py:469; Article_Eater_PostQuinean_v1/src/epistemic/extraction/argumentative.py:75; Article_Eater_PostQuinean_v1/src/epistemic/extraction/paper_classifier.py:37
node_id,database_column;extraction_output_field,Article_Eater_PostQuinean_v1;Article_Finder_v3_2_3;Outcome_Contractor,3,843,Article_Eater_PostQuinean_v1/src/epistemic/contracts/claim_v2.py:110; Article_Finder_v3_2_3/core/database.py:116; Article_Finder_v3_2_3/core/database.py:127; Article_Finder_v3_2_3/core/database.py:99
page_number,database_column;extraction_output_field,Article_Eater_PostQuinean_v1;Article_Finder_v3_2_3;Outcome_Contractor,3,13,Article_Eater_PostQuinean_v1/db/sql/015_core_tables.sql:100; Article_Eater_PostQuinean_v1/init_database.py:113; Article_Eater_PostQuinean_v1/init_database.py:87; Article_Eater_PostQuinean_v1/src/services/table_extractor.py:74
parent_id,database_column;extraction_output_field,Article_Eater_PostQuinean_v1;Article_Finder_v3_2_3;Outcome_Contractor,3,2531,Article_Eater_PostQuinean_v1/contracts/outcome_vocab/outcome_vocab.json:108; Article_Eater_PostQuinean_v1/contracts/outcome_vocab/outcome_vocab.json:122; Article_Eater_PostQuinean_v1/contracts/outcome_vocab/outcome_vocab.json:132; Article_Eater_PostQuinean_v1/contracts/outcome_vocab/outcome_vocab.json:146
pdf_path,database_column;extraction_output_field,Article_Eater_PostQuinean_v1;Article_Finder_v3_2_3;Outcome_Contractor,3,16,Article_Eater_PostQuinean_v1/migrations/006_discovery_funnel.sql:134; Article_Eater_PostQuinean_v1/scripts/build_table_extraction_queue.py:360; Article_Eater_PostQuinean_v1/scripts/build_table_gold_pack.py:151; Article_Eater_PostQuinean_v1/scripts/build_table_gold_pack.py:206
retrieved_at,database_column;extraction_output_field,Article_Eater_PostQuinean_v1;Article_Finder_v3_2_3;Outcome_Contractor,3,7,Article_Eater_PostQuinean_v1/contracts/ae_af/examples/input_bundle_minimal/paper.json:20; Article_Eater_PostQuinean_v1/contracts/ae_af/schemas/ae.paper.v1.schema.json:111; Article_Eater_PostQuinean_v1/docs/MVP_CONTRACTS.md:68; Article_Eater_PostQuinean_v1/src/services/bibtex_ingestion.py:343
run_id,database_column;extraction_output_field,Article_Eater_PostQuinean_v1;Article_Finder_v3_2_3;Tagging_Contractor,3,19,Article_Eater_PostQuinean_v1/app/cli/article_eater_contract_cli.py:121; Article_Eater_PostQuinean_v1/app/cli/article_eater_contract_cli.py:73; Article_Eater_PostQuinean_v1/app/cli/article_eater_contract_cli.py:85; Article_Eater_PostQuinean_v1/app/cli/article_eater_contract_cli.py:98
sample_n,database_column;extraction_output_field,Article_Eater_PostQuinean_v1;Article_Finder_v3_2_3;BN_graphical,3,12,Article_Eater_PostQuinean_v1/scripts/build_abstract_reduced_tables.py:513; Article_Eater_PostQuinean_v1/scripts/run_realtime_table_rule_intake.py:813; Article_Finder_v3_2_3/core/database.py:203; BN_graphical/migrations/005_sprint1_schemas.sql:45
sample_size,database_column;enum_value;extraction_output_field,Article_Eater_PostQuinean_v1;BN_graphical;Outcome_Contractor,3,28,Article_Eater_PostQuinean_v1/contracts/schemas/experiential_claim.v1.schema.json:145; Article_Eater_PostQuinean_v1/contracts/schemas/provenance.v1.schema.json:126; Article_Eater_PostQuinean_v1/db/sql/015_complete_schema.sql:66; Article_Eater_PostQuinean_v1/db/sql/015_core_tables.sql:65
schema_version,extraction_output_field,Article_Eater_PostQuinean_v1;Outcome_Contractor;Tagging_Contractor,3,8,Article_Eater_PostQuinean_v1/contracts/ae_af/schemas/claim_gallery.v1.schema.json:18; Article_Eater_PostQuinean_v1/contracts/ae_af/schemas/gallery_selection_config.v1.schema.json:20; Article_Eater_PostQuinean_v1/contracts/ae_af/schemas/image_feedback.v1.schema.json:20; Article_Eater_PostQuinean_v1/contracts/ae_af/schemas/selection_log.v1.schema.json:16
search_terms,database_column;extraction_output_field,Article_Eater_PostQuinean_v1;Outcome_Contractor;Tagging_Contractor,3,851,Article_Eater_PostQuinean_v1/migrations/006_discovery_funnel.sql:40; Outcome_Contractor/article_finder/type_specific_extractor.py:514; Tagging_Contractor/Archive 2/core/trs-core/v0.2.8/contracts/article_eater_contract_v0.2.8.json:1010; Tagging_Contractor/Archive 2/core/trs-core/v0.2.8/contracts/article_eater_contract_v0.2.8.json:1024
source_type,extraction_output_field,Article_Eater_PostQuinean_v1;BN_graphical;Tagging_Contractor,3,5,Article_Eater_PostQuinean_v1/contracts/ae_af/schemas/ae.gap_report.v1.schema.json:193; Article_Eater_PostQuinean_v1/contracts/schemas/provenance.v1.schema.json:101; Article_Eater_PostQuinean_v1/docs/MVP_CONTRACTS.md:297; BN_graphical/contracts/bn.prediction.v1.schema.json:38
table_id,database_column;extraction_output_field,Article_Eater_PostQuinean_v1;Article_Finder_v3_2_3;Outcome_Contractor,3,8,Article_Eater_PostQuinean_v1/contracts/ae_af/schemas/ae.claim.v1.schema.json:331; Article_Eater_PostQuinean_v1/contracts/ae_af/schemas/ae.claim.v2.schema.json:395; Article_Eater_PostQuinean_v1/scripts/build_table_gold_pack.py:179; Article_Eater_PostQuinean_v1/src/services/table_extractor.py:73
target_id,database_column;extraction_output_field,Article_Eater_PostQuinean_v1;Outcome_Contractor;Tagging_Contractor,3,6,Article_Eater_PostQuinean_v1/contracts/ae_af/schemas/ae.web_state.v1.schema.json:153; Outcome_Contractor/core/database.py:131; Tagging_Contractor/Archive 2/backend/app/db/database.py:176; Tagging_Contractor/Archive 2/backend/app/db/schema.sql:70
theory_id,database_column;extraction_output_field,Article_Eater_PostQuinean_v1;BN_graphical;Outcome_Contractor,3,12,Article_Eater_PostQuinean_v1/contracts/ae_af/schemas/ae.query_response.v1.schema.json:210; Article_Eater_PostQuinean_v1/contracts/ae_af/schemas/ae.web_state.v1.schema.json:106; Article_Eater_PostQuinean_v1/db/sql/017_theories.sql:109; Article_Eater_PostQuinean_v1/db/sql/017_theories.sql:233
DEFEATED,enum_value,Article_Eater_PostQuinean_v1;BN_graphical,2,3,Article_Eater_PostQuinean_v1/src/models/epistemic_status.py:31; Article_Eater_PostQuinean_v1/src/services/warrant_service.py:49; BN_graphical/src/coherence/epistemic_adapter.py:37
EMPIRICAL,enum_value,Article_Eater_PostQuinean_v1;BN_graphical,2,2,Article_Eater_PostQuinean_v1/app/routes/api_unified.py:93; BN_graphical/src/coherence/epistemic_adapter.py:29
EdgeJustification,extraction_output_field,Article_Eater_PostQuinean_v1;BN_graphical,2,2,Article_Eater_PostQuinean_v1/contracts/schemas/integration.edge_justification.v1.schema.json:112; BN_graphical/contracts/ae_bn_bridge.v1.schema.json:157
INTERMEDIATE,enum_value,Article_Eater_PostQuinean_v1;BN_graphical,2,2,Article_Eater_PostQuinean_v1/app/routes/api_unified.py:92; BN_graphical/src/coherence/epistemic_adapter.py:30
OBSERVATIONAL,enum_value,Article_Eater_PostQuinean_v1;BN_graphical,2,3,Article_Eater_PostQuinean_v1/app/routes/api_unified.py:94; Article_Eater_PostQuinean_v1/src/models/provenance.py:36; BN_graphical/src/coherence/epistemic_adapter.py:28
Predictive_Processing,extraction_output_field,Article_Eater_PostQuinean_v1;BN_graphical,2,7,Article_Eater_PostQuinean_v1/ruthless_bundle_2026-02-08/src/services/extraction_to_web.py:184; Article_Eater_PostQuinean_v1/src/services/extraction_to_web.py:197; Article_Eater_PostQuinean_v1/src/services/pdf_extraction.py:167; BN_graphical/src/ai_extraction/mechanism_classifier.py:137
SUSPENDED,enum_value,Article_Eater_PostQuinean_v1;BN_graphical,2,3,Article_Eater_PostQuinean_v1/src/models/epistemic_status.py:32; Article_Eater_PostQuinean_v1/src/services/warrant_service.py:50; BN_graphical/src/coherence/epistemic_adapter.py:38
THEORETICAL,enum_value,Article_Eater_PostQuinean_v1;BN_graphical,2,4,Article_Eater_PostQuinean_v1/app/routes/api_unified.py:91; Article_Eater_PostQuinean_v1/src/models/provenance.py:38; Article_Eater_PostQuinean_v1/src/models/provenance.py:47; BN_graphical/src/coherence/epistemic_adapter.py:31
UNGROUNDED,enum_value,Article_Eater_PostQuinean_v1;BN_graphical,2,4,Article_Eater_PostQuinean_v1/src/models/epistemic_status.py:33; Article_Eater_PostQuinean_v1/src/services/grounding_service.py:51; Article_Eater_PostQuinean_v1/src/services/warrant_service.py:51; BN_graphical/src/coherence/epistemic_adapter.py:39
WARRANTED,enum_value,Article_Eater_PostQuinean_v1;BN_graphical,2,3,Article_Eater_PostQuinean_v1/src/models/epistemic_status.py:30; Article_Eater_PostQuinean_v1/src/services/warrant_service.py:48; BN_graphical/src/coherence/epistemic_adapter.py:36
affect.anxiety,extraction_output_field,Article_Eater_PostQuinean_v1;Outcome_Contractor,2,6,Article_Eater_PostQuinean_v1/contracts/outcome_vocab/outcome_lookup.json:62; Article_Eater_PostQuinean_v1/contracts/vocab/outcome_lookup.json:62; Article_Eater_PostQuinean_v1/ruthless_bundle_2026-02-08/src/services/extraction_to_web.py:163; Article_Eater_PostQuinean_v1/src/services/extraction_to_web.py:176
affect.mood,extraction_output_field,Article_Eater_PostQuinean_v1;Outcome_Contractor,2,7,Article_Eater_PostQuinean_v1/contracts/outcome_vocab/outcome_lookup.json:67; Article_Eater_PostQuinean_v1/contracts/vocab/outcome_lookup.json:67; Article_Eater_PostQuinean_v1/ruthless_bundle_2026-02-08/src/services/extraction_to_web.py:162; Article_Eater_PostQuinean_v1/src/services/extraction_to_web.py:175
affect.mood.negative,extraction_output_field,Article_Eater_PostQuinean_v1;Outcome_Contractor,2,4,Article_Eater_PostQuinean_v1/contracts/outcome_vocab/outcome_lookup.json:72; Article_Eater_PostQuinean_v1/contracts/vocab/outcome_lookup.json:72; Outcome_Contractor/contracts/oc_export/ae_outcome_lookup.json:2392; Outcome_Contractor/contracts/oc_export/constitutive_bridges.json:17960
affect.mood.positive,extraction_output_field,Article_Eater_PostQuinean_v1;Outcome_Contractor,2,4,Article_Eater_PostQuinean_v1/contracts/outcome_vocab/outcome_lookup.json:77; Article_Eater_PostQuinean_v1/contracts/vocab/outcome_lookup.json:77; Outcome_Contractor/contracts/oc_export/ae_outcome_lookup.json:2422; Outcome_Contractor/contracts/oc_export/constitutive_bridges.json:18012
affect.stress,extraction_output_field,Article_Eater_PostQuinean_v1;Outcome_Contractor,2,7,Article_Eater_PostQuinean_v1/contracts/outcome_vocab/outcome_lookup.json:82; Article_Eater_PostQuinean_v1/contracts/vocab/outcome_lookup.json:82; Article_Eater_PostQuinean_v1/ruthless_bundle_2026-02-08/src/services/extraction_to_web.py:161; Article_Eater_PostQuinean_v1/src/services/extraction_to_web.py:174
allowed_storage,extraction_output_field,Article_Eater_PostQuinean_v1;Article_Finder_v3_2_3,2,3,Article_Eater_PostQuinean_v1/contracts/ae_af/examples/input_bundle_minimal/paper.json:36; Article_Eater_PostQuinean_v1/contracts/ae_af/schemas/ae.paper.v1.schema.json:180; Article_Finder_v3_2_3/schemas/ae.paper.v1.schema.json:165
applied_at,database_column,Article_Eater_PostQuinean_v1;Article_Finder_v3_2_3,2,4,Article_Eater_PostQuinean_v1/db/sql/015_complete_schema.sql:226; Article_Eater_PostQuinean_v1/db/sql/017_theories.sql:321; Article_Eater_PostQuinean_v1/migrations/006_discovery_funnel.sql:302; Article_Finder_v3_2_3/core/database.py:322
audit_log_jsonl,extraction_output_field,Article_Eater_PostQuinean_v1;Article_Finder_v3_2_3,2,4,Article_Eater_PostQuinean_v1/app/cli/article_eater_contract_cli.py:113; Article_Eater_PostQuinean_v1/contracts/ae_af/examples/output_bundle_sample/result.json:20; Article_Eater_PostQuinean_v1/contracts/ae_af/schemas/ae.result.v1.schema.json:111; Article_Finder_v3_2_3/schemas/ae.result.v1.schema.json:111
behav.productivity,extraction_output_field,Article_Eater_PostQuinean_v1;Outcome_Contractor,2,7,Article_Eater_PostQuinean_v1/contracts/outcome_vocab/outcome_lookup.json:92; Article_Eater_PostQuinean_v1/contracts/vocab/outcome_lookup.json:92; Article_Eater_PostQuinean_v1/ruthless_bundle_2026-02-08/src/services/extraction_to_web.py:170; Article_Eater_PostQuinean_v1/src/services/extraction_to_web.py:183
behav.sleep,extraction_output_field,Article_Eater_PostQuinean_v1;Outcome_Contractor,2,4,Article_Eater_PostQuinean_v1/contracts/outcome_vocab/outcome_lookup.json:97; Article_Eater_PostQuinean_v1/contracts/vocab/outcome_lookup.json:97; Outcome_Contractor/contracts/oc_export/ae_outcome_lookup.json:2982; Outcome_Contractor/contracts/oc_export/constitutive_bridges.json:18931
belief_id,database_column;extraction_output_field,Article_Eater_PostQuinean_v1;BN_graphical,2,34,Article_Eater_PostQuinean_v1/app/routes/ingestion.py:222; Article_Eater_PostQuinean_v1/contracts/ae_af/schemas/ae.query_response.v1.schema.json:275; Article_Eater_PostQuinean_v1/contracts/ae_af/schemas/ae.web_state.v1.schema.json:77; Article_Eater_PostQuinean_v1/contracts/schemas/integration.edge_justification.v1.schema.json:13
blocking_issues,extraction_output_field,Article_Eater_PostQuinean_v1;Article_Finder_v3_2_3,2,4,Article_Eater_PostQuinean_v1/app/cli/article_eater_contract_cli.py:115; Article_Eater_PostQuinean_v1/contracts/ae_af/examples/output_bundle_sample/result.json:24; Article_Eater_PostQuinean_v1/contracts/ae_af/schemas/ae.result.v1.schema.json:157; Article_Finder_v3_2_3/schemas/ae.result.v1.schema.json:130
bn_mapping,extraction_output_field,Article_Eater_PostQuinean_v1;Article_Finder_v3_2_3,2,11,Article_Eater_PostQuinean_v1/contracts/ae_af/schemas/ae.rule.v1.schema.json:182; Article_Eater_PostQuinean_v1/contracts/ae_af/schemas/ae.rule.v1.schema.json:85; Article_Eater_PostQuinean_v1/contracts/ae_af/schemas/ae.rule.v2.schema.json:234; Article_Eater_PostQuinean_v1/contracts/ae_af/schemas/ae.rule.v2.schema.json:91
boundary_condition,enum_value,Article_Eater_PostQuinean_v1;Outcome_Contractor,2,4,Article_Eater_PostQuinean_v1/quarantine/2026-02-10/epistemic_causal_bridge_features/argument_attack.py:49; Article_Eater_PostQuinean_v1/ruthless_bundle_2026-02-08/src/services/epistemic_causal_bridge.py:86; Article_Eater_PostQuinean_v1/src/services/argument_attack.py:46; Outcome_Contractor/core/argument_taxonomy.py:106
bridge_id,extraction_output_field,Article_Eater_PostQuinean_v1;Outcome_Contractor,2,833,Article_Eater_PostQuinean_v1/contracts/ae_af/schemas/ae.bridge.v1.schema.json:13; Outcome_Contractor/contracts/oc_export/constitutive_bridges.json:10004; Outcome_Contractor/contracts/oc_export/constitutive_bridges.json:10025; Outcome_Contractor/contracts/oc_export/constitutive_bridges.json:10046
bridge_type,extraction_output_field,Article_Eater_PostQuinean_v1;Outcome_Contractor,2,1668,Article_Eater_PostQuinean_v1/contracts/ae_af/schemas/ae.bridge.v1.schema.json:26; Article_Eater_PostQuinean_v1/contracts/ae_af/schemas/ae.rule.v2.schema.json:134; Article_Eater_PostQuinean_v1/scripts/convert_findings_to_rules.py:295; Outcome_Contractor/contracts/oc_export/bn_outcome_nodes.json:10015
by_type,extraction_output_field,Article_Finder_v3_2_3;BN_graphical,2,3,Article_Finder_v3_2_3/ingest/zotero_connector.py:395; Article_Finder_v3_2_3/knowledge/claim_embeddings.py:472; BN_graphical/src/ai_extraction/verification_queue.py:542
calibration_error,enum_value,Article_Eater_PostQuinean_v1;BN_graphical,2,2,Article_Eater_PostQuinean_v1/src/services/bn_coherence_client.py:79; BN_graphical/src/coherence/epistemic_workflow.py:172
canonical_name,database_column;extraction_output_field,Article_Eater_PostQuinean_v1;Tagging_Contractor,2,451,Article_Eater_PostQuinean_v1/contracts/vocab/environment_lookup.json:1499; Article_Eater_PostQuinean_v1/contracts/vocab/environment_lookup.json:1506; Article_Eater_PostQuinean_v1/contracts/vocab/environment_lookup.json:1513; Article_Eater_PostQuinean_v1/contracts/vocab/environment_lookup.json:1520
case_study,enum_value,Article_Eater_PostQuinean_v1;Outcome_Contractor,2,4,Article_Eater_PostQuinean_v1/src/epistemic/extraction/paper_classifier.py:34; Article_Eater_PostQuinean_v1/src/epistemic/extraction/source_quality_metadata.py:33; Outcome_Contractor/article_finder/article_type_classifier.py:28; Outcome_Contractor/contracts/article_extraction_contracts.py:37
causal_claim,enum_value;extraction_output_field,Article_Eater_PostQuinean_v1;BN_graphical,2,2,Article_Eater_PostQuinean_v1/src/models/propositional_content.py:24; BN_graphical/src/ai_extraction/field_thresholds.py:114
citation_count,database_column;extraction_output_field,Article_Eater_PostQuinean_v1;BN_graphical,2,8,Article_Eater_PostQuinean_v1/db/sql/015_complete_schema.sql:41; Article_Eater_PostQuinean_v1/db/sql/015_core_tables.sql:38; Article_Eater_PostQuinean_v1/init_database.py:63; Article_Eater_PostQuinean_v1/schemas/article.schema.json:58
cited_paper_id,database_column;extraction_output_field,Article_Finder_v3_2_3;BN_graphical,2,2,Article_Finder_v3_2_3/core/database.py:148; BN_graphical/src/literature_integration/citation_extractor.py:64
claims_jsonl,extraction_output_field,Article_Eater_PostQuinean_v1;Article_Finder_v3_2_3,2,4,Article_Eater_PostQuinean_v1/app/cli/article_eater_contract_cli.py:110; Article_Eater_PostQuinean_v1/contracts/ae_af/examples/output_bundle_sample/result.json:17; Article_Eater_PostQuinean_v1/contracts/ae_af/schemas/ae.result.v1.schema.json:102; Article_Finder_v3_2_3/schemas/ae.result.v1.schema.json:102
cog.attention,extraction_output_field,Article_Eater_PostQuinean_v1;Outcome_Contractor,2,7,Article_Eater_PostQuinean_v1/contracts/outcome_vocab/outcome_lookup.json:107; Article_Eater_PostQuinean_v1/contracts/vocab/outcome_lookup.json:107; Article_Eater_PostQuinean_v1/ruthless_bundle_2026-02-08/src/services/extraction_to_web.py:155; Article_Eater_PostQuinean_v1/src/services/extraction_to_web.py:168
cog.attention.selective,extraction_output_field,Article_Eater_PostQuinean_v1;Outcome_Contractor,2,7,Article_Eater_PostQuinean_v1/contracts/outcome_vocab/outcome_lookup.json:112; Article_Eater_PostQuinean_v1/contracts/vocab/outcome_lookup.json:112; Article_Eater_PostQuinean_v1/ruthless_bundle_2026-02-08/src/services/extraction_to_web.py:157; Article_Eater_PostQuinean_v1/src/services/extraction_to_web.py:170
cog.attention.sustained,extraction_output_field,Article_Eater_PostQuinean_v1;Outcome_Contractor,2,7,Article_Eater_PostQuinean_v1/contracts/outcome_vocab/outcome_lookup.json:117; Article_Eater_PostQuinean_v1/contracts/vocab/outcome_lookup.json:117; Article_Eater_PostQuinean_v1/ruthless_bundle_2026-02-08/src/services/extraction_to_web.py:156; Article_Eater_PostQuinean_v1/src/services/extraction_to_web.py:169
cog.memory,extraction_output_field,Article_Eater_PostQuinean_v1;Outcome_Contractor,2,7,Article_Eater_PostQuinean_v1/contracts/outcome_vocab/outcome_lookup.json:122; Article_Eater_PostQuinean_v1/contracts/vocab/outcome_lookup.json:122; Article_Eater_PostQuinean_v1/ruthless_bundle_2026-02-08/src/services/extraction_to_web.py:158; Article_Eater_PostQuinean_v1/src/services/extraction_to_web.py:171
cog.memory.working,extraction_output_field,Article_Eater_PostQuinean_v1;Outcome_Contractor,2,5,Article_Eater_PostQuinean_v1/contracts/outcome_vocab/outcome_lookup.json:127; Article_Eater_PostQuinean_v1/contracts/vocab/outcome_lookup.json:127; Outcome_Contractor/article_finder/ae_claim_extractor.py:205; Outcome_Contractor/contracts/oc_export/ae_outcome_lookup.json:3637
cog.performance,extraction_output_field,Article_Eater_PostQuinean_v1;Outcome_Contractor,2,6,Article_Eater_PostQuinean_v1/contracts/outcome_vocab/outcome_lookup.json:132; Article_Eater_PostQuinean_v1/contracts/vocab/outcome_lookup.json:132; Article_Eater_PostQuinean_v1/ruthless_bundle_2026-02-08/src/services/extraction_to_web.py:159; Article_Eater_PostQuinean_v1/src/services/extraction_to_web.py:172
cognates_count,extraction_output_field,Article_Eater_PostQuinean_v1;Outcome_Contractor,2,4,Article_Eater_PostQuinean_v1/contracts/outcome_vocab/outcome_vocab.json:320; Outcome_Contractor/contracts/oc_export/VERSION_MANIFEST.json:9; Outcome_Contractor/contracts/oc_export/outcome_vocab.json:11638; Outcome_Contractor/schemas/oc.export.v1.schema.json:44
cognitive_load,extraction_output_field,BN_graphical;Outcome_Contractor,2,3,BN_graphical/docs/DATABASE_SCHEMA.md:1204; BN_graphical/docs/DATABASE_SCHEMA.md:1223; Outcome_Contractor/article_finder/seven_panel_extractor.py:449
coherence_score,database_column;extraction_output_field,Article_Eater_PostQuinean_v1;BN_graphical,2,4,Article_Eater_PostQuinean_v1/contracts/ae_af/schemas/ae.web_state.v1.schema.json:64; Article_Eater_PostQuinean_v1/db/sql/018_paper_lifecycle.sql:154; Article_Eater_PostQuinean_v1/db/sql/018_paper_lifecycle.sql:58; BN_graphical/contracts/ae_bn_bridge.v1.schema.json:246
competing_theories,database_column;enum_value,Article_Eater_PostQuinean_v1;BN_graphical,2,2,Article_Eater_PostQuinean_v1/db/sql/017_theories.sql:58; BN_graphical/src/literature_integration/proposition_queries.py:47
completed_at,database_column;extraction_output_field,Article_Eater_PostQuinean_v1;BN_graphical,2,5,Article_Eater_PostQuinean_v1/db/sql/015_complete_schema.sql:16; Article_Eater_PostQuinean_v1/db/sql/015_core_tables.sql:15; Article_Eater_PostQuinean_v1/db/sql/018_paper_lifecycle.sql:39; Article_Eater_PostQuinean_v1/init_database.py:131
computed_at,database_column;extraction_output_field,Article_Finder_v3_2_3;Tagging_Contractor,2,3,Article_Finder_v3_2_3/core/database.py:120; Article_Finder_v3_2_3/core/database.py:268; Tagging_Contractor/contracts/localized_image_tags.schema.json:10
confidence_penalty,database_column;extraction_output_field,Article_Eater_PostQuinean_v1;BN_graphical,2,2,Article_Eater_PostQuinean_v1/db/sql/017_theories.sql:114; BN_graphical/src/mechanisms/mechanism_schema.py:228
confidence_rationale,database_column;extraction_output_field,Article_Eater_PostQuinean_v1;BN_graphical,2,3,Article_Eater_PostQuinean_v1/db/sql/017_theories.sql:51; BN_graphical/migrations/005_sprint1_schemas.sql:214; BN_graphical/src/schemas/mechanism_specification.py:336
config_id,database_column;extraction_output_field,Article_Eater_PostQuinean_v1;BN_graphical,2,5,Article_Eater_PostQuinean_v1/contracts/ae_af/schemas/claim_gallery.v1.schema.json:135; Article_Eater_PostQuinean_v1/contracts/ae_af/schemas/gallery_selection_config.v1.schema.json:21; Article_Eater_PostQuinean_v1/contracts/ae_af/schemas/selection_log.v1.schema.json:26; Article_Eater_PostQuinean_v1/src/services/claim_gallery_builder.py:686
conflict_resolution,enum_value,Article_Eater_PostQuinean_v1;BN_graphical,2,2,Article_Eater_PostQuinean_v1/src/services/export_checklists.py:35; BN_graphical/src/coherence/epistemic_workflow.py:181
conflicting_beliefs,extraction_output_field,Article_Eater_PostQuinean_v1;BN_graphical,2,2,Article_Eater_PostQuinean_v1/contracts/schemas/integration.edge_justification.v1.schema.json:154; BN_graphical/contracts/ae_bn_bridge.v1.schema.json:200
construct_item,extraction_output_field,Article_Eater_PostQuinean_v1;Article_Finder_v3_2_3,2,3,Article_Eater_PostQuinean_v1/contracts/ae_af/schemas/ae.claim.v1.schema.json:164; Article_Eater_PostQuinean_v1/contracts/ae_af/schemas/ae.claim.v2.schema.json:219; Article_Finder_v3_2_3/schemas/ae.claim.v1.schema.json:164
convergence_threshold,extraction_output_field,Article_Eater_PostQuinean_v1;BN_graphical,2,3,Article_Eater_PostQuinean_v1/app/cli/article_eater_contract_cli.py:179; Article_Eater_PostQuinean_v1/contracts/ae_af/schemas/ae.web_state.v1.schema.json:198; BN_graphical/contracts/bn.epistemology.v1.schema.json:96
created_by,database_column;extraction_output_field,Article_Eater_PostQuinean_v1;Tagging_Contractor,2,5,Article_Eater_PostQuinean_v1/contracts/ae_af/schemas/ae.bridge.v1.schema.json:109; Tagging_Contractor/Archive 2/backend/app/db/database.py:188; Tagging_Contractor/Archive 2/backend/app/db/schema.sql:89; Tagging_Contractor/backend/app/db/database.py:188
culture_cluster,extraction_output_field,BN_graphical;Outcome_Contractor,2,6,BN_graphical/src/ai_extraction/field_thresholds.py:124; BN_graphical/src/ai_extraction/population_extractor.py:131; BN_graphical/src/ai_extraction/population_extractor.py:163; BN_graphical/src/ai_extraction/population_extractor.py:242
current_value,extraction_output_field,Article_Eater_PostQuinean_v1;BN_graphical,2,3,Article_Eater_PostQuinean_v1/src/services/stopping_rules.py:71; Article_Eater_PostQuinean_v1/src/services/stopping_rules.py:81; BN_graphical/src/ai_extraction/verification_queue.py:621
date_range,extraction_output_field,Article_Eater_PostQuinean_v1;Outcome_Contractor,2,3,Article_Eater_PostQuinean_v1/contracts/schemas/integration.edge_justification.v1.schema.json:97; Outcome_Contractor/article_finder/type_specific_extractor.py:515; Outcome_Contractor/article_finder/type_specific_extractor.py:567
defeater_ids,extraction_output_field,Article_Eater_PostQuinean_v1;BN_graphical,2,2,Article_Eater_PostQuinean_v1/contracts/schemas/epistemic_status.v1.schema.json:41; BN_graphical/contracts/ae_bn_bridge.v1.schema.json:93
design_type,extraction_output_field,Article_Eater_PostQuinean_v1;Outcome_Contractor,2,5,Article_Eater_PostQuinean_v1/schemas/seven_panel.schema.json:31; Outcome_Contractor/article_finder/seven_panel_extractor.py:1434; Outcome_Contractor/article_finder/type_specific_extractor.py:119; Outcome_Contractor/article_finder/type_specific_extractor.py:469
disconfirming_evidence,extraction_output_field,Article_Eater_PostQuinean_v1;BN_graphical,2,2,Article_Eater_PostQuinean_v1/contracts/ae_af/schemas/ae.bridge.v1.schema.json:84; BN_graphical/src/mechanisms/mechanism_schema.py:408
discretization_hint,extraction_output_field,Article_Eater_PostQuinean_v1;Article_Finder_v3_2_3,2,8,Article_Eater_PostQuinean_v1/contracts/ae_af/schemas/ae.rule.v1.schema.json:196; Article_Eater_PostQuinean_v1/contracts/ae_af/schemas/ae.rule.v2.schema.json:248; Article_Eater_PostQuinean_v1/docs/MVP_CONTRACTS.md:113; Article_Eater_PostQuinean_v1/scripts/convert_findings_to_rules.py:260
domains_count,extraction_output_field,Article_Eater_PostQuinean_v1;Outcome_Contractor,2,4,Article_Eater_PostQuinean_v1/contracts/outcome_vocab/outcome_vocab.json:322; Outcome_Contractor/contracts/oc_export/VERSION_MANIFEST.json:11; Outcome_Contractor/contracts/oc_export/bn_outcome_nodes.json:17856; Outcome_Contractor/contracts/oc_export/outcome_vocab.json:11640
duration_min,extraction_output_field,Article_Eater_PostQuinean_v1;Outcome_Contractor,2,2,Article_Eater_PostQuinean_v1/schemas/panel_context.schema.json:32; Outcome_Contractor/article_finder/exemplary_extraction_tables.md:2601
edge_id,database_column;extraction_output_field,Article_Eater_PostQuinean_v1;BN_graphical,2,7,Article_Eater_PostQuinean_v1/contracts/schemas/integration.edge_justification.v1.schema.json:120; Article_Eater_PostQuinean_v1/src/epistemic/contracts/edge_v2.py:50; BN_graphical/contracts/ae_bn_bridge.v1.schema.json:162; BN_graphical/migrations/006_sprint2_enhanced_edges.sql:180
effect_size_type,database_column;extraction_output_field,Article_Eater_PostQuinean_v1;Article_Finder_v3_2_3,2,9,Article_Eater_PostQuinean_v1/init_database.py:82; Article_Eater_PostQuinean_v1/prompts/seven_panel_schema.json:15; Article_Eater_PostQuinean_v1/schemas/panel_findings_v2.schema.json:63; Article_Eater_PostQuinean_v1/scripts/build_table_gold_pack.py:191
enabling_conditions,extraction_output_field,Article_Eater_PostQuinean_v1;BN_graphical,2,5,Article_Eater_PostQuinean_v1/contracts/ae_af/schemas/ae.rule.v2.schema.json:127; Article_Eater_PostQuinean_v1/scripts/convert_findings_to_rules.py:294; Article_Eater_PostQuinean_v1/tests/test_ingestion_routes.py:189; Article_Eater_PostQuinean_v1/tests/test_ingestion_routes.py:486
environment_type,extraction_output_field,Article_Eater_PostQuinean_v1;Outcome_Contractor,2,2,Article_Eater_PostQuinean_v1/schemas/panel_context.schema.json:39; Outcome_Contractor/article_finder/exemplary_extraction_tables.md:2195
error_message,database_column;extraction_output_field,Article_Eater_PostQuinean_v1;BN_graphical,2,7,Article_Eater_PostQuinean_v1/contracts/ae_af/schemas/ae.coherence_summary.v1.schema.json:52; Article_Eater_PostQuinean_v1/contracts/ae_af/schemas/ae.web_state.v1.schema.json:44; Article_Eater_PostQuinean_v1/db/sql/018_paper_lifecycle.sql:49; Article_Eater_PostQuinean_v1/migrations/006_discovery_funnel.sql:141
evidence_against,enum_value;extraction_output_field,Article_Eater_PostQuinean_v1;BN_graphical,2,2,Article_Eater_PostQuinean_v1/contracts/ae_af/schemas/ae.bridge.v1.schema.json:70; BN_graphical/src/literature_integration/proposition_queries.py:43
evidence_for,enum_value;extraction_output_field,Article_Eater_PostQuinean_v1;BN_graphical,2,2,Article_Eater_PostQuinean_v1/contracts/ae_af/schemas/ae.bridge.v1.schema.json:65; BN_graphical/src/literature_integration/proposition_queries.py:42
evidence_item,extraction_output_field,Article_Eater_PostQuinean_v1;Article_Finder_v3_2_3,2,4,Article_Eater_PostQuinean_v1/contracts/ae_af/schemas/ae.claim.v1.schema.json:297; Article_Eater_PostQuinean_v1/contracts/ae_af/schemas/ae.claim.v2.schema.json:361; Article_Eater_PostQuinean_v1/contracts/ae_af/schemas/ae.query_response.v1.schema.json:270; Article_Finder_v3_2_3/schemas/ae.claim.v1.schema.json:297
evidence_links,database_column;extraction_output_field,Article_Eater_PostQuinean_v1;Article_Finder_v3_2_3,2,6,Article_Eater_PostQuinean_v1/contracts/ae_af/schemas/ae.rule.v1.schema.json:70; Article_Eater_PostQuinean_v1/contracts/ae_af/schemas/ae.rule.v2.schema.json:76; Article_Eater_PostQuinean_v1/docs/MVP_CONTRACTS.md:110; Article_Eater_PostQuinean_v1/scripts/convert_findings_to_rules.py:286
evidence_quality,extraction_output_field,Article_Eater_PostQuinean_v1;BN_graphical,2,3,Article_Eater_PostQuinean_v1/contracts/ae_af/schemas/claim_gallery.v1.schema.json:69; Article_Eater_PostQuinean_v1/src/services/claim_gallery_builder.py:471; BN_graphical/src/mechanisms/mechanism_schema.py:114
evidence_role,extraction_output_field,Article_Eater_PostQuinean_v1;Tagging_Contractor,2,1273,Article_Eater_PostQuinean_v1/contracts/vocab/environment_lookup.json:1503; Article_Eater_PostQuinean_v1/contracts/vocab/environment_lookup.json:1510; Article_Eater_PostQuinean_v1/contracts/vocab/environment_lookup.json:1517; Article_Eater_PostQuinean_v1/contracts/vocab/environment_lookup.json:1524
evidence_type,extraction_output_field,BN_graphical;Tagging_Contractor,2,9,BN_graphical/src/ai_extraction/mechanism_classifier.py:139; BN_graphical/src/ai_extraction/mechanism_classifier.py:175; BN_graphical/src/ai_extraction/mechanism_classifier.py:202; BN_graphical/src/ai_extraction/mechanism_classifier.py:292
expert_opinion,enum_value,Article_Eater_PostQuinean_v1;BN_graphical,2,2,Article_Eater_PostQuinean_v1/src/epistemic/contracts/claim_v2.py:32; BN_graphical/src/literature_integration/argument_structure.py:53
extracted_at,database_column;extraction_output_field,Article_Finder_v3_2_3;BN_graphical,2,3,Article_Finder_v3_2_3/core/database.py:304; BN_graphical/migrations/005_sprint1_schemas.sql:64; BN_graphical/src/schemas/population_qualifier.py:258
extraction_date,database_column;extraction_output_field,Article_Eater_PostQuinean_v1;BN_graphical,2,5,Article_Eater_PostQuinean_v1/contracts/schemas/provenance.v1.schema.json:77; BN_graphical/database/01_core_tables.sql:71; BN_graphical/database/05_provenance_tables.sql:71; BN_graphical/database/schema.sql:71
extraction_notes,extraction_output_field,Article_Eater_PostQuinean_v1;BN_graphical,2,6,Article_Eater_PostQuinean_v1/src/services/table_extractor.py:83; BN_graphical/src/ai_extraction/extraction_pipeline.py:103; BN_graphical/src/ai_extraction/population_extractor.py:140; BN_graphical/src/ai_extraction/population_extractor.py:172
extraction_quality,enum_value;extraction_output_field,Article_Eater_PostQuinean_v1;BN_graphical,2,2,Article_Eater_PostQuinean_v1/src/services/export_checklists.py:29; BN_graphical/src/literature_integration/citation_extractor.py:113
figure_id,extraction_output_field,Article_Eater_PostQuinean_v1;Article_Finder_v3_2_3,2,3,Article_Eater_PostQuinean_v1/contracts/ae_af/schemas/ae.claim.v1.schema.json:349; Article_Eater_PostQuinean_v1/contracts/ae_af/schemas/ae.claim.v2.schema.json:413; Article_Finder_v3_2_3/schemas/ae.claim.v1.schema.json:349
finder_run_id,database_column;extraction_output_field,Article_Eater_PostQuinean_v1;Article_Finder_v3_2_3,2,6,Article_Eater_PostQuinean_v1/contracts/ae_af/examples/input_bundle_minimal/paper.json:18; Article_Eater_PostQuinean_v1/contracts/ae_af/schemas/ae.paper.v1.schema.json:105; Article_Eater_PostQuinean_v1/docs/MVP_CONTRACTS.md:66; Article_Eater_PostQuinean_v1/src/services/bibtex_ingestion.py:341
finding_text,extraction_output_field,Article_Eater_PostQuinean_v1;Outcome_Contractor,2,5,Article_Eater_PostQuinean_v1/prompts/seven_panel_schema.json:9; Article_Eater_PostQuinean_v1/schemas/panel_findings_v2.schema.json:12; Article_Eater_PostQuinean_v1/scripts/test_extract_7panel_parsing.py:22; Article_Eater_PostQuinean_v1/scripts/test_extract_7panel_parsing.py:23
functional_form,database_column;extraction_output_field,Article_Eater_PostQuinean_v1;BN_graphical,2,5,Article_Eater_PostQuinean_v1/db/sql/017_theories.sql:156; Article_Eater_PostQuinean_v1/ruthless_bundle_2026-02-08/src/services/extraction_to_web.py:1488; Article_Eater_PostQuinean_v1/src/services/extraction_to_web.py:1612; BN_graphical/src/mechanisms/mechanism_schema.py:401
graph_version,extraction_output_field,Article_Eater_PostQuinean_v1;BN_graphical,2,4,Article_Eater_PostQuinean_v1/docs/BN_EXPORT_SCHEMA_v0_1.md:236; Article_Eater_PostQuinean_v1/schemas/rule_graph.schema.json:340; Article_Eater_PostQuinean_v1/src/services/rulegraph_v2_builder.py:128; BN_graphical/contracts/bn.prediction.v1.schema.json:115
health.wellbeing,extraction_output_field,Article_Eater_PostQuinean_v1;Outcome_Contractor,2,6,Article_Eater_PostQuinean_v1/contracts/outcome_vocab/outcome_lookup.json:142; Article_Eater_PostQuinean_v1/contracts/vocab/outcome_lookup.json:142; Article_Eater_PostQuinean_v1/ruthless_bundle_2026-02-08/src/services/extraction_to_web.py:168; Article_Eater_PostQuinean_v1/src/services/extraction_to_web.py:181
heterogeneity_i2,extraction_output_field,Article_Eater_PostQuinean_v1;Outcome_Contractor,2,3,Article_Eater_PostQuinean_v1/src/epistemic/entrenchment/synthesis_rules.py:162; Outcome_Contractor/article_finder/seven_panel_extractor.py:1470; Outcome_Contractor/article_finder/type_specific_extractor.py:530
human_notes,database_column;extraction_output_field,Article_Eater_PostQuinean_v1;Article_Finder_v3_2_3,2,5,Article_Eater_PostQuinean_v1/contracts/ae_af/examples/input_bundle_minimal/paper.json:39; Article_Eater_PostQuinean_v1/contracts/ae_af/schemas/ae.paper.v1.schema.json:192; Article_Eater_PostQuinean_v1/src/services/bibtex_ingestion.py:350; Article_Finder_v3_2_3/core/database.py:76
hypothesis_test,enum_value,Article_Eater_PostQuinean_v1;BN_graphical,2,2,Article_Eater_PostQuinean_v1/src/epistemic/monitors/cross_type_coherence.py:32; BN_graphical/src/literature_integration/argument_structure.py:71
image_id,extraction_output_field,Article_Eater_PostQuinean_v1;Tagging_Contractor,2,19,Article_Eater_PostQuinean_v1/contracts/ae_af/schemas/claim_gallery.v1.schema.json:174; Article_Eater_PostQuinean_v1/contracts/ae_af/schemas/image_feedback.v1.schema.json:43; Article_Eater_PostQuinean_v1/contracts/ae_af/schemas/selection_log.v1.schema.json:141; Article_Eater_PostQuinean_v1/contracts/ae_af/schemas/selection_log.v1.schema.json:159
ingest_method,database_column;extraction_output_field,Article_Eater_PostQuinean_v1;Article_Finder_v3_2_3,2,9,Article_Eater_PostQuinean_v1/contracts/ae_af/examples/input_bundle_minimal/paper.json:19; Article_Eater_PostQuinean_v1/contracts/ae_af/schemas/ae.paper.v1.schema.json:108; Article_Eater_PostQuinean_v1/docs/MVP_CONTRACTS.md:67; Article_Eater_PostQuinean_v1/src/services/bibtex_ingestion.py:342
interview_study,enum_value,Article_Eater_PostQuinean_v1;Outcome_Contractor,2,3,Article_Eater_PostQuinean_v1/src/epistemic/extraction/paper_classifier.py:46; Outcome_Contractor/article_finder/article_type_classifier.py:29; Outcome_Contractor/contracts/article_extraction_contracts.py:38
item_type,extraction_output_field,Article_Finder_v3_2_3;BN_graphical,2,2,Article_Finder_v3_2_3/ingest/zotero_bridge.py:44; BN_graphical/src/ai_extraction/verification_queue.py:94
job_id,database_column;extraction_output_field,Article_Eater_PostQuinean_v1;BN_graphical,2,15,Article_Eater_PostQuinean_v1/db/sql/015_complete_schema.sql:167; Article_Eater_PostQuinean_v1/db/sql/015_complete_schema.sql:70; Article_Eater_PostQuinean_v1/db/sql/015_complete_schema.sql:9; Article_Eater_PostQuinean_v1/db/sql/015_complete_schema.sql:92
job_type,database_column;extraction_output_field,Article_Eater_PostQuinean_v1;BN_graphical,2,6,Article_Eater_PostQuinean_v1/db/sql/015_complete_schema.sql:10; Article_Eater_PostQuinean_v1/db/sql/015_complete_schema.sql:168; Article_Eater_PostQuinean_v1/db/sql/015_core_tables.sql:9; Article_Eater_PostQuinean_v1/init_database.py:125
knowledge_gap,enum_value,Article_Eater_PostQuinean_v1;BN_graphical,2,2,Article_Eater_PostQuinean_v1/src/epistemic/node_types.py:77; BN_graphical/src/literature_integration/opportunity_scorer.py:32
last_updated,database_column;extraction_output_field,Article_Eater_PostQuinean_v1;BN_graphical,2,5,Article_Eater_PostQuinean_v1/contracts/ae_af/schemas/ae.bridge.v1.schema.json:113; Article_Eater_PostQuinean_v1/contracts/schemas/social_epistemology.schema.json:398; Article_Eater_PostQuinean_v1/ruthless_bundle_2026-02-08/contracts/schemas/social_epistemology.schema.json:398; BN_graphical/database/03_model_tables.sql:87
last_used_at,database_column,Article_Eater_PostQuinean_v1;Tagging_Contractor,2,5,Article_Eater_PostQuinean_v1/db/sql/014_security.sql:13; Tagging_Contractor/Archive 2/backend/app/db/database.py:190; Tagging_Contractor/Archive 2/backend/app/db/schema.sql:91; Tagging_Contractor/backend/app/db/database.py:190
lookup_entries,extraction_output_field,Article_Eater_PostQuinean_v1;Outcome_Contractor,2,5,Article_Eater_PostQuinean_v1/contracts/ae_af/schemas/ae.extended_outcome_lookup.v1.schema.json:120; Article_Eater_PostQuinean_v1/contracts/outcome_vocab/outcome_lookup.json:189; Article_Eater_PostQuinean_v1/contracts/vocab/environment_lookup.json:4469; Article_Eater_PostQuinean_v1/contracts/vocab/outcome_lookup.json:189
manipulation_description,database_column;extraction_output_field,BN_graphical;Outcome_Contractor,2,3,BN_graphical/database/04_experiment_tables.sql:76; BN_graphical/database/schema.sql:618; Outcome_Contractor/article_finder/seven_panel_extractor.py:708
max_iterations,extraction_output_field,Article_Eater_PostQuinean_v1;BN_graphical,2,3,Article_Eater_PostQuinean_v1/app/cli/article_eater_contract_cli.py:178; Article_Eater_PostQuinean_v1/contracts/ae_af/schemas/ae.web_state.v1.schema.json:197; BN_graphical/contracts/bn.epistemology.v1.schema.json:90
measure_name,database_column;extraction_output_field,BN_graphical;Outcome_Contractor,2,3,BN_graphical/contracts/bn.api.v2.schema.json:285; Outcome_Contractor/core/database.py:93; Outcome_Contractor/schemas/oc.export.v1.schema.json:76
measure_type,database_column;extraction_output_field,Article_Eater_PostQuinean_v1;Outcome_Contractor,2,5,Article_Eater_PostQuinean_v1/db/sql/015_complete_schema.sql:62; Article_Eater_PostQuinean_v1/db/sql/015_core_tables.sql:61; Article_Eater_PostQuinean_v1/init_database.py:78; Outcome_Contractor/core/database.py:94
measurement_instruments,database_column;extraction_output_field,BN_graphical;Outcome_Contractor,2,3,BN_graphical/migrations/005_sprint1_schemas.sql:121; BN_graphical/src/schemas/outcome_taxonomy.py:214; Outcome_Contractor/article_finder/seven_panel_extractor.py:195
mechanism_id,database_column;extraction_output_field,Article_Eater_PostQuinean_v1;BN_graphical,2,7,Article_Eater_PostQuinean_v1/db/sql/015_complete_schema.sql:147; Article_Eater_PostQuinean_v1/migrations/004_add_explanation_links.sql:14; BN_graphical/contracts/bn.api.v2.schema.json:103; BN_graphical/contracts/bn.api.v2.schema.json:362
mechanism_level,database_column;extraction_output_field,Article_Eater_PostQuinean_v1;BN_graphical,2,3,Article_Eater_PostQuinean_v1/db/sql/015_complete_schema.sql:131; BN_graphical/src/ai_extraction/field_thresholds.py:208; BN_graphical/src/schemas/mechanism_specification.py:321
methodological_critique,enum_value,Article_Eater_PostQuinean_v1;Outcome_Contractor,2,2,Article_Eater_PostQuinean_v1/src/epistemic/node_types.py:74; Outcome_Contractor/core/argument_taxonomy.py:113
mixed_methods,enum_value,Article_Eater_PostQuinean_v1;Outcome_Contractor,2,3,Article_Eater_PostQuinean_v1/src/epistemic/extraction/paper_classifier.py:52; Outcome_Contractor/article_finder/article_type_classifier.py:32; Outcome_Contractor/contracts/article_extraction_contracts.py:41
model_version,extraction_output_field,BN_graphical;Tagging_Contractor,2,2,BN_graphical/contracts/bn.prediction.v1.schema.json:114; Tagging_Contractor/contracts/localized_image_tags.schema.json:44
moderator_item,extraction_output_field,Article_Eater_PostQuinean_v1;Article_Finder_v3_2_3,2,3,Article_Eater_PostQuinean_v1/contracts/ae_af/schemas/ae.claim.v1.schema.json:186; Article_Eater_PostQuinean_v1/contracts/ae_af/schemas/ae.claim.v2.schema.json:241; Article_Finder_v3_2_3/schemas/ae.claim.v1.schema.json:186
n_claims,database_column;extraction_output_field,Article_Eater_PostQuinean_v1;Article_Finder_v3_2_3,2,14,Article_Eater_PostQuinean_v1/app/cli/article_eater_contract_cli.py:103; Article_Eater_PostQuinean_v1/contracts/ae_af/examples/output_bundle_sample/result.json:10; Article_Eater_PostQuinean_v1/contracts/ae_af/schemas/ae.result.v1.schema.json:70; Article_Eater_PostQuinean_v1/db/sql/018_paper_lifecycle.sql:146
n_effect_sizes,extraction_output_field,Article_Eater_PostQuinean_v1;Article_Finder_v3_2_3,2,5,Article_Eater_PostQuinean_v1/app/cli/article_eater_contract_cli.py:105; Article_Eater_PostQuinean_v1/contracts/ae_af/examples/output_bundle_sample/result.json:12; Article_Eater_PostQuinean_v1/contracts/ae_af/schemas/ae.result.v1.schema.json:78; Article_Eater_PostQuinean_v1/src/services/pdf_extraction.py:120
n_environment_factors,extraction_output_field,Article_Eater_PostQuinean_v1;Article_Finder_v3_2_3,2,4,Article_Eater_PostQuinean_v1/app/cli/article_eater_contract_cli.py:107; Article_Eater_PostQuinean_v1/contracts/ae_af/examples/output_bundle_sample/result.json:14; Article_Eater_PostQuinean_v1/contracts/ae_af/schemas/ae.result.v1.schema.json:86; Article_Finder_v3_2_3/schemas/ae.result.v1.schema.json:86
n_population_records,extraction_output_field,Article_Eater_PostQuinean_v1;Article_Finder_v3_2_3,2,4,Article_Eater_PostQuinean_v1/app/cli/article_eater_contract_cli.py:106; Article_Eater_PostQuinean_v1/contracts/ae_af/examples/output_bundle_sample/result.json:13; Article_Eater_PostQuinean_v1/contracts/ae_af/schemas/ae.result.v1.schema.json:82; Article_Finder_v3_2_3/schemas/ae.result.v1.schema.json:82
n_rules,database_column;extraction_output_field,Article_Eater_PostQuinean_v1;Article_Finder_v3_2_3,2,10,Article_Eater_PostQuinean_v1/app/cli/article_eater_contract_cli.py:104; Article_Eater_PostQuinean_v1/contracts/ae_af/examples/output_bundle_sample/result.json:11; Article_Eater_PostQuinean_v1/contracts/ae_af/schemas/ae.result.v1.schema.json:74; Article_Eater_PostQuinean_v1/db/sql/018_paper_lifecycle.sql:147
n_total,extraction_output_field,Article_Eater_PostQuinean_v1;Outcome_Contractor,2,2,Article_Eater_PostQuinean_v1/schemas/panel_subjects.schema.json:189; Outcome_Contractor/article_finder/exemplary_extraction_tables.md:2619
narrative_review,enum_value;extraction_output_field,Article_Eater_PostQuinean_v1;Outcome_Contractor,2,6,Article_Eater_PostQuinean_v1/scripts/run_realtime_table_rule_intake.py:155; Article_Eater_PostQuinean_v1/src/epistemic/extraction/paper_classifier.py:39; Article_Eater_PostQuinean_v1/src/epistemic/extraction/synthesis_ingester.py:39; Outcome_Contractor/article_finder/article_type_classifier.py:37
needs_review,database_column;extraction_output_field,Article_Eater_PostQuinean_v1;Article_Finder_v3_2_3,2,2,Article_Eater_PostQuinean_v1/scripts/run_realtime_table_rule_intake.py:128; Article_Finder_v3_2_3/core/database.py:301
needs_verification,extraction_output_field,Article_Eater_PostQuinean_v1;BN_graphical,2,4,Article_Eater_PostQuinean_v1/scripts/run_realtime_table_rule_intake.py:867; Article_Eater_PostQuinean_v1/scripts/run_realtime_table_rule_intake.py:897; Article_Eater_PostQuinean_v1/src/epistemic/contracts/edge_v2.py:59; BN_graphical/src/ai_extraction/population_extractor.py:77
neg_rank,extraction_output_field,Article_Eater_PostQuinean_v1;BN_graphical,2,2,Article_Eater_PostQuinean_v1/contracts/schemas/epistemic_status.v1.schema.json:15; BN_graphical/contracts/ae_bn_bridge.v1.schema.json:65
new_evidence,enum_value,Article_Eater_PostQuinean_v1;BN_graphical,2,2,Article_Eater_PostQuinean_v1/src/services/query_alerts.py:63; BN_graphical/src/contradiction_analysis/resolution_tracker.py:33
new_value,database_column;extraction_output_field,BN_graphical;Outcome_Contractor,2,2,BN_graphical/contracts/bn.epistemology.v1.schema.json:261; Outcome_Contractor/core/database.py:133
node_suggestions,extraction_output_field,Article_Eater_PostQuinean_v1;Article_Finder_v3_2_3,2,8,Article_Eater_PostQuinean_v1/contracts/ae_af/schemas/ae.rule.v1.schema.json:190; Article_Eater_PostQuinean_v1/contracts/ae_af/schemas/ae.rule.v2.schema.json:242; Article_Eater_PostQuinean_v1/docs/MVP_CONTRACTS.md:112; Article_Eater_PostQuinean_v1/scripts/convert_findings_to_rules.py:259
node_type,extraction_output_field,Article_Eater_PostQuinean_v1;Outcome_Contractor,2,5,Article_Eater_PostQuinean_v1/scripts/run_realtime_table_rule_intake.py:797; Article_Eater_PostQuinean_v1/scripts/run_realtime_table_rule_intake.py:850; Article_Eater_PostQuinean_v1/scripts/run_realtime_table_rule_intake.py:888; Article_Eater_PostQuinean_v1/src/epistemic/contracts/claim_v2.py:111
not_applicable,enum_value,Article_Eater_PostQuinean_v1;BN_graphical,2,2,Article_Eater_PostQuinean_v1/src/services/export_checklists.py:44; BN_graphical/src/mechanisms/enabling_conditions.py:46
not_found,enum_value;extraction_output_field,Article_Eater_PostQuinean_v1;Article_Finder_v3_2_3,2,3,Article_Eater_PostQuinean_v1/src/services/discovery_funnel.py:72; Article_Eater_PostQuinean_v1/src/services/paper_fetcher.py:47; Article_Finder_v3_2_3/ingest/abstract_fetcher.py:31
old_value,database_column;extraction_output_field,BN_graphical;Outcome_Contractor,2,2,BN_graphical/contracts/bn.epistemology.v1.schema.json:260; Outcome_Contractor/core/database.py:132
operationalizations_count,extraction_output_field,Article_Eater_PostQuinean_v1;Outcome_Contractor,2,4,Article_Eater_PostQuinean_v1/contracts/outcome_vocab/outcome_vocab.json:321; Outcome_Contractor/contracts/oc_export/VERSION_MANIFEST.json:10; Outcome_Contractor/contracts/oc_export/outcome_vocab.json:11639; Outcome_Contractor/schemas/oc.export.v1.schema.json:45
outcome_id,extraction_output_field,Article_Eater_PostQuinean_v1;Outcome_Contractor,2,20,Article_Eater_PostQuinean_v1/contracts/ae_af/schemas/ae.extended_outcome_lookup.v1.schema.json:37; Article_Eater_PostQuinean_v1/contracts/ae_af/schemas/claim_gallery.v1.schema.json:212; Article_Eater_PostQuinean_v1/contracts/ae_af/schemas/claim_gallery.v1.schema.json:44; Article_Eater_PostQuinean_v1/src/services/claim_gallery_builder.py:169
overall_confidence,database_column;extraction_output_field,Article_Eater_PostQuinean_v1;BN_graphical,2,11,Article_Eater_PostQuinean_v1/db/sql/017_theories.sql:50; BN_graphical/src/ai_extraction/extraction_pipeline.py:98; BN_graphical/src/ai_extraction/mechanism_classifier.py:145; BN_graphical/src/ai_extraction/mechanism_classifier.py:155
paper_json_sha256,extraction_output_field,Article_Eater_PostQuinean_v1;Article_Finder_v3_2_3,2,3,Article_Eater_PostQuinean_v1/contracts/ae_af/examples/output_bundle_sample/provenance.json:8; Article_Eater_PostQuinean_v1/contracts/ae_af/schemas/ae.provenance.v1.schema.json:44; Article_Finder_v3_2_3/schemas/ae.provenance.v1.schema.json:44
pdf_bytes,database_column;extraction_output_field,Article_Eater_PostQuinean_v1;Article_Finder_v3_2_3,2,6,Article_Eater_PostQuinean_v1/contracts/ae_af/examples/input_bundle_minimal/paper.json:32; Article_Eater_PostQuinean_v1/contracts/ae_af/schemas/ae.paper.v1.schema.json:157; Article_Eater_PostQuinean_v1/docs/MVP_CONTRACTS.md:72; Article_Eater_PostQuinean_v1/src/services/bibtex_ingestion.py:347
pdf_sha256,database_column;extraction_output_field,Article_Eater_PostQuinean_v1;Article_Finder_v3_2_3,2,14,Article_Eater_PostQuinean_v1/app/cli/article_eater_contract_cli.py:123; Article_Eater_PostQuinean_v1/app/cli/article_eater_contract_cli.py:97; Article_Eater_PostQuinean_v1/contracts/ae_af/examples/input_bundle_minimal/paper.json:31; Article_Eater_PostQuinean_v1/contracts/ae_af/examples/output_bundle_sample/provenance.json:7
physio.alertness,extraction_output_field,Article_Eater_PostQuinean_v1;Outcome_Contractor,2,6,Article_Eater_PostQuinean_v1/contracts/outcome_vocab/outcome_lookup.json:152; Article_Eater_PostQuinean_v1/contracts/vocab/outcome_lookup.json:152; Article_Eater_PostQuinean_v1/ruthless_bundle_2026-02-08/src/services/extraction_to_web.py:165; Article_Eater_PostQuinean_v1/src/services/extraction_to_web.py:178
physio.fatigue,extraction_output_field,Article_Eater_PostQuinean_v1;Outcome_Contractor,2,6,Article_Eater_PostQuinean_v1/contracts/outcome_vocab/outcome_lookup.json:157; Article_Eater_PostQuinean_v1/contracts/vocab/outcome_lookup.json:157; Article_Eater_PostQuinean_v1/ruthless_bundle_2026-02-08/src/services/extraction_to_web.py:166; Article_Eater_PostQuinean_v1/src/services/extraction_to_web.py:179
population_context,extraction_output_field,Article_Eater_PostQuinean_v1;BN_graphical,2,4,Article_Eater_PostQuinean_v1/schemas/seven_panel.schema.json:19; BN_graphical/contracts/bn.api.v2.schema.json:378; BN_graphical/contracts/bn.epistemology.v1.schema.json:188; BN_graphical/contracts/bn.epistemology.v1.schema.json:67
practical_implications,extraction_output_field,Article_Eater_PostQuinean_v1;Outcome_Contractor,2,4,Article_Eater_PostQuinean_v1/contracts/ae_af/schemas/ae.query_response.v1.schema.json:176; Article_Eater_PostQuinean_v1/docs/MVP_CONTRACTS.md:207; Outcome_Contractor/article_finder/type_specific_extractor.py:619; Outcome_Contractor/article_finder/type_specific_extractor.py:664
prediction_id,database_column;extraction_output_field,Article_Eater_PostQuinean_v1;BN_graphical,2,7,Article_Eater_PostQuinean_v1/db/sql/017_theories.sql:128; Article_Eater_PostQuinean_v1/db/sql/017_theories.sql:200; Article_Eater_PostQuinean_v1/db/sql/017_theories.sql:254; Article_Eater_PostQuinean_v1/db/sql/017_theories.sql:301
prima_facie_warranted,extraction_output_field,Article_Eater_PostQuinean_v1;BN_graphical,2,2,Article_Eater_PostQuinean_v1/contracts/schemas/epistemic_status.v1.schema.json:62; BN_graphical/contracts/ae_bn_bridge.v1.schema.json:88
priority_score,database_column;extraction_output_field,Article_Eater_PostQuinean_v1;Article_Finder_v3_2_3,2,3,Article_Eater_PostQuinean_v1/scripts/build_abstract_reduced_tables.py:578; Article_Eater_PostQuinean_v1/scripts/build_table_extraction_queue.py:356; Article_Finder_v3_2_3/core/database.py:174
processing_time_ms,extraction_output_field,Article_Eater_PostQuinean_v1;BN_graphical,2,3,Article_Eater_PostQuinean_v1/contracts/ae_af/schemas/ae.query_response.v1.schema.json:85; Article_Eater_PostQuinean_v1/docs/MVP_CONTRACTS.md:234; BN_graphical/src/ai_extraction/extraction_pipeline.py:102
proposition_id,extraction_output_field,Article_Eater_PostQuinean_v1;BN_graphical,2,2,Article_Eater_PostQuinean_v1/contracts/schemas/propositional_content.v1.schema.json:9; BN_graphical/contracts/ae_bn_bridge.v1.schema.json:106
provenance_json,extraction_output_field,Article_Eater_PostQuinean_v1;Article_Finder_v3_2_3,2,4,Article_Eater_PostQuinean_v1/app/cli/article_eater_contract_cli.py:112; Article_Eater_PostQuinean_v1/contracts/ae_af/examples/output_bundle_sample/result.json:19; Article_Eater_PostQuinean_v1/contracts/ae_af/schemas/ae.result.v1.schema.json:108; Article_Finder_v3_2_3/schemas/ae.result.v1.schema.json:108
publication_bias,enum_value;extraction_output_field,Article_Eater_PostQuinean_v1;Outcome_Contractor,2,5,Article_Eater_PostQuinean_v1/src/epistemic/entrenchment/synthesis_rules.py:163; Article_Eater_PostQuinean_v1/tests/test_sprint6c_ingestion.py:258; Outcome_Contractor/article_finder/seven_panel_extractor.py:1471; Outcome_Contractor/article_finder/type_specific_extractor.py:537
publication_year,database_column;extraction_output_field,Article_Eater_PostQuinean_v1;BN_graphical,2,2,Article_Eater_PostQuinean_v1/migrations/005_add_entrenchment_tracker.sql:9; BN_graphical/src/ai_extraction/field_thresholds.py:174
quality_assessment,enum_value;extraction_output_field,Article_Eater_PostQuinean_v1;Outcome_Contractor,2,2,Article_Eater_PostQuinean_v1/src/services/table_extractor.py:39; Outcome_Contractor/article_finder/type_specific_extractor.py:542
raw_text,database_column;extraction_output_field,Article_Finder_v3_2_3;Outcome_Contractor,2,3,Article_Finder_v3_2_3/ingest/citation_parser.py:50; Outcome_Contractor/core/database.py:107; Outcome_Contractor/core/database.py:75
replication_failure,enum_value;extraction_output_field,BN_graphical;Outcome_Contractor,2,4,BN_graphical/src/schemas/enhanced_edge.py:39; BN_graphical/src/schemas/enhanced_edge.py:97; Outcome_Contractor/core/argument_taxonomy.py:266; Outcome_Contractor/core/argument_taxonomy.py:80
replication_status,bn_node_definition;database_column;extraction_output_field,Article_Eater_PostQuinean_v1;BN_graphical,2,3,Article_Eater_PostQuinean_v1/db/sql/017_theories.sql:61; Article_Eater_PostQuinean_v1/src/epistemic/bn_nodes.py:227; BN_graphical/src/schemas/mechanism_specification.py:143
reviewed_at,database_column,Article_Finder_v3_2_3;Outcome_Contractor,2,2,Article_Finder_v3_2_3/core/database.py:305; Outcome_Contractor/core/database.py:117
rule_id,database_column;extraction_output_field,Article_Eater_PostQuinean_v1;Article_Finder_v3_2_3,2,30,Article_Eater_PostQuinean_v1/contracts/ae_af/schemas/ae.rule.v1.schema.json:26; Article_Eater_PostQuinean_v1/contracts/ae_af/schemas/ae.rule.v2.schema.json:27; Article_Eater_PostQuinean_v1/db/sql/011_rule_frontier.sql:3; Article_Eater_PostQuinean_v1/db/sql/015_complete_schema.sql:108
rule_type,database_column;extraction_output_field,Article_Eater_PostQuinean_v1;Article_Finder_v3_2_3,2,19,Article_Eater_PostQuinean_v1/archive/docs/handoffs/_ontology_rule_system_summary_a bit ago.md:79; Article_Eater_PostQuinean_v1/contracts/ae_af/schemas/ae.rule.v1.schema.json:32; Article_Eater_PostQuinean_v1/contracts/ae_af/schemas/ae.rule.v2.schema.json:33; Article_Eater_PostQuinean_v1/docs/MVP_CONTRACTS.md:100
rules_jsonl,extraction_output_field,Article_Eater_PostQuinean_v1;Article_Finder_v3_2_3,2,4,Article_Eater_PostQuinean_v1/app/cli/article_eater_contract_cli.py:111; Article_Eater_PostQuinean_v1/contracts/ae_af/examples/output_bundle_sample/result.json:18; Article_Eater_PostQuinean_v1/contracts/ae_af/schemas/ae.result.v1.schema.json:105; Article_Finder_v3_2_3/schemas/ae.result.v1.schema.json:105
schema_id,extraction_output_field,Article_Eater_PostQuinean_v1;Article_Finder_v3_2_3,2,21,Article_Eater_PostQuinean_v1/contracts/ae_af/schemas/ae.audit_event.v1.schema.json:4; Article_Eater_PostQuinean_v1/contracts/ae_af/schemas/ae.claim.v1.schema.json:4; Article_Eater_PostQuinean_v1/contracts/ae_af/schemas/ae.claim.v2.schema.json:4; Article_Eater_PostQuinean_v1/contracts/ae_af/schemas/ae.gap_report.v1.schema.json:4
scope_restriction,enum_value,Article_Eater_PostQuinean_v1;BN_graphical,2,2,Article_Eater_PostQuinean_v1/src/theories/learning_agent.py:28; BN_graphical/src/coherence/belief_conflict_handler.py:98
semantic_scholar,enum_value,Article_Eater_PostQuinean_v1;Outcome_Contractor,2,2,Article_Eater_PostQuinean_v1/src/services/paper_fetcher.py:39; Outcome_Contractor/contracts/article_finder_contracts.py:30
setting_item,extraction_output_field,Article_Eater_PostQuinean_v1;Article_Finder_v3_2_3,2,3,Article_Eater_PostQuinean_v1/contracts/ae_af/schemas/ae.claim.v1.schema.json:259; Article_Eater_PostQuinean_v1/contracts/ae_af/schemas/ae.claim.v2.schema.json:323; Article_Finder_v3_2_3/schemas/ae.claim.v1.schema.json:259
social.collaboration,extraction_output_field,Article_Eater_PostQuinean_v1;Outcome_Contractor,2,4,Article_Eater_PostQuinean_v1/contracts/outcome_vocab/outcome_lookup.json:167; Article_Eater_PostQuinean_v1/contracts/vocab/outcome_lookup.json:167; Outcome_Contractor/contracts/oc_export/ae_outcome_lookup.json:5682; Outcome_Contractor/contracts/oc_export/constitutive_bridges.json:23498
social.interaction,extraction_output_field,Article_Eater_PostQuinean_v1;Outcome_Contractor,2,4,Article_Eater_PostQuinean_v1/contracts/outcome_vocab/outcome_lookup.json:172; Article_Eater_PostQuinean_v1/contracts/vocab/outcome_lookup.json:172; Outcome_Contractor/contracts/oc_export/ae_outcome_lookup.json:5912; Outcome_Contractor/contracts/oc_export/constitutive_bridges.json:23879
social.privacy,extraction_output_field,Article_Eater_PostQuinean_v1;Outcome_Contractor,2,4,Article_Eater_PostQuinean_v1/contracts/vocab/environment_lookup.json:1424; Article_Eater_PostQuinean_v1/contracts/vocab/environment_lookup.json:4207; Outcome_Contractor/contracts/oc_export/ae_outcome_lookup.json:6147; Outcome_Contractor/contracts/oc_export/constitutive_bridges.json:24286
source_file,extraction_output_field,Article_Eater_PostQuinean_v1;Outcome_Contractor,2,9,Article_Eater_PostQuinean_v1/src/services/table_extractor.py:82; Outcome_Contractor/article_finder/corpus/bn_extracted_data.json:102; Outcome_Contractor/article_finder/corpus/bn_extracted_data.json:119; Outcome_Contractor/article_finder/corpus/bn_extracted_data.json:136
source_id,extraction_output_field,Article_Eater_PostQuinean_v1;BN_graphical,2,2,Article_Eater_PostQuinean_v1/contracts/ae_af/schemas/ae.web_state.v1.schema.json:149; BN_graphical/contracts/bn.prediction.v1.schema.json:46
source_reference,extraction_output_field,Article_Eater_PostQuinean_v1;Tagging_Contractor,2,2,Article_Eater_PostQuinean_v1/contracts/schemas/experiential_claim.v1.schema.json:148; Tagging_Contractor/contracts/localized_image_tags.schema.json:47
started_at,database_column;extraction_output_field,Article_Eater_PostQuinean_v1;BN_graphical,2,5,Article_Eater_PostQuinean_v1/db/sql/015_complete_schema.sql:15; Article_Eater_PostQuinean_v1/db/sql/015_core_tables.sql:14; Article_Eater_PostQuinean_v1/db/sql/018_paper_lifecycle.sql:38; Article_Eater_PostQuinean_v1/init_database.py:130
study_design,database_column;extraction_output_field,Article_Eater_PostQuinean_v1;BN_graphical,2,5,Article_Eater_PostQuinean_v1/db/sql/015_complete_schema.sql:68; Article_Eater_PostQuinean_v1/src/epistemic/contracts/claim_v2.py:122; Article_Eater_PostQuinean_v1/src/epistemic/extraction/source_quality_metadata.py:185; Article_Eater_PostQuinean_v1/src/services/pdf_extraction.py:118
study_id,extraction_output_field,Article_Eater_PostQuinean_v1;Outcome_Contractor,2,2,Article_Eater_PostQuinean_v1/contracts/ae_af/schemas/claim_gallery.v1.schema.json:246; Outcome_Contractor/article_finder/exemplary_extraction_tables.md:2168
study_type,extraction_output_field,Article_Eater_PostQuinean_v1;Outcome_Contractor,2,5,Article_Eater_PostQuinean_v1/contracts/schemas/provenance.v1.schema.json:121; Article_Eater_PostQuinean_v1/src/services/table_extractor.py:178; Article_Eater_PostQuinean_v1/src/services/table_to_claims.py:214; Article_Eater_PostQuinean_v1/tests/test_table_extractor.py:272
supporting_beliefs,extraction_output_field,Article_Eater_PostQuinean_v1;BN_graphical,2,2,Article_Eater_PostQuinean_v1/contracts/schemas/integration.edge_justification.v1.schema.json:149; BN_graphical/contracts/ae_bn_bridge.v1.schema.json:174
synthesis_type,extraction_output_field,Article_Eater_PostQuinean_v1;Outcome_Contractor,2,2,Article_Eater_PostQuinean_v1/src/epistemic/extraction/synthesis_ingester.py:338; Outcome_Contractor/article_finder/exemplary_extraction_tables.md:2570
systematic_review,enum_value,Article_Eater_PostQuinean_v1;Outcome_Contractor,2,7,Article_Eater_PostQuinean_v1/src/epistemic/extraction/paper_classifier.py:38; Article_Eater_PostQuinean_v1/src/epistemic/extraction/synthesis_ingester.py:38; Article_Eater_PostQuinean_v1/src/services/export_bundles.py:60; Article_Eater_PostQuinean_v1/src/services/export_engine.py:45
table_type,database_column;extraction_output_field,Article_Eater_PostQuinean_v1;Article_Finder_v3_2_3,2,2,Article_Eater_PostQuinean_v1/src/services/table_extractor.py:75; Article_Finder_v3_2_3/core/database.py:286
target_type,database_column,Outcome_Contractor;Tagging_Contractor,2,5,Outcome_Contractor/core/database.py:130; Tagging_Contractor/Archive 2/backend/app/db/database.py:175; Tagging_Contractor/Archive 2/backend/app/db/schema.sql:69; Tagging_Contractor/backend/app/db/database.py:175
task_item,extraction_output_field,Article_Eater_PostQuinean_v1;Article_Finder_v3_2_3,2,3,Article_Eater_PostQuinean_v1/contracts/ae_af/schemas/ae.claim.v1.schema.json:243; Article_Eater_PostQuinean_v1/contracts/ae_af/schemas/ae.claim.v2.schema.json:298; Article_Finder_v3_2_3/schemas/ae.claim.v1.schema.json:243
term_id,database_column;extraction_output_field,Article_Eater_PostQuinean_v1;Outcome_Contractor,2,867,Article_Eater_PostQuinean_v1/contracts/outcome_vocab/outcome_vocab.json:105; Article_Eater_PostQuinean_v1/contracts/outcome_vocab/outcome_vocab.json:119; Article_Eater_PostQuinean_v1/contracts/outcome_vocab/outcome_vocab.json:129; Article_Eater_PostQuinean_v1/contracts/outcome_vocab/outcome_vocab.json:143
terms_count,extraction_output_field,Article_Eater_PostQuinean_v1;Outcome_Contractor,2,8,Article_Eater_PostQuinean_v1/contracts/ae_af/schemas/ae.extended_outcome_lookup.v1.schema.json:115; Article_Eater_PostQuinean_v1/contracts/outcome_vocab/outcome_lookup.json:188; Article_Eater_PostQuinean_v1/contracts/outcome_vocab/outcome_vocab.json:319; Article_Eater_PostQuinean_v1/contracts/vocab/outcome_lookup.json:188
testable_predictions,database_column;extraction_output_field,BN_graphical;Outcome_Contractor,2,7,BN_graphical/migrations/005_sprint1_schemas.sql:209; BN_graphical/src/ai_extraction/mechanism_classifier.py:142; BN_graphical/src/ai_extraction/mechanism_classifier.py:178; BN_graphical/src/ai_extraction/mechanism_classifier.py:205
theoretical_frameworks,database_column;extraction_output_field,BN_graphical;Outcome_Contractor,2,7,BN_graphical/migrations/005_sprint1_schemas.sql:194; BN_graphical/src/ai_extraction/mechanism_classifier.py:133; BN_graphical/src/ai_extraction/mechanism_classifier.py:169; BN_graphical/src/ai_extraction/mechanism_classifier.py:196
theory_name,extraction_output_field,Article_Eater_PostQuinean_v1;Outcome_Contractor,2,2,Article_Eater_PostQuinean_v1/contracts/ae_af/schemas/ae.query_response.v1.schema.json:213; Outcome_Contractor/article_finder/type_specific_extractor.py:648
theory_support,enum_value;extraction_output_field,Article_Eater_PostQuinean_v1;Outcome_Contractor,2,2,Article_Eater_PostQuinean_v1/src/services/cross_layer_query.py:29; Outcome_Contractor/article_finder/seven_panel_extractor.py:1450
thought_piece,enum_value;extraction_output_field,Article_Eater_PostQuinean_v1;Outcome_Contractor,2,4,Article_Eater_PostQuinean_v1/scripts/run_realtime_table_rule_intake.py:157; Article_Eater_PostQuinean_v1/src/epistemic/extraction/paper_classifier.py:53; Outcome_Contractor/article_finder/article_type_classifier.py:41; Outcome_Contractor/contracts/article_extraction_contracts.py:50
threats_to_validity,extraction_output_field,Article_Eater_PostQuinean_v1;Outcome_Contractor,2,2,Article_Eater_PostQuinean_v1/schemas/panel_limits.schema.json:26; Outcome_Contractor/article_finder/type_specific_extractor.py:132
time_period,extraction_output_field,Article_Eater_PostQuinean_v1;Outcome_Contractor,2,3,Article_Eater_PostQuinean_v1/contracts/schemas/experiential_claim.v1.schema.json:65; Outcome_Contractor/article_finder/type_specific_extractor.py:398; Outcome_Contractor/article_finder/type_specific_extractor.py:606
topic_decision,database_column;extraction_output_field,Article_Eater_PostQuinean_v1;Article_Finder_v3_2_3,2,2,Article_Eater_PostQuinean_v1/scripts/build_table_extraction_queue.py:352; Article_Finder_v3_2_3/core/database.py:71
total_claims,extraction_output_field,Article_Eater_PostQuinean_v1;BN_graphical,2,3,Article_Eater_PostQuinean_v1/src/epistemic/extraction/rule_to_claim_mapper.py:298; BN_graphical/src/bn_integration/claim_mapper.py:263; BN_graphical/src/schemas/enhanced_edge.py:710
total_edges,extraction_output_field,Article_Eater_PostQuinean_v1;Article_Finder_v3_2_3,2,3,Article_Eater_PostQuinean_v1/src/epistemic/extraction/rule_to_claim_mapper.py:299; Article_Eater_PostQuinean_v1/src/epistemic/extraction/theoretical_extractor.py:317; Article_Finder_v3_2_3/knowledge/claim_graph.py:579
total_n,extraction_output_field,BN_graphical;Outcome_Contractor,2,4,BN_graphical/src/schemas/enhanced_edge.py:570; BN_graphical/src/schemas/enhanced_edge.py:711; BN_graphical/src/schemas/population_qualifier.py:490; Outcome_Contractor/article_finder/type_specific_extractor.py:520
total_nodes,extraction_output_field,Article_Eater_PostQuinean_v1;Article_Finder_v3_2_3,2,3,Article_Eater_PostQuinean_v1/src/epistemic/extraction/synthesis_ingester.py:344; Article_Eater_PostQuinean_v1/src/epistemic/extraction/theoretical_extractor.py:316; Article_Finder_v3_2_3/knowledge/claim_graph.py:575
total_papers,extraction_output_field,Article_Finder_v3_2_3;BN_graphical,2,4,Article_Finder_v3_2_3/ingest/pdf_downloader.py:227; Article_Finder_v3_2_3/ingest/zotero_bridge.py:726; Article_Finder_v3_2_3/ingest/zotero_connector.py:393; BN_graphical/src/ai_extraction/extraction_pipeline.py:160
triage_decision,database_column;extraction_output_field,Article_Eater_PostQuinean_v1;Article_Finder_v3_2_3,2,4,Article_Eater_PostQuinean_v1/db/sql/015_complete_schema.sql:193; Article_Eater_PostQuinean_v1/scripts/build_table_extraction_queue.py:353; Article_Finder_v3_2_3/core/database.py:53; Article_Finder_v3_2_3/ingest/import_from_zotero.py:100
user_agent,database_column,Article_Eater_PostQuinean_v1;Tagging_Contractor,2,5,Article_Eater_PostQuinean_v1/db/sql/014_security.sql:33; Tagging_Contractor/Archive 2/backend/app/db/database.py:179; Tagging_Contractor/Archive 2/backend/app/db/schema.sql:73; Tagging_Contractor/backend/app/db/database.py:179
user_id,database_column;extraction_output_field,Article_Eater_PostQuinean_v1;Tagging_Contractor,2,8,Article_Eater_PostQuinean_v1/contracts/ae_af/schemas/ae.query_request.v1.schema.json:131; Article_Eater_PostQuinean_v1/db/sql/014_security.sql:27; Article_Eater_PostQuinean_v1/db/sql/014_security.sql:8; Article_Eater_PostQuinean_v1/schemas/api_usage.schema.json:19
var_state,extraction_output_field,Article_Eater_PostQuinean_v1;Article_Finder_v3_2_3,2,3,Article_Eater_PostQuinean_v1/contracts/ae_af/schemas/ae.rule.v1.schema.json:95; Article_Eater_PostQuinean_v1/contracts/ae_af/schemas/ae.rule.v2.schema.json:147; Article_Finder_v3_2_3/schemas/ae.rule.v1.schema.json:95
warrant_status,extraction_output_field,Article_Eater_PostQuinean_v1;BN_graphical,2,3,Article_Eater_PostQuinean_v1/contracts/schemas/epistemic_status.v1.schema.json:32; BN_graphical/contracts/ae_bn_bridge.v1.schema.json:188; BN_graphical/contracts/ae_bn_bridge.v1.schema.json:79
weird_score,database_column;extraction_output_field,BN_graphical;Outcome_Contractor,2,8,BN_graphical/migrations/005_sprint1_schemas.sql:46; BN_graphical/src/ai_extraction/field_thresholds.py:132; BN_graphical/src/ai_extraction/population_extractor.py:129; BN_graphical/src/ai_extraction/population_extractor.py:149
A1_DEFINITION,extraction_output_field,Outcome_Contractor,1,1,Outcome_Contractor/article_finder/exemplary_extraction_tables.md:629
A2_CONSTITUENTS,extraction_output_field,Outcome_Contractor,1,1,Outcome_Contractor/article_finder/exemplary_extraction_tables.md:634
AATLookup,extraction_output_field,BN_graphical,1,3,BN_graphical/backups/broken_venvs/bn_venv_20260213_092600/lib/python3.12/site-packages/fontTools/ttLib/tables/otConverters.py:2062; BN_graphical/bn_venv_py311/lib/python3.11/site-packages/fontTools/ttLib/tables/otConverters.py:2062; BN_graphical/test_venv_310/lib/python3.10/site-packages/fontTools/ttLib/tables/otConverters.py:2062
AATLookupWithDataOffset,extraction_output_field,BN_graphical,1,3,BN_graphical/backups/broken_venvs/bn_venv_20260213_092600/lib/python3.12/site-packages/fontTools/ttLib/tables/otConverters.py:2063; BN_graphical/bn_venv_py311/lib/python3.11/site-packages/fontTools/ttLib/tables/otConverters.py:2063; BN_graphical/test_venv_310/lib/python3.10/site-packages/fontTools/ttLib/tables/otConverters.py:2063
ACCEPTED,enum_value,Article_Eater_PostQuinean_v1,1,1,Article_Eater_PostQuinean_v1/app/routes/api_unified.py:84
AEStateRegistry,extraction_output_field,BN_graphical,1,1,BN_graphical/contracts/bn.api.v2.schema.json:328
AFFORDANCE,extraction_output_field,BN_graphical,1,1,BN_graphical/src/schemas/mechanism_specification.py:66
AROUSAL,extraction_output_field,BN_graphical,1,1,BN_graphical/src/schemas/mechanism_specification.py:68
AV_ALT,extraction_output_field,Outcome_Contractor,1,1,Outcome_Contractor/article_finder/exemplary_extraction_tables.md:610
AV_CONF,extraction_output_field,Outcome_Contractor,1,1,Outcome_Contractor/article_finder/exemplary_extraction_tables.md:608
AV_MEAS,extraction_output_field,Outcome_Contractor,1,1,Outcome_Contractor/article_finder/exemplary_extraction_tables.md:611
AV_MECH,extraction_output_field,Outcome_Contractor,1,1,Outcome_Contractor/article_finder/exemplary_extraction_tables.md:613
AV_PUB,extraction_output_field,Outcome_Contractor,1,1,Outcome_Contractor/article_finder/exemplary_extraction_tables.md:614
AV_REP,extraction_output_field,Outcome_Contractor,1,1,Outcome_Contractor/article_finder/exemplary_extraction_tables.md:615
AV_SCOPE,extraction_output_field,Outcome_Contractor,1,1,Outcome_Contractor/article_finder/exemplary_extraction_tables.md:612
AV_WARRANT,extraction_output_field,Outcome_Contractor,1,1,Outcome_Contractor/article_finder/exemplary_extraction_tables.md:609
AggregatedAttribute,extraction_output_field,BN_graphical,1,1,BN_graphical/contracts/bn.api.v2.schema.json:227
AggregatedPopulation,extraction_output_field,BN_graphical,1,1,BN_graphical/src/schemas/population_qualifier.py:503
AlternateSet,extraction_output_field,BN_graphical,1,6,BN_graphical/backups/broken_venvs/bn_venv_20260213_092600/lib/python3.12/site-packages/fontTools/ttLib/tables/otTables.py:1481; BN_graphical/backups/broken_venvs/bn_venv_20260213_092600/lib/python3.12/site-packages/fontTools/ttLib/tables/otTables.py:2327; BN_graphical/bn_venv_py311/lib/python3.11/site-packages/fontTools/ttLib/tables/otTables.py:1481; BN_graphical/bn_venv_py311/lib/python3.11/site-packages/fontTools/ttLib/tables/otTables.py:2327
AttributeProvenance,extraction_output_field,Tagging_Contractor,1,1,Tagging_Contractor/contracts/localized_image_tags.schema.json:40
AttributeValue,extraction_output_field,Tagging_Contractor,1,1,Tagging_Contractor/contracts/localized_image_tags.schema.json:31
AxisTag,extraction_output_field,BN_graphical,1,3,BN_graphical/backups/broken_venvs/bn_venv_20260213_092600/lib/python3.12/site-packages/fontTools/ttLib/tables/_f_v_a_r.py:169; BN_graphical/bn_venv_py311/lib/python3.11/site-packages/fontTools/ttLib/tables/_f_v_a_r.py:169; BN_graphical/test_venv_310/lib/python3.10/site-packages/fontTools/ttLib/tables/_f_v_a_r.py:169
B1_EXISTENCE,extraction_output_field,Outcome_Contractor,1,1,Outcome_Contractor/article_finder/exemplary_extraction_tables.md:641
B2_DIRECTION,extraction_output_field,Outcome_Contractor,1,1,Outcome_Contractor/article_finder/exemplary_extraction_tables.md:647
B3_STRENGTH,extraction_output_field,Outcome_Contractor,1,1,Outcome_Contractor/article_finder/exemplary_extraction_tables.md:652
B4_MECHANISM,extraction_output_field,Outcome_Contractor,1,1,Outcome_Contractor/article_finder/exemplary_extraction_tables.md:657
BEHAVIORAL,enum_value,Article_Eater_PostQuinean_v1,1,1,Article_Eater_PostQuinean_v1/src/models/provenance.py:68
BINARY,enum_value,BN_graphical,1,1,BN_graphical/bn_venv/lib/python3.14/site-packages/sqlalchemy/dialects/oracle/vector.py:85
BIOPHILIA,extraction_output_field,BN_graphical,1,1,BN_graphical/src/schemas/mechanism_specification.py:64
BOTH,enum_value,Article_Eater_PostQuinean_v1,1,2,Article_Eater_PostQuinean_v1/src/models/epistemic_status.py:46; Article_Eater_PostQuinean_v1/src/services/warrant_service.py:59
BaseCoord,extraction_output_field,BN_graphical,1,3,BN_graphical/backups/broken_venvs/bn_venv_20260213_092600/lib/python3.12/site-packages/fontTools/ttLib/tables/otTables.py:2190; BN_graphical/bn_venv_py311/lib/python3.11/site-packages/fontTools/ttLib/tables/otTables.py:2190; BN_graphical/test_venv_310/lib/python3.10/site-packages/fontTools/ttLib/tables/otTables.py:2190
BatchCoherenceRequest,extraction_output_field,BN_graphical,1,1,BN_graphical/contracts/bn.api.v2.schema.json:543
BatchCoherenceResponse,extraction_output_field,BN_graphical,1,1,BN_graphical/contracts/bn.api.v2.schema.json:565
BatchPredictionOutput,extraction_output_field,BN_graphical,1,1,BN_graphical/statistical_engine/schemas.py:203
BeliefPayload,extraction_output_field,BN_graphical,1,1,BN_graphical/contracts/ae_bn_bridge.v1.schema.json:101
BeliefProvenance,extraction_output_field,Article_Eater_PostQuinean_v1,1,4,Article_Eater_PostQuinean_v1/contracts/schemas/social_epistemology.schema.json:187; Article_Eater_PostQuinean_v1/contracts/schemas/social_epistemology.v1.schema.json:197; Article_Eater_PostQuinean_v1/ruthless_bundle_2026-02-08/contracts/schemas/social_epistemology.schema.json:187; Article_Eater_PostQuinean_v1/ruthless_bundle_2026-02-08/contracts/schemas/social_epistemology.v1.schema.json:197
BeliefState,extraction_output_field,BN_graphical,1,1,BN_graphical/contracts/bn.epistemology.v1.schema.json:28
BeliefSummary,extraction_output_field,Article_Eater_PostQuinean_v1,1,1,Article_Eater_PostQuinean_v1/contracts/schemas/integration.edge_justification.v1.schema.json:9
BiasedAngle,extraction_output_field,BN_graphical,1,3,BN_graphical/backups/broken_venvs/bn_venv_20260213_092600/lib/python3.12/site-packages/fontTools/ttLib/tables/otConverters.py:2039; BN_graphical/bn_venv_py311/lib/python3.11/site-packages/fontTools/ttLib/tables/otConverters.py:2039; BN_graphical/test_venv_310/lib/python3.10/site-packages/fontTools/ttLib/tables/otConverters.py:2039
BigNum,extraction_output_field,BN_graphical,1,4,BN_graphical/backups/broken_venvs/bn_venv_20260213_092600/lib/python3.12/site-packages/pandas/tests/io/pytables/test_append.py:967; BN_graphical/bn_venv/lib/python3.14/site-packages/pandas/tests/io/pytables/test_append.py:944; BN_graphical/bn_venv_py311/lib/python3.11/site-packages/pandas/tests/io/pytables/test_append.py:967; BN_graphical/test_venv_310/lib/python3.10/site-packages/pandas/tests/io/pytables/test_append.py:967
BoundingBox,extraction_output_field,Tagging_Contractor,1,1,Tagging_Contractor/contracts/localized_image_tags.schema.json:51
BridgeRequest,extraction_output_field,BN_graphical,1,1,BN_graphical/contracts/ae_bn_bridge.v1.schema.json:208
BridgeResponse,extraction_output_field,BN_graphical,1,1,BN_graphical/contracts/ae_bn_bridge.v1.schema.json:230
C1_EVIDENCE_FOR,extraction_output_field,Outcome_Contractor,1,1,Outcome_Contractor/article_finder/exemplary_extraction_tables.md:664
C6_CONFOUNDS,extraction_output_field,Outcome_Contractor,1,1,Outcome_Contractor/article_finder/exemplary_extraction_tables.md:669
CC-BY,enum_value,Article_Eater_PostQuinean_v1,1,1,Article_Eater_PostQuinean_v1/src/services/image_pool_manager.py:225
CC-BY-NC,enum_value,Article_Eater_PostQuinean_v1,1,1,Article_Eater_PostQuinean_v1/src/services/image_pool_manager.py:227
CC-BY-SA,enum_value,Article_Eater_PostQuinean_v1,1,1,Article_Eater_PostQuinean_v1/src/services/image_pool_manager.py:226
CC0,enum_value,Article_Eater_PostQuinean_v1,1,1,Article_Eater_PostQuinean_v1/src/services/image_pool_manager.py:224
CFI,extraction_output_field,BN_graphical,1,1,BN_graphical/docs/research/ARTICLE_TYPE_ARGUMENT_TABLES.md:1089
CID,extraction_output_field,BN_graphical,1,6,BN_graphical/backups/broken_venvs/bn_venv_20260213_092600/lib/python3.12/site-packages/fontTools/ttLib/tables/otConverters.py:1594; BN_graphical/backups/broken_venvs/bn_venv_20260213_092600/lib/python3.12/site-packages/fontTools/ttLib/tables/otConverters.py:1641; BN_graphical/bn_venv_py311/lib/python3.11/site-packages/fontTools/ttLib/tables/otConverters.py:1594; BN_graphical/bn_venv_py311/lib/python3.11/site-packages/fontTools/ttLib/tables/otConverters.py:1641
CIDGlyphMap,extraction_output_field,BN_graphical,1,3,BN_graphical/backups/broken_venvs/bn_venv_20260213_092600/lib/python3.12/site-packages/fontTools/ttLib/tables/otConverters.py:2055; BN_graphical/bn_venv_py311/lib/python3.11/site-packages/fontTools/ttLib/tables/otConverters.py:2055; BN_graphical/test_venv_310/lib/python3.10/site-packages/fontTools/ttLib/tables/otConverters.py:2055
COGNITIVE_LOAD,extraction_output_field,BN_graphical,1,1,BN_graphical/src/schemas/mechanism_specification.py:69
COHERENT_ONLY,enum_value,Article_Eater_PostQuinean_v1,1,2,Article_Eater_PostQuinean_v1/src/models/provenance.py:61; Article_Eater_PostQuinean_v1/src/services/grounding_service.py:62
COMPAT,extraction_output_field,BN_graphical,1,3,BN_graphical/backups/broken_venvs/bn_venv_20260213_092600/lib/python3.12/site-packages/setuptools/command/editable_wheel.py:73; BN_graphical/bn_venv_py311/lib/python3.11/site-packages/setuptools/command/editable_wheel.py:74; BN_graphical/test_venv_310/lib/python3.10/site-packages/setuptools/command/editable_wheel.py:73
CONTESTED,enum_value,Article_Eater_PostQuinean_v1,1,1,Article_Eater_PostQuinean_v1/app/routes/api_unified.py:86
COSINE,enum_value,BN_graphical,1,1,BN_graphical/bn_venv/lib/python3.14/site-packages/sqlalchemy/dialects/oracle/vector.py:60
CQ1,extraction_output_field,BN_graphical,1,1,BN_graphical/docs/research/ARTICLE_TYPE_ARGUMENT_TABLES.md:333
CQ2,extraction_output_field,BN_graphical,1,1,BN_graphical/docs/research/ARTICLE_TYPE_ARGUMENT_TABLES.md:333
CQ3,extraction_output_field,BN_graphical,1,1,BN_graphical/docs/research/ARTICLE_TYPE_ARGUMENT_TABLES.md:333
CausalEffect,extraction_output_field,BN_graphical,1,1,BN_graphical/contracts/bn.api.v2.schema.json:73
CausalPower,extraction_output_field,BN_graphical,1,1,BN_graphical/src/mechanisms/mechanism_schema.py:119
ClaimV2,extraction_output_field,Article_Eater_PostQuinean_v1,1,2,Article_Eater_PostQuinean_v1/src/epistemic/contracts/claim_v2.py:150; Article_Eater_PostQuinean_v1/src/epistemic/contracts/claim_v2.py:193
ClassDef,extraction_output_field,BN_graphical,1,3,BN_graphical/backups/broken_venvs/bn_venv_20260213_092600/lib/python3.12/site-packages/fontTools/ttLib/tables/otTables.py:2159; BN_graphical/bn_venv_py311/lib/python3.11/site-packages/fontTools/ttLib/tables/otTables.py:2159; BN_graphical/test_venv_310/lib/python3.10/site-packages/fontTools/ttLib/tables/otTables.py:2159
ClassRangeRecord,extraction_output_field,BN_graphical,1,6,BN_graphical/backups/broken_venvs/bn_venv_20260213_092600/lib/python3.12/site-packages/fontTools/ttLib/tables/otTables.py:1398; BN_graphical/backups/broken_venvs/bn_venv_20260213_092600/lib/python3.12/site-packages/fontTools/ttLib/tables/otTables.py:1413; BN_graphical/bn_venv_py311/lib/python3.11/site-packages/fontTools/ttLib/tables/otTables.py:1398; BN_graphical/bn_venv_py311/lib/python3.11/site-packages/fontTools/ttLib/tables/otTables.py:1413
ClassValueArray,extraction_output_field,BN_graphical,1,3,BN_graphical/backups/broken_venvs/bn_venv_20260213_092600/lib/python3.12/site-packages/fontTools/ttLib/tables/otTables.py:1422; BN_graphical/bn_venv_py311/lib/python3.11/site-packages/fontTools/ttLib/tables/otTables.py:1422; BN_graphical/test_venv_310/lib/python3.10/site-packages/fontTools/ttLib/tables/otTables.py:1422
ClipBox,extraction_output_field,BN_graphical,1,3,BN_graphical/backups/broken_venvs/bn_venv_20260213_092600/lib/python3.12/site-packages/fontTools/ttLib/tables/otTables.py:1906; BN_graphical/bn_venv_py311/lib/python3.11/site-packages/fontTools/ttLib/tables/otTables.py:1906; BN_graphical/test_venv_310/lib/python3.10/site-packages/fontTools/ttLib/tables/otTables.py:1906
ClipCount,extraction_output_field,BN_graphical,1,3,BN_graphical/backups/broken_venvs/bn_venv_20260213_092600/lib/python3.12/site-packages/fontTools/ttLib/tables/otTables.py:1861; BN_graphical/bn_venv_py311/lib/python3.11/site-packages/fontTools/ttLib/tables/otTables.py:1861; BN_graphical/test_venv_310/lib/python3.10/site-packages/fontTools/ttLib/tables/otTables.py:1861
ClipRecord,extraction_output_field,BN_graphical,1,3,BN_graphical/backups/broken_venvs/bn_venv_20260213_092600/lib/python3.12/site-packages/fontTools/ttLib/tables/otTables.py:1862; BN_graphical/bn_venv_py311/lib/python3.11/site-packages/fontTools/ttLib/tables/otTables.py:1862; BN_graphical/test_venv_310/lib/python3.10/site-packages/fontTools/ttLib/tables/otTables.py:1862
CoherenceRequest,extraction_output_field,BN_graphical,1,1,BN_graphical/contracts/bn.api.v2.schema.json:247
CoherenceResult,extraction_output_field,BN_graphical,1,1,BN_graphical/contracts/bn.api.v2.schema.json:276
ColorGlyph,extraction_output_field,BN_graphical,1,3,BN_graphical/backups/broken_venvs/bn_venv_20260213_092600/lib/python3.12/site-packages/fontTools/ttLib/tables/C_O_L_R_.py:109; BN_graphical/bn_venv_py311/lib/python3.11/site-packages/fontTools/ttLib/tables/C_O_L_R_.py:109; BN_graphical/test_venv_310/lib/python3.10/site-packages/fontTools/ttLib/tables/C_O_L_R_.py:109
CommunityHistoryEvent,extraction_output_field,Article_Eater_PostQuinean_v1,1,4,Article_Eater_PostQuinean_v1/contracts/schemas/social_epistemology.schema.json:48; Article_Eater_PostQuinean_v1/contracts/schemas/social_epistemology.v1.schema.json:48; Article_Eater_PostQuinean_v1/ruthless_bundle_2026-02-08/contracts/schemas/social_epistemology.schema.json:48; Article_Eater_PostQuinean_v1/ruthless_bundle_2026-02-08/contracts/schemas/social_epistemology.v1.schema.json:48
CommunityLevel,extraction_output_field,Article_Eater_PostQuinean_v1,1,4,Article_Eater_PostQuinean_v1/contracts/schemas/social_epistemology.schema.json:23; Article_Eater_PostQuinean_v1/contracts/schemas/social_epistemology.v1.schema.json:23; Article_Eater_PostQuinean_v1/ruthless_bundle_2026-02-08/contracts/schemas/social_epistemology.schema.json:23; Article_Eater_PostQuinean_v1/ruthless_bundle_2026-02-08/contracts/schemas/social_epistemology.v1.schema.json:23
CommunityMetrics,extraction_output_field,Article_Eater_PostQuinean_v1,1,2,Article_Eater_PostQuinean_v1/contracts/schemas/social_epistemology.v1.schema.json:92; Article_Eater_PostQuinean_v1/ruthless_bundle_2026-02-08/contracts/schemas/social_epistemology.v1.schema.json:92
CommunityType,extraction_output_field,Article_Eater_PostQuinean_v1,1,4,Article_Eater_PostQuinean_v1/contracts/schemas/social_epistemology.schema.json:10; Article_Eater_PostQuinean_v1/contracts/schemas/social_epistemology.v1.schema.json:10; Article_Eater_PostQuinean_v1/ruthless_bundle_2026-02-08/contracts/schemas/social_epistemology.schema.json:10; Article_Eater_PostQuinean_v1/ruthless_bundle_2026-02-08/contracts/schemas/social_epistemology.v1.schema.json:10
ComponentVersion,extraction_output_field,Tagging_Contractor,1,1,Tagging_Contractor/contracts/localized_image_tags.schema.json:146
CompositeMode,extraction_output_field,BN_graphical,1,3,BN_graphical/backups/broken_venvs/bn_venv_20260213_092600/lib/python3.12/site-packages/fontTools/ttLib/tables/otConverters.py:2050; BN_graphical/bn_venv_py311/lib/python3.11/site-packages/fontTools/ttLib/tables/otConverters.py:2050; BN_graphical/test_venv_310/lib/python3.10/site-packages/fontTools/ttLib/tables/otConverters.py:2050
ConflictSummary,extraction_output_field,Article_Eater_PostQuinean_v1,1,1,Article_Eater_PostQuinean_v1/contracts/schemas/integration.edge_justification.v1.schema.json:55
ConstraintInfo,extraction_output_field,BN_graphical,1,1,BN_graphical/contracts/bn.epistemology.v1.schema.json:329
ConstructConfidence,extraction_output_field,Article_Eater_PostQuinean_v1,1,1,Article_Eater_PostQuinean_v1/src/services/claim_gallery_builder.py:152
ContestationType,extraction_output_field,Article_Eater_PostQuinean_v1,1,4,Article_Eater_PostQuinean_v1/contracts/schemas/social_epistemology.schema.json:29; Article_Eater_PostQuinean_v1/contracts/schemas/social_epistemology.v1.schema.json:29; Article_Eater_PostQuinean_v1/ruthless_bundle_2026-02-08/contracts/schemas/social_epistemology.schema.json:29; Article_Eater_PostQuinean_v1/ruthless_bundle_2026-02-08/contracts/schemas/social_epistemology.v1.schema.json:29
ContrastMetric,extraction_output_field,Tagging_Contractor,1,1,Tagging_Contractor/contracts/localized_image_tags.schema.json:132
CoreTerm,extraction_output_field,Outcome_Contractor,1,1,Outcome_Contractor/contracts/core.v1.schema.json:30
CoverageFlags,extraction_output_field,BN_graphical,1,3,BN_graphical/backups/broken_venvs/bn_venv_20260213_092600/lib/python3.12/site-packages/fontTools/ttLib/tables/otConverters.py:1215; BN_graphical/bn_venv_py311/lib/python3.11/site-packages/fontTools/ttLib/tables/otConverters.py:1215; BN_graphical/test_venv_310/lib/python3.10/site-packages/fontTools/ttLib/tables/otConverters.py:1215
CurrentIndex,extraction_output_field,BN_graphical,1,3,BN_graphical/backups/broken_venvs/bn_venv_20260213_092600/lib/python3.12/site-packages/fontTools/ttLib/tables/otTables.py:617; BN_graphical/bn_venv_py311/lib/python3.11/site-packages/fontTools/ttLib/tables/otTables.py:617; BN_graphical/test_venv_310/lib/python3.10/site-packages/fontTools/ttLib/tables/otTables.py:617
CurrentInsertionAction,extraction_output_field,BN_graphical,1,3,BN_graphical/backups/broken_venvs/bn_venv_20260213_092600/lib/python3.12/site-packages/fontTools/ttLib/tables/otTables.py:873; BN_graphical/bn_venv_py311/lib/python3.11/site-packages/fontTools/ttLib/tables/otTables.py:873; BN_graphical/test_venv_310/lib/python3.10/site-packages/fontTools/ttLib/tables/otTables.py:873
D2_THEORY_EXPLAINS,extraction_output_field,Outcome_Contractor,1,1,Outcome_Contractor/article_finder/exemplary_extraction_tables.md:677
DAILY,extraction_output_field,BN_graphical,1,4,BN_graphical/backups/broken_venvs/bn_venv_20260213_092600/lib/python3.12/site-packages/dateutil/rrule.py:1466; BN_graphical/bn_venv/lib/python3.14/site-packages/dateutil/rrule.py:1466; BN_graphical/bn_venv_py311/lib/python3.11/site-packages/dateutil/rrule.py:1466; BN_graphical/test_venv_310/lib/python3.10/site-packages/dateutil/rrule.py:1466
DEMOGRAPHIC,enum_value,Article_Eater_PostQuinean_v1,1,1,Article_Eater_PostQuinean_v1/src/models/provenance.py:72
DENSE,enum_value,BN_graphical,1,1,BN_graphical/bn_venv/lib/python3.14/site-packages/sqlalchemy/dialects/oracle/vector.py:113
DER,enum_value,BN_graphical,1,4,BN_graphical/backups/broken_venvs/bn_venv_20260213_092600/lib/python3.12/site-packages/cryptography/hazmat/primitives/_serialization.py:23; BN_graphical/bn_venv/lib/python3.14/site-packages/cryptography/hazmat/primitives/_serialization.py:23; BN_graphical/bn_venv_py311/lib/python3.11/site-packages/cryptography/hazmat/primitives/_serialization.py:23; BN_graphical/test_venv_310/lib/python3.10/site-packages/cryptography/hazmat/primitives/_serialization.py:23
DIRECT,enum_value,Article_Eater_PostQuinean_v1,1,1,Article_Eater_PostQuinean_v1/src/models/provenance.py:44
DIRECT_OBSERVATION,enum_value,Article_Eater_PostQuinean_v1,1,1,Article_Eater_PostQuinean_v1/src/models/provenance.py:77
DOT,enum_value,BN_graphical,1,1,BN_graphical/bn_venv/lib/python3.14/site-packages/sqlalchemy/dialects/oracle/vector.py:55
DTSTART,extraction_output_field,BN_graphical,1,4,BN_graphical/backups/broken_venvs/bn_venv_20260213_092600/lib/python3.12/site-packages/dateutil/rrule.py:1692; BN_graphical/bn_venv/lib/python3.14/site-packages/dateutil/rrule.py:1692; BN_graphical/bn_venv_py311/lib/python3.11/site-packages/dateutil/rrule.py:1692; BN_graphical/test_venv_310/lib/python3.10/site-packages/dateutil/rrule.py:1692
DeciPoints,extraction_output_field,BN_graphical,1,3,BN_graphical/backups/broken_venvs/bn_venv_20260213_092600/lib/python3.12/site-packages/fontTools/ttLib/tables/otConverters.py:2035; BN_graphical/bn_venv_py311/lib/python3.11/site-packages/fontTools/ttLib/tables/otConverters.py:2035; BN_graphical/test_venv_310/lib/python3.10/site-packages/fontTools/ttLib/tables/otConverters.py:2035
DeltaValue,extraction_output_field,BN_graphical,1,3,BN_graphical/backups/broken_venvs/bn_venv_20260213_092600/lib/python3.12/site-packages/fontTools/ttLib/tables/otConverters.py:2045; BN_graphical/bn_venv_py311/lib/python3.11/site-packages/fontTools/ttLib/tables/otConverters.py:2045; BN_graphical/test_venv_310/lib/python3.10/site-packages/fontTools/ttLib/tables/otConverters.py:2045
DenseMapReference,extraction_output_field,Tagging_Contractor,1,1,Tagging_Contractor/contracts/localized_image_tags.schema.json:106
DisagreementResolution,extraction_output_field,Article_Eater_PostQuinean_v1,1,4,Article_Eater_PostQuinean_v1/contracts/schemas/social_epistemology.schema.json:42; Article_Eater_PostQuinean_v1/contracts/schemas/social_epistemology.v1.schema.json:42; Article_Eater_PostQuinean_v1/ruthless_bundle_2026-02-08/contracts/schemas/social_epistemology.schema.json:42; Article_Eater_PostQuinean_v1/ruthless_bundle_2026-02-08/contracts/schemas/social_epistemology.v1.schema.json:42
EMBODIED,extraction_output_field,BN_graphical,1,1,BN_graphical/src/schemas/mechanism_specification.py:65
ENTER,enum_value,BN_graphical,1,3,BN_graphical/backups/broken_venvs/bn_venv_20260213_092600/lib/python3.12/site-packages/websockets/asyncio/async_timeout.py:114; BN_graphical/bn_venv_py311/lib/python3.11/site-packages/websockets/asyncio/async_timeout.py:114; BN_graphical/test_venv_310/lib/python3.10/site-packages/websockets/asyncio/async_timeout.py:114
ENVIRONMENTAL,enum_value,Article_Eater_PostQuinean_v1,1,1,Article_Eater_PostQuinean_v1/src/models/provenance.py:71
EUCLIDEAN,enum_value,BN_graphical,1,1,BN_graphical/bn_venv/lib/python3.14/site-packages/sqlalchemy/dialects/oracle/vector.py:50
EVOLUTIONARY,extraction_output_field,BN_graphical,1,1,BN_graphical/src/schemas/mechanism_specification.py:70
EXCEPT,enum_value,BN_graphical,1,4,BN_graphical/backups/broken_venvs/bn_venv_20260213_092600/lib/python3.12/site-packages/sqlalchemy/sql/selectable.py:4251; BN_graphical/bn_venv/lib/python3.14/site-packages/sqlalchemy/sql/selectable.py:4506; BN_graphical/bn_venv_py311/lib/python3.11/site-packages/sqlalchemy/sql/selectable.py:4251; BN_graphical/test_venv_310/lib/python3.10/site-packages/sqlalchemy/sql/selectable.py:4251
EXDATE,extraction_output_field,BN_graphical,1,4,BN_graphical/backups/broken_venvs/bn_venv_20260213_092600/lib/python3.12/site-packages/dateutil/rrule.py:1686; BN_graphical/bn_venv/lib/python3.14/site-packages/dateutil/rrule.py:1686; BN_graphical/bn_venv_py311/lib/python3.11/site-packages/dateutil/rrule.py:1686; BN_graphical/test_venv_310/lib/python3.10/site-packages/dateutil/rrule.py:1686
EXIT,enum_value,BN_graphical,1,3,BN_graphical/backups/broken_venvs/bn_venv_20260213_092600/lib/python3.12/site-packages/websockets/asyncio/async_timeout.py:116; BN_graphical/bn_venv_py311/lib/python3.11/site-packages/websockets/asyncio/async_timeout.py:116; BN_graphical/test_venv_310/lib/python3.10/site-packages/websockets/asyncio/async_timeout.py:116
EXPERIMENTAL,enum_value,Article_Eater_PostQuinean_v1,1,1,Article_Eater_PostQuinean_v1/src/models/provenance.py:35
EXPERT_JUDGMENT,enum_value,Article_Eater_PostQuinean_v1,1,1,Article_Eater_PostQuinean_v1/src/models/provenance.py:29
EXRULE,extraction_output_field,BN_graphical,1,4,BN_graphical/backups/broken_venvs/bn_venv_20260213_092600/lib/python3.12/site-packages/dateutil/rrule.py:1682; BN_graphical/bn_venv/lib/python3.14/site-packages/dateutil/rrule.py:1682; BN_graphical/bn_venv_py311/lib/python3.11/site-packages/dateutil/rrule.py:1682; BN_graphical/test_venv_310/lib/python3.10/site-packages/dateutil/rrule.py:1682
EdgeMechanism,extraction_output_field,BN_graphical,1,1,BN_graphical/src/mechanisms/mechanism_schema.py:412
EdgeV2,extraction_output_field,Article_Eater_PostQuinean_v1,1,1,Article_Eater_PostQuinean_v1/src/epistemic/contracts/edge_v2.py:63
Embodied_Cognition,extraction_output_field,Article_Eater_PostQuinean_v1,1,1,Article_Eater_PostQuinean_v1/src/services/pdf_extraction.py:174
EnablingCondition,extraction_output_field,BN_graphical,1,1,BN_graphical/src/mechanisms/mechanism_schema.py:180
EnhancedEdge,extraction_output_field,BN_graphical,1,1,BN_graphical/src/schemas/enhanced_edge.py:581
EnhancedEdgeRegistry,extraction_output_field,BN_graphical,1,2,BN_graphical/src/schemas/enhanced_edge.py:727; BN_graphical/src/schemas/enhanced_edge.py:739
EpistemicCommunity,extraction_output_field,Article_Eater_PostQuinean_v1,1,4,Article_Eater_PostQuinean_v1/contracts/schemas/social_epistemology.schema.json:94; Article_Eater_PostQuinean_v1/contracts/schemas/social_epistemology.v1.schema.json:125; Article_Eater_PostQuinean_v1/ruthless_bundle_2026-02-08/contracts/schemas/social_epistemology.schema.json:94; Article_Eater_PostQuinean_v1/ruthless_bundle_2026-02-08/contracts/schemas/social_epistemology.v1.schema.json:125
EpistemicLevel,extraction_output_field,BN_graphical,1,2,BN_graphical/contracts/ae_bn_bridge.v1.schema.json:16; BN_graphical/contracts/bn.epistemology.v1.schema.json:10
EpistemicStatusV1,extraction_output_field,BN_graphical,1,1,BN_graphical/contracts/ae_bn_bridge.v1.schema.json:28
EpistemicStatusV2,extraction_output_field,BN_graphical,1,1,BN_graphical/contracts/ae_bn_bridge.v1.schema.json:55
EquilibriumConfig,extraction_output_field,BN_graphical,1,1,BN_graphical/contracts/bn.epistemology.v1.schema.json:151
EquilibriumRequest,extraction_output_field,BN_graphical,1,1,BN_graphical/contracts/bn.epistemology.v1.schema.json:219
EquilibriumResponse,extraction_output_field,BN_graphical,1,1,BN_graphical/contracts/bn.epistemology.v1.schema.json:272
EquilibriumType,extraction_output_field,BN_graphical,1,1,BN_graphical/contracts/bn.epistemology.v1.schema.json:22
EvidenceClaim,extraction_output_field,BN_graphical,1,1,BN_graphical/src/schemas/enhanced_edge.py:231
ExperientialClaimRef,extraction_output_field,Article_Eater_PostQuinean_v1,1,1,Article_Eater_PostQuinean_v1/contracts/schemas/provenance.v1.schema.json:145
ExportedPrediction,extraction_output_field,BN_graphical,1,1,BN_graphical/contracts/bn.prediction.v1.schema.json:9
ExtSubTable,extraction_output_field,BN_graphical,1,12,BN_graphical/backups/broken_venvs/bn_venv_20260213_092600/lib/python3.12/site-packages/fontTools/ttLib/tables/otBase.py:807; BN_graphical/backups/broken_venvs/bn_venv_20260213_092600/lib/python3.12/site-packages/fontTools/ttLib/tables/otBase.py:817; BN_graphical/backups/broken_venvs/bn_venv_20260213_092600/lib/python3.12/site-packages/fontTools/ttLib/tables/otBase.py:965; BN_graphical/backups/broken_venvs/bn_venv_20260213_092600/lib/python3.12/site-packages/fontTools/ttLib/tables/otConverters.py:67
ExtendMode,extraction_output_field,BN_graphical,1,3,BN_graphical/backups/broken_venvs/bn_venv_20260213_092600/lib/python3.12/site-packages/fontTools/ttLib/tables/otConverters.py:2049; BN_graphical/bn_venv_py311/lib/python3.11/site-packages/fontTools/ttLib/tables/otConverters.py:2049; BN_graphical/test_venv_310/lib/python3.10/site-packages/fontTools/ttLib/tables/otConverters.py:2049
F2Dot14,extraction_output_field,BN_graphical,1,3,BN_graphical/backups/broken_venvs/bn_venv_20260213_092600/lib/python3.12/site-packages/fontTools/ttLib/tables/otConverters.py:2037; BN_graphical/bn_venv_py311/lib/python3.11/site-packages/fontTools/ttLib/tables/otConverters.py:2037; BN_graphical/test_venv_310/lib/python3.10/site-packages/fontTools/ttLib/tables/otConverters.py:2037
FLOAT32,enum_value,BN_graphical,1,1,BN_graphical/bn_venv/lib/python3.14/site-packages/sqlalchemy/dialects/oracle/vector.py:89
FLOAT64,enum_value,BN_graphical,1,1,BN_graphical/bn_venv/lib/python3.14/site-packages/sqlalchemy/dialects/oracle/vector.py:93
FeatureParams,extraction_output_field,BN_graphical,1,9,BN_graphical/backups/broken_venvs/bn_venv_20260213_092600/lib/python3.12/site-packages/fontTools/ttLib/tables/otBase.py:967; BN_graphical/backups/broken_venvs/bn_venv_20260213_092600/lib/python3.12/site-packages/fontTools/ttLib/tables/otConverters.py:101; BN_graphical/backups/broken_venvs/bn_venv_20260213_092600/lib/python3.12/site-packages/fontTools/ttLib/tables/otConverters.py:71; BN_graphical/bn_venv_py311/lib/python3.11/site-packages/fontTools/ttLib/tables/otBase.py:967
FieldValidationInfo,extraction_output_field,BN_graphical,1,4,BN_graphical/backups/broken_venvs/bn_venv_20260213_092600/lib/python3.12/site-packages/pydantic_core/core_schema.py:3961; BN_graphical/bn_venv/lib/python3.14/site-packages/pydantic_core/core_schema.py:4416; BN_graphical/bn_venv_py311/lib/python3.11/site-packages/pydantic_core/core_schema.py:3961; BN_graphical/test_venv_310/lib/python3.10/site-packages/pydantic_core/core_schema.py:3961
FieldValidatorFunction,extraction_output_field,BN_graphical,1,4,BN_graphical/backups/broken_venvs/bn_venv_20260213_092600/lib/python3.12/site-packages/pydantic_core/core_schema.py:3962; BN_graphical/bn_venv/lib/python3.14/site-packages/pydantic_core/core_schema.py:4417; BN_graphical/bn_venv_py311/lib/python3.11/site-packages/pydantic_core/core_schema.py:3962; BN_graphical/test_venv_310/lib/python3.10/site-packages/pydantic_core/core_schema.py:3962
FieldWrapValidatorFunction,extraction_output_field,BN_graphical,1,4,BN_graphical/backups/broken_venvs/bn_venv_20260213_092600/lib/python3.12/site-packages/pydantic_core/core_schema.py:3964; BN_graphical/bn_venv/lib/python3.14/site-packages/pydantic_core/core_schema.py:4419; BN_graphical/bn_venv_py311/lib/python3.11/site-packages/pydantic_core/core_schema.py:3964; BN_graphical/test_venv_310/lib/python3.10/site-packages/pydantic_core/core_schema.py:3964
GMAPRecord,extraction_output_field,BN_graphical,1,3,BN_graphical/backups/broken_venvs/bn_venv_20260213_092600/lib/python3.12/site-packages/fontTools/ttLib/tables/G_M_A_P_.py:133; BN_graphical/bn_venv_py311/lib/python3.11/site-packages/fontTools/ttLib/tables/G_M_A_P_.py:133; BN_graphical/test_venv_310/lib/python3.10/site-packages/fontTools/ttLib/tables/G_M_A_P_.py:133
GMAPs,extraction_output_field,BN_graphical,1,3,BN_graphical/backups/broken_venvs/bn_venv_20260213_092600/lib/python3.12/site-packages/fontTools/ttLib/tables/G_P_K_G_.py:114; BN_graphical/bn_venv_py311/lib/python3.11/site-packages/fontTools/ttLib/tables/G_P_K_G_.py:114; BN_graphical/test_venv_310/lib/python3.10/site-packages/fontTools/ttLib/tables/G_P_K_G_.py:114
GPE,extraction_output_field,Article_Eater_PostQuinean_v1,1,2,Article_Eater_PostQuinean_v1/ruthless_bundle_2026-02-08/src/services/scope_extractor.py:449; Article_Eater_PostQuinean_v1/src/services/scope_extractor.py:449
GPOS,extraction_output_field,BN_graphical,1,9,BN_graphical/backups/broken_venvs/bn_venv_20260213_092600/lib/python3.12/site-packages/fontTools/ttLib/tables/otTables.py:2262; BN_graphical/backups/broken_venvs/bn_venv_20260213_092600/lib/python3.12/site-packages/fontTools/ttLib/tables/otTables.py:2511; BN_graphical/backups/broken_venvs/bn_venv_20260213_092600/lib/python3.12/site-packages/fontTools/ttLib/tables/otTables.py:2635; BN_graphical/bn_venv_py311/lib/python3.11/site-packages/fontTools/ttLib/tables/otTables.py:2262
GROUNDED_COHERENT,enum_value,Article_Eater_PostQuinean_v1,1,1,Article_Eater_PostQuinean_v1/src/services/grounding_service.py:49
GROUNDED_EXPERIENTIAL,enum_value,Article_Eater_PostQuinean_v1,1,1,Article_Eater_PostQuinean_v1/src/services/grounding_service.py:48
GROUNDED_MIXED,enum_value,Article_Eater_PostQuinean_v1,1,1,Article_Eater_PostQuinean_v1/src/services/grounding_service.py:50
GROUNDED_ONLY,enum_value,Article_Eater_PostQuinean_v1,1,2,Article_Eater_PostQuinean_v1/src/models/provenance.py:60; Article_Eater_PostQuinean_v1/src/services/grounding_service.py:61
GSUB,extraction_output_field,BN_graphical,1,9,BN_graphical/backups/broken_venvs/bn_venv_20260213_092600/lib/python3.12/site-packages/fontTools/ttLib/tables/otTables.py:2260; BN_graphical/backups/broken_venvs/bn_venv_20260213_092600/lib/python3.12/site-packages/fontTools/ttLib/tables/otTables.py:2501; BN_graphical/backups/broken_venvs/bn_venv_20260213_092600/lib/python3.12/site-packages/fontTools/ttLib/tables/otTables.py:2625; BN_graphical/bn_venv_py311/lib/python3.11/site-packages/fontTools/ttLib/tables/otTables.py:2260
GeneralValidatorFunction,extraction_output_field,BN_graphical,1,4,BN_graphical/backups/broken_venvs/bn_venv_20260213_092600/lib/python3.12/site-packages/pydantic_core/core_schema.py:3963; BN_graphical/bn_venv/lib/python3.14/site-packages/pydantic_core/core_schema.py:4418; BN_graphical/bn_venv_py311/lib/python3.11/site-packages/pydantic_core/core_schema.py:3963; BN_graphical/test_venv_310/lib/python3.10/site-packages/pydantic_core/core_schema.py:3963
GlobalAttributes,extraction_output_field,Tagging_Contractor,1,1,Tagging_Contractor/contracts/localized_image_tags.schema.json:102
GlyphArray,extraction_output_field,BN_graphical,1,3,BN_graphical/backups/broken_venvs/bn_venv_20260213_092600/lib/python3.12/site-packages/fontTools/ttLib/tables/otTables.py:975; BN_graphical/bn_venv_py311/lib/python3.11/site-packages/fontTools/ttLib/tables/otTables.py:975; BN_graphical/test_venv_310/lib/python3.10/site-packages/fontTools/ttLib/tables/otTables.py:975
GlyphCIDMap,extraction_output_field,BN_graphical,1,3,BN_graphical/backups/broken_venvs/bn_venv_20260213_092600/lib/python3.12/site-packages/fontTools/ttLib/tables/otConverters.py:2056; BN_graphical/bn_venv_py311/lib/python3.11/site-packages/fontTools/ttLib/tables/otConverters.py:2056; BN_graphical/test_venv_310/lib/python3.10/site-packages/fontTools/ttLib/tables/otConverters.py:2056
GlyphClass,extraction_output_field,BN_graphical,1,3,BN_graphical/backups/broken_venvs/bn_venv_20260213_092600/lib/python3.12/site-packages/fontTools/ttLib/tables/otConverters.py:1531; BN_graphical/bn_venv_py311/lib/python3.11/site-packages/fontTools/ttLib/tables/otConverters.py:1531; BN_graphical/test_venv_310/lib/python3.10/site-packages/fontTools/ttLib/tables/otConverters.py:1531
GlyphID,extraction_output_field,BN_graphical,1,3,BN_graphical/backups/broken_venvs/bn_venv_20260213_092600/lib/python3.12/site-packages/fontTools/ttLib/tables/otConverters.py:2032; BN_graphical/bn_venv_py311/lib/python3.11/site-packages/fontTools/ttLib/tables/otConverters.py:2032; BN_graphical/test_venv_310/lib/python3.10/site-packages/fontTools/ttLib/tables/otConverters.py:2032
GlyphID32,extraction_output_field,BN_graphical,1,3,BN_graphical/backups/broken_venvs/bn_venv_20260213_092600/lib/python3.12/site-packages/fontTools/ttLib/tables/otConverters.py:2033; BN_graphical/bn_venv_py311/lib/python3.11/site-packages/fontTools/ttLib/tables/otConverters.py:2033; BN_graphical/test_venv_310/lib/python3.10/site-packages/fontTools/ttLib/tables/otConverters.py:2033
GlyphRecord,extraction_output_field,BN_graphical,1,3,BN_graphical/backups/broken_venvs/bn_venv_20260213_092600/lib/python3.12/site-packages/fontTools/ttLib/tables/M_E_T_A_.py:198; BN_graphical/bn_venv_py311/lib/python3.11/site-packages/fontTools/ttLib/tables/M_E_T_A_.py:198; BN_graphical/test_venv_310/lib/python3.10/site-packages/fontTools/ttLib/tables/M_E_T_A_.py:198
GlyphletName,extraction_output_field,BN_graphical,1,3,BN_graphical/backups/broken_venvs/bn_venv_20260213_092600/lib/python3.12/site-packages/fontTools/ttLib/tables/G_M_A_P_.py:53; BN_graphical/bn_venv_py311/lib/python3.11/site-packages/fontTools/ttLib/tables/G_M_A_P_.py:53; BN_graphical/test_venv_310/lib/python3.10/site-packages/fontTools/ttLib/tables/G_M_A_P_.py:53
GoldilocksMechanism,extraction_output_field,BN_graphical,1,1,BN_graphical/src/mechanisms/mechanism_schema.py:321
H2_GAPS,extraction_output_field,Outcome_Contractor,1,1,Outcome_Contractor/article_finder/exemplary_extraction_tables.md:684
HEAD,extraction_output_field,BN_graphical,1,4,BN_graphical/backups/broken_venvs/bn_venv_20260213_092600/lib/python3.12/site-packages/starlette/schemas.py:74; BN_graphical/bn_venv/lib/python3.14/site-packages/starlette/schemas.py:76; BN_graphical/bn_venv_py311/lib/python3.11/site-packages/starlette/schemas.py:74; BN_graphical/test_venv_310/lib/python3.10/site-packages/starlette/schemas.py:74
HIGH,enum_value,Article_Eater_PostQuinean_v1,1,1,Article_Eater_PostQuinean_v1/src/models/provenance.py:88
HNSW,enum_value,BN_graphical,1,1,BN_graphical/bn_venv/lib/python3.14/site-packages/sqlalchemy/dialects/oracle/vector.py:31
HOURLY,extraction_output_field,BN_graphical,1,4,BN_graphical/backups/broken_venvs/bn_venv_20260213_092600/lib/python3.12/site-packages/dateutil/rrule.py:1467; BN_graphical/bn_venv/lib/python3.14/site-packages/dateutil/rrule.py:1467; BN_graphical/bn_venv_py311/lib/python3.11/site-packages/dateutil/rrule.py:1467; BN_graphical/test_venv_310/lib/python3.10/site-packages/dateutil/rrule.py:1467
IDENTIFIABLE,enum_value,Article_Eater_PostQuinean_v1,1,1,Article_Eater_PostQuinean_v1/src/services/graph_confidence_service.py:51
INFERENCE,enum_value,Article_Eater_PostQuinean_v1,1,1,Article_Eater_PostQuinean_v1/src/models/provenance.py:27
INFERENCE_CLOSE,enum_value,Article_Eater_PostQuinean_v1,1,1,Article_Eater_PostQuinean_v1/src/models/provenance.py:79
INFERENCE_DISTANT,enum_value,Article_Eater_PostQuinean_v1,1,1,Article_Eater_PostQuinean_v1/src/models/provenance.py:80
INIT,enum_value,BN_graphical,1,3,BN_graphical/backups/broken_venvs/bn_venv_20260213_092600/lib/python3.12/site-packages/websockets/asyncio/async_timeout.py:113; BN_graphical/bn_venv_py311/lib/python3.11/site-packages/websockets/asyncio/async_timeout.py:113; BN_graphical/test_venv_310/lib/python3.10/site-packages/websockets/asyncio/async_timeout.py:113
INSTRUMENT_MEDIATED,enum_value,Article_Eater_PostQuinean_v1,1,1,Article_Eater_PostQuinean_v1/src/models/provenance.py:78
INT8,enum_value,BN_graphical,1,1,BN_graphical/bn_venv/lib/python3.14/site-packages/sqlalchemy/dialects/oracle/vector.py:81
INTERSECT,enum_value,BN_graphical,1,4,BN_graphical/backups/broken_venvs/bn_venv_20260213_092600/lib/python3.12/site-packages/sqlalchemy/sql/selectable.py:4253; BN_graphical/bn_venv/lib/python3.14/site-packages/sqlalchemy/sql/selectable.py:4508; BN_graphical/bn_venv_py311/lib/python3.11/site-packages/sqlalchemy/sql/selectable.py:4253; BN_graphical/test_venv_310/lib/python3.10/site-packages/sqlalchemy/sql/selectable.py:4253
INV-1,enum_value,BN_graphical,1,1,BN_graphical/src/coherence/rank_calibrator.py:55
INV-2,enum_value,BN_graphical,1,1,BN_graphical/src/coherence/rank_calibrator.py:56
INV-3,enum_value,BN_graphical,1,1,BN_graphical/src/coherence/rank_calibrator.py:57
INV-4,enum_value,BN_graphical,1,1,BN_graphical/src/coherence/rank_calibrator.py:58
IVF,enum_value,BN_graphical,1,1,BN_graphical/bn_venv/lib/python3.14/site-packages/sqlalchemy/dialects/oracle/vector.py:35
ImageSource,extraction_output_field,Tagging_Contractor,1,1,Tagging_Contractor/contracts/localized_image_tags.schema.json:21
InterventionRequest,extraction_output_field,BN_graphical,1,1,BN_graphical/contracts/bn.api.v2.schema.json:10
InterventionResponse,extraction_output_field,BN_graphical,1,1,BN_graphical/contracts/bn.api.v2.schema.json:46
JobStatus,extraction_output_field,BN_graphical,1,1,BN_graphical/contracts/bn.api.v2.schema.json:455
JobSubmitRequest,extraction_output_field,BN_graphical,1,1,BN_graphical/contracts/bn.api.v2.schema.json:505
JobSubmitResponse,extraction_output_field,BN_graphical,1,1,BN_graphical/contracts/bn.api.v2.schema.json:524
JstfGPOSModList,extraction_output_field,BN_graphical,1,3,BN_graphical/backups/broken_venvs/bn_venv_20260213_092600/lib/python3.12/site-packages/fontTools/ttLib/tables/otTables.py:2201; BN_graphical/bn_venv_py311/lib/python3.11/site-packages/fontTools/ttLib/tables/otTables.py:2201; BN_graphical/test_venv_310/lib/python3.10/site-packages/fontTools/ttLib/tables/otTables.py:2201
JstfGSUBModList,extraction_output_field,BN_graphical,1,3,BN_graphical/backups/broken_venvs/bn_venv_20260213_092600/lib/python3.12/site-packages/fontTools/ttLib/tables/otTables.py:2195; BN_graphical/bn_venv_py311/lib/python3.11/site-packages/fontTools/ttLib/tables/otTables.py:2195; BN_graphical/test_venv_310/lib/python3.10/site-packages/fontTools/ttLib/tables/otTables.py:2195
JstfLangSys,extraction_output_field,BN_graphical,1,3,BN_graphical/backups/broken_venvs/bn_venv_20260213_092600/lib/python3.12/site-packages/fontTools/ttLib/tables/otTables.py:2194; BN_graphical/bn_venv_py311/lib/python3.11/site-packages/fontTools/ttLib/tables/otTables.py:2194; BN_graphical/test_venv_310/lib/python3.10/site-packages/fontTools/ttLib/tables/otTables.py:2194
JstfMax,extraction_output_field,BN_graphical,1,3,BN_graphical/backups/broken_venvs/bn_venv_20260213_092600/lib/python3.12/site-packages/fontTools/ttLib/tables/otTables.py:2207; BN_graphical/bn_venv_py311/lib/python3.11/site-packages/fontTools/ttLib/tables/otTables.py:2207; BN_graphical/test_venv_310/lib/python3.10/site-packages/fontTools/ttLib/tables/otTables.py:2207
LICENSE.txt,extraction_output_field,BN_graphical,1,3,BN_graphical/backups/broken_venvs/bn_venv_20260213_092600/lib/python3.12/site-packages/setuptools/tests/test_editable_install.py:89; BN_graphical/bn_venv_py311/lib/python3.11/site-packages/setuptools/tests/test_editable_install.py:89; BN_graphical/test_venv_310/lib/python3.10/site-packages/setuptools/tests/test_editable_install.py:90
LLMConfig,extraction_output_field,BN_graphical,1,1,BN_graphical/src/ai_extraction/llm_client.py:66
LOC,extraction_output_field,Article_Eater_PostQuinean_v1,1,2,Article_Eater_PostQuinean_v1/ruthless_bundle_2026-02-08/src/services/scope_extractor.py:451; Article_Eater_PostQuinean_v1/src/services/scope_extractor.py:451
LOW,enum_value,Article_Eater_PostQuinean_v1,1,1,Article_Eater_PostQuinean_v1/src/models/provenance.py:86
LOffset,extraction_output_field,BN_graphical,1,3,BN_graphical/backups/broken_venvs/bn_venv_20260213_092600/lib/python3.12/site-packages/fontTools/ttLib/tables/otConverters.py:2042; BN_graphical/bn_venv_py311/lib/python3.11/site-packages/fontTools/ttLib/tables/otConverters.py:2042; BN_graphical/test_venv_310/lib/python3.10/site-packages/fontTools/ttLib/tables/otConverters.py:2042
LOffset24To,extraction_output_field,BN_graphical,1,3,BN_graphical/backups/broken_venvs/bn_venv_20260213_092600/lib/python3.12/site-packages/fontTools/ttLib/tables/otConverters.py:2067; BN_graphical/bn_venv_py311/lib/python3.11/site-packages/fontTools/ttLib/tables/otConverters.py:2067; BN_graphical/test_venv_310/lib/python3.10/site-packages/fontTools/ttLib/tables/otConverters.py:2067
LOffsetTo,extraction_output_field,BN_graphical,1,3,BN_graphical/backups/broken_venvs/bn_venv_20260213_092600/lib/python3.12/site-packages/fontTools/ttLib/tables/otConverters.py:2066; BN_graphical/bn_venv_py311/lib/python3.11/site-packages/fontTools/ttLib/tables/otConverters.py:2066; BN_graphical/test_venv_310/lib/python3.10/site-packages/fontTools/ttLib/tables/otConverters.py:2066
LangSys,extraction_output_field,BN_graphical,1,3,BN_graphical/backups/broken_venvs/bn_venv_20260213_092600/lib/python3.12/site-packages/fontTools/ttLib/tables/otTables.py:2143; BN_graphical/bn_venv_py311/lib/python3.11/site-packages/fontTools/ttLib/tables/otTables.py:2143; BN_graphical/test_venv_310/lib/python3.10/site-packages/fontTools/ttLib/tables/otTables.py:2143
LanguageTag,extraction_output_field,BN_graphical,1,3,BN_graphical/backups/broken_venvs/bn_venv_20260213_092600/lib/python3.12/site-packages/fontTools/ttLib/tables/_l_t_a_g.py:68; BN_graphical/bn_venv_py311/lib/python3.11/site-packages/fontTools/ttLib/tables/_l_t_a_g.py:68; BN_graphical/test_venv_310/lib/python3.10/site-packages/fontTools/ttLib/tables/_l_t_a_g.py:68
LayerRecordCount,extraction_output_field,BN_graphical,1,6,BN_graphical/backups/broken_venvs/bn_venv_20260213_092600/lib/python3.12/site-packages/fontTools/ttLib/tables/otTables.py:1639; BN_graphical/backups/broken_venvs/bn_venv_20260213_092600/lib/python3.12/site-packages/fontTools/ttLib/tables/otTables.py:1655; BN_graphical/bn_venv_py311/lib/python3.11/site-packages/fontTools/ttLib/tables/otTables.py:1639; BN_graphical/bn_venv_py311/lib/python3.11/site-packages/fontTools/ttLib/tables/otTables.py:1655
LigComponent,extraction_output_field,BN_graphical,1,3,BN_graphical/backups/broken_venvs/bn_venv_20260213_092600/lib/python3.12/site-packages/fontTools/ttLib/tables/otConverters.py:1563; BN_graphical/bn_venv_py311/lib/python3.11/site-packages/fontTools/ttLib/tables/otConverters.py:1563; BN_graphical/test_venv_310/lib/python3.10/site-packages/fontTools/ttLib/tables/otConverters.py:1563
LigComponents,extraction_output_field,BN_graphical,1,3,BN_graphical/backups/broken_venvs/bn_venv_20260213_092600/lib/python3.12/site-packages/fontTools/ttLib/tables/otConverters.py:1541; BN_graphical/bn_venv_py311/lib/python3.11/site-packages/fontTools/ttLib/tables/otConverters.py:1541; BN_graphical/test_venv_310/lib/python3.10/site-packages/fontTools/ttLib/tables/otConverters.py:1541
LigatureSet,extraction_output_field,BN_graphical,1,6,BN_graphical/backups/broken_venvs/bn_venv_20260213_092600/lib/python3.12/site-packages/fontTools/ttLib/tables/otTables.py:1595; BN_graphical/backups/broken_venvs/bn_venv_20260213_092600/lib/python3.12/site-packages/fontTools/ttLib/tables/otTables.py:2353; BN_graphical/bn_venv_py311/lib/python3.11/site-packages/fontTools/ttLib/tables/otTables.py:1595; BN_graphical/bn_venv_py311/lib/python3.11/site-packages/fontTools/ttLib/tables/otTables.py:2353
LongStr,extraction_output_field,BN_graphical,1,8,BN_graphical/backups/broken_venvs/bn_venv_20260213_092600/lib/python3.12/site-packages/pandas/tests/io/pytables/test_append.py:969; BN_graphical/backups/broken_venvs/bn_venv_20260213_092600/lib/python3.12/site-packages/pandas/tests/io/pytables/test_append.py:983; BN_graphical/bn_venv/lib/python3.14/site-packages/pandas/tests/io/pytables/test_append.py:946; BN_graphical/bn_venv/lib/python3.14/site-packages/pandas/tests/io/pytables/test_append.py:961
LookupFlag,extraction_output_field,BN_graphical,1,3,BN_graphical/backups/broken_venvs/bn_venv_20260213_092600/lib/python3.12/site-packages/fontTools/ttLib/tables/otConverters.py:2048; BN_graphical/bn_venv_py311/lib/python3.11/site-packages/fontTools/ttLib/tables/otConverters.py:2048; BN_graphical/test_venv_310/lib/python3.10/site-packages/fontTools/ttLib/tables/otConverters.py:2048
LookupList,extraction_output_field,BN_graphical,1,3,BN_graphical/backups/broken_venvs/bn_venv_20260213_092600/lib/python3.12/site-packages/fontTools/ttLib/tables/otBase.py:795; BN_graphical/bn_venv_py311/lib/python3.11/site-packages/fontTools/ttLib/tables/otBase.py:795; BN_graphical/test_venv_310/lib/python3.10/site-packages/fontTools/ttLib/tables/otBase.py:795
MANHATTAN,enum_value,BN_graphical,1,1,BN_graphical/bn_venv/lib/python3.14/site-packages/sqlalchemy/dialects/oracle/vector.py:65
MANIFEST.in,extraction_output_field,BN_graphical,1,18,BN_graphical/backups/broken_venvs/bn_venv_20260213_092600/lib/python3.12/site-packages/setuptools/tests/test_editable_install.py:380; BN_graphical/backups/broken_venvs/bn_venv_20260213_092600/lib/python3.12/site-packages/setuptools/tests/test_editable_install.py:80; BN_graphical/backups/broken_venvs/bn_venv_20260213_092600/lib/python3.12/site-packages/setuptools/tests/test_editable_install.py:848; BN_graphical/backups/broken_venvs/bn_venv_20260213_092600/lib/python3.12/site-packages/setuptools/tests/test_editable_install.py:865
MEASUREMENT,enum_value,Article_Eater_PostQuinean_v1,1,1,Article_Eater_PostQuinean_v1/src/models/provenance.py:67
META_ANALYSIS,enum_value,Article_Eater_PostQuinean_v1,1,2,Article_Eater_PostQuinean_v1/src/models/provenance.py:30; Article_Eater_PostQuinean_v1/src/models/provenance.py:37
MINUTELY,extraction_output_field,BN_graphical,1,4,BN_graphical/backups/broken_venvs/bn_venv_20260213_092600/lib/python3.12/site-packages/dateutil/rrule.py:1468; BN_graphical/bn_venv/lib/python3.14/site-packages/dateutil/rrule.py:1468; BN_graphical/bn_venv_py311/lib/python3.11/site-packages/dateutil/rrule.py:1468; BN_graphical/test_venv_310/lib/python3.10/site-packages/dateutil/rrule.py:1468
MODERATE,enum_value,Article_Eater_PostQuinean_v1,1,1,Article_Eater_PostQuinean_v1/src/models/provenance.py:87
MONTHLY,extraction_output_field,BN_graphical,1,4,BN_graphical/backups/broken_venvs/bn_venv_20260213_092600/lib/python3.12/site-packages/dateutil/rrule.py:1464; BN_graphical/bn_venv/lib/python3.14/site-packages/dateutil/rrule.py:1464; BN_graphical/bn_venv_py311/lib/python3.11/site-packages/dateutil/rrule.py:1464; BN_graphical/test_venv_310/lib/python3.10/site-packages/dateutil/rrule.py:1464
MULTI_HOP,enum_value,Article_Eater_PostQuinean_v1,1,1,Article_Eater_PostQuinean_v1/src/models/provenance.py:46
MYCOL,extraction_output_field,BN_graphical,1,4,BN_graphical/backups/broken_venvs/bn_venv_20260213_092600/lib/python3.12/site-packages/pandas/tests/io/pytables/test_timezones.py:357; BN_graphical/bn_venv/lib/python3.14/site-packages/pandas/tests/io/pytables/test_timezones.py:328; BN_graphical/bn_venv_py311/lib/python3.11/site-packages/pandas/tests/io/pytables/test_timezones.py:357; BN_graphical/test_venv_310/lib/python3.10/site-packages/pandas/tests/io/pytables/test_timezones.py:357
MarkArray,extraction_output_field,BN_graphical,1,3,BN_graphical/backups/broken_venvs/bn_venv_20260213_092600/lib/python3.12/site-packages/fontTools/ttLib/tables/otTables.py:2142; BN_graphical/bn_venv_py311/lib/python3.11/site-packages/fontTools/ttLib/tables/otTables.py:2142; BN_graphical/test_venv_310/lib/python3.10/site-packages/fontTools/ttLib/tables/otTables.py:2142
MarkIndex,extraction_output_field,BN_graphical,1,3,BN_graphical/backups/broken_venvs/bn_venv_20260213_092600/lib/python3.12/site-packages/fontTools/ttLib/tables/otTables.py:615; BN_graphical/bn_venv_py311/lib/python3.11/site-packages/fontTools/ttLib/tables/otTables.py:615; BN_graphical/test_venv_310/lib/python3.10/site-packages/fontTools/ttLib/tables/otTables.py:615
MarkedInsertionAction,extraction_output_field,BN_graphical,1,3,BN_graphical/backups/broken_venvs/bn_venv_20260213_092600/lib/python3.12/site-packages/fontTools/ttLib/tables/otTables.py:875; BN_graphical/bn_venv_py311/lib/python3.11/site-packages/fontTools/ttLib/tables/otTables.py:875; BN_graphical/test_venv_310/lib/python3.10/site-packages/fontTools/ttLib/tables/otTables.py:875
MaskReference,extraction_output_field,Tagging_Contractor,1,1,Tagging_Contractor/contracts/localized_image_tags.schema.json:61
MaterialComposition,extraction_output_field,Tagging_Contractor,1,1,Tagging_Contractor/contracts/localized_image_tags.schema.json:70
MathGlyphConstruction,extraction_output_field,BN_graphical,1,3,BN_graphical/backups/broken_venvs/bn_venv_20260213_092600/lib/python3.12/site-packages/fontTools/ttLib/tables/otTables.py:2217; BN_graphical/bn_venv_py311/lib/python3.11/site-packages/fontTools/ttLib/tables/otTables.py:2217; BN_graphical/test_venv_310/lib/python3.10/site-packages/fontTools/ttLib/tables/otTables.py:2217
MathKern,extraction_output_field,BN_graphical,1,3,BN_graphical/backups/broken_venvs/bn_venv_20260213_092600/lib/python3.12/site-packages/fontTools/ttLib/tables/otTables.py:2211; BN_graphical/bn_venv_py311/lib/python3.11/site-packages/fontTools/ttLib/tables/otTables.py:2211; BN_graphical/test_venv_310/lib/python3.10/site-packages/fontTools/ttLib/tables/otTables.py:2211
MechanismEvidence,extraction_output_field,BN_graphical,1,1,BN_graphical/src/schemas/mechanism_specification.py:149
MechanismRegistry,extraction_output_field,BN_graphical,1,2,BN_graphical/src/mechanisms/mechanism_schema.py:574; BN_graphical/src/mechanisms/mechanism_schema.py:586
MechanismSpecification,extraction_output_field,BN_graphical,1,1,BN_graphical/src/schemas/mechanism_specification.py:348
MechanismSpecificationRegistry,extraction_output_field,BN_graphical,1,2,BN_graphical/src/schemas/mechanism_specification.py:453; BN_graphical/src/schemas/mechanism_specification.py:465
MethodologicalProfile,extraction_output_field,Article_Eater_PostQuinean_v1,1,4,Article_Eater_PostQuinean_v1/contracts/schemas/social_epistemology.schema.json:326; Article_Eater_PostQuinean_v1/contracts/schemas/social_epistemology.v1.schema.json:324; Article_Eater_PostQuinean_v1/ruthless_bundle_2026-02-08/contracts/schemas/social_epistemology.schema.json:326; Article_Eater_PostQuinean_v1/ruthless_bundle_2026-02-08/contracts/schemas/social_epistemology.v1.schema.json:324
MinMax,extraction_output_field,BN_graphical,1,3,BN_graphical/backups/broken_venvs/bn_venv_20260213_092600/lib/python3.12/site-packages/fontTools/ttLib/tables/otTables.py:2189; BN_graphical/bn_venv_py311/lib/python3.11/site-packages/fontTools/ttLib/tables/otTables.py:2189; BN_graphical/test_venv_310/lib/python3.10/site-packages/fontTools/ttLib/tables/otTables.py:2189
MortChain,extraction_output_field,BN_graphical,1,3,BN_graphical/backups/broken_venvs/bn_venv_20260213_092600/lib/python3.12/site-packages/fontTools/ttLib/tables/otConverters.py:2057; BN_graphical/bn_venv_py311/lib/python3.11/site-packages/fontTools/ttLib/tables/otConverters.py:2057; BN_graphical/test_venv_310/lib/python3.10/site-packages/fontTools/ttLib/tables/otConverters.py:2057
MortSubtable,extraction_output_field,BN_graphical,1,3,BN_graphical/backups/broken_venvs/bn_venv_20260213_092600/lib/python3.12/site-packages/fontTools/ttLib/tables/otConverters.py:2058; BN_graphical/bn_venv_py311/lib/python3.11/site-packages/fontTools/ttLib/tables/otConverters.py:2058; BN_graphical/test_venv_310/lib/python3.10/site-packages/fontTools/ttLib/tables/otConverters.py:2058
MorxChain,extraction_output_field,BN_graphical,1,3,BN_graphical/backups/broken_venvs/bn_venv_20260213_092600/lib/python3.12/site-packages/fontTools/ttLib/tables/otConverters.py:2059; BN_graphical/bn_venv_py311/lib/python3.11/site-packages/fontTools/ttLib/tables/otConverters.py:2059; BN_graphical/test_venv_310/lib/python3.10/site-packages/fontTools/ttLib/tables/otConverters.py:2059
MorxSubtable,extraction_output_field,BN_graphical,1,3,BN_graphical/backups/broken_venvs/bn_venv_20260213_092600/lib/python3.12/site-packages/fontTools/ttLib/tables/otConverters.py:2060; BN_graphical/bn_venv_py311/lib/python3.11/site-packages/fontTools/ttLib/tables/otConverters.py:2060; BN_graphical/test_venv_310/lib/python3.10/site-packages/fontTools/ttLib/tables/otConverters.py:2060
MultiIndex,extraction_output_field,BN_graphical,1,4,BN_graphical/backups/broken_venvs/bn_venv_20260213_092600/lib/python3.12/site-packages/pandas/io/pytables.py:4653; BN_graphical/bn_venv/lib/python3.14/site-packages/pandas/io/pytables.py:4817; BN_graphical/bn_venv_py311/lib/python3.11/site-packages/pandas/io/pytables.py:4653; BN_graphical/test_venv_310/lib/python3.10/site-packages/pandas/io/pytables.py:4653
N_studies,extraction_output_field,Article_Eater_PostQuinean_v1,1,2,Article_Eater_PostQuinean_v1/tests/test_sprint6c_ingestion.py:256; Article_Eater_PostQuinean_v1/tests/test_sprint6c_ingestion.py:346
NameID,extraction_output_field,BN_graphical,1,3,BN_graphical/backups/broken_venvs/bn_venv_20260213_092600/lib/python3.12/site-packages/fontTools/ttLib/tables/otConverters.py:2034; BN_graphical/bn_venv_py311/lib/python3.11/site-packages/fontTools/ttLib/tables/otConverters.py:2034; BN_graphical/test_venv_310/lib/python3.10/site-packages/fontTools/ttLib/tables/otConverters.py:2034
NamedInstance,extraction_output_field,BN_graphical,1,3,BN_graphical/backups/broken_venvs/bn_venv_20260213_092600/lib/python3.12/site-packages/fontTools/ttLib/tables/_f_v_a_r.py:116; BN_graphical/bn_venv_py311/lib/python3.11/site-packages/fontTools/ttLib/tables/_f_v_a_r.py:116; BN_graphical/test_venv_310/lib/python3.10/site-packages/fontTools/ttLib/tables/_f_v_a_r.py:116
NewState,extraction_output_field,BN_graphical,1,12,BN_graphical/backups/broken_venvs/bn_venv_20260213_092600/lib/python3.12/site-packages/fontTools/ttLib/tables/otTables.py:545; BN_graphical/backups/broken_venvs/bn_venv_20260213_092600/lib/python3.12/site-packages/fontTools/ttLib/tables/otTables.py:608; BN_graphical/backups/broken_venvs/bn_venv_20260213_092600/lib/python3.12/site-packages/fontTools/ttLib/tables/otTables.py:746; BN_graphical/backups/broken_venvs/bn_venv_20260213_092600/lib/python3.12/site-packages/fontTools/ttLib/tables/otTables.py:868
NodeRef,extraction_output_field,Article_Eater_PostQuinean_v1,1,1,Article_Eater_PostQuinean_v1/schemas/rule_graph.schema.json:3
OBSERVATION,enum_value,Article_Eater_PostQuinean_v1,1,1,Article_Eater_PostQuinean_v1/src/models/provenance.py:26
ONE_HOP,enum_value,Article_Eater_PostQuinean_v1,1,1,Article_Eater_PostQuinean_v1/src/models/provenance.py:45
OffsetTo,extraction_output_field,BN_graphical,1,3,BN_graphical/backups/broken_venvs/bn_venv_20260213_092600/lib/python3.12/site-packages/fontTools/ttLib/tables/otConverters.py:2065; BN_graphical/bn_venv_py311/lib/python3.11/site-packages/fontTools/ttLib/tables/otConverters.py:2065; BN_graphical/test_venv_310/lib/python3.10/site-packages/fontTools/ttLib/tables/otConverters.py:2065
OutcomePrediction,extraction_output_field,BN_graphical,1,1,BN_graphical/contracts/bn.api.v2.schema.json:172
OutcomeSpecification,extraction_output_field,BN_graphical,1,1,BN_graphical/src/schemas/outcome_taxonomy.py:230
OutcomeTaxonomy,extraction_output_field,BN_graphical,1,2,BN_graphical/src/schemas/outcome_taxonomy.py:362; BN_graphical/src/schemas/outcome_taxonomy.py:375
PAPER,enum_value,Article_Eater_PostQuinean_v1,1,1,Article_Eater_PostQuinean_v1/src/models/provenance.py:25
PARTIALLY,enum_value,Article_Eater_PostQuinean_v1,1,1,Article_Eater_PostQuinean_v1/src/services/graph_confidence_service.py:53
PEM,enum_value,BN_graphical,1,4,BN_graphical/backups/broken_venvs/bn_venv_20260213_092600/lib/python3.12/site-packages/cryptography/hazmat/primitives/_serialization.py:22; BN_graphical/bn_venv/lib/python3.14/site-packages/cryptography/hazmat/primitives/_serialization.py:22; BN_graphical/bn_venv_py311/lib/python3.11/site-packages/cryptography/hazmat/primitives/_serialization.py:22; BN_graphical/test_venv_310/lib/python3.10/site-packages/cryptography/hazmat/primitives/_serialization.py:22
PHYSIOLOGICAL,enum_value,Article_Eater_PostQuinean_v1,1,1,Article_Eater_PostQuinean_v1/src/models/provenance.py:70
PKCS12,enum_value,BN_graphical,1,4,BN_graphical/backups/broken_venvs/bn_venv_20260213_092600/lib/python3.12/site-packages/cryptography/hazmat/primitives/_serialization.py:35; BN_graphical/bn_venv/lib/python3.14/site-packages/cryptography/hazmat/primitives/_serialization.py:35; BN_graphical/bn_venv_py311/lib/python3.11/site-packages/cryptography/hazmat/primitives/_serialization.py:35; BN_graphical/test_venv_310/lib/python3.10/site-packages/cryptography/hazmat/primitives/_serialization.py:35
PKCS3,enum_value,BN_graphical,1,4,BN_graphical/backups/broken_venvs/bn_venv_20260213_092600/lib/python3.12/site-packages/cryptography/hazmat/primitives/_serialization.py:56; BN_graphical/bn_venv/lib/python3.14/site-packages/cryptography/hazmat/primitives/_serialization.py:56; BN_graphical/bn_venv_py311/lib/python3.11/site-packages/cryptography/hazmat/primitives/_serialization.py:56; BN_graphical/test_venv_310/lib/python3.10/site-packages/cryptography/hazmat/primitives/_serialization.py:56
PKCS8,enum_value,BN_graphical,1,4,BN_graphical/backups/broken_venvs/bn_venv_20260213_092600/lib/python3.12/site-packages/cryptography/hazmat/primitives/_serialization.py:31; BN_graphical/bn_venv/lib/python3.14/site-packages/cryptography/hazmat/primitives/_serialization.py:31; BN_graphical/bn_venv_py311/lib/python3.11/site-packages/cryptography/hazmat/primitives/_serialization.py:31; BN_graphical/test_venv_310/lib/python3.10/site-packages/cryptography/hazmat/primitives/_serialization.py:31
POST,extraction_output_field,Article_Eater_PostQuinean_v1,1,5,Article_Eater_PostQuinean_v1/apps/user_rules_gui/app.py:122; Article_Eater_PostQuinean_v1/apps/user_rules_gui/app.py:64; Article_Eater_PostQuinean_v1/apps/user_rules_gui/app.py:93; Article_Eater_PostQuinean_v1/archive/v20_7_3g_pre_i/apps/user_rules_gui/app.py:18
PROSPECT_REFUGE,extraction_output_field,BN_graphical,1,1,BN_graphical/src/schemas/mechanism_specification.py:67
PSFontName,extraction_output_field,BN_graphical,1,3,BN_graphical/backups/broken_venvs/bn_venv_20260213_092600/lib/python3.12/site-packages/fontTools/ttLib/tables/G_M_A_P_.py:145; BN_graphical/bn_venv_py311/lib/python3.11/site-packages/fontTools/ttLib/tables/G_M_A_P_.py:145; BN_graphical/test_venv_310/lib/python3.10/site-packages/fontTools/ttLib/tables/G_M_A_P_.py:145
PUSH,extraction_output_field,BN_graphical,1,3,BN_graphical/backups/broken_venvs/bn_venv_20260213_092600/lib/python3.12/site-packages/fontTools/ttLib/tables/ttProgram.py:377; BN_graphical/bn_venv_py311/lib/python3.11/site-packages/fontTools/ttLib/tables/ttProgram.py:377; BN_graphical/test_venv_310/lib/python3.10/site-packages/fontTools/ttLib/tables/ttProgram.py:377
PartialOrderingResponse,extraction_output_field,BN_graphical,1,1,BN_graphical/contracts/bn.epistemology.v1.schema.json:354
PerGlyphLookup,extraction_output_field,BN_graphical,1,3,BN_graphical/backups/broken_venvs/bn_venv_20260213_092600/lib/python3.12/site-packages/fontTools/ttLib/tables/otConverters.py:1538; BN_graphical/bn_venv_py311/lib/python3.11/site-packages/fontTools/ttLib/tables/otConverters.py:1538; BN_graphical/test_venv_310/lib/python3.10/site-packages/fontTools/ttLib/tables/otConverters.py:1538
Perceptual_Fluency,extraction_output_field,Article_Eater_PostQuinean_v1,1,3,Article_Eater_PostQuinean_v1/ruthless_bundle_2026-02-08/src/services/extraction_to_web.py:182; Article_Eater_PostQuinean_v1/src/services/extraction_to_web.py:195; Article_Eater_PostQuinean_v1/src/services/pdf_extraction.py:159
PipelineProvenance,extraction_output_field,Tagging_Contractor,1,1,Tagging_Contractor/contracts/localized_image_tags.schema.json:157
PollockDefeat,extraction_output_field,Article_Eater_PostQuinean_v1,1,1,Article_Eater_PostQuinean_v1/contracts/schemas/epistemic_status.v1.schema.json:99
PopulationQualifier,extraction_output_field,BN_graphical,1,3,BN_graphical/src/schemas/population_qualifier.py:268; BN_graphical/src/schemas/population_qualifier.py:301; BN_graphical/src/schemas/population_qualifier.py:317
PredictRequest,extraction_output_field,BN_graphical,1,1,BN_graphical/contracts/bn.api.v2.schema.json:109
PredictResponse,extraction_output_field,BN_graphical,1,1,BN_graphical/contracts/bn.api.v2.schema.json:145
PredictionBatch,extraction_output_field,BN_graphical,1,1,BN_graphical/contracts/bn.prediction.v1.schema.json:91
PredictionBelief,extraction_output_field,BN_graphical,1,1,BN_graphical/contracts/bn.api.v2.schema.json:347
PredictionOutput,extraction_output_field,BN_graphical,1,1,BN_graphical/statistical_engine/schemas.py:105
ProcessingOrder,extraction_output_field,BN_graphical,1,3,BN_graphical/backups/broken_venvs/bn_venv_20260213_092600/lib/python3.12/site-packages/fontTools/ttLib/tables/otConverters.py:1221; BN_graphical/bn_venv_py311/lib/python3.11/site-packages/fontTools/ttLib/tables/otConverters.py:1221; BN_graphical/test_venv_310/lib/python3.10/site-packages/fontTools/ttLib/tables/otConverters.py:1221
PropagationDirection,extraction_output_field,BN_graphical,1,1,BN_graphical/contracts/bn.epistemology.v1.schema.json:16
PropagationRequest,extraction_output_field,BN_graphical,1,1,BN_graphical/contracts/bn.epistemology.v1.schema.json:75
PropagationResponse,extraction_output_field,BN_graphical,1,1,BN_graphical/contracts/bn.epistemology.v1.schema.json:111
PropositionId,extraction_output_field,BN_graphical,1,1,BN_graphical/contracts/ae_bn_bridge.v1.schema.json:10
ProvenanceSummary,extraction_output_field,Article_Eater_PostQuinean_v1,1,1,Article_Eater_PostQuinean_v1/contracts/schemas/integration.edge_justification.v1.schema.json:83
R5.11,extraction_output_field,BN_graphical,1,1,BN_graphical/contracts/bn.epistemology.v1.schema.json:416
R5.12,extraction_output_field,BN_graphical,1,1,BN_graphical/contracts/bn.epistemology.v1.schema.json:417
R5.13,extraction_output_field,BN_graphical,1,1,BN_graphical/contracts/bn.epistemology.v1.schema.json:418
R5.6,extraction_output_field,BN_graphical,1,1,BN_graphical/contracts/bn.epistemology.v1.schema.json:414
R5.7,extraction_output_field,BN_graphical,1,1,BN_graphical/contracts/bn.epistemology.v1.schema.json:415
RCT,extraction_output_field,Article_Eater_PostQuinean_v1,1,2,Article_Eater_PostQuinean_v1/ruthless_bundle_2026-02-08/src/services/scope_extractor.py:464; Article_Eater_PostQuinean_v1/src/services/scope_extractor.py:464
RDATE,extraction_output_field,BN_graphical,1,4,BN_graphical/backups/broken_venvs/bn_venv_20260213_092600/lib/python3.12/site-packages/dateutil/rrule.py:1677; BN_graphical/bn_venv/lib/python3.14/site-packages/dateutil/rrule.py:1677; BN_graphical/bn_venv_py311/lib/python3.11/site-packages/dateutil/rrule.py:1677; BN_graphical/test_venv_310/lib/python3.10/site-packages/dateutil/rrule.py:1677
README.rst,extraction_output_field,BN_graphical,1,3,BN_graphical/backups/broken_venvs/bn_venv_20260213_092600/lib/python3.12/site-packages/setuptools/tests/test_editable_install.py:88; BN_graphical/bn_venv_py311/lib/python3.11/site-packages/setuptools/tests/test_editable_install.py:88; BN_graphical/test_venv_310/lib/python3.10/site-packages/setuptools/tests/test_editable_install.py:89
REALNAME,extraction_output_field,BN_graphical,1,4,BN_graphical/backups/broken_venvs/bn_venv_20260213_092600/lib/python3.12/site-packages/numpy/f2py/use_rules.py:87; BN_graphical/bn_venv/lib/python3.14/site-packages/numpy/f2py/use_rules.py:80; BN_graphical/bn_venv_py311/lib/python3.11/site-packages/numpy/f2py/use_rules.py:94; BN_graphical/test_venv_310/lib/python3.10/site-packages/numpy/f2py/use_rules.py:94
REBUTTING,enum_value,Article_Eater_PostQuinean_v1,1,2,Article_Eater_PostQuinean_v1/src/models/epistemic_status.py:44; Article_Eater_PostQuinean_v1/src/services/warrant_service.py:57
REJECTED,enum_value,Article_Eater_PostQuinean_v1,1,1,Article_Eater_PostQuinean_v1/app/routes/api_unified.py:85
REVIEW,enum_value,Article_Eater_PostQuinean_v1,1,1,Article_Eater_PostQuinean_v1/src/models/provenance.py:39
RMSEA,extraction_output_field,BN_graphical,1,1,BN_graphical/docs/research/ARTICLE_TYPE_ARGUMENT_TABLES.md:1089
RRULE,extraction_output_field,BN_graphical,1,8,BN_graphical/backups/broken_venvs/bn_venv_20260213_092600/lib/python3.12/site-packages/dateutil/rrule.py:1544; BN_graphical/backups/broken_venvs/bn_venv_20260213_092600/lib/python3.12/site-packages/dateutil/rrule.py:1673; BN_graphical/bn_venv/lib/python3.14/site-packages/dateutil/rrule.py:1544; BN_graphical/bn_venv/lib/python3.14/site-packages/dateutil/rrule.py:1673
RangeRecord,extraction_output_field,BN_graphical,1,3,BN_graphical/backups/broken_venvs/bn_venv_20260213_092600/lib/python3.12/site-packages/fontTools/ttLib/tables/otTables.py:1007; BN_graphical/bn_venv_py311/lib/python3.11/site-packages/fontTools/ttLib/tables/otTables.py:1007; BN_graphical/test_venv_310/lib/python3.10/site-packages/fontTools/ttLib/tables/otTables.py:1007
RegionAttributes,extraction_output_field,Tagging_Contractor,1,1,Tagging_Contractor/contracts/localized_image_tags.schema.json:79
RegionAxisCount,extraction_output_field,BN_graphical,1,3,BN_graphical/backups/broken_venvs/bn_venv_20260213_092600/lib/python3.12/site-packages/fontTools/ttLib/tables/otTables.py:1176; BN_graphical/bn_venv_py311/lib/python3.11/site-packages/fontTools/ttLib/tables/otTables.py:1176; BN_graphical/test_venv_310/lib/python3.10/site-packages/fontTools/ttLib/tables/otTables.py:1176
RegionRelationship,extraction_output_field,Tagging_Contractor,1,1,Tagging_Contractor/contracts/localized_image_tags.schema.json:122
RenderResult,extraction_output_field,BN_graphical,1,18,BN_graphical/backups/broken_venvs/bn_venv_20260213_092600/lib/python3.12/site-packages/pip/_vendor/rich/table.py:478; BN_graphical/backups/broken_venvs/bn_venv_20260213_092600/lib/python3.12/site-packages/pip/_vendor/rich/table.py:499; BN_graphical/backups/broken_venvs/bn_venv_20260213_092600/lib/python3.12/site-packages/pip/_vendor/rich/table.py:749; BN_graphical/backups/broken_venvs/bn_venv_20260213_092600/lib/python3.12/site-packages/rich/table.py:478
ReservedFlags,extraction_output_field,BN_graphical,1,9,BN_graphical/backups/broken_venvs/bn_venv_20260213_092600/lib/python3.12/site-packages/fontTools/ttLib/tables/otTables.py:549; BN_graphical/backups/broken_venvs/bn_venv_20260213_092600/lib/python3.12/site-packages/fontTools/ttLib/tables/otTables.py:613; BN_graphical/backups/broken_venvs/bn_venv_20260213_092600/lib/python3.12/site-packages/fontTools/ttLib/tables/otTables.py:751; BN_graphical/bn_venv_py311/lib/python3.11/site-packages/fontTools/ttLib/tables/otTables.py:549
ReviewCreateRequest,extraction_output_field,Tagging_Contractor,1,2,Tagging_Contractor/Archive 2/backend/app/schemas.py:97; Tagging_Contractor/backend/app/schemas.py:97
RevisionAction,extraction_output_field,BN_graphical,1,1,BN_graphical/contracts/bn.epistemology.v1.schema.json:251
SECONDLY,extraction_output_field,BN_graphical,1,4,BN_graphical/backups/broken_venvs/bn_venv_20260213_092600/lib/python3.12/site-packages/dateutil/rrule.py:1469; BN_graphical/bn_venv/lib/python3.14/site-packages/dateutil/rrule.py:1469; BN_graphical/bn_venv_py311/lib/python3.11/site-packages/dateutil/rrule.py:1469; BN_graphical/test_venv_310/lib/python3.10/site-packages/dateutil/rrule.py:1469
SELF_REPORT,enum_value,Article_Eater_PostQuinean_v1,1,1,Article_Eater_PostQuinean_v1/src/models/provenance.py:69
SPARSE,enum_value,BN_graphical,1,1,BN_graphical/bn_venv/lib/python3.14/site-packages/sqlalchemy/dialects/oracle/vector.py:108
STATFlags,extraction_output_field,BN_graphical,1,3,BN_graphical/backups/broken_venvs/bn_venv_20260213_092600/lib/python3.12/site-packages/fontTools/ttLib/tables/otConverters.py:2051; BN_graphical/bn_venv_py311/lib/python3.11/site-packages/fontTools/ttLib/tables/otConverters.py:2051; BN_graphical/test_venv_310/lib/python3.10/site-packages/fontTools/ttLib/tables/otConverters.py:2051
STUB,enum_value,Article_Eater_PostQuinean_v1,1,1,Article_Eater_PostQuinean_v1/app/routes/api_unified.py:87
STXHeader,extraction_output_field,BN_graphical,1,3,BN_graphical/backups/broken_venvs/bn_venv_20260213_092600/lib/python3.12/site-packages/fontTools/ttLib/tables/otConverters.py:2064; BN_graphical/bn_venv_py311/lib/python3.11/site-packages/fontTools/ttLib/tables/otConverters.py:2064; BN_graphical/test_venv_310/lib/python3.10/site-packages/fontTools/ttLib/tables/otConverters.py:2064
ScopeBoundary,extraction_output_field,BN_graphical,1,1,BN_graphical/src/mechanisms/mechanism_schema.py:234
SemanticRegion,extraction_output_field,Tagging_Contractor,1,1,Tagging_Contractor/contracts/localized_image_tags.schema.json:83
SignatureRecord,extraction_output_field,BN_graphical,1,3,BN_graphical/backups/broken_venvs/bn_venv_20260213_092600/lib/python3.12/site-packages/fontTools/ttLib/tables/D_S_I_G_.py:118; BN_graphical/bn_venv_py311/lib/python3.11/site-packages/fontTools/ttLib/tables/D_S_I_G_.py:118; BN_graphical/test_venv_310/lib/python3.10/site-packages/fontTools/ttLib/tables/D_S_I_G_.py:118
SpohnConditionalization,extraction_output_field,Article_Eater_PostQuinean_v1,1,1,Article_Eater_PostQuinean_v1/contracts/schemas/epistemic_status.v1.schema.json:95
StartGlyph,extraction_output_field,BN_graphical,1,3,BN_graphical/backups/broken_venvs/bn_venv_20260213_092600/lib/python3.12/site-packages/fontTools/ttLib/tables/otTables.py:1422; BN_graphical/bn_venv_py311/lib/python3.11/site-packages/fontTools/ttLib/tables/otTables.py:1422; BN_graphical/test_venv_310/lib/python3.10/site-packages/fontTools/ttLib/tables/otTables.py:1422
StringRecord,extraction_output_field,BN_graphical,1,3,BN_graphical/backups/broken_venvs/bn_venv_20260213_092600/lib/python3.12/site-packages/fontTools/ttLib/tables/M_E_T_A_.py:234; BN_graphical/bn_venv_py311/lib/python3.11/site-packages/fontTools/ttLib/tables/M_E_T_A_.py:234; BN_graphical/test_venv_310/lib/python3.10/site-packages/fontTools/ttLib/tables/M_E_T_A_.py:234
StructLength,extraction_output_field,BN_graphical,1,3,BN_graphical/backups/broken_venvs/bn_venv_20260213_092600/lib/python3.12/site-packages/fontTools/ttLib/tables/otConverters.py:678; BN_graphical/bn_venv_py311/lib/python3.11/site-packages/fontTools/ttLib/tables/otConverters.py:678; BN_graphical/test_venv_310/lib/python3.10/site-packages/fontTools/ttLib/tables/otConverters.py:678
SubFeatureFlags,extraction_output_field,BN_graphical,1,3,BN_graphical/backups/broken_venvs/bn_venv_20260213_092600/lib/python3.12/site-packages/fontTools/ttLib/tables/otConverters.py:1233; BN_graphical/bn_venv_py311/lib/python3.11/site-packages/fontTools/ttLib/tables/otConverters.py:1233; BN_graphical/test_venv_310/lib/python3.10/site-packages/fontTools/ttLib/tables/otConverters.py:1233
SubStruct,extraction_output_field,BN_graphical,1,6,BN_graphical/backups/broken_venvs/bn_venv_20260213_092600/lib/python3.12/site-packages/fontTools/ttLib/tables/otBase.py:969; BN_graphical/backups/broken_venvs/bn_venv_20260213_092600/lib/python3.12/site-packages/fontTools/ttLib/tables/otConverters.py:69; BN_graphical/bn_venv_py311/lib/python3.11/site-packages/fontTools/ttLib/tables/otBase.py:969; BN_graphical/bn_venv_py311/lib/python3.11/site-packages/fontTools/ttLib/tables/otConverters.py:69
SubTable,extraction_output_field,BN_graphical,1,9,BN_graphical/backups/broken_venvs/bn_venv_20260213_092600/lib/python3.12/site-packages/fontTools/ttLib/tables/otBase.py:804; BN_graphical/backups/broken_venvs/bn_venv_20260213_092600/lib/python3.12/site-packages/fontTools/ttLib/tables/otBase.py:963; BN_graphical/backups/broken_venvs/bn_venv_20260213_092600/lib/python3.12/site-packages/fontTools/ttLib/tables/otConverters.py:65; BN_graphical/bn_venv_py311/lib/python3.11/site-packages/fontTools/ttLib/tables/otBase.py:804
SubjectModerator,extraction_output_field,Article_Eater_PostQuinean_v1,1,1,Article_Eater_PostQuinean_v1/schemas/rule_graph.schema.json:40
SubjectScope,extraction_output_field,Article_Eater_PostQuinean_v1,1,1,Article_Eater_PostQuinean_v1/schemas/rule_graph.schema.json:87
SubjectTrait,extraction_output_field,Article_Eater_PostQuinean_v1,1,2,Article_Eater_PostQuinean_v1/schemas/panel_subjects.schema.json:3; Article_Eater_PostQuinean_v1/schemas/rule_graph.schema.json:257
THEORY,enum_value,Article_Eater_PostQuinean_v1,1,1,Article_Eater_PostQuinean_v1/src/models/provenance.py:28
TIMEOUT,enum_value,BN_graphical,1,3,BN_graphical/backups/broken_venvs/bn_venv_20260213_092600/lib/python3.12/site-packages/websockets/asyncio/async_timeout.py:115; BN_graphical/bn_venv_py311/lib/python3.11/site-packages/websockets/asyncio/async_timeout.py:115; BN_graphical/test_venv_310/lib/python3.10/site-packages/websockets/asyncio/async_timeout.py:115
TTGlyph,extraction_output_field,BN_graphical,1,3,BN_graphical/backups/broken_venvs/bn_venv_20260213_092600/lib/python3.12/site-packages/fontTools/ttLib/tables/_g_l_y_f.py:266; BN_graphical/bn_venv_py311/lib/python3.11/site-packages/fontTools/ttLib/tables/_g_l_y_f.py:266; BN_graphical/test_venv_310/lib/python3.10/site-packages/fontTools/ttLib/tables/_g_l_y_f.py:266
TagObservation,extraction_output_field,BN_graphical,1,1,BN_graphical/contracts/bn.api.v2.schema.json:203
TextDirection,extraction_output_field,BN_graphical,1,3,BN_graphical/backups/broken_venvs/bn_venv_20260213_092600/lib/python3.12/site-packages/fontTools/ttLib/tables/otConverters.py:1226; BN_graphical/bn_venv_py311/lib/python3.11/site-packages/fontTools/ttLib/tables/otConverters.py:1226; BN_graphical/test_venv_310/lib/python3.10/site-packages/fontTools/ttLib/tables/otConverters.py:1226
TheoreticalAlignment,extraction_output_field,BN_graphical,1,1,BN_graphical/src/schemas/mechanism_specification.py:103
TupleList,extraction_output_field,BN_graphical,1,3,BN_graphical/backups/broken_venvs/bn_venv_20260213_092600/lib/python3.12/site-packages/fontTools/ttLib/tables/otConverters.py:2052; BN_graphical/bn_venv_py311/lib/python3.11/site-packages/fontTools/ttLib/tables/otConverters.py:2052; BN_graphical/test_venv_310/lib/python3.10/site-packages/fontTools/ttLib/tables/otConverters.py:2052
UNCHECKED,enum_value,Article_Eater_PostQuinean_v1,1,1,Article_Eater_PostQuinean_v1/src/services/warrant_service.py:52
UNDERCUTTING,enum_value,Article_Eater_PostQuinean_v1,1,2,Article_Eater_PostQuinean_v1/src/models/epistemic_status.py:45; Article_Eater_PostQuinean_v1/src/services/warrant_service.py:58
UNIDENTIFIABLE,enum_value,Article_Eater_PostQuinean_v1,1,1,Article_Eater_PostQuinean_v1/src/services/graph_confidence_service.py:52
UNION,enum_value,BN_graphical,1,4,BN_graphical/backups/broken_venvs/bn_venv_20260213_092600/lib/python3.12/site-packages/sqlalchemy/sql/selectable.py:4249; BN_graphical/bn_venv/lib/python3.14/site-packages/sqlalchemy/sql/selectable.py:4504; BN_graphical/bn_venv_py311/lib/python3.11/site-packages/sqlalchemy/sql/selectable.py:4249; BN_graphical/test_venv_310/lib/python3.10/site-packages/sqlalchemy/sql/selectable.py:4249
UNJUSTIFIED,enum_value,Article_Eater_PostQuinean_v1,1,2,Article_Eater_PostQuinean_v1/src/models/provenance.py:62; Article_Eater_PostQuinean_v1/src/services/grounding_service.py:63
UNKNOWN,enum_value,Article_Eater_PostQuinean_v1,1,1,Article_Eater_PostQuinean_v1/src/services/graph_confidence_service.py:54
USEMODULENAME,extraction_output_field,BN_graphical,1,4,BN_graphical/backups/broken_venvs/bn_venv_20260213_092600/lib/python3.12/site-packages/numpy/f2py/use_rules.py:89; BN_graphical/bn_venv/lib/python3.14/site-packages/numpy/f2py/use_rules.py:82; BN_graphical/bn_venv_py311/lib/python3.11/site-packages/numpy/f2py/use_rules.py:96; BN_graphical/test_venv_310/lib/python3.10/site-packages/numpy/f2py/use_rules.py:96
User-Agent,extraction_output_field,Article_Finder_v3_2_3,1,4,Article_Finder_v3_2_3/ingest/doi_resolver.py:149; Article_Finder_v3_2_3/ingest/doi_resolver.py:328; Article_Finder_v3_2_3/ingest/pdf_downloader.py:123; Article_Finder_v3_2_3/ingest/pdf_downloader.py:46
VERY_LOW,enum_value,Article_Eater_PostQuinean_v1,1,1,Article_Eater_PostQuinean_v1/src/models/provenance.py:85
VOriginRecord,extraction_output_field,BN_graphical,1,3,BN_graphical/backups/broken_venvs/bn_venv_20260213_092600/lib/python3.12/site-packages/fontTools/ttLib/tables/V_O_R_G_.py:110; BN_graphical/bn_venv_py311/lib/python3.11/site-packages/fontTools/ttLib/tables/V_O_R_G_.py:110; BN_graphical/test_venv_310/lib/python3.10/site-packages/fontTools/ttLib/tables/V_O_R_G_.py:110
ValidateRequest,extraction_output_field,BN_graphical,1,1,BN_graphical/contracts/bn.api.v2.schema.json:392
ValidateResponse,extraction_output_field,BN_graphical,1,1,BN_graphical/contracts/bn.api.v2.schema.json:419
ValueFormat2,extraction_output_field,BN_graphical,1,6,BN_graphical/backups/broken_venvs/bn_venv_20260213_092600/lib/python3.12/site-packages/fontTools/ttLib/tables/otTables.py:2374; BN_graphical/backups/broken_venvs/bn_venv_20260213_092600/lib/python3.12/site-packages/fontTools/ttLib/tables/otTables.py:2400; BN_graphical/bn_venv_py311/lib/python3.11/site-packages/fontTools/ttLib/tables/otTables.py:2374; BN_graphical/bn_venv_py311/lib/python3.11/site-packages/fontTools/ttLib/tables/otTables.py:2400
ValueRecord,extraction_output_field,BN_graphical,1,3,BN_graphical/backups/broken_venvs/bn_venv_20260213_092600/lib/python3.12/site-packages/fontTools/ttLib/tables/otConverters.py:2044; BN_graphical/bn_venv_py311/lib/python3.11/site-packages/fontTools/ttLib/tables/otConverters.py:2044; BN_graphical/test_venv_310/lib/python3.10/site-packages/fontTools/ttLib/tables/otConverters.py:2044
VarCompositeGlyphList,extraction_output_field,BN_graphical,1,3,BN_graphical/backups/broken_venvs/bn_venv_20260213_092600/lib/python3.12/site-packages/fontTools/ttLib/tables/otConverters.py:2053; BN_graphical/bn_venv_py311/lib/python3.11/site-packages/fontTools/ttLib/tables/otConverters.py:2053; BN_graphical/test_venv_310/lib/python3.10/site-packages/fontTools/ttLib/tables/otConverters.py:2053
VarDataValue,extraction_output_field,BN_graphical,1,3,BN_graphical/backups/broken_venvs/bn_venv_20260213_092600/lib/python3.12/site-packages/fontTools/ttLib/tables/otConverters.py:2047; BN_graphical/bn_venv_py311/lib/python3.11/site-packages/fontTools/ttLib/tables/otConverters.py:2047; BN_graphical/test_venv_310/lib/python3.10/site-packages/fontTools/ttLib/tables/otConverters.py:2047
VarIdxMapValue,extraction_output_field,BN_graphical,1,3,BN_graphical/backups/broken_venvs/bn_venv_20260213_092600/lib/python3.12/site-packages/fontTools/ttLib/tables/otConverters.py:2046; BN_graphical/bn_venv_py311/lib/python3.11/site-packages/fontTools/ttLib/tables/otConverters.py:2046; BN_graphical/test_venv_310/lib/python3.10/site-packages/fontTools/ttLib/tables/otConverters.py:2046
VarIndex,extraction_output_field,BN_graphical,1,3,BN_graphical/backups/broken_venvs/bn_venv_20260213_092600/lib/python3.12/site-packages/fontTools/ttLib/tables/otConverters.py:2029; BN_graphical/bn_venv_py311/lib/python3.11/site-packages/fontTools/ttLib/tables/otConverters.py:2029; BN_graphical/test_venv_310/lib/python3.10/site-packages/fontTools/ttLib/tables/otConverters.py:2029
VerificationUIData,extraction_output_field,BN_graphical,1,1,BN_graphical/src/ai_extraction/verification_queue.py:600
WEEKLY,extraction_output_field,BN_graphical,1,4,BN_graphical/backups/broken_venvs/bn_venv_20260213_092600/lib/python3.12/site-packages/dateutil/rrule.py:1465; BN_graphical/bn_venv/lib/python3.14/site-packages/dateutil/rrule.py:1465; BN_graphical/bn_venv_py311/lib/python3.11/site-packages/dateutil/rrule.py:1465; BN_graphical/test_venv_310/lib/python3.10/site-packages/dateutil/rrule.py:1465
WELL_JUSTIFIED,enum_value,Article_Eater_PostQuinean_v1,1,2,Article_Eater_PostQuinean_v1/src/models/provenance.py:59; Article_Eater_PostQuinean_v1/src/services/grounding_service.py:60
WarrantStatus,extraction_output_field,BN_graphical,1,1,BN_graphical/contracts/ae_bn_bridge.v1.schema.json:22
X_types,extraction_output_field,BN_graphical,1,21,BN_graphical/backups/broken_venvs/bn_venv_20260213_092600/lib/python3.12/site-packages/sklearn/feature_extraction/_dict_vectorizer.py:452; BN_graphical/backups/broken_venvs/bn_venv_20260213_092600/lib/python3.12/site-packages/sklearn/feature_extraction/_hash.py:197; BN_graphical/backups/broken_venvs/bn_venv_20260213_092600/lib/python3.12/site-packages/sklearn/feature_extraction/image.py:671; BN_graphical/backups/broken_venvs/bn_venv_20260213_092600/lib/python3.12/site-packages/sklearn/feature_extraction/text.py:1492
YEARLY,extraction_output_field,BN_graphical,1,4,BN_graphical/backups/broken_venvs/bn_venv_20260213_092600/lib/python3.12/site-packages/dateutil/rrule.py:1463; BN_graphical/bn_venv/lib/python3.14/site-packages/dateutil/rrule.py:1463; BN_graphical/bn_venv_py311/lib/python3.11/site-packages/dateutil/rrule.py:1463; BN_graphical/test_venv_310/lib/python3.10/site-packages/dateutil/rrule.py:1463
_ARRAY_DIMENSIONS,enum_value,BN_graphical,1,3,BN_graphical/backups/broken_venvs/bn_venv_20260213_092600/lib/python3.12/site-packages/xarray/tests/test_backends.py:2649; BN_graphical/bn_venv_py311/lib/python3.11/site-packages/xarray/tests/test_backends.py:2313; BN_graphical/test_venv_310/lib/python3.10/site-packages/xarray/tests/test_backends.py:2313
_BLNK_,extraction_output_field,BN_graphical,1,4,BN_graphical/backups/broken_venvs/bn_venv_20260213_092600/lib/python3.12/site-packages/numpy/f2py/common_rules.py:81; BN_graphical/bn_venv/lib/python3.14/site-packages/numpy/f2py/common_rules.py:79; BN_graphical/bn_venv_py311/lib/python3.11/site-packages/numpy/f2py/common_rules.py:84; BN_graphical/test_venv_310/lib/python3.10/site-packages/numpy/f2py/common_rules.py:84
__init__,extraction_output_field,BN_graphical,1,4,BN_graphical/backups/broken_venvs/bn_venv_20260213_092600/lib/python3.12/site-packages/sqlalchemy/testing/schema.py:212; BN_graphical/bn_venv/lib/python3.14/site-packages/sqlalchemy/testing/schema.py:186; BN_graphical/bn_venv_py311/lib/python3.11/site-packages/sqlalchemy/testing/schema.py:212; BN_graphical/test_venv_310/lib/python3.10/site-packages/sqlalchemy/testing/schema.py:212
__init__.py,extraction_output_field,BN_graphical,1,76,BN_graphical/backups/broken_venvs/bn_venv_20260213_092600/lib/python3.12/site-packages/setuptools/tests/test_editable_install.py:174; BN_graphical/backups/broken_venvs/bn_venv_20260213_092600/lib/python3.12/site-packages/setuptools/tests/test_editable_install.py:334; BN_graphical/backups/broken_venvs/bn_venv_20260213_092600/lib/python3.12/site-packages/setuptools/tests/test_editable_install.py:373; BN_graphical/backups/broken_venvs/bn_venv_20260213_092600/lib/python3.12/site-packages/setuptools/tests/test_editable_install.py:376
__main__.py,extraction_output_field,BN_graphical,1,3,BN_graphical/backups/broken_venvs/bn_venv_20260213_092600/lib/python3.12/site-packages/setuptools/tests/test_editable_install.py:103; BN_graphical/bn_venv_py311/lib/python3.11/site-packages/setuptools/tests/test_editable_install.py:103; BN_graphical/test_venv_310/lib/python3.10/site-packages/setuptools/tests/test_editable_install.py:104
__members__,extraction_output_field,BN_graphical,1,4,BN_graphical/backups/broken_venvs/bn_venv_20260213_092600/lib/python3.12/site-packages/sqlalchemy/testing/schema.py:212; BN_graphical/bn_venv/lib/python3.14/site-packages/sqlalchemy/testing/schema.py:186; BN_graphical/bn_venv_py311/lib/python3.11/site-packages/sqlalchemy/testing/schema.py:212; BN_graphical/test_venv_310/lib/python3.10/site-packages/sqlalchemy/testing/schema.py:212
_break,extraction_output_field,BN_graphical,1,12,BN_graphical/backups/broken_venvs/bn_venv_20260213_092600/lib/python3.12/site-packages/numpy/f2py/rules.py:1216; BN_graphical/backups/broken_venvs/bn_venv_20260213_092600/lib/python3.12/site-packages/numpy/f2py/rules.py:1222; BN_graphical/backups/broken_venvs/bn_venv_20260213_092600/lib/python3.12/site-packages/numpy/f2py/rules.py:1228; BN_graphical/bn_venv/lib/python3.14/site-packages/numpy/f2py/rules.py:1276
_cached_at,extraction_output_field,Article_Finder_v3_2_3,1,1,Article_Finder_v3_2_3/ingest/doi_resolver.py:114
_check,extraction_output_field,BN_graphical,1,316,BN_graphical/backups/broken_venvs/bn_venv_20260213_092600/lib/python3.12/site-packages/numpy/f2py/cb_rules.py:245; BN_graphical/backups/broken_venvs/bn_venv_20260213_092600/lib/python3.12/site-packages/numpy/f2py/cb_rules.py:267; BN_graphical/backups/broken_venvs/bn_venv_20260213_092600/lib/python3.12/site-packages/numpy/f2py/cb_rules.py:325; BN_graphical/backups/broken_venvs/bn_venv_20260213_092600/lib/python3.12/site-packages/numpy/f2py/cb_rules.py:331
_comment,extraction_output_field,Article_Eater_PostQuinean_v1,1,4,Article_Eater_PostQuinean_v1/contracts/vocab/institution_tiers.json:85; Article_Eater_PostQuinean_v1/contracts/vocab/task_taxonomy.json:185; Article_Eater_PostQuinean_v1/contracts/vocab/task_taxonomy.json:292; Article_Eater_PostQuinean_v1/contracts/vocab/task_taxonomy.json:330
_depend,extraction_output_field,BN_graphical,1,108,BN_graphical/backups/broken_venvs/bn_venv_20260213_092600/lib/python3.12/site-packages/numpy/f2py/cb_rules.py:446; BN_graphical/backups/broken_venvs/bn_venv_20260213_092600/lib/python3.12/site-packages/numpy/f2py/rules.py:1018; BN_graphical/backups/broken_venvs/bn_venv_20260213_092600/lib/python3.12/site-packages/numpy/f2py/rules.py:1040; BN_graphical/backups/broken_venvs/bn_venv_20260213_092600/lib/python3.12/site-packages/numpy/f2py/rules.py:1068
_error,extraction_output_field,Article_Eater_PostQuinean_v1,1,1,Article_Eater_PostQuinean_v1/app/cli/article_eater_contract_cli.py:37
_extend_on,extraction_output_field,BN_graphical,1,4,BN_graphical/backups/broken_venvs/bn_venv_20260213_092600/lib/python3.12/site-packages/sqlalchemy/sql/schema.py:5724; BN_graphical/bn_venv/lib/python3.14/site-packages/sqlalchemy/sql/schema.py:5823; BN_graphical/bn_venv_py311/lib/python3.11/site-packages/sqlalchemy/sql/schema.py:5724; BN_graphical/test_venv_310/lib/python3.10/site-packages/sqlalchemy/sql/schema.py:5724
_extensions,extraction_output_field,Outcome_Contractor,1,1,Outcome_Contractor/contracts/core.v1.schema.json:57
_id,extraction_output_field,BN_graphical,1,4,BN_graphical/backups/broken_venvs/bn_venv_20260213_092600/lib/python3.12/site-packages/pandas/tests/io/json/test_json_table_schema.py:261; BN_graphical/bn_venv/lib/python3.14/site-packages/pandas/tests/io/json/test_json_table_schema.py:261; BN_graphical/bn_venv_py311/lib/python3.11/site-packages/pandas/tests/io/json/test_json_table_schema.py:261; BN_graphical/test_venv_310/lib/python3.10/site-packages/pandas/tests/io/json/test_json_table_schema.py:261
_meta,extraction_output_field,Outcome_Contractor,1,1,Outcome_Contractor/contracts/core.v1.schema.json:67
_networkx_list_start,enum_value,BN_graphical,1,4,BN_graphical/backups/broken_venvs/bn_venv_20260213_092600/lib/python3.12/site-packages/networkx/readwrite/gml.py:295; BN_graphical/bn_venv/lib/python3.14/site-packages/networkx/readwrite/gml.py:296; BN_graphical/bn_venv_py311/lib/python3.11/site-packages/networkx/readwrite/gml.py:295; BN_graphical/test_venv_310/lib/python3.10/site-packages/networkx/readwrite/gml.py:295
_optional,extraction_output_field,BN_graphical,1,12,BN_graphical/backups/broken_venvs/bn_venv_20260213_092600/lib/python3.12/site-packages/numpy/f2py/cb_rules.py:410; BN_graphical/backups/broken_venvs/bn_venv_20260213_092600/lib/python3.12/site-packages/numpy/f2py/cb_rules.py:439; BN_graphical/backups/broken_venvs/bn_venv_20260213_092600/lib/python3.12/site-packages/numpy/f2py/cb_rules.py:476; BN_graphical/bn_venv/lib/python3.14/site-packages/numpy/f2py/cb_rules.py:433
_reverseGlyphOrder,extraction_output_field,BN_graphical,1,3,BN_graphical/backups/broken_venvs/bn_venv_20260213_092600/lib/python3.12/site-packages/fontTools/merge/tables.py:213; BN_graphical/bn_venv_py311/lib/python3.11/site-packages/fontTools/merge/tables.py:213; BN_graphical/test_venv_310/lib/python3.10/site-packages/fontTools/merge/tables.py:213
_sa_class_manager,enum_value,BN_graphical,1,4,BN_graphical/backups/broken_venvs/bn_venv_20260213_092600/lib/python3.12/site-packages/sqlalchemy/orm/base.py:207; BN_graphical/bn_venv/lib/python3.14/site-packages/sqlalchemy/orm/base.py:206; BN_graphical/bn_venv_py311/lib/python3.11/site-packages/sqlalchemy/orm/base.py:207; BN_graphical/test_venv_310/lib/python3.10/site-packages/sqlalchemy/orm/base.py:207
_sa_instance_state,enum_value,BN_graphical,1,4,BN_graphical/backups/broken_venvs/bn_venv_20260213_092600/lib/python3.12/site-packages/sqlalchemy/orm/base.py:208; BN_graphical/bn_venv/lib/python3.14/site-packages/sqlalchemy/orm/base.py:207; BN_graphical/bn_venv_py311/lib/python3.11/site-packages/sqlalchemy/orm/base.py:208; BN_graphical/test_venv_310/lib/python3.10/site-packages/sqlalchemy/orm/base.py:208
_skip_test,extraction_output_field,BN_graphical,1,3,BN_graphical/backups/broken_venvs/bn_venv_20260213_092600/lib/python3.12/site-packages/sklearn/feature_extraction/text.py:2166; BN_graphical/bn_venv_py311/lib/python3.11/site-packages/sklearn/feature_extraction/text.py:2166; BN_graphical/test_venv_310/lib/python3.10/site-packages/sklearn/feature_extraction/text.py:2166
_twisted_raw_excinfo,enum_value,BN_graphical,1,1,BN_graphical/bn_venv/lib/python3.14/site-packages/_pytest/unittest.py:553
a.a1.a2,extraction_output_field,BN_graphical,1,3,BN_graphical/backups/broken_venvs/bn_venv_20260213_092600/lib/python3.12/site-packages/setuptools/command/editable_wheel.py:632; BN_graphical/bn_venv_py311/lib/python3.11/site-packages/setuptools/command/editable_wheel.py:639; BN_graphical/test_venv_310/lib/python3.10/site-packages/setuptools/command/editable_wheel.py:623
a.b,extraction_output_field,BN_graphical,1,3,BN_graphical/backups/broken_venvs/bn_venv_20260213_092600/lib/python3.12/site-packages/setuptools/command/editable_wheel.py:634; BN_graphical/bn_venv_py311/lib/python3.11/site-packages/setuptools/command/editable_wheel.py:641; BN_graphical/test_venv_310/lib/python3.10/site-packages/setuptools/command/editable_wheel.py:625
a.b.c,extraction_output_field,BN_graphical,1,6,BN_graphical/backups/broken_venvs/bn_venv_20260213_092600/lib/python3.12/site-packages/setuptools/tests/test_editable_install.py:800; BN_graphical/backups/broken_venvs/bn_venv_20260213_092600/lib/python3.12/site-packages/setuptools/tests/test_editable_install.py:820; BN_graphical/bn_venv_py311/lib/python3.11/site-packages/setuptools/tests/test_editable_install.py:800; BN_graphical/bn_venv_py311/lib/python3.11/site-packages/setuptools/tests/test_editable_install.py:820
a.b.c.x.y.z,extraction_output_field,BN_graphical,1,6,BN_graphical/backups/broken_venvs/bn_venv_20260213_092600/lib/python3.12/site-packages/setuptools/tests/test_editable_install.py:801; BN_graphical/backups/broken_venvs/bn_venv_20260213_092600/lib/python3.12/site-packages/setuptools/tests/test_editable_install.py:821; BN_graphical/bn_venv_py311/lib/python3.11/site-packages/setuptools/tests/test_editable_install.py:801; BN_graphical/bn_venv_py311/lib/python3.11/site-packages/setuptools/tests/test_editable_install.py:821
about_dv,enum_value,Article_Finder_v3_2_3,1,1,Article_Finder_v3_2_3/knowledge/claim_graph.py:39
about_iv,enum_value,Article_Finder_v3_2_3,1,1,Article_Finder_v3_2_3/knowledge/claim_graph.py:38
abstract_enriched,enum_value,Outcome_Contractor,1,1,Outcome_Contractor/article_finder/prisma/audit_trail.py:46
abstract_finding_rule,extraction_output_field,Article_Eater_PostQuinean_v1,1,1,Article_Eater_PostQuinean_v1/src/epistemic/extraction/rule_to_claim_mapper.py:162
abstract_only_warnings,extraction_output_field,Article_Eater_PostQuinean_v1,1,1,Article_Eater_PostQuinean_v1/contracts/ae_af/schemas/ae.query_response.v1.schema.json:229
abstract_provisional,enum_value,Article_Eater_PostQuinean_v1,1,1,Article_Eater_PostQuinean_v1/src/epistemic/contracts/claim_v2.py:18
abstract_rule_deferred_reason,extraction_output_field,Article_Eater_PostQuinean_v1,1,1,Article_Eater_PostQuinean_v1/scripts/run_realtime_table_rule_intake.py:821
abstract_rule_eligible,extraction_output_field,Article_Eater_PostQuinean_v1,1,1,Article_Eater_PostQuinean_v1/scripts/run_realtime_table_rule_intake.py:819
abstract_rule_policy,extraction_output_field,Article_Eater_PostQuinean_v1,1,1,Article_Eater_PostQuinean_v1/scripts/run_realtime_table_rule_intake.py:820
abstract_snippet,extraction_output_field,Article_Eater_PostQuinean_v1,1,2,Article_Eater_PostQuinean_v1/scripts/build_abstract_reduced_tables.py:518; Article_Eater_PostQuinean_v1/scripts/run_realtime_table_rule_intake.py:814
abstracts_added,extraction_output_field,Article_Finder_v3_2_3,1,3,Article_Finder_v3_2_3/ingest/abstract_fetcher.py:30; Article_Finder_v3_2_3/ingest/enricher.py:147; Article_Finder_v3_2_3/ingest/enricher.py:36
access_denied,enum_value,Article_Eater_PostQuinean_v1,1,1,Article_Eater_PostQuinean_v1/src/services/discovery_funnel.py:75
access_quality,extraction_output_field,Outcome_Contractor,1,1,Outcome_Contractor/article_finder/exemplary_extraction_tables.md:2197
accumulating_disconfirmations,enum_value,Article_Eater_PostQuinean_v1,1,1,Article_Eater_PostQuinean_v1/src/epistemic/monitors/theory_monitor.py:40
accumulation_potential,extraction_output_field,Article_Eater_PostQuinean_v1,1,1,Article_Eater_PostQuinean_v1/archive/docs/handoffs/_ontology_rule_system_summary_a bit ago.md:505
achVendID,extraction_output_field,BN_graphical,1,6,BN_graphical/backups/broken_venvs/bn_venv_20260213_092600/lib/python3.12/site-packages/fontTools/ttLib/tables/O_S_2f_2.py:228; BN_graphical/backups/broken_venvs/bn_venv_20260213_092600/lib/python3.12/site-packages/fontTools/ttLib/tables/O_S_2f_2.py:252; BN_graphical/bn_venv_py311/lib/python3.11/site-packages/fontTools/ttLib/tables/O_S_2f_2.py:228; BN_graphical/bn_venv_py311/lib/python3.11/site-packages/fontTools/ttLib/tables/O_S_2f_2.py:252
acoustic.music,extraction_output_field,Outcome_Contractor,1,1,Outcome_Contractor/article_finder/ae_claim_extractor.py:168
acoustic.nature_sound,extraction_output_field,Outcome_Contractor,1,1,Outcome_Contractor/article_finder/ae_claim_extractor.py:169
acoustic.noise,extraction_output_field,Outcome_Contractor,1,1,Outcome_Contractor/article_finder/ae_claim_extractor.py:166
acoustic.speech,extraction_output_field,Outcome_Contractor,1,1,Outcome_Contractor/article_finder/ae_claim_extractor.py:167
acquirable_via_doi,extraction_output_field,Article_Finder_v3_2_3,1,1,Article_Finder_v3_2_3/ingest/zotero_bridge.py:731
activity_type,extraction_output_field,Article_Eater_PostQuinean_v1,1,1,Article_Eater_PostQuinean_v1/schemas/panel_context.schema.json:18
actor_id,extraction_output_field,Article_Eater_PostQuinean_v1,1,1,Article_Eater_PostQuinean_v1/contracts/ae_af/schemas/image_feedback.v1.schema.json:28
added_by,database_column,Outcome_Contractor,1,1,Outcome_Contractor/core/database.py:79
added_date,database_column,BN_graphical,1,2,BN_graphical/database/05_provenance_tables.sql:30; BN_graphical/database/schema.sql:775
added_last_7_days,extraction_output_field,Article_Finder_v3_2_3,1,1,Article_Finder_v3_2_3/ingest/zotero_connector.py:396
adjacent_regions,extraction_output_field,Tagging_Contractor,1,1,Tagging_Contractor/contracts/localized_image_tags.schema.json:96
adjustment_set,extraction_output_field,BN_graphical,1,3,BN_graphical/contracts/bn.api.v2.schema.json:374; BN_graphical/contracts/bn.api.v2.schema.json:91; BN_graphical/contracts/bn.prediction.v1.schema.json:66
adjustment_type,extraction_output_field,BN_graphical,1,1,BN_graphical/contracts/bn.api.v2.schema.json:95
advanceHeightMax,extraction_output_field,BN_graphical,1,3,BN_graphical/backups/broken_venvs/bn_venv_20260213_092600/lib/python3.12/site-packages/fontTools/merge/tables.py:88; BN_graphical/bn_venv_py311/lib/python3.11/site-packages/fontTools/merge/tables.py:88; BN_graphical/test_venv_310/lib/python3.10/site-packages/fontTools/merge/tables.py:88
advanceWidthMax,extraction_output_field,BN_graphical,1,3,BN_graphical/backups/broken_venvs/bn_venv_20260213_092600/lib/python3.12/site-packages/fontTools/merge/tables.py:71; BN_graphical/bn_venv_py311/lib/python3.11/site-packages/fontTools/merge/tables.py:71; BN_graphical/test_venv_310/lib/python3.10/site-packages/fontTools/merge/tables.py:71
adversarial_indicators_found,extraction_output_field,Article_Eater_PostQuinean_v1,1,1,Article_Eater_PostQuinean_v1/src/epistemic/extraction/argumentative.py:133
adversarial_scrutiny_survived,extraction_output_field,Article_Eater_PostQuinean_v1,1,1,Article_Eater_PostQuinean_v1/src/epistemic/extraction/argumentative.py:127
ae_feedback,enum_value,Article_Finder_v3_2_3,1,1,Article_Finder_v3_2_3/search/discovery_orchestrator.py:39
ae_job_path,database_column,Article_Finder_v3_2_3,1,1,Article_Finder_v3_2_3/core/database.py:57
ae_n_claims,database_column,Article_Finder_v3_2_3,1,1,Article_Finder_v3_2_3/core/database.py:62
ae_n_rules,database_column,Article_Finder_v3_2_3,1,1,Article_Finder_v3_2_3/core/database.py:63
ae_output_path,database_column,Article_Finder_v3_2_3,1,1,Article_Finder_v3_2_3/core/database.py:58
ae_profile,database_column,Article_Finder_v3_2_3,1,1,Article_Finder_v3_2_3/core/database.py:60
ae_run_id,database_column,Article_Finder_v3_2_3,1,3,Article_Finder_v3_2_3/core/database.py:218; Article_Finder_v3_2_3/core/database.py:248; Article_Finder_v3_2_3/core/database.py:59
ae_state_id,extraction_output_field,BN_graphical,1,2,BN_graphical/contracts/bn.api.v2.schema.json:258; BN_graphical/contracts/bn.api.v2.schema.json:554
ae_status,database_column,Article_Finder_v3_2_3,1,1,Article_Finder_v3_2_3/core/database.py:61
ae_warnings,database_column,Article_Finder_v3_2_3,1,1,Article_Finder_v3_2_3/core/database.py:65
ae_web_state,extraction_output_field,BN_graphical,1,1,BN_graphical/contracts/bn.api.v2.schema.json:254
af_decision,extraction_output_field,Article_Eater_PostQuinean_v1,1,1,Article_Eater_PostQuinean_v1/contracts/ae_af/schemas/ae.result.v1.schema.json:130
affect.arousal,extraction_output_field,Outcome_Contractor,1,2,Outcome_Contractor/contracts/oc_export/ae_outcome_lookup.json:2132; Outcome_Contractor/contracts/oc_export/constitutive_bridges.json:17509
affect.arousal.activation,extraction_output_field,Outcome_Contractor,1,2,Outcome_Contractor/contracts/oc_export/ae_outcome_lookup.json:2137; Outcome_Contractor/contracts/oc_export/constitutive_bridges.json:17516
affect.arousal.deactivation,extraction_output_field,Outcome_Contractor,1,2,Outcome_Contractor/contracts/oc_export/ae_outcome_lookup.json:2142; Outcome_Contractor/contracts/oc_export/constitutive_bridges.json:17524
affect.arousal.overstimulation,extraction_output_field,Outcome_Contractor,1,2,Outcome_Contractor/contracts/oc_export/ae_outcome_lookup.json:2147; Outcome_Contractor/contracts/oc_export/constitutive_bridges.json:17532
affect.arousal.understimulation,extraction_output_field,Outcome_Contractor,1,2,Outcome_Contractor/contracts/oc_export/ae_outcome_lookup.json:2152; Outcome_Contractor/contracts/oc_export/constitutive_bridges.json:17540
affect.boredom,extraction_output_field,Outcome_Contractor,1,2,Outcome_Contractor/contracts/oc_export/ae_outcome_lookup.json:2157; Outcome_Contractor/contracts/oc_export/constitutive_bridges.json:17548
affect.boredom.disengagement,extraction_output_field,Outcome_Contractor,1,2,Outcome_Contractor/contracts/oc_export/ae_outcome_lookup.json:2162; Outcome_Contractor/contracts/oc_export/constitutive_bridges.json:17555
affect.boredom.monotony,extraction_output_field,Outcome_Contractor,1,2,Outcome_Contractor/contracts/oc_export/ae_outcome_lookup.json:2167; Outcome_Contractor/contracts/oc_export/constitutive_bridges.json:17563
affect.boredom.understimulation,extraction_output_field,Outcome_Contractor,1,2,Outcome_Contractor/contracts/oc_export/ae_outcome_lookup.json:2172; Outcome_Contractor/contracts/oc_export/constitutive_bridges.json:17571
affect.comfort,extraction_output_field,Outcome_Contractor,1,2,Outcome_Contractor/contracts/oc_export/ae_outcome_lookup.json:2177; Outcome_Contractor/contracts/oc_export/constitutive_bridges.json:17579
affect.comfort.physical,extraction_output_field,Outcome_Contractor,1,2,Outcome_Contractor/contracts/oc_export/ae_outcome_lookup.json:2182; Outcome_Contractor/contracts/oc_export/constitutive_bridges.json:17586
affect.comfort.physical.acoustic,extraction_output_field,Outcome_Contractor,1,2,Outcome_Contractor/contracts/oc_export/ae_outcome_lookup.json:2187; Outcome_Contractor/contracts/oc_export/constitutive_bridges.json:17594
affect.comfort.physical.ergonomic,extraction_output_field,Outcome_Contractor,1,2,Outcome_Contractor/contracts/oc_export/ae_outcome_lookup.json:2192; Outcome_Contractor/contracts/oc_export/constitutive_bridges.json:17603
affect.comfort.physical.thermal,extraction_output_field,Outcome_Contractor,1,2,Outcome_Contractor/contracts/oc_export/ae_outcome_lookup.json:2197; Outcome_Contractor/contracts/oc_export/constitutive_bridges.json:17612
affect.comfort.physical.visual,extraction_output_field,Outcome_Contractor,1,2,Outcome_Contractor/contracts/oc_export/ae_outcome_lookup.json:2202; Outcome_Contractor/contracts/oc_export/constitutive_bridges.json:17621
affect.comfort.psychological,extraction_output_field,Outcome_Contractor,1,2,Outcome_Contractor/contracts/oc_export/ae_outcome_lookup.json:2207; Outcome_Contractor/contracts/oc_export/constitutive_bridges.json:17630
affect.comfort.psychological.ease,extraction_output_field,Outcome_Contractor,1,2,Outcome_Contractor/contracts/oc_export/ae_outcome_lookup.json:2212; Outcome_Contractor/contracts/oc_export/constitutive_bridges.json:17638
affect.comfort.psychological.safety,extraction_output_field,Outcome_Contractor,1,2,Outcome_Contractor/contracts/oc_export/ae_outcome_lookup.json:2217; Outcome_Contractor/contracts/oc_export/constitutive_bridges.json:17647
affect.comfort.psychological.security,extraction_output_field,Outcome_Contractor,1,2,Outcome_Contractor/contracts/oc_export/ae_outcome_lookup.json:2222; Outcome_Contractor/contracts/oc_export/constitutive_bridges.json:17656
affect.comfort.social,extraction_output_field,Outcome_Contractor,1,2,Outcome_Contractor/contracts/oc_export/ae_outcome_lookup.json:2227; Outcome_Contractor/contracts/oc_export/constitutive_bridges.json:17665
affect.cozy,extraction_output_field,Article_Eater_PostQuinean_v1,1,2,Article_Eater_PostQuinean_v1/contracts/vocab/environment_lookup.json:1498; Article_Eater_PostQuinean_v1/contracts/vocab/environment_lookup.json:7
affect.emotion,extraction_output_field,Outcome_Contractor,1,2,Outcome_Contractor/contracts/oc_export/ae_outcome_lookup.json:2232; Outcome_Contractor/contracts/oc_export/constitutive_bridges.json:17673
affect.emotion.complex,extraction_output_field,Outcome_Contractor,1,2,Outcome_Contractor/contracts/oc_export/ae_outcome_lookup.json:2237; Outcome_Contractor/contracts/oc_export/constitutive_bridges.json:17680
affect.emotion.complex.ambivalence,extraction_output_field,Outcome_Contractor,1,2,Outcome_Contractor/contracts/oc_export/ae_outcome_lookup.json:2242; Outcome_Contractor/contracts/oc_export/constitutive_bridges.json:17688
affect.emotion.complex.nostalgia,extraction_output_field,Outcome_Contractor,1,2,Outcome_Contractor/contracts/oc_export/ae_outcome_lookup.json:2247; Outcome_Contractor/contracts/oc_export/constitutive_bridges.json:17697
affect.emotion.complex.sublime,extraction_output_field,Outcome_Contractor,1,2,Outcome_Contractor/contracts/oc_export/ae_outcome_lookup.json:2252; Outcome_Contractor/contracts/oc_export/constitutive_bridges.json:17706
affect.emotion.complex.uncanny,extraction_output_field,Outcome_Contractor,1,2,Outcome_Contractor/contracts/oc_export/ae_outcome_lookup.json:2257; Outcome_Contractor/contracts/oc_export/constitutive_bridges.json:17715
affect.emotion.negative,extraction_output_field,Outcome_Contractor,1,2,Outcome_Contractor/contracts/oc_export/ae_outcome_lookup.json:2262; Outcome_Contractor/contracts/oc_export/constitutive_bridges.json:17724
affect.emotion.negative.anger,extraction_output_field,Outcome_Contractor,1,2,Outcome_Contractor/contracts/oc_export/ae_outcome_lookup.json:2267; Outcome_Contractor/contracts/oc_export/constitutive_bridges.json:17732
affect.emotion.negative.anger.frustration,extraction_output_field,Outcome_Contractor,1,2,Outcome_Contractor/contracts/oc_export/ae_outcome_lookup.json:2272; Outcome_Contractor/contracts/oc_export/constitutive_bridges.json:17741
affect.emotion.negative.anger.hostility,extraction_output_field,Outcome_Contractor,1,2,Outcome_Contractor/contracts/oc_export/ae_outcome_lookup.json:2277; Outcome_Contractor/contracts/oc_export/constitutive_bridges.json:17751
affect.emotion.negative.anger.irritation,extraction_output_field,Outcome_Contractor,1,2,Outcome_Contractor/contracts/oc_export/ae_outcome_lookup.json:2282; Outcome_Contractor/contracts/oc_export/constitutive_bridges.json:17761
affect.emotion.negative.disgust,extraction_output_field,Outcome_Contractor,1,2,Outcome_Contractor/contracts/oc_export/ae_outcome_lookup.json:2287; Outcome_Contractor/contracts/oc_export/constitutive_bridges.json:17771
affect.emotion.negative.fear,extraction_output_field,Outcome_Contractor,1,2,Outcome_Contractor/contracts/oc_export/ae_outcome_lookup.json:2292; Outcome_Contractor/contracts/oc_export/constitutive_bridges.json:17780
affect.emotion.negative.fear.anxiety,extraction_output_field,Outcome_Contractor,1,2,Outcome_Contractor/contracts/oc_export/ae_outcome_lookup.json:2297; Outcome_Contractor/contracts/oc_export/constitutive_bridges.json:17789
affect.emotion.negative.fear.dread,extraction_output_field,Outcome_Contractor,1,2,Outcome_Contractor/contracts/oc_export/ae_outcome_lookup.json:2302; Outcome_Contractor/contracts/oc_export/constitutive_bridges.json:17799
affect.emotion.negative.fear.phobia,extraction_output_field,Outcome_Contractor,1,2,Outcome_Contractor/contracts/oc_export/ae_outcome_lookup.json:2307; Outcome_Contractor/contracts/oc_export/constitutive_bridges.json:17809
affect.emotion.negative.sadness,extraction_output_field,Outcome_Contractor,1,2,Outcome_Contractor/contracts/oc_export/ae_outcome_lookup.json:2312; Outcome_Contractor/contracts/oc_export/constitutive_bridges.json:17819
affect.emotion.negative.sadness.grief,extraction_output_field,Outcome_Contractor,1,2,Outcome_Contractor/contracts/oc_export/ae_outcome_lookup.json:2317; Outcome_Contractor/contracts/oc_export/constitutive_bridges.json:17828
affect.emotion.negative.sadness.melancholy,extraction_output_field,Outcome_Contractor,1,2,Outcome_Contractor/contracts/oc_export/ae_outcome_lookup.json:2322; Outcome_Contractor/contracts/oc_export/constitutive_bridges.json:17838
affect.emotion.negative.shame,extraction_output_field,Outcome_Contractor,1,2,Outcome_Contractor/contracts/oc_export/ae_outcome_lookup.json:2327; Outcome_Contractor/contracts/oc_export/constitutive_bridges.json:17848
affect.emotion.positive,extraction_output_field,Outcome_Contractor,1,2,Outcome_Contractor/contracts/oc_export/ae_outcome_lookup.json:2332; Outcome_Contractor/contracts/oc_export/constitutive_bridges.json:17857
affect.emotion.positive.amusement,extraction_output_field,Outcome_Contractor,1,2,Outcome_Contractor/contracts/oc_export/ae_outcome_lookup.json:2337; Outcome_Contractor/contracts/oc_export/constitutive_bridges.json:17865
affect.emotion.positive.awe,extraction_output_field,Outcome_Contractor,1,2,Outcome_Contractor/contracts/oc_export/ae_outcome_lookup.json:2342; Outcome_Contractor/contracts/oc_export/constitutive_bridges.json:17874
affect.emotion.positive.contentment,extraction_output_field,Outcome_Contractor,1,2,Outcome_Contractor/contracts/oc_export/ae_outcome_lookup.json:2347; Outcome_Contractor/contracts/oc_export/constitutive_bridges.json:17883
affect.emotion.positive.gratitude,extraction_output_field,Outcome_Contractor,1,2,Outcome_Contractor/contracts/oc_export/ae_outcome_lookup.json:2352; Outcome_Contractor/contracts/oc_export/constitutive_bridges.json:17892
affect.emotion.positive.hope,extraction_output_field,Outcome_Contractor,1,2,Outcome_Contractor/contracts/oc_export/ae_outcome_lookup.json:2357; Outcome_Contractor/contracts/oc_export/constitutive_bridges.json:17901
affect.emotion.positive.inspiration,extraction_output_field,Outcome_Contractor,1,2,Outcome_Contractor/contracts/oc_export/ae_outcome_lookup.json:2362; Outcome_Contractor/contracts/oc_export/constitutive_bridges.json:17910
affect.emotion.positive.interest,extraction_output_field,Outcome_Contractor,1,2,Outcome_Contractor/contracts/oc_export/ae_outcome_lookup.json:2367; Outcome_Contractor/contracts/oc_export/constitutive_bridges.json:17919
affect.emotion.positive.joy,extraction_output_field,Outcome_Contractor,1,2,Outcome_Contractor/contracts/oc_export/ae_outcome_lookup.json:2372; Outcome_Contractor/contracts/oc_export/constitutive_bridges.json:17928
affect.emotion.positive.pride,extraction_output_field,Outcome_Contractor,1,2,Outcome_Contractor/contracts/oc_export/ae_outcome_lookup.json:2377; Outcome_Contractor/contracts/oc_export/constitutive_bridges.json:17937
affect.fear,extraction_output_field,Outcome_Contractor,1,2,Outcome_Contractor/contracts/oc_export/ae_outcome_lookup.json:2382; Outcome_Contractor/contracts/oc_export/constitutive_bridges.json:17946
affect.jarring,extraction_output_field,Article_Eater_PostQuinean_v1,1,2,Article_Eater_PostQuinean_v1/contracts/vocab/environment_lookup.json:1505; Article_Eater_PostQuinean_v1/contracts/vocab/environment_lookup.json:9
affect.mood.negative.anxious,extraction_output_field,Outcome_Contractor,1,2,Outcome_Contractor/contracts/oc_export/ae_outcome_lookup.json:2397; Outcome_Contractor/contracts/oc_export/constitutive_bridges.json:17968
affect.mood.negative.depressed,extraction_output_field,Outcome_Contractor,1,2,Outcome_Contractor/contracts/oc_export/ae_outcome_lookup.json:2402; Outcome_Contractor/contracts/oc_export/constitutive_bridges.json:17977
affect.mood.negative.irritable,extraction_output_field,Outcome_Contractor,1,2,Outcome_Contractor/contracts/oc_export/ae_outcome_lookup.json:2407; Outcome_Contractor/contracts/oc_export/constitutive_bridges.json:17986
affect.mood.negative.tense,extraction_output_field,Outcome_Contractor,1,2,Outcome_Contractor/contracts/oc_export/ae_outcome_lookup.json:2412; Outcome_Contractor/contracts/oc_export/constitutive_bridges.json:17995
affect.mood.neutral,extraction_output_field,Outcome_Contractor,1,2,Outcome_Contractor/contracts/oc_export/ae_outcome_lookup.json:2417; Outcome_Contractor/contracts/oc_export/constitutive_bridges.json:18004
affect.mood.positive.calm,extraction_output_field,Outcome_Contractor,1,2,Outcome_Contractor/contracts/oc_export/ae_outcome_lookup.json:2427; Outcome_Contractor/contracts/oc_export/constitutive_bridges.json:18020
affect.mood.positive.cheerful,extraction_output_field,Outcome_Contractor,1,2,Outcome_Contractor/contracts/oc_export/ae_outcome_lookup.json:2432; Outcome_Contractor/contracts/oc_export/constitutive_bridges.json:18029
affect.mood.positive.energized,extraction_output_field,Outcome_Contractor,1,2,Outcome_Contractor/contracts/oc_export/ae_outcome_lookup.json:2437; Outcome_Contractor/contracts/oc_export/constitutive_bridges.json:18038
affect.mood.positive.peaceful,extraction_output_field,Outcome_Contractor,1,2,Outcome_Contractor/contracts/oc_export/ae_outcome_lookup.json:2442; Outcome_Contractor/contracts/oc_export/constitutive_bridges.json:18047
affect.pleasure,extraction_output_field,Outcome_Contractor,1,3,Outcome_Contractor/article_finder/ae_claim_extractor.py:213; Outcome_Contractor/contracts/oc_export/ae_outcome_lookup.json:2447; Outcome_Contractor/contracts/oc_export/constitutive_bridges.json:18056
affect.pleasure.aesthetic,extraction_output_field,Outcome_Contractor,1,2,Outcome_Contractor/contracts/oc_export/ae_outcome_lookup.json:2452; Outcome_Contractor/contracts/oc_export/constitutive_bridges.json:18063
affect.pleasure.hedonic,extraction_output_field,Outcome_Contractor,1,2,Outcome_Contractor/contracts/oc_export/ae_outcome_lookup.json:2457; Outcome_Contractor/contracts/oc_export/constitutive_bridges.json:18071
affect.pleasure.sensory,extraction_output_field,Outcome_Contractor,1,2,Outcome_Contractor/contracts/oc_export/ae_outcome_lookup.json:2462; Outcome_Contractor/contracts/oc_export/constitutive_bridges.json:18079
affect.preference,extraction_output_field,Outcome_Contractor,1,2,Outcome_Contractor/contracts/oc_export/ae_outcome_lookup.json:2467; Outcome_Contractor/contracts/oc_export/constitutive_bridges.json:18087
affect.preference.aesthetic,extraction_output_field,Outcome_Contractor,1,2,Outcome_Contractor/contracts/oc_export/ae_outcome_lookup.json:2472; Outcome_Contractor/contracts/oc_export/constitutive_bridges.json:18094
affect.preference.aesthetic.beauty,extraction_output_field,Outcome_Contractor,1,2,Outcome_Contractor/contracts/oc_export/ae_outcome_lookup.json:2477; Outcome_Contractor/contracts/oc_export/constitutive_bridges.json:18102
affect.preference.aesthetic.elegance,extraction_output_field,Outcome_Contractor,1,2,Outcome_Contractor/contracts/oc_export/ae_outcome_lookup.json:2482; Outcome_Contractor/contracts/oc_export/constitutive_bridges.json:18111
affect.preference.aesthetic.harmony,extraction_output_field,Outcome_Contractor,1,2,Outcome_Contractor/contracts/oc_export/ae_outcome_lookup.json:2487; Outcome_Contractor/contracts/oc_export/constitutive_bridges.json:18120
affect.preference.approach_avoidance,extraction_output_field,Outcome_Contractor,1,2,Outcome_Contractor/contracts/oc_export/ae_outcome_lookup.json:2492; Outcome_Contractor/contracts/oc_export/constitutive_bridges.json:18129
affect.preference.environmental,extraction_output_field,Outcome_Contractor,1,2,Outcome_Contractor/contracts/oc_export/ae_outcome_lookup.json:2497; Outcome_Contractor/contracts/oc_export/constitutive_bridges.json:18137
affect.preference.environmental.coherence,extraction_output_field,Outcome_Contractor,1,2,Outcome_Contractor/contracts/oc_export/ae_outcome_lookup.json:2502; Outcome_Contractor/contracts/oc_export/constitutive_bridges.json:18145
affect.preference.environmental.complexity,extraction_output_field,Outcome_Contractor,1,2,Outcome_Contractor/contracts/oc_export/ae_outcome_lookup.json:2507; Outcome_Contractor/contracts/oc_export/constitutive_bridges.json:18154
affect.preference.environmental.legibility,extraction_output_field,Outcome_Contractor,1,2,Outcome_Contractor/contracts/oc_export/ae_outcome_lookup.json:2512; Outcome_Contractor/contracts/oc_export/constitutive_bridges.json:18163
affect.preference.environmental.mystery,extraction_output_field,Outcome_Contractor,1,2,Outcome_Contractor/contracts/oc_export/ae_outcome_lookup.json:2517; Outcome_Contractor/contracts/oc_export/constitutive_bridges.json:18172
affect.restoration,extraction_output_field,Outcome_Contractor,1,1,Outcome_Contractor/article_finder/ae_claim_extractor.py:214
affect.restorativeness,extraction_output_field,Outcome_Contractor,1,2,Outcome_Contractor/contracts/oc_export/ae_outcome_lookup.json:2522; Outcome_Contractor/contracts/oc_export/constitutive_bridges.json:18181
affect.restorativeness.being_away,extraction_output_field,Outcome_Contractor,1,2,Outcome_Contractor/contracts/oc_export/ae_outcome_lookup.json:2527; Outcome_Contractor/contracts/oc_export/constitutive_bridges.json:18188
affect.restorativeness.compatibility,extraction_output_field,Outcome_Contractor,1,2,Outcome_Contractor/contracts/oc_export/ae_outcome_lookup.json:2532; Outcome_Contractor/contracts/oc_export/constitutive_bridges.json:18196
affect.restorativeness.extent,extraction_output_field,Outcome_Contractor,1,2,Outcome_Contractor/contracts/oc_export/ae_outcome_lookup.json:2537; Outcome_Contractor/contracts/oc_export/constitutive_bridges.json:18204
affect.restorativeness.fascination,extraction_output_field,Outcome_Contractor,1,2,Outcome_Contractor/contracts/oc_export/ae_outcome_lookup.json:2542; Outcome_Contractor/contracts/oc_export/constitutive_bridges.json:18212
affect.satisfaction,extraction_output_field,Outcome_Contractor,1,2,Outcome_Contractor/contracts/oc_export/ae_outcome_lookup.json:2547; Outcome_Contractor/contracts/oc_export/constitutive_bridges.json:18220
affect.satisfaction.environmental,extraction_output_field,Outcome_Contractor,1,2,Outcome_Contractor/contracts/oc_export/ae_outcome_lookup.json:2552; Outcome_Contractor/contracts/oc_export/constitutive_bridges.json:18227
affect.satisfaction.functional,extraction_output_field,Outcome_Contractor,1,2,Outcome_Contractor/contracts/oc_export/ae_outcome_lookup.json:2557; Outcome_Contractor/contracts/oc_export/constitutive_bridges.json:18235
affect.satisfaction.overall,extraction_output_field,Outcome_Contractor,1,2,Outcome_Contractor/contracts/oc_export/ae_outcome_lookup.json:2562; Outcome_Contractor/contracts/oc_export/constitutive_bridges.json:18243
affect.scary,extraction_output_field,Article_Eater_PostQuinean_v1,1,2,Article_Eater_PostQuinean_v1/contracts/vocab/environment_lookup.json:11; Article_Eater_PostQuinean_v1/contracts/vocab/environment_lookup.json:1512
affect.stress.acute,extraction_output_field,Outcome_Contractor,1,2,Outcome_Contractor/contracts/oc_export/ae_outcome_lookup.json:2572; Outcome_Contractor/contracts/oc_export/constitutive_bridges.json:18258
affect.stress.anticipatory,extraction_output_field,Outcome_Contractor,1,2,Outcome_Contractor/contracts/oc_export/ae_outcome_lookup.json:2577; Outcome_Contractor/contracts/oc_export/constitutive_bridges.json:18266
affect.stress.chronic,extraction_output_field,Outcome_Contractor,1,2,Outcome_Contractor/contracts/oc_export/ae_outcome_lookup.json:2582; Outcome_Contractor/contracts/oc_export/constitutive_bridges.json:18274
affect.stress.recovery,extraction_output_field,Outcome_Contractor,1,2,Outcome_Contractor/contracts/oc_export/ae_outcome_lookup.json:2587; Outcome_Contractor/contracts/oc_export/constitutive_bridges.json:18282
affect.tranquil,extraction_output_field,Article_Eater_PostQuinean_v1,1,2,Article_Eater_PostQuinean_v1/contracts/vocab/environment_lookup.json:13; Article_Eater_PostQuinean_v1/contracts/vocab/environment_lookup.json:1519
affect.welcoming,extraction_output_field,Article_Eater_PostQuinean_v1,1,2,Article_Eater_PostQuinean_v1/contracts/vocab/environment_lookup.json:15; Article_Eater_PostQuinean_v1/contracts/vocab/environment_lookup.json:1526
affected_beliefs,extraction_output_field,Article_Eater_PostQuinean_v1,1,5,Article_Eater_PostQuinean_v1/contracts/ae_af/schemas/ae.gap_report.v1.schema.json:163; Article_Eater_PostQuinean_v1/contracts/schemas/social_epistemology.schema.json:71; Article_Eater_PostQuinean_v1/contracts/schemas/social_epistemology.v1.schema.json:68; Article_Eater_PostQuinean_v1/ruthless_bundle_2026-02-08/contracts/schemas/social_epistemology.schema.json:71
affected_theories,extraction_output_field,Article_Eater_PostQuinean_v1,1,2,Article_Eater_PostQuinean_v1/contracts/ae_af/schemas/ae.gap_report.v1.schema.json:170; Article_Eater_PostQuinean_v1/docs/MVP_CONTRACTS.md:294
affective_quality,extraction_output_field,BN_graphical,1,8,BN_graphical/docs/DATABASE_SCHEMA.md:1204; BN_graphical/docs/DATABASE_SCHEMA.md:1223; BN_graphical/docs/DATABASE_SCHEMA.md:1228; BN_graphical/docs/DATABASE_SCHEMA.md:1545
affects_what,enum_value,Article_Finder_v3_2_3,1,1,Article_Finder_v3_2_3/knowledge/query_engine.py:27
affordance.isovist_area,extraction_output_field,Article_Eater_PostQuinean_v1,1,2,Article_Eater_PostQuinean_v1/contracts/vocab/environment_lookup.json:1533; Article_Eater_PostQuinean_v1/contracts/vocab/environment_lookup.json:17
affordance.seating_count,extraction_output_field,Article_Eater_PostQuinean_v1,1,2,Article_Eater_PostQuinean_v1/contracts/vocab/environment_lookup.json:1540; Article_Eater_PostQuinean_v1/contracts/vocab/environment_lookup.json:19
age_band,extraction_output_field,Article_Eater_PostQuinean_v1,1,3,Article_Eater_PostQuinean_v1/docs/BN_EXPORT_SCHEMA_v0_1.md:24; Article_Eater_PostQuinean_v1/schemas/panel_subjects.schema.json:121; Article_Eater_PostQuinean_v1/schemas/rule_graph.schema.json:171
age_max,database_column,BN_graphical,1,1,BN_graphical/migrations/005_sprint1_schemas.sql:53
age_min,database_column,BN_graphical,1,1,BN_graphical/migrations/005_sprint1_schemas.sql:52
age_sd,extraction_output_field,Article_Eater_PostQuinean_v1,1,3,Article_Eater_PostQuinean_v1/schemas/panel_subjects.schema.json:149; Article_Eater_PostQuinean_v1/schemas/rule_graph.schema.json:199; Article_Eater_PostQuinean_v1/src/services/table_extractor.py:304
aggregate_coherence,extraction_output_field,BN_graphical,1,1,BN_graphical/contracts/bn.api.v2.schema.json:575
aggregate_credence,extraction_output_field,Article_Eater_PostQuinean_v1,1,1,Article_Eater_PostQuinean_v1/contracts/schemas/integration.edge_justification.v1.schema.json:132
aggregate_grounding,extraction_output_field,BN_graphical,1,1,BN_graphical/contracts/ae_bn_bridge.v1.schema.json:189
aggregate_uncertainty,extraction_output_field,Article_Eater_PostQuinean_v1,1,1,Article_Eater_PostQuinean_v1/contracts/schemas/integration.edge_justification.v1.schema.json:138
aggregated_attributes,extraction_output_field,BN_graphical,1,1,BN_graphical/contracts/bn.api.v2.schema.json:155
aggregated_credence,extraction_output_field,Article_Eater_PostQuinean_v1,1,4,Article_Eater_PostQuinean_v1/contracts/schemas/social_epistemology.schema.json:246; Article_Eater_PostQuinean_v1/contracts/schemas/social_epistemology.v1.schema.json:251; Article_Eater_PostQuinean_v1/ruthless_bundle_2026-02-08/contracts/schemas/social_epistemology.schema.json:246; Article_Eater_PostQuinean_v1/ruthless_bundle_2026-02-08/contracts/schemas/social_epistemology.v1.schema.json:251
aggregation_approach,extraction_output_field,Article_Eater_PostQuinean_v1,1,4,Article_Eater_PostQuinean_v1/contracts/schemas/social_epistemology.schema.json:243; Article_Eater_PostQuinean_v1/contracts/schemas/social_epistemology.v1.schema.json:248; Article_Eater_PostQuinean_v1/ruthless_bundle_2026-02-08/contracts/schemas/social_epistemology.schema.json:243; Article_Eater_PostQuinean_v1/ruthless_bundle_2026-02-08/contracts/schemas/social_epistemology.v1.schema.json:248
aggregation_note,extraction_output_field,Outcome_Contractor,1,1,Outcome_Contractor/contracts/oc_export/constitutive_bridges.json:19
agreed_resolution_criteria,extraction_output_field,Article_Eater_PostQuinean_v1,1,4,Article_Eater_PostQuinean_v1/contracts/schemas/social_epistemology.schema.json:310; Article_Eater_PostQuinean_v1/contracts/schemas/social_epistemology.v1.schema.json:308; Article_Eater_PostQuinean_v1/ruthless_bundle_2026-02-08/contracts/schemas/social_epistemology.schema.json:310; Article_Eater_PostQuinean_v1/ruthless_bundle_2026-02-08/contracts/schemas/social_epistemology.v1.schema.json:308
agreement_rate,extraction_output_field,BN_graphical,1,1,BN_graphical/src/ai_extraction/verification_queue.py:259
ai_api,enum_value,Article_Eater_PostQuinean_v1,1,1,Article_Eater_PostQuinean_v1/src/services/table_extractor.py:27
ai_unverified,enum_value,BN_graphical,1,1,BN_graphical/src/schemas/population_qualifier.py:38
ai_verified,enum_value,BN_graphical,1,1,BN_graphical/src/schemas/population_qualifier.py:37
air.co2,extraction_output_field,Outcome_Contractor,1,1,Outcome_Contractor/article_finder/ae_claim_extractor.py:189
air.iaq,extraction_output_field,Outcome_Contractor,1,1,Outcome_Contractor/article_finder/ae_claim_extractor.py:190
air.ventilation,extraction_output_field,Outcome_Contractor,1,1,Outcome_Contractor/article_finder/ae_claim_extractor.py:188
air_quality,extraction_output_field,Article_Eater_PostQuinean_v1,1,2,Article_Eater_PostQuinean_v1/scripts/build_abstract_reduced_tables.py:35; Article_Eater_PostQuinean_v1/scripts/run_realtime_table_rule_intake.py:71
alignment_rationale,extraction_output_field,BN_graphical,1,1,BN_graphical/src/schemas/mechanism_specification.py:98
alignment_strength,extraction_output_field,BN_graphical,1,1,BN_graphical/src/schemas/mechanism_specification.py:97
all_columns,extraction_output_field,Article_Finder_v3_2_3,1,1,Article_Finder_v3_2_3/ingest/smart_importer.py:61
all_evidence,extraction_output_field,Article_Eater_PostQuinean_v1,1,1,Article_Eater_PostQuinean_v1/contracts/ae_af/schemas/ae.query_response.v1.schema.json:196
all_weird,extraction_output_field,BN_graphical,1,1,BN_graphical/src/schemas/population_qualifier.py:495
allostatic_regulation,bn_node_definition,Article_Eater_PostQuinean_v1,1,1,Article_Eater_PostQuinean_v1/src/epistemic/bn_edges.py:154
allowed_inputs,extraction_output_field,Tagging_Contractor,1,2,Tagging_Contractor/tools/tag_extraction_plan.py:255; Tagging_Contractor/tools/tag_extraction_plan.py:269
already_present,extraction_output_field,Article_Finder_v3_2_3,1,1,Article_Finder_v3_2_3/ingest/pdf_cataloger.py:396
alternate_sign,extraction_output_field,BN_graphical,1,6,BN_graphical/backups/broken_venvs/bn_venv_20260213_092600/lib/python3.12/site-packages/sklearn/feature_extraction/_hash.py:111; BN_graphical/backups/broken_venvs/bn_venv_20260213_092600/lib/python3.12/site-packages/sklearn/feature_extraction/text.py:764; BN_graphical/bn_venv_py311/lib/python3.11/site-packages/sklearn/feature_extraction/_hash.py:111; BN_graphical/bn_venv_py311/lib/python3.11/site-packages/sklearn/feature_extraction/text.py:764
alternative_cause,enum_value,Outcome_Contractor,1,1,Outcome_Contractor/core/argument_taxonomy.py:209
alternative_explanations,extraction_output_field,Outcome_Contractor,1,1,Outcome_Contractor/article_finder/type_specific_extractor.py:97
alternative_levels,extraction_output_field,BN_graphical,1,5,BN_graphical/src/ai_extraction/mechanism_classifier.py:129; BN_graphical/src/ai_extraction/mechanism_classifier.py:165; BN_graphical/src/ai_extraction/mechanism_classifier.py:192; BN_graphical/src/ai_extraction/mechanism_classifier.py:289
alternative_mechanisms,extraction_output_field,BN_graphical,1,1,BN_graphical/src/mechanisms/mechanism_schema.py:407
alternative_uses_task,extraction_output_field,Article_Eater_PostQuinean_v1,1,1,Article_Eater_PostQuinean_v1/contracts/vocab/task_taxonomy.json:210
always_verify_fields,extraction_output_field,BN_graphical,1,1,BN_graphical/src/ai_extraction/field_thresholds.py:411
ambiguous_claims,extraction_output_field,BN_graphical,1,1,BN_graphical/src/bn_integration/claim_mapper.py:129
analysis_approach,extraction_output_field,Outcome_Contractor,1,1,Outcome_Contractor/article_finder/type_specific_extractor.py:438
analysis_date,database_column,BN_graphical,1,2,BN_graphical/database/04_experiment_tables.sql:147; BN_graphical/database/schema.sql:689
analysis_method,extraction_output_field,Outcome_Contractor,1,2,Outcome_Contractor/article_finder/type_specific_extractor.py:169; Outcome_Contractor/article_finder/type_specific_extractor.py:285
analysis_time_ms,extraction_output_field,Article_Eater_PostQuinean_v1,1,1,Article_Eater_PostQuinean_v1/contracts/ae_af/schemas/ae.gap_report.v1.schema.json:119
ancestry_lookup,extraction_output_field,Outcome_Contractor,1,1,Outcome_Contractor/contracts/oc_export/constitutive_bridges.json:17501
another_field,extraction_output_field,Outcome_Contractor,1,1,Outcome_Contractor/article_finder/type_specific_extractor.py:798
answer_confidence,extraction_output_field,Article_Eater_PostQuinean_v1,1,2,Article_Eater_PostQuinean_v1/contracts/ae_af/schemas/ae.query_response.v1.schema.json:146; Article_Eater_PostQuinean_v1/docs/MVP_CONTRACTS.md:190
answer_uncertainty,extraction_output_field,Article_Eater_PostQuinean_v1,1,2,Article_Eater_PostQuinean_v1/contracts/ae_af/schemas/ae.query_response.v1.schema.json:152; Article_Eater_PostQuinean_v1/docs/MVP_CONTRACTS.md:191
antecedent_env_conditions,database_column;extraction_output_field,Article_Eater_PostQuinean_v1,1,3,Article_Eater_PostQuinean_v1/db/sql/017_theories.sql:136; Article_Eater_PostQuinean_v1/ruthless_bundle_2026-02-08/src/services/extraction_to_web.py:1474; Article_Eater_PostQuinean_v1/src/services/extraction_to_web.py:1598
antecedent_population,database_column;extraction_output_field,Article_Eater_PostQuinean_v1,1,3,Article_Eater_PostQuinean_v1/db/sql/017_theories.sql:137; Article_Eater_PostQuinean_v1/ruthless_bundle_2026-02-08/src/services/extraction_to_web.py:1475; Article_Eater_PostQuinean_v1/src/services/extraction_to_web.py:1599
antecedent_state,database_column;extraction_output_field,Article_Eater_PostQuinean_v1,1,3,Article_Eater_PostQuinean_v1/db/sql/017_theories.sql:139; Article_Eater_PostQuinean_v1/ruthless_bundle_2026-02-08/src/services/extraction_to_web.py:1477; Article_Eater_PostQuinean_v1/src/services/extraction_to_web.py:1601
antecedent_temporal,database_column;extraction_output_field,Article_Eater_PostQuinean_v1,1,3,Article_Eater_PostQuinean_v1/db/sql/017_theories.sql:138; Article_Eater_PostQuinean_v1/ruthless_bundle_2026-02-08/src/services/extraction_to_web.py:1476; Article_Eater_PostQuinean_v1/src/services/extraction_to_web.py:1600
api_credits_used,database_column,Article_Eater_PostQuinean_v1,1,1,Article_Eater_PostQuinean_v1/migrations/006_discovery_funnel.sql:98
api_response_code,database_column,Article_Eater_PostQuinean_v1,1,1,Article_Eater_PostQuinean_v1/migrations/006_discovery_funnel.sql:94
appendable_frame,extraction_output_field,BN_graphical,1,4,BN_graphical/backups/broken_venvs/bn_venv_20260213_092600/lib/python3.12/site-packages/pandas/io/pytables.py:1801; BN_graphical/bn_venv/lib/python3.14/site-packages/pandas/io/pytables.py:1900; BN_graphical/bn_venv_py311/lib/python3.11/site-packages/pandas/io/pytables.py:1801; BN_graphical/test_venv_310/lib/python3.10/site-packages/pandas/io/pytables.py:1801
appendable_multiframe,extraction_output_field,BN_graphical,1,4,BN_graphical/backups/broken_venvs/bn_venv_20260213_092600/lib/python3.12/site-packages/pandas/io/pytables.py:1802; BN_graphical/bn_venv/lib/python3.14/site-packages/pandas/io/pytables.py:1901; BN_graphical/bn_venv_py311/lib/python3.11/site-packages/pandas/io/pytables.py:1802; BN_graphical/test_venv_310/lib/python3.10/site-packages/pandas/io/pytables.py:1802
appendable_multiseries,extraction_output_field,BN_graphical,1,4,BN_graphical/backups/broken_venvs/bn_venv_20260213_092600/lib/python3.12/site-packages/pandas/io/pytables.py:1800; BN_graphical/bn_venv/lib/python3.14/site-packages/pandas/io/pytables.py:1899; BN_graphical/bn_venv_py311/lib/python3.11/site-packages/pandas/io/pytables.py:1800; BN_graphical/test_venv_310/lib/python3.10/site-packages/pandas/io/pytables.py:1800
appendable_series,extraction_output_field,BN_graphical,1,4,BN_graphical/backups/broken_venvs/bn_venv_20260213_092600/lib/python3.12/site-packages/pandas/io/pytables.py:1799; BN_graphical/bn_venv/lib/python3.14/site-packages/pandas/io/pytables.py:1898; BN_graphical/bn_venv_py311/lib/python3.11/site-packages/pandas/io/pytables.py:1799; BN_graphical/test_venv_310/lib/python3.10/site-packages/pandas/io/pytables.py:1799
appleton_features,extraction_output_field,Outcome_Contractor,1,1,Outcome_Contractor/docs/PANEL_CONSULTATION_EXTRACTION_TABLES_2026_02_08.md:537
applicable_contexts,database_column;extraction_output_field,Article_Eater_PostQuinean_v1,1,3,Article_Eater_PostQuinean_v1/db/sql/017_theories.sql:161; Article_Eater_PostQuinean_v1/ruthless_bundle_2026-02-08/src/services/extraction_to_web.py:1491; Article_Eater_PostQuinean_v1/src/services/extraction_to_web.py:1615
applicable_populations,database_column;extraction_output_field,Article_Eater_PostQuinean_v1,1,3,Article_Eater_PostQuinean_v1/db/sql/017_theories.sql:160; Article_Eater_PostQuinean_v1/ruthless_bundle_2026-02-08/src/services/extraction_to_web.py:1490; Article_Eater_PostQuinean_v1/src/services/extraction_to_web.py:1614
arch.pattern.axial_circulation_clear,extraction_output_field,Article_Eater_PostQuinean_v1,1,2,Article_Eater_PostQuinean_v1/contracts/vocab/environment_lookup.json:1547; Article_Eater_PostQuinean_v1/contracts/vocab/environment_lookup.json:21
arch.pattern.bay_window,extraction_output_field,Article_Eater_PostQuinean_v1,1,2,Article_Eater_PostQuinean_v1/contracts/vocab/environment_lookup.json:1554; Article_Eater_PostQuinean_v1/contracts/vocab/environment_lookup.json:23
arch.pattern.central_hearth,extraction_output_field,Article_Eater_PostQuinean_v1,1,2,Article_Eater_PostQuinean_v1/contracts/vocab/environment_lookup.json:1561; Article_Eater_PostQuinean_v1/contracts/vocab/environment_lookup.json:25
arch.pattern.circulation_maze_like,extraction_output_field,Article_Eater_PostQuinean_v1,1,2,Article_Eater_PostQuinean_v1/contracts/vocab/environment_lookup.json:1568; Article_Eater_PostQuinean_v1/contracts/vocab/environment_lookup.json:27
arch.pattern.colonnade,extraction_output_field,Article_Eater_PostQuinean_v1,1,2,Article_Eater_PostQuinean_v1/contracts/vocab/environment_lookup.json:1575; Article_Eater_PostQuinean_v1/contracts/vocab/environment_lookup.json:29
arch.pattern.corner_window,extraction_output_field,Article_Eater_PostQuinean_v1,1,2,Article_Eater_PostQuinean_v1/contracts/vocab/environment_lookup.json:1582; Article_Eater_PostQuinean_v1/contracts/vocab/environment_lookup.json:31
arch.pattern.daylight_hard,extraction_output_field,Article_Eater_PostQuinean_v1,1,2,Article_Eater_PostQuinean_v1/contracts/vocab/environment_lookup.json:1589; Article_Eater_PostQuinean_v1/contracts/vocab/environment_lookup.json:33
arch.pattern.daylight_soft,extraction_output_field,Article_Eater_PostQuinean_v1,1,2,Article_Eater_PostQuinean_v1/contracts/vocab/environment_lookup.json:1596; Article_Eater_PostQuinean_v1/contracts/vocab/environment_lookup.json:35
arch.pattern.double_height_space,extraction_output_field,Article_Eater_PostQuinean_v1,1,2,Article_Eater_PostQuinean_v1/contracts/vocab/environment_lookup.json:1603; Article_Eater_PostQuinean_v1/contracts/vocab/environment_lookup.json:37
arch.pattern.gallery_edge,extraction_output_field,Article_Eater_PostQuinean_v1,1,2,Article_Eater_PostQuinean_v1/contracts/vocab/environment_lookup.json:1610; Article_Eater_PostQuinean_v1/contracts/vocab/environment_lookup.json:39
arch.pattern.loft_mezzanine,extraction_output_field,Article_Eater_PostQuinean_v1,1,2,Article_Eater_PostQuinean_v1/contracts/vocab/environment_lookup.json:1617; Article_Eater_PostQuinean_v1/contracts/vocab/environment_lookup.json:41
arch.pattern.long_view_corridor,extraction_output_field,Article_Eater_PostQuinean_v1,1,2,Article_Eater_PostQuinean_v1/contracts/vocab/environment_lookup.json:1624; Article_Eater_PostQuinean_v1/contracts/vocab/environment_lookup.json:43
arch.pattern.perimeter_seating,extraction_output_field,Article_Eater_PostQuinean_v1,1,2,Article_Eater_PostQuinean_v1/contracts/vocab/environment_lookup.json:1631; Article_Eater_PostQuinean_v1/contracts/vocab/environment_lookup.json:45
arch.pattern.prospect_strong,extraction_output_field,Article_Eater_PostQuinean_v1,1,2,Article_Eater_PostQuinean_v1/contracts/vocab/environment_lookup.json:1638; Article_Eater_PostQuinean_v1/contracts/vocab/environment_lookup.json:47
arch.pattern.refuge_nook,extraction_output_field,Article_Eater_PostQuinean_v1,1,2,Article_Eater_PostQuinean_v1/contracts/vocab/environment_lookup.json:1645; Article_Eater_PostQuinean_v1/contracts/vocab/environment_lookup.json:49
arch.pattern.refuge_strong,extraction_output_field,Article_Eater_PostQuinean_v1,1,2,Article_Eater_PostQuinean_v1/contracts/vocab/environment_lookup.json:1652; Article_Eater_PostQuinean_v1/contracts/vocab/environment_lookup.json:51
arch.pattern.skylight_dominant,extraction_output_field,Article_Eater_PostQuinean_v1,1,2,Article_Eater_PostQuinean_v1/contracts/vocab/environment_lookup.json:1659; Article_Eater_PostQuinean_v1/contracts/vocab/environment_lookup.json:53
arch.pattern.staircase_sculptural,extraction_output_field,Article_Eater_PostQuinean_v1,1,2,Article_Eater_PostQuinean_v1/contracts/vocab/environment_lookup.json:1666; Article_Eater_PostQuinean_v1/contracts/vocab/environment_lookup.json:55
arch.pattern.threshold_emphasized,extraction_output_field,Article_Eater_PostQuinean_v1,1,2,Article_Eater_PostQuinean_v1/contracts/vocab/environment_lookup.json:1673; Article_Eater_PostQuinean_v1/contracts/vocab/environment_lookup.json:57
arch.pattern.window_seat_niche,extraction_output_field,Article_Eater_PostQuinean_v1,1,2,Article_Eater_PostQuinean_v1/contracts/vocab/environment_lookup.json:1680; Article_Eater_PostQuinean_v1/contracts/vocab/environment_lookup.json:59
area_fraction,extraction_output_field,Tagging_Contractor,1,2,Tagging_Contractor/contracts/localized_image_tags.schema.json:74; Tagging_Contractor/contracts/localized_image_tags.schema.json:92
area_of_inquiry,extraction_output_field,Outcome_Contractor,1,1,Outcome_Contractor/article_finder/type_specific_extractor.py:351
area_pixels,extraction_output_field,Tagging_Contractor,1,1,Tagging_Contractor/contracts/localized_image_tags.schema.json:91
areas_of_agreement,extraction_output_field,Outcome_Contractor,1,1,Outcome_Contractor/article_finder/type_specific_extractor.py:447
areas_of_consensus,extraction_output_field,Outcome_Contractor,1,1,Outcome_Contractor/article_finder/type_specific_extractor.py:612
areas_of_debate,extraction_output_field,Outcome_Contractor,1,1,Outcome_Contractor/article_finder/type_specific_extractor.py:613
areas_of_disagreement,extraction_output_field,Outcome_Contractor,1,1,Outcome_Contractor/article_finder/type_specific_extractor.py:448
args_capi,extraction_output_field,BN_graphical,1,24,BN_graphical/backups/broken_venvs/bn_venv_20260213_092600/lib/python3.12/site-packages/numpy/f2py/rules.py:1022; BN_graphical/backups/broken_venvs/bn_venv_20260213_092600/lib/python3.12/site-packages/numpy/f2py/rules.py:1091; BN_graphical/backups/broken_venvs/bn_venv_20260213_092600/lib/python3.12/site-packages/numpy/f2py/rules.py:376; BN_graphical/backups/broken_venvs/bn_venv_20260213_092600/lib/python3.12/site-packages/numpy/f2py/rules.py:807
args_nm,extraction_output_field,BN_graphical,1,16,BN_graphical/backups/broken_venvs/bn_venv_20260213_092600/lib/python3.12/site-packages/numpy/f2py/cb_rules.py:203; BN_graphical/backups/broken_venvs/bn_venv_20260213_092600/lib/python3.12/site-packages/numpy/f2py/cb_rules.py:213; BN_graphical/backups/broken_venvs/bn_venv_20260213_092600/lib/python3.12/site-packages/numpy/f2py/cb_rules.py:250; BN_graphical/backups/broken_venvs/bn_venv_20260213_092600/lib/python3.12/site-packages/numpy/f2py/cb_rules.py:358
args_td,extraction_output_field,BN_graphical,1,16,BN_graphical/backups/broken_venvs/bn_venv_20260213_092600/lib/python3.12/site-packages/numpy/f2py/cb_rules.py:202; BN_graphical/backups/broken_venvs/bn_venv_20260213_092600/lib/python3.12/site-packages/numpy/f2py/cb_rules.py:212; BN_graphical/backups/broken_venvs/bn_venv_20260213_092600/lib/python3.12/site-packages/numpy/f2py/cb_rules.py:251; BN_graphical/backups/broken_venvs/bn_venv_20260213_092600/lib/python3.12/site-packages/numpy/f2py/cb_rules.py:364
argument_against,extraction_output_field,Article_Eater_PostQuinean_v1,1,1,Article_Eater_PostQuinean_v1/src/epistemic/extraction/argumentative.py:126
argument_attack,enum_value,Article_Eater_PostQuinean_v1,1,1,Article_Eater_PostQuinean_v1/src/services/gap_predictor.py:46
argument_for,extraction_output_field,Article_Eater_PostQuinean_v1,1,1,Article_Eater_PostQuinean_v1/src/epistemic/extraction/argumentative.py:125
argument_from_analogy,extraction_output_field,Article_Eater_PostQuinean_v1,1,1,Article_Eater_PostQuinean_v1/contracts/vocab/argument_schemes.json:39
argument_from_commitment,extraction_output_field,Article_Eater_PostQuinean_v1,1,1,Article_Eater_PostQuinean_v1/contracts/vocab/argument_schemes.json:69
argument_from_correlation_to_cause,extraction_output_field,Article_Eater_PostQuinean_v1,1,1,Article_Eater_PostQuinean_v1/contracts/vocab/argument_schemes.json:49
argument_from_expert_opinion,extraction_output_field,Article_Eater_PostQuinean_v1,1,1,Article_Eater_PostQuinean_v1/contracts/vocab/argument_schemes.json:7
argument_from_inconsistency,extraction_output_field,Article_Eater_PostQuinean_v1,1,1,Article_Eater_PostQuinean_v1/contracts/vocab/argument_schemes.json:78
argument_from_negative_consequences,extraction_output_field,Article_Eater_PostQuinean_v1,1,1,Article_Eater_PostQuinean_v1/contracts/vocab/argument_schemes.json:97
argument_from_position_to_know,extraction_output_field,Article_Eater_PostQuinean_v1,1,1,Article_Eater_PostQuinean_v1/contracts/vocab/argument_schemes.json:60
argument_from_sign,extraction_output_field,Article_Eater_PostQuinean_v1,1,1,Article_Eater_PostQuinean_v1/contracts/vocab/argument_schemes.json:19
argument_scheme,extraction_output_field,Article_Eater_PostQuinean_v1,1,6,Article_Eater_PostQuinean_v1/contracts/ae_af/schemas/ae.claim.v2.schema.json:206; Article_Eater_PostQuinean_v1/contracts/ae_af/schemas/ae.rule.v2.schema.json:108; Article_Eater_PostQuinean_v1/scripts/convert_findings_to_rules.py:290; Article_Eater_PostQuinean_v1/scripts/run_realtime_table_rule_intake.py:823
argument_search,enum_value,Outcome_Contractor,1,1,Outcome_Contractor/article_finder/search_retrieve/target_parser.py:25
argumentative_challenge,enum_value,Article_Eater_PostQuinean_v1,1,1,Article_Eater_PostQuinean_v1/src/services/web_of_belief.py:128
argumentative_support,enum_value,Article_Eater_PostQuinean_v1,1,1,Article_Eater_PostQuinean_v1/src/services/web_of_belief.py:127
argumentative_warrant,enum_value,Article_Eater_PostQuinean_v1,1,1,Article_Eater_PostQuinean_v1/src/services/bridge_warrants.py:76
arguments_against,enum_value,BN_graphical,1,1,BN_graphical/src/literature_integration/proposition_queries.py:38
arguments_both,enum_value,BN_graphical,1,1,BN_graphical/src/literature_integration/proposition_queries.py:39
arguments_for,enum_value,BN_graphical,1,1,BN_graphical/src/literature_integration/proposition_queries.py:37
arousal_optimum,extraction_output_field,Article_Eater_PostQuinean_v1,1,3,Article_Eater_PostQuinean_v1/contracts/vocab/task_taxonomy.json:18; Article_Eater_PostQuinean_v1/contracts/vocab/task_taxonomy.json:25; Article_Eater_PostQuinean_v1/contracts/vocab/task_taxonomy.json:32
array_api_strict,enum_value,BN_graphical,1,1,BN_graphical/bn_venv/lib/python3.14/site-packages/scipy/_lib/array_api_extra/_lib/_backends.py:27
array_api_strict:strictest,enum_value,BN_graphical,1,1,BN_graphical/bn_venv/lib/python3.14/site-packages/scipy/_lib/array_api_extra/_lib/_backends.py:28
article_count,database_column,Article_Eater_PostQuinean_v1,1,1,Article_Eater_PostQuinean_v1/db/sql/015_complete_schema.sql:184
article_eater,extraction_output_field,Outcome_Contractor,1,1,Outcome_Contractor/contracts/oc_export/VERSION_MANIFEST.json:21
article_finder,extraction_output_field,Outcome_Contractor,1,1,Outcome_Contractor/contracts/oc_export/VERSION_MANIFEST.json:27
article_id,database_column;extraction_output_field,Article_Eater_PostQuinean_v1,1,11,Article_Eater_PostQuinean_v1/db/sql/015_complete_schema.sql:109; Article_Eater_PostQuinean_v1/db/sql/015_complete_schema.sql:191; Article_Eater_PostQuinean_v1/db/sql/015_complete_schema.sql:29; Article_Eater_PostQuinean_v1/db/sql/015_core_tables.sql:26
article_ids,extraction_output_field,Article_Eater_PostQuinean_v1,1,2,Article_Eater_PostQuinean_v1/db/sql/015_complete_schema.sql:220; Article_Eater_PostQuinean_v1/db/sql/015_core_tables.sql:117
article_type,extraction_output_field,Outcome_Contractor,1,1,Outcome_Contractor/article_finder/type_specific_extractor.py:837
article_type_classifier_version,extraction_output_field,Article_Eater_PostQuinean_v1,1,4,Article_Eater_PostQuinean_v1/scripts/run_realtime_table_rule_intake.py:796; Article_Eater_PostQuinean_v1/scripts/run_realtime_table_rule_intake.py:849; Article_Eater_PostQuinean_v1/scripts/run_realtime_table_rule_intake.py:887; Article_Eater_PostQuinean_v1/scripts/run_realtime_table_rule_intake.py:922
article_type_confidence,extraction_output_field,Article_Eater_PostQuinean_v1,1,4,Article_Eater_PostQuinean_v1/scripts/run_realtime_table_rule_intake.py:790; Article_Eater_PostQuinean_v1/scripts/run_realtime_table_rule_intake.py:843; Article_Eater_PostQuinean_v1/scripts/run_realtime_table_rule_intake.py:881; Article_Eater_PostQuinean_v1/scripts/run_realtime_table_rule_intake.py:916
article_type_diagnostics,extraction_output_field,Article_Eater_PostQuinean_v1,1,4,Article_Eater_PostQuinean_v1/scripts/run_realtime_table_rule_intake.py:795; Article_Eater_PostQuinean_v1/scripts/run_realtime_table_rule_intake.py:848; Article_Eater_PostQuinean_v1/scripts/run_realtime_table_rule_intake.py:886; Article_Eater_PostQuinean_v1/scripts/run_realtime_table_rule_intake.py:921
article_type_family,extraction_output_field,Article_Eater_PostQuinean_v1,1,5,Article_Eater_PostQuinean_v1/scripts/run_realtime_table_rule_intake.py:788; Article_Eater_PostQuinean_v1/scripts/run_realtime_table_rule_intake.py:841; Article_Eater_PostQuinean_v1/scripts/run_realtime_table_rule_intake.py:879; Article_Eater_PostQuinean_v1/scripts/run_realtime_table_rule_intake.py:914
article_type_margin,extraction_output_field,Article_Eater_PostQuinean_v1,1,4,Article_Eater_PostQuinean_v1/scripts/run_realtime_table_rule_intake.py:792; Article_Eater_PostQuinean_v1/scripts/run_realtime_table_rule_intake.py:845; Article_Eater_PostQuinean_v1/scripts/run_realtime_table_rule_intake.py:883; Article_Eater_PostQuinean_v1/scripts/run_realtime_table_rule_intake.py:918
article_type_needs_review,extraction_output_field,Article_Eater_PostQuinean_v1,1,4,Article_Eater_PostQuinean_v1/scripts/run_realtime_table_rule_intake.py:793; Article_Eater_PostQuinean_v1/scripts/run_realtime_table_rule_intake.py:846; Article_Eater_PostQuinean_v1/scripts/run_realtime_table_rule_intake.py:884; Article_Eater_PostQuinean_v1/scripts/run_realtime_table_rule_intake.py:919
article_type_predicted_family,extraction_output_field,Article_Eater_PostQuinean_v1,1,4,Article_Eater_PostQuinean_v1/scripts/run_realtime_table_rule_intake.py:789; Article_Eater_PostQuinean_v1/scripts/run_realtime_table_rule_intake.py:842; Article_Eater_PostQuinean_v1/scripts/run_realtime_table_rule_intake.py:880; Article_Eater_PostQuinean_v1/scripts/run_realtime_table_rule_intake.py:915
article_type_runner_up,extraction_output_field,Article_Eater_PostQuinean_v1,1,4,Article_Eater_PostQuinean_v1/scripts/run_realtime_table_rule_intake.py:791; Article_Eater_PostQuinean_v1/scripts/run_realtime_table_rule_intake.py:844; Article_Eater_PostQuinean_v1/scripts/run_realtime_table_rule_intake.py:882; Article_Eater_PostQuinean_v1/scripts/run_realtime_table_rule_intake.py:917
article_type_signals,extraction_output_field,Article_Eater_PostQuinean_v1,1,4,Article_Eater_PostQuinean_v1/scripts/run_realtime_table_rule_intake.py:794; Article_Eater_PostQuinean_v1/scripts/run_realtime_table_rule_intake.py:847; Article_Eater_PostQuinean_v1/scripts/run_realtime_table_rule_intake.py:885; Article_Eater_PostQuinean_v1/scripts/run_realtime_table_rule_intake.py:920
as_of_date,database_column,Article_Eater_PostQuinean_v1,1,1,Article_Eater_PostQuinean_v1/migrations/005_add_entrenchment_tracker.sql:26
assessed_at,database_column,Article_Eater_PostQuinean_v1,1,1,Article_Eater_PostQuinean_v1/migrations/006_discovery_funnel.sql:191
assessment_method,database_column,Article_Eater_PostQuinean_v1,1,1,Article_Eater_PostQuinean_v1/migrations/006_discovery_funnel.sql:186
assessment_tool,extraction_output_field,Article_Eater_PostQuinean_v1,1,2,Article_Eater_PostQuinean_v1/src/services/table_extractor.py:259; Article_Eater_PostQuinean_v1/src/services/table_extractor.py:278
assessor_notes,database_column,Article_Eater_PostQuinean_v1,1,1,Article_Eater_PostQuinean_v1/migrations/006_discovery_funnel.sql:187
assigned_to,extraction_output_field,BN_graphical,1,1,BN_graphical/src/ai_extraction/verification_queue.py:102
assignment_method,extraction_output_field,Outcome_Contractor,1,1,Outcome_Contractor/article_finder/type_specific_extractor.py:123
associated_institutions,extraction_output_field,Article_Eater_PostQuinean_v1,1,4,Article_Eater_PostQuinean_v1/contracts/schemas/social_epistemology.schema.json:143; Article_Eater_PostQuinean_v1/contracts/schemas/social_epistemology.v1.schema.json:171; Article_Eater_PostQuinean_v1/ruthless_bundle_2026-02-08/contracts/schemas/social_epistemology.schema.json:143; Article_Eater_PostQuinean_v1/ruthless_bundle_2026-02-08/contracts/schemas/social_epistemology.v1.schema.json:171
associated_journals,extraction_output_field,Article_Eater_PostQuinean_v1,1,4,Article_Eater_PostQuinean_v1/contracts/schemas/social_epistemology.schema.json:138; Article_Eater_PostQuinean_v1/contracts/schemas/social_epistemology.v1.schema.json:167; Article_Eater_PostQuinean_v1/ruthless_bundle_2026-02-08/contracts/schemas/social_epistemology.schema.json:138; Article_Eater_PostQuinean_v1/ruthless_bundle_2026-02-08/contracts/schemas/social_epistemology.v1.schema.json:167
assumed_mechanism,extraction_output_field,Article_Eater_PostQuinean_v1,1,1,Article_Eater_PostQuinean_v1/contracts/ae_af/schemas/ae.bridge.v1.schema.json:35
assumed_met,enum_value,BN_graphical,1,1,BN_graphical/src/mechanisms/enabling_conditions.py:42
assumed_not_met,enum_value,BN_graphical,1,1,BN_graphical/src/mechanisms/enabling_conditions.py:43
assumption_id,database_column,Article_Eater_PostQuinean_v1,1,1,Article_Eater_PostQuinean_v1/db/sql/017_theories.sql:93
asymmetry_confidence,extraction_output_field,BN_graphical,1,1,BN_graphical/src/mechanisms/mechanism_schema.py:316
attachment_id,extraction_output_field,Article_Finder_v3_2_3,1,1,Article_Finder_v3_2_3/ingest/zotero_connector.py:173
attachment_key,extraction_output_field,Article_Finder_v3_2_3,1,1,Article_Finder_v3_2_3/ingest/zotero_connector.py:174
attack_id,extraction_output_field,Outcome_Contractor,1,3,Outcome_Contractor/article_finder/seven_panel_extractor.py:919; Outcome_Contractor/article_finder/seven_panel_extractor.py:930; Outcome_Contractor/article_finder/seven_panel_extractor.py:939
attack_point,extraction_output_field,Article_Eater_PostQuinean_v1,1,1,Article_Eater_PostQuinean_v1/contracts/schemas/epistemic_status.v1.schema.json:51
attack_type,extraction_output_field,Outcome_Contractor,1,19,Outcome_Contractor/article_finder/seven_panel_extractor.py:312; Outcome_Contractor/article_finder/seven_panel_extractor.py:319; Outcome_Contractor/article_finder/seven_panel_extractor.py:326; Outcome_Contractor/article_finder/seven_panel_extractor.py:333
attempt_id,database_column,Article_Eater_PostQuinean_v1,1,1,Article_Eater_PostQuinean_v1/migrations/006_discovery_funnel.sql:113
attempt_number,database_column,Article_Eater_PostQuinean_v1,1,1,Article_Eater_PostQuinean_v1/migrations/006_discovery_funnel.sql:149
attempted_at,database_column,Article_Eater_PostQuinean_v1,1,1,Article_Eater_PostQuinean_v1/migrations/006_discovery_funnel.sql:145
attention_check_passed,database_column,BN_graphical,1,4,BN_graphical/database/02_rating_tables.sql:46; BN_graphical/database/02_rating_tables.sql:96; BN_graphical/database/schema.sql:198; BN_graphical/database/schema.sql:248
attribute_id,extraction_output_field,Tagging_Contractor,1,2,Tagging_Contractor/contracts/localized_image_tags.schema.json:109; Tagging_Contractor/contracts/localized_image_tags.schema.json:139
attribute_mediator,extraction_output_field,BN_graphical,1,1,BN_graphical/src/schemas/enhanced_edge.py:707
attributes_excluded,extraction_output_field,Outcome_Contractor,1,2,Outcome_Contractor/article_finder/seven_panel_extractor.py:186; Outcome_Contractor/article_finder/seven_panel_extractor.py:194
attributes_finding,enum_value,Article_Eater_PostQuinean_v1,1,1,Article_Eater_PostQuinean_v1/src/epistemic/edge_types.py:91
attributes_included,extraction_output_field,Outcome_Contractor,1,2,Outcome_Contractor/article_finder/seven_panel_extractor.py:185; Outcome_Contractor/article_finder/seven_panel_extractor.py:193
attributes_not_mentioned,extraction_output_field,Outcome_Contractor,1,1,Outcome_Contractor/article_finder/seven_panel_extractor.py:187
attrition_analysis,extraction_output_field,Outcome_Contractor,1,1,Outcome_Contractor/article_finder/type_specific_extractor.py:200
attrition_rate,extraction_output_field,Outcome_Contractor,1,1,Outcome_Contractor/article_finder/type_specific_extractor.py:199
augment_with,extraction_output_field,Outcome_Contractor,1,2,Outcome_Contractor/article_finder/exemplary_extraction_tables.md:645; Outcome_Contractor/article_finder/exemplary_extraction_tables.md:673
author_affiliations,extraction_output_field,Article_Eater_PostQuinean_v1,1,1,Article_Eater_PostQuinean_v1/src/epistemic/extraction/source_quality_metadata.py:188
author_definition,extraction_output_field,Outcome_Contractor,1,2,Outcome_Contractor/article_finder/seven_panel_extractor.py:184; Outcome_Contractor/article_finder/seven_panel_extractor.py:192
author_et_al,enum_value;extraction_output_field,BN_graphical,1,3,BN_graphical/src/literature_integration/citation_extractor.py:135; BN_graphical/src/literature_integration/citation_extractor.py:224; BN_graphical/src/literature_integration/citation_extractor.py:28
author_expertise,extraction_output_field,Article_Eater_PostQuinean_v1,1,1,Article_Eater_PostQuinean_v1/src/epistemic/contracts/claim_v2.py:133
author_perspective,extraction_output_field,Outcome_Contractor,1,1,Outcome_Contractor/article_finder/type_specific_extractor.py:622
author_request,enum_value,Article_Eater_PostQuinean_v1,1,1,Article_Eater_PostQuinean_v1/src/services/discovery_funnel.py:64
author_synthesis,extraction_output_field,Article_Eater_PostQuinean_v1,1,1,Article_Eater_PostQuinean_v1/tests/test_sprint6c_ingestion.py:300
author_term,extraction_output_field,Outcome_Contractor,1,2,Outcome_Contractor/article_finder/seven_panel_extractor.py:183; Outcome_Contractor/article_finder/seven_panel_extractor.py:191
author_year,enum_value;extraction_output_field,BN_graphical,1,3,BN_graphical/src/literature_integration/citation_extractor.py:132; BN_graphical/src/literature_integration/citation_extractor.py:222; BN_graphical/src/literature_integration/citation_extractor.py:27
authors_added,extraction_output_field,Article_Finder_v3_2_3,1,2,Article_Finder_v3_2_3/ingest/enricher.py:148; Article_Finder_v3_2_3/ingest/enricher.py:37
authors_position,extraction_output_field,Outcome_Contractor,1,1,Outcome_Contractor/article_finder/type_specific_extractor.py:686
auto_accept,enum_value;extraction_output_field,BN_graphical,1,2,BN_graphical/src/ai_extraction/field_thresholds.py:401; BN_graphical/src/ai_extraction/population_extractor.py:42
auto_accept_rate,extraction_output_field,BN_graphical,1,1,BN_graphical/src/ai_extraction/extraction_pipeline.py:169
auto_accepted,extraction_output_field,BN_graphical,1,2,BN_graphical/src/ai_extraction/extraction_pipeline.py:101; BN_graphical/src/ai_extraction/extraction_pipeline.py:162
autoload_replace,extraction_output_field,BN_graphical,1,4,BN_graphical/backups/broken_venvs/bn_venv_20260213_092600/lib/python3.12/site-packages/sqlalchemy/sql/schema.py:5722; BN_graphical/bn_venv/lib/python3.14/site-packages/sqlalchemy/sql/schema.py:5821; BN_graphical/bn_venv_py311/lib/python3.11/site-packages/sqlalchemy/sql/schema.py:5722; BN_graphical/test_venv_310/lib/python3.10/site-packages/sqlalchemy/sql/schema.py:5722
autoload_with,extraction_output_field,BN_graphical,1,4,BN_graphical/backups/broken_venvs/bn_venv_20260213_092600/lib/python3.12/site-packages/sqlalchemy/sql/schema.py:5720; BN_graphical/bn_venv/lib/python3.14/site-packages/sqlalchemy/sql/schema.py:5819; BN_graphical/bn_venv_py311/lib/python3.11/site-packages/sqlalchemy/sql/schema.py:5720; BN_graphical/test_venv_310/lib/python3.10/site-packages/sqlalchemy/sql/schema.py:5720
auxiliary_assumptions,database_column;extraction_output_field,Article_Eater_PostQuinean_v1,1,3,Article_Eater_PostQuinean_v1/db/sql/017_theories.sql:150; Article_Eater_PostQuinean_v1/ruthless_bundle_2026-02-08/src/services/extraction_to_web.py:1484; Article_Eater_PostQuinean_v1/src/services/extraction_to_web.py:1608
average_confidence,extraction_output_field,BN_graphical,1,1,BN_graphical/src/ai_extraction/extraction_pipeline.py:167
average_processing_time_ms,extraction_output_field,BN_graphical,1,1,BN_graphical/src/ai_extraction/extraction_pipeline.py:168
avg_confidence,extraction_output_field,Article_Eater_PostQuinean_v1,1,1,Article_Eater_PostQuinean_v1/src/services/pdf_extraction.py:532
avg_ms,extraction_output_field,Article_Finder_v3_2_3,1,1,Article_Finder_v3_2_3/ingest/doi_resolver.py:36
avg_relevance,database_column,Article_Eater_PostQuinean_v1,1,1,Article_Eater_PostQuinean_v1/db/sql/015_complete_schema.sql:185
avg_relevance_score,database_column,Article_Eater_PostQuinean_v1,1,1,Article_Eater_PostQuinean_v1/migrations/006_discovery_funnel.sql:88
axial_coding,extraction_output_field,Outcome_Contractor,1,1,Outcome_Contractor/article_finder/type_specific_extractor.py:360
axisIndicesIndex,extraction_output_field,BN_graphical,1,3,BN_graphical/backups/broken_venvs/bn_venv_20260213_092600/lib/python3.12/site-packages/fontTools/ttLib/tables/otTables.py:351; BN_graphical/bn_venv_py311/lib/python3.11/site-packages/fontTools/ttLib/tables/otTables.py:351; BN_graphical/test_venv_310/lib/python3.10/site-packages/fontTools/ttLib/tables/otTables.py:351
axisValuesVarIndex,extraction_output_field,BN_graphical,1,3,BN_graphical/backups/broken_venvs/bn_venv_20260213_092600/lib/python3.12/site-packages/fontTools/ttLib/tables/otTables.py:357; BN_graphical/bn_venv_py311/lib/python3.11/site-packages/fontTools/ttLib/tables/otTables.py:357; BN_graphical/test_venv_310/lib/python3.10/site-packages/fontTools/ttLib/tables/otTables.py:357
bCharSet,extraction_output_field,BN_graphical,1,3,BN_graphical/backups/broken_venvs/bn_venv_20260213_092600/lib/python3.12/site-packages/fontTools/ttLib/tables/V_D_M_X_.py:220; BN_graphical/bn_venv_py311/lib/python3.11/site-packages/fontTools/ttLib/tables/V_D_M_X_.py:220; BN_graphical/test_venv_310/lib/python3.10/site-packages/fontTools/ttLib/tables/V_D_M_X_.py:220
bar.py,extraction_output_field,BN_graphical,1,3,BN_graphical/backups/broken_venvs/bn_venv_20260213_092600/lib/python3.12/site-packages/setuptools/tests/test_editable_install.py:705; BN_graphical/bn_venv_py311/lib/python3.11/site-packages/setuptools/tests/test_editable_install.py:705; BN_graphical/test_venv_310/lib/python3.10/site-packages/setuptools/tests/test_editable_install.py:706
base_rate,extraction_output_field,BN_graphical,1,1,BN_graphical/src/mechanisms/mechanism_schema.py:174
base_rate_source,extraction_output_field,BN_graphical,1,1,BN_graphical/src/mechanisms/mechanism_schema.py:175
base_tables,extraction_output_field,BN_graphical,1,4,BN_graphical/backups/broken_venvs/bn_venv_20260213_092600/lib/python3.12/site-packages/sqlalchemy/sql/schema.py:1405; BN_graphical/bn_venv/lib/python3.14/site-packages/sqlalchemy/sql/schema.py:1404; BN_graphical/bn_venv_py311/lib/python3.11/site-packages/sqlalchemy/sql/schema.py:1405; BN_graphical/test_venv_310/lib/python3.10/site-packages/sqlalchemy/sql/schema.py:1405
base_weight,extraction_output_field,BN_graphical,1,6,BN_graphical/src/schemas/enhanced_edge.py:102; BN_graphical/src/schemas/enhanced_edge.py:227; BN_graphical/src/schemas/enhanced_edge.py:74; BN_graphical/src/schemas/enhanced_edge.py:81
baseline_measures,extraction_output_field,Outcome_Contractor,1,1,Outcome_Contractor/article_finder/type_specific_extractor.py:206
baseline_shift,enum_value,Article_Eater_PostQuinean_v1,1,1,Article_Eater_PostQuinean_v1/src/services/epistemic_causal_bridge.py:137
baseline_year,extraction_output_field,Outcome_Contractor,1,1,Outcome_Contractor/article_finder/exemplary_extraction_tables.md:2174
basic_science,enum_value,Article_Eater_PostQuinean_v1,1,1,Article_Eater_PostQuinean_v1/src/services/web_of_belief.py:226
bayesian_network,extraction_output_field,Outcome_Contractor,1,1,Outcome_Contractor/contracts/oc_export/VERSION_MANIFEST.json:33
behav.absenteeism,extraction_output_field,Outcome_Contractor,1,2,Outcome_Contractor/contracts/oc_export/ae_outcome_lookup.json:2597; Outcome_Contractor/contracts/oc_export/constitutive_bridges.json:18290
behav.creative_output,extraction_output_field,Outcome_Contractor,1,2,Outcome_Contractor/contracts/oc_export/ae_outcome_lookup.json:2602; Outcome_Contractor/contracts/oc_export/constitutive_bridges.json:18297
behav.creative_output.ideation,extraction_output_field,Outcome_Contractor,1,2,Outcome_Contractor/contracts/oc_export/ae_outcome_lookup.json:2607; Outcome_Contractor/contracts/oc_export/constitutive_bridges.json:18304
behav.creative_output.ideation.novelty,extraction_output_field,Outcome_Contractor,1,2,Outcome_Contractor/contracts/oc_export/ae_outcome_lookup.json:2612; Outcome_Contractor/contracts/oc_export/constitutive_bridges.json:18312
behav.creative_output.ideation.quantity,extraction_output_field,Outcome_Contractor,1,2,Outcome_Contractor/contracts/oc_export/ae_outcome_lookup.json:2617; Outcome_Contractor/contracts/oc_export/constitutive_bridges.json:18321
behav.creative_output.ideation.variety,extraction_output_field,Outcome_Contractor,1,2,Outcome_Contractor/contracts/oc_export/ae_outcome_lookup.json:2622; Outcome_Contractor/contracts/oc_export/constitutive_bridges.json:18330
behav.creative_output.innovation,extraction_output_field,Outcome_Contractor,1,2,Outcome_Contractor/contracts/oc_export/ae_outcome_lookup.json:2627; Outcome_Contractor/contracts/oc_export/constitutive_bridges.json:18339
behav.creative_output.production,extraction_output_field,Outcome_Contractor,1,2,Outcome_Contractor/contracts/oc_export/ae_outcome_lookup.json:2632; Outcome_Contractor/contracts/oc_export/constitutive_bridges.json:18347
behav.creative_output.production.artifacts,extraction_output_field,Outcome_Contractor,1,2,Outcome_Contractor/contracts/oc_export/ae_outcome_lookup.json:2637; Outcome_Contractor/contracts/oc_export/constitutive_bridges.json:18355
behav.creative_output.production.prototypes,extraction_output_field,Outcome_Contractor,1,2,Outcome_Contractor/contracts/oc_export/ae_outcome_lookup.json:2642; Outcome_Contractor/contracts/oc_export/constitutive_bridges.json:18364
behav.creativity_output,extraction_output_field,Outcome_Contractor,1,2,Outcome_Contractor/contracts/oc_export/ae_outcome_lookup.json:2647; Outcome_Contractor/contracts/oc_export/constitutive_bridges.json:18373
behav.eating,extraction_output_field,Outcome_Contractor,1,2,Outcome_Contractor/contracts/oc_export/ae_outcome_lookup.json:2652; Outcome_Contractor/contracts/oc_export/constitutive_bridges.json:18380
behav.eating.eating_rate,extraction_output_field,Outcome_Contractor,1,2,Outcome_Contractor/contracts/oc_export/ae_outcome_lookup.json:2657; Outcome_Contractor/contracts/oc_export/constitutive_bridges.json:18387
behav.eating.food_choice,extraction_output_field,Outcome_Contractor,1,2,Outcome_Contractor/contracts/oc_export/ae_outcome_lookup.json:2662; Outcome_Contractor/contracts/oc_export/constitutive_bridges.json:18395
behav.eating.meal_timing,extraction_output_field,Outcome_Contractor,1,2,Outcome_Contractor/contracts/oc_export/ae_outcome_lookup.json:2667; Outcome_Contractor/contracts/oc_export/constitutive_bridges.json:18403
behav.eating.portion_size,extraction_output_field,Outcome_Contractor,1,2,Outcome_Contractor/contracts/oc_export/ae_outcome_lookup.json:2672; Outcome_Contractor/contracts/oc_export/constitutive_bridges.json:18411
behav.eating.snacking,extraction_output_field,Outcome_Contractor,1,2,Outcome_Contractor/contracts/oc_export/ae_outcome_lookup.json:2677; Outcome_Contractor/contracts/oc_export/constitutive_bridges.json:18419
behav.environmental,extraction_output_field,Outcome_Contractor,1,2,Outcome_Contractor/contracts/oc_export/ae_outcome_lookup.json:2682; Outcome_Contractor/contracts/oc_export/constitutive_bridges.json:18427
behav.environmental.energy_use,extraction_output_field,Outcome_Contractor,1,2,Outcome_Contractor/contracts/oc_export/ae_outcome_lookup.json:2687; Outcome_Contractor/contracts/oc_export/constitutive_bridges.json:18434
behav.environmental.energy_use.equipment,extraction_output_field,Outcome_Contractor,1,2,Outcome_Contractor/contracts/oc_export/ae_outcome_lookup.json:2692; Outcome_Contractor/contracts/oc_export/constitutive_bridges.json:18442
behav.environmental.energy_use.hvac,extraction_output_field,Outcome_Contractor,1,2,Outcome_Contractor/contracts/oc_export/ae_outcome_lookup.json:2697; Outcome_Contractor/contracts/oc_export/constitutive_bridges.json:18451
behav.environmental.energy_use.lighting,extraction_output_field,Outcome_Contractor,1,2,Outcome_Contractor/contracts/oc_export/ae_outcome_lookup.json:2702; Outcome_Contractor/contracts/oc_export/constitutive_bridges.json:18460
behav.environmental.recycling,extraction_output_field,Outcome_Contractor,1,2,Outcome_Contractor/contracts/oc_export/ae_outcome_lookup.json:2707; Outcome_Contractor/contracts/oc_export/constitutive_bridges.json:18469
behav.environmental.sustainable_transport,extraction_output_field,Outcome_Contractor,1,2,Outcome_Contractor/contracts/oc_export/ae_outcome_lookup.json:2712; Outcome_Contractor/contracts/oc_export/constitutive_bridges.json:18477
behav.movement,extraction_output_field,Outcome_Contractor,1,2,Outcome_Contractor/contracts/oc_export/ae_outcome_lookup.json:2717; Outcome_Contractor/contracts/oc_export/constitutive_bridges.json:18485
behav.movement.gait,extraction_output_field,Outcome_Contractor,1,2,Outcome_Contractor/contracts/oc_export/ae_outcome_lookup.json:2722; Outcome_Contractor/contracts/oc_export/constitutive_bridges.json:18492
behav.movement.gait.speed,extraction_output_field,Outcome_Contractor,1,2,Outcome_Contractor/contracts/oc_export/ae_outcome_lookup.json:2727; Outcome_Contractor/contracts/oc_export/constitutive_bridges.json:18500
behav.movement.gait.stability,extraction_output_field,Outcome_Contractor,1,2,Outcome_Contractor/contracts/oc_export/ae_outcome_lookup.json:2732; Outcome_Contractor/contracts/oc_export/constitutive_bridges.json:18509
behav.movement.gait.variability,extraction_output_field,Outcome_Contractor,1,2,Outcome_Contractor/contracts/oc_export/ae_outcome_lookup.json:2737; Outcome_Contractor/contracts/oc_export/constitutive_bridges.json:18518
behav.movement.locomotion,extraction_output_field,Outcome_Contractor,1,2,Outcome_Contractor/contracts/oc_export/ae_outcome_lookup.json:2742; Outcome_Contractor/contracts/oc_export/constitutive_bridges.json:18527
behav.movement.locomotion.running,extraction_output_field,Outcome_Contractor,1,2,Outcome_Contractor/contracts/oc_export/ae_outcome_lookup.json:2747; Outcome_Contractor/contracts/oc_export/constitutive_bridges.json:18535
behav.movement.locomotion.stair_use,extraction_output_field,Outcome_Contractor,1,2,Outcome_Contractor/contracts/oc_export/ae_outcome_lookup.json:2752; Outcome_Contractor/contracts/oc_export/constitutive_bridges.json:18544
behav.movement.locomotion.walking,extraction_output_field,Outcome_Contractor,1,2,Outcome_Contractor/contracts/oc_export/ae_outcome_lookup.json:2757; Outcome_Contractor/contracts/oc_export/constitutive_bridges.json:18553
behav.movement.patterns,extraction_output_field,Outcome_Contractor,1,2,Outcome_Contractor/contracts/oc_export/ae_outcome_lookup.json:2762; Outcome_Contractor/contracts/oc_export/constitutive_bridges.json:18562
behav.movement.patterns.circulation,extraction_output_field,Outcome_Contractor,1,2,Outcome_Contractor/contracts/oc_export/ae_outcome_lookup.json:2767; Outcome_Contractor/contracts/oc_export/constitutive_bridges.json:18570
behav.movement.patterns.density,extraction_output_field,Outcome_Contractor,1,2,Outcome_Contractor/contracts/oc_export/ae_outcome_lookup.json:2772; Outcome_Contractor/contracts/oc_export/constitutive_bridges.json:18579
behav.movement.patterns.flow,extraction_output_field,Outcome_Contractor,1,2,Outcome_Contractor/contracts/oc_export/ae_outcome_lookup.json:2777; Outcome_Contractor/contracts/oc_export/constitutive_bridges.json:18588
behav.movement.patterns.speed,extraction_output_field,Outcome_Contractor,1,2,Outcome_Contractor/contracts/oc_export/ae_outcome_lookup.json:2782; Outcome_Contractor/contracts/oc_export/constitutive_bridges.json:18597
behav.movement.sedentary,extraction_output_field,Outcome_Contractor,1,2,Outcome_Contractor/contracts/oc_export/ae_outcome_lookup.json:2787; Outcome_Contractor/contracts/oc_export/constitutive_bridges.json:18606
behav.movement.sedentary.posture,extraction_output_field,Outcome_Contractor,1,2,Outcome_Contractor/contracts/oc_export/ae_outcome_lookup.json:2792; Outcome_Contractor/contracts/oc_export/constitutive_bridges.json:18614
behav.movement.sedentary.sitting_breaks,extraction_output_field,Outcome_Contractor,1,2,Outcome_Contractor/contracts/oc_export/ae_outcome_lookup.json:2797; Outcome_Contractor/contracts/oc_export/constitutive_bridges.json:18623
behav.movement.sedentary.sitting_time,extraction_output_field,Outcome_Contractor,1,2,Outcome_Contractor/contracts/oc_export/ae_outcome_lookup.json:2802; Outcome_Contractor/contracts/oc_export/constitutive_bridges.json:18632
behav.physical_activity,extraction_output_field,Outcome_Contractor,1,2,Outcome_Contractor/contracts/oc_export/ae_outcome_lookup.json:2807; Outcome_Contractor/contracts/oc_export/constitutive_bridges.json:18641
behav.physical_activity.active_transport,extraction_output_field,Outcome_Contractor,1,2,Outcome_Contractor/contracts/oc_export/ae_outcome_lookup.json:2812; Outcome_Contractor/contracts/oc_export/constitutive_bridges.json:18648
behav.physical_activity.active_transport.cycling,extraction_output_field,Outcome_Contractor,1,2,Outcome_Contractor/contracts/oc_export/ae_outcome_lookup.json:2817; Outcome_Contractor/contracts/oc_export/constitutive_bridges.json:18656
behav.physical_activity.active_transport.walking,extraction_output_field,Outcome_Contractor,1,2,Outcome_Contractor/contracts/oc_export/ae_outcome_lookup.json:2822; Outcome_Contractor/contracts/oc_export/constitutive_bridges.json:18665
behav.physical_activity.duration,extraction_output_field,Outcome_Contractor,1,2,Outcome_Contractor/contracts/oc_export/ae_outcome_lookup.json:2827; Outcome_Contractor/contracts/oc_export/constitutive_bridges.json:18674
behav.physical_activity.frequency,extraction_output_field,Outcome_Contractor,1,2,Outcome_Contractor/contracts/oc_export/ae_outcome_lookup.json:2832; Outcome_Contractor/contracts/oc_export/constitutive_bridges.json:18682
behav.physical_activity.intensity,extraction_output_field,Outcome_Contractor,1,2,Outcome_Contractor/contracts/oc_export/ae_outcome_lookup.json:2837; Outcome_Contractor/contracts/oc_export/constitutive_bridges.json:18690
behav.physical_activity.intensity.light,extraction_output_field,Outcome_Contractor,1,2,Outcome_Contractor/contracts/oc_export/ae_outcome_lookup.json:2842; Outcome_Contractor/contracts/oc_export/constitutive_bridges.json:18698
behav.physical_activity.intensity.moderate,extraction_output_field,Outcome_Contractor,1,2,Outcome_Contractor/contracts/oc_export/ae_outcome_lookup.json:2847; Outcome_Contractor/contracts/oc_export/constitutive_bridges.json:18707
behav.physical_activity.intensity.vigorous,extraction_output_field,Outcome_Contractor,1,2,Outcome_Contractor/contracts/oc_export/ae_outcome_lookup.json:2852; Outcome_Contractor/contracts/oc_export/constitutive_bridges.json:18716
behav.physical_activity.steps,extraction_output_field,Outcome_Contractor,1,2,Outcome_Contractor/contracts/oc_export/ae_outcome_lookup.json:2857; Outcome_Contractor/contracts/oc_export/constitutive_bridges.json:18725
behav.productivity.billable_hours,extraction_output_field,Outcome_Contractor,1,2,Outcome_Contractor/contracts/oc_export/ae_outcome_lookup.json:2867; Outcome_Contractor/contracts/oc_export/constitutive_bridges.json:18740
behav.productivity.goal_progress,extraction_output_field,Outcome_Contractor,1,2,Outcome_Contractor/contracts/oc_export/ae_outcome_lookup.json:2872; Outcome_Contractor/contracts/oc_export/constitutive_bridges.json:18748
behav.productivity.output_volume,extraction_output_field,Outcome_Contractor,1,2,Outcome_Contractor/contracts/oc_export/ae_outcome_lookup.json:2877; Outcome_Contractor/contracts/oc_export/constitutive_bridges.json:18756
behav.productivity.work_rate,extraction_output_field,Outcome_Contractor,1,2,Outcome_Contractor/contracts/oc_export/ae_outcome_lookup.json:2882; Outcome_Contractor/contracts/oc_export/constitutive_bridges.json:18764
behav.safety,extraction_output_field,Outcome_Contractor,1,2,Outcome_Contractor/contracts/oc_export/ae_outcome_lookup.json:2887; Outcome_Contractor/contracts/oc_export/constitutive_bridges.json:18772
behav.safety.accidents,extraction_output_field,Outcome_Contractor,1,2,Outcome_Contractor/contracts/oc_export/ae_outcome_lookup.json:2892; Outcome_Contractor/contracts/oc_export/constitutive_bridges.json:18779
behav.safety.accidents.collisions,extraction_output_field,Outcome_Contractor,1,2,Outcome_Contractor/contracts/oc_export/ae_outcome_lookup.json:2897; Outcome_Contractor/contracts/oc_export/constitutive_bridges.json:18787
behav.safety.accidents.near_misses,extraction_output_field,Outcome_Contractor,1,2,Outcome_Contractor/contracts/oc_export/ae_outcome_lookup.json:2902; Outcome_Contractor/contracts/oc_export/constitutive_bridges.json:18796
behav.safety.accidents.slips_trips_falls,extraction_output_field,Outcome_Contractor,1,2,Outcome_Contractor/contracts/oc_export/ae_outcome_lookup.json:2907; Outcome_Contractor/contracts/oc_export/constitutive_bridges.json:18805
behav.safety.compliance,extraction_output_field,Outcome_Contractor,1,2,Outcome_Contractor/contracts/oc_export/ae_outcome_lookup.json:2912; Outcome_Contractor/contracts/oc_export/constitutive_bridges.json:18814
behav.safety.compliance.ppe_use,extraction_output_field,Outcome_Contractor,1,2,Outcome_Contractor/contracts/oc_export/ae_outcome_lookup.json:2917; Outcome_Contractor/contracts/oc_export/constitutive_bridges.json:18822
behav.safety.compliance.rule_following,extraction_output_field,Outcome_Contractor,1,2,Outcome_Contractor/contracts/oc_export/ae_outcome_lookup.json:2922; Outcome_Contractor/contracts/oc_export/constitutive_bridges.json:18831
behav.safety.risk_taking,extraction_output_field,Outcome_Contractor,1,2,Outcome_Contractor/contracts/oc_export/ae_outcome_lookup.json:2927; Outcome_Contractor/contracts/oc_export/constitutive_bridges.json:18840
behav.skill,extraction_output_field,Outcome_Contractor,1,2,Outcome_Contractor/contracts/oc_export/ae_outcome_lookup.json:2932; Outcome_Contractor/contracts/oc_export/constitutive_bridges.json:18848
behav.skill.acquisition,extraction_output_field,Outcome_Contractor,1,2,Outcome_Contractor/contracts/oc_export/ae_outcome_lookup.json:2937; Outcome_Contractor/contracts/oc_export/constitutive_bridges.json:18855
behav.skill.acquisition.learning_rate,extraction_output_field,Outcome_Contractor,1,2,Outcome_Contractor/contracts/oc_export/ae_outcome_lookup.json:2942; Outcome_Contractor/contracts/oc_export/constitutive_bridges.json:18863
behav.skill.acquisition.time_to_proficiency,extraction_output_field,Outcome_Contractor,1,2,Outcome_Contractor/contracts/oc_export/ae_outcome_lookup.json:2947; Outcome_Contractor/contracts/oc_export/constitutive_bridges.json:18872
behav.skill.degradation,extraction_output_field,Outcome_Contractor,1,2,Outcome_Contractor/contracts/oc_export/ae_outcome_lookup.json:2952; Outcome_Contractor/contracts/oc_export/constitutive_bridges.json:18881
behav.skill.expertise,extraction_output_field,Outcome_Contractor,1,2,Outcome_Contractor/contracts/oc_export/ae_outcome_lookup.json:2957; Outcome_Contractor/contracts/oc_export/constitutive_bridges.json:18889
behav.skill.expertise.automaticity,extraction_output_field,Outcome_Contractor,1,2,Outcome_Contractor/contracts/oc_export/ae_outcome_lookup.json:2962; Outcome_Contractor/contracts/oc_export/constitutive_bridges.json:18897
behav.skill.expertise.fluency,extraction_output_field,Outcome_Contractor,1,2,Outcome_Contractor/contracts/oc_export/ae_outcome_lookup.json:2967; Outcome_Contractor/contracts/oc_export/constitutive_bridges.json:18906
behav.skill.retention,extraction_output_field,Outcome_Contractor,1,2,Outcome_Contractor/contracts/oc_export/ae_outcome_lookup.json:2972; Outcome_Contractor/contracts/oc_export/constitutive_bridges.json:18915
behav.skill.transfer,extraction_output_field,Outcome_Contractor,1,2,Outcome_Contractor/contracts/oc_export/ae_outcome_lookup.json:2977; Outcome_Contractor/contracts/oc_export/constitutive_bridges.json:18923
behav.sleep.disorders,extraction_output_field,Outcome_Contractor,1,2,Outcome_Contractor/contracts/oc_export/ae_outcome_lookup.json:2987; Outcome_Contractor/contracts/oc_export/constitutive_bridges.json:18938
behav.sleep.disorders.circadian_disruption,extraction_output_field,Outcome_Contractor,1,2,Outcome_Contractor/contracts/oc_export/ae_outcome_lookup.json:2992; Outcome_Contractor/contracts/oc_export/constitutive_bridges.json:18946
behav.sleep.disorders.insomnia,extraction_output_field,Outcome_Contractor,1,2,Outcome_Contractor/contracts/oc_export/ae_outcome_lookup.json:2997; Outcome_Contractor/contracts/oc_export/constitutive_bridges.json:18955
behav.sleep.duration,extraction_output_field,Outcome_Contractor,1,2,Outcome_Contractor/contracts/oc_export/ae_outcome_lookup.json:3002; Outcome_Contractor/contracts/oc_export/constitutive_bridges.json:18964
behav.sleep.quality,extraction_output_field,Outcome_Contractor,1,2,Outcome_Contractor/contracts/oc_export/ae_outcome_lookup.json:3007; Outcome_Contractor/contracts/oc_export/constitutive_bridges.json:18972
behav.sleep.quality.architecture,extraction_output_field,Outcome_Contractor,1,2,Outcome_Contractor/contracts/oc_export/ae_outcome_lookup.json:3012; Outcome_Contractor/contracts/oc_export/constitutive_bridges.json:18980
behav.sleep.quality.efficiency,extraction_output_field,Outcome_Contractor,1,2,Outcome_Contractor/contracts/oc_export/ae_outcome_lookup.json:3017; Outcome_Contractor/contracts/oc_export/constitutive_bridges.json:18989
behav.sleep.quality.fragmentation,extraction_output_field,Outcome_Contractor,1,2,Outcome_Contractor/contracts/oc_export/ae_outcome_lookup.json:3022; Outcome_Contractor/contracts/oc_export/constitutive_bridges.json:18998
behav.sleep.quality.latency,extraction_output_field,Outcome_Contractor,1,2,Outcome_Contractor/contracts/oc_export/ae_outcome_lookup.json:3027; Outcome_Contractor/contracts/oc_export/constitutive_bridges.json:19007
behav.sleep.timing,extraction_output_field,Outcome_Contractor,1,2,Outcome_Contractor/contracts/oc_export/ae_outcome_lookup.json:3032; Outcome_Contractor/contracts/oc_export/constitutive_bridges.json:19016
behav.sleep.timing.bedtime,extraction_output_field,Outcome_Contractor,1,2,Outcome_Contractor/contracts/oc_export/ae_outcome_lookup.json:3037; Outcome_Contractor/contracts/oc_export/constitutive_bridges.json:19024
behav.sleep.timing.regularity,extraction_output_field,Outcome_Contractor,1,2,Outcome_Contractor/contracts/oc_export/ae_outcome_lookup.json:3042; Outcome_Contractor/contracts/oc_export/constitutive_bridges.json:19033
behav.sleep.timing.wake_time,extraction_output_field,Outcome_Contractor,1,2,Outcome_Contractor/contracts/oc_export/ae_outcome_lookup.json:3047; Outcome_Contractor/contracts/oc_export/constitutive_bridges.json:19042
behav.social,extraction_output_field,Outcome_Contractor,1,1,Outcome_Contractor/article_finder/ae_claim_extractor.py:218
behav.space_use,extraction_output_field,Outcome_Contractor,1,2,Outcome_Contractor/contracts/oc_export/ae_outcome_lookup.json:3052; Outcome_Contractor/contracts/oc_export/constitutive_bridges.json:19051
behav.space_use.dwell_time,extraction_output_field,Outcome_Contractor,1,2,Outcome_Contractor/contracts/oc_export/ae_outcome_lookup.json:3057; Outcome_Contractor/contracts/oc_export/constitutive_bridges.json:19058
behav.space_use.hotspots,extraction_output_field,Outcome_Contractor,1,2,Outcome_Contractor/contracts/oc_export/ae_outcome_lookup.json:3062; Outcome_Contractor/contracts/oc_export/constitutive_bridges.json:19066
behav.space_use.migration,extraction_output_field,Outcome_Contractor,1,2,Outcome_Contractor/contracts/oc_export/ae_outcome_lookup.json:3067; Outcome_Contractor/contracts/oc_export/constitutive_bridges.json:19074
behav.space_use.occupancy,extraction_output_field,Outcome_Contractor,1,2,Outcome_Contractor/contracts/oc_export/ae_outcome_lookup.json:3072; Outcome_Contractor/contracts/oc_export/constitutive_bridges.json:19082
behav.space_use.occupancy.peak_occupancy,extraction_output_field,Outcome_Contractor,1,2,Outcome_Contractor/contracts/oc_export/ae_outcome_lookup.json:3077; Outcome_Contractor/contracts/oc_export/constitutive_bridges.json:19090
behav.space_use.occupancy.utilization_rate,extraction_output_field,Outcome_Contractor,1,2,Outcome_Contractor/contracts/oc_export/ae_outcome_lookup.json:3082; Outcome_Contractor/contracts/oc_export/constitutive_bridges.json:19099
behav.space_use.occupancy.vacancy,extraction_output_field,Outcome_Contractor,1,2,Outcome_Contractor/contracts/oc_export/ae_outcome_lookup.json:3087; Outcome_Contractor/contracts/oc_export/constitutive_bridges.json:19108
behav.space_use.territory,extraction_output_field,Outcome_Contractor,1,2,Outcome_Contractor/contracts/oc_export/ae_outcome_lookup.json:3092; Outcome_Contractor/contracts/oc_export/constitutive_bridges.json:19117
behav.space_use.territory.defense,extraction_output_field,Outcome_Contractor,1,2,Outcome_Contractor/contracts/oc_export/ae_outcome_lookup.json:3097; Outcome_Contractor/contracts/oc_export/constitutive_bridges.json:19125
behav.space_use.territory.personalization,extraction_output_field,Outcome_Contractor,1,2,Outcome_Contractor/contracts/oc_export/ae_outcome_lookup.json:3102; Outcome_Contractor/contracts/oc_export/constitutive_bridges.json:19134
behav.task_performance,extraction_output_field,Outcome_Contractor,1,2,Outcome_Contractor/contracts/oc_export/ae_outcome_lookup.json:3107; Outcome_Contractor/contracts/oc_export/constitutive_bridges.json:19143
behav.task_performance.accuracy,extraction_output_field,Outcome_Contractor,1,2,Outcome_Contractor/contracts/oc_export/ae_outcome_lookup.json:3112; Outcome_Contractor/contracts/oc_export/constitutive_bridges.json:19150
behav.task_performance.accuracy.error_rate,extraction_output_field,Outcome_Contractor,1,2,Outcome_Contractor/contracts/oc_export/ae_outcome_lookup.json:3117; Outcome_Contractor/contracts/oc_export/constitutive_bridges.json:19158
behav.task_performance.accuracy.precision,extraction_output_field,Outcome_Contractor,1,2,Outcome_Contractor/contracts/oc_export/ae_outcome_lookup.json:3122; Outcome_Contractor/contracts/oc_export/constitutive_bridges.json:19167
behav.task_performance.accuracy.quality,extraction_output_field,Outcome_Contractor,1,2,Outcome_Contractor/contracts/oc_export/ae_outcome_lookup.json:3127; Outcome_Contractor/contracts/oc_export/constitutive_bridges.json:19176
behav.task_performance.accuracy.recall,extraction_output_field,Outcome_Contractor,1,2,Outcome_Contractor/contracts/oc_export/ae_outcome_lookup.json:3132; Outcome_Contractor/contracts/oc_export/constitutive_bridges.json:19185
behav.task_performance.consistency,extraction_output_field,Outcome_Contractor,1,2,Outcome_Contractor/contracts/oc_export/ae_outcome_lookup.json:3137; Outcome_Contractor/contracts/oc_export/constitutive_bridges.json:19194
behav.task_performance.consistency.reliability,extraction_output_field,Outcome_Contractor,1,2,Outcome_Contractor/contracts/oc_export/ae_outcome_lookup.json:3142; Outcome_Contractor/contracts/oc_export/constitutive_bridges.json:19202
behav.task_performance.consistency.variability,extraction_output_field,Outcome_Contractor,1,2,Outcome_Contractor/contracts/oc_export/ae_outcome_lookup.json:3147; Outcome_Contractor/contracts/oc_export/constitutive_bridges.json:19211
behav.task_performance.effectiveness,extraction_output_field,Outcome_Contractor,1,2,Outcome_Contractor/contracts/oc_export/ae_outcome_lookup.json:3152; Outcome_Contractor/contracts/oc_export/constitutive_bridges.json:19220
behav.task_performance.effectiveness.goal_achievement,extraction_output_field,Outcome_Contractor,1,2,Outcome_Contractor/contracts/oc_export/ae_outcome_lookup.json:3157; Outcome_Contractor/contracts/oc_export/constitutive_bridges.json:19228
behav.task_performance.effectiveness.outcome_quality,extraction_output_field,Outcome_Contractor,1,2,Outcome_Contractor/contracts/oc_export/ae_outcome_lookup.json:3162; Outcome_Contractor/contracts/oc_export/constitutive_bridges.json:19237
behav.task_performance.effectiveness.task_completion_rate,extraction_output_field,Outcome_Contractor,1,2,Outcome_Contractor/contracts/oc_export/ae_outcome_lookup.json:3167; Outcome_Contractor/contracts/oc_export/constitutive_bridges.json:19246
behav.task_performance.efficiency,extraction_output_field,Outcome_Contractor,1,2,Outcome_Contractor/contracts/oc_export/ae_outcome_lookup.json:3172; Outcome_Contractor/contracts/oc_export/constitutive_bridges.json:19255
behav.task_performance.efficiency.input_output_ratio,extraction_output_field,Outcome_Contractor,1,2,Outcome_Contractor/contracts/oc_export/ae_outcome_lookup.json:3177; Outcome_Contractor/contracts/oc_export/constitutive_bridges.json:19263
behav.task_performance.efficiency.resource_use,extraction_output_field,Outcome_Contractor,1,2,Outcome_Contractor/contracts/oc_export/ae_outcome_lookup.json:3182; Outcome_Contractor/contracts/oc_export/constitutive_bridges.json:19272
behav.task_performance.efficiency.waste_reduction,extraction_output_field,Outcome_Contractor,1,2,Outcome_Contractor/contracts/oc_export/ae_outcome_lookup.json:3187; Outcome_Contractor/contracts/oc_export/constitutive_bridges.json:19281
behav.task_performance.speed,extraction_output_field,Outcome_Contractor,1,2,Outcome_Contractor/contracts/oc_export/ae_outcome_lookup.json:3192; Outcome_Contractor/contracts/oc_export/constitutive_bridges.json:19290
behav.task_performance.speed.completion_time,extraction_output_field,Outcome_Contractor,1,2,Outcome_Contractor/contracts/oc_export/ae_outcome_lookup.json:3197; Outcome_Contractor/contracts/oc_export/constitutive_bridges.json:19298
behav.task_performance.speed.response_time,extraction_output_field,Outcome_Contractor,1,2,Outcome_Contractor/contracts/oc_export/ae_outcome_lookup.json:3202; Outcome_Contractor/contracts/oc_export/constitutive_bridges.json:19307
behav.task_performance.speed.throughput,extraction_output_field,Outcome_Contractor,1,2,Outcome_Contractor/contracts/oc_export/ae_outcome_lookup.json:3207; Outcome_Contractor/contracts/oc_export/constitutive_bridges.json:19316
behav.task_performance.speed.time_on_task,extraction_output_field,Outcome_Contractor,1,2,Outcome_Contractor/contracts/oc_export/ae_outcome_lookup.json:3212; Outcome_Contractor/contracts/oc_export/constitutive_bridges.json:19325
behav.wayfinding_behavior,extraction_output_field,Outcome_Contractor,1,2,Outcome_Contractor/contracts/oc_export/ae_outcome_lookup.json:3217; Outcome_Contractor/contracts/oc_export/constitutive_bridges.json:19334
behav.wayfinding_behavior.asking_directions,extraction_output_field,Outcome_Contractor,1,2,Outcome_Contractor/contracts/oc_export/ae_outcome_lookup.json:3222; Outcome_Contractor/contracts/oc_export/constitutive_bridges.json:19341
behav.wayfinding_behavior.exploration,extraction_output_field,Outcome_Contractor,1,2,Outcome_Contractor/contracts/oc_export/ae_outcome_lookup.json:3227; Outcome_Contractor/contracts/oc_export/constitutive_bridges.json:19349
behav.wayfinding_behavior.navigation_errors,extraction_output_field,Outcome_Contractor,1,2,Outcome_Contractor/contracts/oc_export/ae_outcome_lookup.json:3232; Outcome_Contractor/contracts/oc_export/constitutive_bridges.json:19357
behav.wayfinding_behavior.navigation_errors.backtracking,extraction_output_field,Outcome_Contractor,1,2,Outcome_Contractor/contracts/oc_export/ae_outcome_lookup.json:3237; Outcome_Contractor/contracts/oc_export/constitutive_bridges.json:19365
behav.wayfinding_behavior.navigation_errors.wrong_turns,extraction_output_field,Outcome_Contractor,1,2,Outcome_Contractor/contracts/oc_export/ae_outcome_lookup.json:3242; Outcome_Contractor/contracts/oc_export/constitutive_bridges.json:19374
behav.wayfinding_behavior.route_choice,extraction_output_field,Outcome_Contractor,1,2,Outcome_Contractor/contracts/oc_export/ae_outcome_lookup.json:3247; Outcome_Contractor/contracts/oc_export/constitutive_bridges.json:19383
behav.wayfinding_behavior.signage_use,extraction_output_field,Outcome_Contractor,1,2,Outcome_Contractor/contracts/oc_export/ae_outcome_lookup.json:3252; Outcome_Contractor/contracts/oc_export/constitutive_bridges.json:19391
behav.work_behavior,extraction_output_field,Outcome_Contractor,1,2,Outcome_Contractor/contracts/oc_export/ae_outcome_lookup.json:3257; Outcome_Contractor/contracts/oc_export/constitutive_bridges.json:19399
behav.work_behavior.attendance,extraction_output_field,Outcome_Contractor,1,2,Outcome_Contractor/contracts/oc_export/ae_outcome_lookup.json:3262; Outcome_Contractor/contracts/oc_export/constitutive_bridges.json:19406
behav.work_behavior.attendance.absenteeism,extraction_output_field,Outcome_Contractor,1,2,Outcome_Contractor/contracts/oc_export/ae_outcome_lookup.json:3267; Outcome_Contractor/contracts/oc_export/constitutive_bridges.json:19414
behav.work_behavior.attendance.presenteeism,extraction_output_field,Outcome_Contractor,1,2,Outcome_Contractor/contracts/oc_export/ae_outcome_lookup.json:3272; Outcome_Contractor/contracts/oc_export/constitutive_bridges.json:19423
behav.work_behavior.attendance.tardiness,extraction_output_field,Outcome_Contractor,1,2,Outcome_Contractor/contracts/oc_export/ae_outcome_lookup.json:3277; Outcome_Contractor/contracts/oc_export/constitutive_bridges.json:19432
behav.work_behavior.breaks,extraction_output_field,Outcome_Contractor,1,2,Outcome_Contractor/contracts/oc_export/ae_outcome_lookup.json:3282; Outcome_Contractor/contracts/oc_export/constitutive_bridges.json:19441
behav.work_behavior.breaks.duration,extraction_output_field,Outcome_Contractor,1,2,Outcome_Contractor/contracts/oc_export/ae_outcome_lookup.json:3287; Outcome_Contractor/contracts/oc_export/constitutive_bridges.json:19449
behav.work_behavior.breaks.frequency,extraction_output_field,Outcome_Contractor,1,2,Outcome_Contractor/contracts/oc_export/ae_outcome_lookup.json:3292; Outcome_Contractor/contracts/oc_export/constitutive_bridges.json:19458
behav.work_behavior.breaks.location,extraction_output_field,Outcome_Contractor,1,2,Outcome_Contractor/contracts/oc_export/ae_outcome_lookup.json:3297; Outcome_Contractor/contracts/oc_export/constitutive_bridges.json:19467
behav.work_behavior.engagement,extraction_output_field,Outcome_Contractor,1,2,Outcome_Contractor/contracts/oc_export/ae_outcome_lookup.json:3302; Outcome_Contractor/contracts/oc_export/constitutive_bridges.json:19476
behav.work_behavior.engagement.flow_state,extraction_output_field,Outcome_Contractor,1,2,Outcome_Contractor/contracts/oc_export/ae_outcome_lookup.json:3307; Outcome_Contractor/contracts/oc_export/constitutive_bridges.json:19484
behav.work_behavior.engagement.persistence,extraction_output_field,Outcome_Contractor,1,2,Outcome_Contractor/contracts/oc_export/ae_outcome_lookup.json:3312; Outcome_Contractor/contracts/oc_export/constitutive_bridges.json:19493
behav.work_behavior.engagement.task_engagement,extraction_output_field,Outcome_Contractor,1,2,Outcome_Contractor/contracts/oc_export/ae_outcome_lookup.json:3317; Outcome_Contractor/contracts/oc_export/constitutive_bridges.json:19502
behav.work_behavior.multitasking,extraction_output_field,Outcome_Contractor,1,2,Outcome_Contractor/contracts/oc_export/ae_outcome_lookup.json:3322; Outcome_Contractor/contracts/oc_export/constitutive_bridges.json:19511
behavioral_measure,enum_value,Article_Eater_PostQuinean_v1,1,1,Article_Eater_PostQuinean_v1/src/methods/registry.py:27
behavioral_task,enum_value,Article_Eater_PostQuinean_v1,1,1,Article_Eater_PostQuinean_v1/src/services/outcome_taxonomy.py:92
behaviors_observed,extraction_output_field,Outcome_Contractor,1,1,Outcome_Contractor/article_finder/type_specific_extractor.py:241
being_away,extraction_output_field,Outcome_Contractor,1,2,Outcome_Contractor/article_finder/exemplary_extraction_tables.md:2191; Outcome_Contractor/docs/PANEL_CONSULTATION_EXTRACTION_TABLES_2026_02_08.md:533
belief_chain,enum_value,Article_Eater_PostQuinean_v1,1,1,Article_Eater_PostQuinean_v1/src/services/cross_layer_query.py:33
belief_coherence,bn_node_definition,Article_Eater_PostQuinean_v1,1,1,Article_Eater_PostQuinean_v1/src/epistemic/bn_nodes.py:86
belief_count,database_column;extraction_output_field,BN_graphical,1,3,BN_graphical/contracts/bn.api.v2.schema.json:340; BN_graphical/migrations/002_add_coherence.sql:17; BN_graphical/migrations/002_add_coherence.sql:75
belief_data,enum_value,Article_Eater_PostQuinean_v1,1,1,Article_Eater_PostQuinean_v1/src/services/export_audit.py:43
best_explanation,enum_value,BN_graphical,1,1,BN_graphical/src/literature_integration/argument_structure.py:72
best_relevance_score,database_column,Article_Eater_PostQuinean_v1,1,1,Article_Eater_PostQuinean_v1/migrations/006_discovery_funnel.sql:89
beta_0,extraction_output_field,BN_graphical,1,1,BN_graphical/tests/test_contracts.py:102
beta_test_mediator,extraction_output_field,BN_graphical,1,1,BN_graphical/tests/test_contracts.py:103
between_subjects,extraction_output_field,Article_Eater_PostQuinean_v1,1,2,Article_Eater_PostQuinean_v1/ruthless_bundle_2026-02-08/src/services/scope_extractor.py:471; Article_Eater_PostQuinean_v1/src/services/scope_extractor.py:471
biophilia.plant_count,extraction_output_field,Article_Eater_PostQuinean_v1,1,2,Article_Eater_PostQuinean_v1/contracts/vocab/environment_lookup.json:1687; Article_Eater_PostQuinean_v1/contracts/vocab/environment_lookup.json:61
biophilic.materials,extraction_output_field,Outcome_Contractor,1,1,Outcome_Contractor/article_finder/ae_claim_extractor.py:180
biophilic.plants,extraction_output_field,Outcome_Contractor,1,1,Outcome_Contractor/article_finder/ae_claim_extractor.py:178
biophilic.view,extraction_output_field,Outcome_Contractor,1,1,Outcome_Contractor/article_finder/ae_claim_extractor.py:179
biophilic.water,extraction_output_field,Outcome_Contractor,1,1,Outcome_Contractor/article_finder/ae_claim_extractor.py:181
bitmapSizeTable,extraction_output_field,BN_graphical,1,3,BN_graphical/backups/broken_venvs/bn_venv_20260213_092600/lib/python3.12/site-packages/fontTools/ttLib/tables/E_B_L_C_.py:293; BN_graphical/bn_venv_py311/lib/python3.11/site-packages/fontTools/ttLib/tables/E_B_L_C_.py:293; BN_graphical/test_venv_310/lib/python3.10/site-packages/fontTools/ttLib/tables/E_B_L_C_.py:293
blocking_reason,database_column,Article_Eater_PostQuinean_v1,1,1,Article_Eater_PostQuinean_v1/db/sql/018_paper_lifecycle.sql:50
bn_coherence,extraction_output_field,Article_Eater_PostQuinean_v1,1,1,Article_Eater_PostQuinean_v1/src/services/extraction_to_web.py:315
bn_edges,extraction_output_field,Article_Eater_PostQuinean_v1,1,1,Article_Eater_PostQuinean_v1/app/cli/article_eater_contract_cli.py:188
bn_state,extraction_output_field,Article_Eater_PostQuinean_v1,1,1,Article_Eater_PostQuinean_v1/app/cli/article_eater_contract_cli.py:186
bn_unavailable,enum_value,Article_Eater_PostQuinean_v1,1,1,Article_Eater_PostQuinean_v1/src/services/bn_coherence_client.py:81
bn_version,extraction_output_field,Article_Eater_PostQuinean_v1,1,1,Article_Eater_PostQuinean_v1/docs/BN_EXPORT_SCHEMA_v0_1.md:19
bottom_line,extraction_output_field,Outcome_Contractor,1,3,Outcome_Contractor/article_finder/seven_panel_extractor.py:1452; Outcome_Contractor/article_finder/seven_panel_extractor.py:1476; Outcome_Contractor/article_finder/seven_panel_extractor.py:1589
boundary_id,database_column,Article_Eater_PostQuinean_v1,1,1,Article_Eater_PostQuinean_v1/db/sql/017_theories.sql:108
boundary_type,extraction_output_field,BN_graphical,1,1,BN_graphical/src/mechanisms/mechanism_schema.py:226
boundary_unclear,enum_value,Article_Eater_PostQuinean_v1,1,1,Article_Eater_PostQuinean_v1/src/services/discovery_funnel.py:46
boundary_violation,enum_value,Article_Eater_PostQuinean_v1,1,1,Article_Eater_PostQuinean_v1/src/services/edge_justification.py:43
bounding_box,extraction_output_field,Tagging_Contractor,1,1,Tagging_Contractor/contracts/localized_image_tags.schema.json:90
bracketing_process,extraction_output_field,Outcome_Contractor,1,1,Outcome_Contractor/article_finder/type_specific_extractor.py:280
break_rest,extraction_output_field,Article_Eater_PostQuinean_v1,1,1,Article_Eater_PostQuinean_v1/contracts/vocab/task_taxonomy.json:282
breaking_change_policy,extraction_output_field,Outcome_Contractor,1,1,Outcome_Contractor/contracts/core.v1.schema.json:72
breaking_changes_since,extraction_output_field,Outcome_Contractor,1,1,Outcome_Contractor/contracts/oc_export/VERSION_MANIFEST.json:43
bridge_candidates,extraction_output_field,Article_Eater_PostQuinean_v1,1,1,Article_Eater_PostQuinean_v1/contracts/ae_af/schemas/ae.extended_outcome_lookup.v1.schema.json:79
bridge_confidence,extraction_output_field,Outcome_Contractor,1,833,Outcome_Contractor/contracts/oc_export/bn_outcome_nodes.json:10016; Outcome_Contractor/contracts/oc_export/bn_outcome_nodes.json:10036; Outcome_Contractor/contracts/oc_export/bn_outcome_nodes.json:10056; Outcome_Contractor/contracts/oc_export/bn_outcome_nodes.json:10076
bridge_failure,enum_value,Outcome_Contractor,1,1,Outcome_Contractor/core/argument_taxonomy.py:226
bridge_warrant,enum_value,Article_Eater_PostQuinean_v1,1,1,Article_Eater_PostQuinean_v1/src/epistemic/node_types.py:81
bridged_credence_cache,extraction_output_field,Article_Eater_PostQuinean_v1,1,1,Article_Eater_PostQuinean_v1/contracts/ae_af/schemas/ae.bridge.v1.schema.json:129
bridges_by_domain,extraction_output_field,Outcome_Contractor,1,1,Outcome_Contractor/contracts/oc_export/constitutive_bridges.json:24571
build_meta,extraction_output_field,Article_Eater_PostQuinean_v1,1,2,Article_Eater_PostQuinean_v1/contracts/ae_af/schemas/selection_log.v1.schema.json:19; Article_Eater_PostQuinean_v1/src/services/claim_gallery_builder.py:571
build_py,extraction_output_field,BN_graphical,1,3,BN_graphical/backups/broken_venvs/bn_venv_20260213_092600/lib/python3.12/site-packages/setuptools/tests/test_editable_install.py:1114; BN_graphical/bn_venv_py311/lib/python3.11/site-packages/setuptools/tests/test_editable_install.py:1114; BN_graphical/test_venv_310/lib/python3.10/site-packages/setuptools/tests/test_editable_install.py:1140
builder_version,extraction_output_field,Article_Eater_PostQuinean_v1,1,2,Article_Eater_PostQuinean_v1/contracts/ae_af/schemas/selection_log.v1.schema.json:29; Article_Eater_PostQuinean_v1/src/services/claim_gallery_builder.py:689
building_jobs,enum_value,Article_Finder_v3_2_3,1,1,Article_Finder_v3_2_3/search/discovery_orchestrator.py:37
building_type,extraction_output_field,Article_Eater_PostQuinean_v1,1,6,Article_Eater_PostQuinean_v1/contracts/ae_af/schemas/claim_gallery.v1.schema.json:234; Article_Eater_PostQuinean_v1/tests/test_claim_gallery_builder.py:109; Article_Eater_PostQuinean_v1/tests/test_claim_gallery_builder.py:129; Article_Eater_PostQuinean_v1/tests/test_claim_gallery_builder.py:361
built_at,extraction_output_field,Article_Eater_PostQuinean_v1,1,2,Article_Eater_PostQuinean_v1/contracts/ae_af/schemas/selection_log.v1.schema.json:28; Article_Eater_PostQuinean_v1/src/services/claim_gallery_builder.py:688
by_confidence,extraction_output_field,BN_graphical,1,1,BN_graphical/src/bn_integration/claim_mapper.py:269
by_domain,extraction_output_field,Article_Eater_PostQuinean_v1,1,2,Article_Eater_PostQuinean_v1/ruthless_bundle_2026-02-08/src/services/extraction_to_web.py:1365; Article_Eater_PostQuinean_v1/src/services/extraction_to_web.py:1450
by_layer,extraction_output_field,BN_graphical,1,1,BN_graphical/src/schemas/enhanced_edge.py:706
by_level,extraction_output_field,Article_Eater_PostQuinean_v1,1,4,Article_Eater_PostQuinean_v1/ruthless_bundle_2026-02-08/src/services/extraction_to_web.py:1364; Article_Eater_PostQuinean_v1/ruthless_bundle_2026-02-08/src/services/extraction_to_web.py:290; Article_Eater_PostQuinean_v1/src/services/extraction_to_web.py:1449; Article_Eater_PostQuinean_v1/src/services/extraction_to_web.py:306
by_method,extraction_output_field,Article_Finder_v3_2_3,1,1,Article_Finder_v3_2_3/ingest/citation_parser.py:656
by_priority,extraction_output_field,BN_graphical,1,1,BN_graphical/src/ai_extraction/verification_queue.py:537
by_source,extraction_output_field,Outcome_Contractor,1,1,Outcome_Contractor/article_finder/document_reference_extractor.py:442
by_status,extraction_output_field,BN_graphical,1,1,BN_graphical/src/schemas/enhanced_edge.py:702
by_strategy,extraction_output_field,BN_graphical,1,1,BN_graphical/src/bn_integration/claim_mapper.py:268
by_theory,extraction_output_field,Article_Eater_PostQuinean_v1,1,2,Article_Eater_PostQuinean_v1/ruthless_bundle_2026-02-08/src/services/extraction_to_web.py:289; Article_Eater_PostQuinean_v1/src/services/extraction_to_web.py:305
byrd_omojokun_factor,enum_value,BN_graphical,1,1,BN_graphical/bn_venv/lib/python3.14/site-packages/scipy/_lib/cobyqa/settings.py:63
call_to_action,extraction_output_field,Outcome_Contractor,1,1,Outcome_Contractor/article_finder/type_specific_extractor.py:700
candidate_count,extraction_output_field,Article_Eater_PostQuinean_v1,1,2,Article_Eater_PostQuinean_v1/contracts/ae_af/schemas/selection_log.v1.schema.json:114; Article_Eater_PostQuinean_v1/src/services/claim_gallery_builder.py:547
canonical_form,extraction_output_field,Article_Eater_PostQuinean_v1,1,1,Article_Eater_PostQuinean_v1/contracts/schemas/propositional_content.v1.schema.json:15
canonical_id,extraction_output_field,Article_Eater_PostQuinean_v1,1,7,Article_Eater_PostQuinean_v1/scripts/run_realtime_table_rule_intake.py:369; Article_Eater_PostQuinean_v1/scripts/run_realtime_table_rule_intake.py:386; Article_Eater_PostQuinean_v1/scripts/run_realtime_table_rule_intake.py:395; Article_Eater_PostQuinean_v1/scripts/run_realtime_table_rule_intake.py:409
canonical_term_id,database_column,Outcome_Contractor,1,1,Outcome_Contractor/core/database.py:74
caretSlopeRise,extraction_output_field,BN_graphical,1,6,BN_graphical/backups/broken_venvs/bn_venv_20260213_092600/lib/python3.12/site-packages/fontTools/merge/tables.py:75; BN_graphical/backups/broken_venvs/bn_venv_20260213_092600/lib/python3.12/site-packages/fontTools/merge/tables.py:92; BN_graphical/bn_venv_py311/lib/python3.11/site-packages/fontTools/merge/tables.py:75; BN_graphical/bn_venv_py311/lib/python3.11/site-packages/fontTools/merge/tables.py:92
caretSlopeRun,extraction_output_field,BN_graphical,1,6,BN_graphical/backups/broken_venvs/bn_venv_20260213_092600/lib/python3.12/site-packages/fontTools/merge/tables.py:76; BN_graphical/backups/broken_venvs/bn_venv_20260213_092600/lib/python3.12/site-packages/fontTools/merge/tables.py:93; BN_graphical/bn_venv_py311/lib/python3.11/site-packages/fontTools/merge/tables.py:76; BN_graphical/bn_venv_py311/lib/python3.11/site-packages/fontTools/merge/tables.py:93
case_control,extraction_output_field,Article_Eater_PostQuinean_v1,1,2,Article_Eater_PostQuinean_v1/ruthless_bundle_2026-02-08/src/services/scope_extractor.py:468; Article_Eater_PostQuinean_v1/src/services/scope_extractor.py:468
case_description,extraction_output_field,Outcome_Contractor,1,1,Outcome_Contractor/article_finder/type_specific_extractor.py:391
case_narrative,extraction_output_field,Outcome_Contractor,1,1,Outcome_Contractor/article_finder/type_specific_extractor.py:403
case_selection_rationale,extraction_output_field,Outcome_Contractor,1,1,Outcome_Contractor/article_finder/type_specific_extractor.py:392
case_type,extraction_output_field,Outcome_Contractor,1,1,Outcome_Contractor/article_finder/type_specific_extractor.py:393
category_combinations,extraction_output_field,Article_Eater_PostQuinean_v1,1,1,Article_Eater_PostQuinean_v1/contracts/vocab/task_taxonomy.json:329
category_counts,extraction_output_field,BN_graphical,1,1,BN_graphical/src/schemas/outcome_taxonomy.py:358
category_general,extraction_output_field,Article_Eater_PostQuinean_v1,1,1,Article_Eater_PostQuinean_v1/contracts/vocab/task_taxonomy.json:169
category_properties,extraction_output_field,Outcome_Contractor,1,1,Outcome_Contractor/article_finder/type_specific_extractor.py:364
causal_argument,extraction_output_field,Article_Eater_PostQuinean_v1,1,1,Article_Eater_PostQuinean_v1/contracts/vocab/argument_schemes.json:29
causal_credence_threshold,extraction_output_field,Article_Eater_PostQuinean_v1,1,1,Article_Eater_PostQuinean_v1/app/cli/article_eater_contract_cli.py:182
causal_direction,extraction_output_field,Article_Eater_PostQuinean_v1,1,1,Article_Eater_PostQuinean_v1/archive/docs/handoffs/_ontology_rule_system_summary_a bit ago.md:520
causal_direction_confidence,extraction_output_field,Article_Eater_PostQuinean_v1,1,1,Article_Eater_PostQuinean_v1/contracts/schemas/integration.edge_justification.v1.schema.json:168
causal_enabled,extraction_output_field,Article_Eater_PostQuinean_v1,1,1,Article_Eater_PostQuinean_v1/app/cli/article_eater_contract_cli.py:181
causal_error,enum_value,Article_Eater_PostQuinean_v1,1,1,Article_Eater_PostQuinean_v1/src/services/credibility_feedback.py:51
causal_fields,extraction_output_field,BN_graphical,1,1,BN_graphical/src/ai_extraction/field_thresholds.py:412
causal_level,extraction_output_field,Article_Eater_PostQuinean_v1,1,9,Article_Eater_PostQuinean_v1/contracts/ae_af/schemas/ae.claim.v2.schema.json:166; Article_Eater_PostQuinean_v1/contracts/ae_af/schemas/ae.query_response.v1.schema.json:101; Article_Eater_PostQuinean_v1/contracts/ae_af/schemas/ae.rule.v2.schema.json:99; Article_Eater_PostQuinean_v1/docs/MVP_CONTRACTS.md:237
causal_level_hint,extraction_output_field,Article_Eater_PostQuinean_v1,1,1,Article_Eater_PostQuinean_v1/contracts/ae_af/schemas/ae.query_request.v1.schema.json:55
causal_level_mapping,extraction_output_field,Article_Eater_PostQuinean_v1,1,1,Article_Eater_PostQuinean_v1/contracts/vocab/argument_schemes.json:108
causal_mechanisms,extraction_output_field,Outcome_Contractor,1,1,Outcome_Contractor/article_finder/type_specific_extractor.py:655
causal_model,extraction_output_field,Outcome_Contractor,1,1,Outcome_Contractor/article_finder/seven_panel_extractor.py:1446
causal_power,extraction_output_field,BN_graphical,1,1,BN_graphical/src/mechanisms/mechanism_schema.py:402
causal_tags,extraction_output_field,Article_Eater_PostQuinean_v1,1,4,Article_Eater_PostQuinean_v1/contracts/schemas/social_epistemology.schema.json:81; Article_Eater_PostQuinean_v1/contracts/schemas/social_epistemology.v1.schema.json:77; Article_Eater_PostQuinean_v1/ruthless_bundle_2026-02-08/contracts/schemas/social_epistemology.schema.json:81; Article_Eater_PostQuinean_v1/ruthless_bundle_2026-02-08/contracts/schemas/social_epistemology.v1.schema.json:77
causation_caveat,extraction_output_field,Outcome_Contractor,1,1,Outcome_Contractor/article_finder/type_specific_extractor.py:177
cause_to_effect,enum_value,BN_graphical,1,1,BN_graphical/src/literature_integration/argument_structure.py:58
central_negative,enum_value;extraction_output_field,Article_Eater_PostQuinean_v1,1,5,Article_Eater_PostQuinean_v1/contracts/ae_af/schemas/claim_gallery.v1.schema.json:111; Article_Eater_PostQuinean_v1/contracts/ae_af/schemas/gallery_selection_config.v1.schema.json:37; Article_Eater_PostQuinean_v1/contracts/ae_af/schemas/selection_log.v1.schema.json:38; Article_Eater_PostQuinean_v1/src/services/claim_gallery_builder.py:292
central_positive,enum_value;extraction_output_field,Article_Eater_PostQuinean_v1,1,5,Article_Eater_PostQuinean_v1/contracts/ae_af/schemas/claim_gallery.v1.schema.json:110; Article_Eater_PostQuinean_v1/contracts/ae_af/schemas/gallery_selection_config.v1.schema.json:36; Article_Eater_PostQuinean_v1/contracts/ae_af/schemas/selection_log.v1.schema.json:37; Article_Eater_PostQuinean_v1/src/services/claim_gallery_builder.py:291
central_synthetic,enum_value,Article_Eater_PostQuinean_v1,1,1,Article_Eater_PostQuinean_v1/src/services/refined_epistemic.py:140
centroid_embedding,database_column,Article_Eater_PostQuinean_v1,1,1,Article_Eater_PostQuinean_v1/db/sql/015_complete_schema.sql:183
certainty_of_evidence,extraction_output_field,Outcome_Contractor,1,1,Outcome_Contractor/article_finder/seven_panel_extractor.py:1475
challenge_confidence,extraction_output_field,Article_Eater_PostQuinean_v1,1,1,Article_Eater_PostQuinean_v1/src/epistemic/extraction/argumentative.py:130
challenged_theories,extraction_output_field,Article_Eater_PostQuinean_v1,1,1,Article_Eater_PostQuinean_v1/src/epistemic/extraction/argumentative.py:132
challenges_method,enum_value,Article_Eater_PostQuinean_v1,1,1,Article_Eater_PostQuinean_v1/src/epistemic/edge_types.py:86
challenges_paradigm,enum_value,Article_Eater_PostQuinean_v1,1,1,Article_Eater_PostQuinean_v1/src/epistemic/edge_types.py:87
change_observed,extraction_output_field,Outcome_Contractor,1,1,Outcome_Contractor/article_finder/type_specific_extractor.py:210
change_reason,database_column,Article_Eater_PostQuinean_v1,1,2,Article_Eater_PostQuinean_v1/db/sql/017_theories.sql:288; Article_Eater_PostQuinean_v1/db/sql/017_theories.sql:305
change_type,database_column,Outcome_Contractor,1,1,Outcome_Contractor/core/database.py:129
changed_at,database_column,Outcome_Contractor,1,1,Outcome_Contractor/core/database.py:136
changed_by,database_column,Outcome_Contractor,1,1,Outcome_Contractor/core/database.py:135
char_wb,extraction_output_field,BN_graphical,1,3,BN_graphical/backups/broken_venvs/bn_venv_20260213_092600/lib/python3.12/site-packages/sklearn/feature_extraction/text.py:447; BN_graphical/bn_venv_py311/lib/python3.11/site-packages/sklearn/feature_extraction/text.py:447; BN_graphical/test_venv_310/lib/python3.10/site-packages/sklearn/feature_extraction/text.py:447
characteristic_vocabulary,extraction_output_field,Article_Eater_PostQuinean_v1,1,4,Article_Eater_PostQuinean_v1/contracts/schemas/social_epistemology.schema.json:128; Article_Eater_PostQuinean_v1/contracts/schemas/social_epistemology.v1.schema.json:158; Article_Eater_PostQuinean_v1/ruthless_bundle_2026-02-08/contracts/schemas/social_epistemology.schema.json:128; Article_Eater_PostQuinean_v1/ruthless_bundle_2026-02-08/contracts/schemas/social_epistemology.v1.schema.json:158
checkSumAdjustment,extraction_output_field,BN_graphical,1,3,BN_graphical/backups/broken_venvs/bn_venv_20260213_092600/lib/python3.12/site-packages/fontTools/merge/tables.py:47; BN_graphical/bn_venv_py311/lib/python3.11/site-packages/fontTools/merge/tables.py:47; BN_graphical/test_venv_310/lib/python3.10/site-packages/fontTools/merge/tables.py:47
child_community_ids,extraction_output_field,Article_Eater_PostQuinean_v1,1,4,Article_Eater_PostQuinean_v1/contracts/schemas/social_epistemology.schema.json:152; Article_Eater_PostQuinean_v1/contracts/schemas/social_epistemology.v1.schema.json:179; Article_Eater_PostQuinean_v1/ruthless_bundle_2026-02-08/contracts/schemas/social_epistemology.schema.json:152; Article_Eater_PostQuinean_v1/ruthless_bundle_2026-02-08/contracts/schemas/social_epistemology.v1.schema.json:179
child_id,extraction_output_field,Outcome_Contractor,1,832,Outcome_Contractor/contracts/oc_export/constitutive_bridges.json:10005; Outcome_Contractor/contracts/oc_export/constitutive_bridges.json:10026; Outcome_Contractor/contracts/oc_export/constitutive_bridges.json:10047; Outcome_Contractor/contracts/oc_export/constitutive_bridges.json:10068
child_name,extraction_output_field,Outcome_Contractor,1,832,Outcome_Contractor/contracts/oc_export/constitutive_bridges.json:10006; Outcome_Contractor/contracts/oc_export/constitutive_bridges.json:10027; Outcome_Contractor/contracts/oc_export/constitutive_bridges.json:10048; Outcome_Contractor/contracts/oc_export/constitutive_bridges.json:10069
child_regions,extraction_output_field,Tagging_Contractor,1,1,Tagging_Contractor/contracts/localized_image_tags.schema.json:95
child_tags,extraction_output_field,Tagging_Contractor,1,849,Tagging_Contractor/Archive 2/core/trs-core/v0.2.8/contracts/bn_contract_v0.2.8.json:1006; Tagging_Contractor/Archive 2/core/trs-core/v0.2.8/contracts/bn_contract_v0.2.8.json:1016; Tagging_Contractor/Archive 2/core/trs-core/v0.2.8/contracts/bn_contract_v0.2.8.json:1026; Tagging_Contractor/Archive 2/core/trs-core/v0.2.8/contracts/bn_contract_v0.2.8.json:1036
child_theories,database_column,Article_Eater_PostQuinean_v1,1,1,Article_Eater_PostQuinean_v1/db/sql/017_theories.sql:56
ci95_high,database_column,Article_Finder_v3_2_3,1,1,Article_Finder_v3_2_3/core/database.py:213
ci95_low,database_column,Article_Finder_v3_2_3,1,1,Article_Finder_v3_2_3/core/database.py:212
ci_95_lower,extraction_output_field,BN_graphical,1,2,BN_graphical/statistical_engine/schemas.py:311; BN_graphical/tests/test_schemas.py:271
ci_95_upper,extraction_output_field,BN_graphical,1,2,BN_graphical/statistical_engine/schemas.py:311; BN_graphical/tests/test_schemas.py:271
ci_test_method,extraction_output_field,BN_graphical,1,1,BN_graphical/contracts/bn.api.v2.schema.json:405
citation_chain,enum_value,Outcome_Contractor,1,1,Outcome_Contractor/article_finder/search_retrieve/target_parser.py:24
citation_context,database_column,Article_Finder_v3_2_3,1,1,Article_Finder_v3_2_3/core/database.py:153
citation_id,extraction_output_field,Article_Eater_PostQuinean_v1,1,3,Article_Eater_PostQuinean_v1/contracts/ae_af/schemas/claim_gallery.v1.schema.json:83; Article_Eater_PostQuinean_v1/tests/test_claim_gallery_builder.py:153; Article_Eater_PostQuinean_v1/tests/test_claim_gallery_builder.py:154
citation_network,enum_value,Article_Eater_PostQuinean_v1,1,2,Article_Eater_PostQuinean_v1/ruthless_bundle_2026-02-08/src/services/social_epistemology.py:62; Article_Eater_PostQuinean_v1/src/services/social_epistemology.py:62
citation_text,extraction_output_field,BN_graphical,1,1,BN_graphical/src/literature_integration/citation_extractor.py:63
citation_weight,extraction_output_field,Article_Eater_PostQuinean_v1,1,1,Article_Eater_PostQuinean_v1/schemas/set_of_support.schema.json:35
citations_parsed,extraction_output_field,Article_Finder_v3_2_3,1,1,Article_Finder_v3_2_3/ingest/smart_importer.py:272
cite_key,extraction_output_field,Article_Eater_PostQuinean_v1,1,1,Article_Eater_PostQuinean_v1/src/services/bibtex_ingestion.py:360
cited_authors,database_column,Article_Finder_v3_2_3,1,1,Article_Finder_v3_2_3/core/database.py:151
cited_by_count,extraction_output_field,Article_Finder_v3_2_3,1,1,Article_Finder_v3_2_3/ingest/doi_resolver.py:443
cited_doi,database_column,Article_Finder_v3_2_3,1,1,Article_Finder_v3_2_3/core/database.py:149
cited_evidence,enum_value,Article_Eater_PostQuinean_v1,1,1,Article_Eater_PostQuinean_v1/src/epistemic/contracts/claim_v2.py:31
cited_title,database_column,Article_Finder_v3_2_3,1,1,Article_Finder_v3_2_3/core/database.py:150
cited_year,database_column,Article_Finder_v3_2_3,1,1,Article_Finder_v3_2_3/core/database.py:152
citing_paper_id,extraction_output_field,BN_graphical,1,1,BN_graphical/src/literature_integration/citation_extractor.py:65
claim_1,extraction_output_field,Article_Finder_v3_2_3,1,1,Article_Finder_v3_2_3/knowledge/claim_embeddings.py:77
claim_2,extraction_output_field,Article_Finder_v3_2_3,1,1,Article_Finder_v3_2_3/knowledge/claim_embeddings.py:78
claim_acceptance,bn_node_definition,Article_Eater_PostQuinean_v1,1,1,Article_Eater_PostQuinean_v1/src/epistemic/bn_nodes.py:165
claim_coherence,bn_node_definition,Article_Eater_PostQuinean_v1,1,1,Article_Eater_PostQuinean_v1/src/epistemic/bn_nodes.py:176
claim_gallery.v1,enum_value,Article_Eater_PostQuinean_v1,1,1,Article_Eater_PostQuinean_v1/src/services/claim_gallery_builder.py:52
claim_ids,extraction_output_field,Article_Finder_v3_2_3,1,1,Article_Finder_v3_2_3/knowledge/claim_embeddings.py:59
claim_text,extraction_output_field,Article_Eater_PostQuinean_v1,1,2,Article_Eater_PostQuinean_v1/schemas/panel_mechanisms.schema.json:12; Article_Eater_PostQuinean_v1/src/services/table_to_claims.py:51
claim_validation,enum_value,Article_Eater_PostQuinean_v1,1,1,Article_Eater_PostQuinean_v1/src/services/export_checklists.py:32
claims_about,enum_value,Article_Finder_v3_2_3,1,1,Article_Finder_v3_2_3/knowledge/query_engine.py:28
claims_indexed,extraction_output_field,Article_Finder_v3_2_3,1,1,Article_Finder_v3_2_3/knowledge/claim_embeddings.py:471
claims_processed,extraction_output_field,Article_Eater_PostQuinean_v1,1,2,Article_Eater_PostQuinean_v1/ruthless_bundle_2026-02-08/src/services/extraction_to_web.py:281; Article_Eater_PostQuinean_v1/src/services/extraction_to_web.py:297
claims_success,extraction_output_field,Article_Eater_PostQuinean_v1,1,2,Article_Eater_PostQuinean_v1/ruthless_bundle_2026-02-08/src/services/extraction_to_web.py:282; Article_Eater_PostQuinean_v1/src/services/extraction_to_web.py:298
classical_ai_parallel,extraction_output_field,Outcome_Contractor,1,1,Outcome_Contractor/contracts/oc_export/constitutive_bridges.json:20
classification_method,database_column,Article_Finder_v3_2_3,1,1,Article_Finder_v3_2_3/core/database.py:129
classification_notes,extraction_output_field,BN_graphical,1,1,BN_graphical/src/ai_extraction/mechanism_classifier.py:74
classification_reasoning,extraction_output_field,BN_graphical,1,4,BN_graphical/src/ai_extraction/mechanism_classifier.py:144; BN_graphical/src/ai_extraction/mechanism_classifier.py:183; BN_graphical/src/ai_extraction/mechanism_classifier.py:210; BN_graphical/src/ai_extraction/mechanism_classifier.py:297
classified_at,database_column,Article_Finder_v3_2_3,1,1,Article_Finder_v3_2_3/core/database.py:130
classifier_version,extraction_output_field,Article_Eater_PostQuinean_v1,1,1,Article_Eater_PostQuinean_v1/scripts/run_realtime_table_rule_intake.py:131
client_ip,database_column,Article_Eater_PostQuinean_v1,1,1,Article_Eater_PostQuinean_v1/db/sql/014_security.sql:32
clinical_status,extraction_output_field,Article_Eater_PostQuinean_v1,1,2,Article_Eater_PostQuinean_v1/schemas/panel_subjects.schema.json:40; Article_Eater_PostQuinean_v1/schemas/rule_graph.schema.json:90
closed_at,database_column,Article_Eater_PostQuinean_v1,1,1,Article_Eater_PostQuinean_v1/migrations/006_discovery_funnel.sql:51
closure_id,database_column,Article_Eater_PostQuinean_v1,1,1,Article_Eater_PostQuinean_v1/migrations/006_discovery_funnel.sql:169
closure_type,database_column,Article_Eater_PostQuinean_v1,1,1,Article_Eater_PostQuinean_v1/migrations/006_discovery_funnel.sql:184
cluster_created,enum_value,Outcome_Contractor,1,1,Outcome_Contractor/article_finder/prisma/audit_trail.py:27
cluster_name,database_column,Article_Eater_PostQuinean_v1,1,1,Article_Eater_PostQuinean_v1/db/sql/015_complete_schema.sql:182
cluster_stats,extraction_output_field,Article_Eater_PostQuinean_v1,1,1,Article_Eater_PostQuinean_v1/app/cli/article_eater_contract_cli.py:187
clusters_represented,extraction_output_field,Article_Eater_PostQuinean_v1,1,1,Article_Eater_PostQuinean_v1/contracts/ae_af/schemas/selection_log.v1.schema.json:129
cmap_format_,extraction_output_field,BN_graphical,1,3,BN_graphical/backups/broken_venvs/bn_venv_20260213_092600/lib/python3.12/site-packages/fontTools/ttLib/tables/_c_m_a_p.py:240; BN_graphical/bn_venv_py311/lib/python3.11/site-packages/fontTools/ttLib/tables/_c_m_a_p.py:240; BN_graphical/test_venv_310/lib/python3.10/site-packages/fontTools/ttLib/tables/_c_m_a_p.py:240
cnfa.biophilic.natural_material_ratio,extraction_output_field,Article_Eater_PostQuinean_v1,1,2,Article_Eater_PostQuinean_v1/contracts/vocab/environment_lookup.json:1694; Article_Eater_PostQuinean_v1/contracts/vocab/environment_lookup.json:63
cnfa.cognitive.activity_zones_count,extraction_output_field,Article_Eater_PostQuinean_v1,1,2,Article_Eater_PostQuinean_v1/contracts/vocab/environment_lookup.json:1701; Article_Eater_PostQuinean_v1/contracts/vocab/environment_lookup.json:65
cnfa.cognitive.landmark_salience,extraction_output_field,Article_Eater_PostQuinean_v1,1,2,Article_Eater_PostQuinean_v1/contracts/vocab/environment_lookup.json:1708; Article_Eater_PostQuinean_v1/contracts/vocab/environment_lookup.json:67
cnfa.cognitive.legibility_score,extraction_output_field,Article_Eater_PostQuinean_v1,1,2,Article_Eater_PostQuinean_v1/contracts/vocab/environment_lookup.json:1715; Article_Eater_PostQuinean_v1/contracts/vocab/environment_lookup.json:69
cnfa.depth.depth_variance,extraction_output_field,Article_Eater_PostQuinean_v1,1,2,Article_Eater_PostQuinean_v1/contracts/vocab/environment_lookup.json:1722; Article_Eater_PostQuinean_v1/contracts/vocab/environment_lookup.json:71
cnfa.depth.mean_depth,extraction_output_field,Article_Eater_PostQuinean_v1,1,2,Article_Eater_PostQuinean_v1/contracts/vocab/environment_lookup.json:1729; Article_Eater_PostQuinean_v1/contracts/vocab/environment_lookup.json:73
cnfa.dynamic.optic_flow_magnitude,extraction_output_field,Article_Eater_PostQuinean_v1,1,2,Article_Eater_PostQuinean_v1/contracts/vocab/environment_lookup.json:1736; Article_Eater_PostQuinean_v1/contracts/vocab/environment_lookup.json:75
cnfa.dynamic.path_glare_max,extraction_output_field,Article_Eater_PostQuinean_v1,1,2,Article_Eater_PostQuinean_v1/contracts/vocab/environment_lookup.json:1743; Article_Eater_PostQuinean_v1/contracts/vocab/environment_lookup.json:77
cnfa.dynamic.reflection_flow,extraction_output_field,Article_Eater_PostQuinean_v1,1,2,Article_Eater_PostQuinean_v1/contracts/vocab/environment_lookup.json:1750; Article_Eater_PostQuinean_v1/contracts/vocab/environment_lookup.json:79
cnfa.dynamic.revelation_rate,extraction_output_field,Article_Eater_PostQuinean_v1,1,2,Article_Eater_PostQuinean_v1/contracts/vocab/environment_lookup.json:1757; Article_Eater_PostQuinean_v1/contracts/vocab/environment_lookup.json:81
cnfa.dynamic.texture_gradient,extraction_output_field,Article_Eater_PostQuinean_v1,1,2,Article_Eater_PostQuinean_v1/contracts/vocab/environment_lookup.json:1764; Article_Eater_PostQuinean_v1/contracts/vocab/environment_lookup.json:83
cnfa.fluency.anomaly_count,extraction_output_field,Article_Eater_PostQuinean_v1,1,2,Article_Eater_PostQuinean_v1/contracts/vocab/environment_lookup.json:1771; Article_Eater_PostQuinean_v1/contracts/vocab/environment_lookup.json:85
cnfa.fluency.autoencoder_recon_error,extraction_output_field,Article_Eater_PostQuinean_v1,1,2,Article_Eater_PostQuinean_v1/contracts/vocab/environment_lookup.json:1778; Article_Eater_PostQuinean_v1/contracts/vocab/environment_lookup.json:87
cnfa.fluency.clutter_density_count,extraction_output_field,Article_Eater_PostQuinean_v1,1,2,Article_Eater_PostQuinean_v1/contracts/vocab/environment_lookup.json:1785; Article_Eater_PostQuinean_v1/contracts/vocab/environment_lookup.json:89
cnfa.fluency.color_palette_entropy,extraction_output_field,Article_Eater_PostQuinean_v1,1,2,Article_Eater_PostQuinean_v1/contracts/vocab/environment_lookup.json:1792; Article_Eater_PostQuinean_v1/contracts/vocab/environment_lookup.json:91
cnfa.fluency.compression_ratio,extraction_output_field,Article_Eater_PostQuinean_v1,1,2,Article_Eater_PostQuinean_v1/contracts/vocab/environment_lookup.json:1799; Article_Eater_PostQuinean_v1/contracts/vocab/environment_lookup.json:93
cnfa.fluency.edge_clarity_mean,extraction_output_field,Article_Eater_PostQuinean_v1,1,2,Article_Eater_PostQuinean_v1/contracts/vocab/environment_lookup.json:1806; Article_Eater_PostQuinean_v1/contracts/vocab/environment_lookup.json:95
cnfa.fluency.figure_ground_clarity,extraction_output_field,Article_Eater_PostQuinean_v1,1,2,Article_Eater_PostQuinean_v1/contracts/vocab/environment_lookup.json:1813; Article_Eater_PostQuinean_v1/contracts/vocab/environment_lookup.json:97
cnfa.fluency.hierarchy_depth,extraction_output_field,Article_Eater_PostQuinean_v1,1,2,Article_Eater_PostQuinean_v1/contracts/vocab/environment_lookup.json:1820; Article_Eater_PostQuinean_v1/contracts/vocab/environment_lookup.json:99
cnfa.fluency.map.edge_density,extraction_output_field,Article_Eater_PostQuinean_v1,1,2,Article_Eater_PostQuinean_v1/contracts/vocab/environment_lookup.json:101; Article_Eater_PostQuinean_v1/contracts/vocab/environment_lookup.json:1827
cnfa.fluency.map.fractal_dimension,extraction_output_field,Article_Eater_PostQuinean_v1,1,2,Article_Eater_PostQuinean_v1/contracts/vocab/environment_lookup.json:103; Article_Eater_PostQuinean_v1/contracts/vocab/environment_lookup.json:1834
cnfa.fluency.map.spatial_entropy,extraction_output_field,Article_Eater_PostQuinean_v1,1,2,Article_Eater_PostQuinean_v1/contracts/vocab/environment_lookup.json:105; Article_Eater_PostQuinean_v1/contracts/vocab/environment_lookup.json:1841
cnfa.fluency.map.symmetry,extraction_output_field,Article_Eater_PostQuinean_v1,1,2,Article_Eater_PostQuinean_v1/contracts/vocab/environment_lookup.json:107; Article_Eater_PostQuinean_v1/contracts/vocab/environment_lookup.json:1848
cnfa.fluency.pattern_rhythm_regularity,extraction_output_field,Article_Eater_PostQuinean_v1,1,2,Article_Eater_PostQuinean_v1/contracts/vocab/environment_lookup.json:109; Article_Eater_PostQuinean_v1/contracts/vocab/environment_lookup.json:1855
cnfa.fluency.processing_load_proxy,extraction_output_field,Article_Eater_PostQuinean_v1,1,2,Article_Eater_PostQuinean_v1/contracts/vocab/environment_lookup.json:111; Article_Eater_PostQuinean_v1/contracts/vocab/environment_lookup.json:1862
cnfa.fluency.surprisal_mean,extraction_output_field,Article_Eater_PostQuinean_v1,1,2,Article_Eater_PostQuinean_v1/contracts/vocab/environment_lookup.json:113; Article_Eater_PostQuinean_v1/contracts/vocab/environment_lookup.json:1869
cnfa.fluency.symmetry_score_horizontal,extraction_output_field,Article_Eater_PostQuinean_v1,1,2,Article_Eater_PostQuinean_v1/contracts/vocab/environment_lookup.json:115; Article_Eater_PostQuinean_v1/contracts/vocab/environment_lookup.json:1876
cnfa.fluency.visual_entropy_spatial,extraction_output_field,Article_Eater_PostQuinean_v1,1,2,Article_Eater_PostQuinean_v1/contracts/vocab/environment_lookup.json:117; Article_Eater_PostQuinean_v1/contracts/vocab/environment_lookup.json:1883
cnfa.fluency.zoning_clarity,extraction_output_field,Article_Eater_PostQuinean_v1,1,2,Article_Eater_PostQuinean_v1/contracts/vocab/environment_lookup.json:119; Article_Eater_PostQuinean_v1/contracts/vocab/environment_lookup.json:1890
cnfa.fractal.lacunarity,extraction_output_field,Article_Eater_PostQuinean_v1,1,2,Article_Eater_PostQuinean_v1/contracts/vocab/environment_lookup.json:121; Article_Eater_PostQuinean_v1/contracts/vocab/environment_lookup.json:1897
cnfa.fractal.multifractal_width,extraction_output_field,Article_Eater_PostQuinean_v1,1,2,Article_Eater_PostQuinean_v1/contracts/vocab/environment_lookup.json:123; Article_Eater_PostQuinean_v1/contracts/vocab/environment_lookup.json:1904
cnfa.fractal.spectral_slope_1overf,extraction_output_field,Article_Eater_PostQuinean_v1,1,2,Article_Eater_PostQuinean_v1/contracts/vocab/environment_lookup.json:125; Article_Eater_PostQuinean_v1/contracts/vocab/environment_lookup.json:1911
cnfa.fractal_dimension,extraction_output_field,Article_Eater_PostQuinean_v1,1,2,Article_Eater_PostQuinean_v1/contracts/vocab/environment_lookup.json:127; Article_Eater_PostQuinean_v1/contracts/vocab/environment_lookup.json:1918
cnfa.fractal_dimension_edges,extraction_output_field,Article_Eater_PostQuinean_v1,1,2,Article_Eater_PostQuinean_v1/contracts/vocab/environment_lookup.json:128; Article_Eater_PostQuinean_v1/contracts/vocab/environment_lookup.json:1925
cnfa.fractal_dimension_luminance,extraction_output_field,Article_Eater_PostQuinean_v1,1,2,Article_Eater_PostQuinean_v1/contracts/vocab/environment_lookup.json:130; Article_Eater_PostQuinean_v1/contracts/vocab/environment_lookup.json:1932
cnfa.geometry.curvature_index,extraction_output_field,Article_Eater_PostQuinean_v1,1,2,Article_Eater_PostQuinean_v1/contracts/vocab/environment_lookup.json:132; Article_Eater_PostQuinean_v1/contracts/vocab/environment_lookup.json:1939
cnfa.geometry.fractal_curve_intersection,extraction_output_field,Article_Eater_PostQuinean_v1,1,2,Article_Eater_PostQuinean_v1/contracts/vocab/environment_lookup.json:134; Article_Eater_PostQuinean_v1/contracts/vocab/environment_lookup.json:1946
cnfa.geometry.rectilinearity_index,extraction_output_field,Article_Eater_PostQuinean_v1,1,2,Article_Eater_PostQuinean_v1/contracts/vocab/environment_lookup.json:136; Article_Eater_PostQuinean_v1/contracts/vocab/environment_lookup.json:1953
cnfa.haptic.soft_surface_ratio,extraction_output_field,Article_Eater_PostQuinean_v1,1,2,Article_Eater_PostQuinean_v1/contracts/vocab/environment_lookup.json:138; Article_Eater_PostQuinean_v1/contracts/vocab/environment_lookup.json:1960
cnfa.haptic.texture_variation_index,extraction_output_field,Article_Eater_PostQuinean_v1,1,2,Article_Eater_PostQuinean_v1/contracts/vocab/environment_lookup.json:140; Article_Eater_PostQuinean_v1/contracts/vocab/environment_lookup.json:1967
cnfa.layout.opening_ratio,extraction_output_field,Article_Eater_PostQuinean_v1,1,2,Article_Eater_PostQuinean_v1/contracts/vocab/environment_lookup.json:142; Article_Eater_PostQuinean_v1/contracts/vocab/environment_lookup.json:1974
cnfa.light.brightness_variance,extraction_output_field,Article_Eater_PostQuinean_v1,1,2,Article_Eater_PostQuinean_v1/contracts/vocab/environment_lookup.json:144; Article_Eater_PostQuinean_v1/contracts/vocab/environment_lookup.json:1981
cnfa.light.diffuse_vs_direct_ratio,extraction_output_field,Article_Eater_PostQuinean_v1,1,2,Article_Eater_PostQuinean_v1/contracts/vocab/environment_lookup.json:146; Article_Eater_PostQuinean_v1/contracts/vocab/environment_lookup.json:1988
cnfa.light.vertical_illuminance_proxy,extraction_output_field,Article_Eater_PostQuinean_v1,1,2,Article_Eater_PostQuinean_v1/contracts/vocab/environment_lookup.json:148; Article_Eater_PostQuinean_v1/contracts/vocab/environment_lookup.json:1995
cnfa.light.warm_vs_cool_ratio,extraction_output_field,Article_Eater_PostQuinean_v1,1,2,Article_Eater_PostQuinean_v1/contracts/vocab/environment_lookup.json:150; Article_Eater_PostQuinean_v1/contracts/vocab/environment_lookup.json:2002
cnfa.spatial.ceiling_height_avg,extraction_output_field,Article_Eater_PostQuinean_v1,1,2,Article_Eater_PostQuinean_v1/contracts/vocab/environment_lookup.json:152; Article_Eater_PostQuinean_v1/contracts/vocab/environment_lookup.json:2009
cnfa.spatial.enclosure_index,extraction_output_field,Article_Eater_PostQuinean_v1,1,2,Article_Eater_PostQuinean_v1/contracts/vocab/environment_lookup.json:154; Article_Eater_PostQuinean_v1/contracts/vocab/environment_lookup.json:2016
cnfa.spatial.prospect_to_refuge_ratio,extraction_output_field,Article_Eater_PostQuinean_v1,1,2,Article_Eater_PostQuinean_v1/contracts/vocab/environment_lookup.json:156; Article_Eater_PostQuinean_v1/contracts/vocab/environment_lookup.json:2023
cnfa_terms_count,extraction_output_field,Article_Eater_PostQuinean_v1,1,1,Article_Eater_PostQuinean_v1/contracts/ae_af/schemas/ae.extended_outcome_lookup.v1.schema.json:130
coding_process,extraction_output_field,Outcome_Contractor,1,1,Outcome_Contractor/article_finder/type_specific_extractor.py:439
coding_scheme,extraction_output_field,Outcome_Contractor,1,1,Outcome_Contractor/article_finder/type_specific_extractor.py:242
cog.attention.alerting,extraction_output_field,Outcome_Contractor,1,2,Outcome_Contractor/contracts/oc_export/ae_outcome_lookup.json:3337; Outcome_Contractor/contracts/oc_export/constitutive_bridges.json:19526
cog.attention.divided,extraction_output_field,Outcome_Contractor,1,2,Outcome_Contractor/contracts/oc_export/ae_outcome_lookup.json:3342; Outcome_Contractor/contracts/oc_export/constitutive_bridges.json:19534
cog.attention.divided.dual_task,extraction_output_field,Outcome_Contractor,1,2,Outcome_Contractor/contracts/oc_export/ae_outcome_lookup.json:3347; Outcome_Contractor/contracts/oc_export/constitutive_bridges.json:19542
cog.attention.divided.multitasking,extraction_output_field,Outcome_Contractor,1,2,Outcome_Contractor/contracts/oc_export/ae_outcome_lookup.json:3352; Outcome_Contractor/contracts/oc_export/constitutive_bridges.json:19551
cog.attention.selective.filtering,extraction_output_field,Outcome_Contractor,1,2,Outcome_Contractor/contracts/oc_export/ae_outcome_lookup.json:3362; Outcome_Contractor/contracts/oc_export/constitutive_bridges.json:19568
cog.attention.selective.focusing,extraction_output_field,Outcome_Contractor,1,2,Outcome_Contractor/contracts/oc_export/ae_outcome_lookup.json:3367; Outcome_Contractor/contracts/oc_export/constitutive_bridges.json:19577
cog.attention.sustained.concentration,extraction_output_field,Outcome_Contractor,1,2,Outcome_Contractor/contracts/oc_export/ae_outcome_lookup.json:3377; Outcome_Contractor/contracts/oc_export/constitutive_bridges.json:19594
cog.attention.sustained.vigilance,extraction_output_field,Outcome_Contractor,1,2,Outcome_Contractor/contracts/oc_export/ae_outcome_lookup.json:3382; Outcome_Contractor/contracts/oc_export/constitutive_bridges.json:19603
cog.attention.switching,extraction_output_field,Outcome_Contractor,1,2,Outcome_Contractor/contracts/oc_export/ae_outcome_lookup.json:3387; Outcome_Contractor/contracts/oc_export/constitutive_bridges.json:19612
cog.cognitive_load,extraction_output_field,Outcome_Contractor,1,3,Outcome_Contractor/article_finder/ae_claim_extractor.py:208; Outcome_Contractor/contracts/oc_export/ae_outcome_lookup.json:3392; Outcome_Contractor/contracts/oc_export/constitutive_bridges.json:19620
cog.cognitive_load.extraneous,extraction_output_field,Outcome_Contractor,1,2,Outcome_Contractor/contracts/oc_export/ae_outcome_lookup.json:3397; Outcome_Contractor/contracts/oc_export/constitutive_bridges.json:19627
cog.cognitive_load.germane,extraction_output_field,Outcome_Contractor,1,2,Outcome_Contractor/contracts/oc_export/ae_outcome_lookup.json:3402; Outcome_Contractor/contracts/oc_export/constitutive_bridges.json:19635
cog.cognitive_load.intrinsic,extraction_output_field,Outcome_Contractor,1,2,Outcome_Contractor/contracts/oc_export/ae_outcome_lookup.json:3407; Outcome_Contractor/contracts/oc_export/constitutive_bridges.json:19643
cog.concentration,extraction_output_field,Outcome_Contractor,1,2,Outcome_Contractor/contracts/oc_export/ae_outcome_lookup.json:3412; Outcome_Contractor/contracts/oc_export/constitutive_bridges.json:19651
cog.creativity,extraction_output_field,Outcome_Contractor,1,3,Outcome_Contractor/article_finder/ae_claim_extractor.py:206; Outcome_Contractor/contracts/oc_export/ae_outcome_lookup.json:3417; Outcome_Contractor/contracts/oc_export/constitutive_bridges.json:19658
cog.creativity.convergent,extraction_output_field,Outcome_Contractor,1,2,Outcome_Contractor/contracts/oc_export/ae_outcome_lookup.json:3422; Outcome_Contractor/contracts/oc_export/constitutive_bridges.json:19665
cog.creativity.divergent,extraction_output_field,Outcome_Contractor,1,2,Outcome_Contractor/contracts/oc_export/ae_outcome_lookup.json:3427; Outcome_Contractor/contracts/oc_export/constitutive_bridges.json:19673
cog.creativity.divergent.elaboration,extraction_output_field,Outcome_Contractor,1,2,Outcome_Contractor/contracts/oc_export/ae_outcome_lookup.json:3432; Outcome_Contractor/contracts/oc_export/constitutive_bridges.json:19681
cog.creativity.divergent.flexibility,extraction_output_field,Outcome_Contractor,1,2,Outcome_Contractor/contracts/oc_export/ae_outcome_lookup.json:3437; Outcome_Contractor/contracts/oc_export/constitutive_bridges.json:19690
cog.creativity.divergent.fluency,extraction_output_field,Outcome_Contractor,1,2,Outcome_Contractor/contracts/oc_export/ae_outcome_lookup.json:3442; Outcome_Contractor/contracts/oc_export/constitutive_bridges.json:19699
cog.creativity.divergent.originality,extraction_output_field,Outcome_Contractor,1,2,Outcome_Contractor/contracts/oc_export/ae_outcome_lookup.json:3447; Outcome_Contractor/contracts/oc_export/constitutive_bridges.json:19708
cog.creativity.insight,extraction_output_field,Outcome_Contractor,1,2,Outcome_Contractor/contracts/oc_export/ae_outcome_lookup.json:3452; Outcome_Contractor/contracts/oc_export/constitutive_bridges.json:19717
cog.executive,extraction_output_field,Outcome_Contractor,1,2,Outcome_Contractor/contracts/oc_export/ae_outcome_lookup.json:3457; Outcome_Contractor/contracts/oc_export/constitutive_bridges.json:19725
cog.executive.decision_making,extraction_output_field,Outcome_Contractor,1,2,Outcome_Contractor/contracts/oc_export/ae_outcome_lookup.json:3462; Outcome_Contractor/contracts/oc_export/constitutive_bridges.json:19732
cog.executive.decision_making.choice,extraction_output_field,Outcome_Contractor,1,2,Outcome_Contractor/contracts/oc_export/ae_outcome_lookup.json:3467; Outcome_Contractor/contracts/oc_export/constitutive_bridges.json:19740
cog.executive.decision_making.risk,extraction_output_field,Outcome_Contractor,1,2,Outcome_Contractor/contracts/oc_export/ae_outcome_lookup.json:3472; Outcome_Contractor/contracts/oc_export/constitutive_bridges.json:19749
cog.executive.inhibition,extraction_output_field,Outcome_Contractor,1,2,Outcome_Contractor/contracts/oc_export/ae_outcome_lookup.json:3477; Outcome_Contractor/contracts/oc_export/constitutive_bridges.json:19758
cog.executive.inhibition.interference,extraction_output_field,Outcome_Contractor,1,2,Outcome_Contractor/contracts/oc_export/ae_outcome_lookup.json:3482; Outcome_Contractor/contracts/oc_export/constitutive_bridges.json:19766
cog.executive.inhibition.response,extraction_output_field,Outcome_Contractor,1,2,Outcome_Contractor/contracts/oc_export/ae_outcome_lookup.json:3487; Outcome_Contractor/contracts/oc_export/constitutive_bridges.json:19775
cog.executive.planning,extraction_output_field,Outcome_Contractor,1,2,Outcome_Contractor/contracts/oc_export/ae_outcome_lookup.json:3492; Outcome_Contractor/contracts/oc_export/constitutive_bridges.json:19784
cog.executive.planning.goal_management,extraction_output_field,Outcome_Contractor,1,2,Outcome_Contractor/contracts/oc_export/ae_outcome_lookup.json:3497; Outcome_Contractor/contracts/oc_export/constitutive_bridges.json:19792
cog.executive.planning.sequencing,extraction_output_field,Outcome_Contractor,1,2,Outcome_Contractor/contracts/oc_export/ae_outcome_lookup.json:3502; Outcome_Contractor/contracts/oc_export/constitutive_bridges.json:19801
cog.executive.problem_solving,extraction_output_field,Outcome_Contractor,1,2,Outcome_Contractor/contracts/oc_export/ae_outcome_lookup.json:3507; Outcome_Contractor/contracts/oc_export/constitutive_bridges.json:19810
cog.executive.shifting,extraction_output_field,Outcome_Contractor,1,2,Outcome_Contractor/contracts/oc_export/ae_outcome_lookup.json:3512; Outcome_Contractor/contracts/oc_export/constitutive_bridges.json:19818
cog.executive.shifting.set,extraction_output_field,Outcome_Contractor,1,2,Outcome_Contractor/contracts/oc_export/ae_outcome_lookup.json:3517; Outcome_Contractor/contracts/oc_export/constitutive_bridges.json:19826
cog.executive.shifting.task,extraction_output_field,Outcome_Contractor,1,2,Outcome_Contractor/contracts/oc_export/ae_outcome_lookup.json:3522; Outcome_Contractor/contracts/oc_export/constitutive_bridges.json:19835
cog.executive.updating,extraction_output_field,Outcome_Contractor,1,2,Outcome_Contractor/contracts/oc_export/ae_outcome_lookup.json:3527; Outcome_Contractor/contracts/oc_export/constitutive_bridges.json:19844
cog.language,extraction_output_field,Outcome_Contractor,1,2,Outcome_Contractor/contracts/oc_export/ae_outcome_lookup.json:3532; Outcome_Contractor/contracts/oc_export/constitutive_bridges.json:19852
cog.language.comprehension,extraction_output_field,Outcome_Contractor,1,2,Outcome_Contractor/contracts/oc_export/ae_outcome_lookup.json:3537; Outcome_Contractor/contracts/oc_export/constitutive_bridges.json:19859
cog.language.comprehension.reading,extraction_output_field,Outcome_Contractor,1,2,Outcome_Contractor/contracts/oc_export/ae_outcome_lookup.json:3542; Outcome_Contractor/contracts/oc_export/constitutive_bridges.json:19867
cog.language.comprehension.speech,extraction_output_field,Outcome_Contractor,1,2,Outcome_Contractor/contracts/oc_export/ae_outcome_lookup.json:3547; Outcome_Contractor/contracts/oc_export/constitutive_bridges.json:19876
cog.language.production,extraction_output_field,Outcome_Contractor,1,2,Outcome_Contractor/contracts/oc_export/ae_outcome_lookup.json:3552; Outcome_Contractor/contracts/oc_export/constitutive_bridges.json:19885
cog.language.verbal_reasoning,extraction_output_field,Outcome_Contractor,1,2,Outcome_Contractor/contracts/oc_export/ae_outcome_lookup.json:3557; Outcome_Contractor/contracts/oc_export/constitutive_bridges.json:19893
cog.learning,extraction_output_field,Outcome_Contractor,1,2,Outcome_Contractor/contracts/oc_export/ae_outcome_lookup.json:3562; Outcome_Contractor/contracts/oc_export/constitutive_bridges.json:19901
cog.learning.acquisition,extraction_output_field,Outcome_Contractor,1,2,Outcome_Contractor/contracts/oc_export/ae_outcome_lookup.json:3567; Outcome_Contractor/contracts/oc_export/constitutive_bridges.json:19908
cog.learning.consolidation,extraction_output_field,Outcome_Contractor,1,2,Outcome_Contractor/contracts/oc_export/ae_outcome_lookup.json:3572; Outcome_Contractor/contracts/oc_export/constitutive_bridges.json:19916
cog.learning.skill,extraction_output_field,Outcome_Contractor,1,2,Outcome_Contractor/contracts/oc_export/ae_outcome_lookup.json:3577; Outcome_Contractor/contracts/oc_export/constitutive_bridges.json:19924
cog.learning.transfer,extraction_output_field,Outcome_Contractor,1,2,Outcome_Contractor/contracts/oc_export/ae_outcome_lookup.json:3582; Outcome_Contractor/contracts/oc_export/constitutive_bridges.json:19932
cog.memory.longterm,extraction_output_field,Outcome_Contractor,1,2,Outcome_Contractor/contracts/oc_export/ae_outcome_lookup.json:3592; Outcome_Contractor/contracts/oc_export/constitutive_bridges.json:19947
cog.memory.longterm.episodic,extraction_output_field,Outcome_Contractor,1,2,Outcome_Contractor/contracts/oc_export/ae_outcome_lookup.json:3597; Outcome_Contractor/contracts/oc_export/constitutive_bridges.json:19955
cog.memory.longterm.procedural,extraction_output_field,Outcome_Contractor,1,2,Outcome_Contractor/contracts/oc_export/ae_outcome_lookup.json:3602; Outcome_Contractor/contracts/oc_export/constitutive_bridges.json:19964
cog.memory.longterm.semantic,extraction_output_field,Outcome_Contractor,1,2,Outcome_Contractor/contracts/oc_export/ae_outcome_lookup.json:3607; Outcome_Contractor/contracts/oc_export/constitutive_bridges.json:19973
cog.memory.prospective,extraction_output_field,Outcome_Contractor,1,2,Outcome_Contractor/contracts/oc_export/ae_outcome_lookup.json:3612; Outcome_Contractor/contracts/oc_export/constitutive_bridges.json:19982
cog.memory.spatial,extraction_output_field,Outcome_Contractor,1,2,Outcome_Contractor/contracts/oc_export/ae_outcome_lookup.json:3617; Outcome_Contractor/contracts/oc_export/constitutive_bridges.json:19990
cog.memory.spatial.landmark,extraction_output_field,Outcome_Contractor,1,2,Outcome_Contractor/contracts/oc_export/ae_outcome_lookup.json:3622; Outcome_Contractor/contracts/oc_export/constitutive_bridges.json:19998
cog.memory.spatial.route,extraction_output_field,Outcome_Contractor,1,2,Outcome_Contractor/contracts/oc_export/ae_outcome_lookup.json:3627; Outcome_Contractor/contracts/oc_export/constitutive_bridges.json:20007
cog.memory.spatial.survey,extraction_output_field,Outcome_Contractor,1,2,Outcome_Contractor/contracts/oc_export/ae_outcome_lookup.json:3632; Outcome_Contractor/contracts/oc_export/constitutive_bridges.json:20016
cog.memory.working.capacity,extraction_output_field,Outcome_Contractor,1,2,Outcome_Contractor/contracts/oc_export/ae_outcome_lookup.json:3642; Outcome_Contractor/contracts/oc_export/constitutive_bridges.json:20033
cog.memory.working.verbal,extraction_output_field,Outcome_Contractor,1,2,Outcome_Contractor/contracts/oc_export/ae_outcome_lookup.json:3647; Outcome_Contractor/contracts/oc_export/constitutive_bridges.json:20042
cog.memory.working.visuospatial,extraction_output_field,Outcome_Contractor,1,2,Outcome_Contractor/contracts/oc_export/ae_outcome_lookup.json:3652; Outcome_Contractor/contracts/oc_export/constitutive_bridges.json:20051
cog.mental_fatigue,extraction_output_field,Outcome_Contractor,1,2,Outcome_Contractor/contracts/oc_export/ae_outcome_lookup.json:3657; Outcome_Contractor/contracts/oc_export/constitutive_bridges.json:20060
cog.mental_fatigue.depletion,extraction_output_field,Outcome_Contractor,1,2,Outcome_Contractor/contracts/oc_export/ae_outcome_lookup.json:3662; Outcome_Contractor/contracts/oc_export/constitutive_bridges.json:20067
cog.mental_fatigue.recovery,extraction_output_field,Outcome_Contractor,1,2,Outcome_Contractor/contracts/oc_export/ae_outcome_lookup.json:3667; Outcome_Contractor/contracts/oc_export/constitutive_bridges.json:20075
cog.mental_fatigue.vigilance_decrement,extraction_output_field,Outcome_Contractor,1,2,Outcome_Contractor/contracts/oc_export/ae_outcome_lookup.json:3672; Outcome_Contractor/contracts/oc_export/constitutive_bridges.json:20083
cog.perception,extraction_output_field,Outcome_Contractor,1,2,Outcome_Contractor/contracts/oc_export/ae_outcome_lookup.json:3677; Outcome_Contractor/contracts/oc_export/constitutive_bridges.json:20091
cog.perception.auditory,extraction_output_field,Outcome_Contractor,1,2,Outcome_Contractor/contracts/oc_export/ae_outcome_lookup.json:3682; Outcome_Contractor/contracts/oc_export/constitutive_bridges.json:20098
cog.perception.auditory.filtering,extraction_output_field,Outcome_Contractor,1,2,Outcome_Contractor/contracts/oc_export/ae_outcome_lookup.json:3687; Outcome_Contractor/contracts/oc_export/constitutive_bridges.json:20106
cog.perception.auditory.localization,extraction_output_field,Outcome_Contractor,1,2,Outcome_Contractor/contracts/oc_export/ae_outcome_lookup.json:3692; Outcome_Contractor/contracts/oc_export/constitutive_bridges.json:20115
cog.perception.auditory.speech_intelligibility,extraction_output_field,Outcome_Contractor,1,2,Outcome_Contractor/contracts/oc_export/ae_outcome_lookup.json:3697; Outcome_Contractor/contracts/oc_export/constitutive_bridges.json:20124
cog.perception.haptic,extraction_output_field,Outcome_Contractor,1,2,Outcome_Contractor/contracts/oc_export/ae_outcome_lookup.json:3702; Outcome_Contractor/contracts/oc_export/constitutive_bridges.json:20133
cog.perception.olfactory,extraction_output_field,Outcome_Contractor,1,2,Outcome_Contractor/contracts/oc_export/ae_outcome_lookup.json:3707; Outcome_Contractor/contracts/oc_export/constitutive_bridges.json:20141
cog.perception.visual,extraction_output_field,Outcome_Contractor,1,2,Outcome_Contractor/contracts/oc_export/ae_outcome_lookup.json:3712; Outcome_Contractor/contracts/oc_export/constitutive_bridges.json:20149
cog.perception.visual.acuity,extraction_output_field,Outcome_Contractor,1,2,Outcome_Contractor/contracts/oc_export/ae_outcome_lookup.json:3717; Outcome_Contractor/contracts/oc_export/constitutive_bridges.json:20157
cog.perception.visual.color,extraction_output_field,Outcome_Contractor,1,2,Outcome_Contractor/contracts/oc_export/ae_outcome_lookup.json:3722; Outcome_Contractor/contracts/oc_export/constitutive_bridges.json:20166
cog.perception.visual.contrast,extraction_output_field,Outcome_Contractor,1,2,Outcome_Contractor/contracts/oc_export/ae_outcome_lookup.json:3727; Outcome_Contractor/contracts/oc_export/constitutive_bridges.json:20175
cog.perception.visual.depth,extraction_output_field,Outcome_Contractor,1,2,Outcome_Contractor/contracts/oc_export/ae_outcome_lookup.json:3732; Outcome_Contractor/contracts/oc_export/constitutive_bridges.json:20184
cog.problem_solving,extraction_output_field,Outcome_Contractor,1,2,Outcome_Contractor/contracts/oc_export/ae_outcome_lookup.json:3742; Outcome_Contractor/contracts/oc_export/constitutive_bridges.json:20200
cog.problem_solving.analytical,extraction_output_field,Outcome_Contractor,1,2,Outcome_Contractor/contracts/oc_export/ae_outcome_lookup.json:3747; Outcome_Contractor/contracts/oc_export/constitutive_bridges.json:20207
cog.problem_solving.ill_defined,extraction_output_field,Outcome_Contractor,1,2,Outcome_Contractor/contracts/oc_export/ae_outcome_lookup.json:3752; Outcome_Contractor/contracts/oc_export/constitutive_bridges.json:20215
cog.problem_solving.insight,extraction_output_field,Outcome_Contractor,1,2,Outcome_Contractor/contracts/oc_export/ae_outcome_lookup.json:3757; Outcome_Contractor/contracts/oc_export/constitutive_bridges.json:20223
cog.reasoning,extraction_output_field,Outcome_Contractor,1,2,Outcome_Contractor/contracts/oc_export/ae_outcome_lookup.json:3762; Outcome_Contractor/contracts/oc_export/constitutive_bridges.json:20231
cog.reasoning.analogical,extraction_output_field,Outcome_Contractor,1,2,Outcome_Contractor/contracts/oc_export/ae_outcome_lookup.json:3767; Outcome_Contractor/contracts/oc_export/constitutive_bridges.json:20238
cog.reasoning.causal,extraction_output_field,Outcome_Contractor,1,2,Outcome_Contractor/contracts/oc_export/ae_outcome_lookup.json:3772; Outcome_Contractor/contracts/oc_export/constitutive_bridges.json:20246
cog.reasoning.logical,extraction_output_field,Outcome_Contractor,1,2,Outcome_Contractor/contracts/oc_export/ae_outcome_lookup.json:3777; Outcome_Contractor/contracts/oc_export/constitutive_bridges.json:20254
cog.reasoning.logical.deductive,extraction_output_field,Outcome_Contractor,1,2,Outcome_Contractor/contracts/oc_export/ae_outcome_lookup.json:3782; Outcome_Contractor/contracts/oc_export/constitutive_bridges.json:20262
cog.reasoning.logical.inductive,extraction_output_field,Outcome_Contractor,1,2,Outcome_Contractor/contracts/oc_export/ae_outcome_lookup.json:3787; Outcome_Contractor/contracts/oc_export/constitutive_bridges.json:20271
cog.wayfinding,extraction_output_field,Outcome_Contractor,1,3,Outcome_Contractor/article_finder/ae_claim_extractor.py:207; Outcome_Contractor/contracts/oc_export/ae_outcome_lookup.json:3792; Outcome_Contractor/contracts/oc_export/constitutive_bridges.json:20280
cog.wayfinding.cognitive_mapping,extraction_output_field,Outcome_Contractor,1,2,Outcome_Contractor/contracts/oc_export/ae_outcome_lookup.json:3797; Outcome_Contractor/contracts/oc_export/constitutive_bridges.json:20287
cog.wayfinding.landmark_recognition,extraction_output_field,Outcome_Contractor,1,2,Outcome_Contractor/contracts/oc_export/ae_outcome_lookup.json:3802; Outcome_Contractor/contracts/oc_export/constitutive_bridges.json:20295
cog.wayfinding.navigation,extraction_output_field,Outcome_Contractor,1,2,Outcome_Contractor/contracts/oc_export/ae_outcome_lookup.json:3807; Outcome_Contractor/contracts/oc_export/constitutive_bridges.json:20303
cog.wayfinding.navigation.route_following,extraction_output_field,Outcome_Contractor,1,2,Outcome_Contractor/contracts/oc_export/ae_outcome_lookup.json:3812; Outcome_Contractor/contracts/oc_export/constitutive_bridges.json:20311
cog.wayfinding.navigation.route_planning,extraction_output_field,Outcome_Contractor,1,2,Outcome_Contractor/contracts/oc_export/ae_outcome_lookup.json:3817; Outcome_Contractor/contracts/oc_export/constitutive_bridges.json:20320
cog.wayfinding.orientation,extraction_output_field,Outcome_Contractor,1,2,Outcome_Contractor/contracts/oc_export/ae_outcome_lookup.json:3822; Outcome_Contractor/contracts/oc_export/constitutive_bridges.json:20329
cognitive.coherence,extraction_output_field,Article_Eater_PostQuinean_v1,1,2,Article_Eater_PostQuinean_v1/contracts/vocab/environment_lookup.json:158; Article_Eater_PostQuinean_v1/contracts/vocab/environment_lookup.json:2030
cognitive.complexity,extraction_output_field,Article_Eater_PostQuinean_v1,1,2,Article_Eater_PostQuinean_v1/contracts/vocab/environment_lookup.json:160; Article_Eater_PostQuinean_v1/contracts/vocab/environment_lookup.json:2037
cognitive.error,extraction_output_field,Article_Eater_PostQuinean_v1,1,2,Article_Eater_PostQuinean_v1/contracts/vocab/environment_lookup.json:162; Article_Eater_PostQuinean_v1/contracts/vocab/environment_lookup.json:2044
cognitive.legibility,extraction_output_field,Article_Eater_PostQuinean_v1,1,2,Article_Eater_PostQuinean_v1/contracts/vocab/environment_lookup.json:164; Article_Eater_PostQuinean_v1/contracts/vocab/environment_lookup.json:2051
cognitive.mystery,extraction_output_field,Article_Eater_PostQuinean_v1,1,2,Article_Eater_PostQuinean_v1/contracts/vocab/environment_lookup.json:166; Article_Eater_PostQuinean_v1/contracts/vocab/environment_lookup.json:2058
cognitive.restoration,extraction_output_field,Article_Eater_PostQuinean_v1,1,2,Article_Eater_PostQuinean_v1/contracts/vocab/environment_lookup.json:168; Article_Eater_PostQuinean_v1/contracts/vocab/environment_lookup.json:2065
cognitive_demand,extraction_output_field,Article_Eater_PostQuinean_v1,1,37,Article_Eater_PostQuinean_v1/contracts/vocab/task_taxonomy.json:10; Article_Eater_PostQuinean_v1/contracts/vocab/task_taxonomy.json:189; Article_Eater_PostQuinean_v1/contracts/vocab/task_taxonomy.json:197; Article_Eater_PostQuinean_v1/contracts/vocab/task_taxonomy.json:204
cognitive_process,extraction_output_field,Article_Eater_PostQuinean_v1,1,14,Article_Eater_PostQuinean_v1/contracts/vocab/task_taxonomy.json:191; Article_Eater_PostQuinean_v1/contracts/vocab/task_taxonomy.json:199; Article_Eater_PostQuinean_v1/contracts/vocab/task_taxonomy.json:206; Article_Eater_PostQuinean_v1/contracts/vocab/task_taxonomy.json:214
coherence_after,extraction_output_field,Article_Eater_PostQuinean_v1,1,1,Article_Eater_PostQuinean_v1/contracts/ae_af/schemas/ae.coherence_summary.v1.schema.json:68
coherence_batch,enum_value,BN_graphical,1,1,BN_graphical/src/async_module/job_processor.py:39
coherence_before,extraction_output_field,Article_Eater_PostQuinean_v1,1,1,Article_Eater_PostQuinean_v1/contracts/ae_af/schemas/ae.coherence_summary.v1.schema.json:62
coherence_checked,extraction_output_field,BN_graphical,1,1,BN_graphical/contracts/bn.prediction.v1.schema.json:117
coherence_contrib,database_column,Article_Eater_PostQuinean_v1,1,1,Article_Eater_PostQuinean_v1/migrations/005_add_entrenchment_tracker.sql:30
coherence_contribution,extraction_output_field,Article_Eater_PostQuinean_v1,1,1,Article_Eater_PostQuinean_v1/contracts/schemas/provenance.v1.schema.json:36
coherence_delta,extraction_output_field,Article_Eater_PostQuinean_v1,1,1,Article_Eater_PostQuinean_v1/contracts/ae_af/schemas/ae.coherence_summary.v1.schema.json:74
coherence_drift_negative,enum_value,Article_Eater_PostQuinean_v1,1,1,Article_Eater_PostQuinean_v1/src/epistemic/monitors/coherence_audit.py:22
coherence_drift_positive,enum_value,Article_Eater_PostQuinean_v1,1,1,Article_Eater_PostQuinean_v1/src/epistemic/monitors/coherence_audit.py:21
coherence_drop,enum_value,Article_Eater_PostQuinean_v1,1,1,Article_Eater_PostQuinean_v1/src/services/query_alerts.py:75
coherence_impact,database_column,Article_Eater_PostQuinean_v1,1,1,Article_Eater_PostQuinean_v1/migrations/006_discovery_funnel.sql:37
coherence_support,enum_value,Article_Eater_PostQuinean_v1,1,1,Article_Eater_PostQuinean_v1/src/services/web_of_belief.py:125
coherence_tension,enum_value,Article_Eater_PostQuinean_v1,1,1,Article_Eater_PostQuinean_v1/src/services/web_of_belief.py:126
coherence_threshold,extraction_output_field,BN_graphical,1,1,BN_graphical/contracts/bn.epistemology.v1.schema.json:164
coherence_trace,extraction_output_field,BN_graphical,1,1,BN_graphical/contracts/bn.epistemology.v1.schema.json:138
collaborative_patterns,extraction_output_field,Article_Eater_PostQuinean_v1,1,1,Article_Eater_PostQuinean_v1/contracts/vocab/task_taxonomy.json:320
collected_references,extraction_output_field,BN_graphical,1,1,BN_graphical/bn_venv/lib/python3.14/site-packages/pydantic/_internal/_schema_gather.py:207
collection_date,database_column,BN_graphical,1,4,BN_graphical/database/02_rating_tables.sql:14; BN_graphical/database/02_rating_tables.sql:82; BN_graphical/database/schema.sql:166; BN_graphical/database/schema.sql:234
color.lab_volume,extraction_output_field,Article_Eater_PostQuinean_v1,1,2,Article_Eater_PostQuinean_v1/contracts/vocab/environment_lookup.json:170; Article_Eater_PostQuinean_v1/contracts/vocab/environment_lookup.json:2072
color.lightness_contrast,extraction_output_field,Article_Eater_PostQuinean_v1,1,2,Article_Eater_PostQuinean_v1/contracts/vocab/environment_lookup.json:172; Article_Eater_PostQuinean_v1/contracts/vocab/environment_lookup.json:2079
color.luminance,extraction_output_field,Article_Eater_PostQuinean_v1,1,2,Article_Eater_PostQuinean_v1/contracts/vocab/environment_lookup.json:174; Article_Eater_PostQuinean_v1/contracts/vocab/environment_lookup.json:2086
color.perceptual_lightness,extraction_output_field,Article_Eater_PostQuinean_v1,1,2,Article_Eater_PostQuinean_v1/contracts/vocab/environment_lookup.json:176; Article_Eater_PostQuinean_v1/contracts/vocab/environment_lookup.json:2093
color.saturation,extraction_output_field,Article_Eater_PostQuinean_v1,1,2,Article_Eater_PostQuinean_v1/contracts/vocab/environment_lookup.json:178; Article_Eater_PostQuinean_v1/contracts/vocab/environment_lookup.json:2100
color.warmth,extraction_output_field,Article_Eater_PostQuinean_v1,1,2,Article_Eater_PostQuinean_v1/contracts/vocab/environment_lookup.json:180; Article_Eater_PostQuinean_v1/contracts/vocab/environment_lookup.json:2107
color.warmth_ratio,extraction_output_field,Article_Eater_PostQuinean_v1,1,2,Article_Eater_PostQuinean_v1/contracts/vocab/environment_lookup.json:182; Article_Eater_PostQuinean_v1/contracts/vocab/environment_lookup.json:2114
column_mapping,extraction_output_field,Article_Finder_v3_2_3,1,1,Article_Finder_v3_2_3/ingest/smart_importer.py:318
common_cause,enum_value,Article_Eater_PostQuinean_v1,1,2,Article_Eater_PostQuinean_v1/ruthless_bundle_2026-02-08/src/services/web_of_belief.py:182; Article_Eater_PostQuinean_v1/src/services/web_of_belief.py:192
common_experimental_tasks,extraction_output_field,Article_Eater_PostQuinean_v1,1,1,Article_Eater_PostQuinean_v1/contracts/vocab/task_taxonomy.json:184
common_method_bias,extraction_output_field,Outcome_Contractor,1,1,Outcome_Contractor/article_finder/type_specific_extractor.py:178
community_credences,extraction_output_field,Article_Eater_PostQuinean_v1,1,5,Article_Eater_PostQuinean_v1/contracts/ae_af/schemas/ae.query_response.v1.schema.json:254; Article_Eater_PostQuinean_v1/contracts/schemas/social_epistemology.schema.json:221; Article_Eater_PostQuinean_v1/contracts/schemas/social_epistemology.v1.schema.json:225; Article_Eater_PostQuinean_v1/ruthless_bundle_2026-02-08/contracts/schemas/social_epistemology.schema.json:221
community_id,extraction_output_field,Article_Eater_PostQuinean_v1,1,4,Article_Eater_PostQuinean_v1/contracts/schemas/social_epistemology.schema.json:99; Article_Eater_PostQuinean_v1/contracts/schemas/social_epistemology.v1.schema.json:130; Article_Eater_PostQuinean_v1/ruthless_bundle_2026-02-08/contracts/schemas/social_epistemology.schema.json:99; Article_Eater_PostQuinean_v1/ruthless_bundle_2026-02-08/contracts/schemas/social_epistemology.v1.schema.json:130
community_type,extraction_output_field,Article_Eater_PostQuinean_v1,1,4,Article_Eater_PostQuinean_v1/contracts/schemas/social_epistemology.schema.json:107; Article_Eater_PostQuinean_v1/contracts/schemas/social_epistemology.v1.schema.json:137; Article_Eater_PostQuinean_v1/ruthless_bundle_2026-02-08/contracts/schemas/social_epistemology.schema.json:107; Article_Eater_PostQuinean_v1/ruthless_bundle_2026-02-08/contracts/schemas/social_epistemology.v1.schema.json:137
comparison_group,extraction_output_field,Outcome_Contractor,1,1,Outcome_Contractor/article_finder/type_specific_extractor.py:122
comparison_types_included,extraction_output_field,Outcome_Contractor,1,1,Outcome_Contractor/article_finder/exemplary_extraction_tables.md:2593
compatible_theories,database_column,Article_Eater_PostQuinean_v1,1,1,Article_Eater_PostQuinean_v1/db/sql/017_theories.sql:57
completed_count,extraction_output_field,BN_graphical,1,1,BN_graphical/src/ai_extraction/verification_queue.py:575
completion_tokens,extraction_output_field,BN_graphical,1,6,BN_graphical/src/ai_extraction/llm_client.py:208; BN_graphical/src/ai_extraction/llm_client.py:224; BN_graphical/src/ai_extraction/llm_client.py:277; BN_graphical/src/ai_extraction/llm_client.py:354
complexity.edge_density,extraction_output_field,Article_Eater_PostQuinean_v1,1,2,Article_Eater_PostQuinean_v1/contracts/vocab/environment_lookup.json:184; Article_Eater_PostQuinean_v1/contracts/vocab/environment_lookup.json:2121
complexity.shannon_entropy,extraction_output_field,Article_Eater_PostQuinean_v1,1,2,Article_Eater_PostQuinean_v1/contracts/vocab/environment_lookup.json:185; Article_Eater_PostQuinean_v1/contracts/vocab/environment_lookup.json:2128
complexity.spatial_entropy,extraction_output_field,Article_Eater_PostQuinean_v1,1,2,Article_Eater_PostQuinean_v1/contracts/vocab/environment_lookup.json:187; Article_Eater_PostQuinean_v1/contracts/vocab/environment_lookup.json:2135
complexity_coherence,extraction_output_field,Outcome_Contractor,1,1,Outcome_Contractor/docs/PANEL_CONSULTATION_EXTRACTION_TABLES_2026_02_08.md:542
component.bathroom.fixture.material.brass,extraction_output_field,Article_Eater_PostQuinean_v1,1,2,Article_Eater_PostQuinean_v1/contracts/vocab/environment_lookup.json:188; Article_Eater_PostQuinean_v1/contracts/vocab/environment_lookup.json:2142
component.bathroom.fixture.material.matte_black,extraction_output_field,Article_Eater_PostQuinean_v1,1,2,Article_Eater_PostQuinean_v1/contracts/vocab/environment_lookup.json:190; Article_Eater_PostQuinean_v1/contracts/vocab/environment_lookup.json:2149
component.bathroom.fixture.type.rain_showerhead,extraction_output_field,Article_Eater_PostQuinean_v1,1,2,Article_Eater_PostQuinean_v1/contracts/vocab/environment_lookup.json:192; Article_Eater_PostQuinean_v1/contracts/vocab/environment_lookup.json:2156
component.ceiling.coffered,extraction_output_field,Article_Eater_PostQuinean_v1,1,2,Article_Eater_PostQuinean_v1/contracts/vocab/environment_lookup.json:194; Article_Eater_PostQuinean_v1/contracts/vocab/environment_lookup.json:2163
component.ceiling.cove_lighting,extraction_output_field,Article_Eater_PostQuinean_v1,1,2,Article_Eater_PostQuinean_v1/contracts/vocab/environment_lookup.json:196; Article_Eater_PostQuinean_v1/contracts/vocab/environment_lookup.json:2170
component.ceiling.exposed_beam,extraction_output_field,Article_Eater_PostQuinean_v1,1,2,Article_Eater_PostQuinean_v1/contracts/vocab/environment_lookup.json:198; Article_Eater_PostQuinean_v1/contracts/vocab/environment_lookup.json:2177
component.ceiling.tray,extraction_output_field,Article_Eater_PostQuinean_v1,1,2,Article_Eater_PostQuinean_v1/contracts/vocab/environment_lookup.json:200; Article_Eater_PostQuinean_v1/contracts/vocab/environment_lookup.json:2184
component.ceiling.vaulted,extraction_output_field,Article_Eater_PostQuinean_v1,1,2,Article_Eater_PostQuinean_v1/contracts/vocab/environment_lookup.json:202; Article_Eater_PostQuinean_v1/contracts/vocab/environment_lookup.json:2191
component.kitchen.hardware.material.brass,extraction_output_field,Article_Eater_PostQuinean_v1,1,2,Article_Eater_PostQuinean_v1/contracts/vocab/environment_lookup.json:204; Article_Eater_PostQuinean_v1/contracts/vocab/environment_lookup.json:2198
component.kitchen.hardware.material.chrome,extraction_output_field,Article_Eater_PostQuinean_v1,1,2,Article_Eater_PostQuinean_v1/contracts/vocab/environment_lookup.json:205; Article_Eater_PostQuinean_v1/contracts/vocab/environment_lookup.json:2205
component.kitchen.hardware.material.matte_black,extraction_output_field,Article_Eater_PostQuinean_v1,1,2,Article_Eater_PostQuinean_v1/contracts/vocab/environment_lookup.json:207; Article_Eater_PostQuinean_v1/contracts/vocab/environment_lookup.json:2212
component.kitchen.hardware.type.bar_pull,extraction_output_field,Article_Eater_PostQuinean_v1,1,2,Article_Eater_PostQuinean_v1/contracts/vocab/environment_lookup.json:208; Article_Eater_PostQuinean_v1/contracts/vocab/environment_lookup.json:2219
component.kitchen.hardware.type.handleless,extraction_output_field,Article_Eater_PostQuinean_v1,1,2,Article_Eater_PostQuinean_v1/contracts/vocab/environment_lookup.json:210; Article_Eater_PostQuinean_v1/contracts/vocab/environment_lookup.json:2226
component.kitchen.hardware.type.knob,extraction_output_field,Article_Eater_PostQuinean_v1,1,2,Article_Eater_PostQuinean_v1/contracts/vocab/environment_lookup.json:212; Article_Eater_PostQuinean_v1/contracts/vocab/environment_lookup.json:2233
component.wall.material.brick_exposed,extraction_output_field,Article_Eater_PostQuinean_v1,1,2,Article_Eater_PostQuinean_v1/contracts/vocab/environment_lookup.json:214; Article_Eater_PostQuinean_v1/contracts/vocab/environment_lookup.json:2240
component.wall.material.stone_wall,extraction_output_field,Article_Eater_PostQuinean_v1,1,2,Article_Eater_PostQuinean_v1/contracts/vocab/environment_lookup.json:216; Article_Eater_PostQuinean_v1/contracts/vocab/environment_lookup.json:2247
component.wall.material.wood_slat,extraction_output_field,Article_Eater_PostQuinean_v1,1,2,Article_Eater_PostQuinean_v1/contracts/vocab/environment_lookup.json:218; Article_Eater_PostQuinean_v1/contracts/vocab/environment_lookup.json:2254
component.wall.treatment.wainscoting,extraction_output_field,Article_Eater_PostQuinean_v1,1,2,Article_Eater_PostQuinean_v1/contracts/vocab/environment_lookup.json:220; Article_Eater_PostQuinean_v1/contracts/vocab/environment_lookup.json:2261
component.wall.treatment.wallpaper_patterned,extraction_output_field,Article_Eater_PostQuinean_v1,1,2,Article_Eater_PostQuinean_v1/contracts/vocab/environment_lookup.json:222; Article_Eater_PostQuinean_v1/contracts/vocab/environment_lookup.json:2268
component_id,extraction_output_field,Tagging_Contractor,1,1,Tagging_Contractor/contracts/localized_image_tags.schema.json:149
component_type,extraction_output_field,Tagging_Contractor,1,1,Tagging_Contractor/contracts/localized_image_tags.schema.json:150
computation_date,extraction_output_field,Tagging_Contractor,1,1,Tagging_Contractor/contracts/localized_image_tags.schema.json:45
computational_model,enum_value;extraction_output_field,BN_graphical,1,2,BN_graphical/src/ai_extraction/mechanism_classifier.py:406; BN_graphical/src/schemas/mechanism_specification.py:56
compute_from,extraction_output_field,Tagging_Contractor,1,848,Tagging_Contractor/Archive 2/core/trs-core/v0.2.8/contracts/image_tagger_contract_v0.2.8.json:1006; Tagging_Contractor/Archive 2/core/trs-core/v0.2.8/contracts/image_tagger_contract_v0.2.8.json:1023; Tagging_Contractor/Archive 2/core/trs-core/v0.2.8/contracts/image_tagger_contract_v0.2.8.json:1040; Tagging_Contractor/Archive 2/core/trs-core/v0.2.8/contracts/image_tagger_contract_v0.2.8.json:105
conceptual_constraint,enum_value,Article_Eater_PostQuinean_v1,1,1,Article_Eater_PostQuinean_v1/src/epistemic/node_types.py:70
conceptual_definition,enum_value,Article_Eater_PostQuinean_v1,1,1,Article_Eater_PostQuinean_v1/src/epistemic/node_types.py:69
conceptual_framework,enum_value;extraction_output_field,Article_Eater_PostQuinean_v1,1,2,Article_Eater_PostQuinean_v1/scripts/run_realtime_table_rule_intake.py:149; Article_Eater_PostQuinean_v1/src/epistemic/extraction/paper_classifier.py:43
conceptual_replication,extraction_output_field,Article_Eater_PostQuinean_v1,1,1,Article_Eater_PostQuinean_v1/src/epistemic/extraction/argumentative.py:69
condition_description,database_column,Article_Eater_PostQuinean_v1,1,1,Article_Eater_PostQuinean_v1/db/sql/017_theories.sql:111
condition_name,extraction_output_field,Outcome_Contractor,1,2,Outcome_Contractor/docs/PANEL_CONSULTATION_EXTRACTION_TABLES_2026_02_08.md:161; Outcome_Contractor/docs/PANEL_CONSULTATION_EXTRACTION_TABLES_2026_02_08.md:171
conditions_met,database_column,Article_Eater_PostQuinean_v1,1,1,Article_Eater_PostQuinean_v1/db/sql/017_theories.sql:209
confidence_available,extraction_output_field,Tagging_Contractor,1,850,Tagging_Contractor/Archive 2/core/trs-core/v0.2.8/contracts/image_tagger_contract_v0.2.8.json:1016; Tagging_Contractor/Archive 2/core/trs-core/v0.2.8/contracts/image_tagger_contract_v0.2.8.json:1033; Tagging_Contractor/Archive 2/core/trs-core/v0.2.8/contracts/image_tagger_contract_v0.2.8.json:1050; Tagging_Contractor/Archive 2/core/trs-core/v0.2.8/contracts/image_tagger_contract_v0.2.8.json:1067
confidence_basis,extraction_output_field,Article_Eater_PostQuinean_v1,1,5,Article_Eater_PostQuinean_v1/tests/test_claim_gallery_builder.py:107; Article_Eater_PostQuinean_v1/tests/test_claim_gallery_builder.py:127; Article_Eater_PostQuinean_v1/tests/test_claim_gallery_builder.py:359; Article_Eater_PostQuinean_v1/tests/test_claim_gallery_builder.py:67
confidence_component_breakdown,extraction_output_field,Article_Eater_PostQuinean_v1,1,1,Article_Eater_PostQuinean_v1/schemas/set_of_support.schema.json:41
confidence_consistency,database_column,Article_Eater_PostQuinean_v1,1,1,Article_Eater_PostQuinean_v1/migrations/001_refactor_rules_to_findings.sql:71
confidence_delta,database_column,Article_Eater_PostQuinean_v1,1,1,Article_Eater_PostQuinean_v1/db/sql/017_theories.sql:213
confidence_effect_strength,database_column,Article_Eater_PostQuinean_v1,1,1,Article_Eater_PostQuinean_v1/migrations/001_refactor_rules_to_findings.sql:69
confidence_interval_lower,database_column,Article_Eater_PostQuinean_v1,1,1,Article_Eater_PostQuinean_v1/migrations/001_refactor_rules_to_findings.sql:66
confidence_interval_upper,database_column,Article_Eater_PostQuinean_v1,1,1,Article_Eater_PostQuinean_v1/migrations/001_refactor_rules_to_findings.sql:67
confidence_level,extraction_output_field,BN_graphical,1,1,BN_graphical/src/bn_integration/claim_mapper.py:89
confidence_sample_size,database_column,Article_Eater_PostQuinean_v1,1,1,Article_Eater_PostQuinean_v1/migrations/001_refactor_rules_to_findings.sql:70
confidence_source,extraction_output_field,Article_Eater_PostQuinean_v1,1,1,Article_Eater_PostQuinean_v1/contracts/ae_af/schemas/ae.bridge.v1.schema.json:45
confidence_tier,extraction_output_field,Article_Eater_PostQuinean_v1,1,1,Article_Eater_PostQuinean_v1/scripts/build_abstract_reduced_tables.py:514
confidence_triangulation,database_column,Article_Eater_PostQuinean_v1,1,1,Article_Eater_PostQuinean_v1/migrations/001_refactor_rules_to_findings.sql:68
config.py,extraction_output_field,BN_graphical,1,6,BN_graphical/backups/broken_venvs/bn_venv_20260213_092600/lib/python3.12/site-packages/setuptools/tests/test_editable_install.py:749; BN_graphical/backups/broken_venvs/bn_venv_20260213_092600/lib/python3.12/site-packages/setuptools/tests/test_editable_install.py:752; BN_graphical/bn_venv_py311/lib/python3.11/site-packages/setuptools/tests/test_editable_install.py:749; BN_graphical/bn_venv_py311/lib/python3.11/site-packages/setuptools/tests/test_editable_install.py:752
config_hash,extraction_output_field,Tagging_Contractor,1,1,Tagging_Contractor/contracts/localized_image_tags.schema.json:164
confirms_prediction,enum_value,Article_Eater_PostQuinean_v1,1,1,Article_Eater_PostQuinean_v1/src/epistemic/edge_types.py:73
conflict_detail,extraction_output_field,Article_Eater_PostQuinean_v1,1,1,Article_Eater_PostQuinean_v1/contracts/schemas/integration.edge_justification.v1.schema.json:76
conflict_detection,enum_value,BN_graphical,1,1,BN_graphical/src/coherence/epistemic_workflow.py:180
conflict_type,extraction_output_field,Article_Eater_PostQuinean_v1,1,1,Article_Eater_PostQuinean_v1/contracts/schemas/integration.edge_justification.v1.schema.json:67
conflicting_evidence,enum_value,Article_Eater_PostQuinean_v1,1,1,Article_Eater_PostQuinean_v1/src/services/evidence_summarizer.py:48
confounds_addressed,extraction_output_field,Outcome_Contractor,1,1,Outcome_Contractor/article_finder/type_specific_extractor.py:79
confusable_but_different,enum_value,Article_Eater_PostQuinean_v1,1,1,Article_Eater_PostQuinean_v1/src/services/claim_gallery_builder.py:95
confusion_pairs_found,extraction_output_field,Article_Eater_PostQuinean_v1,1,1,Article_Eater_PostQuinean_v1/contracts/ae_af/schemas/selection_log.v1.schema.json:49
confusion_set,enum_value;extraction_output_field,Article_Eater_PostQuinean_v1,1,2,Article_Eater_PostQuinean_v1/contracts/ae_af/schemas/claim_gallery.v1.schema.json:115; Article_Eater_PostQuinean_v1/src/services/claim_gallery_builder.py:66
connection_strength,extraction_output_field,Article_Eater_PostQuinean_v1,1,1,Article_Eater_PostQuinean_v1/contracts/schemas/provenance.v1.schema.json:153
consequent_direction,database_column;extraction_output_field,Article_Eater_PostQuinean_v1,1,3,Article_Eater_PostQuinean_v1/db/sql/017_theories.sql:142; Article_Eater_PostQuinean_v1/ruthless_bundle_2026-02-08/src/services/extraction_to_web.py:1479; Article_Eater_PostQuinean_v1/src/services/extraction_to_web.py:1603
consequent_magnitude,database_column;extraction_output_field,Article_Eater_PostQuinean_v1,1,3,Article_Eater_PostQuinean_v1/db/sql/017_theories.sql:143; Article_Eater_PostQuinean_v1/ruthless_bundle_2026-02-08/src/services/extraction_to_web.py:1480; Article_Eater_PostQuinean_v1/src/services/extraction_to_web.py:1604
consequent_mechanism,database_column;extraction_output_field,Article_Eater_PostQuinean_v1,1,3,Article_Eater_PostQuinean_v1/db/sql/017_theories.sql:144; Article_Eater_PostQuinean_v1/ruthless_bundle_2026-02-08/src/services/extraction_to_web.py:1481; Article_Eater_PostQuinean_v1/src/services/extraction_to_web.py:1605
consequent_outcome,database_column;extraction_output_field,Article_Eater_PostQuinean_v1,1,3,Article_Eater_PostQuinean_v1/db/sql/017_theories.sql:141; Article_Eater_PostQuinean_v1/ruthless_bundle_2026-02-08/src/services/extraction_to_web.py:1478; Article_Eater_PostQuinean_v1/src/services/extraction_to_web.py:1602
constant_comparison,extraction_output_field,Outcome_Contractor,1,1,Outcome_Contractor/article_finder/type_specific_extractor.py:357
constitutive_bridges,extraction_output_field,Outcome_Contractor,1,1,Outcome_Contractor/contracts/oc_export/bn_outcome_nodes.json:17855
constitutive_parent,extraction_output_field,Outcome_Contractor,1,832,Outcome_Contractor/contracts/oc_export/bn_outcome_nodes.json:10012; Outcome_Contractor/contracts/oc_export/bn_outcome_nodes.json:10032; Outcome_Contractor/contracts/oc_export/bn_outcome_nodes.json:10052; Outcome_Contractor/contracts/oc_export/bn_outcome_nodes.json:10072
constraint_added,enum_value,Article_Eater_PostQuinean_v1,1,1,Article_Eater_PostQuinean_v1/src/services/query_alerts.py:67
constraint_count,database_column,Article_Eater_PostQuinean_v1,1,1,Article_Eater_PostQuinean_v1/migrations/005_add_entrenchment_tracker.sql:31
constraint_data,enum_value,Article_Eater_PostQuinean_v1,1,1,Article_Eater_PostQuinean_v1/src/services/export_audit.py:44
constraint_id,database_column;extraction_output_field,Article_Eater_PostQuinean_v1,1,3,Article_Eater_PostQuinean_v1/contracts/ae_af/schemas/ae.web_state.v1.schema.json:145; Article_Eater_PostQuinean_v1/migrations/005_add_entrenchment_tracker.sql:55; Article_Eater_PostQuinean_v1/migrations/006_discovery_funnel.sql:31
constraint_network,extraction_output_field,Article_Eater_PostQuinean_v1,1,1,Article_Eater_PostQuinean_v1/contracts/ae_af/schemas/ae.query_response.v1.schema.json:242
constraint_removed,enum_value,Article_Eater_PostQuinean_v1,1,1,Article_Eater_PostQuinean_v1/src/services/query_alerts.py:68
constraint_type,extraction_output_field,Article_Eater_PostQuinean_v1,1,1,Article_Eater_PostQuinean_v1/contracts/ae_af/schemas/ae.web_state.v1.schema.json:157
construct_claims,extraction_output_field,Article_Finder_v3_2_3,1,1,Article_Finder_v3_2_3/knowledge/claim_graph.py:429
construct_confidence,extraction_output_field,Article_Eater_PostQuinean_v1,1,2,Article_Eater_PostQuinean_v1/contracts/ae_af/schemas/claim_gallery.v1.schema.json:180; Article_Eater_PostQuinean_v1/src/services/claim_gallery_builder.py:251
construct_confidence_score,extraction_output_field,Article_Eater_PostQuinean_v1,1,1,Article_Eater_PostQuinean_v1/contracts/ae_af/schemas/image_feedback.v1.schema.json:105
construct_definitions,extraction_output_field,Outcome_Contractor,1,1,Outcome_Contractor/article_finder/type_specific_extractor.py:651
construct_label,extraction_output_field,Article_Eater_PostQuinean_v1,1,1,Article_Eater_PostQuinean_v1/contracts/ae_af/schemas/image_feedback.v1.schema.json:106
construct_mappings,extraction_output_field,Article_Eater_PostQuinean_v1,1,1,Article_Eater_PostQuinean_v1/schemas/panel_measures.schema.json:5
construct_validity,extraction_output_field,Article_Eater_PostQuinean_v1,1,1,Article_Eater_PostQuinean_v1/contracts/schemas/experiential_claim.v1.schema.json:113
consumer_version,extraction_output_field,Tagging_Contractor,1,2,Tagging_Contractor/Archive 2/core/trs-core/v0.2.8/schemas/json_schema/manifests/consumer_manifest.schema.json:16; Tagging_Contractor/core/trs-core/v0.2.8/schemas/json_schema/manifests/consumer_manifest.schema.json:16
contentMediaType,extraction_output_field,BN_graphical,1,4,BN_graphical/backups/broken_venvs/bn_venv_20260213_092600/lib/python3.12/site-packages/pydantic/json_schema.py:1700; BN_graphical/bn_venv/lib/python3.14/site-packages/pydantic/json_schema.py:2029; BN_graphical/bn_venv_py311/lib/python3.11/site-packages/pydantic/json_schema.py:1700; BN_graphical/test_venv_310/lib/python3.10/site-packages/pydantic/json_schema.py:1700
content_description,extraction_output_field,Outcome_Contractor,1,2,Outcome_Contractor/docs/PANEL_CONSULTATION_EXTRACTION_TABLES_2026_02_08.md:163; Outcome_Contractor/docs/PANEL_CONSULTATION_EXTRACTION_TABLES_2026_02_08.md:173
content_hash,database_column,Article_Eater_PostQuinean_v1,1,1,Article_Eater_PostQuinean_v1/migrations/006_discovery_funnel.sql:137
content_summary,extraction_output_field,Article_Eater_PostQuinean_v1,1,2,Article_Eater_PostQuinean_v1/contracts/schemas/integration.edge_justification.v1.schema.json:29; Article_Eater_PostQuinean_v1/contracts/schemas/integration.edge_justification.v1.schema.json:72
content_type,extraction_output_field,Article_Eater_PostQuinean_v1,1,1,Article_Eater_PostQuinean_v1/contracts/schemas/propositional_content.v1.schema.json:22
content_version,extraction_output_field,Tagging_Contractor,1,3,Tagging_Contractor/Archive 2/core/trs-core/v0.2.8/contracts/article_eater_contract_v0.2.8.json:9; Tagging_Contractor/core/trs-core/v0.2.8/contracts/article_eater_contract_v0.2.8.json:9; Tagging_Contractor/scripts/generate_contracts.py:105
contestation_details,extraction_output_field,Article_Eater_PostQuinean_v1,1,4,Article_Eater_PostQuinean_v1/contracts/schemas/social_epistemology.schema.json:239; Article_Eater_PostQuinean_v1/contracts/schemas/social_epistemology.v1.schema.json:245; Article_Eater_PostQuinean_v1/ruthless_bundle_2026-02-08/contracts/schemas/social_epistemology.schema.json:239; Article_Eater_PostQuinean_v1/ruthless_bundle_2026-02-08/contracts/schemas/social_epistemology.v1.schema.json:245
contestation_id,extraction_output_field,Article_Eater_PostQuinean_v1,1,4,Article_Eater_PostQuinean_v1/contracts/schemas/social_epistemology.schema.json:264; Article_Eater_PostQuinean_v1/contracts/schemas/social_epistemology.v1.schema.json:270; Article_Eater_PostQuinean_v1/ruthless_bundle_2026-02-08/contracts/schemas/social_epistemology.schema.json:264; Article_Eater_PostQuinean_v1/ruthless_bundle_2026-02-08/contracts/schemas/social_epistemology.v1.schema.json:270
contestation_level,extraction_output_field,Article_Eater_PostQuinean_v1,1,4,Article_Eater_PostQuinean_v1/contracts/schemas/social_epistemology.schema.json:168; Article_Eater_PostQuinean_v1/contracts/schemas/social_epistemology.v1.schema.json:116; Article_Eater_PostQuinean_v1/ruthless_bundle_2026-02-08/contracts/schemas/social_epistemology.schema.json:168; Article_Eater_PostQuinean_v1/ruthless_bundle_2026-02-08/contracts/schemas/social_epistemology.v1.schema.json:116
contestation_type,extraction_output_field,Article_Eater_PostQuinean_v1,1,8,Article_Eater_PostQuinean_v1/contracts/schemas/social_epistemology.schema.json:236; Article_Eater_PostQuinean_v1/contracts/schemas/social_epistemology.schema.json:280; Article_Eater_PostQuinean_v1/contracts/schemas/social_epistemology.v1.schema.json:242; Article_Eater_PostQuinean_v1/contracts/schemas/social_epistemology.v1.schema.json:283
contested_count,extraction_output_field,BN_graphical,1,1,BN_graphical/src/schemas/enhanced_edge.py:713
contesting_claims,extraction_output_field,Article_Eater_PostQuinean_v1,1,1,Article_Eater_PostQuinean_v1/contracts/schemas/experiential_claim.v1.schema.json:174
contesting_communities,extraction_output_field,Article_Eater_PostQuinean_v1,1,4,Article_Eater_PostQuinean_v1/contracts/schemas/social_epistemology.schema.json:231; Article_Eater_PostQuinean_v1/contracts/schemas/social_epistemology.v1.schema.json:238; Article_Eater_PostQuinean_v1/ruthless_bundle_2026-02-08/contracts/schemas/social_epistemology.schema.json:231; Article_Eater_PostQuinean_v1/ruthless_bundle_2026-02-08/contracts/schemas/social_epistemology.v1.schema.json:238
contesting_community_id,extraction_output_field,Article_Eater_PostQuinean_v1,1,4,Article_Eater_PostQuinean_v1/contracts/schemas/social_epistemology.schema.json:272; Article_Eater_PostQuinean_v1/contracts/schemas/social_epistemology.v1.schema.json:277; Article_Eater_PostQuinean_v1/ruthless_bundle_2026-02-08/contracts/schemas/social_epistemology.schema.json:272; Article_Eater_PostQuinean_v1/ruthless_bundle_2026-02-08/contracts/schemas/social_epistemology.v1.schema.json:277
contesting_papers,extraction_output_field,Article_Eater_PostQuinean_v1,1,4,Article_Eater_PostQuinean_v1/contracts/schemas/social_epistemology.schema.json:287; Article_Eater_PostQuinean_v1/contracts/schemas/social_epistemology.v1.schema.json:289; Article_Eater_PostQuinean_v1/ruthless_bundle_2026-02-08/contracts/schemas/social_epistemology.schema.json:287; Article_Eater_PostQuinean_v1/ruthless_bundle_2026-02-08/contracts/schemas/social_epistemology.v1.schema.json:289
context_after,extraction_output_field,BN_graphical,1,1,BN_graphical/src/literature_integration/citation_extractor.py:67
context_before,extraction_output_field,BN_graphical,1,1,BN_graphical/src/literature_integration/citation_extractor.py:66
context_description,database_column,BN_graphical,1,2,BN_graphical/database/05_provenance_tables.sql:67; BN_graphical/database/schema.sql:812
context_not_captured,enum_value,Article_Eater_PostQuinean_v1,1,1,Article_Eater_PostQuinean_v1/src/services/credibility_feedback.py:60
context_shift,enum_value;extraction_output_field,Article_Eater_PostQuinean_v1,1,4,Article_Eater_PostQuinean_v1/contracts/ae_af/schemas/claim_gallery.v1.schema.json:114; Article_Eater_PostQuinean_v1/contracts/ae_af/schemas/gallery_selection_config.v1.schema.json:40; Article_Eater_PostQuinean_v1/contracts/ae_af/schemas/selection_log.v1.schema.json:41; Article_Eater_PostQuinean_v1/src/services/claim_gallery_builder.py:65
context_specific,enum_value,Article_Eater_PostQuinean_v1,1,1,Article_Eater_PostQuinean_v1/src/models/theory_models.py:109
context_specificity,enum_value,Outcome_Contractor,1,1,Outcome_Contractor/core/argument_taxonomy.py:248
context_tags,extraction_output_field,Article_Eater_PostQuinean_v1,1,7,Article_Eater_PostQuinean_v1/contracts/ae_af/schemas/claim_gallery.v1.schema.json:232; Article_Eater_PostQuinean_v1/src/services/claim_gallery_builder.py:224; Article_Eater_PostQuinean_v1/tests/test_claim_gallery_builder.py:117; Article_Eater_PostQuinean_v1/tests/test_claim_gallery_builder.py:137
contextual_factors,extraction_output_field,Outcome_Contractor,1,1,Outcome_Contractor/article_finder/type_specific_extractor.py:250
continuous_performance_test,extraction_output_field,Article_Eater_PostQuinean_v1,1,1,Article_Eater_PostQuinean_v1/contracts/vocab/task_taxonomy.json:232
contour_order,enum_value,BN_graphical,1,3,BN_graphical/backups/broken_venvs/bn_venv_20260213_092600/lib/python3.12/site-packages/fontTools/varLib/interpolatableHelpers.py:23; BN_graphical/bn_venv_py311/lib/python3.11/site-packages/fontTools/varLib/interpolatableHelpers.py:23; BN_graphical/test_venv_310/lib/python3.10/site-packages/fontTools/varLib/interpolatableHelpers.py:23
contract_version,extraction_output_field,Tagging_Contractor,1,27,Tagging_Contractor/Archive 2/core/trs-core/v0.2.8/contracts/article_eater_contract_v0.2.8.json:5; Tagging_Contractor/Archive 2/core/trs-core/v0.2.8/contracts/article_eater_contract_v0.2.8.json:7; Tagging_Contractor/Archive 2/core/trs-core/v0.2.8/contracts/bn_contract_v0.2.8.json:5; Tagging_Contractor/Archive 2/core/trs-core/v0.2.8/contracts/bn_contract_v0.2.8.json:7
contradicted_synthesis,enum_value,Article_Eater_PostQuinean_v1,1,1,Article_Eater_PostQuinean_v1/src/epistemic/monitors/cross_type_coherence.py:42
contradiction_count,database_column,Article_Eater_PostQuinean_v1,1,3,Article_Eater_PostQuinean_v1/db/sql/015_complete_schema.sql:90; Article_Eater_PostQuinean_v1/db/sql/015_core_tables.sql:85; Article_Eater_PostQuinean_v1/init_database.py:100
contradiction_notes,extraction_output_field,Article_Eater_PostQuinean_v1,1,1,Article_Eater_PostQuinean_v1/schemas/rule_graph.schema.json:293
contradicts_synthesis,enum_value,Article_Eater_PostQuinean_v1,1,1,Article_Eater_PostQuinean_v1/src/epistemic/edge_types.py:69
contrast_cause,enum_value,BN_graphical,1,1,BN_graphical/src/literature_integration/erotetic_structure.py:101
contrast_class,extraction_output_field,Article_Eater_PostQuinean_v1,1,5,Article_Eater_PostQuinean_v1/contracts/ae_af/schemas/ae.claim.v2.schema.json:175; Article_Eater_PostQuinean_v1/contracts/ae_af/schemas/ae.rule.v2.schema.json:119; Article_Eater_PostQuinean_v1/scripts/convert_findings_to_rules.py:292; Article_Eater_PostQuinean_v1/src/epistemic/contracts/claim_v2.py:141
contrast_metrics,extraction_output_field,Tagging_Contractor,1,1,Tagging_Contractor/contracts/localized_image_tags.schema.json:16
contributes_prior,database_column;extraction_output_field,Article_Eater_PostQuinean_v1,1,3,Article_Eater_PostQuinean_v1/db/sql/017_theories.sql:180; Article_Eater_PostQuinean_v1/ruthless_bundle_2026-02-08/src/services/extraction_to_web.py:1504; Article_Eater_PostQuinean_v1/src/services/extraction_to_web.py:1628
contributing_mechanisms,extraction_output_field,BN_graphical,1,1,BN_graphical/contracts/bn.api.v2.schema.json:188
contributing_tags,extraction_output_field,BN_graphical,1,1,BN_graphical/contracts/bn.api.v2.schema.json:234
contribution_description,database_column,Article_Eater_PostQuinean_v1,1,1,Article_Eater_PostQuinean_v1/db/sql/017_theories.sql:237
contribution_type,database_column,Article_Eater_PostQuinean_v1,1,1,Article_Eater_PostQuinean_v1/db/sql/017_theories.sql:236
control_condition,extraction_output_field,Outcome_Contractor,1,2,Outcome_Contractor/article_finder/seven_panel_extractor.py:1406; Outcome_Contractor/article_finder/type_specific_extractor.py:70
control_variables,extraction_output_field,Outcome_Contractor,1,2,Outcome_Contractor/article_finder/type_specific_extractor.py:163; Outcome_Contractor/article_finder/type_specific_extractor.py:78
controlled_comparison,enum_value;extraction_output_field,Article_Eater_PostQuinean_v1,1,2,Article_Eater_PostQuinean_v1/contracts/ae_af/schemas/claim_gallery.v1.schema.json:119; Article_Eater_PostQuinean_v1/src/services/claim_gallery_builder.py:67
controlled_difference,enum_value,Article_Eater_PostQuinean_v1,1,1,Article_Eater_PostQuinean_v1/src/services/claim_gallery_builder.py:96
controlled_pairs_found,extraction_output_field,Article_Eater_PostQuinean_v1,1,1,Article_Eater_PostQuinean_v1/contracts/ae_af/schemas/selection_log.v1.schema.json:50
converged_at_iteration,extraction_output_field,Article_Eater_PostQuinean_v1,1,1,Article_Eater_PostQuinean_v1/contracts/ae_af/schemas/ae.coherence_summary.v1.schema.json:133
convergent_evidence,enum_value,Outcome_Contractor,1,1,Outcome_Contractor/core/argument_taxonomy.py:99
core_argument,extraction_output_field,Outcome_Contractor,1,1,Outcome_Contractor/article_finder/type_specific_extractor.py:649
core_category,extraction_output_field,Outcome_Contractor,1,1,Outcome_Contractor/article_finder/type_specific_extractor.py:365
core_theories,extraction_output_field,Article_Eater_PostQuinean_v1,1,4,Article_Eater_PostQuinean_v1/contracts/schemas/social_epistemology.schema.json:118; Article_Eater_PostQuinean_v1/contracts/schemas/social_epistemology.v1.schema.json:148; Article_Eater_PostQuinean_v1/ruthless_bundle_2026-02-08/contracts/schemas/social_epistemology.schema.json:118; Article_Eater_PostQuinean_v1/ruthless_bundle_2026-02-08/contracts/schemas/social_epistemology.v1.schema.json:148
corpus_id,database_column;extraction_output_field,Article_Eater_PostQuinean_v1,1,4,Article_Eater_PostQuinean_v1/db/sql/015_complete_schema.sql:31; Article_Eater_PostQuinean_v1/db/sql/015_core_tables.sql:28; Article_Eater_PostQuinean_v1/init_database.py:53; Article_Eater_PostQuinean_v1/schemas/article.schema.json:19
correct_fields,extraction_output_field,BN_graphical,1,1,BN_graphical/src/ai_extraction/verification_queue.py:153
correction_notes,database_column,BN_graphical,1,2,BN_graphical/database/01_core_tables.sql:133; BN_graphical/database/schema.sql:133
correlation_cause,enum_value,BN_graphical,1,1,BN_graphical/src/literature_integration/argument_structure.py:60
correlational_claim,enum_value,Article_Eater_PostQuinean_v1,1,1,Article_Eater_PostQuinean_v1/src/models/propositional_content.py:25
cost_benefit,enum_value,Article_Eater_PostQuinean_v1,1,1,Article_Eater_PostQuinean_v1/src/services/stopping_rules.py:34
cost_usd,extraction_output_field,Article_Eater_PostQuinean_v1,1,1,Article_Eater_PostQuinean_v1/schemas/api_usage.schema.json:40
countSizePairs,extraction_output_field,BN_graphical,1,3,BN_graphical/backups/broken_venvs/bn_venv_20260213_092600/lib/python3.12/site-packages/fontTools/ttLib/tables/_f_v_a_r.py:71; BN_graphical/bn_venv_py311/lib/python3.11/site-packages/fontTools/ttLib/tables/_f_v_a_r.py:71; BN_graphical/test_venv_310/lib/python3.10/site-packages/fontTools/ttLib/tables/_f_v_a_r.py:71
count_claims,enum_value,Article_Finder_v3_2_3,1,1,Article_Finder_v3_2_3/knowledge/query_engine.py:30
counterfactual_analysis,extraction_output_field,Article_Eater_PostQuinean_v1,1,1,Article_Eater_PostQuinean_v1/contracts/ae_af/schemas/ae.query_response.v1.schema.json:261
coverage_heatmap,extraction_output_field,Article_Eater_PostQuinean_v1,1,2,Article_Eater_PostQuinean_v1/contracts/ae_af/schemas/ae.gap_report.v1.schema.json:104; Article_Eater_PostQuinean_v1/contracts/ae_af/schemas/ae.gap_report.v1.schema.json:242
coverage_score,extraction_output_field,Article_Eater_PostQuinean_v1,1,2,Article_Eater_PostQuinean_v1/contracts/ae_af/schemas/ae.gap_report.v1.schema.json:68; Article_Eater_PostQuinean_v1/docs/MVP_CONTRACTS.md:279
cpd_hint,extraction_output_field,Article_Eater_PostQuinean_v1,1,4,Article_Eater_PostQuinean_v1/ruthless_bundle_2026-02-08/src/services/extraction_to_web.py:132; Article_Eater_PostQuinean_v1/src/epistemic/extraction/rule_to_claim_mapper.py:51; Article_Eater_PostQuinean_v1/src/epistemic/extraction/rule_to_claim_mapper.py:65; Article_Eater_PostQuinean_v1/src/services/extraction_to_web.py:145
created_date,database_column,BN_graphical,1,6,BN_graphical/database/03_model_tables.sql:86; BN_graphical/database/04_experiment_tables.sql:47; BN_graphical/database/04_experiment_tables.sql:85; BN_graphical/database/schema.sql:447
credence_change,enum_value,Article_Eater_PostQuinean_v1,1,1,Article_Eater_PostQuinean_v1/src/services/query_alerts.py:61
credence_range,enum_value,Article_Eater_PostQuinean_v1,1,1,Article_Eater_PostQuinean_v1/src/services/query_alerts.py:207
credence_uncertainty,database_column;extraction_output_field,Article_Eater_PostQuinean_v1,1,2,Article_Eater_PostQuinean_v1/migrations/005_add_entrenchment_tracker.sql:34; Article_Eater_PostQuinean_v1/tests/test_ingestion_routes.py:178
credence_value,database_column,Article_Eater_PostQuinean_v1,1,1,Article_Eater_PostQuinean_v1/migrations/005_add_entrenchment_tracker.sql:33
criteria_met,extraction_output_field,Article_Eater_PostQuinean_v1,1,1,Article_Eater_PostQuinean_v1/src/services/stopping_rules.py:66
criteria_not_met,extraction_output_field,Article_Eater_PostQuinean_v1,1,1,Article_Eater_PostQuinean_v1/src/services/stopping_rules.py:76
criterion_validity,extraction_output_field,Article_Eater_PostQuinean_v1,1,1,Article_Eater_PostQuinean_v1/contracts/schemas/experiential_claim.v1.schema.json:114
critical_period,extraction_output_field,Article_Eater_PostQuinean_v1,1,1,Article_Eater_PostQuinean_v1/archive/docs/handoffs/_ontology_rule_system_summary_a bit ago.md:506
critical_periods,extraction_output_field,Outcome_Contractor,1,1,Outcome_Contractor/article_finder/type_specific_extractor.py:218
critical_question,enum_value,Article_Eater_PostQuinean_v1,1,1,Article_Eater_PostQuinean_v1/src/services/gap_predictor.py:45
critical_questions,extraction_output_field,Article_Eater_PostQuinean_v1,1,15,Article_Eater_PostQuinean_v1/contracts/ae_af/schemas/ae.claim.v2.schema.json:210; Article_Eater_PostQuinean_v1/contracts/ae_af/schemas/ae.rule.v2.schema.json:112; Article_Eater_PostQuinean_v1/contracts/vocab/argument_schemes.json:21; Article_Eater_PostQuinean_v1/contracts/vocab/argument_schemes.json:31
critical_questions_addressed,extraction_output_field,Article_Eater_PostQuinean_v1,1,1,Article_Eater_PostQuinean_v1/src/epistemic/contracts/claim_v2.py:139
critical_questions_unaddressed,extraction_output_field,Article_Eater_PostQuinean_v1,1,1,Article_Eater_PostQuinean_v1/src/epistemic/contracts/claim_v2.py:140
critique_target,enum_value,Article_Eater_PostQuinean_v1,1,1,Article_Eater_PostQuinean_v1/src/epistemic/monitors/cross_type_coherence.py:33
cronbach_alpha,extraction_output_field,BN_graphical,1,1,BN_graphical/docs/research/ARTICLE_TYPE_ARGUMENT_TABLES.md:1076
cross_case_analysis,extraction_output_field,Outcome_Contractor,1,1,Outcome_Contractor/article_finder/type_specific_extractor.py:408
cross_population_penalty,extraction_output_field,BN_graphical,1,1,BN_graphical/contracts/bn.epistemology.v1.schema.json:193
cross_product,enum_value,Outcome_Contractor,1,1,Outcome_Contractor/article_finder/search_retrieve/target_parser.py:22
cross_sectional_survey,enum_value,Outcome_Contractor,1,2,Outcome_Contractor/article_finder/article_type_classifier.py:20; Outcome_Contractor/contracts/article_extraction_contracts.py:29
crossref_lookups,extraction_output_field,Article_Finder_v3_2_3,1,1,Article_Finder_v3_2_3/ingest/smart_importer.py:273
crossref_matches,extraction_output_field,Article_Finder_v3_2_3,1,1,Article_Finder_v3_2_3/ingest/smart_importer.py:274
crossword_position,extraction_output_field,Article_Eater_PostQuinean_v1,1,1,Article_Eater_PostQuinean_v1/contracts/schemas/provenance.v1.schema.json:47
cue_terms,extraction_output_field,Article_Eater_PostQuinean_v1,1,1,Article_Eater_PostQuinean_v1/contracts/ae_af/schemas/image_feedback.v1.schema.json:83
cultural_context,extraction_output_field,Outcome_Contractor,1,1,Outcome_Contractor/article_finder/seven_panel_extractor.py:1427
cultural_notes,database_column;extraction_output_field,BN_graphical,1,2,BN_graphical/migrations/005_sprint1_schemas.sql:126; BN_graphical/src/schemas/outcome_taxonomy.py:217
cultural_practices,extraction_output_field,Outcome_Contractor,1,1,Outcome_Contractor/article_finder/type_specific_extractor.py:323
cultural_setting,extraction_output_field,Outcome_Contractor,1,1,Outcome_Contractor/article_finder/type_specific_extractor.py:312
cultural_specificity,database_column;extraction_output_field,BN_graphical,1,2,BN_graphical/migrations/005_sprint1_schemas.sql:125; BN_graphical/src/schemas/outcome_taxonomy.py:216
culture_region,extraction_output_field,Article_Eater_PostQuinean_v1,1,6,Article_Eater_PostQuinean_v1/contracts/ae_af/schemas/claim_gallery.v1.schema.json:235; Article_Eater_PostQuinean_v1/tests/test_claim_gallery_builder.py:110; Article_Eater_PostQuinean_v1/tests/test_claim_gallery_builder.py:130; Article_Eater_PostQuinean_v1/tests/test_claim_gallery_builder.py:362
cumulative_bridge_confidence,extraction_output_field,Outcome_Contractor,1,832,Outcome_Contractor/contracts/oc_export/constitutive_bridges.json:17507; Outcome_Contractor/contracts/oc_export/constitutive_bridges.json:17514; Outcome_Contractor/contracts/oc_export/constitutive_bridges.json:17522; Outcome_Contractor/contracts/oc_export/constitutive_bridges.json:17530
current_confidence,database_column;extraction_output_field,Article_Eater_PostQuinean_v1,1,3,Article_Eater_PostQuinean_v1/db/sql/017_theories.sql:171; Article_Eater_PostQuinean_v1/ruthless_bundle_2026-02-08/src/services/extraction_to_web.py:1497; Article_Eater_PostQuinean_v1/src/services/extraction_to_web.py:1621
cycle_members,extraction_output_field,Article_Eater_PostQuinean_v1,1,1,Article_Eater_PostQuinean_v1/contracts/schemas/epistemic_status.v1.schema.json:55
d2_test,extraction_output_field,Article_Eater_PostQuinean_v1,1,1,Article_Eater_PostQuinean_v1/contracts/vocab/task_taxonomy.json:187
damping_factor,extraction_output_field,BN_graphical,1,1,BN_graphical/contracts/bn.epistemology.v1.schema.json:102
dask.array,enum_value;extraction_output_field,BN_graphical,1,3,BN_graphical/bn_venv/lib/python3.14/site-packages/scipy/_lib/_array_api_docs_tables.py:155; BN_graphical/bn_venv/lib/python3.14/site-packages/scipy/_lib/_array_api_docs_tables.py:68; BN_graphical/bn_venv/lib/python3.14/site-packages/scipy/_lib/array_api_extra/_lib/_backends.py:34
data.txt,extraction_output_field,BN_graphical,1,3,BN_graphical/backups/broken_venvs/bn_venv_20260213_092600/lib/python3.12/site-packages/setuptools/tests/test_editable_install.py:114; BN_graphical/bn_venv_py311/lib/python3.11/site-packages/setuptools/tests/test_editable_install.py:114; BN_graphical/test_venv_310/lib/python3.10/site-packages/setuptools/tests/test_editable_install.py:115
data_collection,extraction_output_field,Outcome_Contractor,1,2,Outcome_Contractor/article_finder/type_specific_extractor.py:282; Outcome_Contractor/article_finder/type_specific_extractor.py:356
data_extracted,extraction_output_field,Outcome_Contractor,1,1,Outcome_Contractor/article_finder/type_specific_extractor.py:578
data_pipeline,enum_value,Article_Eater_PostQuinean_v1,1,2,Article_Eater_PostQuinean_v1/src/services/export_bundles.py:66; Article_Eater_PostQuinean_v1/src/services/export_engine.py:47
data_source,extraction_output_field,Outcome_Contractor,1,1,Outcome_Contractor/article_finder/exemplary_extraction_tables.md:2183
data_sources,extraction_output_field,Outcome_Contractor,1,2,Outcome_Contractor/article_finder/type_specific_extractor.py:319; Outcome_Contractor/article_finder/type_specific_extractor.py:400
database_path,extraction_output_field,Article_Finder_v3_2_3,1,1,Article_Finder_v3_2_3/ingest/zotero_connector.py:397
databases_searched,extraction_output_field,Outcome_Contractor,1,2,Outcome_Contractor/article_finder/seven_panel_extractor.py:1466; Outcome_Contractor/article_finder/type_specific_extractor.py:513
dataset_id,extraction_output_field,Tagging_Contractor,1,1,Tagging_Contractor/contracts/localized_image_tags.schema.json:27
dataset_name,extraction_output_field,Tagging_Contractor,1,1,Tagging_Contractor/contracts/localized_image_tags.schema.json:26
date_ranges,extraction_output_field,BN_graphical,1,8,BN_graphical/backups/broken_venvs/bn_venv_20260213_092600/lib/python3.12/site-packages/pandas/tests/io/json/test_json_table_schema.py:687; BN_graphical/backups/broken_venvs/bn_venv_20260213_092600/lib/python3.12/site-packages/pandas/tests/io/json/test_json_table_schema.py:731; BN_graphical/bn_venv/lib/python3.14/site-packages/pandas/tests/io/json/test_json_table_schema.py:693; BN_graphical/bn_venv/lib/python3.14/site-packages/pandas/tests/io/json/test_json_table_schema.py:748
daylight_lux,extraction_output_field,BN_graphical,1,1,BN_graphical/docs/DATABASE_SCHEMA.md:346
de-CH,extraction_output_field,BN_graphical,1,6,BN_graphical/backups/broken_venvs/bn_venv_20260213_092600/lib/python3.12/site-packages/fontTools/ttLib/tables/_n_a_m_e.py:279; BN_graphical/backups/broken_venvs/bn_venv_20260213_092600/lib/python3.12/site-packages/fontTools/ttLib/tables/_n_a_m_e.py:344; BN_graphical/bn_venv_py311/lib/python3.11/site-packages/fontTools/ttLib/tables/_n_a_m_e.py:279; BN_graphical/bn_venv_py311/lib/python3.11/site-packages/fontTools/ttLib/tables/_n_a_m_e.py:344
decay_profile,extraction_output_field,Article_Eater_PostQuinean_v1,1,1,Article_Eater_PostQuinean_v1/archive/docs/handoffs/_ontology_rule_system_summary_a bit ago.md:503
decay_tau,extraction_output_field,Article_Eater_PostQuinean_v1,1,1,Article_Eater_PostQuinean_v1/archive/docs/handoffs/_ontology_rule_system_summary_a bit ago.md:504
decision_threshold,extraction_output_field,BN_graphical,1,1,BN_graphical/contracts/bn.epistemology.v1.schema.json:199
decision_time,extraction_output_field,BN_graphical,1,1,BN_graphical/src/ai_extraction/verification_queue.py:156
declared_bias,extraction_output_field,Article_Eater_PostQuinean_v1,1,1,Article_Eater_PostQuinean_v1/src/epistemic/contracts/claim_v2.py:136
decode_error,extraction_output_field,BN_graphical,1,6,BN_graphical/backups/broken_venvs/bn_venv_20260213_092600/lib/python3.12/site-packages/sklearn/feature_extraction/text.py:1142; BN_graphical/backups/broken_venvs/bn_venv_20260213_092600/lib/python3.12/site-packages/sklearn/feature_extraction/text.py:752; BN_graphical/bn_venv_py311/lib/python3.11/site-packages/sklearn/feature_extraction/text.py:1142; BN_graphical/bn_venv_py311/lib/python3.11/site-packages/sklearn/feature_extraction/text.py:752
decrease_radius_factor,enum_value,BN_graphical,1,1,BN_graphical/bn_venv/lib/python3.14/site-packages/scipy/_lib/cobyqa/settings.py:49
decrease_radius_threshold,enum_value,BN_graphical,1,1,BN_graphical/bn_venv/lib/python3.14/site-packages/scipy/_lib/cobyqa/settings.py:52
decrease_resolution_factor,enum_value,BN_graphical,1,1,BN_graphical/bn_venv/lib/python3.14/site-packages/scipy/_lib/cobyqa/settings.py:53
dedent_workaround,extraction_output_field,BN_graphical,1,1,BN_graphical/bn_venv/lib/python3.14/site-packages/pydantic/_internal/_docs_extraction.py:73
dedupe_applied,extraction_output_field,Article_Eater_PostQuinean_v1,1,1,Article_Eater_PostQuinean_v1/contracts/ae_af/schemas/selection_log.v1.schema.json:130
dedupe_key,extraction_output_field,Article_Eater_PostQuinean_v1,1,2,Article_Eater_PostQuinean_v1/contracts/ae_af/schemas/gallery_selection_config.v1.schema.json:49; Article_Eater_PostQuinean_v1/contracts/ae_af/schemas/selection_log.v1.schema.json:145
deep_dive,enum_value;extraction_output_field,Article_Eater_PostQuinean_v1,1,2,Article_Eater_PostQuinean_v1/contracts/ae_af/schemas/ae.query_response.v1.schema.json:51; Article_Eater_PostQuinean_v1/src/services/query_response.py:59
deep_dive_response,extraction_output_field,Article_Eater_PostQuinean_v1,1,1,Article_Eater_PostQuinean_v1/contracts/ae_af/schemas/ae.query_response.v1.schema.json:238
default_auto_accept,extraction_output_field,BN_graphical,1,1,BN_graphical/src/ai_extraction/field_thresholds.py:408
default_confidence,extraction_output_field,Outcome_Contractor,1,1,Outcome_Contractor/contracts/oc_export/constitutive_bridges.json:7
default_met,database_column,BN_graphical,1,1,BN_graphical/migrations/001_add_mechanisms.sql:50
default_verify,extraction_output_field,BN_graphical,1,1,BN_graphical/src/ai_extraction/field_thresholds.py:409
defeat_info,extraction_output_field,Article_Eater_PostQuinean_v1,1,1,Article_Eater_PostQuinean_v1/contracts/schemas/epistemic_status.v1.schema.json:37
defeat_type,extraction_output_field,Article_Eater_PostQuinean_v1,1,1,Article_Eater_PostQuinean_v1/contracts/schemas/epistemic_status.v1.schema.json:46
deferred_discriminator_schemas,extraction_output_field,BN_graphical,1,1,BN_graphical/bn_venv/lib/python3.14/site-packages/pydantic/_internal/_schema_gather.py:208
deferred_reason,extraction_output_field,Article_Eater_PostQuinean_v1,1,1,Article_Eater_PostQuinean_v1/scripts/run_realtime_table_rule_intake.py:899
defines_construct,enum_value,Article_Eater_PostQuinean_v1,1,1,Article_Eater_PostQuinean_v1/src/epistemic/edge_types.py:80
defining_citations,database_column,Article_Eater_PostQuinean_v1,1,1,Article_Eater_PostQuinean_v1/migrations/003_add_mechanism_hierarchy.sql:23
definition_source,extraction_output_field,Outcome_Contractor,1,2,Outcome_Contractor/article_finder/seven_panel_extractor.py:188; Outcome_Contractor/article_finder/seven_panel_extractor.py:196
definition_usage,enum_value,Article_Eater_PostQuinean_v1,1,1,Article_Eater_PostQuinean_v1/src/epistemic/monitors/cross_type_coherence.py:34
delivery_method,extraction_output_field,Outcome_Contractor,1,1,Outcome_Contractor/docs/PANEL_CONSULTATION_EXTRACTION_TABLES_2026_02_08.md:181
demand_state,extraction_output_field,Tagging_Contractor,1,849,Tagging_Contractor/Archive 2/core/trs-core/v0.2.8/contracts/bn_contract_v0.2.8.json:1002; Tagging_Contractor/Archive 2/core/trs-core/v0.2.8/contracts/bn_contract_v0.2.8.json:1012; Tagging_Contractor/Archive 2/core/trs-core/v0.2.8/contracts/bn_contract_v0.2.8.json:102; Tagging_Contractor/Archive 2/core/trs-core/v0.2.8/contracts/bn_contract_v0.2.8.json:1022
dense_maps,extraction_output_field,Tagging_Contractor,1,1,Tagging_Contractor/contracts/localized_image_tags.schema.json:14
dependent_claims,database_column,Article_Eater_PostQuinean_v1,1,1,Article_Eater_PostQuinean_v1/db/sql/017_theories.sql:97
dependent_variables,extraction_output_field,Outcome_Contractor,1,1,Outcome_Contractor/article_finder/seven_panel_extractor.py:1414
derivation_chain,database_column;extraction_output_field,Article_Eater_PostQuinean_v1,1,4,Article_Eater_PostQuinean_v1/db/sql/017_theories.sql:149; Article_Eater_PostQuinean_v1/ruthless_bundle_2026-02-08/src/services/extraction_to_web.py:1483; Article_Eater_PostQuinean_v1/src/epistemic/contracts/claim_v2.py:129; Article_Eater_PostQuinean_v1/src/services/extraction_to_web.py:1607
derivation_contribution,database_column;extraction_output_field,Article_Eater_PostQuinean_v1,1,3,Article_Eater_PostQuinean_v1/db/sql/017_theories.sql:173; Article_Eater_PostQuinean_v1/ruthless_bundle_2026-02-08/src/services/extraction_to_web.py:1499; Article_Eater_PostQuinean_v1/src/services/extraction_to_web.py:1623
derived_hypotheses,extraction_output_field,Article_Eater_PostQuinean_v1,1,3,Article_Eater_PostQuinean_v1/tests/test_sprint6c_ingestion.py:178; Article_Eater_PostQuinean_v1/tests/test_sprint6c_ingestion.py:210; Article_Eater_PostQuinean_v1/tests/test_sprint6c_ingestion.py:223
derived_hypothesis,enum_value,Article_Eater_PostQuinean_v1,1,1,Article_Eater_PostQuinean_v1/src/epistemic/node_types.py:68
derived_hypothesis_per_theoretical_paper,extraction_output_field,Article_Eater_PostQuinean_v1,1,1,Article_Eater_PostQuinean_v1/config/table_extraction_quality_thresholds.json:22
design_confidence,extraction_output_field,Article_Eater_PostQuinean_v1,1,1,Article_Eater_PostQuinean_v1/src/epistemic/extraction/source_quality_metadata.py:191
design_principles,extraction_output_field,Article_Eater_PostQuinean_v1,1,1,Article_Eater_PostQuinean_v1/contracts/vocab/task_taxonomy.json:344
design_strength,extraction_output_field,Article_Eater_PostQuinean_v1,1,2,Article_Eater_PostQuinean_v1/contracts/ae_af/schemas/claim_gallery.v1.schema.json:73; Article_Eater_PostQuinean_v1/src/services/claim_gallery_builder.py:394
detail_response,extraction_output_field,Article_Eater_PostQuinean_v1,1,1,Article_Eater_PostQuinean_v1/contracts/ae_af/schemas/ae.query_response.v1.schema.json:192
detected_at,database_column,Article_Eater_PostQuinean_v1,1,1,Article_Eater_PostQuinean_v1/db/sql/016_rule_interactions.sql:10
detection_confidence,extraction_output_field,Article_Finder_v3_2_3,1,1,Article_Finder_v3_2_3/ingest/smart_importer.py:63
difference_maker,extraction_output_field,Article_Eater_PostQuinean_v1,1,5,Article_Eater_PostQuinean_v1/contracts/ae_af/schemas/ae.claim.v2.schema.json:179; Article_Eater_PostQuinean_v1/contracts/ae_af/schemas/ae.rule.v2.schema.json:123; Article_Eater_PostQuinean_v1/scripts/convert_findings_to_rules.py:293; Article_Eater_PostQuinean_v1/src/epistemic/contracts/claim_v2.py:142
different_name,extraction_output_field,BN_graphical,1,3,BN_graphical/backups/broken_venvs/bn_venv_20260213_092600/lib/python3.12/site-packages/setuptools/tests/test_editable_install.py:551; BN_graphical/bn_venv_py311/lib/python3.11/site-packages/setuptools/tests/test_editable_install.py:551; BN_graphical/test_venv_310/lib/python3.10/site-packages/setuptools/tests/test_editable_install.py:552
different_name.subpkg,extraction_output_field,BN_graphical,1,3,BN_graphical/backups/broken_venvs/bn_venv_20260213_092600/lib/python3.12/site-packages/setuptools/tests/test_editable_install.py:552; BN_graphical/bn_venv_py311/lib/python3.11/site-packages/setuptools/tests/test_editable_install.py:552; BN_graphical/test_venv_310/lib/python3.10/site-packages/setuptools/tests/test_editable_install.py:553
differing_features,extraction_output_field,Outcome_Contractor,1,1,Outcome_Contractor/article_finder/seven_panel_extractor.py:1409
digit_span,extraction_output_field,Article_Eater_PostQuinean_v1,1,1,Article_Eater_PostQuinean_v1/contracts/vocab/task_taxonomy.json:225
direct_answer,enum_value,Article_Eater_PostQuinean_v1,1,1,Article_Eater_PostQuinean_v1/src/services/query_response.py:40
direct_link,enum_value,Article_Eater_PostQuinean_v1,1,1,Article_Eater_PostQuinean_v1/src/services/discovery_funnel.py:60
direct_replication,extraction_output_field,Article_Eater_PostQuinean_v1,1,1,Article_Eater_PostQuinean_v1/src/epistemic/extraction/argumentative.py:63
direction_conflict,enum_value,Article_Eater_PostQuinean_v1,1,1,Article_Eater_PostQuinean_v1/src/services/edge_justification.py:44
directly_testable,enum_value,Article_Eater_PostQuinean_v1,1,1,Article_Eater_PostQuinean_v1/src/models/theory_models.py:68
disambiguation_applied,extraction_output_field,Article_Eater_PostQuinean_v1,1,2,Article_Eater_PostQuinean_v1/ruthless_bundle_2026-02-08/src/services/extraction_to_web.py:248; Article_Eater_PostQuinean_v1/src/services/extraction_to_web.py:261
disambiguation_prompt,database_column,Article_Eater_PostQuinean_v1,1,1,Article_Eater_PostQuinean_v1/db/sql/016_rule_interactions.sql:8
disconfirms_prediction,enum_value,Article_Eater_PostQuinean_v1,1,1,Article_Eater_PostQuinean_v1/src/epistemic/edge_types.py:74
disconnected_critique,enum_value,Article_Eater_PostQuinean_v1,1,1,Article_Eater_PostQuinean_v1/src/epistemic/monitors/cross_type_coherence.py:45
discovered_from,database_column,Article_Finder_v3_2_3,1,1,Article_Finder_v3_2_3/core/database.py:172
discovered_via,database_column,Article_Finder_v3_2_3,1,1,Article_Finder_v3_2_3/core/database.py:154
discovery_count,database_column,Article_Finder_v3_2_3,1,1,Article_Finder_v3_2_3/core/database.py:173
display_name,extraction_output_field,BN_graphical,1,1,BN_graphical/src/schemas/outcome_taxonomy.py:208
distraction_tolerance,extraction_output_field,Article_Eater_PostQuinean_v1,1,3,Article_Eater_PostQuinean_v1/contracts/vocab/task_taxonomy.json:70; Article_Eater_PostQuinean_v1/contracts/vocab/task_taxonomy.json:77; Article_Eater_PostQuinean_v1/contracts/vocab/task_taxonomy.json:83
diversity_cluster,extraction_output_field,Article_Eater_PostQuinean_v1,1,1,Article_Eater_PostQuinean_v1/contracts/ae_af/schemas/selection_log.v1.schema.json:144
diversity_index,extraction_output_field,Article_Eater_PostQuinean_v1,1,4,Article_Eater_PostQuinean_v1/contracts/schemas/social_epistemology.schema.json:355; Article_Eater_PostQuinean_v1/contracts/schemas/social_epistemology.v1.schema.json:348; Article_Eater_PostQuinean_v1/ruthless_bundle_2026-02-08/contracts/schemas/social_epistemology.schema.json:355; Article_Eater_PostQuinean_v1/ruthless_bundle_2026-02-08/contracts/schemas/social_epistemology.v1.schema.json:348
diversity_outcome,extraction_output_field,Article_Eater_PostQuinean_v1,1,1,Article_Eater_PostQuinean_v1/contracts/ae_af/schemas/selection_log.v1.schema.json:126
diversity_summary,extraction_output_field,Article_Eater_PostQuinean_v1,1,2,Article_Eater_PostQuinean_v1/contracts/ae_af/schemas/selection_log.v1.schema.json:86; Article_Eater_PostQuinean_v1/src/services/claim_gallery_builder.py:1066
does_affect,enum_value,Article_Eater_PostQuinean_v1,1,1,Article_Eater_PostQuinean_v1/src/services/query_parser.py:36
doi_list,enum_value,Outcome_Contractor,1,1,Outcome_Contractor/article_finder/search_retrieve/target_parser.py:23
dois_found,extraction_output_field,Article_Finder_v3_2_3,1,1,Article_Finder_v3_2_3/ingest/smart_importer.py:269
dois_resolved,extraction_output_field,Article_Finder_v3_2_3,1,1,Article_Finder_v3_2_3/ingest/smart_importer.py:270
domain_affective,extraction_output_field,Outcome_Contractor,1,1,Outcome_Contractor/scripts/extract_from_domains.py:146
domain_behavioral,extraction_output_field,Outcome_Contractor,1,1,Outcome_Contractor/scripts/extract_from_domains.py:147
domain_cognitive,extraction_output_field,Outcome_Contractor,1,1,Outcome_Contractor/scripts/extract_from_domains.py:145
domain_health,extraction_output_field,Outcome_Contractor,1,1,Outcome_Contractor/scripts/extract_from_domains.py:151
domain_neural,extraction_output_field,Outcome_Contractor,1,1,Outcome_Contractor/scripts/extract_from_domains.py:150
domain_physiological,extraction_output_field,Outcome_Contractor,1,1,Outcome_Contractor/scripts/extract_from_domains.py:149
domain_social,extraction_output_field,Outcome_Contractor,1,1,Outcome_Contractor/scripts/extract_from_domains.py:148
domain_specific,enum_value,Article_Eater_PostQuinean_v1,1,2,Article_Eater_PostQuinean_v1/src/models/theory_models.py:107; Article_Eater_PostQuinean_v1/src/services/credibility_feedback.py:61
domain_theory,enum_value,Article_Eater_PostQuinean_v1,1,1,Article_Eater_PostQuinean_v1/src/models/theory_models.py:46
domain_track_records,extraction_output_field,Article_Eater_PostQuinean_v1,1,4,Article_Eater_PostQuinean_v1/contracts/schemas/social_epistemology.schema.json:163; Article_Eater_PostQuinean_v1/contracts/schemas/social_epistemology.v1.schema.json:102; Article_Eater_PostQuinean_v1/ruthless_bundle_2026-02-08/contracts/schemas/social_epistemology.schema.json:163; Article_Eater_PostQuinean_v1/ruthless_bundle_2026-02-08/contracts/schemas/social_epistemology.v1.schema.json:102
dominant_culture,extraction_output_field,BN_graphical,1,1,BN_graphical/src/schemas/population_qualifier.py:496
dose_range,extraction_output_field,Outcome_Contractor,1,1,Outcome_Contractor/article_finder/exemplary_extraction_tables.md:2600
dose_response,enum_value,Article_Eater_PostQuinean_v1,1,3,Article_Eater_PostQuinean_v1/quarantine/2026-02-10/epistemic_causal_bridge_features/argument_attack.py:54; Article_Eater_PostQuinean_v1/ruthless_bundle_2026-02-08/src/services/epistemic_causal_bridge.py:91; Article_Eater_PostQuinean_v1/src/services/argument_attack.py:51
download_rate,extraction_output_field,Article_Finder_v3_2_3,1,1,Article_Finder_v3_2_3/ingest/pdf_downloader.py:230
downward_description,extraction_output_field,Outcome_Contractor,1,1,Outcome_Contractor/contracts/oc_export/constitutive_bridges.json:12
downward_existential,extraction_output_field,Outcome_Contractor,1,1,Outcome_Contractor/contracts/oc_export/constitutive_bridges.json:13
downward_inference,extraction_output_field,Outcome_Contractor,1,832,Outcome_Contractor/contracts/oc_export/bn_outcome_nodes.json:1001; Outcome_Contractor/contracts/oc_export/bn_outcome_nodes.json:10018; Outcome_Contractor/contracts/oc_export/bn_outcome_nodes.json:10038; Outcome_Contractor/contracts/oc_export/bn_outcome_nodes.json:10058
downward_valid,extraction_output_field,Outcome_Contractor,1,1,Outcome_Contractor/contracts/oc_export/constitutive_bridges.json:11
dry_run,extraction_output_field,Article_Eater_PostQuinean_v1,1,1,Article_Eater_PostQuinean_v1/scripts/migrate_rules_to_web.py:506
duplicate_detected,enum_value,Outcome_Contractor,1,1,Outcome_Contractor/article_finder/prisma/audit_trail.py:25
duplicate_merged,enum_value,Outcome_Contractor,1,1,Outcome_Contractor/article_finder/prisma/audit_trail.py:26
duration_category,extraction_output_field,Article_Eater_PostQuinean_v1,1,2,Article_Eater_PostQuinean_v1/ruthless_bundle_2026-02-08/src/services/scope_extractor.py:262; Article_Eater_PostQuinean_v1/src/services/scope_extractor.py:262
duration_coded_as_moderator,extraction_output_field,Outcome_Contractor,1,1,Outcome_Contractor/article_finder/exemplary_extraction_tables.md:2604
duration_max,extraction_output_field,Outcome_Contractor,1,1,Outcome_Contractor/article_finder/exemplary_extraction_tables.md:2602
duration_minutes,extraction_output_field,Article_Eater_PostQuinean_v1,1,2,Article_Eater_PostQuinean_v1/ruthless_bundle_2026-02-08/src/services/scope_extractor.py:263; Article_Eater_PostQuinean_v1/src/services/scope_extractor.py:263
duration_ms,database_column,Article_Eater_PostQuinean_v1,1,3,Article_Eater_PostQuinean_v1/db/sql/014_security.sql:31; Article_Eater_PostQuinean_v1/migrations/006_discovery_funnel.sql:146; Article_Eater_PostQuinean_v1/migrations/006_discovery_funnel.sql:93
duration_seconds,database_column,Article_Eater_PostQuinean_v1,1,1,Article_Eater_PostQuinean_v1/db/sql/018_paper_lifecycle.sql:40
duration_typical,extraction_output_field,Outcome_Contractor,1,1,Outcome_Contractor/article_finder/exemplary_extraction_tables.md:2603
dv_measure,extraction_output_field,Outcome_Contractor,1,1,Outcome_Contractor/article_finder/type_specific_extractor.py:74
dv_name,extraction_output_field,Outcome_Contractor,1,1,Outcome_Contractor/article_finder/type_specific_extractor.py:73
dv_operationalization,extraction_output_field,Outcome_Contractor,1,2,Outcome_Contractor/article_finder/seven_panel_extractor.py:132; Outcome_Contractor/article_finder/seven_panel_extractor.py:1380
dv_reliability,extraction_output_field,Outcome_Contractor,1,1,Outcome_Contractor/article_finder/type_specific_extractor.py:75
e1_coherence_belief_maintenance,enum_value,Article_Eater_PostQuinean_v1,1,1,Article_Eater_PostQuinean_v1/src/services/web_of_belief.py:247
e2_social_epistemics,enum_value,Article_Eater_PostQuinean_v1,1,1,Article_Eater_PostQuinean_v1/src/services/web_of_belief.py:248
e3_epistemic_emotions,enum_value,Article_Eater_PostQuinean_v1,1,1,Article_Eater_PostQuinean_v1/src/services/web_of_belief.py:249
e4_reflective_equilibrium,enum_value,Article_Eater_PostQuinean_v1,1,1,Article_Eater_PostQuinean_v1/src/services/web_of_belief.py:250
east_asian,enum_value,BN_graphical,1,1,BN_graphical/src/schemas/population_qualifier.py:50
eastern_european,enum_value,BN_graphical,1,1,BN_graphical/src/schemas/population_qualifier.py:54
ecological_validity,enum_value;extraction_output_field,Article_Eater_PostQuinean_v1,1,2,Article_Eater_PostQuinean_v1/contracts/vocab/task_taxonomy.json:138; Article_Eater_PostQuinean_v1/src/services/evidence_summarizer.py:49
edge_case,enum_value,Article_Eater_PostQuinean_v1,1,1,Article_Eater_PostQuinean_v1/src/theories/theory_agent_council.py:34
edge_confidence_v1,extraction_output_field,BN_graphical,1,1,BN_graphical/contracts/ae_bn_bridge.v1.schema.json:179
edge_confidence_v2,extraction_output_field,BN_graphical,1,1,BN_graphical/contracts/ae_bn_bridge.v1.schema.json:185
edge_justifications,extraction_output_field,BN_graphical,1,1,BN_graphical/contracts/ae_bn_bridge.v1.schema.json:238
edge_resolved,enum_value,Article_Eater_PostQuinean_v1,1,1,Article_Eater_PostQuinean_v1/src/theories/learning_agent.py:29
edge_type,extraction_output_field,Article_Eater_PostQuinean_v1,1,3,Article_Eater_PostQuinean_v1/scripts/run_realtime_table_rule_intake.py:854; Article_Eater_PostQuinean_v1/scripts/run_realtime_table_rule_intake.py:892; Article_Eater_PostQuinean_v1/src/epistemic/contracts/edge_v2.py:51
edge_type_tag_rate,extraction_output_field,Article_Eater_PostQuinean_v1,1,1,Article_Eater_PostQuinean_v1/config/table_extraction_quality_thresholds.json:24
edges_by_type,extraction_output_field,Article_Finder_v3_2_3,1,1,Article_Finder_v3_2_3/knowledge/claim_graph.py:580
education_band,extraction_output_field,Article_Eater_PostQuinean_v1,1,2,Article_Eater_PostQuinean_v1/schemas/panel_subjects.schema.json:155; Article_Eater_PostQuinean_v1/schemas/rule_graph.schema.json:205
effect_ci,extraction_output_field,BN_graphical,1,1,BN_graphical/src/schemas/enhanced_edge.py:215
effect_existence,extraction_output_field,BN_graphical,1,5,BN_graphical/src/schemas/enhanced_edge.py:70; BN_graphical/src/schemas/enhanced_edge.py:77; BN_graphical/src/schemas/enhanced_edge.py:84; BN_graphical/src/schemas/enhanced_edge.py:91
effect_heterogeneity,enum_value,Outcome_Contractor,1,1,Outcome_Contractor/core/argument_taxonomy.py:274
effect_interpretation,extraction_output_field,Outcome_Contractor,1,1,Outcome_Contractor/article_finder/type_specific_extractor.py:527
effect_metric,extraction_output_field,Outcome_Contractor,1,1,Outcome_Contractor/article_finder/type_specific_extractor.py:522
effect_size_ci,extraction_output_field,BN_graphical,1,1,BN_graphical/src/schemas/enhanced_edge.py:560
effect_size_value,database_column,Article_Finder_v3_2_3,1,1,Article_Finder_v3_2_3/core/database.py:210
effect_sizes,extraction_output_field,Outcome_Contractor,1,1,Outcome_Contractor/article_finder/seven_panel_extractor.py:1439
effect_to_cause,enum_value,BN_graphical,1,1,BN_graphical/src/literature_integration/argument_structure.py:59
effect_type,extraction_output_field,Outcome_Contractor,1,8,Outcome_Contractor/article_finder/corpus/bn_extracted_data.json:10; Outcome_Contractor/article_finder/corpus/bn_extracted_data.json:112; Outcome_Contractor/article_finder/corpus/bn_extracted_data.json:129; Outcome_Contractor/article_finder/corpus/bn_extracted_data.json:27
effective_date,extraction_output_field,Outcome_Contractor,1,1,Outcome_Contractor/contracts/core.v1.schema.json:70
effective_demand,extraction_output_field,Article_Eater_PostQuinean_v1,1,2,Article_Eater_PostQuinean_v1/ruthless_bundle_2026-02-08/src/services/extraction_to_web.py:253; Article_Eater_PostQuinean_v1/src/services/extraction_to_web.py:266
eligibility_assessed,enum_value,Outcome_Contractor,1,1,Outcome_Contractor/article_finder/prisma/audit_trail.py:39
embedding_dimension,extraction_output_field,Article_Finder_v3_2_3,1,1,Article_Finder_v3_2_3/knowledge/claim_embeddings.py:473
embedding_model,database_column,Article_Finder_v3_2_3,1,2,Article_Finder_v3_2_3/core/database.py:118; Article_Finder_v3_2_3/core/database.py:266
embodied_cognition,extraction_output_field,Outcome_Contractor,1,1,Outcome_Contractor/article_finder/seven_panel_extractor.py:453
embodied_experience,extraction_output_field,Outcome_Contractor,1,1,Outcome_Contractor/article_finder/type_specific_extractor.py:291
emergence_mechanism,extraction_output_field,Article_Eater_PostQuinean_v1,1,1,Article_Eater_PostQuinean_v1/archive/docs/handoffs/_ontology_rule_system_summary_a bit ago.md:521
emergent_theory,extraction_output_field,Outcome_Contractor,1,1,Outcome_Contractor/article_finder/type_specific_extractor.py:367
emic_perspective,extraction_output_field,Outcome_Contractor,1,1,Outcome_Contractor/article_finder/type_specific_extractor.py:329
empirical_contribution,database_column;extraction_output_field,Article_Eater_PostQuinean_v1,1,3,Article_Eater_PostQuinean_v1/db/sql/017_theories.sql:174; Article_Eater_PostQuinean_v1/ruthless_bundle_2026-02-08/src/services/extraction_to_web.py:1500; Article_Eater_PostQuinean_v1/src/services/extraction_to_web.py:1624
empirical_covariance,enum_value,Article_Eater_PostQuinean_v1,1,1,Article_Eater_PostQuinean_v1/src/services/bridge_warrants.py:72
empirical_finding,enum_value,Article_Eater_PostQuinean_v1,1,1,Article_Eater_PostQuinean_v1/src/epistemic/node_types.py:62
empirical_grounding,enum_value,Article_Eater_PostQuinean_v1,1,1,Article_Eater_PostQuinean_v1/src/services/cross_layer_query.py:30
empirical_v2,enum_value,Article_Eater_PostQuinean_v1,1,1,Article_Eater_PostQuinean_v1/src/epistemic/extraction/paper_classifier.py:32
empty_parameter_set_mark,enum_value,BN_graphical,1,1,BN_graphical/bn_venv/lib/python3.14/site-packages/_pytest/mark/structures.py:39
enabling_conditions_met,extraction_output_field,BN_graphical,1,2,BN_graphical/contracts/bn.api.v2.schema.json:196; BN_graphical/contracts/bn.prediction.v1.schema.json:54
encrypted_key,database_column,Article_Eater_PostQuinean_v1,1,1,Article_Eater_PostQuinean_v1/db/sql/014_security.sql:10
endGlyphID,extraction_output_field,BN_graphical,1,3,BN_graphical/backups/broken_venvs/bn_venv_20260213_092600/lib/python3.12/site-packages/fontTools/ttLib/tables/S_V_G_.py:168; BN_graphical/bn_venv_py311/lib/python3.11/site-packages/fontTools/ttLib/tables/S_V_G_.py:168; BN_graphical/test_venv_310/lib/python3.10/site-packages/fontTools/ttLib/tables/S_V_G_.py:168
end_date,database_column,BN_graphical,1,2,BN_graphical/database/04_experiment_tables.sql:17; BN_graphical/database/schema.sql:559
endorsing_communities,extraction_output_field,Article_Eater_PostQuinean_v1,1,4,Article_Eater_PostQuinean_v1/contracts/schemas/social_epistemology.schema.json:226; Article_Eater_PostQuinean_v1/contracts/schemas/social_epistemology.v1.schema.json:234; Article_Eater_PostQuinean_v1/ruthless_bundle_2026-02-08/contracts/schemas/social_epistemology.schema.json:226; Article_Eater_PostQuinean_v1/ruthless_bundle_2026-02-08/contracts/schemas/social_epistemology.v1.schema.json:234
english_speaking,enum_value,BN_graphical,1,1,BN_graphical/src/schemas/population_qualifier.py:48
entity_id,extraction_output_field,Article_Eater_PostQuinean_v1,1,2,Article_Eater_PostQuinean_v1/ruthless_bundle_2026-02-08/src/services/extraction_to_web.py:234; Article_Eater_PostQuinean_v1/src/services/extraction_to_web.py:247
entity_type,extraction_output_field,Article_Eater_PostQuinean_v1,1,2,Article_Eater_PostQuinean_v1/ruthless_bundle_2026-02-08/src/services/extraction_to_web.py:235; Article_Eater_PostQuinean_v1/src/services/extraction_to_web.py:248
entrenchment_scores,extraction_output_field,Article_Eater_PostQuinean_v1,1,1,Article_Eater_PostQuinean_v1/contracts/ae_af/schemas/ae.query_response.v1.schema.json:247
entry_negotiation,extraction_output_field,Outcome_Contractor,1,1,Outcome_Contractor/article_finder/type_specific_extractor.py:317
entry_type,extraction_output_field,Article_Eater_PostQuinean_v1,1,1,Article_Eater_PostQuinean_v1/src/services/bibtex_ingestion.py:361
env.ae.artworks_prominent,extraction_output_field,Article_Eater_PostQuinean_v1,1,2,Article_Eater_PostQuinean_v1/contracts/vocab/environment_lookup.json:224; Article_Eater_PostQuinean_v1/contracts/vocab/environment_lookup.json:2275
env.ae.clear_circulation_paths,extraction_output_field,Article_Eater_PostQuinean_v1,1,2,Article_Eater_PostQuinean_v1/contracts/vocab/environment_lookup.json:2289; Article_Eater_PostQuinean_v1/contracts/vocab/environment_lookup.json:248
env.ae.clear_sightlines,extraction_output_field,Article_Eater_PostQuinean_v1,1,2,Article_Eater_PostQuinean_v1/contracts/vocab/environment_lookup.json:2303; Article_Eater_PostQuinean_v1/contracts/vocab/environment_lookup.json:268
env.ae.commercial_branding,extraction_output_field,Article_Eater_PostQuinean_v1,1,2,Article_Eater_PostQuinean_v1/contracts/vocab/environment_lookup.json:2310; Article_Eater_PostQuinean_v1/contracts/vocab/environment_lookup.json:276
env.ae.compartmentalized_plan,extraction_output_field,Article_Eater_PostQuinean_v1,1,2,Article_Eater_PostQuinean_v1/contracts/vocab/environment_lookup.json:2317; Article_Eater_PostQuinean_v1/contracts/vocab/environment_lookup.json:286
env.ae.complex_geometry,extraction_output_field,Article_Eater_PostQuinean_v1,1,2,Article_Eater_PostQuinean_v1/contracts/vocab/environment_lookup.json:2324; Article_Eater_PostQuinean_v1/contracts/vocab/environment_lookup.json:295
env.ae.concrete_prominent,extraction_output_field,Article_Eater_PostQuinean_v1,1,2,Article_Eater_PostQuinean_v1/contracts/vocab/environment_lookup.json:2331; Article_Eater_PostQuinean_v1/contracts/vocab/environment_lookup.json:304
env.ae.cool_color_palette,extraction_output_field,Article_Eater_PostQuinean_v1,1,2,Article_Eater_PostQuinean_v1/contracts/vocab/environment_lookup.json:2338; Article_Eater_PostQuinean_v1/contracts/vocab/environment_lookup.json:313
env.ae.crowded_space,extraction_output_field,Article_Eater_PostQuinean_v1,1,2,Article_Eater_PostQuinean_v1/contracts/vocab/environment_lookup.json:2352; Article_Eater_PostQuinean_v1/contracts/vocab/environment_lookup.json:333
env.ae.curvilinear_forms,extraction_output_field,Article_Eater_PostQuinean_v1,1,2,Article_Eater_PostQuinean_v1/contracts/vocab/environment_lookup.json:2359; Article_Eater_PostQuinean_v1/contracts/vocab/environment_lookup.json:342
env.ae.daylighting,extraction_output_field,Article_Eater_PostQuinean_v1,1,2,Article_Eater_PostQuinean_v1/contracts/vocab/environment_lookup.json:2366; Article_Eater_PostQuinean_v1/contracts/vocab/environment_lookup.json:352
env.ae.dynamic_lighting,extraction_output_field,Article_Eater_PostQuinean_v1,1,2,Article_Eater_PostQuinean_v1/contracts/vocab/environment_lookup.json:2373; Article_Eater_PostQuinean_v1/contracts/vocab/environment_lookup.json:361
env.ae.fans_visible,extraction_output_field,Article_Eater_PostQuinean_v1,1,2,Article_Eater_PostQuinean_v1/contracts/vocab/environment_lookup.json:2380; Article_Eater_PostQuinean_v1/contracts/vocab/environment_lookup.json:372
env.ae.fractal-like_pattern,extraction_output_field,Article_Eater_PostQuinean_v1,1,2,Article_Eater_PostQuinean_v1/contracts/vocab/environment_lookup.json:2387; Article_Eater_PostQuinean_v1/contracts/vocab/environment_lookup.json:381
env.ae.glare_present,extraction_output_field,Article_Eater_PostQuinean_v1,1,2,Article_Eater_PostQuinean_v1/contracts/vocab/environment_lookup.json:2394; Article_Eater_PostQuinean_v1/contracts/vocab/environment_lookup.json:391
env.ae.glass_prominent,extraction_output_field,Article_Eater_PostQuinean_v1,1,2,Article_Eater_PostQuinean_v1/contracts/vocab/environment_lookup.json:2401; Article_Eater_PostQuinean_v1/contracts/vocab/environment_lookup.json:400
env.ae.hard_reflective_surfaces,extraction_output_field,Article_Eater_PostQuinean_v1,1,2,Article_Eater_PostQuinean_v1/contracts/vocab/environment_lookup.json:2408; Article_Eater_PostQuinean_v1/contracts/vocab/environment_lookup.json:410
env.ae.hard_seating,extraction_output_field,Article_Eater_PostQuinean_v1,1,2,Article_Eater_PostQuinean_v1/contracts/vocab/environment_lookup.json:2415; Article_Eater_PostQuinean_v1/contracts/vocab/environment_lookup.json:419
env.ae.hazard_indicators,extraction_output_field,Article_Eater_PostQuinean_v1,1,2,Article_Eater_PostQuinean_v1/contracts/vocab/environment_lookup.json:2422; Article_Eater_PostQuinean_v1/contracts/vocab/environment_lookup.json:429
env.ae.high_ceiling,extraction_output_field,Article_Eater_PostQuinean_v1,1,2,Article_Eater_PostQuinean_v1/contracts/vocab/environment_lookup.json:2429; Article_Eater_PostQuinean_v1/contracts/vocab/environment_lookup.json:439
env.ae.high_cleanliness,extraction_output_field,Article_Eater_PostQuinean_v1,1,2,Article_Eater_PostQuinean_v1/contracts/vocab/environment_lookup.json:2443; Article_Eater_PostQuinean_v1/contracts/vocab/environment_lookup.json:455
env.ae.high_clutter,extraction_output_field,Article_Eater_PostQuinean_v1,1,2,Article_Eater_PostQuinean_v1/contracts/vocab/environment_lookup.json:2450; Article_Eater_PostQuinean_v1/contracts/vocab/environment_lookup.json:463
env.ae.high_color_contrast,extraction_output_field,Article_Eater_PostQuinean_v1,1,2,Article_Eater_PostQuinean_v1/contracts/vocab/environment_lookup.json:2457; Article_Eater_PostQuinean_v1/contracts/vocab/environment_lookup.json:472
env.ae.high_color_entropy,extraction_output_field,Article_Eater_PostQuinean_v1,1,2,Article_Eater_PostQuinean_v1/contracts/vocab/environment_lookup.json:2464; Article_Eater_PostQuinean_v1/contracts/vocab/environment_lookup.json:480
env.ae.high_contrast_lighting,extraction_output_field,Article_Eater_PostQuinean_v1,1,2,Article_Eater_PostQuinean_v1/contracts/vocab/environment_lookup.json:2471; Article_Eater_PostQuinean_v1/contracts/vocab/environment_lookup.json:488
env.ae.high_edge_density,extraction_output_field,Article_Eater_PostQuinean_v1,1,2,Article_Eater_PostQuinean_v1/contracts/vocab/environment_lookup.json:2478; Article_Eater_PostQuinean_v1/contracts/vocab/environment_lookup.json:496
env.ae.high_illuminance,extraction_output_field,Article_Eater_PostQuinean_v1,1,2,Article_Eater_PostQuinean_v1/contracts/vocab/environment_lookup.json:2492; Article_Eater_PostQuinean_v1/contracts/vocab/environment_lookup.json:512
env.ae.high_orderliness,extraction_output_field,Article_Eater_PostQuinean_v1,1,2,Article_Eater_PostQuinean_v1/contracts/vocab/environment_lookup.json:2499; Article_Eater_PostQuinean_v1/contracts/vocab/environment_lookup.json:522
env.ae.high_saturation,extraction_output_field,Article_Eater_PostQuinean_v1,1,2,Article_Eater_PostQuinean_v1/contracts/vocab/environment_lookup.json:2506; Article_Eater_PostQuinean_v1/contracts/vocab/environment_lookup.json:532
env.ae.high_seating_density,extraction_output_field,Article_Eater_PostQuinean_v1,1,2,Article_Eater_PostQuinean_v1/contracts/vocab/environment_lookup.json:2513; Article_Eater_PostQuinean_v1/contracts/vocab/environment_lookup.json:540
env.ae.high_spatial_frequency_content,extraction_output_field,Article_Eater_PostQuinean_v1,1,2,Article_Eater_PostQuinean_v1/contracts/vocab/environment_lookup.json:2520; Article_Eater_PostQuinean_v1/contracts/vocab/environment_lookup.json:548
env.ae.high_symmetry,extraction_output_field,Article_Eater_PostQuinean_v1,1,2,Article_Eater_PostQuinean_v1/contracts/vocab/environment_lookup.json:2527; Article_Eater_PostQuinean_v1/contracts/vocab/environment_lookup.json:556
env.ae.high_texture_complexity,extraction_output_field,Article_Eater_PostQuinean_v1,1,2,Article_Eater_PostQuinean_v1/contracts/vocab/environment_lookup.json:2534; Article_Eater_PostQuinean_v1/contracts/vocab/environment_lookup.json:564
env.ae.home-like_decor,extraction_output_field,Article_Eater_PostQuinean_v1,1,2,Article_Eater_PostQuinean_v1/contracts/vocab/environment_lookup.json:2541; Article_Eater_PostQuinean_v1/contracts/vocab/environment_lookup.json:572
env.ae.indoor-outdoor_continuity,extraction_output_field,Article_Eater_PostQuinean_v1,1,2,Article_Eater_PostQuinean_v1/contracts/vocab/environment_lookup.json:2548; Article_Eater_PostQuinean_v1/contracts/vocab/environment_lookup.json:581
env.ae.indoor_plants,extraction_output_field,Article_Eater_PostQuinean_v1,1,2,Article_Eater_PostQuinean_v1/contracts/vocab/environment_lookup.json:2555; Article_Eater_PostQuinean_v1/contracts/vocab/environment_lookup.json:589
env.ae.institutional_decor,extraction_output_field,Article_Eater_PostQuinean_v1,1,2,Article_Eater_PostQuinean_v1/contracts/vocab/environment_lookup.json:2562; Article_Eater_PostQuinean_v1/contracts/vocab/environment_lookup.json:599
env.ae.irregular_pattern,extraction_output_field,Article_Eater_PostQuinean_v1,1,2,Article_Eater_PostQuinean_v1/contracts/vocab/environment_lookup.json:2569; Article_Eater_PostQuinean_v1/contracts/vocab/environment_lookup.json:607
env.ae.large_enclosure_volume,extraction_output_field,Article_Eater_PostQuinean_v1,1,2,Article_Eater_PostQuinean_v1/contracts/vocab/environment_lookup.json:2576; Article_Eater_PostQuinean_v1/contracts/vocab/environment_lookup.json:615
env.ae.large_window_area,extraction_output_field,Article_Eater_PostQuinean_v1,1,2,Article_Eater_PostQuinean_v1/contracts/vocab/environment_lookup.json:2583; Article_Eater_PostQuinean_v1/contracts/vocab/environment_lookup.json:623
env.ae.low_ceiling,extraction_output_field,Article_Eater_PostQuinean_v1,1,2,Article_Eater_PostQuinean_v1/contracts/vocab/environment_lookup.json:2590; Article_Eater_PostQuinean_v1/contracts/vocab/environment_lookup.json:630
env.ae.low_edge_density,extraction_output_field,Article_Eater_PostQuinean_v1,1,2,Article_Eater_PostQuinean_v1/contracts/vocab/environment_lookup.json:2597; Article_Eater_PostQuinean_v1/contracts/vocab/environment_lookup.json:638
env.ae.low_illuminance,extraction_output_field,Article_Eater_PostQuinean_v1,1,2,Article_Eater_PostQuinean_v1/contracts/vocab/environment_lookup.json:2604; Article_Eater_PostQuinean_v1/contracts/vocab/environment_lookup.json:646
env.ae.low_orderliness,extraction_output_field,Article_Eater_PostQuinean_v1,1,2,Article_Eater_PostQuinean_v1/contracts/vocab/environment_lookup.json:2611; Article_Eater_PostQuinean_v1/contracts/vocab/environment_lookup.json:655
env.ae.low_saturation,extraction_output_field,Article_Eater_PostQuinean_v1,1,2,Article_Eater_PostQuinean_v1/contracts/vocab/environment_lookup.json:2618; Article_Eater_PostQuinean_v1/contracts/vocab/environment_lookup.json:664
env.ae.low_spatial_frequency_content,extraction_output_field,Article_Eater_PostQuinean_v1,1,2,Article_Eater_PostQuinean_v1/contracts/vocab/environment_lookup.json:2625; Article_Eater_PostQuinean_v1/contracts/vocab/environment_lookup.json:672
env.ae.low_symmetry,extraction_output_field,Article_Eater_PostQuinean_v1,1,2,Article_Eater_PostQuinean_v1/contracts/vocab/environment_lookup.json:2632; Article_Eater_PostQuinean_v1/contracts/vocab/environment_lookup.json:680
env.ae.low_texture_complexity,extraction_output_field,Article_Eater_PostQuinean_v1,1,2,Article_Eater_PostQuinean_v1/contracts/vocab/environment_lookup.json:2639; Article_Eater_PostQuinean_v1/contracts/vocab/environment_lookup.json:688
env.ae.maze-like_layout,extraction_output_field,Article_Eater_PostQuinean_v1,1,2,Article_Eater_PostQuinean_v1/contracts/vocab/environment_lookup.json:2646; Article_Eater_PostQuinean_v1/contracts/vocab/environment_lookup.json:696
env.ae.metal_prominent,extraction_output_field,Article_Eater_PostQuinean_v1,1,2,Article_Eater_PostQuinean_v1/contracts/vocab/environment_lookup.json:2653; Article_Eater_PostQuinean_v1/contracts/vocab/environment_lookup.json:704
env.ae.minimal_signage,extraction_output_field,Article_Eater_PostQuinean_v1,1,2,Article_Eater_PostQuinean_v1/contracts/vocab/environment_lookup.json:2660; Article_Eater_PostQuinean_v1/contracts/vocab/environment_lookup.json:713
env.ae.narrow_corridor,extraction_output_field,Article_Eater_PostQuinean_v1,1,2,Article_Eater_PostQuinean_v1/contracts/vocab/environment_lookup.json:2674; Article_Eater_PostQuinean_v1/contracts/vocab/environment_lookup.json:731
env.ae.naturalistic_forms,extraction_output_field,Article_Eater_PostQuinean_v1,1,2,Article_Eater_PostQuinean_v1/contracts/vocab/environment_lookup.json:2688; Article_Eater_PostQuinean_v1/contracts/vocab/environment_lookup.json:747
env.ae.nature_imagery,extraction_output_field,Article_Eater_PostQuinean_v1,1,2,Article_Eater_PostQuinean_v1/contracts/vocab/environment_lookup.json:2695; Article_Eater_PostQuinean_v1/contracts/vocab/environment_lookup.json:757
env.ae.occluded_sightlines,extraction_output_field,Article_Eater_PostQuinean_v1,1,2,Article_Eater_PostQuinean_v1/contracts/vocab/environment_lookup.json:2702; Article_Eater_PostQuinean_v1/contracts/vocab/environment_lookup.json:766
env.ae.open_plan,extraction_output_field,Article_Eater_PostQuinean_v1,1,2,Article_Eater_PostQuinean_v1/contracts/vocab/environment_lookup.json:2709; Article_Eater_PostQuinean_v1/contracts/vocab/environment_lookup.json:774
env.ae.open_windows,extraction_output_field,Article_Eater_PostQuinean_v1,1,2,Article_Eater_PostQuinean_v1/contracts/vocab/environment_lookup.json:2716; Article_Eater_PostQuinean_v1/contracts/vocab/environment_lookup.json:782
env.ae.rectilinear_forms,extraction_output_field,Article_Eater_PostQuinean_v1,1,2,Article_Eater_PostQuinean_v1/contracts/vocab/environment_lookup.json:2744; Article_Eater_PostQuinean_v1/contracts/vocab/environment_lookup.json:817
env.ae.religious_symbols,extraction_output_field,Article_Eater_PostQuinean_v1,1,2,Article_Eater_PostQuinean_v1/contracts/vocab/environment_lookup.json:2751; Article_Eater_PostQuinean_v1/contracts/vocab/environment_lookup.json:826
env.ae.repeating_pattern,extraction_output_field,Article_Eater_PostQuinean_v1,1,2,Article_Eater_PostQuinean_v1/contracts/vocab/environment_lookup.json:2758; Article_Eater_PostQuinean_v1/contracts/vocab/environment_lookup.json:836
env.ae.seating_available,extraction_output_field,Article_Eater_PostQuinean_v1,1,2,Article_Eater_PostQuinean_v1/contracts/vocab/environment_lookup.json:2765; Article_Eater_PostQuinean_v1/contracts/vocab/environment_lookup.json:844
env.ae.soft_acoustic_treatments,extraction_output_field,Article_Eater_PostQuinean_v1,1,2,Article_Eater_PostQuinean_v1/contracts/vocab/environment_lookup.json:2772; Article_Eater_PostQuinean_v1/contracts/vocab/environment_lookup.json:852
env.ae.soft_seating,extraction_output_field,Article_Eater_PostQuinean_v1,1,2,Article_Eater_PostQuinean_v1/contracts/vocab/environment_lookup.json:2779; Article_Eater_PostQuinean_v1/contracts/vocab/environment_lookup.json:861
env.ae.sparse_occupancy,extraction_output_field,Article_Eater_PostQuinean_v1,1,2,Article_Eater_PostQuinean_v1/contracts/vocab/environment_lookup.json:2786; Article_Eater_PostQuinean_v1/contracts/vocab/environment_lookup.json:871
env.ae.strong_central_landmark,extraction_output_field,Article_Eater_PostQuinean_v1,1,2,Article_Eater_PostQuinean_v1/contracts/vocab/environment_lookup.json:2800; Article_Eater_PostQuinean_v1/contracts/vocab/environment_lookup.json:890
env.ae.strong_horizontality,extraction_output_field,Article_Eater_PostQuinean_v1,1,2,Article_Eater_PostQuinean_v1/contracts/vocab/environment_lookup.json:2807; Article_Eater_PostQuinean_v1/contracts/vocab/environment_lookup.json:898
env.ae.strong_verticality,extraction_output_field,Article_Eater_PostQuinean_v1,1,2,Article_Eater_PostQuinean_v1/contracts/vocab/environment_lookup.json:2814; Article_Eater_PostQuinean_v1/contracts/vocab/environment_lookup.json:906
env.ae.uniform_lighting,extraction_output_field,Article_Eater_PostQuinean_v1,1,2,Article_Eater_PostQuinean_v1/contracts/vocab/environment_lookup.json:2842; Article_Eater_PostQuinean_v1/contracts/vocab/environment_lookup.json:944
env.ae.view_to_outdoors,extraction_output_field,Article_Eater_PostQuinean_v1,1,2,Article_Eater_PostQuinean_v1/contracts/vocab/environment_lookup.json:2849; Article_Eater_PostQuinean_v1/contracts/vocab/environment_lookup.json:952
env.ae.visible_hvac_vents,extraction_output_field,Article_Eater_PostQuinean_v1,1,2,Article_Eater_PostQuinean_v1/contracts/vocab/environment_lookup.json:2863; Article_Eater_PostQuinean_v1/contracts/vocab/environment_lookup.json:971
env.ae.visible_windows,extraction_output_field,Article_Eater_PostQuinean_v1,1,2,Article_Eater_PostQuinean_v1/contracts/vocab/environment_lookup.json:2870; Article_Eater_PostQuinean_v1/contracts/vocab/environment_lookup.json:979
env.ae.warm_color_palette,extraction_output_field,Article_Eater_PostQuinean_v1,1,2,Article_Eater_PostQuinean_v1/contracts/vocab/environment_lookup.json:2877; Article_Eater_PostQuinean_v1/contracts/vocab/environment_lookup.json:988
env.ae.warm_lighting,extraction_output_field,Article_Eater_PostQuinean_v1,1,2,Article_Eater_PostQuinean_v1/contracts/vocab/environment_lookup.json:2884; Article_Eater_PostQuinean_v1/contracts/vocab/environment_lookup.json:997
env.ae.well_maintained,extraction_output_field,Article_Eater_PostQuinean_v1,1,2,Article_Eater_PostQuinean_v1/contracts/vocab/environment_lookup.json:1006; Article_Eater_PostQuinean_v1/contracts/vocab/environment_lookup.json:2891
env.ae.wood_prominent,extraction_output_field,Article_Eater_PostQuinean_v1,1,2,Article_Eater_PostQuinean_v1/contracts/vocab/environment_lookup.json:1014; Article_Eater_PostQuinean_v1/contracts/vocab/environment_lookup.json:2898
env.ae.work_surfaces_present,extraction_output_field,Article_Eater_PostQuinean_v1,1,2,Article_Eater_PostQuinean_v1/contracts/vocab/environment_lookup.json:1023; Article_Eater_PostQuinean_v1/contracts/vocab/environment_lookup.json:2905
env.v1_001.illuminance_level_task_surface,extraction_output_field,Article_Eater_PostQuinean_v1,1,2,Article_Eater_PostQuinean_v1/contracts/vocab/environment_lookup.json:1041; Article_Eater_PostQuinean_v1/contracts/vocab/environment_lookup.json:2919
env.v1_002.illuminance_level_ambient,extraction_output_field,Article_Eater_PostQuinean_v1,1,2,Article_Eater_PostQuinean_v1/contracts/vocab/environment_lookup.json:1043; Article_Eater_PostQuinean_v1/contracts/vocab/environment_lookup.json:2926
env.v1_003.luminance_distribution,extraction_output_field,Article_Eater_PostQuinean_v1,1,2,Article_Eater_PostQuinean_v1/contracts/vocab/environment_lookup.json:1045; Article_Eater_PostQuinean_v1/contracts/vocab/environment_lookup.json:2933
env.v1_004.contrast_ratio,extraction_output_field,Article_Eater_PostQuinean_v1,1,2,Article_Eater_PostQuinean_v1/contracts/vocab/environment_lookup.json:1047; Article_Eater_PostQuinean_v1/contracts/vocab/environment_lookup.json:2940
env.v1_005.uniformity_ratio,extraction_output_field,Article_Eater_PostQuinean_v1,1,2,Article_Eater_PostQuinean_v1/contracts/vocab/environment_lookup.json:1049; Article_Eater_PostQuinean_v1/contracts/vocab/environment_lookup.json:2947
env.v1_006.daylight_factor,extraction_output_field,Article_Eater_PostQuinean_v1,1,2,Article_Eater_PostQuinean_v1/contracts/vocab/environment_lookup.json:1051; Article_Eater_PostQuinean_v1/contracts/vocab/environment_lookup.json:2954
env.v1_007.daylight_autonomy,extraction_output_field,Article_Eater_PostQuinean_v1,1,2,Article_Eater_PostQuinean_v1/contracts/vocab/environment_lookup.json:1053; Article_Eater_PostQuinean_v1/contracts/vocab/environment_lookup.json:2961
env.v1_008.correlated_color_temperature_cct,extraction_output_field,Article_Eater_PostQuinean_v1,1,2,Article_Eater_PostQuinean_v1/contracts/vocab/environment_lookup.json:1055; Article_Eater_PostQuinean_v1/contracts/vocab/environment_lookup.json:2968
env.v1_009.spectral_power_distribution,extraction_output_field,Article_Eater_PostQuinean_v1,1,2,Article_Eater_PostQuinean_v1/contracts/vocab/environment_lookup.json:1057; Article_Eater_PostQuinean_v1/contracts/vocab/environment_lookup.json:2975
env.v1_010.color_rendering_index_cri,extraction_output_field,Article_Eater_PostQuinean_v1,1,2,Article_Eater_PostQuinean_v1/contracts/vocab/environment_lookup.json:1059; Article_Eater_PostQuinean_v1/contracts/vocab/environment_lookup.json:2982
env.v1_011.melanopic_lux,extraction_output_field,Article_Eater_PostQuinean_v1,1,2,Article_Eater_PostQuinean_v1/contracts/vocab/environment_lookup.json:1061; Article_Eater_PostQuinean_v1/contracts/vocab/environment_lookup.json:2989
env.v1_012.dominant_wavelength,extraction_output_field,Article_Eater_PostQuinean_v1,1,2,Article_Eater_PostQuinean_v1/contracts/vocab/environment_lookup.json:1063; Article_Eater_PostQuinean_v1/contracts/vocab/environment_lookup.json:2996
env.v1_013.flicker_frequency,extraction_output_field,Article_Eater_PostQuinean_v1,1,2,Article_Eater_PostQuinean_v1/contracts/vocab/environment_lookup.json:1065; Article_Eater_PostQuinean_v1/contracts/vocab/environment_lookup.json:3003
env.v1_014.flicker_modulation_depth,extraction_output_field,Article_Eater_PostQuinean_v1,1,2,Article_Eater_PostQuinean_v1/contracts/vocab/environment_lookup.json:1067; Article_Eater_PostQuinean_v1/contracts/vocab/environment_lookup.json:3010
env.v1_015.circadian_timing_of_exposure,extraction_output_field,Article_Eater_PostQuinean_v1,1,2,Article_Eater_PostQuinean_v1/contracts/vocab/environment_lookup.json:1069; Article_Eater_PostQuinean_v1/contracts/vocab/environment_lookup.json:3017
env.v1_016.rate_of_illuminance_change,extraction_output_field,Article_Eater_PostQuinean_v1,1,2,Article_Eater_PostQuinean_v1/contracts/vocab/environment_lookup.json:1071; Article_Eater_PostQuinean_v1/contracts/vocab/environment_lookup.json:3024
env.v1_017.diurnal_variation_pattern,extraction_output_field,Article_Eater_PostQuinean_v1,1,2,Article_Eater_PostQuinean_v1/contracts/vocab/environment_lookup.json:1073; Article_Eater_PostQuinean_v1/contracts/vocab/environment_lookup.json:3031
env.v1_018.direct_indirect_ratio,extraction_output_field,Article_Eater_PostQuinean_v1,1,2,Article_Eater_PostQuinean_v1/contracts/vocab/environment_lookup.json:1075; Article_Eater_PostQuinean_v1/contracts/vocab/environment_lookup.json:3038
env.v1_019.light_directionality,extraction_output_field,Article_Eater_PostQuinean_v1,1,2,Article_Eater_PostQuinean_v1/contracts/vocab/environment_lookup.json:1077; Article_Eater_PostQuinean_v1/contracts/vocab/environment_lookup.json:3045
env.v1_020.unified_glare_rating_ugr,extraction_output_field,Article_Eater_PostQuinean_v1,1,2,Article_Eater_PostQuinean_v1/contracts/vocab/environment_lookup.json:1079; Article_Eater_PostQuinean_v1/contracts/vocab/environment_lookup.json:3052
env.v1_021.shadow_characteristics,extraction_output_field,Article_Eater_PostQuinean_v1,1,2,Article_Eater_PostQuinean_v1/contracts/vocab/environment_lookup.json:1081; Article_Eater_PostQuinean_v1/contracts/vocab/environment_lookup.json:3059
env.v1_022.natural_artificial_ratio,extraction_output_field,Article_Eater_PostQuinean_v1,1,2,Article_Eater_PostQuinean_v1/contracts/vocab/environment_lookup.json:1083; Article_Eater_PostQuinean_v1/contracts/vocab/environment_lookup.json:3066
env.v1_023.point_vs_diffuse_illumination,extraction_output_field,Article_Eater_PostQuinean_v1,1,2,Article_Eater_PostQuinean_v1/contracts/vocab/environment_lookup.json:1085; Article_Eater_PostQuinean_v1/contracts/vocab/environment_lookup.json:3073
env.v1_024.window_sky_type_visible,extraction_output_field,Article_Eater_PostQuinean_v1,1,2,Article_Eater_PostQuinean_v1/contracts/vocab/environment_lookup.json:1087; Article_Eater_PostQuinean_v1/contracts/vocab/environment_lookup.json:3080
env.v1_025.solar_penetration_depth,extraction_output_field,Article_Eater_PostQuinean_v1,1,2,Article_Eater_PostQuinean_v1/contracts/vocab/environment_lookup.json:1089; Article_Eater_PostQuinean_v1/contracts/vocab/environment_lookup.json:3087
env.v1_026.view_to_exterior,extraction_output_field,Article_Eater_PostQuinean_v1,1,2,Article_Eater_PostQuinean_v1/contracts/vocab/environment_lookup.json:1091; Article_Eater_PostQuinean_v1/contracts/vocab/environment_lookup.json:3094
env.v1_090.ceiling_height,extraction_output_field,Article_Eater_PostQuinean_v1,1,2,Article_Eater_PostQuinean_v1/contracts/vocab/environment_lookup.json:1092; Article_Eater_PostQuinean_v1/contracts/vocab/environment_lookup.json:3101
env.v1_091.room_volume,extraction_output_field,Article_Eater_PostQuinean_v1,1,2,Article_Eater_PostQuinean_v1/contracts/vocab/environment_lookup.json:1094; Article_Eater_PostQuinean_v1/contracts/vocab/environment_lookup.json:3108
env.v1_092.floor_area,extraction_output_field,Article_Eater_PostQuinean_v1,1,2,Article_Eater_PostQuinean_v1/contracts/vocab/environment_lookup.json:1096; Article_Eater_PostQuinean_v1/contracts/vocab/environment_lookup.json:3115
env.v1_093.aspect_ratios,extraction_output_field,Article_Eater_PostQuinean_v1,1,2,Article_Eater_PostQuinean_v1/contracts/vocab/environment_lookup.json:1098; Article_Eater_PostQuinean_v1/contracts/vocab/environment_lookup.json:3122
env.v1_094.degree_of_enclosure,extraction_output_field,Article_Eater_PostQuinean_v1,1,2,Article_Eater_PostQuinean_v1/contracts/vocab/environment_lookup.json:1100; Article_Eater_PostQuinean_v1/contracts/vocab/environment_lookup.json:3129
env.v1_095.boundary_definition,extraction_output_field,Article_Eater_PostQuinean_v1,1,2,Article_Eater_PostQuinean_v1/contracts/vocab/environment_lookup.json:1102; Article_Eater_PostQuinean_v1/contracts/vocab/environment_lookup.json:3136
env.v1_096.visual_permeability,extraction_output_field,Article_Eater_PostQuinean_v1,1,2,Article_Eater_PostQuinean_v1/contracts/vocab/environment_lookup.json:1104; Article_Eater_PostQuinean_v1/contracts/vocab/environment_lookup.json:3143
env.v1_097.spatial_layering,extraction_output_field,Article_Eater_PostQuinean_v1,1,2,Article_Eater_PostQuinean_v1/contracts/vocab/environment_lookup.json:1105; Article_Eater_PostQuinean_v1/contracts/vocab/environment_lookup.json:3150
env.v1_098.visual_access_extent,extraction_output_field,Article_Eater_PostQuinean_v1,1,2,Article_Eater_PostQuinean_v1/contracts/vocab/environment_lookup.json:1107; Article_Eater_PostQuinean_v1/contracts/vocab/environment_lookup.json:3157
env.v1_099.prospect_quality,extraction_output_field,Article_Eater_PostQuinean_v1,1,2,Article_Eater_PostQuinean_v1/contracts/vocab/environment_lookup.json:1109; Article_Eater_PostQuinean_v1/contracts/vocab/environment_lookup.json:3164
env.v1_100.refuge_degree,extraction_output_field,Article_Eater_PostQuinean_v1,1,2,Article_Eater_PostQuinean_v1/contracts/vocab/environment_lookup.json:1111; Article_Eater_PostQuinean_v1/contracts/vocab/environment_lookup.json:3171
env.v1_101.prospect_refuge_balance,extraction_output_field,Article_Eater_PostQuinean_v1,1,2,Article_Eater_PostQuinean_v1/contracts/vocab/environment_lookup.json:1113; Article_Eater_PostQuinean_v1/contracts/vocab/environment_lookup.json:3178
env.v1_102.defensible_space,extraction_output_field,Article_Eater_PostQuinean_v1,1,2,Article_Eater_PostQuinean_v1/contracts/vocab/environment_lookup.json:1115; Article_Eater_PostQuinean_v1/contracts/vocab/environment_lookup.json:3185
env.v1_103.plan_complexity,extraction_output_field,Article_Eater_PostQuinean_v1,1,2,Article_Eater_PostQuinean_v1/contracts/vocab/environment_lookup.json:1117; Article_Eater_PostQuinean_v1/contracts/vocab/environment_lookup.json:3192
env.v1_104.spatial_hierarchy,extraction_output_field,Article_Eater_PostQuinean_v1,1,2,Article_Eater_PostQuinean_v1/contracts/vocab/environment_lookup.json:1119; Article_Eater_PostQuinean_v1/contracts/vocab/environment_lookup.json:3199
env.v1_105.wayfinding_affordances,extraction_output_field,Article_Eater_PostQuinean_v1,1,2,Article_Eater_PostQuinean_v1/contracts/vocab/environment_lookup.json:1121; Article_Eater_PostQuinean_v1/contracts/vocab/environment_lookup.json:3206
env.v1_106.mystery,extraction_output_field,Article_Eater_PostQuinean_v1,1,2,Article_Eater_PostQuinean_v1/contracts/vocab/environment_lookup.json:1123; Article_Eater_PostQuinean_v1/contracts/vocab/environment_lookup.json:3213
env.v1_107.coherence,extraction_output_field,Article_Eater_PostQuinean_v1,1,2,Article_Eater_PostQuinean_v1/contracts/vocab/environment_lookup.json:1124; Article_Eater_PostQuinean_v1/contracts/vocab/environment_lookup.json:3220
env.v1_108.legibility,extraction_output_field,Article_Eater_PostQuinean_v1,1,2,Article_Eater_PostQuinean_v1/contracts/vocab/environment_lookup.json:1125; Article_Eater_PostQuinean_v1/contracts/vocab/environment_lookup.json:3227
env.v1_109.angular_vs_curvilinear,extraction_output_field,Article_Eater_PostQuinean_v1,1,2,Article_Eater_PostQuinean_v1/contracts/vocab/environment_lookup.json:1126; Article_Eater_PostQuinean_v1/contracts/vocab/environment_lookup.json:3234
env.v1_110.symmetry,extraction_output_field,Article_Eater_PostQuinean_v1,1,2,Article_Eater_PostQuinean_v1/contracts/vocab/environment_lookup.json:1128; Article_Eater_PostQuinean_v1/contracts/vocab/environment_lookup.json:3241
env.v1_111.proportion,extraction_output_field,Article_Eater_PostQuinean_v1,1,2,Article_Eater_PostQuinean_v1/contracts/vocab/environment_lookup.json:1129; Article_Eater_PostQuinean_v1/contracts/vocab/environment_lookup.json:3248
env.v1_112.fractal_dimension,extraction_output_field,Article_Eater_PostQuinean_v1,1,2,Article_Eater_PostQuinean_v1/contracts/vocab/environment_lookup.json:1131; Article_Eater_PostQuinean_v1/contracts/vocab/environment_lookup.json:3255
env.v1_113.self_similarity_scale_range,extraction_output_field,Article_Eater_PostQuinean_v1,1,2,Article_Eater_PostQuinean_v1/contracts/vocab/environment_lookup.json:1132; Article_Eater_PostQuinean_v1/contracts/vocab/environment_lookup.json:3262
env.v1_114.visual_entropy,extraction_output_field,Article_Eater_PostQuinean_v1,1,2,Article_Eater_PostQuinean_v1/contracts/vocab/environment_lookup.json:1134; Article_Eater_PostQuinean_v1/contracts/vocab/environment_lookup.json:3269
env.v1_115.edge_density,extraction_output_field,Article_Eater_PostQuinean_v1,1,2,Article_Eater_PostQuinean_v1/contracts/vocab/environment_lookup.json:1136; Article_Eater_PostQuinean_v1/contracts/vocab/environment_lookup.json:3276
env.v1_116.color_diversity,extraction_output_field,Article_Eater_PostQuinean_v1,1,2,Article_Eater_PostQuinean_v1/contracts/vocab/environment_lookup.json:1137; Article_Eater_PostQuinean_v1/contracts/vocab/environment_lookup.json:3283
env.v1_117.element_count,extraction_output_field,Article_Eater_PostQuinean_v1,1,2,Article_Eater_PostQuinean_v1/contracts/vocab/environment_lookup.json:1139; Article_Eater_PostQuinean_v1/contracts/vocab/environment_lookup.json:3290
env.v1_118.visual_noise,extraction_output_field,Article_Eater_PostQuinean_v1,1,2,Article_Eater_PostQuinean_v1/contracts/vocab/environment_lookup.json:1141; Article_Eater_PostQuinean_v1/contracts/vocab/environment_lookup.json:3297
env.v1_119.pattern_regularity,extraction_output_field,Article_Eater_PostQuinean_v1,1,2,Article_Eater_PostQuinean_v1/contracts/vocab/environment_lookup.json:1143; Article_Eater_PostQuinean_v1/contracts/vocab/environment_lookup.json:3304
env.v1_120.figure_ground_clarity,extraction_output_field,Article_Eater_PostQuinean_v1,1,2,Article_Eater_PostQuinean_v1/contracts/vocab/environment_lookup.json:1145; Article_Eater_PostQuinean_v1/contracts/vocab/environment_lookup.json:3311
env.v1_121.visual_hierarchy,extraction_output_field,Article_Eater_PostQuinean_v1,1,2,Article_Eater_PostQuinean_v1/contracts/vocab/environment_lookup.json:1147; Article_Eater_PostQuinean_v1/contracts/vocab/environment_lookup.json:3318
env.v1_122.vegetation_density,extraction_output_field,Article_Eater_PostQuinean_v1,1,2,Article_Eater_PostQuinean_v1/contracts/vocab/environment_lookup.json:1149; Article_Eater_PostQuinean_v1/contracts/vocab/environment_lookup.json:3325
env.v1_123.vegetation_diversity,extraction_output_field,Article_Eater_PostQuinean_v1,1,2,Article_Eater_PostQuinean_v1/contracts/vocab/environment_lookup.json:1151; Article_Eater_PostQuinean_v1/contracts/vocab/environment_lookup.json:3332
env.v1_124.water_features,extraction_output_field,Article_Eater_PostQuinean_v1,1,2,Article_Eater_PostQuinean_v1/contracts/vocab/environment_lookup.json:1153; Article_Eater_PostQuinean_v1/contracts/vocab/environment_lookup.json:3339
env.v1_125.sky_visibility,extraction_output_field,Article_Eater_PostQuinean_v1,1,2,Article_Eater_PostQuinean_v1/contracts/vocab/environment_lookup.json:1161; Article_Eater_PostQuinean_v1/contracts/vocab/environment_lookup.json:3346
env.v1_126.natural_landforms,extraction_output_field,Article_Eater_PostQuinean_v1,1,2,Article_Eater_PostQuinean_v1/contracts/vocab/environment_lookup.json:1163; Article_Eater_PostQuinean_v1/contracts/vocab/environment_lookup.json:3353
env.v1_127.view_distance_layers,extraction_output_field,Article_Eater_PostQuinean_v1,1,2,Article_Eater_PostQuinean_v1/contracts/vocab/environment_lookup.json:1165; Article_Eater_PostQuinean_v1/contracts/vocab/environment_lookup.json:3360
env.v1_128.nature_vs_urban_view,extraction_output_field,Article_Eater_PostQuinean_v1,1,2,Article_Eater_PostQuinean_v1/contracts/vocab/environment_lookup.json:1167; Article_Eater_PostQuinean_v1/contracts/vocab/environment_lookup.json:3367
env.v1_129.natural_material_proportion,extraction_output_field,Article_Eater_PostQuinean_v1,1,2,Article_Eater_PostQuinean_v1/contracts/vocab/environment_lookup.json:1169; Article_Eater_PostQuinean_v1/contracts/vocab/environment_lookup.json:3374
env.v1_130.biomimetic_forms,extraction_output_field,Article_Eater_PostQuinean_v1,1,2,Article_Eater_PostQuinean_v1/contracts/vocab/environment_lookup.json:1171; Article_Eater_PostQuinean_v1/contracts/vocab/environment_lookup.json:3381
env.v1_131.natural_light_patterns,extraction_output_field,Article_Eater_PostQuinean_v1,1,2,Article_Eater_PostQuinean_v1/contracts/vocab/environment_lookup.json:1173; Article_Eater_PostQuinean_v1/contracts/vocab/environment_lookup.json:3388
env.v1_132.spatial_density,extraction_output_field,Article_Eater_PostQuinean_v1,1,2,Article_Eater_PostQuinean_v1/contracts/vocab/environment_lookup.json:1175; Article_Eater_PostQuinean_v1/contracts/vocab/environment_lookup.json:3395
env.v1_133.social_density,extraction_output_field,Article_Eater_PostQuinean_v1,1,2,Article_Eater_PostQuinean_v1/contracts/vocab/environment_lookup.json:1177; Article_Eater_PostQuinean_v1/contracts/vocab/environment_lookup.json:3402
env.v1_134.perceived_crowding,extraction_output_field,Article_Eater_PostQuinean_v1,1,2,Article_Eater_PostQuinean_v1/contracts/vocab/environment_lookup.json:1179; Article_Eater_PostQuinean_v1/contracts/vocab/environment_lookup.json:3409
env.v1_135.visual_privacy,extraction_output_field,Article_Eater_PostQuinean_v1,1,2,Article_Eater_PostQuinean_v1/contracts/vocab/environment_lookup.json:1181; Article_Eater_PostQuinean_v1/contracts/vocab/environment_lookup.json:3416
env.v1_136.acoustic_privacy,extraction_output_field,Article_Eater_PostQuinean_v1,1,2,Article_Eater_PostQuinean_v1/contracts/vocab/environment_lookup.json:1183; Article_Eater_PostQuinean_v1/contracts/vocab/environment_lookup.json:3423
env.v1_137.territorial_definition,extraction_output_field,Article_Eater_PostQuinean_v1,1,2,Article_Eater_PostQuinean_v1/contracts/vocab/environment_lookup.json:1185; Article_Eater_PostQuinean_v1/contracts/vocab/environment_lookup.json:3430
env.v1_138.seating_arrangement,extraction_output_field,Article_Eater_PostQuinean_v1,1,2,Article_Eater_PostQuinean_v1/contracts/vocab/environment_lookup.json:1187; Article_Eater_PostQuinean_v1/contracts/vocab/environment_lookup.json:3437
env.v1_139.collaboration_space_ratio,extraction_output_field,Article_Eater_PostQuinean_v1,1,2,Article_Eater_PostQuinean_v1/contracts/vocab/environment_lookup.json:1189; Article_Eater_PostQuinean_v1/contracts/vocab/environment_lookup.json:3444
env.v1_140.temperature_control,extraction_output_field,Article_Eater_PostQuinean_v1,1,2,Article_Eater_PostQuinean_v1/contracts/vocab/environment_lookup.json:1191; Article_Eater_PostQuinean_v1/contracts/vocab/environment_lookup.json:3451
env.v1_141.lighting_control,extraction_output_field,Article_Eater_PostQuinean_v1,1,2,Article_Eater_PostQuinean_v1/contracts/vocab/environment_lookup.json:1193; Article_Eater_PostQuinean_v1/contracts/vocab/environment_lookup.json:3458
env.v1_142.acoustic_control,extraction_output_field,Article_Eater_PostQuinean_v1,1,2,Article_Eater_PostQuinean_v1/contracts/vocab/environment_lookup.json:1195; Article_Eater_PostQuinean_v1/contracts/vocab/environment_lookup.json:3465
env.v1_143.window_operation,extraction_output_field,Article_Eater_PostQuinean_v1,1,2,Article_Eater_PostQuinean_v1/contracts/vocab/environment_lookup.json:1197; Article_Eater_PostQuinean_v1/contracts/vocab/environment_lookup.json:3472
env.v1_144.workspace_personalization,extraction_output_field,Article_Eater_PostQuinean_v1,1,2,Article_Eater_PostQuinean_v1/contracts/vocab/environment_lookup.json:1199; Article_Eater_PostQuinean_v1/contracts/vocab/environment_lookup.json:3479
env.v1_145.perceived_control,extraction_output_field,Article_Eater_PostQuinean_v1,1,2,Article_Eater_PostQuinean_v1/contracts/vocab/environment_lookup.json:1201; Article_Eater_PostQuinean_v1/contracts/vocab/environment_lookup.json:3486
env.v2a_001.color_palette_hue_saturation_lightness_harmony_beyond_cct,extraction_output_field,Article_Eater_PostQuinean_v1,1,2,Article_Eater_PostQuinean_v1/contracts/vocab/environment_lookup.json:1203; Article_Eater_PostQuinean_v1/contracts/vocab/environment_lookup.json:3493
env.v2a_002.warm_vs_cool_white_appearance_cct_and_perceived_coziness_activation_cajochen_et,extraction_output_field,Article_Eater_PostQuinean_v1,1,2,Article_Eater_PostQuinean_v1/contracts/vocab/environment_lookup.json:1205; Article_Eater_PostQuinean_v1/contracts/vocab/environment_lookup.json:3500
env.v2a_003.brightness_level_at_eye_vertical_illuminance_vs_task_plane,extraction_output_field,Article_Eater_PostQuinean_v1,1,2,Article_Eater_PostQuinean_v1/contracts/vocab/environment_lookup.json:1207; Article_Eater_PostQuinean_v1/contracts/vocab/environment_lookup.json:3507
env.v2a_004.brightness_gradients_and_brightness_contrast_ratios,extraction_output_field,Article_Eater_PostQuinean_v1,1,2,Article_Eater_PostQuinean_v1/contracts/vocab/environment_lookup.json:1209; Article_Eater_PostQuinean_v1/contracts/vocab/environment_lookup.json:3514
env.v2a_005.daylight_presence_sky_view_and_view_to_outside_content,extraction_output_field,Article_Eater_PostQuinean_v1,1,2,Article_Eater_PostQuinean_v1/contracts/vocab/environment_lookup.json:1211; Article_Eater_PostQuinean_v1/contracts/vocab/environment_lookup.json:3521
env.v2a_006.glare_source_count,extraction_output_field,Article_Eater_PostQuinean_v1,1,2,Article_Eater_PostQuinean_v1/contracts/vocab/environment_lookup.json:1213; Article_Eater_PostQuinean_v1/contracts/vocab/environment_lookup.json:3528
env.v2a_007.flicker_temporal_modulation_risk_cues_led_drivers,extraction_output_field,Article_Eater_PostQuinean_v1,1,2,Article_Eater_PostQuinean_v1/contracts/vocab/environment_lookup.json:1215; Article_Eater_PostQuinean_v1/contracts/vocab/environment_lookup.json:3535
env.v2a_008.color_rendering_saturation_rendering,extraction_output_field,Article_Eater_PostQuinean_v1,1,2,Article_Eater_PostQuinean_v1/contracts/vocab/environment_lookup.json:1217; Article_Eater_PostQuinean_v1/contracts/vocab/environment_lookup.json:3542
env.v2a_009.shadow_softness_hardness,extraction_output_field,Article_Eater_PostQuinean_v1,1,2,Article_Eater_PostQuinean_v1/contracts/vocab/environment_lookup.json:1219; Article_Eater_PostQuinean_v1/contracts/vocab/environment_lookup.json:3549
env.v2a_010.lighting_control_cues_dimmers_blinds_task_lights,extraction_output_field,Article_Eater_PostQuinean_v1,1,2,Article_Eater_PostQuinean_v1/contracts/vocab/environment_lookup.json:1221; Article_Eater_PostQuinean_v1/contracts/vocab/environment_lookup.json:3556
env.v2a_011.evening_like_ambience_cues_vs_daytime_like_ambience_cues,extraction_output_field,Article_Eater_PostQuinean_v1,1,2,Article_Eater_PostQuinean_v1/contracts/vocab/environment_lookup.json:1223; Article_Eater_PostQuinean_v1/contracts/vocab/environment_lookup.json:3563
env.v2a_012.visual_privacy_via_lighting_backlit_silhouettes_vs_evenly_lit_faces,extraction_output_field,Article_Eater_PostQuinean_v1,1,2,Article_Eater_PostQuinean_v1/contracts/vocab/environment_lookup.json:1225; Article_Eater_PostQuinean_v1/contracts/vocab/environment_lookup.json:3570
env.v2a_013.high_contrast_spotlight_social_exposure_cues,extraction_output_field,Article_Eater_PostQuinean_v1,1,2,Article_Eater_PostQuinean_v1/contracts/vocab/environment_lookup.json:1227; Article_Eater_PostQuinean_v1/contracts/vocab/environment_lookup.json:3577
env.v2a_014.presence_of_natural_light_patterns,extraction_output_field,Article_Eater_PostQuinean_v1,1,2,Article_Eater_PostQuinean_v1/contracts/vocab/environment_lookup.json:1229; Article_Eater_PostQuinean_v1/contracts/vocab/environment_lookup.json:3584
env.v2a_015.lighting_temperature_mismatch,extraction_output_field,Article_Eater_PostQuinean_v1,1,2,Article_Eater_PostQuinean_v1/contracts/vocab/environment_lookup.json:1231; Article_Eater_PostQuinean_v1/contracts/vocab/environment_lookup.json:3591
env.v2a_067.ceiling_height_and_openness_processing_style,extraction_output_field,Article_Eater_PostQuinean_v1,1,2,Article_Eater_PostQuinean_v1/contracts/vocab/environment_lookup.json:1233; Article_Eater_PostQuinean_v1/contracts/vocab/environment_lookup.json:3598
env.v2a_068.room_scale_cues,extraction_output_field,Article_Eater_PostQuinean_v1,1,2,Article_Eater_PostQuinean_v1/contracts/vocab/environment_lookup.json:1235; Article_Eater_PostQuinean_v1/contracts/vocab/environment_lookup.json:3605
env.v2a_069.enclosure_ratio_wall_to_window_balance,extraction_output_field,Article_Eater_PostQuinean_v1,1,2,Article_Eater_PostQuinean_v1/contracts/vocab/environment_lookup.json:1237; Article_Eater_PostQuinean_v1/contracts/vocab/environment_lookup.json:3612
env.v2a_070.prospect_refuge_ability_to_see_without_being_seen,extraction_output_field,Article_Eater_PostQuinean_v1,1,2,Article_Eater_PostQuinean_v1/contracts/vocab/environment_lookup.json:1239; Article_Eater_PostQuinean_v1/contracts/vocab/environment_lookup.json:3619
env.v2a_071.exit_visibility_and_path_to_exit_complexity,extraction_output_field,Article_Eater_PostQuinean_v1,1,2,Article_Eater_PostQuinean_v1/contracts/vocab/environment_lookup.json:1251; Article_Eater_PostQuinean_v1/contracts/vocab/environment_lookup.json:3626
env.v2a_072.blind_corners_vs_transparent_partitions,extraction_output_field,Article_Eater_PostQuinean_v1,1,2,Article_Eater_PostQuinean_v1/contracts/vocab/environment_lookup.json:1253; Article_Eater_PostQuinean_v1/contracts/vocab/environment_lookup.json:3633
env.v2a_073.distance_to_others,extraction_output_field,Article_Eater_PostQuinean_v1,1,2,Article_Eater_PostQuinean_v1/contracts/vocab/environment_lookup.json:1255; Article_Eater_PostQuinean_v1/contracts/vocab/environment_lookup.json:3640
env.v2a_074.wayfinding_legibility_straight_sightlines,extraction_output_field,Article_Eater_PostQuinean_v1,1,2,Article_Eater_PostQuinean_v1/contracts/vocab/environment_lookup.json:1257; Article_Eater_PostQuinean_v1/contracts/vocab/environment_lookup.json:3647
env.v2a_075.spatial_complexity_branching_corridors_vs_simple_loops,extraction_output_field,Article_Eater_PostQuinean_v1,1,2,Article_Eater_PostQuinean_v1/contracts/vocab/environment_lookup.json:1259; Article_Eater_PostQuinean_v1/contracts/vocab/environment_lookup.json:3654
env.v2a_076.perceived_territoriality_defined_zones_vs_ambiguous_shared_space,extraction_output_field,Article_Eater_PostQuinean_v1,1,2,Article_Eater_PostQuinean_v1/contracts/vocab/environment_lookup.json:1261; Article_Eater_PostQuinean_v1/contracts/vocab/environment_lookup.json:3661
env.v2a_077.barrier_permeability_half_walls_vs_full_walls,extraction_output_field,Article_Eater_PostQuinean_v1,1,2,Article_Eater_PostQuinean_v1/contracts/vocab/environment_lookup.json:1263; Article_Eater_PostQuinean_v1/contracts/vocab/environment_lookup.json:3668
env.v2a_078.visual_access_to_outdoors_nature_as_escape_affordance,extraction_output_field,Article_Eater_PostQuinean_v1,1,2,Article_Eater_PostQuinean_v1/contracts/vocab/environment_lookup.json:1265; Article_Eater_PostQuinean_v1/contracts/vocab/environment_lookup.json:3675
env.v2a_079.seating_prospect_facing_entrance_vs_back_to_entrance,extraction_output_field,Article_Eater_PostQuinean_v1,1,2,Article_Eater_PostQuinean_v1/contracts/vocab/environment_lookup.json:1267; Article_Eater_PostQuinean_v1/contracts/vocab/environment_lookup.json:3682
env.v2a_080.verticality_cues,extraction_output_field,Article_Eater_PostQuinean_v1,1,2,Article_Eater_PostQuinean_v1/contracts/vocab/environment_lookup.json:1269; Article_Eater_PostQuinean_v1/contracts/vocab/environment_lookup.json:3689
env.v2a_081.personal_safety_affordances_lighting_in_corners,extraction_output_field,Article_Eater_PostQuinean_v1,1,2,Article_Eater_PostQuinean_v1/contracts/vocab/environment_lookup.json:1271; Article_Eater_PostQuinean_v1/contracts/vocab/environment_lookup.json:3696
env.v2a_082.curvature_prevalence_vs_sharp_angles,extraction_output_field,Article_Eater_PostQuinean_v1,1,2,Article_Eater_PostQuinean_v1/contracts/vocab/environment_lookup.json:1273; Article_Eater_PostQuinean_v1/contracts/vocab/environment_lookup.json:3703
env.v2a_083.symmetry_and_regularity,extraction_output_field,Article_Eater_PostQuinean_v1,1,2,Article_Eater_PostQuinean_v1/contracts/vocab/environment_lookup.json:1275; Article_Eater_PostQuinean_v1/contracts/vocab/environment_lookup.json:3710
env.v2a_084.fractal_self_similar_edge_statistics,extraction_output_field,Article_Eater_PostQuinean_v1,1,2,Article_Eater_PostQuinean_v1/contracts/vocab/environment_lookup.json:1277; Article_Eater_PostQuinean_v1/contracts/vocab/environment_lookup.json:3717
env.v2a_085.clutter_disorder_object_density_occlusion_surface_coverage,extraction_output_field,Article_Eater_PostQuinean_v1,1,2,Article_Eater_PostQuinean_v1/contracts/vocab/environment_lookup.json:1279; Article_Eater_PostQuinean_v1/contracts/vocab/environment_lookup.json:3724
env.v2a_086.cleanliness_maintenance_stains_damage_wear,extraction_output_field,Article_Eater_PostQuinean_v1,1,2,Article_Eater_PostQuinean_v1/contracts/vocab/environment_lookup.json:1281; Article_Eater_PostQuinean_v1/contracts/vocab/environment_lookup.json:3731
env.v2a_087.color_diversity_and_saturation,extraction_output_field,Article_Eater_PostQuinean_v1,1,2,Article_Eater_PostQuinean_v1/contracts/vocab/environment_lookup.json:1283; Article_Eater_PostQuinean_v1/contracts/vocab/environment_lookup.json:3738
env.v2a_088.texture_density,extraction_output_field,Article_Eater_PostQuinean_v1,1,2,Article_Eater_PostQuinean_v1/contracts/vocab/environment_lookup.json:1285; Article_Eater_PostQuinean_v1/contracts/vocab/environment_lookup.json:3745
env.v2a_089.artwork_density_and_semantic_content,extraction_output_field,Article_Eater_PostQuinean_v1,1,2,Article_Eater_PostQuinean_v1/contracts/vocab/environment_lookup.json:1287; Article_Eater_PostQuinean_v1/contracts/vocab/environment_lookup.json:3752
env.v2a_090.naturalness_of_materials,extraction_output_field,Article_Eater_PostQuinean_v1,1,2,Article_Eater_PostQuinean_v1/contracts/vocab/environment_lookup.json:1289; Article_Eater_PostQuinean_v1/contracts/vocab/environment_lookup.json:3759
env.v2a_091.visual_complexity_gradients,extraction_output_field,Article_Eater_PostQuinean_v1,1,2,Article_Eater_PostQuinean_v1/contracts/vocab/environment_lookup.json:1291; Article_Eater_PostQuinean_v1/contracts/vocab/environment_lookup.json:3766
env.v2a_092.signage_density_informational_load,extraction_output_field,Article_Eater_PostQuinean_v1,1,2,Article_Eater_PostQuinean_v1/contracts/vocab/environment_lookup.json:1293; Article_Eater_PostQuinean_v1/contracts/vocab/environment_lookup.json:3773
env.v2a_093.visual_affordances_for_organization,extraction_output_field,Article_Eater_PostQuinean_v1,1,2,Article_Eater_PostQuinean_v1/contracts/vocab/environment_lookup.json:1295; Article_Eater_PostQuinean_v1/contracts/vocab/environment_lookup.json:3780
env.v2a_094.orderliness_of_lines_alignment,extraction_output_field,Article_Eater_PostQuinean_v1,1,2,Article_Eater_PostQuinean_v1/contracts/vocab/environment_lookup.json:1297; Article_Eater_PostQuinean_v1/contracts/vocab/environment_lookup.json:3787
env.v2a_095.perceptual_mystery_cues,extraction_output_field,Article_Eater_PostQuinean_v1,1,2,Article_Eater_PostQuinean_v1/contracts/vocab/environment_lookup.json:1299; Article_Eater_PostQuinean_v1/contracts/vocab/environment_lookup.json:3794
env.v2a_096.visible_vegetation_quantity_proximity_and_distribution,extraction_output_field,Article_Eater_PostQuinean_v1,1,2,Article_Eater_PostQuinean_v1/contracts/vocab/environment_lookup.json:1301; Article_Eater_PostQuinean_v1/contracts/vocab/environment_lookup.json:3801
env.v2a_097.window_view_content_greenery_sky_water_vs_built_up,extraction_output_field,Article_Eater_PostQuinean_v1,1,2,Article_Eater_PostQuinean_v1/contracts/vocab/environment_lookup.json:1303; Article_Eater_PostQuinean_v1/contracts/vocab/environment_lookup.json:3808
env.v2a_098.natural_materials_wood_stone,extraction_output_field,Article_Eater_PostQuinean_v1,1,2,Article_Eater_PostQuinean_v1/contracts/vocab/environment_lookup.json:1305; Article_Eater_PostQuinean_v1/contracts/vocab/environment_lookup.json:3815
env.v2a_099.blue_space,extraction_output_field,Article_Eater_PostQuinean_v1,1,2,Article_Eater_PostQuinean_v1/contracts/vocab/environment_lookup.json:1315; Article_Eater_PostQuinean_v1/contracts/vocab/environment_lookup.json:3822
env.v2a_100.prospect_to_distant_views,extraction_output_field,Article_Eater_PostQuinean_v1,1,2,Article_Eater_PostQuinean_v1/contracts/vocab/environment_lookup.json:1317; Article_Eater_PostQuinean_v1/contracts/vocab/environment_lookup.json:3829
env.v2a_101.natural_ventilation_cues,extraction_output_field,Article_Eater_PostQuinean_v1,1,2,Article_Eater_PostQuinean_v1/contracts/vocab/environment_lookup.json:1319; Article_Eater_PostQuinean_v1/contracts/vocab/environment_lookup.json:3836
env.v2a_102.natural_sound_sources,extraction_output_field,Article_Eater_PostQuinean_v1,1,2,Article_Eater_PostQuinean_v1/contracts/vocab/environment_lookup.json:1321; Article_Eater_PostQuinean_v1/contracts/vocab/environment_lookup.json:3843
env.v2a_103.daylight_nature_coupling,extraction_output_field,Article_Eater_PostQuinean_v1,1,2,Article_Eater_PostQuinean_v1/contracts/vocab/environment_lookup.json:1323; Article_Eater_PostQuinean_v1/contracts/vocab/environment_lookup.json:3850
env.v2a_104.seasonal_cues,extraction_output_field,Article_Eater_PostQuinean_v1,1,2,Article_Eater_PostQuinean_v1/contracts/vocab/environment_lookup.json:1325; Article_Eater_PostQuinean_v1/contracts/vocab/environment_lookup.json:3857
env.v2a_105.animal_presence_cues,extraction_output_field,Article_Eater_PostQuinean_v1,1,2,Article_Eater_PostQuinean_v1/contracts/vocab/environment_lookup.json:1327; Article_Eater_PostQuinean_v1/contracts/vocab/environment_lookup.json:3864
env.v2a_106.sociopetal_seating,extraction_output_field,Article_Eater_PostQuinean_v1,1,2,Article_Eater_PostQuinean_v1/contracts/vocab/environment_lookup.json:1329; Article_Eater_PostQuinean_v1/contracts/vocab/environment_lookup.json:3871
env.v2a_107.density_crowding_proxies_chairs_per_area_people_present_queueing_lines,extraction_output_field,Article_Eater_PostQuinean_v1,1,2,Article_Eater_PostQuinean_v1/contracts/vocab/environment_lookup.json:1331; Article_Eater_PostQuinean_v1/contracts/vocab/environment_lookup.json:3878
env.v2a_108.surveillance_cues_cameras_exposed_workstations_panoramic_visibility,extraction_output_field,Article_Eater_PostQuinean_v1,1,2,Article_Eater_PostQuinean_v1/contracts/vocab/environment_lookup.json:1333; Article_Eater_PostQuinean_v1/contracts/vocab/environment_lookup.json:3885
env.v2a_109.privacy_cues_partitions_doors_curtains,extraction_output_field,Article_Eater_PostQuinean_v1,1,2,Article_Eater_PostQuinean_v1/contracts/vocab/environment_lookup.json:1335; Article_Eater_PostQuinean_v1/contracts/vocab/environment_lookup.json:3892
env.v2a_110.territoriality_markers_name_plates,extraction_output_field,Article_Eater_PostQuinean_v1,1,2,Article_Eater_PostQuinean_v1/contracts/vocab/environment_lookup.json:1337; Article_Eater_PostQuinean_v1/contracts/vocab/environment_lookup.json:3899
env.v2a_111.norm_cues_formal_vs_informal,extraction_output_field,Article_Eater_PostQuinean_v1,1,2,Article_Eater_PostQuinean_v1/contracts/vocab/environment_lookup.json:1339; Article_Eater_PostQuinean_v1/contracts/vocab/environment_lookup.json:3906
env.v2a_112.shared_resource_competition_cues,extraction_output_field,Article_Eater_PostQuinean_v1,1,2,Article_Eater_PostQuinean_v1/contracts/vocab/environment_lookup.json:1341; Article_Eater_PostQuinean_v1/contracts/vocab/environment_lookup.json:3913
env.v2a_113.social_mixing_affordances,extraction_output_field,Article_Eater_PostQuinean_v1,1,2,Article_Eater_PostQuinean_v1/contracts/vocab/environment_lookup.json:1343; Article_Eater_PostQuinean_v1/contracts/vocab/environment_lookup.json:3920
env.v2a_114.conflict_overhearing_risk_cues,extraction_output_field,Article_Eater_PostQuinean_v1,1,2,Article_Eater_PostQuinean_v1/contracts/vocab/environment_lookup.json:1345; Article_Eater_PostQuinean_v1/contracts/vocab/environment_lookup.json:3927
env.v2a_115.waiting_time_cues,extraction_output_field,Article_Eater_PostQuinean_v1,1,2,Article_Eater_PostQuinean_v1/contracts/vocab/environment_lookup.json:1347; Article_Eater_PostQuinean_v1/contracts/vocab/environment_lookup.json:3934
env.v2a_116.user_controls_visible_and_accessible_dimmers_blinds_thermostats,extraction_output_field,Article_Eater_PostQuinean_v1,1,2,Article_Eater_PostQuinean_v1/contracts/vocab/environment_lookup.json:1349; Article_Eater_PostQuinean_v1/contracts/vocab/environment_lookup.json:3941
env.v2a_117.furniture_adjustability_movable_chairs_tables,extraction_output_field,Article_Eater_PostQuinean_v1,1,2,Article_Eater_PostQuinean_v1/contracts/vocab/environment_lookup.json:1351; Article_Eater_PostQuinean_v1/contracts/vocab/environment_lookup.json:3948
env.v2a_118.choice_richness_multiple_zones,extraction_output_field,Article_Eater_PostQuinean_v1,1,2,Article_Eater_PostQuinean_v1/contracts/vocab/environment_lookup.json:1353; Article_Eater_PostQuinean_v1/contracts/vocab/environment_lookup.json:3955
env.v2a_119.personalization_affordances_pinboards,extraction_output_field,Article_Eater_PostQuinean_v1,1,2,Article_Eater_PostQuinean_v1/contracts/vocab/environment_lookup.json:1355; Article_Eater_PostQuinean_v1/contracts/vocab/environment_lookup.json:3962
env.v2a_120.policy_cues_restricting_control,extraction_output_field,Article_Eater_PostQuinean_v1,1,2,Article_Eater_PostQuinean_v1/contracts/vocab/environment_lookup.json:1357; Article_Eater_PostQuinean_v1/contracts/vocab/environment_lookup.json:3969
env.v2a_121.control_over_privacy_doors,extraction_output_field,Article_Eater_PostQuinean_v1,1,2,Article_Eater_PostQuinean_v1/contracts/vocab/environment_lookup.json:1359; Article_Eater_PostQuinean_v1/contracts/vocab/environment_lookup.json:3976
env.v2a_122.control_over_sound_headsets,extraction_output_field,Article_Eater_PostQuinean_v1,1,2,Article_Eater_PostQuinean_v1/contracts/vocab/environment_lookup.json:1361; Article_Eater_PostQuinean_v1/contracts/vocab/environment_lookup.json:3983
env.v2a_123.control_over_thermal_fans,extraction_output_field,Article_Eater_PostQuinean_v1,1,2,Article_Eater_PostQuinean_v1/contracts/vocab/environment_lookup.json:1363; Article_Eater_PostQuinean_v1/contracts/vocab/environment_lookup.json:3990
env.v2a_124.control_over_lighting_task_lamps,extraction_output_field,Article_Eater_PostQuinean_v1,1,2,Article_Eater_PostQuinean_v1/contracts/vocab/environment_lookup.json:1365; Article_Eater_PostQuinean_v1/contracts/vocab/environment_lookup.json:3997
env.v2a_125.information_control_clear_wayfinding_reduces_uncertainty,extraction_output_field,Article_Eater_PostQuinean_v1,1,2,Article_Eater_PostQuinean_v1/contracts/vocab/environment_lookup.json:1367; Article_Eater_PostQuinean_v1/contracts/vocab/environment_lookup.json:4004
environment_candidates,extraction_output_field,Article_Eater_PostQuinean_v1,1,1,Article_Eater_PostQuinean_v1/scripts/run_realtime_table_rule_intake.py:802
environment_canonical_id,extraction_output_field,Article_Eater_PostQuinean_v1,1,1,Article_Eater_PostQuinean_v1/scripts/run_realtime_table_rule_intake.py:804
environment_features,extraction_output_field,Outcome_Contractor,1,1,Outcome_Contractor/article_finder/exemplary_extraction_tables.md:2188
environment_node_id,extraction_output_field,Article_Eater_PostQuinean_v1,1,1,Article_Eater_PostQuinean_v1/scripts/run_realtime_table_rule_intake.py:810
environment_outcome,enum_value,Article_Eater_PostQuinean_v1,1,1,Article_Eater_PostQuinean_v1/src/services/cross_layer_query.py:31
environment_resolution_confidence,extraction_output_field,Article_Eater_PostQuinean_v1,1,1,Article_Eater_PostQuinean_v1/scripts/run_realtime_table_rule_intake.py:806
environment_resolution_match_type,extraction_output_field,Article_Eater_PostQuinean_v1,1,1,Article_Eater_PostQuinean_v1/scripts/run_realtime_table_rule_intake.py:808
environment_variable,extraction_output_field,Article_Eater_PostQuinean_v1,1,2,Article_Eater_PostQuinean_v1/scripts/build_abstract_reduced_tables.py:510; Article_Eater_PostQuinean_v1/scripts/run_realtime_table_rule_intake.py:800
environmental_legibility,bn_node_definition,Article_Eater_PostQuinean_v1,1,1,Article_Eater_PostQuinean_v1/src/epistemic/bn_nodes.py:75
environmental_needs,extraction_output_field,Article_Eater_PostQuinean_v1,1,8,Article_Eater_PostQuinean_v1/contracts/vocab/task_taxonomy.json:119; Article_Eater_PostQuinean_v1/contracts/vocab/task_taxonomy.json:124; Article_Eater_PostQuinean_v1/contracts/vocab/task_taxonomy.json:129; Article_Eater_PostQuinean_v1/contracts/vocab/task_taxonomy.json:17
environmental_psychology,enum_value,Article_Eater_PostQuinean_v1,1,1,Article_Eater_PostQuinean_v1/src/services/web_of_belief.py:227
environmental_sensitivity,extraction_output_field,Article_Eater_PostQuinean_v1,1,3,Article_Eater_PostQuinean_v1/contracts/vocab/task_taxonomy.json:69; Article_Eater_PostQuinean_v1/contracts/vocab/task_taxonomy.json:76; Article_Eater_PostQuinean_v1/contracts/vocab/task_taxonomy.json:82
epistemic_affect,bn_node_definition,Article_Eater_PostQuinean_v1,1,1,Article_Eater_PostQuinean_v1/src/epistemic/bn_nodes.py:108
epistemic_coherence_warrant,enum_value,Article_Eater_PostQuinean_v1,1,1,Article_Eater_PostQuinean_v1/src/services/bridge_warrants.py:75
epistemic_cross_template,enum_value,Article_Eater_PostQuinean_v1,1,1,Article_Eater_PostQuinean_v1/src/services/web_of_belief.py:123
epistemic_derivation,enum_value,Article_Eater_PostQuinean_v1,1,1,Article_Eater_PostQuinean_v1/src/services/web_of_belief.py:122
epistemic_fluency,bn_node_definition,Article_Eater_PostQuinean_v1,1,1,Article_Eater_PostQuinean_v1/src/epistemic/bn_nodes.py:97
epistemic_level,extraction_output_field,Article_Eater_PostQuinean_v1,1,2,Article_Eater_PostQuinean_v1/contracts/ae_af/schemas/ae.extended_outcome_lookup.v1.schema.json:53; Article_Eater_PostQuinean_v1/contracts/schemas/integration.edge_justification.v1.schema.json:42
epistemic_mediation,enum_value,Article_Eater_PostQuinean_v1,1,1,Article_Eater_PostQuinean_v1/src/services/web_of_belief.py:124
epistemic_score,extraction_output_field,Article_Eater_PostQuinean_v1,1,1,Article_Eater_PostQuinean_v1/src/epistemic/extraction/pathway_classifier.py:151
epistemic_status,extraction_output_field,BN_graphical,1,1,BN_graphical/src/schemas/enhanced_edge.py:564
epistemic_vigilance_warrant,enum_value,Article_Eater_PostQuinean_v1,1,1,Article_Eater_PostQuinean_v1/src/services/bridge_warrants.py:77
equilibrium_config,extraction_output_field,Article_Eater_PostQuinean_v1,1,1,Article_Eater_PostQuinean_v1/contracts/ae_af/schemas/ae.web_state.v1.schema.json:192
equilibrium_id,database_column,BN_graphical,1,1,BN_graphical/migrations/003_add_epistemology.sql:115
equilibrium_log,extraction_output_field,Article_Eater_PostQuinean_v1,1,1,Article_Eater_PostQuinean_v1/contracts/ae_af/schemas/ae.coherence_summary.v1.schema.json:108
equilibrium_type,extraction_output_field,BN_graphical,1,1,BN_graphical/contracts/bn.epistemology.v1.schema.json:154
error_details,extraction_output_field,Article_Finder_v3_2_3,1,2,Article_Finder_v3_2_3/ingest/import_from_zotero.py:121; Article_Finder_v3_2_3/ingest/prepare_for_ae.py:95
error_type,extraction_output_field,Article_Eater_PostQuinean_v1,1,2,Article_Eater_PostQuinean_v1/contracts/ae_af/schemas/ae.coherence_summary.v1.schema.json:48; Article_Eater_PostQuinean_v1/contracts/ae_af/schemas/ae.web_state.v1.schema.json:40
essence_statement,extraction_output_field,Outcome_Contractor,1,1,Outcome_Contractor/article_finder/type_specific_extractor.py:289
established_rule,enum_value,BN_graphical,1,1,BN_graphical/src/literature_integration/argument_structure.py:77
ethnographic_study,enum_value,Outcome_Contractor,1,2,Outcome_Contractor/article_finder/article_type_classifier.py:26; Outcome_Contractor/contracts/article_extraction_contracts.py:35
etic_analysis,extraction_output_field,Outcome_Contractor,1,1,Outcome_Contractor/article_finder/type_specific_extractor.py:330
evaluative_response,enum_value,Article_Eater_PostQuinean_v1,1,1,Article_Eater_PostQuinean_v1/src/methods/task_ecology.py:60
event_id,database_column;extraction_output_field,Article_Eater_PostQuinean_v1,1,7,Article_Eater_PostQuinean_v1/contracts/schemas/social_epistemology.schema.json:53; Article_Eater_PostQuinean_v1/contracts/schemas/social_epistemology.v1.schema.json:53; Article_Eater_PostQuinean_v1/db/sql/014_security.sql:25; Article_Eater_PostQuinean_v1/migrations/005_add_entrenchment_tracker.sql:45
event_ts,extraction_output_field,Article_Eater_PostQuinean_v1,1,1,Article_Eater_PostQuinean_v1/scripts/run_realtime_table_rule_intake.py:827
event_type,database_column;extraction_output_field,Article_Eater_PostQuinean_v1,1,6,Article_Eater_PostQuinean_v1/contracts/ae_af/schemas/image_feedback.v1.schema.json:61; Article_Eater_PostQuinean_v1/contracts/schemas/social_epistemology.schema.json:62; Article_Eater_PostQuinean_v1/contracts/schemas/social_epistemology.v1.schema.json:61; Article_Eater_PostQuinean_v1/migrations/005_add_entrenchment_tracker.sql:52
evidence_basis,extraction_output_field,Article_Eater_PostQuinean_v1,1,3,Article_Eater_PostQuinean_v1/scripts/run_realtime_table_rule_intake.py:866; Article_Eater_PostQuinean_v1/src/epistemic/contracts/claim_v2.py:134; Article_Eater_PostQuinean_v1/src/epistemic/contracts/edge_v2.py:56
evidence_cited,extraction_output_field,Outcome_Contractor,1,2,Outcome_Contractor/article_finder/type_specific_extractor.py:666; Outcome_Contractor/article_finder/type_specific_extractor.py:692
evidence_count,database_column,Article_Eater_PostQuinean_v1,1,1,Article_Eater_PostQuinean_v1/db/sql/015_complete_schema.sql:91
evidence_description,extraction_output_field,BN_graphical,1,4,BN_graphical/src/ai_extraction/mechanism_classifier.py:140; BN_graphical/src/ai_extraction/mechanism_classifier.py:176; BN_graphical/src/ai_extraction/mechanism_classifier.py:203; BN_graphical/src/ai_extraction/mechanism_classifier.py:293
evidence_direction,extraction_output_field,Article_Eater_PostQuinean_v1,1,2,Article_Eater_PostQuinean_v1/tests/test_sprint6c_ingestion.py:276; Article_Eater_PostQuinean_v1/tests/test_sprint6c_ingestion.py:277
evidence_doi,database_column,Tagging_Contractor,1,4,Tagging_Contractor/Archive 2/backend/app/db/database.py:140; Tagging_Contractor/Archive 2/backend/app/db/schema.sql:17; Tagging_Contractor/backend/app/db/database.py:140; Tagging_Contractor/backend/app/db/schema.sql:17
evidence_experimental,enum_value,BN_graphical,1,1,BN_graphical/src/literature_integration/proposition_queries.py:44
evidence_for_boundary,database_column,Article_Eater_PostQuinean_v1,1,1,Article_Eater_PostQuinean_v1/db/sql/017_theories.sql:112
evidence_id,extraction_output_field,Article_Eater_PostQuinean_v1,1,1,Article_Eater_PostQuinean_v1/contracts/schemas/epistemic_status.v1.schema.json:82
evidence_ids,extraction_output_field,Article_Eater_PostQuinean_v1,1,4,Article_Eater_PostQuinean_v1/contracts/ae_af/schemas/ae.web_state.v1.schema.json:172; Article_Eater_PostQuinean_v1/schemas/rule_graph.schema.json:58; Article_Eater_PostQuinean_v1/schemas/set_of_support.schema.json:23; Article_Eater_PostQuinean_v1/src/services/rulegraph_v2_builder.py:68
evidence_level,extraction_output_field,Article_Eater_PostQuinean_v1,1,7,Article_Eater_PostQuinean_v1/scripts/build_abstract_reduced_tables.py:515; Article_Eater_PostQuinean_v1/scripts/build_table_gold_pack.py:196; Article_Eater_PostQuinean_v1/scripts/convert_findings_to_rules.py:297; Article_Eater_PostQuinean_v1/scripts/run_realtime_table_rule_intake.py:816
evidence_list,enum_value,Article_Eater_PostQuinean_v1,1,1,Article_Eater_PostQuinean_v1/src/services/query_response.py:44
evidence_snippet,extraction_output_field,Article_Eater_PostQuinean_v1,1,2,Article_Eater_PostQuinean_v1/schemas/panel_heterogeneity.schema.json:21; Article_Eater_PostQuinean_v1/schemas/panel_mechanisms.schema.json:15
evidence_spans,database_column,Article_Finder_v3_2_3,1,1,Article_Finder_v3_2_3/core/database.py:216
evidence_summary,enum_value,Article_Eater_PostQuinean_v1,1,2,Article_Eater_PostQuinean_v1/src/services/export_audit.py:40; Article_Eater_PostQuinean_v1/src/services/report_generator.py:44
evidence_type_summary,extraction_output_field,BN_graphical,1,1,BN_graphical/src/schemas/enhanced_edge.py:573
evidence_updated,enum_value,Article_Eater_PostQuinean_v1,1,1,Article_Eater_PostQuinean_v1/src/services/bridge_warrants.py:94
evidence_verification,enum_value,Article_Eater_PostQuinean_v1,1,1,Article_Eater_PostQuinean_v1/src/services/export_checklists.py:28
evidence_weight,extraction_output_field,BN_graphical,1,1,BN_graphical/src/schemas/enhanced_edge.py:572
evolution_of_field,extraction_output_field,Outcome_Contractor,1,1,Outcome_Contractor/article_finder/type_specific_extractor.py:614
exact_match,enum_value,BN_graphical,1,1,BN_graphical/src/bn_integration/claim_mapper.py:34
example_images,extraction_output_field,Outcome_Contractor,1,2,Outcome_Contractor/docs/PANEL_CONSULTATION_EXTRACTION_TABLES_2026_02_08.md:168; Outcome_Contractor/docs/PANEL_CONSULTATION_EXTRACTION_TABLES_2026_02_08.md:178
example_studies,extraction_output_field,Outcome_Contractor,1,3,Outcome_Contractor/article_finder/exemplary_extraction_tables.md:2578; Outcome_Contractor/article_finder/exemplary_extraction_tables.md:2584; Outcome_Contractor/article_finder/exemplary_extraction_tables.md:2590
examples_used,extraction_output_field,Outcome_Contractor,1,1,Outcome_Contractor/article_finder/type_specific_extractor.py:693
excluded_because,extraction_output_field,Article_Eater_PostQuinean_v1,1,2,Article_Eater_PostQuinean_v1/contracts/ae_af/schemas/selection_log.v1.schema.json:161; Article_Eater_PostQuinean_v1/src/services/claim_gallery_builder.py:525
excluded_top,extraction_output_field,Article_Eater_PostQuinean_v1,1,2,Article_Eater_PostQuinean_v1/contracts/ae_af/schemas/selection_log.v1.schema.json:121; Article_Eater_PostQuinean_v1/src/services/claim_gallery_builder.py:549
exclusion_criteria,extraction_output_field,Outcome_Contractor,1,2,Outcome_Contractor/article_finder/type_specific_extractor.py:518; Outcome_Contractor/article_finder/type_specific_extractor.py:571
exclusion_entry,extraction_output_field,Article_Eater_PostQuinean_v1,1,1,Article_Eater_PostQuinean_v1/contracts/ae_af/schemas/selection_log.v1.schema.json:155
exclusion_reason,database_column,BN_graphical,1,6,BN_graphical/database/02_rating_tables.sql:53; BN_graphical/database/02_rating_tables.sql:99; BN_graphical/database/04_experiment_tables.sql:129; BN_graphical/database/schema.sql:205
executable_query,extraction_output_field,Article_Eater_PostQuinean_v1,1,4,Article_Eater_PostQuinean_v1/contracts/ae_af/schemas/ae.query_response.v1.schema.json:325; Article_Eater_PostQuinean_v1/docs/MVP_CONTRACTS.md:220; Article_Eater_PostQuinean_v1/docs/MVP_CONTRACTS.md:225; Article_Eater_PostQuinean_v1/docs/MVP_CONTRACTS.md:230
executed_at,database_column,Article_Eater_PostQuinean_v1,1,1,Article_Eater_PostQuinean_v1/migrations/006_discovery_funnel.sql:92
execution_id,extraction_output_field,Tagging_Contractor,1,1,Tagging_Contractor/contracts/localized_image_tags.schema.json:161
execution_time,extraction_output_field,Tagging_Contractor,1,1,Tagging_Contractor/contracts/localized_image_tags.schema.json:162
exemplar_papers,database_column,Article_Finder_v3_2_3,1,1,Article_Finder_v3_2_3/core/database.py:119
existing_theories,extraction_output_field,Outcome_Contractor,1,1,Outcome_Contractor/article_finder/type_specific_extractor.py:646
expected_fill,extraction_output_field,Article_Eater_PostQuinean_v1,1,2,Article_Eater_PostQuinean_v1/contracts/ae_af/schemas/ae.gap_report.v1.schema.json:223; Article_Eater_PostQuinean_v1/docs/MVP_CONTRACTS.md:307
expected_generalization,extraction_output_field,BN_graphical,1,1,BN_graphical/src/schemas/mechanism_specification.py:330
experiential_claims,extraction_output_field,Article_Eater_PostQuinean_v1,1,1,Article_Eater_PostQuinean_v1/contracts/schemas/provenance.v1.schema.json:26
experiment_id,extraction_output_field,BN_graphical,1,1,BN_graphical/docs/DATABASE_SCHEMA.md:2028
experimental_design,enum_value,Article_Eater_PostQuinean_v1,1,1,Article_Eater_PostQuinean_v1/src/methods/registry.py:30
experimenter_regress,extraction_output_field,Article_Eater_PostQuinean_v1,1,4,Article_Eater_PostQuinean_v1/contracts/schemas/social_epistemology.schema.json:314; Article_Eater_PostQuinean_v1/contracts/schemas/social_epistemology.v1.schema.json:312; Article_Eater_PostQuinean_v1/ruthless_bundle_2026-02-08/contracts/schemas/social_epistemology.schema.json:314; Article_Eater_PostQuinean_v1/ruthless_bundle_2026-02-08/contracts/schemas/social_epistemology.v1.schema.json:312
expert_synthesis,enum_value,Article_Eater_PostQuinean_v1,1,1,Article_Eater_PostQuinean_v1/src/epistemic/node_types.py:73
expertise_domain,extraction_output_field,Article_Eater_PostQuinean_v1,1,1,Article_Eater_PostQuinean_v1/tests/test_sprint6c_ingestion.py:295
expires_at,database_column,Tagging_Contractor,1,4,Tagging_Contractor/Archive 2/backend/app/db/database.py:191; Tagging_Contractor/Archive 2/backend/app/db/schema.sql:92; Tagging_Contractor/backend/app/db/database.py:191; Tagging_Contractor/backend/app/db/schema.sql:92
explain_mechanism,enum_value,BN_graphical,1,1,BN_graphical/src/literature_integration/proposition_queries.py:33
explain_process,enum_value,BN_graphical,1,1,BN_graphical/src/literature_integration/proposition_queries.py:34
explanatory_cues,extraction_output_field,Article_Eater_PostQuinean_v1,1,2,Article_Eater_PostQuinean_v1/contracts/ae_af/schemas/claim_gallery.v1.schema.json:189; Article_Eater_PostQuinean_v1/src/services/claim_gallery_builder.py:148
explicit_evaluation,enum_value,Article_Eater_PostQuinean_v1,1,1,Article_Eater_PostQuinean_v1/src/methods/task_ecology.py:34
explicit_fields,extraction_output_field,Article_Eater_PostQuinean_v1,1,2,Article_Eater_PostQuinean_v1/ruthless_bundle_2026-02-08/src/services/scope_extractor.py:270; Article_Eater_PostQuinean_v1/src/services/scope_extractor.py:270
explicit_statement,enum_value,Article_Eater_PostQuinean_v1,1,1,Article_Eater_PostQuinean_v1/src/epistemic/contracts/edge_v2.py:17
exported_to_ae,database_column,BN_graphical,1,1,BN_graphical/migrations/002_add_coherence.sql:107
exposure_construct,extraction_output_field,Outcome_Contractor,1,2,Outcome_Contractor/article_finder/exemplary_extraction_tables.md:2179; Outcome_Contractor/article_finder/exemplary_extraction_tables.md:2572
exposure_dose,extraction_output_field,Outcome_Contractor,1,1,Outcome_Contractor/article_finder/exemplary_extraction_tables.md:2199
exposure_measurement,extraction_output_field,Outcome_Contractor,1,1,Outcome_Contractor/article_finder/exemplary_extraction_tables.md:2182
exposure_operationalization,extraction_output_field,Outcome_Contractor,1,1,Outcome_Contractor/article_finder/exemplary_extraction_tables.md:2180
exposure_synthesis,extraction_output_field,Outcome_Contractor,1,1,Outcome_Contractor/article_finder/exemplary_extraction_tables.md:2571
exposure_threshold,extraction_output_field,Article_Eater_PostQuinean_v1,1,1,Article_Eater_PostQuinean_v1/archive/docs/handoffs/_ontology_rule_system_summary_a bit ago.md:500
exposure_timing,extraction_output_field,Outcome_Contractor,1,1,Outcome_Contractor/article_finder/exemplary_extraction_tables.md:2181
exposure_type,extraction_output_field,Outcome_Contractor,1,1,Outcome_Contractor/article_finder/exemplary_extraction_tables.md:2178
exposure_types_included,extraction_output_field,Outcome_Contractor,1,1,Outcome_Contractor/article_finder/exemplary_extraction_tables.md:2573
ext_modules,extraction_output_field,BN_graphical,1,3,BN_graphical/backups/broken_venvs/bn_venv_20260213_092600/lib/python3.12/site-packages/setuptools/tests/test_editable_install.py:1174; BN_graphical/bn_venv_py311/lib/python3.11/site-packages/setuptools/tests/test_editable_install.py:1174; BN_graphical/test_venv_310/lib/python3.10/site-packages/setuptools/tests/test_editable_install.py:1200
extend_existing,extraction_output_field,BN_graphical,1,4,BN_graphical/backups/broken_venvs/bn_venv_20260213_092600/lib/python3.12/site-packages/sqlalchemy/sql/schema.py:5721; BN_graphical/bn_venv/lib/python3.14/site-packages/sqlalchemy/sql/schema.py:5820; BN_graphical/bn_venv_py311/lib/python3.11/site-packages/sqlalchemy/sql/schema.py:5721; BN_graphical/test_venv_310/lib/python3.10/site-packages/sqlalchemy/sql/schema.py:5721
extension_context,enum_value,Outcome_Contractor,1,1,Outcome_Contractor/core/argument_taxonomy.py:93
extension_measurement,enum_value,Outcome_Contractor,1,1,Outcome_Contractor/core/argument_taxonomy.py:96
extension_population,enum_value,Outcome_Contractor,1,1,Outcome_Contractor/core/argument_taxonomy.py:90
externally_paced,extraction_output_field,Article_Eater_PostQuinean_v1,1,1,Article_Eater_PostQuinean_v1/contracts/vocab/task_taxonomy.json:98
extractability_class,extraction_output_field,Tagging_Contractor,1,1,Tagging_Contractor/tools/tag_extractability_matrix.py:177
extracted_by,database_column,Article_Eater_PostQuinean_v1,1,1,Article_Eater_PostQuinean_v1/db/sql/017_theories.sql:65
extracted_from,extraction_output_field,Article_Eater_PostQuinean_v1,1,1,Article_Eater_PostQuinean_v1/contracts/schemas/provenance.v1.schema.json:73
extraction_difficulty,extraction_output_field,Article_Eater_PostQuinean_v1,1,3,Article_Eater_PostQuinean_v1/contracts/ae_af/schemas/ae.claim.v2.schema.json:183; Article_Eater_PostQuinean_v1/scripts/run_realtime_table_rule_intake.py:826; Article_Eater_PostQuinean_v1/src/epistemic/contracts/claim_v2.py:143
extraction_error,enum_value,Article_Eater_PostQuinean_v1,1,1,Article_Eater_PostQuinean_v1/src/services/credibility_feedback.py:47
extraction_metadata,extraction_output_field,Article_Eater_PostQuinean_v1,1,1,Article_Eater_PostQuinean_v1/contracts/schemas/provenance.v1.schema.json:69
extraction_notes_2d,extraction_output_field,Tagging_Contractor,1,1,Tagging_Contractor/tools/generate_extraction_notes_expansion_batch.py:198
extraction_notes_3d,extraction_output_field,Tagging_Contractor,1,1,Tagging_Contractor/tools/generate_extraction_notes_expansion_batch.py:199
extraction_source,database_column;extraction_output_field,Article_Eater_PostQuinean_v1,1,4,Article_Eater_PostQuinean_v1/db/sql/017_theories.sql:184; Article_Eater_PostQuinean_v1/db/sql/017_theories.sql:64; Article_Eater_PostQuinean_v1/ruthless_bundle_2026-02-08/src/services/extraction_to_web.py:1506; Article_Eater_PostQuinean_v1/src/services/extraction_to_web.py:1631
extraction_succeeded,extraction_output_field,Article_Eater_PostQuinean_v1,1,1,Article_Eater_PostQuinean_v1/contracts/ae_af/schemas/ae.coherence_summary.v1.schema.json:31
extraction_time_s,extraction_output_field,Article_Eater_PostQuinean_v1,1,1,Article_Eater_PostQuinean_v1/src/services/table_to_claims.py:79
f2py_version,extraction_output_field,BN_graphical,1,4,BN_graphical/backups/broken_venvs/bn_venv_20260213_092600/lib/python3.12/site-packages/numpy/f2py/rules.py:1249; BN_graphical/bn_venv/lib/python3.14/site-packages/numpy/f2py/rules.py:1309; BN_graphical/bn_venv_py311/lib/python3.11/site-packages/numpy/f2py/rules.py:1252; BN_graphical/test_venv_310/lib/python3.10/site-packages/numpy/f2py/rules.py:1252
face_validity,extraction_output_field,Article_Eater_PostQuinean_v1,1,1,Article_Eater_PostQuinean_v1/contracts/schemas/experiential_claim.v1.schema.json:112
facet_balance,extraction_output_field,Article_Eater_PostQuinean_v1,1,1,Article_Eater_PostQuinean_v1/contracts/ae_af/schemas/gallery_selection_config.v1.schema.json:66
facet_distribution,extraction_output_field,Article_Eater_PostQuinean_v1,1,1,Article_Eater_PostQuinean_v1/contracts/ae_af/schemas/selection_log.v1.schema.json:94
facet_id,database_column,Article_Finder_v3_2_3,1,2,Article_Finder_v3_2_3/core/database.py:100; Article_Finder_v3_2_3/core/database.py:92
facet_name,extraction_output_field,Article_Eater_PostQuinean_v1,1,1,Article_Eater_PostQuinean_v1/contracts/ae_af/schemas/gallery_selection_config.v1.schema.json:77
facet_skew,extraction_output_field,Article_Eater_PostQuinean_v1,1,1,Article_Eater_PostQuinean_v1/contracts/ae_af/schemas/selection_log.v1.schema.json:131
factor_nodes,extraction_output_field,Article_Eater_PostQuinean_v1,1,1,Article_Eater_PostQuinean_v1/schemas/rule_graph.schema.json:325
factor_outcome,enum_value,Article_Finder_v3_2_3,1,1,Article_Finder_v3_2_3/search/bibliographer.py:47
fail_safe_n,extraction_output_field,Outcome_Contractor,1,1,Outcome_Contractor/article_finder/type_specific_extractor.py:539
failed_at,extraction_output_field,Article_Eater_PostQuinean_v1,1,1,Article_Eater_PostQuinean_v1/contracts/ae_af/schemas/ae.bridge.v1.schema.json:79
failed_extension,enum_value,Outcome_Contractor,1,1,Outcome_Contractor/core/argument_taxonomy.py:109
failed_files,extraction_output_field,Article_Finder_v3_2_3,1,1,Article_Finder_v3_2_3/ingest/pdf_cataloger.py:399
failed_replication,enum_value,Article_Eater_PostQuinean_v1,1,1,Article_Eater_PostQuinean_v1/src/services/web_of_belief.py:288
failure_record,extraction_output_field,Article_Eater_PostQuinean_v1,1,1,Article_Eater_PostQuinean_v1/contracts/ae_af/schemas/ae.bridge.v1.schema.json:75
failure_risk,extraction_output_field,Article_Eater_PostQuinean_v1,1,1,Article_Eater_PostQuinean_v1/contracts/ae_af/schemas/gallery_selection_config.v1.schema.json:89
failure_stage,extraction_output_field,Article_Eater_PostQuinean_v1,1,2,Article_Eater_PostQuinean_v1/contracts/ae_af/schemas/ae.coherence_summary.v1.schema.json:43; Article_Eater_PostQuinean_v1/contracts/ae_af/schemas/ae.web_state.v1.schema.json:35
failure_type,extraction_output_field,Article_Eater_PostQuinean_v1,1,1,Article_Eater_PostQuinean_v1/contracts/ae_af/schemas/ae.bridge.v1.schema.json:89
fallback_policy,extraction_output_field,Article_Eater_PostQuinean_v1,1,1,Article_Eater_PostQuinean_v1/contracts/ae_af/schemas/gallery_selection_config.v1.schema.json:172
false_positive,enum_value,Article_Eater_PostQuinean_v1,1,1,Article_Eater_PostQuinean_v1/src/services/credibility_feedback.py:40
falsification_criteria,database_column;extraction_output_field,BN_graphical,1,2,BN_graphical/migrations/005_sprint1_schemas.sql:210; BN_graphical/src/schemas/mechanism_specification.py:334
feasibility_tol,enum_value,BN_graphical,1,1,BN_graphical/bn_venv/lib/python3.14/site-packages/scipy/_lib/cobyqa/settings.py:30
feature_aliases,extraction_output_field,Article_Eater_PostQuinean_v1,1,1,Article_Eater_PostQuinean_v1/contracts/ae_af/schemas/claim_gallery.v1.schema.json:36
feature_definition,extraction_output_field,Article_Eater_PostQuinean_v1,1,1,Article_Eater_PostQuinean_v1/contracts/ae_af/schemas/claim_gallery.v1.schema.json:35
feature_id,extraction_output_field,Article_Eater_PostQuinean_v1,1,2,Article_Eater_PostQuinean_v1/contracts/ae_af/schemas/claim_gallery.v1.schema.json:33; Article_Eater_PostQuinean_v1/src/services/claim_gallery_builder.py:316
feature_level,extraction_output_field,Outcome_Contractor,1,8,Outcome_Contractor/article_finder/corpus/bn_extracted_data.json:110; Outcome_Contractor/article_finder/corpus/bn_extracted_data.json:127; Outcome_Contractor/article_finder/corpus/bn_extracted_data.json:25; Outcome_Contractor/article_finder/corpus/bn_extracted_data.json:42
feature_name,extraction_output_field,Article_Eater_PostQuinean_v1,1,2,Article_Eater_PostQuinean_v1/contracts/ae_af/schemas/claim_gallery.v1.schema.json:34; Article_Eater_PostQuinean_v1/src/services/claim_gallery_builder.py:317
feature_score,extraction_output_field,Article_Eater_PostQuinean_v1,1,12,Article_Eater_PostQuinean_v1/contracts/ae_af/schemas/selection_log.v1.schema.json:143; Article_Eater_PostQuinean_v1/contracts/ae_af/schemas/selection_log.v1.schema.json:160; Article_Eater_PostQuinean_v1/src/services/claim_gallery_builder.py:501; Article_Eater_PostQuinean_v1/tests/test_claim_gallery_builder.py:106
feature_tags,extraction_output_field,Article_Eater_PostQuinean_v1,1,7,Article_Eater_PostQuinean_v1/contracts/ae_af/schemas/claim_gallery.v1.schema.json:231; Article_Eater_PostQuinean_v1/src/services/claim_gallery_builder.py:223; Article_Eater_PostQuinean_v1/tests/test_claim_gallery_builder.py:116; Article_Eater_PostQuinean_v1/tests/test_claim_gallery_builder.py:136
feature_threshold_tau,extraction_output_field,Article_Eater_PostQuinean_v1,1,1,Article_Eater_PostQuinean_v1/contracts/ae_af/schemas/gallery_selection_config.v1.schema.json:29
feedback_id,extraction_output_field,Article_Eater_PostQuinean_v1,1,1,Article_Eater_PostQuinean_v1/contracts/ae_af/schemas/image_feedback.v1.schema.json:21
field_a,extraction_output_field,BN_graphical,1,8,BN_graphical/backups/broken_venvs/bn_venv_20260213_092600/lib/python3.12/site-packages/pydantic_core/core_schema.py:3431; BN_graphical/backups/broken_venvs/bn_venv_20260213_092600/lib/python3.12/site-packages/pydantic_core/core_schema.py:3449; BN_graphical/bn_venv/lib/python3.14/site-packages/pydantic_core/core_schema.py:3860; BN_graphical/bn_venv/lib/python3.14/site-packages/pydantic_core/core_schema.py:3878
field_agreement,extraction_output_field,BN_graphical,1,1,BN_graphical/src/ai_extraction/verification_queue.py:260
field_b,extraction_output_field,BN_graphical,1,8,BN_graphical/backups/broken_venvs/bn_venv_20260213_092600/lib/python3.12/site-packages/pydantic_core/core_schema.py:3432; BN_graphical/backups/broken_venvs/bn_venv_20260213_092600/lib/python3.12/site-packages/pydantic_core/core_schema.py:3449; BN_graphical/bn_venv/lib/python3.14/site-packages/pydantic_core/core_schema.py:3861; BN_graphical/bn_venv/lib/python3.14/site-packages/pydantic_core/core_schema.py:3878
field_confidences,extraction_output_field,BN_graphical,1,1,BN_graphical/src/ai_extraction/population_extractor.py:75
field_name,extraction_output_field,Outcome_Contractor,1,1,Outcome_Contractor/article_finder/type_specific_extractor.py:797
field_natural,enum_value,Article_Eater_PostQuinean_v1,1,1,Article_Eater_PostQuinean_v1/src/services/validation.py:98
field_notes,extraction_output_field,Outcome_Contractor,1,1,Outcome_Contractor/article_finder/type_specific_extractor.py:320
field_structured,enum_value,Article_Eater_PostQuinean_v1,1,1,Article_Eater_PostQuinean_v1/src/services/validation.py:99
fields_added,extraction_output_field,Article_Finder_v3_2_3,1,1,Article_Finder_v3_2_3/ingest/enricher.py:59
fields_needing_review,extraction_output_field,BN_graphical,1,1,BN_graphical/src/ai_extraction/verification_queue.py:117
fields_to_verify,extraction_output_field,BN_graphical,1,1,BN_graphical/src/ai_extraction/verification_queue.py:100
fieldwork_duration,extraction_output_field,Outcome_Contractor,1,1,Outcome_Contractor/article_finder/type_specific_extractor.py:315
figure_pages,extraction_output_field,Outcome_Contractor,1,2,Outcome_Contractor/article_finder/seven_panel_extractor.py:1401; Outcome_Contractor/article_finder/seven_panel_extractor.py:225
figures_showing_stimuli,extraction_output_field,Outcome_Contractor,1,1,Outcome_Contractor/article_finder/seven_panel_extractor.py:1400
file_info,extraction_output_field,Article_Finder_v3_2_3,1,1,Article_Finder_v3_2_3/ingest/smart_importer.py:311
file_size,extraction_output_field,Article_Finder_v3_2_3,1,1,Article_Finder_v3_2_3/ingest/pdf_cataloger.py:179
filter_size,enum_value,BN_graphical,1,1,BN_graphical/bn_venv/lib/python3.14/site-packages/scipy/_lib/cobyqa/settings.py:31
final_beliefs,extraction_output_field,BN_graphical,1,2,BN_graphical/contracts/bn.epistemology.v1.schema.json:127; BN_graphical/contracts/bn.epistemology.v1.schema.json:298
final_year,extraction_output_field,Outcome_Contractor,1,1,Outcome_Contractor/article_finder/exemplary_extraction_tables.md:2175
finding_id,database_column;extraction_output_field,Article_Eater_PostQuinean_v1,1,7,Article_Eater_PostQuinean_v1/db/sql/015_complete_schema.sql:110; Article_Eater_PostQuinean_v1/db/sql/015_complete_schema.sql:146; Article_Eater_PostQuinean_v1/db/sql/017_theories.sql:202; Article_Eater_PostQuinean_v1/migrations/004_add_explanation_links.sql:11
finding_level,database_column,Article_Eater_PostQuinean_v1,1,4,Article_Eater_PostQuinean_v1/db/sql/015_complete_schema.sql:58; Article_Eater_PostQuinean_v1/db/sql/015_core_tables.sql:57; Article_Eater_PostQuinean_v1/db/sql/017_theories.sql:25; Article_Eater_PostQuinean_v1/init_database.py:74
findings_effect,extraction_output_field,Article_Eater_PostQuinean_v1,1,1,Article_Eater_PostQuinean_v1/schemas/seven_panel.schema.json:25
findings_if_any,extraction_output_field,Outcome_Contractor,1,1,Outcome_Contractor/article_finder/type_specific_extractor.py:717
first_last,enum_value,BN_graphical,1,1,BN_graphical/src/explain_query/confidence_propagation.py:45
first_seen_at,database_column,Article_Eater_PostQuinean_v1,1,2,Article_Eater_PostQuinean_v1/db/sql/018_paper_lifecycle.sql:137; Article_Eater_PostQuinean_v1/migrations/005_add_entrenchment_tracker.sql:11
fk_memos,extraction_output_field,BN_graphical,1,4,BN_graphical/backups/broken_venvs/bn_venv_20260213_092600/lib/python3.12/site-packages/sqlalchemy/sql/schema.py:5540; BN_graphical/bn_venv/lib/python3.14/site-packages/sqlalchemy/sql/schema.py:5607; BN_graphical/bn_venv_py311/lib/python3.11/site-packages/sqlalchemy/sql/schema.py:5540; BN_graphical/test_venv_310/lib/python3.10/site-packages/sqlalchemy/sql/schema.py:5540
flag_incommensurable,enum_value,Article_Eater_PostQuinean_v1,1,2,Article_Eater_PostQuinean_v1/ruthless_bundle_2026-02-08/src/services/social_epistemology.py:95; Article_Eater_PostQuinean_v1/src/services/social_epistemology.py:95
fluency.symmetry,extraction_output_field,Article_Eater_PostQuinean_v1,1,2,Article_Eater_PostQuinean_v1/contracts/vocab/environment_lookup.json:1369; Article_Eater_PostQuinean_v1/contracts/vocab/environment_lookup.json:4011
follow_up,extraction_output_field,Article_Eater_PostQuinean_v1,1,1,Article_Eater_PostQuinean_v1/contracts/ae_af/schemas/ae.query_response.v1.schema.json:311
follow_ups,extraction_output_field,Article_Eater_PostQuinean_v1,1,2,Article_Eater_PostQuinean_v1/contracts/ae_af/schemas/ae.query_response.v1.schema.json:58; Article_Eater_PostQuinean_v1/docs/MVP_CONTRACTS.md:216
fontDirectionHint,extraction_output_field,BN_graphical,1,3,BN_graphical/backups/broken_venvs/bn_venv_20260213_092600/lib/python3.12/site-packages/fontTools/merge/tables.py:59; BN_graphical/bn_venv_py311/lib/python3.11/site-packages/fontTools/merge/tables.py:59; BN_graphical/test_venv_310/lib/python3.10/site-packages/fontTools/merge/tables.py:59
for_whom,enum_value,Article_Eater_PostQuinean_v1,1,1,Article_Eater_PostQuinean_v1/src/services/query_parser.py:57
forceAtlas2Based,enum_value,Article_Eater_PostQuinean_v1,1,1,Article_Eater_PostQuinean_v1/src/services/network_service.py:30
format_error,enum_value,Article_Eater_PostQuinean_v1,1,1,Article_Eater_PostQuinean_v1/src/services/discovery_funnel.py:76
format_preference,extraction_output_field,BN_graphical,1,1,BN_graphical/contracts/ae_bn_bridge.v1.schema.json:217
format_used,extraction_output_field,BN_graphical,1,1,BN_graphical/contracts/ae_bn_bridge.v1.schema.json:242
forward_constraints,extraction_output_field,BN_graphical,1,1,BN_graphical/contracts/bn.epistemology.v1.schema.json:368
foundational_works,extraction_output_field,Article_Eater_PostQuinean_v1,1,4,Article_Eater_PostQuinean_v1/contracts/schemas/social_epistemology.schema.json:113; Article_Eater_PostQuinean_v1/contracts/schemas/social_epistemology.v1.schema.json:143; Article_Eater_PostQuinean_v1/ruthless_bundle_2026-02-08/contracts/schemas/social_epistemology.schema.json:113; Article_Eater_PostQuinean_v1/ruthless_bundle_2026-02-08/contracts/schemas/social_epistemology.v1.schema.json:143
frame_table,extraction_output_field,BN_graphical,1,4,BN_graphical/backups/broken_venvs/bn_venv_20260213_092600/lib/python3.12/site-packages/pandas/io/pytables.py:1789; BN_graphical/bn_venv/lib/python3.14/site-packages/pandas/io/pytables.py:1888; BN_graphical/bn_venv_py311/lib/python3.11/site-packages/pandas/io/pytables.py:1789; BN_graphical/test_venv_310/lib/python3.10/site-packages/pandas/io/pytables.py:1789
framework_alignment,extraction_output_field,BN_graphical,1,2,BN_graphical/src/ai_extraction/field_thresholds.py:216; BN_graphical/src/schemas/mechanism_specification.py:324
framework_alignments,extraction_output_field,BN_graphical,1,1,BN_graphical/src/ai_extraction/mechanism_classifier.py:73
framework_name,extraction_output_field,BN_graphical,1,1,BN_graphical/src/schemas/mechanism_specification.py:96
framework_structure,enum_value,Article_Eater_PostQuinean_v1,1,1,Article_Eater_PostQuinean_v1/src/epistemic/node_types.py:80
framework_theory,enum_value,Article_Eater_PostQuinean_v1,1,1,Article_Eater_PostQuinean_v1/src/models/theory_models.py:43
free_text,extraction_output_field,Article_Eater_PostQuinean_v1,1,1,Article_Eater_PostQuinean_v1/contracts/ae_af/schemas/image_feedback.v1.schema.json:82
from_2d,extraction_output_field,Tagging_Contractor,1,850,Tagging_Contractor/Archive 2/core/trs-core/v0.2.8/contracts/image_tagger_contract_v0.2.8.json:1000; Tagging_Contractor/Archive 2/core/trs-core/v0.2.8/contracts/image_tagger_contract_v0.2.8.json:1017; Tagging_Contractor/Archive 2/core/trs-core/v0.2.8/contracts/image_tagger_contract_v0.2.8.json:1034; Tagging_Contractor/Archive 2/core/trs-core/v0.2.8/contracts/image_tagger_contract_v0.2.8.json:1051
from_3d_vr,extraction_output_field,Tagging_Contractor,1,850,Tagging_Contractor/Archive 2/core/trs-core/v0.2.8/contracts/image_tagger_contract_v0.2.8.json:100; Tagging_Contractor/Archive 2/core/trs-core/v0.2.8/contracts/image_tagger_contract_v0.2.8.json:1001; Tagging_Contractor/Archive 2/core/trs-core/v0.2.8/contracts/image_tagger_contract_v0.2.8.json:1018; Tagging_Contractor/Archive 2/core/trs-core/v0.2.8/contracts/image_tagger_contract_v0.2.8.json:1035
from_layer,extraction_output_field,BN_graphical,1,2,BN_graphical/src/mechanisms/mechanism_schema.py:399; BN_graphical/src/schemas/enhanced_edge.py:557
from_level,extraction_output_field,BN_graphical,1,2,BN_graphical/contracts/bn.epistemology.v1.schema.json:333; BN_graphical/contracts/bn.epistemology.v1.schema.json:405
from_node,extraction_output_field,BN_graphical,1,2,BN_graphical/src/mechanisms/mechanism_schema.py:397; BN_graphical/src/schemas/enhanced_edge.py:555
from_v1,extraction_output_field,BN_graphical,1,1,BN_graphical/contracts/bn.api.v2.schema.json:657
fsFirstCharIndex,extraction_output_field,BN_graphical,1,3,BN_graphical/backups/broken_venvs/bn_venv_20260213_092600/lib/python3.12/site-packages/fontTools/merge/tables.py:144; BN_graphical/bn_venv_py311/lib/python3.11/site-packages/fontTools/merge/tables.py:144; BN_graphical/test_venv_310/lib/python3.10/site-packages/fontTools/merge/tables.py:144
fsLastCharIndex,extraction_output_field,BN_graphical,1,3,BN_graphical/backups/broken_venvs/bn_venv_20260213_092600/lib/python3.12/site-packages/fontTools/merge/tables.py:145; BN_graphical/bn_venv_py311/lib/python3.11/site-packages/fontTools/merge/tables.py:145; BN_graphical/test_venv_310/lib/python3.10/site-packages/fontTools/merge/tables.py:145
full_classification,extraction_output_field,BN_graphical,1,1,BN_graphical/src/schemas/outcome_taxonomy.py:224
full_name,extraction_output_field,Outcome_Contractor,1,7,Outcome_Contractor/article_finder/seven_panel_extractor.py:435; Outcome_Contractor/article_finder/seven_panel_extractor.py:439; Outcome_Contractor/article_finder/seven_panel_extractor.py:443; Outcome_Contractor/article_finder/seven_panel_extractor.py:447
full_sentence,extraction_output_field,BN_graphical,1,1,BN_graphical/src/literature_integration/citation_extractor.py:68
full_text,database_column;enum_value;extraction_output_field,Article_Eater_PostQuinean_v1,1,8,Article_Eater_PostQuinean_v1/app/pdf_ingest.py:318; Article_Eater_PostQuinean_v1/app/pdf_ingest.py:86; Article_Eater_PostQuinean_v1/app/routes/ingestion.py:37; Article_Eater_PostQuinean_v1/db/sql/015_complete_schema.sql:37
full_web_snapshot,enum_value,Article_Eater_PostQuinean_v1,1,1,Article_Eater_PostQuinean_v1/src/services/export_audit.py:48
functional_PE,bn_node_definition,Article_Eater_PostQuinean_v1,1,1,Article_Eater_PostQuinean_v1/src/epistemic/bn_nodes.py:120
functional_effect,enum_value,Article_Eater_PostQuinean_v1,1,1,Article_Eater_PostQuinean_v1/src/methods/task_ecology.py:61
functional_pe,enum_value;extraction_output_field,Article_Eater_PostQuinean_v1,1,3,Article_Eater_PostQuinean_v1/src/epistemic/extraction/pe_classifier.py:265; Article_Eater_PostQuinean_v1/src/epistemic/extraction/pe_classifier.py:303; Article_Eater_PostQuinean_v1/src/services/web_of_belief.py:306
functional_score,extraction_output_field,Article_Eater_PostQuinean_v1,1,1,Article_Eater_PostQuinean_v1/src/epistemic/extraction/pe_classifier.py:201
funding_source,extraction_output_field,Article_Eater_PostQuinean_v1,1,1,Article_Eater_PostQuinean_v1/src/epistemic/extraction/source_quality_metadata.py:189
funnel_plot,extraction_output_field,Outcome_Contractor,1,1,Outcome_Contractor/article_finder/type_specific_extractor.py:538
future_directions,extraction_output_field,Outcome_Contractor,1,1,Outcome_Contractor/article_finder/type_specific_extractor.py:617
future_work_notes,extraction_output_field,Article_Eater_PostQuinean_v1,1,1,Article_Eater_PostQuinean_v1/schemas/panel_limits.schema.json:5
gallery_id,extraction_output_field,Article_Eater_PostQuinean_v1,1,3,Article_Eater_PostQuinean_v1/contracts/ae_af/schemas/claim_gallery.v1.schema.json:19; Article_Eater_PostQuinean_v1/contracts/ae_af/schemas/image_feedback.v1.schema.json:41; Article_Eater_PostQuinean_v1/src/services/claim_gallery_builder.py:468
gap_addressed,extraction_output_field,Outcome_Contractor,1,1,Outcome_Contractor/article_finder/type_specific_extractor.py:645
gap_analysis,enum_value,Article_Finder_v3_2_3,1,1,Article_Finder_v3_2_3/search/discovery_orchestrator.py:40
gap_id,database_column;extraction_output_field,Article_Eater_PostQuinean_v1,1,6,Article_Eater_PostQuinean_v1/contracts/ae_af/schemas/ae.gap_report.v1.schema.json:131; Article_Eater_PostQuinean_v1/docs/MVP_CONTRACTS.md:289; Article_Eater_PostQuinean_v1/migrations/006_discovery_funnel.sql:122; Article_Eater_PostQuinean_v1/migrations/006_discovery_funnel.sql:170
gap_ids,extraction_output_field,Article_Eater_PostQuinean_v1,1,1,Article_Eater_PostQuinean_v1/contracts/ae_af/schemas/ae.gap_report.v1.schema.json:282
gap_report,enum_value,Article_Eater_PostQuinean_v1,1,1,Article_Eater_PostQuinean_v1/src/services/query_response.py:45
gap_summary,extraction_output_field,Article_Eater_PostQuinean_v1,1,1,Article_Eater_PostQuinean_v1/contracts/ae_af/schemas/ae.query_response.v1.schema.json:331
gap_type,database_column;extraction_output_field,Article_Eater_PostQuinean_v1,1,4,Article_Eater_PostQuinean_v1/contracts/ae_af/schemas/ae.gap_report.v1.schema.json:135; Article_Eater_PostQuinean_v1/contracts/ae_af/schemas/ae.query_response.v1.schema.json:344; Article_Eater_PostQuinean_v1/docs/MVP_CONTRACTS.md:290; Article_Eater_PostQuinean_v1/migrations/006_discovery_funnel.sql:27
gap_type_counts,extraction_output_field,Article_Eater_PostQuinean_v1,1,2,Article_Eater_PostQuinean_v1/contracts/ae_af/schemas/ae.gap_report.v1.schema.json:74; Article_Eater_PostQuinean_v1/docs/MVP_CONTRACTS.md:280
gaps_identified,extraction_output_field,Outcome_Contractor,1,2,Outcome_Contractor/article_finder/type_specific_extractor.py:584; Outcome_Contractor/article_finder/type_specific_extractor.py:616
gender_balance,extraction_output_field,BN_graphical,1,1,BN_graphical/src/schemas/population_qualifier.py:251
gender_distribution,extraction_output_field,BN_graphical,1,2,BN_graphical/src/ai_extraction/population_extractor.py:135; BN_graphical/src/ai_extraction/population_extractor.py:167
general_search,enum_value,Article_Finder_v3_2_3,1,1,Article_Finder_v3_2_3/knowledge/query_engine.py:33
generalizability_warrant,enum_value,Article_Eater_PostQuinean_v1,1,1,Article_Eater_PostQuinean_v1/src/services/web_of_belief.py:129
generalization_limits,extraction_output_field,Outcome_Contractor,1,1,Outcome_Contractor/article_finder/seven_panel_extractor.py:1432
generalization_notes,extraction_output_field,Article_Eater_PostQuinean_v1,1,1,Article_Eater_PostQuinean_v1/schemas/panel_limits.schema.json:14
generalization_rationale,database_column;extraction_output_field,BN_graphical,1,2,BN_graphical/migrations/005_sprint1_schemas.sql:205; BN_graphical/src/schemas/mechanism_specification.py:331
generalization_risk,extraction_output_field,Article_Eater_PostQuinean_v1,1,2,Article_Eater_PostQuinean_v1/ruthless_bundle_2026-02-08/src/services/scope_extractor.py:273; Article_Eater_PostQuinean_v1/src/services/scope_extractor.py:273
generalization_scope,extraction_output_field,BN_graphical,1,4,BN_graphical/src/ai_extraction/mechanism_classifier.py:141; BN_graphical/src/ai_extraction/mechanism_classifier.py:177; BN_graphical/src/ai_extraction/mechanism_classifier.py:204; BN_graphical/src/ai_extraction/mechanism_classifier.py:294
generated_at_utc,extraction_output_field,Tagging_Contractor,1,14,Tagging_Contractor/Archive 2/core/trs-core/v0.2.8/contracts/article_eater_contract_v0.2.8.json:10; Tagging_Contractor/Archive 2/core/trs-core/v0.2.8/contracts/article_eater_contract_v0.2.8.json:4; Tagging_Contractor/Archive 2/core/trs-core/v0.2.8/contracts/bn_contract_v0.2.8.json:4; Tagging_Contractor/Archive 2/core/trs-core/v0.2.8/contracts/image_tagger_contract_v0.2.8.json:4
generic_table,extraction_output_field,BN_graphical,1,4,BN_graphical/backups/broken_venvs/bn_venv_20260213_092600/lib/python3.12/site-packages/pandas/io/pytables.py:1798; BN_graphical/bn_venv/lib/python3.14/site-packages/pandas/io/pytables.py:1897; BN_graphical/bn_venv_py311/lib/python3.11/site-packages/pandas/io/pytables.py:1798; BN_graphical/test_venv_310/lib/python3.10/site-packages/pandas/io/pytables.py:1798
genuine_contradiction,enum_value,Article_Eater_PostQuinean_v1,1,2,Article_Eater_PostQuinean_v1/ruthless_bundle_2026-02-08/src/services/web_persistence.py:97; Article_Eater_PostQuinean_v1/src/services/web_persistence.py:97
geographic_range,extraction_output_field,Outcome_Contractor,1,1,Outcome_Contractor/article_finder/exemplary_extraction_tables.md:2608
global_attributes,extraction_output_field,Tagging_Contractor,1,1,Tagging_Contractor/contracts/localized_image_tags.schema.json:12
global_notes,extraction_output_field,Article_Eater_PostQuinean_v1,1,1,Article_Eater_PostQuinean_v1/schemas/panel_context.schema.json:5
glyphDataFormat,extraction_output_field,BN_graphical,1,3,BN_graphical/backups/broken_venvs/bn_venv_20260213_092600/lib/python3.12/site-packages/fontTools/merge/tables.py:61; BN_graphical/bn_venv_py311/lib/python3.11/site-packages/fontTools/merge/tables.py:61; BN_graphical/test_venv_310/lib/python3.10/site-packages/fontTools/merge/tables.py:61
goldilocks_unconfirmed,enum_value,BN_graphical,1,1,BN_graphical/src/goldilocks_refinement/functional_form.py:86
google_scholar,enum_value,Outcome_Contractor,1,1,Outcome_Contractor/contracts/article_finder_contracts.py:34
grant_writing,enum_value,Article_Eater_PostQuinean_v1,1,1,Article_Eater_PostQuinean_v1/src/services/export_bundles.py:72
greenspace_definition,extraction_output_field,Outcome_Contractor,1,1,Outcome_Contractor/article_finder/exemplary_extraction_tables.md:2185
greenspace_types_included,extraction_output_field,Outcome_Contractor,1,1,Outcome_Contractor/article_finder/exemplary_extraction_tables.md:2196
grounded_theory,enum_value,Article_Eater_PostQuinean_v1,1,1,Article_Eater_PostQuinean_v1/src/epistemic/extraction/paper_classifier.py:48
grounded_theory_study,enum_value,Outcome_Contractor,1,2,Outcome_Contractor/article_finder/article_type_classifier.py:27; Outcome_Contractor/contracts/article_extraction_contracts.py:36
grounded_theory_version,extraction_output_field,Outcome_Contractor,1,1,Outcome_Contractor/article_finder/type_specific_extractor.py:371
grounding_chain,extraction_output_field,Article_Eater_PostQuinean_v1,1,1,Article_Eater_PostQuinean_v1/contracts/schemas/provenance.v1.schema.json:21
grounding_score,extraction_output_field,Article_Eater_PostQuinean_v1,1,1,Article_Eater_PostQuinean_v1/contracts/schemas/provenance.v1.schema.json:15
grounding_strength,extraction_output_field,Article_Eater_PostQuinean_v1,1,1,Article_Eater_PostQuinean_v1/contracts/schemas/experiential_claim.v1.schema.json:158
group_name,extraction_output_field,Article_Eater_PostQuinean_v1,1,1,Article_Eater_PostQuinean_v1/src/services/table_extractor.py:301
growth_model,extraction_output_field,Outcome_Contractor,1,1,Outcome_Contractor/article_finder/type_specific_extractor.py:216
hard_boundary,extraction_output_field,BN_graphical,1,1,BN_graphical/src/mechanisms/mechanism_schema.py:229
has_blocking_issues,database_column,Article_Eater_PostQuinean_v1,1,1,Article_Eater_PostQuinean_v1/db/sql/018_paper_lifecycle.sql:155
has_claim,enum_value,Article_Finder_v3_2_3,1,1,Article_Finder_v3_2_3/knowledge/claim_graph.py:37
has_effect_sizes,extraction_output_field,Article_Eater_PostQuinean_v1,1,1,Article_Eater_PostQuinean_v1/src/epistemic/extraction/paper_classifier.py:688
has_experimental_evidence,extraction_output_field,BN_graphical,1,1,BN_graphical/src/schemas/mechanism_specification.py:343
has_forest_plot,extraction_output_field,Article_Eater_PostQuinean_v1,1,1,Article_Eater_PostQuinean_v1/src/epistemic/extraction/paper_classifier.py:690
has_included_studies_table,extraction_output_field,Article_Eater_PostQuinean_v1,1,1,Article_Eater_PostQuinean_v1/src/epistemic/extraction/paper_classifier.py:689
has_methods_section,extraction_output_field,Article_Eater_PostQuinean_v1,1,1,Article_Eater_PostQuinean_v1/src/epistemic/extraction/paper_classifier.py:685
has_neural_evidence,extraction_output_field,BN_graphical,1,1,BN_graphical/src/schemas/mechanism_specification.py:342
has_non_weird,extraction_output_field,BN_graphical,1,1,BN_graphical/src/schemas/population_qualifier.py:494
has_non_weird_evidence,extraction_output_field,BN_graphical,1,1,BN_graphical/src/schemas/enhanced_edge.py:574
has_prisma_diagram,extraction_output_field,Article_Eater_PostQuinean_v1,1,1,Article_Eater_PostQuinean_v1/src/epistemic/extraction/paper_classifier.py:691
has_quantitative_results,extraction_output_field,Article_Eater_PostQuinean_v1,1,1,Article_Eater_PostQuinean_v1/src/epistemic/extraction/paper_classifier.py:687
has_results_section,extraction_output_field,Article_Eater_PostQuinean_v1,1,1,Article_Eater_PostQuinean_v1/src/epistemic/extraction/paper_classifier.py:686
has_sample_sizes,database_column,Article_Finder_v3_2_3,1,1,Article_Finder_v3_2_3/core/database.py:300
has_statistics,database_column,Article_Finder_v3_2_3,1,1,Article_Finder_v3_2_3/core/database.py:299
health.flourishing,extraction_output_field,Outcome_Contractor,1,2,Outcome_Contractor/contracts/oc_export/ae_outcome_lookup.json:3832; Outcome_Contractor/contracts/oc_export/constitutive_bridges.json:20337
health.flourishing.accomplishment,extraction_output_field,Outcome_Contractor,1,2,Outcome_Contractor/contracts/oc_export/ae_outcome_lookup.json:3837; Outcome_Contractor/contracts/oc_export/constitutive_bridges.json:20344
health.flourishing.engagement,extraction_output_field,Outcome_Contractor,1,2,Outcome_Contractor/contracts/oc_export/ae_outcome_lookup.json:3842; Outcome_Contractor/contracts/oc_export/constitutive_bridges.json:20352
health.flourishing.meaning,extraction_output_field,Outcome_Contractor,1,2,Outcome_Contractor/contracts/oc_export/ae_outcome_lookup.json:3847; Outcome_Contractor/contracts/oc_export/constitutive_bridges.json:20360
health.flourishing.relationships,extraction_output_field,Outcome_Contractor,1,2,Outcome_Contractor/contracts/oc_export/ae_outcome_lookup.json:3852; Outcome_Contractor/contracts/oc_export/constitutive_bridges.json:20368
health.flourishing.vitality,extraction_output_field,Outcome_Contractor,1,2,Outcome_Contractor/contracts/oc_export/ae_outcome_lookup.json:3857; Outcome_Contractor/contracts/oc_export/constitutive_bridges.json:20376
health.headache,extraction_output_field,Outcome_Contractor,1,2,Outcome_Contractor/contracts/oc_export/ae_outcome_lookup.json:3862; Outcome_Contractor/contracts/oc_export/constitutive_bridges.json:20384
health.healthcare_utilization,extraction_output_field,Outcome_Contractor,1,2,Outcome_Contractor/contracts/oc_export/ae_outcome_lookup.json:3867; Outcome_Contractor/contracts/oc_export/constitutive_bridges.json:20391
health.healthcare_utilization.costs,extraction_output_field,Outcome_Contractor,1,2,Outcome_Contractor/contracts/oc_export/ae_outcome_lookup.json:3872; Outcome_Contractor/contracts/oc_export/constitutive_bridges.json:20398
health.healthcare_utilization.hospitalization,extraction_output_field,Outcome_Contractor,1,2,Outcome_Contractor/contracts/oc_export/ae_outcome_lookup.json:3877; Outcome_Contractor/contracts/oc_export/constitutive_bridges.json:20406
health.healthcare_utilization.medication,extraction_output_field,Outcome_Contractor,1,2,Outcome_Contractor/contracts/oc_export/ae_outcome_lookup.json:3882; Outcome_Contractor/contracts/oc_export/constitutive_bridges.json:20414
health.healthcare_utilization.visits,extraction_output_field,Outcome_Contractor,1,2,Outcome_Contractor/contracts/oc_export/ae_outcome_lookup.json:3887; Outcome_Contractor/contracts/oc_export/constitutive_bridges.json:20422
health.longevity,extraction_output_field,Outcome_Contractor,1,2,Outcome_Contractor/contracts/oc_export/ae_outcome_lookup.json:3892; Outcome_Contractor/contracts/oc_export/constitutive_bridges.json:20430
health.longevity.healthy_life_years,extraction_output_field,Outcome_Contractor,1,2,Outcome_Contractor/contracts/oc_export/ae_outcome_lookup.json:3897; Outcome_Contractor/contracts/oc_export/constitutive_bridges.json:20437
health.longevity.morbidity,extraction_output_field,Outcome_Contractor,1,2,Outcome_Contractor/contracts/oc_export/ae_outcome_lookup.json:3902; Outcome_Contractor/contracts/oc_export/constitutive_bridges.json:20445
health.longevity.mortality,extraction_output_field,Outcome_Contractor,1,2,Outcome_Contractor/contracts/oc_export/ae_outcome_lookup.json:3907; Outcome_Contractor/contracts/oc_export/constitutive_bridges.json:20453
health.mental,extraction_output_field,Outcome_Contractor,1,2,Outcome_Contractor/contracts/oc_export/ae_outcome_lookup.json:3912; Outcome_Contractor/contracts/oc_export/constitutive_bridges.json:20461
health.mental.cognitive_health,extraction_output_field,Outcome_Contractor,1,2,Outcome_Contractor/contracts/oc_export/ae_outcome_lookup.json:3917; Outcome_Contractor/contracts/oc_export/constitutive_bridges.json:20468
health.mental.cognitive_health.brain_health,extraction_output_field,Outcome_Contractor,1,2,Outcome_Contractor/contracts/oc_export/ae_outcome_lookup.json:3922; Outcome_Contractor/contracts/oc_export/constitutive_bridges.json:20476
health.mental.cognitive_health.decline,extraction_output_field,Outcome_Contractor,1,2,Outcome_Contractor/contracts/oc_export/ae_outcome_lookup.json:3927; Outcome_Contractor/contracts/oc_export/constitutive_bridges.json:20485
health.mental.cognitive_health.dementia_risk,extraction_output_field,Outcome_Contractor,1,2,Outcome_Contractor/contracts/oc_export/ae_outcome_lookup.json:3932; Outcome_Contractor/contracts/oc_export/constitutive_bridges.json:20494
health.mental.disorders,extraction_output_field,Outcome_Contractor,1,2,Outcome_Contractor/contracts/oc_export/ae_outcome_lookup.json:3937; Outcome_Contractor/contracts/oc_export/constitutive_bridges.json:20503
health.mental.disorders.anxiety,extraction_output_field,Outcome_Contractor,1,2,Outcome_Contractor/contracts/oc_export/ae_outcome_lookup.json:3942; Outcome_Contractor/contracts/oc_export/constitutive_bridges.json:20511
health.mental.disorders.anxiety.agoraphobia,extraction_output_field,Outcome_Contractor,1,2,Outcome_Contractor/contracts/oc_export/ae_outcome_lookup.json:3947; Outcome_Contractor/contracts/oc_export/constitutive_bridges.json:20520
health.mental.disorders.anxiety.generalized,extraction_output_field,Outcome_Contractor,1,2,Outcome_Contractor/contracts/oc_export/ae_outcome_lookup.json:3952; Outcome_Contractor/contracts/oc_export/constitutive_bridges.json:20530
health.mental.disorders.anxiety.panic,extraction_output_field,Outcome_Contractor,1,2,Outcome_Contractor/contracts/oc_export/ae_outcome_lookup.json:3957; Outcome_Contractor/contracts/oc_export/constitutive_bridges.json:20540
health.mental.disorders.anxiety.social,extraction_output_field,Outcome_Contractor,1,2,Outcome_Contractor/contracts/oc_export/ae_outcome_lookup.json:3962; Outcome_Contractor/contracts/oc_export/constitutive_bridges.json:20550
health.mental.disorders.depression,extraction_output_field,Outcome_Contractor,1,2,Outcome_Contractor/contracts/oc_export/ae_outcome_lookup.json:3967; Outcome_Contractor/contracts/oc_export/constitutive_bridges.json:20560
health.mental.disorders.depression.seasonal,extraction_output_field,Outcome_Contractor,1,2,Outcome_Contractor/contracts/oc_export/ae_outcome_lookup.json:3972; Outcome_Contractor/contracts/oc_export/constitutive_bridges.json:20569
health.mental.disorders.depression.severity,extraction_output_field,Outcome_Contractor,1,2,Outcome_Contractor/contracts/oc_export/ae_outcome_lookup.json:3977; Outcome_Contractor/contracts/oc_export/constitutive_bridges.json:20579
health.mental.disorders.depression.symptoms,extraction_output_field,Outcome_Contractor,1,2,Outcome_Contractor/contracts/oc_export/ae_outcome_lookup.json:3982; Outcome_Contractor/contracts/oc_export/constitutive_bridges.json:20589
health.mental.disorders.other,extraction_output_field,Outcome_Contractor,1,2,Outcome_Contractor/contracts/oc_export/ae_outcome_lookup.json:3987; Outcome_Contractor/contracts/oc_export/constitutive_bridges.json:20599
health.mental.disorders.ptsd,extraction_output_field,Outcome_Contractor,1,2,Outcome_Contractor/contracts/oc_export/ae_outcome_lookup.json:3992; Outcome_Contractor/contracts/oc_export/constitutive_bridges.json:20608
health.mental.disorders.substance_use,extraction_output_field,Outcome_Contractor,1,2,Outcome_Contractor/contracts/oc_export/ae_outcome_lookup.json:3997; Outcome_Contractor/contracts/oc_export/constitutive_bridges.json:20617
health.mental.distress,extraction_output_field,Outcome_Contractor,1,2,Outcome_Contractor/contracts/oc_export/ae_outcome_lookup.json:4002; Outcome_Contractor/contracts/oc_export/constitutive_bridges.json:20626
health.mental.distress.burnout,extraction_output_field,Outcome_Contractor,1,2,Outcome_Contractor/contracts/oc_export/ae_outcome_lookup.json:4007; Outcome_Contractor/contracts/oc_export/constitutive_bridges.json:20634
health.mental.distress.burnout.cynicism,extraction_output_field,Outcome_Contractor,1,2,Outcome_Contractor/contracts/oc_export/ae_outcome_lookup.json:4012; Outcome_Contractor/contracts/oc_export/constitutive_bridges.json:20643
health.mental.distress.burnout.exhaustion,extraction_output_field,Outcome_Contractor,1,2,Outcome_Contractor/contracts/oc_export/ae_outcome_lookup.json:4017; Outcome_Contractor/contracts/oc_export/constitutive_bridges.json:20653
health.mental.distress.burnout.inefficacy,extraction_output_field,Outcome_Contractor,1,2,Outcome_Contractor/contracts/oc_export/ae_outcome_lookup.json:4022; Outcome_Contractor/contracts/oc_export/constitutive_bridges.json:20663
health.mental.distress.emotional,extraction_output_field,Outcome_Contractor,1,2,Outcome_Contractor/contracts/oc_export/ae_outcome_lookup.json:4027; Outcome_Contractor/contracts/oc_export/constitutive_bridges.json:20673
health.mental.distress.psychological,extraction_output_field,Outcome_Contractor,1,2,Outcome_Contractor/contracts/oc_export/ae_outcome_lookup.json:4032; Outcome_Contractor/contracts/oc_export/constitutive_bridges.json:20682
health.mental_health,extraction_output_field,Outcome_Contractor,1,2,Outcome_Contractor/contracts/oc_export/ae_outcome_lookup.json:4037; Outcome_Contractor/contracts/oc_export/constitutive_bridges.json:20691
health.pain,extraction_output_field,Outcome_Contractor,1,2,Outcome_Contractor/contracts/oc_export/ae_outcome_lookup.json:4042; Outcome_Contractor/contracts/oc_export/constitutive_bridges.json:20698
health.physical,extraction_output_field,Outcome_Contractor,1,2,Outcome_Contractor/contracts/oc_export/ae_outcome_lookup.json:4047; Outcome_Contractor/contracts/oc_export/constitutive_bridges.json:20705
health.physical.chronic_disease,extraction_output_field,Outcome_Contractor,1,2,Outcome_Contractor/contracts/oc_export/ae_outcome_lookup.json:4052; Outcome_Contractor/contracts/oc_export/constitutive_bridges.json:20712
health.physical.chronic_disease.cancer_risk,extraction_output_field,Outcome_Contractor,1,2,Outcome_Contractor/contracts/oc_export/ae_outcome_lookup.json:4057; Outcome_Contractor/contracts/oc_export/constitutive_bridges.json:20720
health.physical.chronic_disease.cardiovascular,extraction_output_field,Outcome_Contractor,1,2,Outcome_Contractor/contracts/oc_export/ae_outcome_lookup.json:4062; Outcome_Contractor/contracts/oc_export/constitutive_bridges.json:20729
health.physical.chronic_disease.metabolic,extraction_output_field,Outcome_Contractor,1,2,Outcome_Contractor/contracts/oc_export/ae_outcome_lookup.json:4067; Outcome_Contractor/contracts/oc_export/constitutive_bridges.json:20738
health.physical.chronic_disease.respiratory,extraction_output_field,Outcome_Contractor,1,2,Outcome_Contractor/contracts/oc_export/ae_outcome_lookup.json:4072; Outcome_Contractor/contracts/oc_export/constitutive_bridges.json:20747
health.physical.general,extraction_output_field,Outcome_Contractor,1,2,Outcome_Contractor/contracts/oc_export/ae_outcome_lookup.json:4077; Outcome_Contractor/contracts/oc_export/constitutive_bridges.json:20756
health.physical.general.functional_status,extraction_output_field,Outcome_Contractor,1,2,Outcome_Contractor/contracts/oc_export/ae_outcome_lookup.json:4082; Outcome_Contractor/contracts/oc_export/constitutive_bridges.json:20764
health.physical.general.self_rated,extraction_output_field,Outcome_Contractor,1,2,Outcome_Contractor/contracts/oc_export/ae_outcome_lookup.json:4087; Outcome_Contractor/contracts/oc_export/constitutive_bridges.json:20773
health.physical.general.vitality,extraction_output_field,Outcome_Contractor,1,2,Outcome_Contractor/contracts/oc_export/ae_outcome_lookup.json:4092; Outcome_Contractor/contracts/oc_export/constitutive_bridges.json:20782
health.physical.injury,extraction_output_field,Outcome_Contractor,1,2,Outcome_Contractor/contracts/oc_export/ae_outcome_lookup.json:4097; Outcome_Contractor/contracts/oc_export/constitutive_bridges.json:20791
health.physical.injury.accidents,extraction_output_field,Outcome_Contractor,1,2,Outcome_Contractor/contracts/oc_export/ae_outcome_lookup.json:4102; Outcome_Contractor/contracts/oc_export/constitutive_bridges.json:20799
health.physical.injury.falls,extraction_output_field,Outcome_Contractor,1,2,Outcome_Contractor/contracts/oc_export/ae_outcome_lookup.json:4107; Outcome_Contractor/contracts/oc_export/constitutive_bridges.json:20808
health.physical.injury.occupational,extraction_output_field,Outcome_Contractor,1,2,Outcome_Contractor/contracts/oc_export/ae_outcome_lookup.json:4112; Outcome_Contractor/contracts/oc_export/constitutive_bridges.json:20817
health.physical.recovery,extraction_output_field,Outcome_Contractor,1,2,Outcome_Contractor/contracts/oc_export/ae_outcome_lookup.json:4117; Outcome_Contractor/contracts/oc_export/constitutive_bridges.json:20826
health.physical.recovery.complications,extraction_output_field,Outcome_Contractor,1,2,Outcome_Contractor/contracts/oc_export/ae_outcome_lookup.json:4122; Outcome_Contractor/contracts/oc_export/constitutive_bridges.json:20834
health.physical.recovery.healing_rate,extraction_output_field,Outcome_Contractor,1,2,Outcome_Contractor/contracts/oc_export/ae_outcome_lookup.json:4127; Outcome_Contractor/contracts/oc_export/constitutive_bridges.json:20843
health.physical.recovery.hospital_stay,extraction_output_field,Outcome_Contractor,1,2,Outcome_Contractor/contracts/oc_export/ae_outcome_lookup.json:4132; Outcome_Contractor/contracts/oc_export/constitutive_bridges.json:20852
health.physical.recovery.medication_use,extraction_output_field,Outcome_Contractor,1,2,Outcome_Contractor/contracts/oc_export/ae_outcome_lookup.json:4137; Outcome_Contractor/contracts/oc_export/constitutive_bridges.json:20861
health.physical.sick_building,extraction_output_field,Outcome_Contractor,1,2,Outcome_Contractor/contracts/oc_export/ae_outcome_lookup.json:4142; Outcome_Contractor/contracts/oc_export/constitutive_bridges.json:20870
health.physical.sick_building.attribution,extraction_output_field,Outcome_Contractor,1,2,Outcome_Contractor/contracts/oc_export/ae_outcome_lookup.json:4147; Outcome_Contractor/contracts/oc_export/constitutive_bridges.json:20878
health.physical.sick_building.prevalence,extraction_output_field,Outcome_Contractor,1,2,Outcome_Contractor/contracts/oc_export/ae_outcome_lookup.json:4152; Outcome_Contractor/contracts/oc_export/constitutive_bridges.json:20887
health.physical.sick_building.severity,extraction_output_field,Outcome_Contractor,1,2,Outcome_Contractor/contracts/oc_export/ae_outcome_lookup.json:4157; Outcome_Contractor/contracts/oc_export/constitutive_bridges.json:20896
health.physical.symptoms,extraction_output_field,Outcome_Contractor,1,2,Outcome_Contractor/contracts/oc_export/ae_outcome_lookup.json:4162; Outcome_Contractor/contracts/oc_export/constitutive_bridges.json:20905
health.physical.symptoms.eye_strain,extraction_output_field,Outcome_Contractor,1,2,Outcome_Contractor/contracts/oc_export/ae_outcome_lookup.json:4167; Outcome_Contractor/contracts/oc_export/constitutive_bridges.json:20913
health.physical.symptoms.fatigue,extraction_output_field,Outcome_Contractor,1,2,Outcome_Contractor/contracts/oc_export/ae_outcome_lookup.json:4172; Outcome_Contractor/contracts/oc_export/constitutive_bridges.json:20922
health.physical.symptoms.gastrointestinal,extraction_output_field,Outcome_Contractor,1,2,Outcome_Contractor/contracts/oc_export/ae_outcome_lookup.json:4177; Outcome_Contractor/contracts/oc_export/constitutive_bridges.json:20931
health.physical.symptoms.headache,extraction_output_field,Outcome_Contractor,1,2,Outcome_Contractor/contracts/oc_export/ae_outcome_lookup.json:4182; Outcome_Contractor/contracts/oc_export/constitutive_bridges.json:20940
health.physical.symptoms.pain,extraction_output_field,Outcome_Contractor,1,2,Outcome_Contractor/contracts/oc_export/ae_outcome_lookup.json:4187; Outcome_Contractor/contracts/oc_export/constitutive_bridges.json:20949
health.physical.symptoms.pain.back,extraction_output_field,Outcome_Contractor,1,2,Outcome_Contractor/contracts/oc_export/ae_outcome_lookup.json:4192; Outcome_Contractor/contracts/oc_export/constitutive_bridges.json:20958
health.physical.symptoms.pain.musculoskeletal,extraction_output_field,Outcome_Contractor,1,2,Outcome_Contractor/contracts/oc_export/ae_outcome_lookup.json:4197; Outcome_Contractor/contracts/oc_export/constitutive_bridges.json:20968
health.physical.symptoms.pain.neck,extraction_output_field,Outcome_Contractor,1,2,Outcome_Contractor/contracts/oc_export/ae_outcome_lookup.json:4202; Outcome_Contractor/contracts/oc_export/constitutive_bridges.json:20978
health.physical.symptoms.respiratory,extraction_output_field,Outcome_Contractor,1,2,Outcome_Contractor/contracts/oc_export/ae_outcome_lookup.json:4207; Outcome_Contractor/contracts/oc_export/constitutive_bridges.json:20988
health.physical.symptoms.respiratory.asthma,extraction_output_field,Outcome_Contractor,1,2,Outcome_Contractor/contracts/oc_export/ae_outcome_lookup.json:4212; Outcome_Contractor/contracts/oc_export/constitutive_bridges.json:20997
health.physical.symptoms.respiratory.congestion,extraction_output_field,Outcome_Contractor,1,2,Outcome_Contractor/contracts/oc_export/ae_outcome_lookup.json:4217; Outcome_Contractor/contracts/oc_export/constitutive_bridges.json:21007
health.physical.symptoms.respiratory.irritation,extraction_output_field,Outcome_Contractor,1,2,Outcome_Contractor/contracts/oc_export/ae_outcome_lookup.json:4222; Outcome_Contractor/contracts/oc_export/constitutive_bridges.json:21017
health.physical.symptoms.skin,extraction_output_field,Outcome_Contractor,1,2,Outcome_Contractor/contracts/oc_export/ae_outcome_lookup.json:4227; Outcome_Contractor/contracts/oc_export/constitutive_bridges.json:21027
health.physical.symptoms.skin.dryness,extraction_output_field,Outcome_Contractor,1,2,Outcome_Contractor/contracts/oc_export/ae_outcome_lookup.json:4232; Outcome_Contractor/contracts/oc_export/constitutive_bridges.json:21036
health.physical.symptoms.skin.irritation,extraction_output_field,Outcome_Contractor,1,2,Outcome_Contractor/contracts/oc_export/ae_outcome_lookup.json:4237; Outcome_Contractor/contracts/oc_export/constitutive_bridges.json:21046
health.psychological_wellbeing,extraction_output_field,Outcome_Contractor,1,2,Outcome_Contractor/contracts/oc_export/ae_outcome_lookup.json:4242; Outcome_Contractor/contracts/oc_export/constitutive_bridges.json:21056
health.psychological_wellbeing.autonomy,extraction_output_field,Outcome_Contractor,1,2,Outcome_Contractor/contracts/oc_export/ae_outcome_lookup.json:4247; Outcome_Contractor/contracts/oc_export/constitutive_bridges.json:21063
health.psychological_wellbeing.autonomy.independence,extraction_output_field,Outcome_Contractor,1,2,Outcome_Contractor/contracts/oc_export/ae_outcome_lookup.json:4252; Outcome_Contractor/contracts/oc_export/constitutive_bridges.json:21071
health.psychological_wellbeing.autonomy.self_determination,extraction_output_field,Outcome_Contractor,1,2,Outcome_Contractor/contracts/oc_export/ae_outcome_lookup.json:4257; Outcome_Contractor/contracts/oc_export/constitutive_bridges.json:21080
health.psychological_wellbeing.environmental_mastery,extraction_output_field,Outcome_Contractor,1,2,Outcome_Contractor/contracts/oc_export/ae_outcome_lookup.json:4262; Outcome_Contractor/contracts/oc_export/constitutive_bridges.json:21089
health.psychological_wellbeing.environmental_mastery.competence,extraction_output_field,Outcome_Contractor,1,2,Outcome_Contractor/contracts/oc_export/ae_outcome_lookup.json:4267; Outcome_Contractor/contracts/oc_export/constitutive_bridges.json:21097
health.psychological_wellbeing.environmental_mastery.control,extraction_output_field,Outcome_Contractor,1,2,Outcome_Contractor/contracts/oc_export/ae_outcome_lookup.json:4272; Outcome_Contractor/contracts/oc_export/constitutive_bridges.json:21106
health.psychological_wellbeing.personal_growth,extraction_output_field,Outcome_Contractor,1,2,Outcome_Contractor/contracts/oc_export/ae_outcome_lookup.json:4277; Outcome_Contractor/contracts/oc_export/constitutive_bridges.json:21115
health.psychological_wellbeing.personal_growth.development,extraction_output_field,Outcome_Contractor,1,2,Outcome_Contractor/contracts/oc_export/ae_outcome_lookup.json:4282; Outcome_Contractor/contracts/oc_export/constitutive_bridges.json:21123
health.psychological_wellbeing.personal_growth.learning,extraction_output_field,Outcome_Contractor,1,2,Outcome_Contractor/contracts/oc_export/ae_outcome_lookup.json:4287; Outcome_Contractor/contracts/oc_export/constitutive_bridges.json:21132
health.psychological_wellbeing.positive_relations,extraction_output_field,Outcome_Contractor,1,2,Outcome_Contractor/contracts/oc_export/ae_outcome_lookup.json:4292; Outcome_Contractor/contracts/oc_export/constitutive_bridges.json:21141
health.psychological_wellbeing.positive_relations.intimacy,extraction_output_field,Outcome_Contractor,1,2,Outcome_Contractor/contracts/oc_export/ae_outcome_lookup.json:4297; Outcome_Contractor/contracts/oc_export/constitutive_bridges.json:21149
health.psychological_wellbeing.positive_relations.trust,extraction_output_field,Outcome_Contractor,1,2,Outcome_Contractor/contracts/oc_export/ae_outcome_lookup.json:4302; Outcome_Contractor/contracts/oc_export/constitutive_bridges.json:21158
health.psychological_wellbeing.purpose,extraction_output_field,Outcome_Contractor,1,2,Outcome_Contractor/contracts/oc_export/ae_outcome_lookup.json:4307; Outcome_Contractor/contracts/oc_export/constitutive_bridges.json:21167
health.psychological_wellbeing.purpose.goals,extraction_output_field,Outcome_Contractor,1,2,Outcome_Contractor/contracts/oc_export/ae_outcome_lookup.json:4312; Outcome_Contractor/contracts/oc_export/constitutive_bridges.json:21175
health.psychological_wellbeing.purpose.meaning,extraction_output_field,Outcome_Contractor,1,2,Outcome_Contractor/contracts/oc_export/ae_outcome_lookup.json:4317; Outcome_Contractor/contracts/oc_export/constitutive_bridges.json:21184
health.psychological_wellbeing.self_acceptance,extraction_output_field,Outcome_Contractor,1,2,Outcome_Contractor/contracts/oc_export/ae_outcome_lookup.json:4322; Outcome_Contractor/contracts/oc_export/constitutive_bridges.json:21193
health.psychological_wellbeing.self_acceptance.past_acceptance,extraction_output_field,Outcome_Contractor,1,2,Outcome_Contractor/contracts/oc_export/ae_outcome_lookup.json:4327; Outcome_Contractor/contracts/oc_export/constitutive_bridges.json:21201
health.psychological_wellbeing.self_acceptance.self_regard,extraction_output_field,Outcome_Contractor,1,2,Outcome_Contractor/contracts/oc_export/ae_outcome_lookup.json:4332; Outcome_Contractor/contracts/oc_export/constitutive_bridges.json:21210
health.quality_of_life,extraction_output_field,Outcome_Contractor,1,2,Outcome_Contractor/contracts/oc_export/ae_outcome_lookup.json:4337; Outcome_Contractor/contracts/oc_export/constitutive_bridges.json:21219
health.quality_of_life.environmental,extraction_output_field,Outcome_Contractor,1,2,Outcome_Contractor/contracts/oc_export/ae_outcome_lookup.json:4342; Outcome_Contractor/contracts/oc_export/constitutive_bridges.json:21226
health.quality_of_life.health_related,extraction_output_field,Outcome_Contractor,1,2,Outcome_Contractor/contracts/oc_export/ae_outcome_lookup.json:4347; Outcome_Contractor/contracts/oc_export/constitutive_bridges.json:21234
health.quality_of_life.health_related.anxiety_depression,extraction_output_field,Outcome_Contractor,1,2,Outcome_Contractor/contracts/oc_export/ae_outcome_lookup.json:4352; Outcome_Contractor/contracts/oc_export/constitutive_bridges.json:21242
health.quality_of_life.health_related.mobility,extraction_output_field,Outcome_Contractor,1,2,Outcome_Contractor/contracts/oc_export/ae_outcome_lookup.json:4357; Outcome_Contractor/contracts/oc_export/constitutive_bridges.json:21251
health.quality_of_life.health_related.pain_discomfort,extraction_output_field,Outcome_Contractor,1,2,Outcome_Contractor/contracts/oc_export/ae_outcome_lookup.json:4362; Outcome_Contractor/contracts/oc_export/constitutive_bridges.json:21260
health.quality_of_life.health_related.self_care,extraction_output_field,Outcome_Contractor,1,2,Outcome_Contractor/contracts/oc_export/ae_outcome_lookup.json:4367; Outcome_Contractor/contracts/oc_export/constitutive_bridges.json:21269
health.quality_of_life.health_related.usual_activities,extraction_output_field,Outcome_Contractor,1,2,Outcome_Contractor/contracts/oc_export/ae_outcome_lookup.json:4372; Outcome_Contractor/contracts/oc_export/constitutive_bridges.json:21278
health.quality_of_life.physical,extraction_output_field,Outcome_Contractor,1,2,Outcome_Contractor/contracts/oc_export/ae_outcome_lookup.json:4377; Outcome_Contractor/contracts/oc_export/constitutive_bridges.json:21287
health.quality_of_life.psychological,extraction_output_field,Outcome_Contractor,1,2,Outcome_Contractor/contracts/oc_export/ae_outcome_lookup.json:4382; Outcome_Contractor/contracts/oc_export/constitutive_bridges.json:21295
health.quality_of_life.social,extraction_output_field,Outcome_Contractor,1,2,Outcome_Contractor/contracts/oc_export/ae_outcome_lookup.json:4387; Outcome_Contractor/contracts/oc_export/constitutive_bridges.json:21303
health.recovery,extraction_output_field,Outcome_Contractor,1,2,Outcome_Contractor/contracts/oc_export/ae_outcome_lookup.json:4392; Outcome_Contractor/contracts/oc_export/constitutive_bridges.json:21311
health.resilience,extraction_output_field,Outcome_Contractor,1,2,Outcome_Contractor/contracts/oc_export/ae_outcome_lookup.json:4397; Outcome_Contractor/contracts/oc_export/constitutive_bridges.json:21318
health.resilience.psychological,extraction_output_field,Outcome_Contractor,1,2,Outcome_Contractor/contracts/oc_export/ae_outcome_lookup.json:4402; Outcome_Contractor/contracts/oc_export/constitutive_bridges.json:21325
health.resilience.psychological.adaptation,extraction_output_field,Outcome_Contractor,1,2,Outcome_Contractor/contracts/oc_export/ae_outcome_lookup.json:4407; Outcome_Contractor/contracts/oc_export/constitutive_bridges.json:21333
health.resilience.psychological.coping,extraction_output_field,Outcome_Contractor,1,2,Outcome_Contractor/contracts/oc_export/ae_outcome_lookup.json:4412; Outcome_Contractor/contracts/oc_export/constitutive_bridges.json:21342
health.resilience.stress_tolerance,extraction_output_field,Outcome_Contractor,1,2,Outcome_Contractor/contracts/oc_export/ae_outcome_lookup.json:4417; Outcome_Contractor/contracts/oc_export/constitutive_bridges.json:21351
health.sick_building,extraction_output_field,Outcome_Contractor,1,2,Outcome_Contractor/contracts/oc_export/ae_outcome_lookup.json:4422; Outcome_Contractor/contracts/oc_export/constitutive_bridges.json:21359
health.subjective_wellbeing,extraction_output_field,Outcome_Contractor,1,2,Outcome_Contractor/contracts/oc_export/ae_outcome_lookup.json:4427; Outcome_Contractor/contracts/oc_export/constitutive_bridges.json:21366
health.subjective_wellbeing.affect_balance,extraction_output_field,Outcome_Contractor,1,2,Outcome_Contractor/contracts/oc_export/ae_outcome_lookup.json:4432; Outcome_Contractor/contracts/oc_export/constitutive_bridges.json:21373
health.subjective_wellbeing.affect_balance.negative,extraction_output_field,Outcome_Contractor,1,2,Outcome_Contractor/contracts/oc_export/ae_outcome_lookup.json:4437; Outcome_Contractor/contracts/oc_export/constitutive_bridges.json:21381
health.subjective_wellbeing.affect_balance.positive,extraction_output_field,Outcome_Contractor,1,2,Outcome_Contractor/contracts/oc_export/ae_outcome_lookup.json:4442; Outcome_Contractor/contracts/oc_export/constitutive_bridges.json:21390
health.subjective_wellbeing.happiness,extraction_output_field,Outcome_Contractor,1,2,Outcome_Contractor/contracts/oc_export/ae_outcome_lookup.json:4447; Outcome_Contractor/contracts/oc_export/constitutive_bridges.json:21399
health.subjective_wellbeing.happiness.momentary,extraction_output_field,Outcome_Contractor,1,2,Outcome_Contractor/contracts/oc_export/ae_outcome_lookup.json:4452; Outcome_Contractor/contracts/oc_export/constitutive_bridges.json:21407
health.subjective_wellbeing.happiness.overall,extraction_output_field,Outcome_Contractor,1,2,Outcome_Contractor/contracts/oc_export/ae_outcome_lookup.json:4457; Outcome_Contractor/contracts/oc_export/constitutive_bridges.json:21416
health.subjective_wellbeing.life_satisfaction,extraction_output_field,Outcome_Contractor,1,2,Outcome_Contractor/contracts/oc_export/ae_outcome_lookup.json:4462; Outcome_Contractor/contracts/oc_export/constitutive_bridges.json:21425
health.subjective_wellbeing.life_satisfaction.domain_specific,extraction_output_field,Outcome_Contractor,1,2,Outcome_Contractor/contracts/oc_export/ae_outcome_lookup.json:4467; Outcome_Contractor/contracts/oc_export/constitutive_bridges.json:21433
health.subjective_wellbeing.life_satisfaction.global,extraction_output_field,Outcome_Contractor,1,2,Outcome_Contractor/contracts/oc_export/ae_outcome_lookup.json:4472; Outcome_Contractor/contracts/oc_export/constitutive_bridges.json:21442
health.visual_comfort,extraction_output_field,Outcome_Contractor,1,2,Outcome_Contractor/contracts/oc_export/ae_outcome_lookup.json:4477; Outcome_Contractor/contracts/oc_export/constitutive_bridges.json:21451
heart_rate,enum_value,Article_Eater_PostQuinean_v1,1,1,Article_Eater_PostQuinean_v1/src/services/outcome_taxonomy.py:89
hello.py,extraction_output_field,BN_graphical,1,1,BN_graphical/test_venv_310/lib/python3.10/site-packages/setuptools/tests/test_editable_install.py:1101
helloworld.py,extraction_output_field,BN_graphical,1,3,BN_graphical/backups/broken_venvs/bn_venv_20260213_092600/lib/python3.12/site-packages/setuptools/tests/test_editable_install.py:750; BN_graphical/bn_venv_py311/lib/python3.11/site-packages/setuptools/tests/test_editable_install.py:750; BN_graphical/test_venv_310/lib/python3.10/site-packages/setuptools/tests/test_editable_install.py:751
heterogeneity_I2,extraction_output_field,Article_Eater_PostQuinean_v1,1,1,Article_Eater_PostQuinean_v1/tests/test_sprint6c_ingestion.py:257
heterogeneity_q,extraction_output_field,Outcome_Contractor,1,1,Outcome_Contractor/article_finder/type_specific_extractor.py:529
heterogeneity_tau,extraction_output_field,Outcome_Contractor,1,1,Outcome_Contractor/article_finder/type_specific_extractor.py:531
high_confidence,extraction_output_field,Article_Finder_v3_2_3,1,1,Article_Finder_v3_2_3/ingest/citation_parser.py:653
high_demand,extraction_output_field,Article_Eater_PostQuinean_v1,1,3,Article_Eater_PostQuinean_v1/contracts/vocab/task_taxonomy.json:13; Article_Eater_PostQuinean_v1/ruthless_bundle_2026-02-08/src/services/extraction_to_web.py:1158; Article_Eater_PostQuinean_v1/src/services/extraction_to_web.py:1243
high_demand_patterns,extraction_output_field,Article_Eater_PostQuinean_v1,1,1,Article_Eater_PostQuinean_v1/contracts/vocab/task_taxonomy.json:294
high_ratio,enum_value,BN_graphical,1,1,BN_graphical/bn_venv/lib/python3.14/site-packages/scipy/_lib/cobyqa/settings.py:57
history_effects,extraction_output_field,Outcome_Contractor,1,1,Outcome_Contractor/article_finder/type_specific_extractor.py:135
history_events,extraction_output_field,Article_Eater_PostQuinean_v1,1,4,Article_Eater_PostQuinean_v1/contracts/schemas/social_epistemology.schema.json:179; Article_Eater_PostQuinean_v1/contracts/schemas/social_epistemology.v1.schema.json:190; Article_Eater_PostQuinean_v1/ruthless_bundle_2026-02-08/contracts/schemas/social_epistemology.schema.json:179; Article_Eater_PostQuinean_v1/ruthless_bundle_2026-02-08/contracts/schemas/social_epistemology.v1.schema.json:190
history_size,enum_value,BN_graphical,1,1,BN_graphical/bn_venv/lib/python3.14/site-packages/scipy/_lib/cobyqa/settings.py:32
hit_count,database_column,BN_graphical,1,1,BN_graphical/migrations/002_add_coherence.sql:128
how_confident,enum_value,Article_Eater_PostQuinean_v1,1,2,Article_Eater_PostQuinean_v1/src/services/llm_query_bridge.py:47; Article_Eater_PostQuinean_v1/streamlit_app/api_client.py:39
how_connected,extraction_output_field,Outcome_Contractor,1,1,Outcome_Contractor/article_finder/seven_panel_extractor.py:905
how_much,enum_value,Article_Eater_PostQuinean_v1,1,1,Article_Eater_PostQuinean_v1/src/services/query_parser.py:37
html_inline,extraction_output_field,BN_graphical,1,1,BN_graphical/backups/broken_venvs/bn_venv_20260213_092600/lib/python3.12/site-packages/markdown_it/rules_core/linkify.py:53
http_status_code,database_column,Article_Eater_PostQuinean_v1,1,1,Article_Eater_PostQuinean_v1/migrations/006_discovery_funnel.sql:140
human_assigned,enum_value,Article_Eater_PostQuinean_v1,1,1,Article_Eater_PostQuinean_v1/src/services/bridge_warrants.py:93
human_label,enum_value,Article_Eater_PostQuinean_v1,1,1,Article_Eater_PostQuinean_v1/src/services/claim_gallery_builder.py:80
human_verified,extraction_output_field,Article_Eater_PostQuinean_v1,1,1,Article_Eater_PostQuinean_v1/contracts/schemas/provenance.v1.schema.json:89
hypothesis_paradigm,extraction_output_field,Outcome_Contractor,1,1,Outcome_Contractor/article_finder/seven_panel_extractor.py:1377
hypothesis_text,extraction_output_field,Article_Eater_PostQuinean_v1,1,4,Article_Eater_PostQuinean_v1/tests/test_sprint6c_ingestion.py:179; Article_Eater_PostQuinean_v1/tests/test_sprint6c_ingestion.py:180; Article_Eater_PostQuinean_v1/tests/test_sprint6c_ingestion.py:210; Article_Eater_PostQuinean_v1/tests/test_sprint6c_ingestion.py:223
identification_method,extraction_output_field,BN_graphical,1,1,BN_graphical/contracts/bn.api.v2.schema.json:369
identified_at,database_column,Article_Eater_PostQuinean_v1,1,1,Article_Eater_PostQuinean_v1/migrations/006_discovery_funnel.sql:49
identified_by,database_column,Article_Eater_PostQuinean_v1,1,1,Article_Eater_PostQuinean_v1/migrations/006_discovery_funnel.sql:54
identifies_moderator,enum_value,Article_Eater_PostQuinean_v1,1,1,Article_Eater_PostQuinean_v1/src/epistemic/edge_types.py:68
idn-email_re_pattern,extraction_output_field,BN_graphical,1,3,BN_graphical/backups/broken_venvs/bn_venv_20260213_092600/lib/python3.12/site-packages/setuptools/config/_validate_pyproject/fastjsonschema_validations.py:24; BN_graphical/bn_venv_py311/lib/python3.11/site-packages/setuptools/config/_validate_pyproject/fastjsonschema_validations.py:24; BN_graphical/test_venv_310/lib/python3.10/site-packages/setuptools/config/_validate_pyproject/fastjsonschema_validations.py:24
if_environment,extraction_output_field,Outcome_Contractor,1,1,Outcome_Contractor/article_finder/seven_panel_extractor.py:1392
if_images,extraction_output_field,Outcome_Contractor,1,1,Outcome_Contractor/article_finder/seven_panel_extractor.py:1391
if_plants,extraction_output_field,Outcome_Contractor,1,1,Outcome_Contractor/article_finder/seven_panel_extractor.py:1390
if_sounds,extraction_output_field,Outcome_Contractor,1,1,Outcome_Contractor/article_finder/seven_panel_extractor.py:1393
illustrative_quotes,extraction_output_field,Outcome_Contractor,1,1,Outcome_Contractor/article_finder/type_specific_extractor.py:444
image_2d,extraction_output_field,Tagging_Contractor,1,1,Tagging_Contractor/tools/tag_extraction_plan.py:199
image_3d,extraction_output_field,Tagging_Contractor,1,2,Tagging_Contractor/tools/tag_extraction_plan.py:171; Tagging_Contractor/tools/tag_extraction_plan.py:201
image_entry,extraction_output_field,Article_Eater_PostQuinean_v1,1,1,Article_Eater_PostQuinean_v1/contracts/ae_af/schemas/claim_gallery.v1.schema.json:162
image_list,extraction_output_field,Article_Eater_PostQuinean_v1,1,1,Article_Eater_PostQuinean_v1/contracts/ae_af/schemas/claim_gallery.v1.schema.json:142
image_pair,extraction_output_field,Article_Eater_PostQuinean_v1,1,1,Article_Eater_PostQuinean_v1/contracts/ae_af/schemas/claim_gallery.v1.schema.json:148
image_size,extraction_output_field,BN_graphical,1,3,BN_graphical/backups/broken_venvs/bn_venv_20260213_092600/lib/python3.12/site-packages/sklearn/feature_extraction/image.py:468; BN_graphical/bn_venv_py311/lib/python3.11/site-packages/sklearn/feature_extraction/image.py:468; BN_graphical/test_venv_310/lib/python3.10/site-packages/sklearn/feature_extraction/image.py:468
image_source,extraction_output_field,Tagging_Contractor,1,1,Tagging_Contractor/contracts/localized_image_tags.schema.json:11
image_sources,extraction_output_field,Article_Eater_PostQuinean_v1,1,2,Article_Eater_PostQuinean_v1/contracts/ae_af/schemas/claim_gallery.v1.schema.json:131; Article_Eater_PostQuinean_v1/src/services/claim_gallery_builder.py:441
immediately_after,enum_value,Article_Eater_PostQuinean_v1,1,1,Article_Eater_PostQuinean_v1/src/services/temporal_parser.py:78
immediately_before,enum_value,Article_Eater_PostQuinean_v1,1,1,Article_Eater_PostQuinean_v1/src/services/temporal_parser.py:77
implicit_cognitive,enum_value,Article_Eater_PostQuinean_v1,1,1,Article_Eater_PostQuinean_v1/src/methods/task_ecology.py:48
implicit_connection,enum_value,Article_Eater_PostQuinean_v1,1,1,Article_Eater_PostQuinean_v1/src/epistemic/contracts/edge_v2.py:18
implicit_physiological,enum_value,Article_Eater_PostQuinean_v1,1,1,Article_Eater_PostQuinean_v1/src/methods/task_ecology.py:49
improve_tcg,enum_value,BN_graphical,1,1,BN_graphical/bn_venv/lib/python3.14/site-packages/scipy/_lib/cobyqa/settings.py:68
in_progress,enum_value,Article_Eater_PostQuinean_v1,1,2,Article_Eater_PostQuinean_v1/app/routes/lifecycle.py:67; Article_Eater_PostQuinean_v1/src/services/paper_lifecycle.py:53
in_review,enum_value;extraction_output_field,BN_graphical,1,3,BN_graphical/src/ai_extraction/verification_queue.py:41; BN_graphical/src/ai_extraction/verification_queue.py:534; BN_graphical/src/ai_extraction/verification_queue.py:573
in_situ,extraction_output_field,Article_Eater_PostQuinean_v1,1,1,Article_Eater_PostQuinean_v1/contracts/vocab/task_taxonomy.json:152
include_coherence,extraction_output_field,BN_graphical,1,2,BN_graphical/contracts/bn.api.v2.schema.json:134; BN_graphical/contracts/bn.api.v2.schema.json:38
include_edge_justifications,extraction_output_field,BN_graphical,1,1,BN_graphical/contracts/ae_bn_bridge.v1.schema.json:223
include_gaps,extraction_output_field,Article_Eater_PostQuinean_v1,1,2,Article_Eater_PostQuinean_v1/contracts/ae_af/schemas/ae.query_request.v1.schema.json:82; Article_Eater_PostQuinean_v1/docs/MVP_CONTRACTS.md:150
included_studies,extraction_output_field,Article_Eater_PostQuinean_v1,1,2,Article_Eater_PostQuinean_v1/tests/test_sprint6c_ingestion.py:261; Article_Eater_PostQuinean_v1/tests/test_sprint6c_ingestion.py:349
includes_in_synthesis,enum_value,Article_Eater_PostQuinean_v1,1,1,Article_Eater_PostQuinean_v1/src/epistemic/edge_types.py:66
inclusion_criteria,extraction_output_field,Outcome_Contractor,1,2,Outcome_Contractor/article_finder/type_specific_extractor.py:517; Outcome_Contractor/article_finder/type_specific_extractor.py:570
incoherent_pairs,extraction_output_field,BN_graphical,1,1,BN_graphical/contracts/bn.api.v2.schema.json:290
incorrect_fields,extraction_output_field,BN_graphical,1,1,BN_graphical/src/ai_extraction/verification_queue.py:154
increase_radius_factor,enum_value,BN_graphical,1,1,BN_graphical/bn_venv/lib/python3.14/site-packages/scipy/_lib/cobyqa/settings.py:50
increase_radius_threshold,enum_value,BN_graphical,1,1,BN_graphical/bn_venv/lib/python3.14/site-packages/scipy/_lib/cobyqa/settings.py:51
independence_of_evidence,bn_node_definition,Article_Eater_PostQuinean_v1,1,1,Article_Eater_PostQuinean_v1/src/epistemic/bn_nodes.py:216
independent_variable,extraction_output_field,Outcome_Contractor,1,1,Outcome_Contractor/article_finder/seven_panel_extractor.py:1412
independent_variable_levels,extraction_output_field,Outcome_Contractor,1,1,Outcome_Contractor/article_finder/seven_panel_extractor.py:1413
indexToLocFormat,extraction_output_field,BN_graphical,1,3,BN_graphical/backups/broken_venvs/bn_venv_20260213_092600/lib/python3.12/site-packages/fontTools/merge/tables.py:60; BN_graphical/bn_venv_py311/lib/python3.11/site-packages/fontTools/merge/tables.py:60; BN_graphical/test_venv_310/lib/python3.10/site-packages/fontTools/merge/tables.py:60
indicator_id,extraction_output_field,Article_Eater_PostQuinean_v1,1,1,Article_Eater_PostQuinean_v1/schemas/panel_measures.schema.json:40
indicator_ids,extraction_output_field,Article_Eater_PostQuinean_v1,1,3,Article_Eater_PostQuinean_v1/schemas/panel_findings_v2.schema.json:15; Article_Eater_PostQuinean_v1/schemas/panel_measures.schema.json:12; Article_Eater_PostQuinean_v1/src/services/rulegraph_v2_builder.py:106
indirectly_testable,enum_value,Article_Eater_PostQuinean_v1,1,1,Article_Eater_PostQuinean_v1/src/models/theory_models.py:69
individual_differences,extraction_output_field,Outcome_Contractor,1,1,Outcome_Contractor/article_finder/type_specific_extractor.py:212
indoor_environmental_quality,extraction_output_field,Outcome_Contractor,1,1,Outcome_Contractor/article_finder/seven_panel_extractor.py:182
indoor_plants,extraction_output_field,Article_Eater_PostQuinean_v1,1,2,Article_Eater_PostQuinean_v1/ruthless_bundle_2026-02-08/src/services/scope_extractor.py:193; Article_Eater_PostQuinean_v1/src/services/scope_extractor.py:193
inference_basis,extraction_output_field,Article_Eater_PostQuinean_v1,1,3,Article_Eater_PostQuinean_v1/contracts/ae_af/schemas/ae.claim.v2.schema.json:312; Article_Eater_PostQuinean_v1/ruthless_bundle_2026-02-08/src/services/extraction_to_web.py:250; Article_Eater_PostQuinean_v1/src/services/extraction_to_web.py:263
inference_confidence,extraction_output_field,Article_Eater_PostQuinean_v1,1,14,Article_Eater_PostQuinean_v1/contracts/vocab/task_taxonomy.json:193; Article_Eater_PostQuinean_v1/contracts/vocab/task_taxonomy.json:200; Article_Eater_PostQuinean_v1/contracts/vocab/task_taxonomy.json:208; Article_Eater_PostQuinean_v1/contracts/vocab/task_taxonomy.json:216
inference_rules,extraction_output_field,Outcome_Contractor,1,1,Outcome_Contractor/contracts/oc_export/bn_outcome_nodes.json:17836
inference_semantics,extraction_output_field,Outcome_Contractor,1,1,Outcome_Contractor/contracts/oc_export/constitutive_bridges.json:8
inference_strength,extraction_output_field,Article_Eater_PostQuinean_v1,1,3,Article_Eater_PostQuinean_v1/contracts/vocab/argument_schemes.json:112; Article_Eater_PostQuinean_v1/contracts/vocab/argument_schemes.json:117; Article_Eater_PostQuinean_v1/contracts/vocab/argument_schemes.json:122
inference_trace,extraction_output_field,Article_Eater_PostQuinean_v1,1,2,Article_Eater_PostQuinean_v1/ruthless_bundle_2026-02-08/src/services/extraction_to_web.py:241; Article_Eater_PostQuinean_v1/src/services/extraction_to_web.py:254
inferred_fields,extraction_output_field,Article_Eater_PostQuinean_v1,1,2,Article_Eater_PostQuinean_v1/ruthless_bundle_2026-02-08/src/services/scope_extractor.py:271; Article_Eater_PostQuinean_v1/src/services/scope_extractor.py:271
ingested_at,database_column,Article_Eater_PostQuinean_v1,1,3,Article_Eater_PostQuinean_v1/db/sql/015_complete_schema.sql:43; Article_Eater_PostQuinean_v1/db/sql/015_core_tables.sql:40; Article_Eater_PostQuinean_v1/init_database.py:65
initial_sample,extraction_output_field,Outcome_Contractor,1,1,Outcome_Contractor/article_finder/type_specific_extractor.py:352
input_type,extraction_output_field,BN_graphical,1,3,BN_graphical/backups/broken_venvs/bn_venv_20260213_092600/lib/python3.12/site-packages/sklearn/feature_extraction/_hash.py:109; BN_graphical/bn_venv_py311/lib/python3.11/site-packages/sklearn/feature_extraction/_hash.py:109; BN_graphical/test_venv_310/lib/python3.10/site-packages/sklearn/feature_extraction/_hash.py:109
institutional_power,extraction_output_field,Article_Eater_PostQuinean_v1,1,4,Article_Eater_PostQuinean_v1/contracts/schemas/social_epistemology.schema.json:157; Article_Eater_PostQuinean_v1/contracts/schemas/social_epistemology.v1.schema.json:96; Article_Eater_PostQuinean_v1/ruthless_bundle_2026-02-08/contracts/schemas/social_epistemology.schema.json:157; Article_Eater_PostQuinean_v1/ruthless_bundle_2026-02-08/contracts/schemas/social_epistemology.v1.schema.json:96
instrument_specific,extraction_output_field,Article_Eater_PostQuinean_v1,1,1,Article_Eater_PostQuinean_v1/contracts/vocab/task_taxonomy.json:164
instruments_used,extraction_output_field,Article_Eater_PostQuinean_v1,1,4,Article_Eater_PostQuinean_v1/contracts/schemas/social_epistemology.schema.json:216; Article_Eater_PostQuinean_v1/contracts/schemas/social_epistemology.v1.schema.json:221; Article_Eater_PostQuinean_v1/ruthless_bundle_2026-02-08/contracts/schemas/social_epistemology.schema.json:216; Article_Eater_PostQuinean_v1/ruthless_bundle_2026-02-08/contracts/schemas/social_epistemology.v1.schema.json:221
insufficient_coverage,extraction_output_field,Article_Eater_PostQuinean_v1,1,2,Article_Eater_PostQuinean_v1/contracts/ae_af/schemas/selection_log.v1.schema.json:102; Article_Eater_PostQuinean_v1/src/services/claim_gallery_builder.py:1071
integrated_confidence,extraction_output_field,BN_graphical,1,1,BN_graphical/contracts/bn.api.v2.schema.json:319
integration_method,extraction_output_field,Outcome_Contractor,1,1,Outcome_Contractor/article_finder/type_specific_extractor.py:484
integration_plan,extraction_output_field,Article_Eater_PostQuinean_v1,1,1,Article_Eater_PostQuinean_v1/contracts/vocab/task_taxonomy.json:343
integration_point,extraction_output_field,Outcome_Contractor,1,1,Outcome_Contractor/article_finder/type_specific_extractor.py:483
integration_report,extraction_output_field,Article_Eater_PostQuinean_v1,1,1,Article_Eater_PostQuinean_v1/contracts/ae_af/schemas/ae.web_state.v1.schema.json:188
integration_score,extraction_output_field,Article_Eater_PostQuinean_v1,1,1,Article_Eater_PostQuinean_v1/contracts/schemas/provenance.v1.schema.json:61
inter_rater,extraction_output_field,Article_Eater_PostQuinean_v1,1,1,Article_Eater_PostQuinean_v1/contracts/schemas/experiential_claim.v1.schema.json:122
inter_rater_reliability,extraction_output_field,Outcome_Contractor,1,1,Outcome_Contractor/article_finder/type_specific_extractor.py:243
interacting_rules,extraction_output_field,Article_Eater_PostQuinean_v1,1,1,Article_Eater_PostQuinean_v1/archive/docs/handoffs/_ontology_rule_system_summary_a bit ago.md:534
interaction_id,database_column,Article_Eater_PostQuinean_v1,1,1,Article_Eater_PostQuinean_v1/db/sql/016_rule_interactions.sql:2
interaction_type,database_column;extraction_output_field,Article_Eater_PostQuinean_v1,1,2,Article_Eater_PostQuinean_v1/archive/docs/handoffs/_ontology_rule_system_summary_a bit ago.md:535; Article_Eater_PostQuinean_v1/db/sql/016_rule_interactions.sql:5
internal_consistency,extraction_output_field,Article_Eater_PostQuinean_v1,1,1,Article_Eater_PostQuinean_v1/contracts/schemas/experiential_claim.v1.schema.json:121
interpretation_data,enum_value,Article_Eater_PostQuinean_v1,1,1,Article_Eater_PostQuinean_v1/src/epistemic/monitors/cross_type_coherence.py:31
interprets_as,enum_value,Article_Eater_PostQuinean_v1,1,1,Article_Eater_PostQuinean_v1/src/epistemic/edge_types.py:92
interview_approach,extraction_output_field,Outcome_Contractor,1,1,Outcome_Contractor/article_finder/type_specific_extractor.py:283
interview_duration,extraction_output_field,Outcome_Contractor,1,1,Outcome_Contractor/article_finder/type_specific_extractor.py:436
interview_format,extraction_output_field,Outcome_Contractor,1,1,Outcome_Contractor/article_finder/type_specific_extractor.py:433
interview_guide,extraction_output_field,Outcome_Contractor,1,1,Outcome_Contractor/article_finder/type_specific_extractor.py:435
interview_structure,extraction_output_field,Outcome_Contractor,1,1,Outcome_Contractor/article_finder/type_specific_extractor.py:434
inverted_u,enum_value,Article_Eater_PostQuinean_v1,1,1,Article_Eater_PostQuinean_v1/src/models/theory_models.py:85
ip_address,database_column,Tagging_Contractor,1,4,Tagging_Contractor/Archive 2/backend/app/db/database.py:178; Tagging_Contractor/Archive 2/backend/app/db/schema.sql:72; Tagging_Contractor/backend/app/db/database.py:178; Tagging_Contractor/backend/app/db/schema.sql:72
isFixedPitch,extraction_output_field,BN_graphical,1,3,BN_graphical/backups/broken_venvs/bn_venv_20260213_092600/lib/python3.12/site-packages/fontTools/merge/tables.py:185; BN_graphical/bn_venv_py311/lib/python3.11/site-packages/fontTools/merge/tables.py:185; BN_graphical/test_venv_310/lib/python3.10/site-packages/fontTools/merge/tables.py:185
is_active,database_column,BN_graphical,1,1,BN_graphical/migrations/003_add_epistemology.sql:16
is_admin,extraction_output_field,Article_Eater_PostQuinean_v1,1,1,Article_Eater_PostQuinean_v1/apps/user_rules_gui/app.py:37
is_causal,extraction_output_field,Article_Eater_PostQuinean_v1,1,5,Article_Eater_PostQuinean_v1/contracts/ae_af/schemas/ae.query_response.v1.schema.json:301; Article_Eater_PostQuinean_v1/docs/MVP_CONTRACTS.md:199; Article_Eater_PostQuinean_v1/tests/test_ingestion_routes.py:142; Article_Eater_PostQuinean_v1/tests/test_ingestion_routes.py:193
is_coherent,database_column;extraction_output_field,BN_graphical,1,2,BN_graphical/contracts/bn.api.v2.schema.json:318; BN_graphical/migrations/002_add_coherence.sql:18
is_equilibrium,database_column;extraction_output_field,BN_graphical,1,2,BN_graphical/contracts/bn.epistemology.v1.schema.json:276; BN_graphical/migrations/002_add_coherence.sql:54
is_forward,database_column;extraction_output_field,BN_graphical,1,2,BN_graphical/contracts/bn.epistemology.v1.schema.json:348; BN_graphical/migrations/003_add_epistemology.sql:82
is_leaf,extraction_output_field,Outcome_Contractor,1,839,Outcome_Contractor/contracts/oc_export/bn_outcome_nodes.json:10007; Outcome_Contractor/contracts/oc_export/bn_outcome_nodes.json:10027; Outcome_Contractor/contracts/oc_export/bn_outcome_nodes.json:10047; Outcome_Contractor/contracts/oc_export/bn_outcome_nodes.json:10067
is_open_access,database_column;extraction_output_field,Article_Eater_PostQuinean_v1,1,4,Article_Eater_PostQuinean_v1/db/sql/015_complete_schema.sql:40; Article_Eater_PostQuinean_v1/db/sql/015_core_tables.sql:37; Article_Eater_PostQuinean_v1/init_database.py:62; Article_Eater_PostQuinean_v1/schemas/article.schema.json:52
is_pe_claim,extraction_output_field,Article_Eater_PostQuinean_v1,1,1,Article_Eater_PostQuinean_v1/src/epistemic/extraction/pe_classifier.py:200
is_primary,database_column,BN_graphical,1,2,BN_graphical/migrations/005_sprint1_schemas.sql:265; BN_graphical/migrations/005_sprint1_schemas.sql:276
is_referenced_by_count,extraction_output_field,Article_Finder_v3_2_3,1,1,Article_Finder_v3_2_3/ingest/doi_resolver.py:291
is_replication,database_column;extraction_output_field,BN_graphical,1,2,BN_graphical/migrations/006_sprint2_enhanced_edges.sql:83; BN_graphical/src/schemas/enhanced_edge.py:219
is_required,database_column,BN_graphical,1,1,BN_graphical/migrations/001_add_mechanisms.sql:47
is_resolved,extraction_output_field,Article_Eater_PostQuinean_v1,1,4,Article_Eater_PostQuinean_v1/contracts/schemas/social_epistemology.schema.json:297; Article_Eater_PostQuinean_v1/contracts/schemas/social_epistemology.v1.schema.json:297; Article_Eater_PostQuinean_v1/ruthless_bundle_2026-02-08/contracts/schemas/social_epistemology.schema.json:297; Article_Eater_PostQuinean_v1/ruthless_bundle_2026-02-08/contracts/schemas/social_epistemology.v1.schema.json:297
is_stable,extraction_output_field,BN_graphical,1,1,BN_graphical/src/schemas/outcome_taxonomy.py:226
is_stub,extraction_output_field,Article_Eater_PostQuinean_v1,1,3,Article_Eater_PostQuinean_v1/contracts/ae_af/schemas/ae.extended_outcome_lookup.v1.schema.json:67; Article_Eater_PostQuinean_v1/ruthless_bundle_2026-02-08/src/services/extraction_to_web.py:239; Article_Eater_PostQuinean_v1/src/services/extraction_to_web.py:252
is_test_set,database_column,BN_graphical,1,2,BN_graphical/database/01_core_tables.sql:30; BN_graphical/database/schema.sql:30
is_transient,extraction_output_field,BN_graphical,1,1,BN_graphical/src/schemas/outcome_taxonomy.py:225
is_valid,database_column;extraction_output_field,BN_graphical,1,2,BN_graphical/contracts/bn.api.v2.schema.json:423; BN_graphical/migrations/002_add_coherence.sql:80
is_validation_set,database_column,BN_graphical,1,2,BN_graphical/database/01_core_tables.sql:29; BN_graphical/database/schema.sql:29
is_weird,extraction_output_field,BN_graphical,1,1,BN_graphical/src/schemas/population_qualifier.py:264
is_well_specified,extraction_output_field,BN_graphical,1,1,BN_graphical/src/schemas/mechanism_specification.py:344
isolated_definition,enum_value,Article_Eater_PostQuinean_v1,1,1,Article_Eater_PostQuinean_v1/src/epistemic/monitors/cross_type_coherence.py:44
isovist.area_25d,extraction_output_field,Article_Eater_PostQuinean_v1,1,2,Article_Eater_PostQuinean_v1/contracts/vocab/environment_lookup.json:1370; Article_Eater_PostQuinean_v1/contracts/vocab/environment_lookup.json:4018
isovist.compactness_25d,extraction_output_field,Article_Eater_PostQuinean_v1,1,2,Article_Eater_PostQuinean_v1/contracts/vocab/environment_lookup.json:1372; Article_Eater_PostQuinean_v1/contracts/vocab/environment_lookup.json:4025
isovist.confidence,extraction_output_field,Article_Eater_PostQuinean_v1,1,2,Article_Eater_PostQuinean_v1/contracts/vocab/environment_lookup.json:1374; Article_Eater_PostQuinean_v1/contracts/vocab/environment_lookup.json:4032
item_counter,extraction_output_field,BN_graphical,1,1,BN_graphical/src/ai_extraction/verification_queue.py:577
items_by_type,extraction_output_field,Article_Finder_v3_2_3,1,1,Article_Finder_v3_2_3/ingest/zotero_bridge.py:312
items_with_doi,extraction_output_field,Article_Finder_v3_2_3,1,1,Article_Finder_v3_2_3/ingest/zotero_bridge.py:309
items_with_pdf,extraction_output_field,Article_Finder_v3_2_3,1,1,Article_Finder_v3_2_3/ingest/zotero_bridge.py:310
iv_levels,extraction_output_field,Outcome_Contractor,1,1,Outcome_Contractor/article_finder/type_specific_extractor.py:68
iv_name,extraction_output_field,Outcome_Contractor,1,1,Outcome_Contractor/article_finder/type_specific_extractor.py:67
iv_operationalization,extraction_output_field,Outcome_Contractor,1,3,Outcome_Contractor/article_finder/seven_panel_extractor.py:131; Outcome_Contractor/article_finder/seven_panel_extractor.py:1379; Outcome_Contractor/article_finder/type_specific_extractor.py:69
jax.numpy,enum_value;extraction_output_field,BN_graphical,1,2,BN_graphical/bn_venv/lib/python3.14/site-packages/scipy/_lib/_array_api_docs_tables.py:67; BN_graphical/bn_venv/lib/python3.14/site-packages/scipy/_lib/array_api_extra/_lib/_backends.py:36
jax.numpy:gpu,enum_value,BN_graphical,1,1,BN_graphical/bn_venv/lib/python3.14/site-packages/scipy/_lib/array_api_extra/_lib/_backends.py:37
journal_cluster,enum_value,Article_Eater_PostQuinean_v1,1,2,Article_Eater_PostQuinean_v1/ruthless_bundle_2026-02-08/src/services/social_epistemology.py:61; Article_Eater_PostQuinean_v1/src/services/social_epistemology.py:61
justification_status,extraction_output_field,Article_Eater_PostQuinean_v1,1,2,Article_Eater_PostQuinean_v1/contracts/schemas/integration.edge_justification.v1.schema.json:144; Article_Eater_PostQuinean_v1/contracts/schemas/provenance.v1.schema.json:42
k_studies,extraction_output_field,Outcome_Contractor,1,7,Outcome_Contractor/article_finder/exemplary_extraction_tables.md:2577; Outcome_Contractor/article_finder/exemplary_extraction_tables.md:2583; Outcome_Contractor/article_finder/exemplary_extraction_tables.md:2589; Outcome_Contractor/article_finder/exemplary_extraction_tables.md:2626
kaplan_features,extraction_output_field,Outcome_Contractor,1,2,Outcome_Contractor/article_finder/exemplary_extraction_tables.md:2189; Outcome_Contractor/docs/PANEL_CONSULTATION_EXTRACTION_TABLES_2026_02_08.md:531
keep_start,enum_value,BN_graphical,1,3,BN_graphical/backups/broken_venvs/bn_venv_20260213_092600/lib/python3.12/site-packages/fontTools/pens/pointPen.py:53; BN_graphical/bn_venv_py311/lib/python3.11/site-packages/fontTools/pens/pointPen.py:53; BN_graphical/test_venv_310/lib/python3.10/site-packages/fontTools/pens/pointPen.py:53
key_claims,extraction_output_field,Outcome_Contractor,1,1,Outcome_Contractor/article_finder/type_specific_extractor.py:687
key_concepts,extraction_output_field,Article_Eater_PostQuinean_v1,1,1,Article_Eater_PostQuinean_v1/tests/test_sprint6c_ingestion.py:194
key_constructs,extraction_output_field,Outcome_Contractor,1,1,Outcome_Contractor/article_finder/type_specific_extractor.py:650
key_correlations,extraction_output_field,Outcome_Contractor,1,1,Outcome_Contractor/article_finder/type_specific_extractor.py:170
key_decision,extraction_output_field,Article_Eater_PostQuinean_v1,1,1,Article_Eater_PostQuinean_v1/contracts/vocab/institution_tiers.json:12
key_events,extraction_output_field,Outcome_Contractor,1,1,Outcome_Contractor/article_finder/type_specific_extractor.py:404
key_evidence,extraction_output_field,Article_Eater_PostQuinean_v1,1,2,Article_Eater_PostQuinean_v1/contracts/ae_af/schemas/ae.query_response.v1.schema.json:157; Article_Eater_PostQuinean_v1/docs/MVP_CONTRACTS.md:192
key_exclusions,extraction_output_field,Article_Eater_PostQuinean_v1,1,2,Article_Eater_PostQuinean_v1/schemas/panel_subjects.schema.json:43; Article_Eater_PostQuinean_v1/schemas/rule_graph.schema.json:93
key_hash,database_column,Tagging_Contractor,1,4,Tagging_Contractor/Archive 2/backend/app/db/database.py:184; Tagging_Contractor/Archive 2/backend/app/db/schema.sql:85; Tagging_Contractor/backend/app/db/database.py:184; Tagging_Contractor/backend/app/db/schema.sql:85
key_inclusions,extraction_output_field,Article_Eater_PostQuinean_v1,1,2,Article_Eater_PostQuinean_v1/schemas/panel_subjects.schema.json:52; Article_Eater_PostQuinean_v1/schemas/rule_graph.schema.json:102
key_informants,extraction_output_field,Outcome_Contractor,1,1,Outcome_Contractor/article_finder/type_specific_extractor.py:321
key_prefix,database_column,Tagging_Contractor,1,4,Tagging_Contractor/Archive 2/backend/app/db/database.py:185; Tagging_Contractor/Archive 2/backend/app/db/schema.sql:86; Tagging_Contractor/backend/app/db/database.py:185; Tagging_Contractor/backend/app/db/schema.sql:86
key_studies,extraction_output_field,Article_Eater_PostQuinean_v1,1,1,Article_Eater_PostQuinean_v1/tests/test_sprint6c_ingestion.py:301
key_themes,extraction_output_field,Outcome_Contractor,1,1,Outcome_Contractor/article_finder/type_specific_extractor.py:608
key_theories,extraction_output_field,Article_Eater_PostQuinean_v1,1,1,Article_Eater_PostQuinean_v1/contracts/schemas/integration.edge_justification.v1.schema.json:163
keys_capi,extraction_output_field,BN_graphical,1,24,BN_graphical/backups/broken_venvs/bn_venv_20260213_092600/lib/python3.12/site-packages/numpy/f2py/rules.py:1023; BN_graphical/backups/broken_venvs/bn_venv_20260213_092600/lib/python3.12/site-packages/numpy/f2py/rules.py:1092; BN_graphical/backups/broken_venvs/bn_venv_20260213_092600/lib/python3.12/site-packages/numpy/f2py/rules.py:376; BN_graphical/backups/broken_venvs/bn_venv_20260213_092600/lib/python3.12/site-packages/numpy/f2py/rules.py:808
keys_xa,extraction_output_field,BN_graphical,1,16,BN_graphical/backups/broken_venvs/bn_venv_20260213_092600/lib/python3.12/site-packages/numpy/f2py/rules.py:1060; BN_graphical/backups/broken_venvs/bn_venv_20260213_092600/lib/python3.12/site-packages/numpy/f2py/rules.py:1074; BN_graphical/backups/broken_venvs/bn_venv_20260213_092600/lib/python3.12/site-packages/numpy/f2py/rules.py:389; BN_graphical/backups/broken_venvs/bn_venv_20260213_092600/lib/python3.12/site-packages/numpy/f2py/rules.py:809
keyword_patterns,extraction_output_field,Article_Eater_PostQuinean_v1,1,1,Article_Eater_PostQuinean_v1/contracts/vocab/task_taxonomy.json:291
known_exceptions,database_column;extraction_output_field,Article_Eater_PostQuinean_v1,1,3,Article_Eater_PostQuinean_v1/db/sql/017_theories.sql:162; Article_Eater_PostQuinean_v1/ruthless_bundle_2026-02-08/src/services/extraction_to_web.py:1492; Article_Eater_PostQuinean_v1/src/services/extraction_to_web.py:1616
lab_abstract,enum_value,Article_Eater_PostQuinean_v1,1,1,Article_Eater_PostQuinean_v1/src/services/validation.py:103
lab_cognitive_task,enum_value,Article_Eater_PostQuinean_v1,1,1,Article_Eater_PostQuinean_v1/src/methods/task_ecology.py:35
lab_photos,enum_value,Article_Eater_PostQuinean_v1,1,1,Article_Eater_PostQuinean_v1/src/services/validation.py:102
lab_task,extraction_output_field,Article_Eater_PostQuinean_v1,1,1,Article_Eater_PostQuinean_v1/contracts/vocab/task_taxonomy.json:142
lab_video,enum_value,Article_Eater_PostQuinean_v1,1,1,Article_Eater_PostQuinean_v1/src/services/validation.py:101
lab_vr,enum_value,Article_Eater_PostQuinean_v1,1,1,Article_Eater_PostQuinean_v1/src/services/validation.py:100
lagged_effects,extraction_output_field,Outcome_Contractor,1,1,Outcome_Contractor/article_finder/type_specific_extractor.py:215
language_restrictions,extraction_output_field,Outcome_Contractor,1,1,Outcome_Contractor/article_finder/type_specific_extractor.py:568
large_gradient_factor,enum_value,BN_graphical,1,1,BN_graphical/bn_venv/lib/python3.14/site-packages/scipy/_lib/cobyqa/settings.py:66
large_group,extraction_output_field,Article_Eater_PostQuinean_v1,1,1,Article_Eater_PostQuinean_v1/contracts/vocab/task_taxonomy.json:53
large_resolution_threshold,enum_value,BN_graphical,1,1,BN_graphical/bn_venv/lib/python3.14/site-packages/scipy/_lib/cobyqa/settings.py:54
large_shift_factor,enum_value,BN_graphical,1,1,BN_graphical/bn_venv/lib/python3.14/site-packages/scipy/_lib/cobyqa/settings.py:65
last_computed,extraction_output_field,Article_Eater_PostQuinean_v1,1,1,Article_Eater_PostQuinean_v1/contracts/schemas/epistemic_status.v1.schema.json:87
last_event_ts,extraction_output_field,Article_Eater_PostQuinean_v1,1,1,Article_Eater_PostQuinean_v1/scripts/run_realtime_table_rule_intake.py:267
last_item_id,extraction_output_field,Article_Finder_v3_2_3,1,1,Article_Finder_v3_2_3/ingest/zotero_connector.py:410
last_paper_id,extraction_output_field,Article_Eater_PostQuinean_v1,1,1,Article_Eater_PostQuinean_v1/scripts/run_realtime_table_rule_intake.py:267
last_processed_at,database_column,Article_Eater_PostQuinean_v1,1,1,Article_Eater_PostQuinean_v1/db/sql/018_paper_lifecycle.sql:138
last_reviewed,extraction_output_field,Article_Eater_PostQuinean_v1,1,1,Article_Eater_PostQuinean_v1/contracts/vocab/institution_tiers.json:105
last_searched_at,database_column,Article_Eater_PostQuinean_v1,1,1,Article_Eater_PostQuinean_v1/migrations/006_discovery_funnel.sql:50
last_sync,extraction_output_field,Article_Finder_v3_2_3,1,3,Article_Finder_v3_2_3/ingest/zotero_connector.py:410; Article_Finder_v3_2_3/ingest/zotero_connector.py:511; Article_Finder_v3_2_3/ingest/zotero_connector.py:525
latin_american,enum_value,BN_graphical,1,1,BN_graphical/src/schemas/population_qualifier.py:49
layer_conflicts,enum_value,Article_Eater_PostQuinean_v1,1,1,Article_Eater_PostQuinean_v1/src/services/cross_layer_query.py:32
leaf_nodes,extraction_output_field,Outcome_Contractor,1,1,Outcome_Contractor/contracts/oc_export/bn_outcome_nodes.json:17853
learned_edges,extraction_output_field,BN_graphical,1,1,BN_graphical/contracts/bn.api.v2.schema.json:430
lessons_learned,extraction_output_field,Outcome_Contractor,1,1,Outcome_Contractor/article_finder/type_specific_extractor.py:410
level_confidences,extraction_output_field,BN_graphical,1,1,BN_graphical/src/ai_extraction/mechanism_classifier.py:72
level_counts,extraction_output_field,BN_graphical,1,1,BN_graphical/src/schemas/mechanism_specification.py:449
level_distance,database_column;extraction_output_field,BN_graphical,1,2,BN_graphical/contracts/bn.epistemology.v1.schema.json:349; BN_graphical/migrations/003_add_epistemology.sql:83
level_distribution,extraction_output_field,Article_Eater_PostQuinean_v1,1,1,Article_Eater_PostQuinean_v1/contracts/ae_af/schemas/ae.coherence_summary.v1.schema.json:98
level_dynamics,extraction_output_field,Article_Eater_PostQuinean_v1,1,1,Article_Eater_PostQuinean_v1/archive/docs/handoffs/_ontology_rule_system_summary_a bit ago.md:517
level_justification,database_column;extraction_output_field,BN_graphical,1,2,BN_graphical/migrations/005_sprint1_schemas.sql:191; BN_graphical/src/schemas/mechanism_specification.py:322
level_of_analysis,extraction_output_field,BN_graphical,1,1,BN_graphical/src/schemas/outcome_taxonomy.py:212
level_weight,database_column,Article_Eater_PostQuinean_v1,1,1,Article_Eater_PostQuinean_v1/migrations/005_add_entrenchment_tracker.sql:29
levels_compared,extraction_output_field,Article_Eater_PostQuinean_v1,1,1,Article_Eater_PostQuinean_v1/schemas/panel_heterogeneity.schema.json:30
license_notes,extraction_output_field,Article_Eater_PostQuinean_v1,1,2,Article_Eater_PostQuinean_v1/contracts/ae_af/schemas/claim_gallery.v1.schema.json:132; Article_Eater_PostQuinean_v1/src/services/claim_gallery_builder.py:442
light.artificial,extraction_output_field,Outcome_Contractor,1,1,Outcome_Contractor/article_finder/ae_claim_extractor.py:161
light.cct,extraction_output_field,Outcome_Contractor,1,1,Outcome_Contractor/article_finder/ae_claim_extractor.py:163
light.daylight,extraction_output_field,Outcome_Contractor,1,1,Outcome_Contractor/article_finder/ae_claim_extractor.py:160
light.illuminance,extraction_output_field,Outcome_Contractor,1,1,Outcome_Contractor/article_finder/ae_claim_extractor.py:162
likely_failure,enum_value;extraction_output_field,Article_Eater_PostQuinean_v1,1,4,Article_Eater_PostQuinean_v1/contracts/ae_af/schemas/claim_gallery.v1.schema.json:113; Article_Eater_PostQuinean_v1/contracts/ae_af/schemas/gallery_selection_config.v1.schema.json:39; Article_Eater_PostQuinean_v1/contracts/ae_af/schemas/selection_log.v1.schema.json:40; Article_Eater_PostQuinean_v1/src/services/claim_gallery_builder.py:64
limitations_acknowledged,extraction_output_field,Outcome_Contractor,1,1,Outcome_Contractor/article_finder/type_specific_extractor.py:696
limitations_confounds,extraction_output_field,Article_Eater_PostQuinean_v1,1,1,Article_Eater_PostQuinean_v1/schemas/seven_panel.schema.json:28
link_close,extraction_output_field,BN_graphical,1,1,BN_graphical/backups/broken_venvs/bn_venv_20260213_092600/lib/python3.12/site-packages/markdown_it/rules_core/linkify.py:43
literature_link_only,enum_value,Article_Eater_PostQuinean_v1,1,1,Article_Eater_PostQuinean_v1/src/services/claim_gallery_builder.py:89
literature_map,enum_value,Article_Eater_PostQuinean_v1,1,1,Article_Eater_PostQuinean_v1/src/services/report_generator.py:47
literature_review,enum_value,Article_Eater_PostQuinean_v1,1,2,Article_Eater_PostQuinean_v1/src/services/export_bundles.py:57; Article_Eater_PostQuinean_v1/src/services/export_engine.py:44
literature_support,extraction_output_field,BN_graphical,1,1,BN_graphical/src/mechanisms/mechanism_schema.py:113
llm_inferred,enum_value,Article_Eater_PostQuinean_v1,1,1,Article_Eater_PostQuinean_v1/src/services/bridge_warrants.py:92
llm_result,extraction_output_field,BN_graphical,1,1,BN_graphical/src/ai_extraction/verification_queue.py:113
llm_usage,extraction_output_field,BN_graphical,1,1,BN_graphical/src/ai_extraction/extraction_pipeline.py:467
log_id,extraction_output_field,Article_Eater_PostQuinean_v1,1,2,Article_Eater_PostQuinean_v1/contracts/ae_af/schemas/selection_log.v1.schema.json:17; Article_Eater_PostQuinean_v1/src/services/claim_gallery_builder.py:570
long_delay,extraction_output_field,Article_Eater_PostQuinean_v1,1,2,Article_Eater_PostQuinean_v1/ruthless_bundle_2026-02-08/src/services/scope_extractor.py:208; Article_Eater_PostQuinean_v1/src/services/scope_extractor.py:208
longitudinal_study,enum_value,Outcome_Contractor,1,2,Outcome_Contractor/article_finder/article_type_classifier.py:21; Outcome_Contractor/contracts/article_extraction_contracts.py:30
lookup_function,extraction_output_field,Article_Eater_PostQuinean_v1,1,1,Article_Eater_PostQuinean_v1/contracts/vocab/institution_tiers.json:97
low_confidence,extraction_output_field,Article_Finder_v3_2_3,1,1,Article_Finder_v3_2_3/ingest/citation_parser.py:655
low_demand,extraction_output_field,Article_Eater_PostQuinean_v1,1,3,Article_Eater_PostQuinean_v1/contracts/vocab/task_taxonomy.json:20; Article_Eater_PostQuinean_v1/ruthless_bundle_2026-02-08/src/services/extraction_to_web.py:1170; Article_Eater_PostQuinean_v1/src/services/extraction_to_web.py:1255
low_demand_patterns,extraction_output_field,Article_Eater_PostQuinean_v1,1,1,Article_Eater_PostQuinean_v1/contracts/vocab/task_taxonomy.json:306
low_independence,enum_value,Article_Eater_PostQuinean_v1,1,1,Article_Eater_PostQuinean_v1/src/epistemic/monitors/bias_detection.py:26
low_method_diversity,enum_value,Article_Eater_PostQuinean_v1,1,1,Article_Eater_PostQuinean_v1/src/epistemic/monitors/bias_detection.py:28
low_paradigm_diversity,enum_value,Article_Eater_PostQuinean_v1,1,1,Article_Eater_PostQuinean_v1/src/epistemic/monitors/bias_detection.py:27
low_radius_factor,enum_value,BN_graphical,1,1,BN_graphical/bn_venv/lib/python3.14/site-packages/scipy/_lib/cobyqa/settings.py:62
low_ratio,enum_value,BN_graphical,1,1,BN_graphical/bn_venv/lib/python3.14/site-packages/scipy/_lib/cobyqa/settings.py:56
lowercase.py,extraction_output_field,BN_graphical,1,6,BN_graphical/backups/broken_venvs/bn_venv_20260213_092600/lib/python3.12/site-packages/setuptools/tests/test_editable_install.py:662; BN_graphical/backups/broken_venvs/bn_venv_20260213_092600/lib/python3.12/site-packages/setuptools/tests/test_editable_install.py:665; BN_graphical/bn_venv_py311/lib/python3.11/site-packages/setuptools/tests/test_editable_install.py:662; BN_graphical/bn_venv_py311/lib/python3.11/site-packages/setuptools/tests/test_editable_install.py:665
lowestRecPPEM,extraction_output_field,BN_graphical,1,3,BN_graphical/backups/broken_venvs/bn_venv_20260213_092600/lib/python3.12/site-packages/fontTools/merge/tables.py:58; BN_graphical/bn_venv_py311/lib/python3.11/site-packages/fontTools/merge/tables.py:58; BN_graphical/test_venv_310/lib/python3.10/site-packages/fontTools/merge/tables.py:58
m.n.o.p.q,extraction_output_field,BN_graphical,1,6,BN_graphical/backups/broken_venvs/bn_venv_20260213_092600/lib/python3.12/site-packages/setuptools/tests/test_editable_install.py:802; BN_graphical/backups/broken_venvs/bn_venv_20260213_092600/lib/python3.12/site-packages/setuptools/tests/test_editable_install.py:824; BN_graphical/bn_venv_py311/lib/python3.11/site-packages/setuptools/tests/test_editable_install.py:802; BN_graphical/bn_venv_py311/lib/python3.11/site-packages/setuptools/tests/test_editable_install.py:824
mae_by_space_type,extraction_output_field,BN_graphical,1,1,BN_graphical/docs/DATABASE_SCHEMA.md:760
main_claim,extraction_output_field,Article_Eater_PostQuinean_v1,1,5,Article_Eater_PostQuinean_v1/tests/test_sprint6c_ingestion.py:166; Article_Eater_PostQuinean_v1/tests/test_sprint6c_ingestion.py:176; Article_Eater_PostQuinean_v1/tests/test_sprint6c_ingestion.py:192; Article_Eater_PostQuinean_v1/tests/test_sprint6c_ingestion.py:208
main_conclusion,extraction_output_field,Outcome_Contractor,1,1,Outcome_Contractor/article_finder/seven_panel_extractor.py:1474
main_contribution,extraction_output_field,Outcome_Contractor,1,1,Outcome_Contractor/article_finder/type_specific_extractor.py:715
main_effect,extraction_output_field,Outcome_Contractor,1,1,Outcome_Contractor/article_finder/type_specific_extractor.py:82
main_finding,extraction_output_field,Outcome_Contractor,1,3,Outcome_Contractor/article_finder/seven_panel_extractor.py:1438; Outcome_Contractor/article_finder/seven_panel_extractor.py:1587; Outcome_Contractor/article_finder/type_specific_extractor.py:129
main_findings,extraction_output_field,Outcome_Contractor,1,1,Outcome_Contractor/article_finder/type_specific_extractor.py:581
main_topic,extraction_output_field,Outcome_Contractor,1,2,Outcome_Contractor/article_finder/type_specific_extractor.py:685; Outcome_Contractor/article_finder/type_specific_extractor.py:714
major_findings,extraction_output_field,Outcome_Contractor,1,1,Outcome_Contractor/article_finder/type_specific_extractor.py:609
major_revisions,extraction_output_field,BN_graphical,1,1,BN_graphical/contracts/bn.epistemology.v1.schema.json:311
manipulation_evidence,database_column;extraction_output_field,BN_graphical,1,2,BN_graphical/migrations/005_sprint1_schemas.sql:201; BN_graphical/src/schemas/mechanism_specification.py:329
manipulation_successful,database_column,BN_graphical,1,2,BN_graphical/database/04_experiment_tables.sql:83; BN_graphical/database/schema.sql:625
manipulations_measures,extraction_output_field,Article_Eater_PostQuinean_v1,1,1,Article_Eater_PostQuinean_v1/schemas/seven_panel.schema.json:22
mapping_rate,extraction_output_field,BN_graphical,1,1,BN_graphical/src/bn_integration/claim_mapper.py:267
mapping_reason,extraction_output_field,BN_graphical,1,1,BN_graphical/src/bn_integration/claim_mapper.py:91
maps_to_edge_id,database_column;extraction_output_field,Article_Eater_PostQuinean_v1,1,3,Article_Eater_PostQuinean_v1/db/sql/017_theories.sql:178; Article_Eater_PostQuinean_v1/ruthless_bundle_2026-02-08/src/services/extraction_to_web.py:1502; Article_Eater_PostQuinean_v1/src/services/extraction_to_web.py:1626
maps_to_nodes,database_column;extraction_output_field,Article_Eater_PostQuinean_v1,1,3,Article_Eater_PostQuinean_v1/db/sql/017_theories.sql:179; Article_Eater_PostQuinean_v1/ruthless_bundle_2026-02-08/src/services/extraction_to_web.py:1503; Article_Eater_PostQuinean_v1/src/services/extraction_to_web.py:1627
mask_reference,extraction_output_field,Tagging_Contractor,1,2,Tagging_Contractor/contracts/localized_image_tags.schema.json:75; Tagging_Contractor/contracts/localized_image_tags.schema.json:89
master_1,extraction_output_field,BN_graphical,1,24,BN_graphical/backups/broken_venvs/bn_venv_20260213_092600/lib/python3.12/site-packages/fontTools/varLib/interpolatable.py:229; BN_graphical/backups/broken_venvs/bn_venv_20260213_092600/lib/python3.12/site-packages/fontTools/varLib/interpolatable.py:249; BN_graphical/backups/broken_venvs/bn_venv_20260213_092600/lib/python3.12/site-packages/fontTools/varLib/interpolatable.py:266; BN_graphical/backups/broken_venvs/bn_venv_20260213_092600/lib/python3.12/site-packages/fontTools/varLib/interpolatable.py:286
master_1_idx,extraction_output_field,BN_graphical,1,24,BN_graphical/backups/broken_venvs/bn_venv_20260213_092600/lib/python3.12/site-packages/fontTools/varLib/interpolatable.py:231; BN_graphical/backups/broken_venvs/bn_venv_20260213_092600/lib/python3.12/site-packages/fontTools/varLib/interpolatable.py:251; BN_graphical/backups/broken_venvs/bn_venv_20260213_092600/lib/python3.12/site-packages/fontTools/varLib/interpolatable.py:268; BN_graphical/backups/broken_venvs/bn_venv_20260213_092600/lib/python3.12/site-packages/fontTools/varLib/interpolatable.py:288
master_2,extraction_output_field,BN_graphical,1,24,BN_graphical/backups/broken_venvs/bn_venv_20260213_092600/lib/python3.12/site-packages/fontTools/varLib/interpolatable.py:230; BN_graphical/backups/broken_venvs/bn_venv_20260213_092600/lib/python3.12/site-packages/fontTools/varLib/interpolatable.py:250; BN_graphical/backups/broken_venvs/bn_venv_20260213_092600/lib/python3.12/site-packages/fontTools/varLib/interpolatable.py:267; BN_graphical/backups/broken_venvs/bn_venv_20260213_092600/lib/python3.12/site-packages/fontTools/varLib/interpolatable.py:287
master_2_idx,extraction_output_field,BN_graphical,1,24,BN_graphical/backups/broken_venvs/bn_venv_20260213_092600/lib/python3.12/site-packages/fontTools/varLib/interpolatable.py:232; BN_graphical/backups/broken_venvs/bn_venv_20260213_092600/lib/python3.12/site-packages/fontTools/varLib/interpolatable.py:252; BN_graphical/backups/broken_venvs/bn_venv_20260213_092600/lib/python3.12/site-packages/fontTools/varLib/interpolatable.py:269; BN_graphical/backups/broken_venvs/bn_venv_20260213_092600/lib/python3.12/site-packages/fontTools/varLib/interpolatable.py:289
master_idx,extraction_output_field,BN_graphical,1,6,BN_graphical/backups/broken_venvs/bn_venv_20260213_092600/lib/python3.12/site-packages/fontTools/varLib/interpolatable.py:183; BN_graphical/backups/broken_venvs/bn_venv_20260213_092600/lib/python3.12/site-packages/fontTools/varLib/interpolatable.py:198; BN_graphical/bn_venv_py311/lib/python3.11/site-packages/fontTools/varLib/interpolatable.py:183; BN_graphical/bn_venv_py311/lib/python3.11/site-packages/fontTools/varLib/interpolatable.py:198
match_facets,extraction_output_field,Article_Eater_PostQuinean_v1,1,1,Article_Eater_PostQuinean_v1/contracts/ae_af/schemas/gallery_selection_config.v1.schema.json:134
match_failures,extraction_output_field,Article_Finder_v3_2_3,1,1,Article_Finder_v3_2_3/ingest/zotero_bridge.py:71
match_type,extraction_output_field,Article_Eater_PostQuinean_v1,1,7,Article_Eater_PostQuinean_v1/scripts/run_realtime_table_rule_intake.py:372; Article_Eater_PostQuinean_v1/scripts/run_realtime_table_rule_intake.py:389; Article_Eater_PostQuinean_v1/scripts/run_realtime_table_rule_intake.py:398; Article_Eater_PostQuinean_v1/scripts/run_realtime_table_rule_intake.py:412
match_uncertain,enum_value,Outcome_Contractor,1,1,Outcome_Contractor/article_finder/prisma/audit_trail.py:28
matched_crossref,extraction_output_field,Article_Finder_v3_2_3,1,1,Article_Finder_v3_2_3/ingest/pdf_cataloger.py:392
matched_features,extraction_output_field,Outcome_Contractor,1,1,Outcome_Contractor/article_finder/seven_panel_extractor.py:1408
matched_terms,extraction_output_field,BN_graphical,1,1,BN_graphical/src/bn_integration/claim_mapper.py:90
matched_to_af_papers,extraction_output_field,Article_Finder_v3_2_3,1,1,Article_Finder_v3_2_3/ingest/zotero_bridge.py:68
material.glass_coverage,extraction_output_field,Article_Eater_PostQuinean_v1,1,2,Article_Eater_PostQuinean_v1/contracts/vocab/environment_lookup.json:1376; Article_Eater_PostQuinean_v1/contracts/vocab/environment_lookup.json:4039
material.metal_coverage,extraction_output_field,Article_Eater_PostQuinean_v1,1,2,Article_Eater_PostQuinean_v1/contracts/vocab/environment_lookup.json:1378; Article_Eater_PostQuinean_v1/contracts/vocab/environment_lookup.json:4046
material.wood_coverage,extraction_output_field,Article_Eater_PostQuinean_v1,1,2,Article_Eater_PostQuinean_v1/contracts/vocab/environment_lookup.json:1380; Article_Eater_PostQuinean_v1/contracts/vocab/environment_lookup.json:4053
material_code,extraction_output_field,Tagging_Contractor,1,1,Tagging_Contractor/contracts/localized_image_tags.schema.json:73
material_composition,extraction_output_field,Tagging_Contractor,1,1,Tagging_Contractor/contracts/localized_image_tags.schema.json:97
materials.cues.brightness_mean,extraction_output_field,Article_Eater_PostQuinean_v1,1,2,Article_Eater_PostQuinean_v1/contracts/vocab/environment_lookup.json:1382; Article_Eater_PostQuinean_v1/contracts/vocab/environment_lookup.json:4060
materials.cues.saturation_mean,extraction_output_field,Article_Eater_PostQuinean_v1,1,2,Article_Eater_PostQuinean_v1/contracts/vocab/environment_lookup.json:1384; Article_Eater_PostQuinean_v1/contracts/vocab/environment_lookup.json:4067
materials.cues.specularity_proxy,extraction_output_field,Article_Eater_PostQuinean_v1,1,2,Article_Eater_PostQuinean_v1/contracts/vocab/environment_lookup.json:1386; Article_Eater_PostQuinean_v1/contracts/vocab/environment_lookup.json:4074
materials.cues.texture_variance,extraction_output_field,Article_Eater_PostQuinean_v1,1,2,Article_Eater_PostQuinean_v1/contracts/vocab/environment_lookup.json:1388; Article_Eater_PostQuinean_v1/contracts/vocab/environment_lookup.json:4081
materials.cues.value_mean,extraction_output_field,Article_Eater_PostQuinean_v1,1,2,Article_Eater_PostQuinean_v1/contracts/vocab/environment_lookup.json:1390; Article_Eater_PostQuinean_v1/contracts/vocab/environment_lookup.json:4088
materials.substrate.plaster_gypsum,extraction_output_field,Article_Eater_PostQuinean_v1,1,2,Article_Eater_PostQuinean_v1/contracts/vocab/environment_lookup.json:1392; Article_Eater_PostQuinean_v1/contracts/vocab/environment_lookup.json:4095
materials.substrate.stone_concrete,extraction_output_field,Article_Eater_PostQuinean_v1,1,2,Article_Eater_PostQuinean_v1/contracts/vocab/environment_lookup.json:1394; Article_Eater_PostQuinean_v1/contracts/vocab/environment_lookup.json:4102
materials.substrate.tile_ceramic,extraction_output_field,Article_Eater_PostQuinean_v1,1,2,Article_Eater_PostQuinean_v1/contracts/vocab/environment_lookup.json:1396; Article_Eater_PostQuinean_v1/contracts/vocab/environment_lookup.json:4109
maturation_effects,extraction_output_field,Outcome_Contractor,1,1,Outcome_Contractor/article_finder/type_specific_extractor.py:134
maxFunctionDefs,extraction_output_field,BN_graphical,1,3,BN_graphical/backups/broken_venvs/bn_venv_20260213_092600/lib/python3.12/site-packages/fontTools/merge/tables.py:23; BN_graphical/bn_venv_py311/lib/python3.11/site-packages/fontTools/merge/tables.py:23; BN_graphical/test_venv_310/lib/python3.10/site-packages/fontTools/merge/tables.py:23
maxInstructionDefs,extraction_output_field,BN_graphical,1,3,BN_graphical/backups/broken_venvs/bn_venv_20260213_092600/lib/python3.12/site-packages/fontTools/merge/tables.py:24; BN_graphical/bn_venv_py311/lib/python3.11/site-packages/fontTools/merge/tables.py:24; BN_graphical/test_venv_310/lib/python3.10/site-packages/fontTools/merge/tables.py:24
maxMemType1,extraction_output_field,BN_graphical,1,3,BN_graphical/backups/broken_venvs/bn_venv_20260213_092600/lib/python3.12/site-packages/fontTools/merge/tables.py:189; BN_graphical/bn_venv_py311/lib/python3.11/site-packages/fontTools/merge/tables.py:189; BN_graphical/test_venv_310/lib/python3.10/site-packages/fontTools/merge/tables.py:189
maxMemType42,extraction_output_field,BN_graphical,1,3,BN_graphical/backups/broken_venvs/bn_venv_20260213_092600/lib/python3.12/site-packages/fontTools/merge/tables.py:187; BN_graphical/bn_venv_py311/lib/python3.11/site-packages/fontTools/merge/tables.py:187; BN_graphical/test_venv_310/lib/python3.10/site-packages/fontTools/merge/tables.py:187
max_article_type_low_confidence_rate,extraction_output_field,Article_Eater_PostQuinean_v1,1,2,Article_Eater_PostQuinean_v1/config/table_extraction_quality_thresholds.json:13; Article_Eater_PostQuinean_v1/scripts/check_table_extraction_quality.py:25
max_article_type_review_rate,extraction_output_field,Article_Eater_PostQuinean_v1,1,2,Article_Eater_PostQuinean_v1/config/table_extraction_quality_thresholds.json:14; Article_Eater_PostQuinean_v1/scripts/check_table_extraction_quality.py:26
max_change,extraction_output_field,BN_graphical,1,1,BN_graphical/contracts/bn.epistemology.v1.schema.json:123
max_conditioning_size,extraction_output_field,BN_graphical,1,1,BN_graphical/contracts/bn.api.v2.schema.json:399
max_depth,extraction_output_field,Outcome_Contractor,1,1,Outcome_Contractor/contracts/oc_export/constitutive_bridges.json:24570
max_df,extraction_output_field,BN_graphical,1,3,BN_graphical/backups/broken_venvs/bn_venv_20260213_092600/lib/python3.12/site-packages/sklearn/feature_extraction/text.py:1151; BN_graphical/bn_venv_py311/lib/python3.11/site-packages/sklearn/feature_extraction/text.py:1151; BN_graphical/test_venv_310/lib/python3.10/site-packages/sklearn/feature_extraction/text.py:1151
max_feature_diff_for_controls,extraction_output_field,Article_Eater_PostQuinean_v1,1,1,Article_Eater_PostQuinean_v1/contracts/ae_af/schemas/gallery_selection_config.v1.schema.json:142
max_features,extraction_output_field,BN_graphical,1,3,BN_graphical/backups/broken_venvs/bn_venv_20260213_092600/lib/python3.12/site-packages/sklearn/feature_extraction/text.py:1159; BN_graphical/bn_venv_py311/lib/python3.11/site-packages/sklearn/feature_extraction/text.py:1159; BN_graphical/test_venv_310/lib/python3.10/site-packages/sklearn/feature_extraction/text.py:1159
max_global_iterations,database_column;extraction_output_field,BN_graphical,1,2,BN_graphical/contracts/bn.epistemology.v1.schema.json:158; BN_graphical/migrations/003_add_epistemology.sql:50
max_length,extraction_output_field,BN_graphical,1,22,BN_graphical/backups/broken_venvs/bn_venv_20260213_092600/lib/python3.12/site-packages/pydantic/_internal/_std_types_schema.py:318; BN_graphical/backups/broken_venvs/bn_venv_20260213_092600/lib/python3.12/site-packages/pydantic/_internal/_std_types_schema.py:523; BN_graphical/backups/broken_venvs/bn_venv_20260213_092600/lib/python3.12/site-packages/pydantic/json_schema.py:2030; BN_graphical/backups/broken_venvs/bn_venv_20260213_092600/lib/python3.12/site-packages/pydantic/json_schema.py:2034
max_manual_review_backlog,extraction_output_field,Article_Eater_PostQuinean_v1,1,2,Article_Eater_PostQuinean_v1/config/table_extraction_quality_thresholds.json:9; Article_Eater_PostQuinean_v1/scripts/check_table_extraction_quality.py:21
max_neg_rank,extraction_output_field,BN_graphical,1,1,BN_graphical/contracts/ae_bn_bridge.v1.schema.json:191
max_no_claims_rate,extraction_output_field,Article_Eater_PostQuinean_v1,1,2,Article_Eater_PostQuinean_v1/config/table_extraction_quality_thresholds.json:2; Article_Eater_PostQuinean_v1/scripts/check_table_extraction_quality.py:14
max_pairs,extraction_output_field,Article_Eater_PostQuinean_v1,1,2,Article_Eater_PostQuinean_v1/contracts/ae_af/schemas/gallery_selection_config.v1.schema.json:126; Article_Eater_PostQuinean_v1/contracts/ae_af/schemas/gallery_selection_config.v1.schema.json:141
max_patches,extraction_output_field,BN_graphical,1,6,BN_graphical/backups/broken_venvs/bn_venv_20260213_092600/lib/python3.12/site-packages/sklearn/feature_extraction/image.py:360; BN_graphical/backups/broken_venvs/bn_venv_20260213_092600/lib/python3.12/site-packages/sklearn/feature_extraction/image.py:569; BN_graphical/bn_venv_py311/lib/python3.11/site-packages/sklearn/feature_extraction/image.py:360; BN_graphical/bn_venv_py311/lib/python3.11/site-packages/sklearn/feature_extraction/image.py:569
max_per_dedupe_key,extraction_output_field,Article_Eater_PostQuinean_v1,1,1,Article_Eater_PostQuinean_v1/contracts/ae_af/schemas/gallery_selection_config.v1.schema.json:53
max_propagation_iterations,database_column,BN_graphical,1,1,BN_graphical/migrations/003_add_epistemology.sql:51
max_results,extraction_output_field,Article_Eater_PostQuinean_v1,1,2,Article_Eater_PostQuinean_v1/contracts/ae_af/schemas/ae.query_request.v1.schema.json:87; Article_Eater_PostQuinean_v1/docs/MVP_CONTRACTS.md:151
max_retries,database_column,Article_Eater_PostQuinean_v1,1,1,Article_Eater_PostQuinean_v1/migrations/006_discovery_funnel.sql:150
max_runtime_hours,extraction_output_field,Outcome_Contractor,1,1,Outcome_Contractor/contracts/search_retrieve_minimodule_contract.md:157
max_skew,extraction_output_field,Article_Eater_PostQuinean_v1,1,1,Article_Eater_PostQuinean_v1/contracts/ae_af/schemas/gallery_selection_config.v1.schema.json:82
max_tokens,extraction_output_field,BN_graphical,1,1,BN_graphical/src/ai_extraction/llm_client.py:408
max_unresolved_environment_rate,extraction_output_field,Article_Eater_PostQuinean_v1,1,2,Article_Eater_PostQuinean_v1/config/table_extraction_quality_thresholds.json:4; Article_Eater_PostQuinean_v1/scripts/check_table_extraction_quality.py:16
max_unresolved_outcome_rate,extraction_output_field,Article_Eater_PostQuinean_v1,1,2,Article_Eater_PostQuinean_v1/config/table_extraction_quality_thresholds.json:5; Article_Eater_PostQuinean_v1/scripts/check_table_extraction_quality.py:17
mean_age,extraction_output_field,BN_graphical,1,2,BN_graphical/src/ai_extraction/population_extractor.py:134; BN_graphical/src/ai_extraction/population_extractor.py:166
mean_evidence_weight,extraction_output_field,BN_graphical,1,1,BN_graphical/src/schemas/enhanced_edge.py:712
mean_quality_penalty,extraction_output_field,BN_graphical,1,1,BN_graphical/src/schemas/population_qualifier.py:498
mean_weird_score,extraction_output_field,BN_graphical,1,1,BN_graphical/src/schemas/population_qualifier.py:493
meaning_interpretation,extraction_output_field,Outcome_Contractor,1,1,Outcome_Contractor/article_finder/type_specific_extractor.py:290
meaning_shift,enum_value,Article_Eater_PostQuinean_v1,1,1,Article_Eater_PostQuinean_v1/src/services/epistemic_causal_bridge.py:139
meaning_systems,extraction_output_field,Outcome_Contractor,1,1,Outcome_Contractor/article_finder/type_specific_extractor.py:325
measure_direction,database_column,Article_Eater_PostQuinean_v1,1,3,Article_Eater_PostQuinean_v1/db/sql/015_complete_schema.sql:63; Article_Eater_PostQuinean_v1/db/sql/015_core_tables.sql:62; Article_Eater_PostQuinean_v1/init_database.py:79
measure_id,database_column;extraction_output_field,Outcome_Contractor,1,2,Outcome_Contractor/core/database.py:92; Outcome_Contractor/schemas/oc.export.v1.schema.json:75
measure_reliability,extraction_output_field,Outcome_Contractor,1,1,Outcome_Contractor/article_finder/type_specific_extractor.py:166
measure_validity,extraction_output_field,Outcome_Contractor,1,1,Outcome_Contractor/article_finder/type_specific_extractor.py:167
measured_on_similar_context,enum_value,Article_Eater_PostQuinean_v1,1,1,Article_Eater_PostQuinean_v1/src/services/claim_gallery_builder.py:88
measured_on_this_image,enum_value,Article_Eater_PostQuinean_v1,1,1,Article_Eater_PostQuinean_v1/src/services/claim_gallery_builder.py:87
measured_outcomes,extraction_output_field,Article_Eater_PostQuinean_v1,1,3,Article_Eater_PostQuinean_v1/contracts/ae_af/schemas/claim_gallery.v1.schema.json:206; Article_Eater_PostQuinean_v1/src/services/claim_gallery_builder.py:185; Article_Eater_PostQuinean_v1/tests/test_claim_gallery_builder.py:777
measurement_context,extraction_output_field,Article_Eater_PostQuinean_v1,1,2,Article_Eater_PostQuinean_v1/contracts/ae_af/schemas/claim_gallery.v1.schema.json:100; Article_Eater_PostQuinean_v1/src/services/claim_gallery_builder.py:420
measurement_info,extraction_output_field,Outcome_Contractor,1,839,Outcome_Contractor/contracts/oc_export/bn_outcome_nodes.json:10009; Outcome_Contractor/contracts/oc_export/bn_outcome_nodes.json:10029; Outcome_Contractor/contracts/oc_export/bn_outcome_nodes.json:10049; Outcome_Contractor/contracts/oc_export/bn_outcome_nodes.json:10069
measurement_timing,extraction_output_field,Article_Eater_PostQuinean_v1,1,2,Article_Eater_PostQuinean_v1/ruthless_bundle_2026-02-08/src/services/scope_extractor.py:265; Article_Eater_PostQuinean_v1/src/services/scope_extractor.py:265
measurement_type,extraction_output_field,Outcome_Contractor,1,2,Outcome_Contractor/article_finder/seven_panel_extractor.py:724; Outcome_Contractor/article_finder/seven_panel_extractor.py:738
measurement_validity,enum_value,Outcome_Contractor,1,1,Outcome_Contractor/core/argument_taxonomy.py:231
measures_used,extraction_output_field,Outcome_Contractor,1,1,Outcome_Contractor/article_finder/type_specific_extractor.py:165
mechanism_claims,extraction_output_field,Article_Eater_PostQuinean_v1,1,1,Article_Eater_PostQuinean_v1/schemas/panel_mechanisms.schema.json:5
mechanism_classifications,extraction_output_field,BN_graphical,1,1,BN_graphical/src/ai_extraction/extraction_pipeline.py:166
mechanism_confidence,extraction_output_field,BN_graphical,1,6,BN_graphical/contracts/bn.api.v2.schema.json:363; BN_graphical/src/ai_extraction/mechanism_classifier.py:143; BN_graphical/src/ai_extraction/mechanism_classifier.py:182; BN_graphical/src/ai_extraction/mechanism_classifier.py:209
mechanism_description,extraction_output_field,BN_graphical,1,6,BN_graphical/src/ai_extraction/field_thresholds.py:224; BN_graphical/src/ai_extraction/mechanism_classifier.py:132; BN_graphical/src/ai_extraction/mechanism_classifier.py:154; BN_graphical/src/ai_extraction/mechanism_classifier.py:168
mechanism_evidence,extraction_output_field,Outcome_Contractor,1,1,Outcome_Contractor/article_finder/type_specific_extractor.py:91
mechanism_for_high,extraction_output_field,BN_graphical,1,1,BN_graphical/src/mechanisms/mechanism_schema.py:313
mechanism_for_low,extraction_output_field,BN_graphical,1,1,BN_graphical/src/mechanisms/mechanism_schema.py:312
mechanism_gap,enum_value,Outcome_Contractor,1,1,Outcome_Contractor/core/argument_taxonomy.py:253
mechanism_of_failure,database_column,Article_Eater_PostQuinean_v1,1,1,Article_Eater_PostQuinean_v1/db/sql/017_theories.sql:113
mechanism_only,extraction_output_field,Article_Eater_PostQuinean_v1,1,2,Article_Eater_PostQuinean_v1/ruthless_bundle_2026-02-08/src/services/extraction_to_web.py:254; Article_Eater_PostQuinean_v1/src/services/extraction_to_web.py:267
mechanism_path,extraction_output_field,BN_graphical,1,1,BN_graphical/contracts/ae_bn_bridge.v1.schema.json:195
mechanism_proposal,enum_value,Outcome_Contractor,1,1,Outcome_Contractor/core/argument_taxonomy.py:123
mechanism_specification_id,database_column,BN_graphical,1,2,BN_graphical/migrations/005_sprint1_schemas.sql:275; BN_graphical/migrations/006_sprint2_enhanced_edges.sql:142
mechanism_test,enum_value,Outcome_Contractor,1,1,Outcome_Contractor/core/argument_taxonomy.py:126
mechanism_tested,database_column;extraction_output_field,BN_graphical,1,2,BN_graphical/migrations/005_sprint1_schemas.sql:198; BN_graphical/src/schemas/mechanism_specification.py:325
mechanism_type,extraction_output_field,BN_graphical,1,1,BN_graphical/src/mechanisms/mechanism_schema.py:109
mechanism_update,enum_value,BN_graphical,1,1,BN_graphical/src/epistemology/reflective_equilibrium.py:73
mechanism_wrong,enum_value,Outcome_Contractor,1,1,Outcome_Contractor/core/argument_taxonomy.py:257
mediation_evidence,database_column;extraction_output_field,BN_graphical,1,2,BN_graphical/migrations/005_sprint1_schemas.sql:199; BN_graphical/src/schemas/mechanism_specification.py:327
mediation_tested,extraction_output_field,Outcome_Contractor,1,1,Outcome_Contractor/article_finder/type_specific_extractor.py:92
mediator_name,extraction_output_field,BN_graphical,1,1,BN_graphical/statistical_engine/schemas.py:23
mediator_outcome,extraction_output_field,BN_graphical,1,1,BN_graphical/src/schemas/enhanced_edge.py:708
medium_confidence,extraction_output_field,Article_Finder_v3_2_3,1,1,Article_Finder_v3_2_3/ingest/citation_parser.py:654
meets_decision_threshold,extraction_output_field,BN_graphical,1,1,BN_graphical/contracts/bn.epistemology.v1.schema.json:294
member_authors,extraction_output_field,Article_Eater_PostQuinean_v1,1,4,Article_Eater_PostQuinean_v1/contracts/schemas/social_epistemology.schema.json:133; Article_Eater_PostQuinean_v1/contracts/schemas/social_epistemology.v1.schema.json:163; Article_Eater_PostQuinean_v1/ruthless_bundle_2026-02-08/contracts/schemas/social_epistemology.schema.json:133; Article_Eater_PostQuinean_v1/ruthless_bundle_2026-02-08/contracts/schemas/social_epistemology.v1.schema.json:163
memo_writing,extraction_output_field,Outcome_Contractor,1,1,Outcome_Contractor/article_finder/type_specific_extractor.py:372
meta_analysis_id,extraction_output_field,Outcome_Contractor,1,1,Outcome_Contractor/article_finder/exemplary_extraction_tables.md:2569
meta_analytic,enum_value,BN_graphical,1,2,BN_graphical/src/bn_integration/bayesian_updater.py:43; BN_graphical/src/mechanisms/mechanism_schema.py:28
meta_inferences,extraction_output_field,Outcome_Contractor,1,1,Outcome_Contractor/article_finder/type_specific_extractor.py:485
meta_principle,enum_value,Article_Eater_PostQuinean_v1,1,1,Article_Eater_PostQuinean_v1/src/models/theory_models.py:55
meta_theoretical,enum_value,Article_Eater_PostQuinean_v1,1,1,Article_Eater_PostQuinean_v1/app/routes/ingestion.py:49
metadata_enriched,enum_value,Outcome_Contractor,1,1,Outcome_Contractor/article_finder/prisma/audit_trail.py:47
method_family,extraction_output_field,Tagging_Contractor,1,848,Tagging_Contractor/Archive 2/core/trs-core/v0.2.8/contracts/image_tagger_contract_v0.2.8.json:1007; Tagging_Contractor/Archive 2/core/trs-core/v0.2.8/contracts/image_tagger_contract_v0.2.8.json:1024; Tagging_Contractor/Archive 2/core/trs-core/v0.2.8/contracts/image_tagger_contract_v0.2.8.json:1041; Tagging_Contractor/Archive 2/core/trs-core/v0.2.8/contracts/image_tagger_contract_v0.2.8.json:1058
methodological_divergence,enum_value,Article_Eater_PostQuinean_v1,1,2,Article_Eater_PostQuinean_v1/ruthless_bundle_2026-02-08/src/services/web_persistence.py:99; Article_Eater_PostQuinean_v1/src/services/web_persistence.py:99
methodological_notes,extraction_output_field,Article_Eater_PostQuinean_v1,1,1,Article_Eater_PostQuinean_v1/contracts/ae_af/schemas/ae.query_response.v1.schema.json:222
methodological_profiles,extraction_output_field,Article_Eater_PostQuinean_v1,1,4,Article_Eater_PostQuinean_v1/contracts/schemas/social_epistemology.schema.json:388; Article_Eater_PostQuinean_v1/contracts/schemas/social_epistemology.v1.schema.json:375; Article_Eater_PostQuinean_v1/ruthless_bundle_2026-02-08/contracts/schemas/social_epistemology.schema.json:388; Article_Eater_PostQuinean_v1/ruthless_bundle_2026-02-08/contracts/schemas/social_epistemology.v1.schema.json:375
methodological_rigor,bn_node_definition,Article_Eater_PostQuinean_v1,1,1,Article_Eater_PostQuinean_v1/src/epistemic/bn_nodes.py:194
methodology_review,enum_value,Article_Eater_PostQuinean_v1,1,1,Article_Eater_PostQuinean_v1/src/services/export_checklists.py:30
methods_if_any,extraction_output_field,Outcome_Contractor,1,1,Outcome_Contractor/article_finder/type_specific_extractor.py:716
methods_text,extraction_output_field,BN_graphical,1,3,BN_graphical/tests/test_sprint4_ai_extraction.py:496; BN_graphical/tests/test_sprint4_ai_extraction.py:497; BN_graphical/tests/test_sprint4_ai_extraction.py:498
methods_used,extraction_output_field,Article_Eater_PostQuinean_v1,1,4,Article_Eater_PostQuinean_v1/contracts/schemas/social_epistemology.schema.json:211; Article_Eater_PostQuinean_v1/contracts/schemas/social_epistemology.v1.schema.json:217; Article_Eater_PostQuinean_v1/ruthless_bundle_2026-02-08/contracts/schemas/social_epistemology.schema.json:211; Article_Eater_PostQuinean_v1/ruthless_bundle_2026-02-08/contracts/schemas/social_epistemology.v1.schema.json:217
metric_id,extraction_output_field,Tagging_Contractor,1,1,Tagging_Contractor/contracts/localized_image_tags.schema.json:135
metric_type,extraction_output_field,Tagging_Contractor,1,1,Tagging_Contractor/contracts/localized_image_tags.schema.json:136
middle_aged,enum_value,Article_Eater_PostQuinean_v1,1,2,Article_Eater_PostQuinean_v1/ruthless_bundle_2026-02-08/src/services/scope_extractor.py:63; Article_Eater_PostQuinean_v1/src/services/scope_extractor.py:63
middle_eastern,enum_value,BN_graphical,1,1,BN_graphical/src/schemas/population_qualifier.py:52
migration_complete,database_column,BN_graphical,1,1,BN_graphical/migrations/004_panel_review_fixes.sql:101
minBottomSideBearing,extraction_output_field,BN_graphical,1,3,BN_graphical/backups/broken_venvs/bn_venv_20260213_092600/lib/python3.12/site-packages/fontTools/merge/tables.py:90; BN_graphical/bn_venv_py311/lib/python3.11/site-packages/fontTools/merge/tables.py:90; BN_graphical/test_venv_310/lib/python3.10/site-packages/fontTools/merge/tables.py:90
minLeftSideBearing,extraction_output_field,BN_graphical,1,3,BN_graphical/backups/broken_venvs/bn_venv_20260213_092600/lib/python3.12/site-packages/fontTools/merge/tables.py:72; BN_graphical/bn_venv_py311/lib/python3.11/site-packages/fontTools/merge/tables.py:72; BN_graphical/test_venv_310/lib/python3.10/site-packages/fontTools/merge/tables.py:72
minMemType1,extraction_output_field,BN_graphical,1,3,BN_graphical/backups/broken_venvs/bn_venv_20260213_092600/lib/python3.12/site-packages/fontTools/merge/tables.py:188; BN_graphical/bn_venv_py311/lib/python3.11/site-packages/fontTools/merge/tables.py:188; BN_graphical/test_venv_310/lib/python3.10/site-packages/fontTools/merge/tables.py:188
minMemType42,extraction_output_field,BN_graphical,1,3,BN_graphical/backups/broken_venvs/bn_venv_20260213_092600/lib/python3.12/site-packages/fontTools/merge/tables.py:186; BN_graphical/bn_venv_py311/lib/python3.11/site-packages/fontTools/merge/tables.py:186; BN_graphical/test_venv_310/lib/python3.10/site-packages/fontTools/merge/tables.py:186
minRightSideBearing,extraction_output_field,BN_graphical,1,3,BN_graphical/backups/broken_venvs/bn_venv_20260213_092600/lib/python3.12/site-packages/fontTools/merge/tables.py:73; BN_graphical/bn_venv_py311/lib/python3.11/site-packages/fontTools/merge/tables.py:73; BN_graphical/test_venv_310/lib/python3.10/site-packages/fontTools/merge/tables.py:73
minTopSideBearing,extraction_output_field,BN_graphical,1,3,BN_graphical/backups/broken_venvs/bn_venv_20260213_092600/lib/python3.12/site-packages/fontTools/merge/tables.py:89; BN_graphical/bn_venv_py311/lib/python3.11/site-packages/fontTools/merge/tables.py:89; BN_graphical/test_venv_310/lib/python3.10/site-packages/fontTools/merge/tables.py:89
min_anchor_coverage,extraction_output_field,Article_Eater_PostQuinean_v1,1,1,Article_Eater_PostQuinean_v1/config/table_extraction_quality_thresholds.json:16
min_anchor_coverage_global,extraction_output_field,Article_Eater_PostQuinean_v1,1,2,Article_Eater_PostQuinean_v1/config/table_extraction_quality_thresholds.json:3; Article_Eater_PostQuinean_v1/scripts/check_table_extraction_quality.py:15
min_article_type_metadata_coverage,extraction_output_field,Article_Eater_PostQuinean_v1,1,2,Article_Eater_PostQuinean_v1/config/table_extraction_quality_thresholds.json:12; Article_Eater_PostQuinean_v1/scripts/check_table_extraction_quality.py:24
min_cluster_distance,extraction_output_field,Article_Eater_PostQuinean_v1,1,1,Article_Eater_PostQuinean_v1/contracts/ae_af/schemas/gallery_selection_config.v1.schema.json:60
min_credence,extraction_output_field,Article_Eater_PostQuinean_v1,1,1,Article_Eater_PostQuinean_v1/contracts/ae_af/schemas/ae.query_request.v1.schema.json:94
min_df,extraction_output_field,BN_graphical,1,3,BN_graphical/backups/broken_venvs/bn_venv_20260213_092600/lib/python3.12/site-packages/sklearn/feature_extraction/text.py:1155; BN_graphical/bn_venv_py311/lib/python3.11/site-packages/sklearn/feature_extraction/text.py:1155; BN_graphical/test_venv_310/lib/python3.10/site-packages/sklearn/feature_extraction/text.py:1155
min_edge_type_tag_rate,extraction_output_field,Article_Eater_PostQuinean_v1,1,2,Article_Eater_PostQuinean_v1/config/table_extraction_quality_thresholds.json:11; Article_Eater_PostQuinean_v1/scripts/check_table_extraction_quality.py:23
min_inter_article_paper_coverage,extraction_output_field,Article_Eater_PostQuinean_v1,1,2,Article_Eater_PostQuinean_v1/config/table_extraction_quality_thresholds.json:8; Article_Eater_PostQuinean_v1/scripts/check_table_extraction_quality.py:20
min_inter_article_relations_per_pdf,extraction_output_field,Article_Eater_PostQuinean_v1,1,1,Article_Eater_PostQuinean_v1/config/table_extraction_quality_thresholds.json:18
min_length,extraction_output_field,BN_graphical,1,22,BN_graphical/backups/broken_venvs/bn_venv_20260213_092600/lib/python3.12/site-packages/pydantic/_internal/_std_types_schema.py:318; BN_graphical/backups/broken_venvs/bn_venv_20260213_092600/lib/python3.12/site-packages/pydantic/_internal/_std_types_schema.py:523; BN_graphical/backups/broken_venvs/bn_venv_20260213_092600/lib/python3.12/site-packages/pydantic/json_schema.py:2029; BN_graphical/backups/broken_venvs/bn_venv_20260213_092600/lib/python3.12/site-packages/pydantic/json_schema.py:2033
min_node_type_tag_rate,extraction_output_field,Article_Eater_PostQuinean_v1,1,2,Article_Eater_PostQuinean_v1/config/table_extraction_quality_thresholds.json:10; Article_Eater_PostQuinean_v1/scripts/check_table_extraction_quality.py:22
min_rank,extraction_output_field,BN_graphical,1,1,BN_graphical/contracts/ae_bn_bridge.v1.schema.json:190
min_relation_type_diversity,extraction_output_field,Article_Eater_PostQuinean_v1,1,2,Article_Eater_PostQuinean_v1/config/table_extraction_quality_thresholds.json:6; Article_Eater_PostQuinean_v1/scripts/check_table_extraction_quality.py:18
min_similarity,extraction_output_field,Article_Eater_PostQuinean_v1,1,1,Article_Eater_PostQuinean_v1/contracts/ae_af/schemas/gallery_selection_config.v1.schema.json:125
min_theory_link_paper_coverage,extraction_output_field,Article_Eater_PostQuinean_v1,1,2,Article_Eater_PostQuinean_v1/config/table_extraction_quality_thresholds.json:7; Article_Eater_PostQuinean_v1/scripts/check_table_extraction_quality.py:19
min_theory_links_per_pdf,extraction_output_field,Article_Eater_PostQuinean_v1,1,1,Article_Eater_PostQuinean_v1/config/table_extraction_quality_thresholds.json:17
minimum_consumer_version,extraction_output_field,Outcome_Contractor,1,1,Outcome_Contractor/contracts/oc_export/VERSION_MANIFEST.json:42
minimum_exposure,extraction_output_field,Article_Eater_PostQuinean_v1,1,1,Article_Eater_PostQuinean_v1/tests/test_ingestion_routes.py:487
missing_contrast,extraction_output_field,Article_Eater_PostQuinean_v1,1,1,Article_Eater_PostQuinean_v1/docs/MVP_CONTRACTS.md:283
missing_evidence,enum_value,Article_Eater_PostQuinean_v1,1,1,Article_Eater_PostQuinean_v1/src/services/discovery_funnel.py:43
missing_metadata,enum_value,Article_Eater_PostQuinean_v1,1,1,Article_Eater_PostQuinean_v1/src/services/credibility_feedback.py:62
mod.py,extraction_output_field,BN_graphical,1,9,BN_graphical/backups/broken_venvs/bn_venv_20260213_092600/lib/python3.12/site-packages/setuptools/tests/test_editable_install.py:113; BN_graphical/backups/broken_venvs/bn_venv_20260213_092600/lib/python3.12/site-packages/setuptools/tests/test_editable_install.py:175; BN_graphical/backups/broken_venvs/bn_venv_20260213_092600/lib/python3.12/site-packages/setuptools/tests/test_editable_install.py:213; BN_graphical/bn_venv_py311/lib/python3.11/site-packages/setuptools/tests/test_editable_install.py:113
mod1.py,extraction_output_field,BN_graphical,1,12,BN_graphical/backups/broken_venvs/bn_venv_20260213_092600/lib/python3.12/site-packages/setuptools/tests/test_editable_install.py:457; BN_graphical/backups/broken_venvs/bn_venv_20260213_092600/lib/python3.12/site-packages/setuptools/tests/test_editable_install.py:852; BN_graphical/backups/broken_venvs/bn_venv_20260213_092600/lib/python3.12/site-packages/setuptools/tests/test_editable_install.py:884; BN_graphical/backups/broken_venvs/bn_venv_20260213_092600/lib/python3.12/site-packages/setuptools/tests/test_editable_install.py:894
mod2.py,extraction_output_field,BN_graphical,1,9,BN_graphical/backups/broken_venvs/bn_venv_20260213_092600/lib/python3.12/site-packages/setuptools/tests/test_editable_install.py:460; BN_graphical/backups/broken_venvs/bn_venv_20260213_092600/lib/python3.12/site-packages/setuptools/tests/test_editable_install.py:510; BN_graphical/backups/broken_venvs/bn_venv_20260213_092600/lib/python3.12/site-packages/setuptools/tests/test_editable_install.py:855; BN_graphical/bn_venv_py311/lib/python3.11/site-packages/setuptools/tests/test_editable_install.py:460
model_confidence,extraction_output_field,BN_graphical,1,2,BN_graphical/contracts/bn.api.v2.schema.json:361; BN_graphical/contracts/bn.api.v2.schema.json:86
model_families,extraction_output_field,Tagging_Contractor,1,2,Tagging_Contractor/tools/tag_extraction_plan.py:262; Tagging_Contractor/tools/tag_extraction_plan.py:270
model_fit,extraction_output_field,Outcome_Contractor,1,1,Outcome_Contractor/article_finder/type_specific_extractor.py:172
model_id,extraction_output_field,Tagging_Contractor,1,1,Tagging_Contractor/contracts/localized_image_tags.schema.json:43
model_parameter_adjust,enum_value,BN_graphical,1,1,BN_graphical/src/epistemology/reflective_equilibrium.py:71
model_prediction,enum_value,Article_Eater_PostQuinean_v1,1,1,Article_Eater_PostQuinean_v1/src/services/claim_gallery_builder.py:81
model_type,extraction_output_field,Outcome_Contractor,1,4,Outcome_Contractor/article_finder/seven_panel_extractor.py:1103; Outcome_Contractor/article_finder/seven_panel_extractor.py:1110; Outcome_Contractor/article_finder/seven_panel_extractor.py:1116; Outcome_Contractor/article_finder/type_specific_extractor.py:523
model_versions,extraction_output_field,Article_Eater_PostQuinean_v1,1,1,Article_Eater_PostQuinean_v1/contracts/ae_af/schemas/claim_gallery.v1.schema.json:134
moderate_resolution_threshold,enum_value,BN_graphical,1,1,BN_graphical/bn_venv/lib/python3.14/site-packages/scipy/_lib/cobyqa/settings.py:55
moderately_supported,enum_value,Article_Eater_PostQuinean_v1,1,1,Article_Eater_PostQuinean_v1/src/epistemic/monitors/theory_monitor.py:29
moderation_patterns,extraction_output_field,Article_Eater_PostQuinean_v1,1,1,Article_Eater_PostQuinean_v1/schemas/panel_heterogeneity.schema.json:5
moderation_tested,extraction_output_field,Outcome_Contractor,1,1,Outcome_Contractor/article_finder/type_specific_extractor.py:93
moderator_effects,extraction_output_field,Outcome_Contractor,1,1,Outcome_Contractor/article_finder/type_specific_extractor.py:535
moderator_flags,extraction_output_field,Article_Eater_PostQuinean_v1,1,9,Article_Eater_PostQuinean_v1/contracts/ae_af/schemas/claim_gallery.v1.schema.json:233; Article_Eater_PostQuinean_v1/contracts/ae_af/schemas/image_feedback.v1.schema.json:120; Article_Eater_PostQuinean_v1/contracts/ae_af/schemas/image_feedback.v1.schema.json:84; Article_Eater_PostQuinean_v1/src/services/claim_gallery_builder.py:225
moderator_id,extraction_output_field,Article_Eater_PostQuinean_v1,1,3,Article_Eater_PostQuinean_v1/contracts/ae_af/schemas/claim_gallery.v1.schema.json:60; Article_Eater_PostQuinean_v1/contracts/ae_af/schemas/gallery_selection_config.v1.schema.json:100; Article_Eater_PostQuinean_v1/src/services/claim_gallery_builder.py:354
moderator_identified,enum_value,BN_graphical,1,1,BN_graphical/src/contradiction_analysis/resolution_tracker.py:25
moderator_name,extraction_output_field,Article_Eater_PostQuinean_v1,1,2,Article_Eater_PostQuinean_v1/contracts/ae_af/schemas/claim_gallery.v1.schema.json:61; Article_Eater_PostQuinean_v1/src/services/claim_gallery_builder.py:355
moderator_risk,extraction_output_field,Article_Eater_PostQuinean_v1,1,1,Article_Eater_PostQuinean_v1/contracts/ae_af/schemas/selection_log.v1.schema.json:146
moderators_expected,extraction_output_field,Article_Eater_PostQuinean_v1,1,1,Article_Eater_PostQuinean_v1/contracts/ae_af/schemas/claim_gallery.v1.schema.json:54
moderators_summary,extraction_output_field,Article_Eater_PostQuinean_v1,1,1,Article_Eater_PostQuinean_v1/docs/BN_EXPORT_SCHEMA_v0_1.md:233
moderators_tested,extraction_output_field,Outcome_Contractor,1,2,Outcome_Contractor/article_finder/seven_panel_extractor.py:1472; Outcome_Contractor/article_finder/type_specific_extractor.py:533
module.c,extraction_output_field,BN_graphical,1,3,BN_graphical/backups/broken_venvs/bn_venv_20260213_092600/lib/python3.12/site-packages/setuptools/tests/test_editable_install.py:1172; BN_graphical/bn_venv_py311/lib/python3.11/site-packages/setuptools/tests/test_editable_install.py:1172; BN_graphical/test_venv_310/lib/python3.10/site-packages/setuptools/tests/test_editable_install.py:1198
module.py,extraction_output_field,BN_graphical,1,6,BN_graphical/backups/broken_venvs/bn_venv_20260213_092600/lib/python3.12/site-packages/setuptools/tests/test_editable_install.py:1147; BN_graphical/backups/broken_venvs/bn_venv_20260213_092600/lib/python3.12/site-packages/setuptools/tests/test_editable_install.py:1193; BN_graphical/bn_venv_py311/lib/python3.11/site-packages/setuptools/tests/test_editable_install.py:1147; BN_graphical/bn_venv_py311/lib/python3.11/site-packages/setuptools/tests/test_editable_install.py:1193
monocular_3d_approx,extraction_output_field,Tagging_Contractor,1,850,Tagging_Contractor/Archive 2/core/trs-core/v0.2.8/contracts/image_tagger_contract_v0.2.8.json:1002; Tagging_Contractor/Archive 2/core/trs-core/v0.2.8/contracts/image_tagger_contract_v0.2.8.json:101; Tagging_Contractor/Archive 2/core/trs-core/v0.2.8/contracts/image_tagger_contract_v0.2.8.json:1019; Tagging_Contractor/Archive 2/core/trs-core/v0.2.8/contracts/image_tagger_contract_v0.2.8.json:1036
most_impacted_theories,extraction_output_field,Article_Eater_PostQuinean_v1,1,2,Article_Eater_PostQuinean_v1/contracts/ae_af/schemas/ae.gap_report.v1.schema.json:81; Article_Eater_PostQuinean_v1/docs/MVP_CONTRACTS.md:285
multi_hop,enum_value,BN_graphical,1,1,BN_graphical/src/explain_query/path_finder.py:30
multi_parenthetical,extraction_output_field,BN_graphical,1,1,BN_graphical/src/literature_integration/citation_extractor.py:144
multiple_comparisons,enum_value,Outcome_Contractor,1,1,Outcome_Contractor/core/argument_taxonomy.py:283
multiple_of,extraction_output_field,BN_graphical,1,4,BN_graphical/backups/broken_venvs/bn_venv_20260213_092600/lib/python3.12/site-packages/pydantic/json_schema.py:2022; BN_graphical/bn_venv/lib/python3.14/site-packages/pydantic/json_schema.py:2369; BN_graphical/bn_venv_py311/lib/python3.11/site-packages/pydantic/json_schema.py:2022; BN_graphical/test_venv_310/lib/python3.10/site-packages/pydantic/json_schema.py:2022
must_distinguish,enum_value,Article_Eater_PostQuinean_v1,1,1,Article_Eater_PostQuinean_v1/src/epistemic/edge_types.py:81
must_include,extraction_output_field,Article_Eater_PostQuinean_v1,1,1,Article_Eater_PostQuinean_v1/scripts/build_table_extraction_queue.py:359
my_module.py,extraction_output_field,BN_graphical,1,3,BN_graphical/backups/broken_venvs/bn_venv_20260213_092600/lib/python3.12/site-packages/setuptools/tests/test_editable_install.py:541; BN_graphical/bn_venv_py311/lib/python3.11/site-packages/setuptools/tests/test_editable_install.py:541; BN_graphical/test_venv_310/lib/python3.10/site-packages/setuptools/tests/test_editable_install.py:542
my_module2.py,extraction_output_field,BN_graphical,1,3,BN_graphical/backups/broken_venvs/bn_venv_20260213_092600/lib/python3.12/site-packages/setuptools/tests/test_editable_install.py:542; BN_graphical/bn_venv_py311/lib/python3.11/site-packages/setuptools/tests/test_editable_install.py:542; BN_graphical/test_venv_310/lib/python3.10/site-packages/setuptools/tests/test_editable_install.py:543
my_package,extraction_output_field,BN_graphical,1,3,BN_graphical/backups/broken_venvs/bn_venv_20260213_092600/lib/python3.12/site-packages/setuptools/tests/test_editable_install.py:541; BN_graphical/bn_venv_py311/lib/python3.11/site-packages/setuptools/tests/test_editable_install.py:541; BN_graphical/test_venv_310/lib/python3.10/site-packages/setuptools/tests/test_editable_install.py:542
my_package2,extraction_output_field,BN_graphical,1,3,BN_graphical/backups/broken_venvs/bn_venv_20260213_092600/lib/python3.12/site-packages/setuptools/tests/test_editable_install.py:542; BN_graphical/bn_venv_py311/lib/python3.11/site-packages/setuptools/tests/test_editable_install.py:542; BN_graphical/test_venv_310/lib/python3.10/site-packages/setuptools/tests/test_editable_install.py:543
n_anomalies,extraction_output_field,Article_Eater_PostQuinean_v1,1,1,Article_Eater_PostQuinean_v1/contracts/ae_af/schemas/ae.coherence_summary.v1.schema.json:88
n_back,extraction_output_field,Article_Eater_PostQuinean_v1,1,1,Article_Eater_PostQuinean_v1/contracts/vocab/task_taxonomy.json:218
n_beliefs,extraction_output_field,Article_Eater_PostQuinean_v1,1,3,Article_Eater_PostQuinean_v1/contracts/ae_af/schemas/ae.coherence_summary.v1.schema.json:78; Article_Eater_PostQuinean_v1/contracts/ae_af/schemas/ae.gap_report.v1.schema.json:279; Article_Eater_PostQuinean_v1/contracts/ae_af/schemas/ae.web_state.v1.schema.json:54
n_beliefs_added,database_column,Article_Eater_PostQuinean_v1,1,2,Article_Eater_PostQuinean_v1/db/sql/018_paper_lifecycle.sql:158; Article_Eater_PostQuinean_v1/migrations/006_discovery_funnel.sql:179
n_beliefs_analyzed,extraction_output_field,Article_Eater_PostQuinean_v1,1,1,Article_Eater_PostQuinean_v1/contracts/ae_af/schemas/ae.gap_report.v1.schema.json:113
n_beliefs_matched,extraction_output_field,Article_Eater_PostQuinean_v1,1,2,Article_Eater_PostQuinean_v1/contracts/ae_af/schemas/ae.query_response.v1.schema.json:93; Article_Eater_PostQuinean_v1/docs/MVP_CONTRACTS.md:236
n_beliefs_searched,extraction_output_field,Article_Eater_PostQuinean_v1,1,2,Article_Eater_PostQuinean_v1/contracts/ae_af/schemas/ae.query_response.v1.schema.json:89; Article_Eater_PostQuinean_v1/docs/MVP_CONTRACTS.md:235
n_bridge_warrants,extraction_output_field,Article_Eater_PostQuinean_v1,1,1,Article_Eater_PostQuinean_v1/src/epistemic/extraction/theoretical_extractor.py:314
n_conclusions,extraction_output_field,Article_Eater_PostQuinean_v1,1,1,Article_Eater_PostQuinean_v1/src/epistemic/extraction/synthesis_ingester.py:339
n_constraints,extraction_output_field,Article_Eater_PostQuinean_v1,1,2,Article_Eater_PostQuinean_v1/contracts/ae_af/schemas/ae.web_state.v1.schema.json:59; Article_Eater_PostQuinean_v1/src/epistemic/extraction/theoretical_extractor.py:313
n_constraints_added,database_column,Article_Eater_PostQuinean_v1,1,1,Article_Eater_PostQuinean_v1/migrations/006_discovery_funnel.sql:180
n_contradicting,extraction_output_field,Article_Eater_PostQuinean_v1,1,1,Article_Eater_PostQuinean_v1/contracts/ae_af/schemas/ae.web_state.v1.schema.json:102
n_critiques,extraction_output_field,Article_Eater_PostQuinean_v1,1,1,Article_Eater_PostQuinean_v1/src/epistemic/extraction/synthesis_ingester.py:342
n_definitions,extraction_output_field,Article_Eater_PostQuinean_v1,1,1,Article_Eater_PostQuinean_v1/src/epistemic/extraction/theoretical_extractor.py:312
n_expert_syntheses,extraction_output_field,Article_Eater_PostQuinean_v1,1,1,Article_Eater_PostQuinean_v1/src/epistemic/extraction/synthesis_ingester.py:340
n_failures,database_column,Article_Eater_PostQuinean_v1,1,1,Article_Eater_PostQuinean_v1/db/sql/018_paper_lifecycle.sql:141
n_features,extraction_output_field,BN_graphical,1,6,BN_graphical/backups/broken_venvs/bn_venv_20260213_092600/lib/python3.12/site-packages/sklearn/feature_extraction/_hash.py:108; BN_graphical/backups/broken_venvs/bn_venv_20260213_092600/lib/python3.12/site-packages/sklearn/feature_extraction/text.py:761; BN_graphical/bn_venv_py311/lib/python3.11/site-packages/sklearn/feature_extraction/_hash.py:108; BN_graphical/bn_venv_py311/lib/python3.11/site-packages/sklearn/feature_extraction/text.py:761
n_findings,database_column;extraction_output_field,Article_Eater_PostQuinean_v1,1,3,Article_Eater_PostQuinean_v1/db/sql/018_paper_lifecycle.sql:148; Article_Eater_PostQuinean_v1/db/sql/018_paper_lifecycle.sql:55; Article_Eater_PostQuinean_v1/src/services/pdf_extraction.py:119
n_gaps,extraction_output_field,Article_Eater_PostQuinean_v1,1,3,Article_Eater_PostQuinean_v1/contracts/ae_af/schemas/ae.gap_report.v1.schema.json:60; Article_Eater_PostQuinean_v1/contracts/ae_af/schemas/ae.query_response.v1.schema.json:335; Article_Eater_PostQuinean_v1/docs/MVP_CONTRACTS.md:277
n_high_priority,extraction_output_field,Article_Eater_PostQuinean_v1,1,2,Article_Eater_PostQuinean_v1/contracts/ae_af/schemas/ae.gap_report.v1.schema.json:64; Article_Eater_PostQuinean_v1/docs/MVP_CONTRACTS.md:278
n_hypotheses,extraction_output_field,Article_Eater_PostQuinean_v1,1,1,Article_Eater_PostQuinean_v1/src/epistemic/extraction/theoretical_extractor.py:311
n_knowledge_gaps,extraction_output_field,Article_Eater_PostQuinean_v1,1,1,Article_Eater_PostQuinean_v1/src/epistemic/extraction/synthesis_ingester.py:341
n_moderators,extraction_output_field,Article_Eater_PostQuinean_v1,1,1,Article_Eater_PostQuinean_v1/src/epistemic/extraction/synthesis_ingester.py:343
n_new,database_column,Article_Eater_PostQuinean_v1,1,1,Article_Eater_PostQuinean_v1/migrations/006_discovery_funnel.sql:84
n_observations,extraction_output_field,Article_Eater_PostQuinean_v1,1,1,Article_Eater_PostQuinean_v1/contracts/ae_af/schemas/ae.web_state.v1.schema.json:103
n_papers,extraction_output_field,Article_Eater_PostQuinean_v1,1,2,Article_Eater_PostQuinean_v1/contracts/schemas/integration.edge_justification.v1.schema.json:86; Article_Eater_PostQuinean_v1/src/services/pdf_extraction.py:526
n_processing_attempts,database_column,Article_Eater_PostQuinean_v1,1,1,Article_Eater_PostQuinean_v1/db/sql/018_paper_lifecycle.sql:140
n_propositions,extraction_output_field,Article_Eater_PostQuinean_v1,1,1,Article_Eater_PostQuinean_v1/src/epistemic/extraction/theoretical_extractor.py:310
n_relevant,database_column,Article_Eater_PostQuinean_v1,1,1,Article_Eater_PostQuinean_v1/migrations/006_discovery_funnel.sql:83
n_results,database_column,Article_Eater_PostQuinean_v1,1,1,Article_Eater_PostQuinean_v1/migrations/006_discovery_funnel.sql:82
n_stimuli,extraction_output_field,Outcome_Contractor,1,2,Outcome_Contractor/docs/PANEL_CONSULTATION_EXTRACTION_TABLES_2026_02_08.md:162; Outcome_Contractor/docs/PANEL_CONSULTATION_EXTRACTION_TABLES_2026_02_08.md:172
n_stubs,extraction_output_field,Article_Eater_PostQuinean_v1,1,1,Article_Eater_PostQuinean_v1/contracts/ae_af/schemas/ae.coherence_summary.v1.schema.json:83
n_stubs_created,database_column,Article_Eater_PostQuinean_v1,1,1,Article_Eater_PostQuinean_v1/db/sql/018_paper_lifecycle.sql:159
n_studies,extraction_output_field,Article_Eater_PostQuinean_v1,1,3,Article_Eater_PostQuinean_v1/src/epistemic/entrenchment/synthesis_rules.py:161; Article_Eater_PostQuinean_v1/tests/test_sprint6c_ingestion.py:276; Article_Eater_PostQuinean_v1/tests/test_sprint6c_ingestion.py:277
n_studies_cited,extraction_output_field,Article_Eater_PostQuinean_v1,1,1,Article_Eater_PostQuinean_v1/src/epistemic/contracts/claim_v2.py:135
n_supporting,extraction_output_field,Article_Eater_PostQuinean_v1,1,1,Article_Eater_PostQuinean_v1/contracts/ae_af/schemas/ae.web_state.v1.schema.json:101
n_table_claims,database_column,Article_Eater_PostQuinean_v1,1,1,Article_Eater_PostQuinean_v1/db/sql/018_paper_lifecycle.sql:150
n_tables,extraction_output_field,Article_Eater_PostQuinean_v1,1,4,Article_Eater_PostQuinean_v1/scripts/build_table_gold_pack.py:154; Article_Eater_PostQuinean_v1/scripts/build_table_gold_pack.py:209; Article_Eater_PostQuinean_v1/scripts/build_table_gold_pack.py:223; Article_Eater_PostQuinean_v1/src/services/table_to_claims.py:77
n_tables_extracted,database_column,Article_Eater_PostQuinean_v1,1,1,Article_Eater_PostQuinean_v1/db/sql/018_paper_lifecycle.sql:149
n_temporal_params,extraction_output_field,Article_Eater_PostQuinean_v1,1,1,Article_Eater_PostQuinean_v1/src/services/pdf_extraction.py:121
n_tensions_detected,database_column,Article_Eater_PostQuinean_v1,1,1,Article_Eater_PostQuinean_v1/db/sql/018_paper_lifecycle.sql:160
n_theories_analyzed,extraction_output_field,Article_Eater_PostQuinean_v1,1,1,Article_Eater_PostQuinean_v1/contracts/ae_af/schemas/ae.gap_report.v1.schema.json:116
n_theory_relations,extraction_output_field,Article_Eater_PostQuinean_v1,1,1,Article_Eater_PostQuinean_v1/src/epistemic/extraction/theoretical_extractor.py:315
n_waves,extraction_output_field,Outcome_Contractor,1,1,Outcome_Contractor/article_finder/exemplary_extraction_tables.md:2171
n_x,extraction_output_field,BN_graphical,1,3,BN_graphical/backups/broken_venvs/bn_venv_20260213_092600/lib/python3.12/site-packages/sklearn/feature_extraction/image.py:194; BN_graphical/bn_venv_py311/lib/python3.11/site-packages/sklearn/feature_extraction/image.py:194; BN_graphical/test_venv_310/lib/python3.10/site-packages/sklearn/feature_extraction/image.py:194
n_y,extraction_output_field,BN_graphical,1,3,BN_graphical/backups/broken_venvs/bn_venv_20260213_092600/lib/python3.12/site-packages/sklearn/feature_extraction/image.py:195; BN_graphical/bn_venv_py311/lib/python3.11/site-packages/sklearn/feature_extraction/image.py:195; BN_graphical/test_venv_310/lib/python3.10/site-packages/sklearn/feature_extraction/image.py:195
n_z,extraction_output_field,BN_graphical,1,3,BN_graphical/backups/broken_venvs/bn_venv_20260213_092600/lib/python3.12/site-packages/sklearn/feature_extraction/image.py:196; BN_graphical/bn_venv_py311/lib/python3.11/site-packages/sklearn/feature_extraction/image.py:196; BN_graphical/test_venv_310/lib/python3.10/site-packages/sklearn/feature_extraction/image.py:196
name_en,extraction_output_field,BN_graphical,1,4,BN_graphical/backups/broken_venvs/bn_venv_20260213_092600/lib/python3.12/site-packages/pandas/tests/io/json/test_json_table_schema.py:267; BN_graphical/bn_venv/lib/python3.14/site-packages/pandas/tests/io/json/test_json_table_schema.py:267; BN_graphical/bn_venv_py311/lib/python3.11/site-packages/pandas/tests/io/json/test_json_table_schema.py:267; BN_graphical/test_venv_310/lib/python3.10/site-packages/pandas/tests/io/json/test_json_table_schema.py:267
name_jp,extraction_output_field,BN_graphical,1,4,BN_graphical/backups/broken_venvs/bn_venv_20260213_092600/lib/python3.12/site-packages/pandas/tests/io/json/test_json_table_schema.py:266; BN_graphical/bn_venv/lib/python3.14/site-packages/pandas/tests/io/json/test_json_table_schema.py:266; BN_graphical/bn_venv_py311/lib/python3.11/site-packages/pandas/tests/io/json/test_json_table_schema.py:266; BN_graphical/test_venv_310/lib/python3.10/site-packages/pandas/tests/io/json/test_json_table_schema.py:266
naming_convention,extraction_output_field,BN_graphical,1,4,BN_graphical/backups/broken_venvs/bn_venv_20260213_092600/lib/python3.12/site-packages/sqlalchemy/sql/schema.py:5541; BN_graphical/bn_venv/lib/python3.14/site-packages/sqlalchemy/sql/schema.py:5608; BN_graphical/bn_venv_py311/lib/python3.11/site-packages/sqlalchemy/sql/schema.py:5541; BN_graphical/test_venv_310/lib/python3.10/site-packages/sqlalchemy/sql/schema.py:5541
natural_behavior,enum_value,Article_Eater_PostQuinean_v1,1,1,Article_Eater_PostQuinean_v1/src/methods/task_ecology.py:38
nature_type,extraction_output_field,Article_Eater_PostQuinean_v1,1,2,Article_Eater_PostQuinean_v1/ruthless_bundle_2026-02-08/src/services/scope_extractor.py:264; Article_Eater_PostQuinean_v1/src/services/scope_extractor.py:264
nature_walk,extraction_output_field,Article_Eater_PostQuinean_v1,1,1,Article_Eater_PostQuinean_v1/contracts/vocab/task_taxonomy.json:275
navigational_PE,bn_node_definition,Article_Eater_PostQuinean_v1,1,1,Article_Eater_PostQuinean_v1/src/epistemic/bn_nodes.py:131
navigational_pe,enum_value;extraction_output_field,Article_Eater_PostQuinean_v1,1,3,Article_Eater_PostQuinean_v1/src/epistemic/extraction/pe_classifier.py:266; Article_Eater_PostQuinean_v1/src/epistemic/extraction/pe_classifier.py:305; Article_Eater_PostQuinean_v1/src/services/web_of_belief.py:307
navigational_score,extraction_output_field,Article_Eater_PostQuinean_v1,1,1,Article_Eater_PostQuinean_v1/src/epistemic/extraction/pe_classifier.py:202
nb_points,enum_value,BN_graphical,1,1,BN_graphical/bn_venv/lib/python3.14/site-packages/scipy/_lib/cobyqa/settings.py:35
near_boundary_flip,enum_value,Article_Eater_PostQuinean_v1,1,1,Article_Eater_PostQuinean_v1/src/services/claim_gallery_builder.py:97
near_miss,enum_value;extraction_output_field,Article_Eater_PostQuinean_v1,1,5,Article_Eater_PostQuinean_v1/contracts/ae_af/schemas/claim_gallery.v1.schema.json:112; Article_Eater_PostQuinean_v1/contracts/ae_af/schemas/gallery_selection_config.v1.schema.json:38; Article_Eater_PostQuinean_v1/contracts/ae_af/schemas/selection_log.v1.schema.json:39; Article_Eater_PostQuinean_v1/src/services/claim_gallery_builder.py:293
near_miss_band,extraction_output_field,Article_Eater_PostQuinean_v1,1,1,Article_Eater_PostQuinean_v1/contracts/ae_af/schemas/gallery_selection_config.v1.schema.json:30
need_cfuncs,extraction_output_field,BN_graphical,1,4,BN_graphical/backups/broken_venvs/bn_venv_20260213_092600/lib/python3.12/site-packages/numpy/f2py/rules.py:387; BN_graphical/bn_venv/lib/python3.14/site-packages/numpy/f2py/rules.py:447; BN_graphical/bn_venv_py311/lib/python3.11/site-packages/numpy/f2py/rules.py:390; BN_graphical/test_venv_310/lib/python3.10/site-packages/numpy/f2py/rules.py:390
needs_caution,extraction_output_field,Article_Eater_PostQuinean_v1,1,2,Article_Eater_PostQuinean_v1/contracts/ae_af/schemas/ae.query_response.v1.schema.json:305; Article_Eater_PostQuinean_v1/docs/MVP_CONTRACTS.md:200
needs_info,enum_value,Article_Eater_PostQuinean_v1,1,1,Article_Eater_PostQuinean_v1/src/theories/theory_agent_council.py:35
needs_revision,enum_value,Article_Eater_PostQuinean_v1,1,1,Article_Eater_PostQuinean_v1/src/epistemic/monitors/theory_monitor.py:30
needs_theory_review,extraction_output_field,Article_Eater_PostQuinean_v1,1,2,Article_Eater_PostQuinean_v1/ruthless_bundle_2026-02-08/src/services/extraction_to_web.py:246; Article_Eater_PostQuinean_v1/src/services/extraction_to_web.py:259
negative_conseq,enum_value,BN_graphical,1,1,BN_graphical/src/literature_integration/argument_structure.py:68
net_effect_modifier,extraction_output_field,Article_Eater_PostQuinean_v1,1,1,Article_Eater_PostQuinean_v1/archive/docs/handoffs/_ontology_rule_system_summary_a bit ago.md:536
net_support,extraction_output_field,Article_Eater_PostQuinean_v1,1,1,Article_Eater_PostQuinean_v1/contracts/schemas/integration.edge_justification.v1.schema.json:159
network_graph,enum_value,Article_Eater_PostQuinean_v1,1,1,Article_Eater_PostQuinean_v1/src/services/export_audit.py:45
neural.autonomic_neural,extraction_output_field,Outcome_Contractor,1,2,Outcome_Contractor/contracts/oc_export/ae_outcome_lookup.json:4492; Outcome_Contractor/contracts/oc_export/constitutive_bridges.json:21465
neural.autonomic_neural.parasympathetic,extraction_output_field,Outcome_Contractor,1,2,Outcome_Contractor/contracts/oc_export/ae_outcome_lookup.json:4497; Outcome_Contractor/contracts/oc_export/constitutive_bridges.json:21472
neural.autonomic_neural.sympathetic,extraction_output_field,Outcome_Contractor,1,2,Outcome_Contractor/contracts/oc_export/ae_outcome_lookup.json:4502; Outcome_Contractor/contracts/oc_export/constitutive_bridges.json:21480
neural.eeg,extraction_output_field,Outcome_Contractor,1,2,Outcome_Contractor/contracts/oc_export/ae_outcome_lookup.json:4507; Outcome_Contractor/contracts/oc_export/constitutive_bridges.json:21488
neural.eeg.alpha,extraction_output_field,Outcome_Contractor,1,2,Outcome_Contractor/contracts/oc_export/ae_outcome_lookup.json:4512; Outcome_Contractor/contracts/oc_export/constitutive_bridges.json:21495
neural.eeg.asymmetry,extraction_output_field,Outcome_Contractor,1,2,Outcome_Contractor/contracts/oc_export/ae_outcome_lookup.json:4517; Outcome_Contractor/contracts/oc_export/constitutive_bridges.json:21503
neural.eeg.asymmetry.approach_withdrawal,extraction_output_field,Outcome_Contractor,1,2,Outcome_Contractor/contracts/oc_export/ae_outcome_lookup.json:4522; Outcome_Contractor/contracts/oc_export/constitutive_bridges.json:21511
neural.eeg.asymmetry.frontal_alpha,extraction_output_field,Outcome_Contractor,1,2,Outcome_Contractor/contracts/oc_export/ae_outcome_lookup.json:4527; Outcome_Contractor/contracts/oc_export/constitutive_bridges.json:21520
neural.eeg.beta,extraction_output_field,Outcome_Contractor,1,2,Outcome_Contractor/contracts/oc_export/ae_outcome_lookup.json:4532; Outcome_Contractor/contracts/oc_export/constitutive_bridges.json:21529
neural.eeg.connectivity,extraction_output_field,Outcome_Contractor,1,2,Outcome_Contractor/contracts/oc_export/ae_outcome_lookup.json:4537; Outcome_Contractor/contracts/oc_export/constitutive_bridges.json:21537
neural.eeg.connectivity.coherence,extraction_output_field,Outcome_Contractor,1,2,Outcome_Contractor/contracts/oc_export/ae_outcome_lookup.json:4542; Outcome_Contractor/contracts/oc_export/constitutive_bridges.json:21545
neural.eeg.connectivity.granger_causality,extraction_output_field,Outcome_Contractor,1,2,Outcome_Contractor/contracts/oc_export/ae_outcome_lookup.json:4547; Outcome_Contractor/contracts/oc_export/constitutive_bridges.json:21554
neural.eeg.connectivity.phase_locking,extraction_output_field,Outcome_Contractor,1,2,Outcome_Contractor/contracts/oc_export/ae_outcome_lookup.json:4552; Outcome_Contractor/contracts/oc_export/constitutive_bridges.json:21563
neural.eeg.erp,extraction_output_field,Outcome_Contractor,1,2,Outcome_Contractor/contracts/oc_export/ae_outcome_lookup.json:4557; Outcome_Contractor/contracts/oc_export/constitutive_bridges.json:21572
neural.eeg.erp.cnv,extraction_output_field,Outcome_Contractor,1,2,Outcome_Contractor/contracts/oc_export/ae_outcome_lookup.json:4562; Outcome_Contractor/contracts/oc_export/constitutive_bridges.json:21580
neural.eeg.erp.lpp,extraction_output_field,Outcome_Contractor,1,2,Outcome_Contractor/contracts/oc_export/ae_outcome_lookup.json:4567; Outcome_Contractor/contracts/oc_export/constitutive_bridges.json:21589
neural.eeg.gamma,extraction_output_field,Outcome_Contractor,1,2,Outcome_Contractor/contracts/oc_export/ae_outcome_lookup.json:4572; Outcome_Contractor/contracts/oc_export/constitutive_bridges.json:21598
neural.eeg.oscillations,extraction_output_field,Outcome_Contractor,1,2,Outcome_Contractor/contracts/oc_export/ae_outcome_lookup.json:4577; Outcome_Contractor/contracts/oc_export/constitutive_bridges.json:21606
neural.eeg.oscillations.alpha,extraction_output_field,Outcome_Contractor,1,2,Outcome_Contractor/contracts/oc_export/ae_outcome_lookup.json:4582; Outcome_Contractor/contracts/oc_export/constitutive_bridges.json:21614
neural.eeg.oscillations.alpha.asymmetry,extraction_output_field,Outcome_Contractor,1,2,Outcome_Contractor/contracts/oc_export/ae_outcome_lookup.json:4587; Outcome_Contractor/contracts/oc_export/constitutive_bridges.json:21623
neural.eeg.oscillations.alpha.peak_frequency,extraction_output_field,Outcome_Contractor,1,2,Outcome_Contractor/contracts/oc_export/ae_outcome_lookup.json:4592; Outcome_Contractor/contracts/oc_export/constitutive_bridges.json:21633
neural.eeg.oscillations.alpha.power,extraction_output_field,Outcome_Contractor,1,2,Outcome_Contractor/contracts/oc_export/ae_outcome_lookup.json:4597; Outcome_Contractor/contracts/oc_export/constitutive_bridges.json:21643
neural.eeg.oscillations.alpha.suppression,extraction_output_field,Outcome_Contractor,1,2,Outcome_Contractor/contracts/oc_export/ae_outcome_lookup.json:4602; Outcome_Contractor/contracts/oc_export/constitutive_bridges.json:21653
neural.eeg.oscillations.beta,extraction_output_field,Outcome_Contractor,1,2,Outcome_Contractor/contracts/oc_export/ae_outcome_lookup.json:4607; Outcome_Contractor/contracts/oc_export/constitutive_bridges.json:21663
neural.eeg.oscillations.beta.coherence,extraction_output_field,Outcome_Contractor,1,2,Outcome_Contractor/contracts/oc_export/ae_outcome_lookup.json:4612; Outcome_Contractor/contracts/oc_export/constitutive_bridges.json:21672
neural.eeg.oscillations.beta.power,extraction_output_field,Outcome_Contractor,1,2,Outcome_Contractor/contracts/oc_export/ae_outcome_lookup.json:4617; Outcome_Contractor/contracts/oc_export/constitutive_bridges.json:21682
neural.eeg.oscillations.delta,extraction_output_field,Outcome_Contractor,1,2,Outcome_Contractor/contracts/oc_export/ae_outcome_lookup.json:4622; Outcome_Contractor/contracts/oc_export/constitutive_bridges.json:21692
neural.eeg.oscillations.delta.power,extraction_output_field,Outcome_Contractor,1,2,Outcome_Contractor/contracts/oc_export/ae_outcome_lookup.json:4627; Outcome_Contractor/contracts/oc_export/constitutive_bridges.json:21701
neural.eeg.oscillations.gamma,extraction_output_field,Outcome_Contractor,1,2,Outcome_Contractor/contracts/oc_export/ae_outcome_lookup.json:4632; Outcome_Contractor/contracts/oc_export/constitutive_bridges.json:21711
neural.eeg.oscillations.gamma.induced,extraction_output_field,Outcome_Contractor,1,2,Outcome_Contractor/contracts/oc_export/ae_outcome_lookup.json:4637; Outcome_Contractor/contracts/oc_export/constitutive_bridges.json:21720
neural.eeg.oscillations.gamma.power,extraction_output_field,Outcome_Contractor,1,2,Outcome_Contractor/contracts/oc_export/ae_outcome_lookup.json:4642; Outcome_Contractor/contracts/oc_export/constitutive_bridges.json:21730
neural.eeg.oscillations.theta,extraction_output_field,Outcome_Contractor,1,2,Outcome_Contractor/contracts/oc_export/ae_outcome_lookup.json:4647; Outcome_Contractor/contracts/oc_export/constitutive_bridges.json:21740
neural.eeg.oscillations.theta.coherence,extraction_output_field,Outcome_Contractor,1,2,Outcome_Contractor/contracts/oc_export/ae_outcome_lookup.json:4652; Outcome_Contractor/contracts/oc_export/constitutive_bridges.json:21749
neural.eeg.oscillations.theta.frontal_midline,extraction_output_field,Outcome_Contractor,1,2,Outcome_Contractor/contracts/oc_export/ae_outcome_lookup.json:4657; Outcome_Contractor/contracts/oc_export/constitutive_bridges.json:21759
neural.eeg.oscillations.theta.power,extraction_output_field,Outcome_Contractor,1,2,Outcome_Contractor/contracts/oc_export/ae_outcome_lookup.json:4662; Outcome_Contractor/contracts/oc_export/constitutive_bridges.json:21769
neural.eeg.theta,extraction_output_field,Outcome_Contractor,1,2,Outcome_Contractor/contracts/oc_export/ae_outcome_lookup.json:4667; Outcome_Contractor/contracts/oc_export/constitutive_bridges.json:21779
neural.fmri,extraction_output_field,Outcome_Contractor,1,2,Outcome_Contractor/contracts/oc_export/ae_outcome_lookup.json:4672; Outcome_Contractor/contracts/oc_export/constitutive_bridges.json:21787
neural.fmri.activation,extraction_output_field,Outcome_Contractor,1,2,Outcome_Contractor/contracts/oc_export/ae_outcome_lookup.json:4677; Outcome_Contractor/contracts/oc_export/constitutive_bridges.json:21794
neural.fmri.activation.limbic,extraction_output_field,Outcome_Contractor,1,2,Outcome_Contractor/contracts/oc_export/ae_outcome_lookup.json:4682; Outcome_Contractor/contracts/oc_export/constitutive_bridges.json:21802
neural.fmri.activation.limbic.acc,extraction_output_field,Outcome_Contractor,1,2,Outcome_Contractor/contracts/oc_export/ae_outcome_lookup.json:4687; Outcome_Contractor/contracts/oc_export/constitutive_bridges.json:21811
neural.fmri.activation.limbic.amygdala,extraction_output_field,Outcome_Contractor,1,2,Outcome_Contractor/contracts/oc_export/ae_outcome_lookup.json:4692; Outcome_Contractor/contracts/oc_export/constitutive_bridges.json:21821
neural.fmri.activation.limbic.hippocampus,extraction_output_field,Outcome_Contractor,1,2,Outcome_Contractor/contracts/oc_export/ae_outcome_lookup.json:4697; Outcome_Contractor/contracts/oc_export/constitutive_bridges.json:21831
neural.fmri.activation.limbic.insula,extraction_output_field,Outcome_Contractor,1,2,Outcome_Contractor/contracts/oc_export/ae_outcome_lookup.json:4702; Outcome_Contractor/contracts/oc_export/constitutive_bridges.json:21841
neural.fmri.activation.motor,extraction_output_field,Outcome_Contractor,1,2,Outcome_Contractor/contracts/oc_export/ae_outcome_lookup.json:4707; Outcome_Contractor/contracts/oc_export/constitutive_bridges.json:21851
neural.fmri.activation.occipital,extraction_output_field,Outcome_Contractor,1,2,Outcome_Contractor/contracts/oc_export/ae_outcome_lookup.json:4712; Outcome_Contractor/contracts/oc_export/constitutive_bridges.json:21860
neural.fmri.activation.occipital.opa,extraction_output_field,Outcome_Contractor,1,2,Outcome_Contractor/contracts/oc_export/ae_outcome_lookup.json:4717; Outcome_Contractor/contracts/oc_export/constitutive_bridges.json:21869
neural.fmri.activation.occipital.ppa,extraction_output_field,Outcome_Contractor,1,2,Outcome_Contractor/contracts/oc_export/ae_outcome_lookup.json:4722; Outcome_Contractor/contracts/oc_export/constitutive_bridges.json:21879
neural.fmri.activation.occipital.rsc,extraction_output_field,Outcome_Contractor,1,2,Outcome_Contractor/contracts/oc_export/ae_outcome_lookup.json:4727; Outcome_Contractor/contracts/oc_export/constitutive_bridges.json:21889
neural.fmri.activation.parietal,extraction_output_field,Outcome_Contractor,1,2,Outcome_Contractor/contracts/oc_export/ae_outcome_lookup.json:4732; Outcome_Contractor/contracts/oc_export/constitutive_bridges.json:21899
neural.fmri.activation.parietal.ips,extraction_output_field,Outcome_Contractor,1,2,Outcome_Contractor/contracts/oc_export/ae_outcome_lookup.json:4737; Outcome_Contractor/contracts/oc_export/constitutive_bridges.json:21908
neural.fmri.activation.parietal.spl,extraction_output_field,Outcome_Contractor,1,2,Outcome_Contractor/contracts/oc_export/ae_outcome_lookup.json:4742; Outcome_Contractor/contracts/oc_export/constitutive_bridges.json:21918
neural.fmri.activation.prefrontal,extraction_output_field,Outcome_Contractor,1,2,Outcome_Contractor/contracts/oc_export/ae_outcome_lookup.json:4747; Outcome_Contractor/contracts/oc_export/constitutive_bridges.json:21928
neural.fmri.activation.prefrontal.dlpfc,extraction_output_field,Outcome_Contractor,1,2,Outcome_Contractor/contracts/oc_export/ae_outcome_lookup.json:4752; Outcome_Contractor/contracts/oc_export/constitutive_bridges.json:21937
neural.fmri.activation.prefrontal.mpfc,extraction_output_field,Outcome_Contractor,1,2,Outcome_Contractor/contracts/oc_export/ae_outcome_lookup.json:4757; Outcome_Contractor/contracts/oc_export/constitutive_bridges.json:21947
neural.fmri.activation.prefrontal.ofc,extraction_output_field,Outcome_Contractor,1,2,Outcome_Contractor/contracts/oc_export/ae_outcome_lookup.json:4762; Outcome_Contractor/contracts/oc_export/constitutive_bridges.json:21957
neural.fmri.activation.prefrontal.vlpfc,extraction_output_field,Outcome_Contractor,1,2,Outcome_Contractor/contracts/oc_export/ae_outcome_lookup.json:4767; Outcome_Contractor/contracts/oc_export/constitutive_bridges.json:21967
neural.fmri.activation.subcortical,extraction_output_field,Outcome_Contractor,1,2,Outcome_Contractor/contracts/oc_export/ae_outcome_lookup.json:4772; Outcome_Contractor/contracts/oc_export/constitutive_bridges.json:21977
neural.fmri.activation.subcortical.caudate,extraction_output_field,Outcome_Contractor,1,2,Outcome_Contractor/contracts/oc_export/ae_outcome_lookup.json:4777; Outcome_Contractor/contracts/oc_export/constitutive_bridges.json:21986
neural.fmri.activation.subcortical.nacc,extraction_output_field,Outcome_Contractor,1,2,Outcome_Contractor/contracts/oc_export/ae_outcome_lookup.json:4782; Outcome_Contractor/contracts/oc_export/constitutive_bridges.json:21996
neural.fmri.activation.subcortical.thalamus,extraction_output_field,Outcome_Contractor,1,2,Outcome_Contractor/contracts/oc_export/ae_outcome_lookup.json:4787; Outcome_Contractor/contracts/oc_export/constitutive_bridges.json:22006
neural.fmri.activation.temporal,extraction_output_field,Outcome_Contractor,1,2,Outcome_Contractor/contracts/oc_export/ae_outcome_lookup.json:4792; Outcome_Contractor/contracts/oc_export/constitutive_bridges.json:22016
neural.fmri.activation.temporal.fusiform,extraction_output_field,Outcome_Contractor,1,2,Outcome_Contractor/contracts/oc_export/ae_outcome_lookup.json:4797; Outcome_Contractor/contracts/oc_export/constitutive_bridges.json:22025
neural.fmri.activation.temporal.parahippocampal,extraction_output_field,Outcome_Contractor,1,2,Outcome_Contractor/contracts/oc_export/ae_outcome_lookup.json:4802; Outcome_Contractor/contracts/oc_export/constitutive_bridges.json:22035
neural.fmri.activation.temporal.sts,extraction_output_field,Outcome_Contractor,1,2,Outcome_Contractor/contracts/oc_export/ae_outcome_lookup.json:4807; Outcome_Contractor/contracts/oc_export/constitutive_bridges.json:22045
neural.fmri.amygdala,extraction_output_field,Outcome_Contractor,1,2,Outcome_Contractor/contracts/oc_export/ae_outcome_lookup.json:4812; Outcome_Contractor/contracts/oc_export/constitutive_bridges.json:22055
neural.fmri.connectivity,extraction_output_field,Outcome_Contractor,1,2,Outcome_Contractor/contracts/oc_export/ae_outcome_lookup.json:4817; Outcome_Contractor/contracts/oc_export/constitutive_bridges.json:22063
neural.fmri.connectivity.effective,extraction_output_field,Outcome_Contractor,1,2,Outcome_Contractor/contracts/oc_export/ae_outcome_lookup.json:4822; Outcome_Contractor/contracts/oc_export/constitutive_bridges.json:22071
neural.fmri.connectivity.functional,extraction_output_field,Outcome_Contractor,1,2,Outcome_Contractor/contracts/oc_export/ae_outcome_lookup.json:4827; Outcome_Contractor/contracts/oc_export/constitutive_bridges.json:22080
neural.fmri.hippocampal,extraction_output_field,Outcome_Contractor,1,2,Outcome_Contractor/contracts/oc_export/ae_outcome_lookup.json:4832; Outcome_Contractor/contracts/oc_export/constitutive_bridges.json:22089
neural.fmri.networks,extraction_output_field,Outcome_Contractor,1,2,Outcome_Contractor/contracts/oc_export/ae_outcome_lookup.json:4837; Outcome_Contractor/contracts/oc_export/constitutive_bridges.json:22097
neural.fmri.networks.dmn,extraction_output_field,Outcome_Contractor,1,2,Outcome_Contractor/contracts/oc_export/ae_outcome_lookup.json:4842; Outcome_Contractor/contracts/oc_export/constitutive_bridges.json:22105
neural.fmri.networks.executive,extraction_output_field,Outcome_Contractor,1,2,Outcome_Contractor/contracts/oc_export/ae_outcome_lookup.json:4847; Outcome_Contractor/contracts/oc_export/constitutive_bridges.json:22114
neural.fmri.networks.executive.dorsal_attention,extraction_output_field,Outcome_Contractor,1,2,Outcome_Contractor/contracts/oc_export/ae_outcome_lookup.json:4852; Outcome_Contractor/contracts/oc_export/constitutive_bridges.json:22123
neural.fmri.networks.executive.fronto_parietal,extraction_output_field,Outcome_Contractor,1,2,Outcome_Contractor/contracts/oc_export/ae_outcome_lookup.json:4857; Outcome_Contractor/contracts/oc_export/constitutive_bridges.json:22133
neural.fmri.networks.salience,extraction_output_field,Outcome_Contractor,1,2,Outcome_Contractor/contracts/oc_export/ae_outcome_lookup.json:4862; Outcome_Contractor/contracts/oc_export/constitutive_bridges.json:22143
neural.fmri.networks.sensorimotor,extraction_output_field,Outcome_Contractor,1,2,Outcome_Contractor/contracts/oc_export/ae_outcome_lookup.json:4867; Outcome_Contractor/contracts/oc_export/constitutive_bridges.json:22152
neural.fmri.networks.visual,extraction_output_field,Outcome_Contractor,1,2,Outcome_Contractor/contracts/oc_export/ae_outcome_lookup.json:4872; Outcome_Contractor/contracts/oc_export/constitutive_bridges.json:22161
neural.fmri.prefrontal,extraction_output_field,Outcome_Contractor,1,2,Outcome_Contractor/contracts/oc_export/ae_outcome_lookup.json:4877; Outcome_Contractor/contracts/oc_export/constitutive_bridges.json:22170
neural.fnirs,extraction_output_field,Outcome_Contractor,1,2,Outcome_Contractor/contracts/oc_export/ae_outcome_lookup.json:4882; Outcome_Contractor/contracts/oc_export/constitutive_bridges.json:22178
neural.fnirs.hemodynamic,extraction_output_field,Outcome_Contractor,1,2,Outcome_Contractor/contracts/oc_export/ae_outcome_lookup.json:4887; Outcome_Contractor/contracts/oc_export/constitutive_bridges.json:22185
neural.fnirs.hemodynamic.deoxy_hb,extraction_output_field,Outcome_Contractor,1,2,Outcome_Contractor/contracts/oc_export/ae_outcome_lookup.json:4892; Outcome_Contractor/contracts/oc_export/constitutive_bridges.json:22193
neural.fnirs.hemodynamic.oxy_hb,extraction_output_field,Outcome_Contractor,1,2,Outcome_Contractor/contracts/oc_export/ae_outcome_lookup.json:4897; Outcome_Contractor/contracts/oc_export/constitutive_bridges.json:22202
neural.fnirs.hemodynamic.total_hb,extraction_output_field,Outcome_Contractor,1,2,Outcome_Contractor/contracts/oc_export/ae_outcome_lookup.json:4902; Outcome_Contractor/contracts/oc_export/constitutive_bridges.json:22211
neural.fnirs.metrics,extraction_output_field,Outcome_Contractor,1,2,Outcome_Contractor/contracts/oc_export/ae_outcome_lookup.json:4907; Outcome_Contractor/contracts/oc_export/constitutive_bridges.json:22220
neural.fnirs.metrics.activation,extraction_output_field,Outcome_Contractor,1,2,Outcome_Contractor/contracts/oc_export/ae_outcome_lookup.json:4912; Outcome_Contractor/contracts/oc_export/constitutive_bridges.json:22228
neural.fnirs.metrics.connectivity,extraction_output_field,Outcome_Contractor,1,2,Outcome_Contractor/contracts/oc_export/ae_outcome_lookup.json:4917; Outcome_Contractor/contracts/oc_export/constitutive_bridges.json:22237
neural.fnirs.metrics.lateralization,extraction_output_field,Outcome_Contractor,1,2,Outcome_Contractor/contracts/oc_export/ae_outcome_lookup.json:4922; Outcome_Contractor/contracts/oc_export/constitutive_bridges.json:22246
neural.fnirs.regions,extraction_output_field,Outcome_Contractor,1,2,Outcome_Contractor/contracts/oc_export/ae_outcome_lookup.json:4927; Outcome_Contractor/contracts/oc_export/constitutive_bridges.json:22255
neural.fnirs.regions.motor,extraction_output_field,Outcome_Contractor,1,2,Outcome_Contractor/contracts/oc_export/ae_outcome_lookup.json:4932; Outcome_Contractor/contracts/oc_export/constitutive_bridges.json:22263
neural.fnirs.regions.parietal,extraction_output_field,Outcome_Contractor,1,2,Outcome_Contractor/contracts/oc_export/ae_outcome_lookup.json:4937; Outcome_Contractor/contracts/oc_export/constitutive_bridges.json:22272
neural.fnirs.regions.prefrontal,extraction_output_field,Outcome_Contractor,1,2,Outcome_Contractor/contracts/oc_export/ae_outcome_lookup.json:4942; Outcome_Contractor/contracts/oc_export/constitutive_bridges.json:22281
neural.fnirs.regions.prefrontal.dlpfc,extraction_output_field,Outcome_Contractor,1,2,Outcome_Contractor/contracts/oc_export/ae_outcome_lookup.json:4947; Outcome_Contractor/contracts/oc_export/constitutive_bridges.json:22290
neural.fnirs.regions.prefrontal.mpfc,extraction_output_field,Outcome_Contractor,1,2,Outcome_Contractor/contracts/oc_export/ae_outcome_lookup.json:4952; Outcome_Contractor/contracts/oc_export/constitutive_bridges.json:22300
neural.fnirs.regions.prefrontal.vlpfc,extraction_output_field,Outcome_Contractor,1,2,Outcome_Contractor/contracts/oc_export/ae_outcome_lookup.json:4957; Outcome_Contractor/contracts/oc_export/constitutive_bridges.json:22310
neural.fnirs.regions.temporal,extraction_output_field,Outcome_Contractor,1,2,Outcome_Contractor/contracts/oc_export/ae_outcome_lookup.json:4962; Outcome_Contractor/contracts/oc_export/constitutive_bridges.json:22320
neural.meg,extraction_output_field,Outcome_Contractor,1,2,Outcome_Contractor/contracts/oc_export/ae_outcome_lookup.json:4967; Outcome_Contractor/contracts/oc_export/constitutive_bridges.json:22329
neural.meg.connectivity,extraction_output_field,Outcome_Contractor,1,2,Outcome_Contractor/contracts/oc_export/ae_outcome_lookup.json:4972; Outcome_Contractor/contracts/oc_export/constitutive_bridges.json:22336
neural.meg.oscillations,extraction_output_field,Outcome_Contractor,1,2,Outcome_Contractor/contracts/oc_export/ae_outcome_lookup.json:4977; Outcome_Contractor/contracts/oc_export/constitutive_bridges.json:22344
neural.meg.source_localization,extraction_output_field,Outcome_Contractor,1,2,Outcome_Contractor/contracts/oc_export/ae_outcome_lookup.json:4982; Outcome_Contractor/contracts/oc_export/constitutive_bridges.json:22352
neural.neurofeedback,extraction_output_field,Outcome_Contractor,1,2,Outcome_Contractor/contracts/oc_export/ae_outcome_lookup.json:4987; Outcome_Contractor/contracts/oc_export/constitutive_bridges.json:22360
neural.neurofeedback.alpha_training,extraction_output_field,Outcome_Contractor,1,2,Outcome_Contractor/contracts/oc_export/ae_outcome_lookup.json:4992; Outcome_Contractor/contracts/oc_export/constitutive_bridges.json:22367
neural.neurofeedback.connectivity_training,extraction_output_field,Outcome_Contractor,1,2,Outcome_Contractor/contracts/oc_export/ae_outcome_lookup.json:4997; Outcome_Contractor/contracts/oc_export/constitutive_bridges.json:22375
neural.neurofeedback.smr_training,extraction_output_field,Outcome_Contractor,1,2,Outcome_Contractor/contracts/oc_export/ae_outcome_lookup.json:5002; Outcome_Contractor/contracts/oc_export/constitutive_bridges.json:22383
neural.opm_meg,extraction_output_field,Outcome_Contractor,1,2,Outcome_Contractor/contracts/oc_export/ae_outcome_lookup.json:5007; Outcome_Contractor/contracts/oc_export/constitutive_bridges.json:22391
neural.opm_meg.mobile,extraction_output_field,Outcome_Contractor,1,2,Outcome_Contractor/contracts/oc_export/ae_outcome_lookup.json:5012; Outcome_Contractor/contracts/oc_export/constitutive_bridges.json:22398
neural.opm_meg.wearable,extraction_output_field,Outcome_Contractor,1,2,Outcome_Contractor/contracts/oc_export/ae_outcome_lookup.json:5017; Outcome_Contractor/contracts/oc_export/constitutive_bridges.json:22406
neural_evidence,database_column;extraction_output_field,BN_graphical,1,2,BN_graphical/migrations/005_sprint1_schemas.sql:200; BN_graphical/src/schemas/mechanism_specification.py:328
neural_imaging,enum_value,Article_Eater_PostQuinean_v1,1,1,Article_Eater_PostQuinean_v1/src/methods/registry.py:26
neural_pathway,database_column;extraction_output_field,BN_graphical,1,2,BN_graphical/migrations/001_add_mechanisms.sql:29; BN_graphical/src/mechanisms/mechanism_schema.py:111
new_confidence,database_column,Article_Eater_PostQuinean_v1,1,2,Article_Eater_PostQuinean_v1/db/sql/017_theories.sql:287; Article_Eater_PostQuinean_v1/db/sql/017_theories.sql:304
new_neg_rank,extraction_output_field,Article_Eater_PostQuinean_v1,1,1,Article_Eater_PostQuinean_v1/contracts/schemas/epistemic_status.v1.schema.json:80
new_rank,extraction_output_field,Article_Eater_PostQuinean_v1,1,1,Article_Eater_PostQuinean_v1/contracts/schemas/epistemic_status.v1.schema.json:78
new_stub,enum_value,Article_Eater_PostQuinean_v1,1,1,Article_Eater_PostQuinean_v1/src/services/query_alerts.py:76
newly_derived,enum_value,Article_Eater_PostQuinean_v1,1,1,Article_Eater_PostQuinean_v1/src/models/theory_models.py:77
next_review,extraction_output_field,Article_Eater_PostQuinean_v1,1,1,Article_Eater_PostQuinean_v1/contracts/vocab/institution_tiers.json:106
ngram_range,extraction_output_field,BN_graphical,1,6,BN_graphical/backups/broken_venvs/bn_venv_20260213_092600/lib/python3.12/site-packages/sklearn/feature_extraction/text.py:1149; BN_graphical/backups/broken_venvs/bn_venv_20260213_092600/lib/python3.12/site-packages/sklearn/feature_extraction/text.py:759; BN_graphical/bn_venv_py311/lib/python3.11/site-packages/sklearn/feature_extraction/text.py:1149; BN_graphical/bn_venv_py311/lib/python3.11/site-packages/sklearn/feature_extraction/text.py:759
node_count,enum_value,BN_graphical,1,3,BN_graphical/backups/broken_venvs/bn_venv_20260213_092600/lib/python3.12/site-packages/fontTools/varLib/interpolatableHelpers.py:21; BN_graphical/bn_venv_py311/lib/python3.11/site-packages/fontTools/varLib/interpolatableHelpers.py:21; BN_graphical/test_venv_310/lib/python3.10/site-packages/fontTools/varLib/interpolatableHelpers.py:21
node_incompatibility,enum_value,BN_graphical,1,3,BN_graphical/backups/broken_venvs/bn_venv_20260213_092600/lib/python3.12/site-packages/fontTools/varLib/interpolatableHelpers.py:22; BN_graphical/bn_venv_py311/lib/python3.11/site-packages/fontTools/varLib/interpolatableHelpers.py:22; BN_graphical/test_venv_310/lib/python3.10/site-packages/fontTools/varLib/interpolatableHelpers.py:22
node_type_distribution,extraction_output_field,Article_Eater_PostQuinean_v1,1,1,Article_Eater_PostQuinean_v1/src/epistemic/extraction/rule_to_claim_mapper.py:302
node_type_tag_rate,extraction_output_field,Article_Eater_PostQuinean_v1,1,1,Article_Eater_PostQuinean_v1/config/table_extraction_quality_thresholds.json:23
nodes_by_type,extraction_output_field,Article_Finder_v3_2_3,1,1,Article_Finder_v3_2_3/knowledge/claim_graph.py:428
nodes_count,extraction_output_field,Outcome_Contractor,1,1,Outcome_Contractor/contracts/oc_export/bn_outcome_nodes.json:17852
nonLinearClasses,extraction_output_field,BN_graphical,1,3,BN_graphical/backups/broken_venvs/bn_venv_20260213_092600/lib/python3.12/site-packages/fontTools/ttLib/tables/S__i_l_f.py:760; BN_graphical/bn_venv_py311/lib/python3.11/site-packages/fontTools/ttLib/tables/S__i_l_f.py:760; BN_graphical/test_venv_310/lib/python3.10/site-packages/fontTools/ttLib/tables/S__i_l_f.py:760
non_empirical_gates,extraction_output_field,Article_Eater_PostQuinean_v1,1,1,Article_Eater_PostQuinean_v1/config/table_extraction_quality_thresholds.json:20
non_match,enum_value,Outcome_Contractor,1,1,Outcome_Contractor/article_finder/matching/fellegi_sunter.py:31
normal_conjugate,enum_value,BN_graphical,1,1,BN_graphical/src/bn_integration/bayesian_updater.py:42
not_extension,enum_value,BN_graphical,1,4,BN_graphical/backups/broken_venvs/bn_venv_20260213_092600/lib/python3.12/site-packages/sqlalchemy/orm/base.py:271; BN_graphical/bn_venv/lib/python3.14/site-packages/sqlalchemy/orm/base.py:270; BN_graphical/bn_venv_py311/lib/python3.11/site-packages/sqlalchemy/orm/base.py:271; BN_graphical/test_venv_310/lib/python3.10/site-packages/sqlalchemy/orm/base.py:271
not_identified,enum_value,BN_graphical,1,1,BN_graphical/src/mechanisms/causal_inference.py:42
not_met,enum_value,BN_graphical,1,1,BN_graphical/src/mechanisms/enabling_conditions.py:41
not_reported,enum_value;extraction_output_field,BN_graphical,1,4,BN_graphical/docs/research/ARTICLE_TYPE_ARGUMENT_TABLES.md:113; BN_graphical/src/ai_extraction/population_extractor.py:380; BN_graphical/src/schemas/population_qualifier.py:57; BN_graphical/src/schemas/population_qualifier.py:65
not_reported_fields,database_column;extraction_output_field,BN_graphical,1,5,BN_graphical/migrations/005_sprint1_schemas.sql:61; BN_graphical/src/ai_extraction/population_extractor.py:138; BN_graphical/src/ai_extraction/population_extractor.py:170; BN_graphical/src/ai_extraction/population_extractor.py:244
not_yet_searched,enum_value,Outcome_Contractor,1,1,Outcome_Contractor/contracts/article_finder_contracts.py:25
novel_framing,extraction_output_field,Outcome_Contractor,1,1,Outcome_Contractor/article_finder/type_specific_extractor.py:690
ns.othername,extraction_output_field,BN_graphical,1,6,BN_graphical/backups/broken_venvs/bn_venv_20260213_092600/lib/python3.12/site-packages/setuptools/tests/test_editable_install.py:488; BN_graphical/backups/broken_venvs/bn_venv_20260213_092600/lib/python3.12/site-packages/setuptools/tests/test_editable_install.py:711; BN_graphical/bn_venv_py311/lib/python3.11/site-packages/setuptools/tests/test_editable_install.py:488; BN_graphical/bn_venv_py311/lib/python3.11/site-packages/setuptools/tests/test_editable_install.py:711
ns.pkgA,extraction_output_field,BN_graphical,1,3,BN_graphical/backups/broken_venvs/bn_venv_20260213_092600/lib/python3.12/site-packages/setuptools/tests/test_editable_install.py:515; BN_graphical/bn_venv_py311/lib/python3.11/site-packages/setuptools/tests/test_editable_install.py:515; BN_graphical/test_venv_310/lib/python3.10/site-packages/setuptools/tests/test_editable_install.py:516
null_findings,extraction_output_field,Outcome_Contractor,1,1,Outcome_Contractor/article_finder/seven_panel_extractor.py:1442
null_result,enum_value,BN_graphical,1,1,BN_graphical/src/article_processing/article_decomposer.py:42
numDataMaps,extraction_output_field,BN_graphical,1,3,BN_graphical/backups/broken_venvs/bn_venv_20260213_092600/lib/python3.12/site-packages/fontTools/ttLib/tables/_m_e_t_a.py:66; BN_graphical/bn_venv_py311/lib/python3.11/site-packages/fontTools/ttLib/tables/_m_e_t_a.py:66; BN_graphical/test_venv_310/lib/python3.10/site-packages/fontTools/ttLib/tables/_m_e_t_a.py:66
numPaletteEntries,extraction_output_field,BN_graphical,1,3,BN_graphical/backups/broken_venvs/bn_venv_20260213_092600/lib/python3.12/site-packages/fontTools/ttLib/tables/C_P_A_L_.py:278; BN_graphical/bn_venv_py311/lib/python3.11/site-packages/fontTools/ttLib/tables/C_P_A_L_.py:278; BN_graphical/test_venv_310/lib/python3.10/site-packages/fontTools/ttLib/tables/C_P_A_L_.py:278
num_child_rules,database_column,Article_Eater_PostQuinean_v1,1,1,Article_Eater_PostQuinean_v1/migrations/001_refactor_rules_to_findings.sql:72
num_waves,extraction_output_field,Outcome_Contractor,1,1,Outcome_Contractor/article_finder/type_specific_extractor.py:203
numberOfHMetrics,extraction_output_field,BN_graphical,1,3,BN_graphical/backups/broken_venvs/bn_venv_20260213_092600/lib/python3.12/site-packages/fontTools/merge/tables.py:78; BN_graphical/bn_venv_py311/lib/python3.11/site-packages/fontTools/merge/tables.py:78; BN_graphical/test_venv_310/lib/python3.10/site-packages/fontTools/merge/tables.py:78
numberOfVMetrics,extraction_output_field,BN_graphical,1,3,BN_graphical/backups/broken_venvs/bn_venv_20260213_092600/lib/python3.12/site-packages/fontTools/merge/tables.py:95; BN_graphical/bn_venv_py311/lib/python3.11/site-packages/fontTools/merge/tables.py:95; BN_graphical/test_venv_310/lib/python3.10/site-packages/fontTools/merge/tables.py:95
oa_url,extraction_output_field,Article_Finder_v3_2_3,1,1,Article_Finder_v3_2_3/ingest/doi_resolver.py:442
observation_reinterpret,enum_value,BN_graphical,1,1,BN_graphical/src/epistemology/reflective_equilibrium.py:70
observation_type,extraction_output_field,Article_Eater_PostQuinean_v1,1,1,Article_Eater_PostQuinean_v1/contracts/schemas/experiential_claim.v1.schema.json:22
observational_anchoring,extraction_output_field,BN_graphical,1,1,BN_graphical/contracts/bn.epistemology.v1.schema.json:182
observational_field,enum_value,Article_Eater_PostQuinean_v1,1,1,Article_Eater_PostQuinean_v1/src/epistemic/extraction/paper_classifier.py:33
observational_field_study,enum_value,Outcome_Contractor,1,2,Outcome_Contractor/article_finder/article_type_classifier.py:22; Outcome_Contractor/contracts/article_extraction_contracts.py:31
observer_effects,extraction_output_field,Outcome_Contractor,1,1,Outcome_Contractor/article_finder/type_specific_extractor.py:246
observer_role,extraction_output_field,Outcome_Contractor,1,1,Outcome_Contractor/article_finder/type_specific_extractor.py:245
occupant_wellbeing,extraction_output_field,Outcome_Contractor,1,1,Outcome_Contractor/article_finder/seven_panel_extractor.py:190
occurred_at,database_column,Article_Eater_PostQuinean_v1,1,1,Article_Eater_PostQuinean_v1/migrations/005_add_entrenchment_tracker.sql:50
off_topic_flag,database_column,Article_Finder_v3_2_3,1,1,Article_Finder_v3_2_3/core/database.py:68
off_topic_score,database_column,Article_Finder_v3_2_3,1,1,Article_Finder_v3_2_3/core/database.py:69
office_worker,extraction_output_field,Article_Eater_PostQuinean_v1,1,1,Article_Eater_PostQuinean_v1/scripts/convert_findings_to_rules.py:168
offsetToData,extraction_output_field,BN_graphical,1,6,BN_graphical/backups/broken_venvs/bn_venv_20260213_092600/lib/python3.12/site-packages/fontTools/ttLib/tables/_c_v_a_r.py:54; BN_graphical/backups/broken_venvs/bn_venv_20260213_092600/lib/python3.12/site-packages/fontTools/ttLib/tables/_f_v_a_r.py:70; BN_graphical/bn_venv_py311/lib/python3.11/site-packages/fontTools/ttLib/tables/_c_v_a_r.py:54; BN_graphical/bn_venv_py311/lib/python3.11/site-packages/fontTools/ttLib/tables/_f_v_a_r.py:70
old_confidence,database_column,Article_Eater_PostQuinean_v1,1,2,Article_Eater_PostQuinean_v1/db/sql/017_theories.sql:286; Article_Eater_PostQuinean_v1/db/sql/017_theories.sql:303
old_neg_rank,extraction_output_field,Article_Eater_PostQuinean_v1,1,1,Article_Eater_PostQuinean_v1/contracts/schemas/epistemic_status.v1.schema.json:79
old_rank,extraction_output_field,Article_Eater_PostQuinean_v1,1,1,Article_Eater_PostQuinean_v1/contracts/schemas/epistemic_status.v1.schema.json:77
onGlyphClass,extraction_output_field,BN_graphical,1,3,BN_graphical/backups/broken_venvs/bn_venv_20260213_092600/lib/python3.12/site-packages/fontTools/ttLib/tables/otConverters.py:1492; BN_graphical/bn_venv_py311/lib/python3.11/site-packages/fontTools/ttLib/tables/otConverters.py:1492; BN_graphical/test_venv_310/lib/python3.10/site-packages/fontTools/ttLib/tables/otConverters.py:1492
on_curve_first,enum_value,BN_graphical,1,3,BN_graphical/backups/broken_venvs/bn_venv_20260213_092600/lib/python3.12/site-packages/fontTools/pens/pointPen.py:54; BN_graphical/bn_venv_py311/lib/python3.11/site-packages/fontTools/pens/pointPen.py:54; BN_graphical/test_venv_310/lib/python3.10/site-packages/fontTools/pens/pointPen.py:54
one.py,extraction_output_field,BN_graphical,1,3,BN_graphical/backups/broken_venvs/bn_venv_20260213_092600/lib/python3.12/site-packages/setuptools/tests/test_editable_install.py:580; BN_graphical/bn_venv_py311/lib/python3.11/site-packages/setuptools/tests/test_editable_install.py:580; BN_graphical/test_venv_310/lib/python3.10/site-packages/setuptools/tests/test_editable_install.py:581
onset_latency,extraction_output_field,Article_Eater_PostQuinean_v1,1,1,Article_Eater_PostQuinean_v1/archive/docs/handoffs/_ontology_rule_system_summary_a bit ago.md:499
ontology_ref,extraction_output_field,Article_Eater_PostQuinean_v1,1,2,Article_Eater_PostQuinean_v1/docs/RuleGraph_v2_Spec.md:38; Article_Eater_PostQuinean_v1/schemas/rule_graph.schema.json:26
open_access,extraction_output_field,Article_Finder_v3_2_3,1,1,Article_Finder_v3_2_3/ingest/doi_resolver.py:441
open_coding,extraction_output_field,Outcome_Contractor,1,1,Outcome_Contractor/article_finder/type_specific_extractor.py:359
open_path,enum_value,BN_graphical,1,3,BN_graphical/backups/broken_venvs/bn_venv_20260213_092600/lib/python3.12/site-packages/fontTools/varLib/interpolatableHelpers.py:19; BN_graphical/bn_venv_py311/lib/python3.11/site-packages/fontTools/varLib/interpolatableHelpers.py:19; BN_graphical/test_venv_310/lib/python3.10/site-packages/fontTools/varLib/interpolatableHelpers.py:19
operational_measure,database_column,Article_Eater_PostQuinean_v1,1,3,Article_Eater_PostQuinean_v1/db/sql/015_complete_schema.sql:61; Article_Eater_PostQuinean_v1/db/sql/015_core_tables.sql:60; Article_Eater_PostQuinean_v1/init_database.py:77
operational_measures_used,database_column,Article_Eater_PostQuinean_v1,1,1,Article_Eater_PostQuinean_v1/migrations/001_refactor_rules_to_findings.sql:73
opinion_evidence_separation_rate,extraction_output_field,Article_Eater_PostQuinean_v1,1,1,Article_Eater_PostQuinean_v1/config/table_extraction_quality_thresholds.json:26
optargs_nm,extraction_output_field,BN_graphical,1,12,BN_graphical/backups/broken_venvs/bn_venv_20260213_092600/lib/python3.12/site-packages/numpy/f2py/cb_rules.py:203; BN_graphical/backups/broken_venvs/bn_venv_20260213_092600/lib/python3.12/site-packages/numpy/f2py/cb_rules.py:213; BN_graphical/backups/broken_venvs/bn_venv_20260213_092600/lib/python3.12/site-packages/numpy/f2py/cb_rules.py:275; BN_graphical/bn_venv/lib/python3.14/site-packages/numpy/f2py/cb_rules.py:226
optargs_td,extraction_output_field,BN_graphical,1,12,BN_graphical/backups/broken_venvs/bn_venv_20260213_092600/lib/python3.12/site-packages/numpy/f2py/cb_rules.py:202; BN_graphical/backups/broken_venvs/bn_venv_20260213_092600/lib/python3.12/site-packages/numpy/f2py/cb_rules.py:212; BN_graphical/backups/broken_venvs/bn_venv_20260213_092600/lib/python3.12/site-packages/numpy/f2py/cb_rules.py:280; BN_graphical/bn_venv/lib/python3.14/site-packages/numpy/f2py/cb_rules.py:225
optimal_mechanism,extraction_output_field,BN_graphical,1,1,BN_graphical/src/mechanisms/mechanism_schema.py:314
optimal_value,extraction_output_field,BN_graphical,1,1,BN_graphical/src/mechanisms/mechanism_schema.py:309
ordered_cats,extraction_output_field,BN_graphical,1,8,BN_graphical/backups/broken_venvs/bn_venv_20260213_092600/lib/python3.12/site-packages/pandas/tests/io/json/test_json_table_schema.py:690; BN_graphical/backups/broken_venvs/bn_venv_20260213_092600/lib/python3.12/site-packages/pandas/tests/io/json/test_json_table_schema.py:734; BN_graphical/bn_venv/lib/python3.14/site-packages/pandas/tests/io/json/test_json_table_schema.py:699; BN_graphical/bn_venv/lib/python3.14/site-packages/pandas/tests/io/json/test_json_table_schema.py:754
origin_level,extraction_output_field,Article_Eater_PostQuinean_v1,1,1,Article_Eater_PostQuinean_v1/archive/docs/handoffs/_ontology_rule_system_summary_a bit ago.md:518
original_finding,enum_value,Outcome_Contractor,1,1,Outcome_Contractor/core/argument_taxonomy.py:67
orphan_synthesis,enum_value,Article_Eater_PostQuinean_v1,1,1,Article_Eater_PostQuinean_v1/src/epistemic/monitors/cross_type_coherence.py:41
other.py,extraction_output_field,BN_graphical,1,3,BN_graphical/backups/broken_venvs/bn_venv_20260213_092600/lib/python3.12/site-packages/setuptools/tests/test_editable_install.py:374; BN_graphical/bn_venv_py311/lib/python3.11/site-packages/setuptools/tests/test_editable_install.py:374; BN_graphical/test_venv_310/lib/python3.10/site-packages/setuptools/tests/test_editable_install.py:375
other_demographics,extraction_output_field,Article_Eater_PostQuinean_v1,1,1,Article_Eater_PostQuinean_v1/src/services/table_extractor.py:307
other_details,extraction_output_field,Outcome_Contractor,1,2,Outcome_Contractor/article_finder/seven_panel_extractor.py:1398; Outcome_Contractor/article_finder/seven_panel_extractor.py:222
otherfile.py,extraction_output_field,BN_graphical,1,12,BN_graphical/backups/broken_venvs/bn_venv_20260213_092600/lib/python3.12/site-packages/setuptools/tests/test_editable_install.py:849; BN_graphical/backups/broken_venvs/bn_venv_20260213_092600/lib/python3.12/site-packages/setuptools/tests/test_editable_install.py:866; BN_graphical/backups/broken_venvs/bn_venv_20260213_092600/lib/python3.12/site-packages/setuptools/tests/test_editable_install.py:881; BN_graphical/backups/broken_venvs/bn_venv_20260213_092600/lib/python3.12/site-packages/setuptools/tests/test_editable_install.py:891
outcome_at_followup,extraction_output_field,Outcome_Contractor,1,1,Outcome_Contractor/article_finder/type_specific_extractor.py:207
outcome_candidates,extraction_output_field,Article_Eater_PostQuinean_v1,1,1,Article_Eater_PostQuinean_v1/scripts/run_realtime_table_rule_intake.py:803
outcome_canonical_id,extraction_output_field,Article_Eater_PostQuinean_v1,1,1,Article_Eater_PostQuinean_v1/scripts/run_realtime_table_rule_intake.py:805
outcome_categories,extraction_output_field,Outcome_Contractor,1,1,Outcome_Contractor/article_finder/exemplary_extraction_tables.md:2622
outcome_definition,extraction_output_field,Article_Eater_PostQuinean_v1,1,1,Article_Eater_PostQuinean_v1/contracts/ae_af/schemas/claim_gallery.v1.schema.json:46
outcome_evidence,extraction_output_field,Article_Eater_PostQuinean_v1,1,2,Article_Eater_PostQuinean_v1/contracts/ae_af/schemas/claim_gallery.v1.schema.json:193; Article_Eater_PostQuinean_v1/src/services/claim_gallery_builder.py:252
outcome_measure,extraction_output_field,Outcome_Contractor,1,1,Outcome_Contractor/article_finder/type_specific_extractor.py:127
outcome_name,extraction_output_field,Article_Eater_PostQuinean_v1,1,2,Article_Eater_PostQuinean_v1/contracts/ae_af/schemas/claim_gallery.v1.schema.json:45; Article_Eater_PostQuinean_v1/src/services/claim_gallery_builder.py:337
outcome_node_id,extraction_output_field,Article_Eater_PostQuinean_v1,1,1,Article_Eater_PostQuinean_v1/scripts/run_realtime_table_rule_intake.py:811
outcome_nodes,extraction_output_field,Article_Eater_PostQuinean_v1,1,1,Article_Eater_PostQuinean_v1/schemas/rule_graph.schema.json:358
outcome_resolution_confidence,extraction_output_field,Article_Eater_PostQuinean_v1,1,1,Article_Eater_PostQuinean_v1/scripts/run_realtime_table_rule_intake.py:807
outcome_resolution_match_type,extraction_output_field,Article_Eater_PostQuinean_v1,1,1,Article_Eater_PostQuinean_v1/scripts/run_realtime_table_rule_intake.py:809
outcome_status,extraction_output_field,Article_Eater_PostQuinean_v1,1,8,Article_Eater_PostQuinean_v1/tests/test_claim_gallery_builder.py:108; Article_Eater_PostQuinean_v1/tests/test_claim_gallery_builder.py:128; Article_Eater_PostQuinean_v1/tests/test_claim_gallery_builder.py:360; Article_Eater_PostQuinean_v1/tests/test_claim_gallery_builder.py:68
outcome_synthesis,extraction_output_field,Outcome_Contractor,1,1,Outcome_Contractor/article_finder/exemplary_extraction_tables.md:2621
outcome_terms,extraction_output_field,Article_Eater_PostQuinean_v1,1,1,Article_Eater_PostQuinean_v1/contracts/ae_af/schemas/ae.query_request.v1.schema.json:74
outcome_variable,extraction_output_field,Article_Eater_PostQuinean_v1,1,2,Article_Eater_PostQuinean_v1/scripts/build_abstract_reduced_tables.py:511; Article_Eater_PostQuinean_v1/scripts/run_realtime_table_rule_intake.py:801
outcome_variables,extraction_output_field,Outcome_Contractor,1,1,Outcome_Contractor/article_finder/type_specific_extractor.py:162
output_dir,extraction_output_field,Article_Eater_PostQuinean_v1,1,1,Article_Eater_PostQuinean_v1/src/services/bibtex_ingestion.py:49
overall_coherence,extraction_output_field,BN_graphical,1,1,BN_graphical/contracts/bn.api.v2.schema.json:280
overall_effect,extraction_output_field,Article_Eater_PostQuinean_v1,1,2,Article_Eater_PostQuinean_v1/tests/test_sprint6c_ingestion.py:252; Article_Eater_PostQuinean_v1/tests/test_sprint6c_ingestion.py:344
overall_rating,extraction_output_field,Article_Eater_PostQuinean_v1,1,1,Article_Eater_PostQuinean_v1/src/services/table_extractor.py:263
overall_route,extraction_output_field,BN_graphical,1,1,BN_graphical/src/ai_extraction/extraction_pipeline.py:99
overall_support,database_column;extraction_output_field,Article_Eater_PostQuinean_v1,1,3,Article_Eater_PostQuinean_v1/db/sql/017_theories.sql:166; Article_Eater_PostQuinean_v1/ruthless_bundle_2026-02-08/src/services/extraction_to_web.py:1494; Article_Eater_PostQuinean_v1/src/services/extraction_to_web.py:1618
overall_wellbeing,bn_node_definition,Article_Eater_PostQuinean_v1,1,1,Article_Eater_PostQuinean_v1/src/epistemic/bn_edges.py:134
package_dir,extraction_output_field,BN_graphical,1,3,BN_graphical/backups/broken_venvs/bn_venv_20260213_092600/lib/python3.12/site-packages/setuptools/tests/test_editable_install.py:550; BN_graphical/bn_venv_py311/lib/python3.11/site-packages/setuptools/tests/test_editable_install.py:550; BN_graphical/test_venv_310/lib/python3.10/site-packages/setuptools/tests/test_editable_install.py:551
package_id,extraction_output_field,Article_Eater_PostQuinean_v1,1,1,Article_Eater_PostQuinean_v1/schemas/bn_package.schema.json:12
page_span,extraction_output_field,Article_Eater_PostQuinean_v1,1,4,Article_Eater_PostQuinean_v1/prompts/seven_panel_schema.json:23; Article_Eater_PostQuinean_v1/schemas/panel_findings_v2.schema.json:24; Article_Eater_PostQuinean_v1/schemas/panel_mechanisms.schema.json:21; Article_Eater_PostQuinean_v1/src/services/rulegraph_v2_builder.py:104
pair_explanation,extraction_output_field,Article_Eater_PostQuinean_v1,1,2,Article_Eater_PostQuinean_v1/contracts/ae_af/schemas/claim_gallery.v1.schema.json:156; Article_Eater_PostQuinean_v1/src/services/claim_gallery_builder.py:272
pair_mining,extraction_output_field,Article_Eater_PostQuinean_v1,1,1,Article_Eater_PostQuinean_v1/contracts/ae_af/schemas/gallery_selection_config.v1.schema.json:114
pair_mining_log,extraction_output_field,Article_Eater_PostQuinean_v1,1,1,Article_Eater_PostQuinean_v1/contracts/ae_af/schemas/selection_log.v1.schema.json:46
pair_type,extraction_output_field,Article_Eater_PostQuinean_v1,1,2,Article_Eater_PostQuinean_v1/contracts/ae_af/schemas/claim_gallery.v1.schema.json:152; Article_Eater_PostQuinean_v1/src/services/claim_gallery_builder.py:271
pairwise_coherences,extraction_output_field,BN_graphical,1,1,BN_graphical/contracts/bn.api.v2.schema.json:580
paletteEntryLabels,extraction_output_field,BN_graphical,1,3,BN_graphical/backups/broken_venvs/bn_venv_20260213_092600/lib/python3.12/site-packages/fontTools/ttLib/tables/C_P_A_L_.py:261; BN_graphical/bn_venv_py311/lib/python3.11/site-packages/fontTools/ttLib/tables/C_P_A_L_.py:261; BN_graphical/test_venv_310/lib/python3.10/site-packages/fontTools/ttLib/tables/C_P_A_L_.py:261
pandas_version,extraction_output_field,BN_graphical,1,8,BN_graphical/backups/broken_venvs/bn_venv_20260213_092600/lib/python3.12/site-packages/pandas/io/json/_table_schema.py:288; BN_graphical/backups/broken_venvs/bn_venv_20260213_092600/lib/python3.12/site-packages/pandas/tests/io/json/test_json_table_schema.py:851; BN_graphical/bn_venv/lib/python3.14/site-packages/pandas/io/json/_table_schema.py:300; BN_graphical/bn_venv/lib/python3.14/site-packages/pandas/tests/io/json/test_json_table_schema.py:876
panelReviewFixes,extraction_output_field,BN_graphical,1,1,BN_graphical/contracts/bn.epistemology.v1.schema.json:413
panel_consultation,extraction_output_field,Article_Eater_PostQuinean_v1,1,2,Article_Eater_PostQuinean_v1/contracts/vocab/institution_tiers.json:9; Article_Eater_PostQuinean_v1/contracts/vocab/task_taxonomy.json:342
paper_citation,extraction_output_field,Article_Eater_PostQuinean_v1,1,1,Article_Eater_PostQuinean_v1/contracts/schemas/integration.edge_justification.v1.schema.json:38
paper_doi,extraction_output_field,Article_Eater_PostQuinean_v1,1,1,Article_Eater_PostQuinean_v1/contracts/ae_af/schemas/claim_gallery.v1.schema.json:247
paper_error,enum_value,Article_Eater_PostQuinean_v1,1,1,Article_Eater_PostQuinean_v1/src/services/credibility_feedback.py:48
paper_ids,extraction_output_field,Article_Eater_PostQuinean_v1,1,7,Article_Eater_PostQuinean_v1/contracts/ae_af/schemas/ae.query_response.v1.schema.json:295; Article_Eater_PostQuinean_v1/contracts/ae_af/schemas/ae.web_state.v1.schema.json:116; Article_Eater_PostQuinean_v1/docs/MVP_CONTRACTS.md:198; Article_Eater_PostQuinean_v1/ruthless_bundle_2026-02-08/src/services/extraction_to_web.py:1436
paper_ingested_at,database_column,Article_Eater_PostQuinean_v1,1,1,Article_Eater_PostQuinean_v1/migrations/006_discovery_funnel.sql:190
paper_intake,enum_value,Article_Eater_PostQuinean_v1,1,1,Article_Eater_PostQuinean_v1/src/services/export_checklists.py:33
paper_title,extraction_output_field,Article_Finder_v3_2_3,1,2,Article_Finder_v3_2_3/knowledge/claim_embeddings.py:170; Article_Finder_v3_2_3/knowledge/claim_embeddings.py:41
paper_type,extraction_output_field,Article_Eater_PostQuinean_v1,1,2,Article_Eater_PostQuinean_v1/src/epistemic/extraction/source_quality_metadata.py:190; Article_Eater_PostQuinean_v1/src/services/pdf_extraction.py:112
paper_types,extraction_output_field,Article_Eater_PostQuinean_v1,1,1,Article_Eater_PostQuinean_v1/src/services/pdf_extraction.py:527
papers_about,enum_value,Article_Finder_v3_2_3,1,1,Article_Finder_v3_2_3/knowledge/query_engine.py:31
papers_created,extraction_output_field,Article_Finder_v3_2_3,1,1,Article_Finder_v3_2_3/ingest/smart_importer.py:267
papers_updated,extraction_output_field,Article_Finder_v3_2_3,1,1,Article_Finder_v3_2_3/ingest/smart_importer.py:268
papers_with_doi,extraction_output_field,Article_Finder_v3_2_3,1,1,Article_Finder_v3_2_3/ingest/pdf_downloader.py:228
papers_with_pdf,extraction_output_field,Article_Finder_v3_2_3,1,1,Article_Finder_v3_2_3/ingest/pdf_downloader.py:229
paragraph_open,extraction_output_field,BN_graphical,1,1,BN_graphical/backups/broken_venvs/bn_venv_20260213_092600/lib/python3.12/site-packages/markdown_it/rules_block/list.py:94
parent_child,extraction_output_field,Outcome_Contractor,1,1,Outcome_Contractor/contracts/oc_export/bn_outcome_nodes.json:17834
parent_community_id,extraction_output_field,Article_Eater_PostQuinean_v1,1,4,Article_Eater_PostQuinean_v1/contracts/schemas/social_epistemology.schema.json:148; Article_Eater_PostQuinean_v1/contracts/schemas/social_epistemology.v1.schema.json:175; Article_Eater_PostQuinean_v1/ruthless_bundle_2026-02-08/contracts/schemas/social_epistemology.schema.json:148; Article_Eater_PostQuinean_v1/ruthless_bundle_2026-02-08/contracts/schemas/social_epistemology.v1.schema.json:175
parent_finding_id,database_column,Article_Eater_PostQuinean_v1,1,2,Article_Eater_PostQuinean_v1/db/sql/015_complete_schema.sql:71; Article_Eater_PostQuinean_v1/migrations/001_refactor_rules_to_findings.sql:53
parent_job_id,extraction_output_field,BN_graphical,1,2,BN_graphical/contracts/bn.api.v2.schema.json:498; BN_graphical/contracts/bn.api.v2.schema.json:517
parent_mechanism_id,database_column,Article_Eater_PostQuinean_v1,1,2,Article_Eater_PostQuinean_v1/db/sql/015_complete_schema.sql:132; Article_Eater_PostQuinean_v1/migrations/003_add_mechanism_hierarchy.sql:20
parent_name,extraction_output_field,Outcome_Contractor,1,832,Outcome_Contractor/contracts/oc_export/constitutive_bridges.json:10008; Outcome_Contractor/contracts/oc_export/constitutive_bridges.json:10029; Outcome_Contractor/contracts/oc_export/constitutive_bridges.json:10050; Outcome_Contractor/contracts/oc_export/constitutive_bridges.json:10071
parent_nodes,extraction_output_field,Outcome_Contractor,1,1,Outcome_Contractor/contracts/oc_export/bn_outcome_nodes.json:17854
parent_region,extraction_output_field,Tagging_Contractor,1,1,Tagging_Contractor/contracts/localized_image_tags.schema.json:94
parent_tags,extraction_output_field,Tagging_Contractor,1,849,Tagging_Contractor/Archive 2/core/trs-core/v0.2.8/contracts/bn_contract_v0.2.8.json:1005; Tagging_Contractor/Archive 2/core/trs-core/v0.2.8/contracts/bn_contract_v0.2.8.json:1015; Tagging_Contractor/Archive 2/core/trs-core/v0.2.8/contracts/bn_contract_v0.2.8.json:1025; Tagging_Contractor/Archive 2/core/trs-core/v0.2.8/contracts/bn_contract_v0.2.8.json:1035
parent_theories,database_column,Article_Eater_PostQuinean_v1,1,1,Article_Eater_PostQuinean_v1/db/sql/017_theories.sql:55
parse_confidence,extraction_output_field,Article_Eater_PostQuinean_v1,1,1,Article_Eater_PostQuinean_v1/contracts/ae_af/schemas/ae.query_response.v1.schema.json:97
parse_method,extraction_output_field,Article_Finder_v3_2_3,1,1,Article_Finder_v3_2_3/ingest/citation_parser.py:51
partial_success,extraction_output_field,Article_Eater_PostQuinean_v1,1,1,Article_Eater_PostQuinean_v1/src/services/bibtex_ingestion.py:262
partial_support,enum_value,Article_Eater_PostQuinean_v1,1,2,Article_Eater_PostQuinean_v1/ruthless_bundle_2026-02-08/src/services/epistemic_causal_bridge.py:67; Article_Eater_PostQuinean_v1/src/services/epistemic_causal_bridge.py:108
partially_characterized,enum_value,Article_Eater_PostQuinean_v1,1,1,Article_Eater_PostQuinean_v1/src/methods/registry.py:43
partially_replicated,enum_value,Article_Eater_PostQuinean_v1,1,1,Article_Eater_PostQuinean_v1/src/services/web_of_belief.py:286
partially_resolved,enum_value,BN_graphical,1,1,BN_graphical/src/contradiction_analysis/resolution_tracker.py:26
partially_tested,enum_value,Article_Eater_PostQuinean_v1,1,1,Article_Eater_PostQuinean_v1/src/models/theory_models.py:115
participant_perspectives,extraction_output_field,Outcome_Contractor,1,1,Outcome_Contractor/article_finder/type_specific_extractor.py:446
patch_size,extraction_output_field,BN_graphical,1,6,BN_graphical/backups/broken_venvs/bn_venv_20260213_092600/lib/python3.12/site-packages/sklearn/feature_extraction/image.py:359; BN_graphical/backups/broken_venvs/bn_venv_20260213_092600/lib/python3.12/site-packages/sklearn/feature_extraction/image.py:568; BN_graphical/bn_venv_py311/lib/python3.11/site-packages/sklearn/feature_extraction/image.py:359; BN_graphical/bn_venv_py311/lib/python3.11/site-packages/sklearn/feature_extraction/image.py:568
path_count,enum_value,BN_graphical,1,3,BN_graphical/backups/broken_venvs/bn_venv_20260213_092600/lib/python3.12/site-packages/fontTools/varLib/interpolatableHelpers.py:20; BN_graphical/bn_venv_py311/lib/python3.11/site-packages/fontTools/varLib/interpolatableHelpers.py:20; BN_graphical/test_venv_310/lib/python3.10/site-packages/fontTools/varLib/interpolatableHelpers.py:20
pattern_match,enum_value,Article_Eater_PostQuinean_v1,1,1,Article_Eater_PostQuinean_v1/src/services/query_alerts.py:79
patterns_found,extraction_output_field,Outcome_Contractor,1,1,Outcome_Contractor/article_finder/type_specific_extractor.py:248
pct_measured_outcomes,extraction_output_field,Article_Eater_PostQuinean_v1,1,2,Article_Eater_PostQuinean_v1/contracts/ae_af/schemas/selection_log.v1.schema.json:101; Article_Eater_PostQuinean_v1/src/services/claim_gallery_builder.py:1070
pdf_attachments,extraction_output_field,Article_Finder_v3_2_3,1,1,Article_Finder_v3_2_3/ingest/zotero_connector.py:394
pdf_available,extraction_output_field,Article_Eater_PostQuinean_v1,1,2,Article_Eater_PostQuinean_v1/scripts/build_abstract_reduced_tables.py:519; Article_Eater_PostQuinean_v1/scripts/run_realtime_table_rule_intake.py:815
pdf_confirmed,enum_value,Article_Eater_PostQuinean_v1,1,1,Article_Eater_PostQuinean_v1/src/epistemic/contracts/claim_v2.py:19
pdf_count,extraction_output_field,Article_Finder_v3_2_3,1,1,Article_Finder_v3_2_3/ingest/zotero_bridge.py:49
pdf_coverage_pct,extraction_output_field,Article_Finder_v3_2_3,1,1,Article_Finder_v3_2_3/ingest/zotero_bridge.py:730
pdf_pages,database_column,Article_Eater_PostQuinean_v1,1,1,Article_Eater_PostQuinean_v1/migrations/006_discovery_funnel.sql:136
pdf_size_bytes,database_column,Article_Eater_PostQuinean_v1,1,1,Article_Eater_PostQuinean_v1/migrations/006_discovery_funnel.sql:135
pdf_source,extraction_output_field,Outcome_Contractor,1,1,Outcome_Contractor/contracts/search_retrieve_minimodule_contract.md:384
pdfs_already_present,extraction_output_field,Article_Finder_v3_2_3,1,1,Article_Finder_v3_2_3/ingest/zotero_bridge.py:70
pdfs_copied,extraction_output_field,Article_Finder_v3_2_3,1,1,Article_Finder_v3_2_3/ingest/zotero_bridge.py:69
pdfs_processed,extraction_output_field,Outcome_Contractor,1,2,Outcome_Contractor/article_finder/bn_table_extractor.py:432; Outcome_Contractor/article_finder/corpus/bn_extracted_data.json:143
pe_subtype,extraction_output_field,Article_Eater_PostQuinean_v1,1,1,Article_Eater_PostQuinean_v1/src/epistemic/extraction/pe_classifier.py:199
peak_effect_time,extraction_output_field,Article_Eater_PostQuinean_v1,1,1,Article_Eater_PostQuinean_v1/archive/docs/handoffs/_ontology_rule_system_summary_a bit ago.md:501
peer_paper_id,extraction_output_field,Article_Eater_PostQuinean_v1,1,1,Article_Eater_PostQuinean_v1/scripts/run_realtime_table_rule_intake.py:625
penalty_increase_factor,enum_value,BN_graphical,1,1,BN_graphical/bn_venv/lib/python3.14/site-packages/scipy/_lib/cobyqa/settings.py:60
penalty_increase_threshold,enum_value,BN_graphical,1,1,BN_graphical/bn_venv/lib/python3.14/site-packages/scipy/_lib/cobyqa/settings.py:59
pending_papers,extraction_output_field,Article_Finder_v3_2_3,1,1,Article_Finder_v3_2_3/ingest/zotero_connector.py:526
per_page,extraction_output_field,Article_Finder_v3_2_3,1,2,Article_Finder_v3_2_3/ingest/doi_resolver.py:380; Article_Finder_v3_2_3/ingest/doi_resolver.py:404
percent_female,extraction_output_field,Article_Eater_PostQuinean_v1,1,1,Article_Eater_PostQuinean_v1/src/services/table_extractor.py:306
persona_profile,extraction_output_field,Article_Eater_PostQuinean_v1,1,3,Article_Eater_PostQuinean_v1/contracts/ae_af/schemas/gallery_selection_config.v1.schema.json:23; Article_Eater_PostQuinean_v1/contracts/ae_af/schemas/selection_log.v1.schema.json:30; Article_Eater_PostQuinean_v1/src/services/claim_gallery_builder.py:690
personal_epistemic,enum_value;extraction_output_field,Article_Eater_PostQuinean_v1,1,3,Article_Eater_PostQuinean_v1/src/epistemic/bn_edges.py:41; Article_Eater_PostQuinean_v1/src/epistemic/extraction/pathway_classifier.py:239; Article_Eater_PostQuinean_v1/src/services/web_of_belief.py:270
phenomenological_approach,extraction_output_field,Outcome_Contractor,1,1,Outcome_Contractor/article_finder/type_specific_extractor.py:278
phenomenological_study,enum_value,Outcome_Contractor,1,2,Outcome_Contractor/article_finder/article_type_classifier.py:25; Outcome_Contractor/contracts/article_extraction_contracts.py:34
phenomenon_studied,extraction_output_field,Outcome_Contractor,1,1,Outcome_Contractor/article_finder/type_specific_extractor.py:271
philosophical_grounding,extraction_output_field,Outcome_Contractor,1,1,Outcome_Contractor/article_finder/type_specific_extractor.py:279
physio.alertness.performance,extraction_output_field,Outcome_Contractor,1,2,Outcome_Contractor/contracts/oc_export/ae_outcome_lookup.json:5032; Outcome_Contractor/contracts/oc_export/constitutive_bridges.json:22421
physio.alertness.physiological,extraction_output_field,Outcome_Contractor,1,2,Outcome_Contractor/contracts/oc_export/ae_outcome_lookup.json:5037; Outcome_Contractor/contracts/oc_export/constitutive_bridges.json:22429
physio.alertness.subjective,extraction_output_field,Outcome_Contractor,1,2,Outcome_Contractor/contracts/oc_export/ae_outcome_lookup.json:5042; Outcome_Contractor/contracts/oc_export/constitutive_bridges.json:22437
physio.biochemical,extraction_output_field,Outcome_Contractor,1,2,Outcome_Contractor/contracts/oc_export/ae_outcome_lookup.json:5047; Outcome_Contractor/contracts/oc_export/constitutive_bridges.json:22445
physio.biochemical.alpha_amylase,extraction_output_field,Outcome_Contractor,1,2,Outcome_Contractor/contracts/oc_export/ae_outcome_lookup.json:5052; Outcome_Contractor/contracts/oc_export/constitutive_bridges.json:22452
physio.biochemical.electrolytes,extraction_output_field,Outcome_Contractor,1,2,Outcome_Contractor/contracts/oc_export/ae_outcome_lookup.json:5057; Outcome_Contractor/contracts/oc_export/constitutive_bridges.json:22460
physio.biochemical.electrolytes.chloride,extraction_output_field,Outcome_Contractor,1,2,Outcome_Contractor/contracts/oc_export/ae_outcome_lookup.json:5062; Outcome_Contractor/contracts/oc_export/constitutive_bridges.json:22468
physio.biochemical.electrolytes.potassium,extraction_output_field,Outcome_Contractor,1,2,Outcome_Contractor/contracts/oc_export/ae_outcome_lookup.json:5067; Outcome_Contractor/contracts/oc_export/constitutive_bridges.json:22477
physio.biochemical.electrolytes.sodium,extraction_output_field,Outcome_Contractor,1,2,Outcome_Contractor/contracts/oc_export/ae_outcome_lookup.json:5072; Outcome_Contractor/contracts/oc_export/constitutive_bridges.json:22486
physio.biochemical.hydration,extraction_output_field,Outcome_Contractor,1,2,Outcome_Contractor/contracts/oc_export/ae_outcome_lookup.json:5077; Outcome_Contractor/contracts/oc_export/constitutive_bridges.json:22495
physio.blood_pressure,extraction_output_field,Outcome_Contractor,1,3,Outcome_Contractor/article_finder/ae_claim_extractor.py:223; Outcome_Contractor/contracts/oc_export/ae_outcome_lookup.json:5082; Outcome_Contractor/contracts/oc_export/constitutive_bridges.json:22503
physio.cardiovascular,extraction_output_field,Outcome_Contractor,1,2,Outcome_Contractor/contracts/oc_export/ae_outcome_lookup.json:5087; Outcome_Contractor/contracts/oc_export/constitutive_bridges.json:22510
physio.cardiovascular.blood_pressure,extraction_output_field,Outcome_Contractor,1,2,Outcome_Contractor/contracts/oc_export/ae_outcome_lookup.json:5092; Outcome_Contractor/contracts/oc_export/constitutive_bridges.json:22517
physio.cardiovascular.blood_pressure.diastolic,extraction_output_field,Outcome_Contractor,1,2,Outcome_Contractor/contracts/oc_export/ae_outcome_lookup.json:5097; Outcome_Contractor/contracts/oc_export/constitutive_bridges.json:22525
physio.cardiovascular.blood_pressure.systolic,extraction_output_field,Outcome_Contractor,1,2,Outcome_Contractor/contracts/oc_export/ae_outcome_lookup.json:5102; Outcome_Contractor/contracts/oc_export/constitutive_bridges.json:22534
physio.cardiovascular.blood_pressure.variability,extraction_output_field,Outcome_Contractor,1,2,Outcome_Contractor/contracts/oc_export/ae_outcome_lookup.json:5107; Outcome_Contractor/contracts/oc_export/constitutive_bridges.json:22543
physio.cardiovascular.blood_volume_pulse,extraction_output_field,Outcome_Contractor,1,2,Outcome_Contractor/contracts/oc_export/ae_outcome_lookup.json:5112; Outcome_Contractor/contracts/oc_export/constitutive_bridges.json:22552
physio.cardiovascular.heart_rate,extraction_output_field,Outcome_Contractor,1,2,Outcome_Contractor/contracts/oc_export/ae_outcome_lookup.json:5117; Outcome_Contractor/contracts/oc_export/constitutive_bridges.json:22560
physio.cardiovascular.heart_rate.reactive,extraction_output_field,Outcome_Contractor,1,2,Outcome_Contractor/contracts/oc_export/ae_outcome_lookup.json:5122; Outcome_Contractor/contracts/oc_export/constitutive_bridges.json:22568
physio.cardiovascular.heart_rate.recovery,extraction_output_field,Outcome_Contractor,1,2,Outcome_Contractor/contracts/oc_export/ae_outcome_lookup.json:5127; Outcome_Contractor/contracts/oc_export/constitutive_bridges.json:22577
physio.cardiovascular.heart_rate.resting,extraction_output_field,Outcome_Contractor,1,2,Outcome_Contractor/contracts/oc_export/ae_outcome_lookup.json:5132; Outcome_Contractor/contracts/oc_export/constitutive_bridges.json:22586
physio.cardiovascular.heart_rate_variability,extraction_output_field,Outcome_Contractor,1,2,Outcome_Contractor/contracts/oc_export/ae_outcome_lookup.json:5137; Outcome_Contractor/contracts/oc_export/constitutive_bridges.json:22595
physio.cardiovascular.heart_rate_variability.frequency_domain,extraction_output_field,Outcome_Contractor,1,2,Outcome_Contractor/contracts/oc_export/ae_outcome_lookup.json:5142; Outcome_Contractor/contracts/oc_export/constitutive_bridges.json:22603
physio.cardiovascular.heart_rate_variability.frequency_domain.hf,extraction_output_field,Outcome_Contractor,1,2,Outcome_Contractor/contracts/oc_export/ae_outcome_lookup.json:5147; Outcome_Contractor/contracts/oc_export/constitutive_bridges.json:22612
physio.cardiovascular.heart_rate_variability.frequency_domain.lf,extraction_output_field,Outcome_Contractor,1,2,Outcome_Contractor/contracts/oc_export/ae_outcome_lookup.json:5152; Outcome_Contractor/contracts/oc_export/constitutive_bridges.json:22622
physio.cardiovascular.heart_rate_variability.frequency_domain.lf_hf_ratio,extraction_output_field,Outcome_Contractor,1,2,Outcome_Contractor/contracts/oc_export/ae_outcome_lookup.json:5157; Outcome_Contractor/contracts/oc_export/constitutive_bridges.json:22632
physio.cardiovascular.heart_rate_variability.time_domain,extraction_output_field,Outcome_Contractor,1,2,Outcome_Contractor/contracts/oc_export/ae_outcome_lookup.json:5162; Outcome_Contractor/contracts/oc_export/constitutive_bridges.json:22642
physio.cardiovascular.heart_rate_variability.time_domain.rmssd,extraction_output_field,Outcome_Contractor,1,2,Outcome_Contractor/contracts/oc_export/ae_outcome_lookup.json:5167; Outcome_Contractor/contracts/oc_export/constitutive_bridges.json:22651
physio.cardiovascular.heart_rate_variability.time_domain.sdnn,extraction_output_field,Outcome_Contractor,1,2,Outcome_Contractor/contracts/oc_export/ae_outcome_lookup.json:5172; Outcome_Contractor/contracts/oc_export/constitutive_bridges.json:22661
physio.circadian,extraction_output_field,Outcome_Contractor,1,2,Outcome_Contractor/contracts/oc_export/ae_outcome_lookup.json:5177; Outcome_Contractor/contracts/oc_export/constitutive_bridges.json:22671
physio.circadian.amplitude,extraction_output_field,Outcome_Contractor,1,2,Outcome_Contractor/contracts/oc_export/ae_outcome_lookup.json:5182; Outcome_Contractor/contracts/oc_export/constitutive_bridges.json:22678
physio.circadian.disruption,extraction_output_field,Outcome_Contractor,1,2,Outcome_Contractor/contracts/oc_export/ae_outcome_lookup.json:5187; Outcome_Contractor/contracts/oc_export/constitutive_bridges.json:22686
physio.circadian.disruption.shift_work,extraction_output_field,Outcome_Contractor,1,2,Outcome_Contractor/contracts/oc_export/ae_outcome_lookup.json:5192; Outcome_Contractor/contracts/oc_export/constitutive_bridges.json:22694
physio.circadian.disruption.social_jetlag,extraction_output_field,Outcome_Contractor,1,2,Outcome_Contractor/contracts/oc_export/ae_outcome_lookup.json:5197; Outcome_Contractor/contracts/oc_export/constitutive_bridges.json:22703
physio.circadian.entrainment,extraction_output_field,Outcome_Contractor,1,2,Outcome_Contractor/contracts/oc_export/ae_outcome_lookup.json:5202; Outcome_Contractor/contracts/oc_export/constitutive_bridges.json:22712
physio.circadian.phase,extraction_output_field,Outcome_Contractor,1,2,Outcome_Contractor/contracts/oc_export/ae_outcome_lookup.json:5207; Outcome_Contractor/contracts/oc_export/constitutive_bridges.json:22720
physio.circadian.phase.advanced,extraction_output_field,Outcome_Contractor,1,2,Outcome_Contractor/contracts/oc_export/ae_outcome_lookup.json:5212; Outcome_Contractor/contracts/oc_export/constitutive_bridges.json:22728
physio.circadian.phase.delayed,extraction_output_field,Outcome_Contractor,1,2,Outcome_Contractor/contracts/oc_export/ae_outcome_lookup.json:5217; Outcome_Contractor/contracts/oc_export/constitutive_bridges.json:22737
physio.circadian.phase.normal,extraction_output_field,Outcome_Contractor,1,2,Outcome_Contractor/contracts/oc_export/ae_outcome_lookup.json:5222; Outcome_Contractor/contracts/oc_export/constitutive_bridges.json:22746
physio.circadian.stability,extraction_output_field,Outcome_Contractor,1,2,Outcome_Contractor/contracts/oc_export/ae_outcome_lookup.json:5227; Outcome_Contractor/contracts/oc_export/constitutive_bridges.json:22755
physio.cortisol,extraction_output_field,Outcome_Contractor,1,2,Outcome_Contractor/contracts/oc_export/ae_outcome_lookup.json:5232; Outcome_Contractor/contracts/oc_export/constitutive_bridges.json:22763
physio.electrodermal,extraction_output_field,Outcome_Contractor,1,2,Outcome_Contractor/contracts/oc_export/ae_outcome_lookup.json:5237; Outcome_Contractor/contracts/oc_export/constitutive_bridges.json:22770
physio.electrodermal.habituation,extraction_output_field,Outcome_Contractor,1,2,Outcome_Contractor/contracts/oc_export/ae_outcome_lookup.json:5242; Outcome_Contractor/contracts/oc_export/constitutive_bridges.json:22777
physio.electrodermal.skin_conductance_level,extraction_output_field,Outcome_Contractor,1,2,Outcome_Contractor/contracts/oc_export/ae_outcome_lookup.json:5247; Outcome_Contractor/contracts/oc_export/constitutive_bridges.json:22785
physio.electrodermal.skin_conductance_response,extraction_output_field,Outcome_Contractor,1,2,Outcome_Contractor/contracts/oc_export/ae_outcome_lookup.json:5252; Outcome_Contractor/contracts/oc_export/constitutive_bridges.json:22793
physio.electrodermal.skin_conductance_response.amplitude,extraction_output_field,Outcome_Contractor,1,2,Outcome_Contractor/contracts/oc_export/ae_outcome_lookup.json:5257; Outcome_Contractor/contracts/oc_export/constitutive_bridges.json:22801
physio.electrodermal.skin_conductance_response.frequency,extraction_output_field,Outcome_Contractor,1,2,Outcome_Contractor/contracts/oc_export/ae_outcome_lookup.json:5262; Outcome_Contractor/contracts/oc_export/constitutive_bridges.json:22810
physio.electrodermal.skin_conductance_response.latency,extraction_output_field,Outcome_Contractor,1,2,Outcome_Contractor/contracts/oc_export/ae_outcome_lookup.json:5267; Outcome_Contractor/contracts/oc_export/constitutive_bridges.json:22819
physio.endocrine,extraction_output_field,Outcome_Contractor,1,2,Outcome_Contractor/contracts/oc_export/ae_outcome_lookup.json:5272; Outcome_Contractor/contracts/oc_export/constitutive_bridges.json:22828
physio.endocrine.catecholamines,extraction_output_field,Outcome_Contractor,1,2,Outcome_Contractor/contracts/oc_export/ae_outcome_lookup.json:5277; Outcome_Contractor/contracts/oc_export/constitutive_bridges.json:22835
physio.endocrine.catecholamines.adrenaline,extraction_output_field,Outcome_Contractor,1,2,Outcome_Contractor/contracts/oc_export/ae_outcome_lookup.json:5282; Outcome_Contractor/contracts/oc_export/constitutive_bridges.json:22843
physio.endocrine.catecholamines.noradrenaline,extraction_output_field,Outcome_Contractor,1,2,Outcome_Contractor/contracts/oc_export/ae_outcome_lookup.json:5287; Outcome_Contractor/contracts/oc_export/constitutive_bridges.json:22852
physio.endocrine.cortisol,extraction_output_field,Outcome_Contractor,1,2,Outcome_Contractor/contracts/oc_export/ae_outcome_lookup.json:5292; Outcome_Contractor/contracts/oc_export/constitutive_bridges.json:22861
physio.endocrine.cortisol.acute_reactivity,extraction_output_field,Outcome_Contractor,1,2,Outcome_Contractor/contracts/oc_export/ae_outcome_lookup.json:5297; Outcome_Contractor/contracts/oc_export/constitutive_bridges.json:22869
physio.endocrine.cortisol.awakening_response,extraction_output_field,Outcome_Contractor,1,2,Outcome_Contractor/contracts/oc_export/ae_outcome_lookup.json:5302; Outcome_Contractor/contracts/oc_export/constitutive_bridges.json:22878
physio.endocrine.cortisol.diurnal_slope,extraction_output_field,Outcome_Contractor,1,2,Outcome_Contractor/contracts/oc_export/ae_outcome_lookup.json:5307; Outcome_Contractor/contracts/oc_export/constitutive_bridges.json:22887
physio.endocrine.cortisol.recovery,extraction_output_field,Outcome_Contractor,1,2,Outcome_Contractor/contracts/oc_export/ae_outcome_lookup.json:5312; Outcome_Contractor/contracts/oc_export/constitutive_bridges.json:22896
physio.endocrine.melatonin,extraction_output_field,Outcome_Contractor,1,2,Outcome_Contractor/contracts/oc_export/ae_outcome_lookup.json:5317; Outcome_Contractor/contracts/oc_export/constitutive_bridges.json:22905
physio.endocrine.melatonin.amplitude,extraction_output_field,Outcome_Contractor,1,2,Outcome_Contractor/contracts/oc_export/ae_outcome_lookup.json:5322; Outcome_Contractor/contracts/oc_export/constitutive_bridges.json:22913
physio.endocrine.melatonin.onset,extraction_output_field,Outcome_Contractor,1,2,Outcome_Contractor/contracts/oc_export/ae_outcome_lookup.json:5327; Outcome_Contractor/contracts/oc_export/constitutive_bridges.json:22922
physio.endocrine.melatonin.suppression,extraction_output_field,Outcome_Contractor,1,2,Outcome_Contractor/contracts/oc_export/ae_outcome_lookup.json:5332; Outcome_Contractor/contracts/oc_export/constitutive_bridges.json:22931
physio.endocrine.oxytocin,extraction_output_field,Outcome_Contractor,1,2,Outcome_Contractor/contracts/oc_export/ae_outcome_lookup.json:5337; Outcome_Contractor/contracts/oc_export/constitutive_bridges.json:22940
physio.endocrine.testosterone,extraction_output_field,Outcome_Contractor,1,2,Outcome_Contractor/contracts/oc_export/ae_outcome_lookup.json:5342; Outcome_Contractor/contracts/oc_export/constitutive_bridges.json:22948
physio.eye,extraction_output_field,Outcome_Contractor,1,2,Outcome_Contractor/contracts/oc_export/ae_outcome_lookup.json:5347; Outcome_Contractor/contracts/oc_export/constitutive_bridges.json:22956
physio.eye.blink_rate,extraction_output_field,Outcome_Contractor,1,2,Outcome_Contractor/contracts/oc_export/ae_outcome_lookup.json:5352; Outcome_Contractor/contracts/oc_export/constitutive_bridges.json:22963
physio.eye.fixation,extraction_output_field,Outcome_Contractor,1,2,Outcome_Contractor/contracts/oc_export/ae_outcome_lookup.json:5357; Outcome_Contractor/contracts/oc_export/constitutive_bridges.json:22971
physio.eye.pupil_diameter,extraction_output_field,Outcome_Contractor,1,2,Outcome_Contractor/contracts/oc_export/ae_outcome_lookup.json:5362; Outcome_Contractor/contracts/oc_export/constitutive_bridges.json:22979
physio.eye.pupil_diameter.baseline,extraction_output_field,Outcome_Contractor,1,2,Outcome_Contractor/contracts/oc_export/ae_outcome_lookup.json:5367; Outcome_Contractor/contracts/oc_export/constitutive_bridges.json:22987
physio.eye.pupil_diameter.constriction,extraction_output_field,Outcome_Contractor,1,2,Outcome_Contractor/contracts/oc_export/ae_outcome_lookup.json:5372; Outcome_Contractor/contracts/oc_export/constitutive_bridges.json:22996
physio.eye.pupil_diameter.dilation,extraction_output_field,Outcome_Contractor,1,2,Outcome_Contractor/contracts/oc_export/ae_outcome_lookup.json:5377; Outcome_Contractor/contracts/oc_export/constitutive_bridges.json:23005
physio.eye.strain,extraction_output_field,Outcome_Contractor,1,2,Outcome_Contractor/contracts/oc_export/ae_outcome_lookup.json:5382; Outcome_Contractor/contracts/oc_export/constitutive_bridges.json:23014
physio.fatigue.mental,extraction_output_field,Outcome_Contractor,1,2,Outcome_Contractor/contracts/oc_export/ae_outcome_lookup.json:5392; Outcome_Contractor/contracts/oc_export/constitutive_bridges.json:23029
physio.fatigue.mental.cognitive,extraction_output_field,Outcome_Contractor,1,2,Outcome_Contractor/contracts/oc_export/ae_outcome_lookup.json:5397; Outcome_Contractor/contracts/oc_export/constitutive_bridges.json:23037
physio.fatigue.mental.vigilance_decrement,extraction_output_field,Outcome_Contractor,1,2,Outcome_Contractor/contracts/oc_export/ae_outcome_lookup.json:5402; Outcome_Contractor/contracts/oc_export/constitutive_bridges.json:23046
physio.fatigue.physical,extraction_output_field,Outcome_Contractor,1,2,Outcome_Contractor/contracts/oc_export/ae_outcome_lookup.json:5407; Outcome_Contractor/contracts/oc_export/constitutive_bridges.json:23055
physio.fatigue.physical.general,extraction_output_field,Outcome_Contractor,1,2,Outcome_Contractor/contracts/oc_export/ae_outcome_lookup.json:5412; Outcome_Contractor/contracts/oc_export/constitutive_bridges.json:23063
physio.fatigue.physical.muscular,extraction_output_field,Outcome_Contractor,1,2,Outcome_Contractor/contracts/oc_export/ae_outcome_lookup.json:5417; Outcome_Contractor/contracts/oc_export/constitutive_bridges.json:23072
physio.fatigue.sleepiness,extraction_output_field,Outcome_Contractor,1,2,Outcome_Contractor/contracts/oc_export/ae_outcome_lookup.json:5422; Outcome_Contractor/contracts/oc_export/constitutive_bridges.json:23081
physio.fatigue.sleepiness.objective,extraction_output_field,Outcome_Contractor,1,2,Outcome_Contractor/contracts/oc_export/ae_outcome_lookup.json:5427; Outcome_Contractor/contracts/oc_export/constitutive_bridges.json:23089
physio.fatigue.sleepiness.subjective,extraction_output_field,Outcome_Contractor,1,2,Outcome_Contractor/contracts/oc_export/ae_outcome_lookup.json:5432; Outcome_Contractor/contracts/oc_export/constitutive_bridges.json:23098
physio.heart_rate,extraction_output_field,Outcome_Contractor,1,3,Outcome_Contractor/article_finder/ae_claim_extractor.py:221; Outcome_Contractor/contracts/oc_export/ae_outcome_lookup.json:5437; Outcome_Contractor/contracts/oc_export/constitutive_bridges.json:23107
physio.immune,extraction_output_field,Outcome_Contractor,1,2,Outcome_Contractor/contracts/oc_export/ae_outcome_lookup.json:5442; Outcome_Contractor/contracts/oc_export/constitutive_bridges.json:23114
physio.immune.inflammatory_markers,extraction_output_field,Outcome_Contractor,1,2,Outcome_Contractor/contracts/oc_export/ae_outcome_lookup.json:5447; Outcome_Contractor/contracts/oc_export/constitutive_bridges.json:23121
physio.immune.inflammatory_markers.crp,extraction_output_field,Outcome_Contractor,1,2,Outcome_Contractor/contracts/oc_export/ae_outcome_lookup.json:5452; Outcome_Contractor/contracts/oc_export/constitutive_bridges.json:23129
physio.immune.inflammatory_markers.tnf_alpha,extraction_output_field,Outcome_Contractor,1,2,Outcome_Contractor/contracts/oc_export/ae_outcome_lookup.json:5457; Outcome_Contractor/contracts/oc_export/constitutive_bridges.json:23138
physio.immune.secretory_iga,extraction_output_field,Outcome_Contractor,1,2,Outcome_Contractor/contracts/oc_export/ae_outcome_lookup.json:5462; Outcome_Contractor/contracts/oc_export/constitutive_bridges.json:23147
physio.immune.white_blood_cells,extraction_output_field,Outcome_Contractor,1,2,Outcome_Contractor/contracts/oc_export/ae_outcome_lookup.json:5467; Outcome_Contractor/contracts/oc_export/constitutive_bridges.json:23155
physio.melatonin,extraction_output_field,Outcome_Contractor,1,2,Outcome_Contractor/contracts/oc_export/ae_outcome_lookup.json:5472; Outcome_Contractor/contracts/oc_export/constitutive_bridges.json:23163
physio.metabolic,extraction_output_field,Outcome_Contractor,1,2,Outcome_Contractor/contracts/oc_export/ae_outcome_lookup.json:5477; Outcome_Contractor/contracts/oc_export/constitutive_bridges.json:23170
physio.metabolic.energy_expenditure,extraction_output_field,Outcome_Contractor,1,2,Outcome_Contractor/contracts/oc_export/ae_outcome_lookup.json:5482; Outcome_Contractor/contracts/oc_export/constitutive_bridges.json:23177
physio.metabolic.glucose,extraction_output_field,Outcome_Contractor,1,2,Outcome_Contractor/contracts/oc_export/ae_outcome_lookup.json:5487; Outcome_Contractor/contracts/oc_export/constitutive_bridges.json:23185
physio.metabolic.lactate,extraction_output_field,Outcome_Contractor,1,2,Outcome_Contractor/contracts/oc_export/ae_outcome_lookup.json:5492; Outcome_Contractor/contracts/oc_export/constitutive_bridges.json:23193
physio.metabolic.oxygen_consumption,extraction_output_field,Outcome_Contractor,1,2,Outcome_Contractor/contracts/oc_export/ae_outcome_lookup.json:5497; Outcome_Contractor/contracts/oc_export/constitutive_bridges.json:23201
physio.muscle,extraction_output_field,Outcome_Contractor,1,2,Outcome_Contractor/contracts/oc_export/ae_outcome_lookup.json:5502; Outcome_Contractor/contracts/oc_export/constitutive_bridges.json:23209
physio.muscle.posture,extraction_output_field,Outcome_Contractor,1,2,Outcome_Contractor/contracts/oc_export/ae_outcome_lookup.json:5507; Outcome_Contractor/contracts/oc_export/constitutive_bridges.json:23216
physio.muscle.tension,extraction_output_field,Outcome_Contractor,1,2,Outcome_Contractor/contracts/oc_export/ae_outcome_lookup.json:5512; Outcome_Contractor/contracts/oc_export/constitutive_bridges.json:23224
physio.muscle.tension.facial,extraction_output_field,Outcome_Contractor,1,2,Outcome_Contractor/contracts/oc_export/ae_outcome_lookup.json:5517; Outcome_Contractor/contracts/oc_export/constitutive_bridges.json:23232
physio.muscle.tension.facial.corrugator,extraction_output_field,Outcome_Contractor,1,2,Outcome_Contractor/contracts/oc_export/ae_outcome_lookup.json:5522; Outcome_Contractor/contracts/oc_export/constitutive_bridges.json:23241
physio.muscle.tension.facial.zygomaticus,extraction_output_field,Outcome_Contractor,1,2,Outcome_Contractor/contracts/oc_export/ae_outcome_lookup.json:5527; Outcome_Contractor/contracts/oc_export/constitutive_bridges.json:23251
physio.muscle.tension.general,extraction_output_field,Outcome_Contractor,1,2,Outcome_Contractor/contracts/oc_export/ae_outcome_lookup.json:5532; Outcome_Contractor/contracts/oc_export/constitutive_bridges.json:23261
physio.muscle.tension.trapezius,extraction_output_field,Outcome_Contractor,1,2,Outcome_Contractor/contracts/oc_export/ae_outcome_lookup.json:5537; Outcome_Contractor/contracts/oc_export/constitutive_bridges.json:23270
physio.respiratory,extraction_output_field,Outcome_Contractor,1,2,Outcome_Contractor/contracts/oc_export/ae_outcome_lookup.json:5542; Outcome_Contractor/contracts/oc_export/constitutive_bridges.json:23279
physio.respiratory.depth,extraction_output_field,Outcome_Contractor,1,2,Outcome_Contractor/contracts/oc_export/ae_outcome_lookup.json:5547; Outcome_Contractor/contracts/oc_export/constitutive_bridges.json:23286
physio.respiratory.pattern,extraction_output_field,Outcome_Contractor,1,2,Outcome_Contractor/contracts/oc_export/ae_outcome_lookup.json:5552; Outcome_Contractor/contracts/oc_export/constitutive_bridges.json:23294
physio.respiratory.pattern.regular,extraction_output_field,Outcome_Contractor,1,2,Outcome_Contractor/contracts/oc_export/ae_outcome_lookup.json:5557; Outcome_Contractor/contracts/oc_export/constitutive_bridges.json:23302
physio.respiratory.pattern.sighing,extraction_output_field,Outcome_Contractor,1,2,Outcome_Contractor/contracts/oc_export/ae_outcome_lookup.json:5562; Outcome_Contractor/contracts/oc_export/constitutive_bridges.json:23311
physio.respiratory.rate,extraction_output_field,Outcome_Contractor,1,2,Outcome_Contractor/contracts/oc_export/ae_outcome_lookup.json:5567; Outcome_Contractor/contracts/oc_export/constitutive_bridges.json:23320
physio.respiratory.sinus_arrhythmia,extraction_output_field,Outcome_Contractor,1,2,Outcome_Contractor/contracts/oc_export/ae_outcome_lookup.json:5572; Outcome_Contractor/contracts/oc_export/constitutive_bridges.json:23328
physio.respiratory.variability,extraction_output_field,Outcome_Contractor,1,2,Outcome_Contractor/contracts/oc_export/ae_outcome_lookup.json:5577; Outcome_Contractor/contracts/oc_export/constitutive_bridges.json:23336
physio.sensory,extraction_output_field,Outcome_Contractor,1,2,Outcome_Contractor/contracts/oc_export/ae_outcome_lookup.json:5582; Outcome_Contractor/contracts/oc_export/constitutive_bridges.json:23344
physio.sensory.auditory_sensitivity,extraction_output_field,Outcome_Contractor,1,2,Outcome_Contractor/contracts/oc_export/ae_outcome_lookup.json:5587; Outcome_Contractor/contracts/oc_export/constitutive_bridges.json:23351
physio.sensory.olfactory_sensitivity,extraction_output_field,Outcome_Contractor,1,2,Outcome_Contractor/contracts/oc_export/ae_outcome_lookup.json:5592; Outcome_Contractor/contracts/oc_export/constitutive_bridges.json:23359
physio.sensory.pain,extraction_output_field,Outcome_Contractor,1,2,Outcome_Contractor/contracts/oc_export/ae_outcome_lookup.json:5597; Outcome_Contractor/contracts/oc_export/constitutive_bridges.json:23367
physio.sensory.pain.threshold,extraction_output_field,Outcome_Contractor,1,2,Outcome_Contractor/contracts/oc_export/ae_outcome_lookup.json:5602; Outcome_Contractor/contracts/oc_export/constitutive_bridges.json:23375
physio.sensory.pain.tolerance,extraction_output_field,Outcome_Contractor,1,2,Outcome_Contractor/contracts/oc_export/ae_outcome_lookup.json:5607; Outcome_Contractor/contracts/oc_export/constitutive_bridges.json:23384
physio.skin_conductance,extraction_output_field,Outcome_Contractor,1,3,Outcome_Contractor/article_finder/ae_claim_extractor.py:222; Outcome_Contractor/contracts/oc_export/ae_outcome_lookup.json:5612; Outcome_Contractor/contracts/oc_export/constitutive_bridges.json:23393
physio.thermal,extraction_output_field,Outcome_Contractor,1,2,Outcome_Contractor/contracts/oc_export/ae_outcome_lookup.json:5617; Outcome_Contractor/contracts/oc_export/constitutive_bridges.json:23400
physio.thermal.comfort,extraction_output_field,Outcome_Contractor,1,2,Outcome_Contractor/contracts/oc_export/ae_outcome_lookup.json:5622; Outcome_Contractor/contracts/oc_export/constitutive_bridges.json:23407
physio.thermal.comfort.acceptability,extraction_output_field,Outcome_Contractor,1,2,Outcome_Contractor/contracts/oc_export/ae_outcome_lookup.json:5627; Outcome_Contractor/contracts/oc_export/constitutive_bridges.json:23415
physio.thermal.comfort.preference,extraction_output_field,Outcome_Contractor,1,2,Outcome_Contractor/contracts/oc_export/ae_outcome_lookup.json:5632; Outcome_Contractor/contracts/oc_export/constitutive_bridges.json:23424
physio.thermal.core_temperature,extraction_output_field,Outcome_Contractor,1,2,Outcome_Contractor/contracts/oc_export/ae_outcome_lookup.json:5637; Outcome_Contractor/contracts/oc_export/constitutive_bridges.json:23433
physio.thermal.sensation,extraction_output_field,Outcome_Contractor,1,2,Outcome_Contractor/contracts/oc_export/ae_outcome_lookup.json:5642; Outcome_Contractor/contracts/oc_export/constitutive_bridges.json:23441
physio.thermal.shivering,extraction_output_field,Outcome_Contractor,1,2,Outcome_Contractor/contracts/oc_export/ae_outcome_lookup.json:5647; Outcome_Contractor/contracts/oc_export/constitutive_bridges.json:23449
physio.thermal.skin_temperature,extraction_output_field,Outcome_Contractor,1,2,Outcome_Contractor/contracts/oc_export/ae_outcome_lookup.json:5652; Outcome_Contractor/contracts/oc_export/constitutive_bridges.json:23457
physio.thermal.skin_temperature.gradient,extraction_output_field,Outcome_Contractor,1,2,Outcome_Contractor/contracts/oc_export/ae_outcome_lookup.json:5657; Outcome_Contractor/contracts/oc_export/constitutive_bridges.json:23465
physio.thermal.skin_temperature.peripheral,extraction_output_field,Outcome_Contractor,1,2,Outcome_Contractor/contracts/oc_export/ae_outcome_lookup.json:5662; Outcome_Contractor/contracts/oc_export/constitutive_bridges.json:23474
physio.thermal.sweating,extraction_output_field,Outcome_Contractor,1,2,Outcome_Contractor/contracts/oc_export/ae_outcome_lookup.json:5667; Outcome_Contractor/contracts/oc_export/constitutive_bridges.json:23483
physio.thermal_comfort,extraction_output_field,Outcome_Contractor,1,2,Outcome_Contractor/contracts/oc_export/ae_outcome_lookup.json:5672; Outcome_Contractor/contracts/oc_export/constitutive_bridges.json:23491
physiological_biomarker,enum_value,Article_Eater_PostQuinean_v1,1,1,Article_Eater_PostQuinean_v1/src/methods/registry.py:25
piecewise_alpha_tol_near_one,extraction_output_field,BN_graphical,1,8,BN_graphical/backups/broken_venvs/bn_venv_20260213_092600/lib/python3.12/site-packages/scipy/stats/_levy_stable/__init__.py:1070; BN_graphical/backups/broken_venvs/bn_venv_20260213_092600/lib/python3.12/site-packages/scipy/stats/_levy_stable/__init__.py:930; BN_graphical/bn_venv/lib/python3.14/site-packages/scipy/stats/_levy_stable/__init__.py:1076; BN_graphical/bn_venv/lib/python3.14/site-packages/scipy/stats/_levy_stable/__init__.py:936
piecewise_x_tol_near_zeta,extraction_output_field,BN_graphical,1,8,BN_graphical/backups/broken_venvs/bn_venv_20260213_092600/lib/python3.12/site-packages/scipy/stats/_levy_stable/__init__.py:1069; BN_graphical/backups/broken_venvs/bn_venv_20260213_092600/lib/python3.12/site-packages/scipy/stats/_levy_stable/__init__.py:929; BN_graphical/bn_venv/lib/python3.14/site-packages/scipy/stats/_levy_stable/__init__.py:1075; BN_graphical/bn_venv/lib/python3.14/site-packages/scipy/stats/_levy_stable/__init__.py:935
pipeline_provenance,extraction_output_field,Tagging_Contractor,1,1,Tagging_Contractor/contracts/localized_image_tags.schema.json:17
pipeline_version,extraction_output_field,Tagging_Contractor,1,1,Tagging_Contractor/contracts/localized_image_tags.schema.json:160
pkgA.py,extraction_output_field,BN_graphical,1,3,BN_graphical/backups/broken_venvs/bn_venv_20260213_092600/lib/python3.12/site-packages/setuptools/tests/test_editable_install.py:377; BN_graphical/bn_venv_py311/lib/python3.11/site-packages/setuptools/tests/test_editable_install.py:377; BN_graphical/test_venv_310/lib/python3.10/site-packages/setuptools/tests/test_editable_install.py:378
plant_density,extraction_output_field,BN_graphical,1,1,BN_graphical/docs/DATABASE_SCHEMA.md:346
policy_brief,enum_value,Article_Eater_PostQuinean_v1,1,1,Article_Eater_PostQuinean_v1/src/services/export_bundles.py:75
poll_url,extraction_output_field,BN_graphical,1,1,BN_graphical/contracts/bn.api.v2.schema.json:535
pooled_effect,extraction_output_field,Outcome_Contractor,1,1,Outcome_Contractor/article_finder/type_specific_extractor.py:525
pooled_effect_size,extraction_output_field,Outcome_Contractor,1,1,Outcome_Contractor/article_finder/seven_panel_extractor.py:1469
pooled_smd,extraction_output_field,Outcome_Contractor,1,3,Outcome_Contractor/article_finder/exemplary_extraction_tables.md:2627; Outcome_Contractor/article_finder/exemplary_extraction_tables.md:2633; Outcome_Contractor/article_finder/exemplary_extraction_tables.md:2639
popular_opinion,enum_value,BN_graphical,1,1,BN_graphical/src/literature_integration/argument_structure.py:55
population_category,extraction_output_field,Article_Eater_PostQuinean_v1,1,2,Article_Eater_PostQuinean_v1/ruthless_bundle_2026-02-08/src/services/scope_extractor.py:258; Article_Eater_PostQuinean_v1/src/services/scope_extractor.py:258
population_choice,extraction_output_field,Outcome_Contractor,1,2,Outcome_Contractor/article_finder/seven_panel_extractor.py:133; Outcome_Contractor/article_finder/seven_panel_extractor.py:1381
population_description,database_column;extraction_output_field,BN_graphical,1,9,BN_graphical/database/05_provenance_tables.sql:66; BN_graphical/database/schema.sql:811; BN_graphical/migrations/005_sprint1_schemas.sql:44; BN_graphical/src/ai_extraction/field_thresholds.py:148
population_diversity_score,extraction_output_field,BN_graphical,1,1,BN_graphical/src/schemas/population_qualifier.py:497
population_extractions,extraction_output_field,BN_graphical,1,1,BN_graphical/src/ai_extraction/extraction_pipeline.py:165
population_fields,extraction_output_field,BN_graphical,1,1,BN_graphical/src/ai_extraction/field_thresholds.py:413
population_gap,enum_value,BN_graphical,1,1,BN_graphical/src/literature_integration/opportunity_scorer.py:37
population_notes,database_column;extraction_output_field,BN_graphical,1,2,BN_graphical/migrations/005_sprint1_schemas.sql:235; BN_graphical/src/schemas/mechanism_specification.py:145
population_qualifier_id,database_column,BN_graphical,1,2,BN_graphical/migrations/005_sprint1_schemas.sql:264; BN_graphical/migrations/006_sprint2_enhanced_edges.sql:80
population_shift,enum_value,Article_Eater_PostQuinean_v1,1,1,Article_Eater_PostQuinean_v1/src/services/epistemic_causal_bridge.py:138
population_specific,enum_value,Article_Eater_PostQuinean_v1,1,1,Article_Eater_PostQuinean_v1/src/models/theory_models.py:108
population_summary,extraction_output_field,BN_graphical,1,1,BN_graphical/src/schemas/enhanced_edge.py:577
population_synthesis,extraction_output_field,Outcome_Contractor,1,1,Outcome_Contractor/article_finder/exemplary_extraction_tables.md:2610
populations_included,extraction_output_field,Outcome_Contractor,1,1,Outcome_Contractor/article_finder/exemplary_extraction_tables.md:2611
posttest_measures,extraction_output_field,Outcome_Contractor,1,1,Outcome_Contractor/article_finder/type_specific_extractor.py:126
potential_confounds,extraction_output_field,Article_Eater_PostQuinean_v1,1,1,Article_Eater_PostQuinean_v1/contracts/schemas/experiential_claim.v1.schema.json:82
power_dynamics,extraction_output_field,Outcome_Contractor,1,1,Outcome_Contractor/article_finder/type_specific_extractor.py:326
practical_reasoning,extraction_output_field,Article_Eater_PostQuinean_v1,1,1,Article_Eater_PostQuinean_v1/contracts/vocab/argument_schemes.json:87
practical_use,extraction_output_field,Outcome_Contractor,1,1,Outcome_Contractor/contracts/oc_export/constitutive_bridges.json:17
practitioner_briefing,enum_value,Article_Eater_PostQuinean_v1,1,2,Article_Eater_PostQuinean_v1/src/services/export_bundles.py:54; Article_Eater_PostQuinean_v1/src/services/export_engine.py:43
pre_export,enum_value,Article_Eater_PostQuinean_v1,1,1,Article_Eater_PostQuinean_v1/src/services/export_checklists.py:34
pre_registered,extraction_output_field,Article_Eater_PostQuinean_v1,1,1,Article_Eater_PostQuinean_v1/src/epistemic/extraction/source_quality_metadata.py:187
precision_boundary,enum_value,Article_Eater_PostQuinean_v1,1,2,Article_Eater_PostQuinean_v1/ruthless_bundle_2026-02-08/src/services/web_persistence.py:100; Article_Eater_PostQuinean_v1/src/services/web_persistence.py:100
predicted_family,extraction_output_field,Article_Eater_PostQuinean_v1,1,1,Article_Eater_PostQuinean_v1/scripts/run_realtime_table_rule_intake.py:124
predicted_value,extraction_output_field,BN_graphical,1,3,BN_graphical/contracts/bn.api.v2.schema.json:354; BN_graphical/contracts/bn.api.v2.schema.json:77; BN_graphical/contracts/bn.prediction.v1.schema.json:79
predicted_voi,database_column,Article_Eater_PostQuinean_v1,1,1,Article_Eater_PostQuinean_v1/migrations/006_discovery_funnel.sql:35
prediction1_id,extraction_output_field,BN_graphical,1,1,BN_graphical/contracts/bn.api.v2.schema.json:585
prediction2_id,extraction_output_field,BN_graphical,1,1,BN_graphical/contracts/bn.api.v2.schema.json:586
prediction_date,database_column,BN_graphical,1,2,BN_graphical/database/05_provenance_tables.sql:129; BN_graphical/database/schema.sql:874
prediction_tested,database_column,Article_Eater_PostQuinean_v1,1,1,Article_Eater_PostQuinean_v1/db/sql/017_theories.sql:258
prediction_type,database_column;extraction_output_field,Article_Eater_PostQuinean_v1,1,3,Article_Eater_PostQuinean_v1/db/sql/017_theories.sql:133; Article_Eater_PostQuinean_v1/ruthless_bundle_2026-02-08/src/services/extraction_to_web.py:1473; Article_Eater_PostQuinean_v1/src/services/extraction_to_web.py:1597
predictor_variables,extraction_output_field,Outcome_Contractor,1,1,Outcome_Contractor/article_finder/type_specific_extractor.py:161
predictors_of_change,extraction_output_field,Outcome_Contractor,1,1,Outcome_Contractor/article_finder/type_specific_extractor.py:214
preferred_methods,extraction_output_field,Article_Eater_PostQuinean_v1,1,4,Article_Eater_PostQuinean_v1/contracts/schemas/social_epistemology.schema.json:123; Article_Eater_PostQuinean_v1/contracts/schemas/social_epistemology.v1.schema.json:153; Article_Eater_PostQuinean_v1/ruthless_bundle_2026-02-08/contracts/schemas/social_epistemology.schema.json:123; Article_Eater_PostQuinean_v1/ruthless_bundle_2026-02-08/contracts/schemas/social_epistemology.v1.schema.json:153
preregistration_indicators,extraction_output_field,Article_Eater_PostQuinean_v1,1,1,Article_Eater_PostQuinean_v1/src/epistemic/extraction/source_quality_metadata.py:193
presentation_modality,enum_value,Article_Eater_PostQuinean_v1,1,1,Article_Eater_PostQuinean_v1/src/methods/registry.py:29
preserve_metadata,extraction_output_field,BN_graphical,1,1,BN_graphical/bn_venv/lib/python3.14/site-packages/pydantic/_internal/_generate_schema.py:2783
presumed_lab,extraction_output_field,Article_Eater_PostQuinean_v1,1,3,Article_Eater_PostQuinean_v1/contracts/ae_af/schemas/ae.claim.v2.schema.json:317; Article_Eater_PostQuinean_v1/ruthless_bundle_2026-02-08/src/services/extraction_to_web.py:252; Article_Eater_PostQuinean_v1/src/services/extraction_to_web.py:265
pretest_measures,extraction_output_field,Outcome_Contractor,1,1,Outcome_Contractor/article_finder/type_specific_extractor.py:125
previous_version,database_column,Tagging_Contractor,1,4,Tagging_Contractor/Archive 2/backend/app/db/database.py:160; Tagging_Contractor/Archive 2/backend/app/db/schema.sql:49; Tagging_Contractor/backend/app/db/database.py:160; Tagging_Contractor/backend/app/db/schema.sql:49
primary_confidence,extraction_output_field,BN_graphical,1,5,BN_graphical/src/ai_extraction/mechanism_classifier.py:128; BN_graphical/src/ai_extraction/mechanism_classifier.py:153; BN_graphical/src/ai_extraction/mechanism_classifier.py:164; BN_graphical/src/ai_extraction/mechanism_classifier.py:191
primary_extractors,extraction_output_field,Tagging_Contractor,1,848,Tagging_Contractor/Archive 2/core/trs-core/v0.2.8/contracts/image_tagger_contract_v0.2.8.json:1008; Tagging_Contractor/Archive 2/core/trs-core/v0.2.8/contracts/image_tagger_contract_v0.2.8.json:1025; Tagging_Contractor/Archive 2/core/trs-core/v0.2.8/contracts/image_tagger_contract_v0.2.8.json:1042; Tagging_Contractor/Archive 2/core/trs-core/v0.2.8/contracts/image_tagger_contract_v0.2.8.json:1059
primary_level,extraction_output_field,BN_graphical,1,5,BN_graphical/src/ai_extraction/mechanism_classifier.py:127; BN_graphical/src/ai_extraction/mechanism_classifier.py:152; BN_graphical/src/ai_extraction/mechanism_classifier.py:163; BN_graphical/src/ai_extraction/mechanism_classifier.py:190
primary_papers,extraction_output_field,Article_Eater_PostQuinean_v1,1,1,Article_Eater_PostQuinean_v1/contracts/schemas/integration.edge_justification.v1.schema.json:91
primary_reason,extraction_output_field,Article_Eater_PostQuinean_v1,1,1,Article_Eater_PostQuinean_v1/src/services/stopping_rules.py:64
primary_theory_id,extraction_output_field,Article_Eater_PostQuinean_v1,1,2,Article_Eater_PostQuinean_v1/ruthless_bundle_2026-02-08/src/services/extraction_to_web.py:238; Article_Eater_PostQuinean_v1/src/services/extraction_to_web.py:251
primitive_type_array,extraction_output_field,BN_graphical,1,1,BN_graphical/bn_venv/lib/python3.14/site-packages/pydantic/json_schema.py:1288
prior_confidence,database_column;extraction_output_field,Article_Eater_PostQuinean_v1,1,3,Article_Eater_PostQuinean_v1/db/sql/017_theories.sql:170; Article_Eater_PostQuinean_v1/ruthless_bundle_2026-02-08/src/services/extraction_to_web.py:1496; Article_Eater_PostQuinean_v1/src/services/extraction_to_web.py:1620
prior_weight,database_column;extraction_output_field,Article_Eater_PostQuinean_v1,1,3,Article_Eater_PostQuinean_v1/db/sql/017_theories.sql:181; Article_Eater_PostQuinean_v1/ruthless_bundle_2026-02-08/src/services/extraction_to_web.py:1505; Article_Eater_PostQuinean_v1/src/services/extraction_to_web.py:1630
prisma_compliance,extraction_output_field,Outcome_Contractor,1,1,Outcome_Contractor/article_finder/type_specific_extractor.py:586
process_model,extraction_output_field,Outcome_Contractor,1,1,Outcome_Contractor/article_finder/type_specific_extractor.py:369
processed_at,extraction_output_field,BN_graphical,1,1,BN_graphical/src/ai_extraction/extraction_pipeline.py:104
producing_authors,extraction_output_field,Article_Eater_PostQuinean_v1,1,4,Article_Eater_PostQuinean_v1/contracts/schemas/social_epistemology.schema.json:206; Article_Eater_PostQuinean_v1/contracts/schemas/social_epistemology.v1.schema.json:213; Article_Eater_PostQuinean_v1/ruthless_bundle_2026-02-08/contracts/schemas/social_epistemology.schema.json:206; Article_Eater_PostQuinean_v1/ruthless_bundle_2026-02-08/contracts/schemas/social_epistemology.v1.schema.json:213
producing_communities,extraction_output_field,Article_Eater_PostQuinean_v1,1,4,Article_Eater_PostQuinean_v1/contracts/schemas/social_epistemology.schema.json:196; Article_Eater_PostQuinean_v1/contracts/schemas/social_epistemology.v1.schema.json:205; Article_Eater_PostQuinean_v1/ruthless_bundle_2026-02-08/contracts/schemas/social_epistemology.schema.json:196; Article_Eater_PostQuinean_v1/ruthless_bundle_2026-02-08/contracts/schemas/social_epistemology.v1.schema.json:205
producing_labs,extraction_output_field,Article_Eater_PostQuinean_v1,1,4,Article_Eater_PostQuinean_v1/contracts/schemas/social_epistemology.schema.json:201; Article_Eater_PostQuinean_v1/contracts/schemas/social_epistemology.v1.schema.json:209; Article_Eater_PostQuinean_v1/ruthless_bundle_2026-02-08/contracts/schemas/social_epistemology.schema.json:201; Article_Eater_PostQuinean_v1/ruthless_bundle_2026-02-08/contracts/schemas/social_epistemology.v1.schema.json:209
project_id,extraction_output_field,Article_Eater_PostQuinean_v1,1,5,Article_Eater_PostQuinean_v1/tests/test_claim_gallery_builder.py:111; Article_Eater_PostQuinean_v1/tests/test_claim_gallery_builder.py:131; Article_Eater_PostQuinean_v1/tests/test_claim_gallery_builder.py:363; Article_Eater_PostQuinean_v1/tests/test_claim_gallery_builder.py:71
prompt_tokens,extraction_output_field,BN_graphical,1,6,BN_graphical/src/ai_extraction/llm_client.py:208; BN_graphical/src/ai_extraction/llm_client.py:224; BN_graphical/src/ai_extraction/llm_client.py:276; BN_graphical/src/ai_extraction/llm_client.py:353
proofreading_task,extraction_output_field,Article_Eater_PostQuinean_v1,1,1,Article_Eater_PostQuinean_v1/contracts/vocab/task_taxonomy.json:253
proposal_id,database_column,Tagging_Contractor,1,4,Tagging_Contractor/Archive 2/backend/app/db/database.py:150; Tagging_Contractor/Archive 2/backend/app/db/schema.sql:34; Tagging_Contractor/backend/app/db/database.py:150; Tagging_Contractor/backend/app/db/schema.sql:34
proposal_type,database_column,Tagging_Contractor,1,4,Tagging_Contractor/Archive 2/backend/app/db/database.py:136; Tagging_Contractor/Archive 2/backend/app/db/schema.sql:13; Tagging_Contractor/backend/app/db/database.py:136; Tagging_Contractor/backend/app/db/schema.sql:13
proposed_edges,extraction_output_field,BN_graphical,1,1,BN_graphical/contracts/bn.api.v2.schema.json:429
proposed_mechanism,extraction_output_field,Outcome_Contractor,1,1,Outcome_Contractor/article_finder/type_specific_extractor.py:90
proposes_better_method,enum_value,Article_Eater_PostQuinean_v1,1,1,Article_Eater_PostQuinean_v1/src/epistemic/edge_types.py:88
proposes_mechanism,enum_value,Article_Eater_PostQuinean_v1,1,1,Article_Eater_PostQuinean_v1/src/epistemic/edge_types.py:75
prospect_refuge,extraction_output_field,Outcome_Contractor,1,1,Outcome_Contractor/article_finder/seven_panel_extractor.py:445
protected_reasons,extraction_output_field,Article_Eater_PostQuinean_v1,1,1,Article_Eater_PostQuinean_v1/scripts/build_table_extraction_queue.py:358
protocol_registration,extraction_output_field,Outcome_Contractor,1,1,Outcome_Contractor/article_finder/type_specific_extractor.py:563
provenance.architect_kengo_kuma,extraction_output_field,Article_Eater_PostQuinean_v1,1,2,Article_Eater_PostQuinean_v1/contracts/vocab/environment_lookup.json:1398; Article_Eater_PostQuinean_v1/contracts/vocab/environment_lookup.json:4116
provenance.architect_le_corbusier,extraction_output_field,Article_Eater_PostQuinean_v1,1,2,Article_Eater_PostQuinean_v1/contracts/vocab/environment_lookup.json:1400; Article_Eater_PostQuinean_v1/contracts/vocab/environment_lookup.json:4123
provenance.iconic_chair_barcelona,extraction_output_field,Article_Eater_PostQuinean_v1,1,2,Article_Eater_PostQuinean_v1/contracts/vocab/environment_lookup.json:1402; Article_Eater_PostQuinean_v1/contracts/vocab/environment_lookup.json:4130
provenance.iconic_chair_eames,extraction_output_field,Article_Eater_PostQuinean_v1,1,2,Article_Eater_PostQuinean_v1/contracts/vocab/environment_lookup.json:1404; Article_Eater_PostQuinean_v1/contracts/vocab/environment_lookup.json:4137
provenance_ok,extraction_output_field,Article_Eater_PostQuinean_v1,1,1,Article_Eater_PostQuinean_v1/contracts/ae_af/schemas/image_feedback.v1.schema.json:122
provenance_summary,extraction_output_field,Article_Eater_PostQuinean_v1,1,2,Article_Eater_PostQuinean_v1/contracts/ae_af/schemas/claim_gallery.v1.schema.json:127; Article_Eater_PostQuinean_v1/src/services/claim_gallery_builder.py:474
provenance_tier,extraction_output_field,Article_Eater_PostQuinean_v1,1,8,Article_Eater_PostQuinean_v1/scripts/build_abstract_reduced_tables.py:516; Article_Eater_PostQuinean_v1/scripts/build_table_gold_pack.py:197; Article_Eater_PostQuinean_v1/scripts/convert_findings_to_rules.py:298; Article_Eater_PostQuinean_v1/scripts/run_realtime_table_rule_intake.py:817
proxy_strategy,extraction_output_field,Outcome_Contractor,1,1,Outcome_Contractor/contracts/search_retrieve_minimodule_contract.md:156
psych.coziness,extraction_output_field,Article_Eater_PostQuinean_v1,1,2,Article_Eater_PostQuinean_v1/contracts/vocab/environment_lookup.json:1406; Article_Eater_PostQuinean_v1/contracts/vocab/environment_lookup.json:4144
psychological_process,extraction_output_field,BN_graphical,1,1,BN_graphical/src/mechanisms/mechanism_schema.py:112
publication_date,database_column;extraction_output_field,Article_Eater_PostQuinean_v1,1,3,Article_Eater_PostQuinean_v1/contracts/ae_af/examples/input_bundle_minimal/paper.json:13; Article_Eater_PostQuinean_v1/contracts/ae_af/schemas/ae.paper.v1.schema.json:63; Article_Eater_PostQuinean_v1/migrations/005_add_entrenchment_tracker.sql:10
purposive_sampling,extraction_output_field,Outcome_Contractor,1,1,Outcome_Contractor/article_finder/type_specific_extractor.py:276
pydantic.plugin,extraction_output_field,BN_graphical,1,4,BN_graphical/backups/broken_venvs/bn_venv_20260213_092600/lib/python3.12/site-packages/pydantic/plugin/_schema_validator.py:133; BN_graphical/bn_venv/lib/python3.14/site-packages/pydantic/plugin/_schema_validator.py:135; BN_graphical/bn_venv_py311/lib/python3.11/site-packages/pydantic/plugin/_schema_validator.py:133; BN_graphical/test_venv_310/lib/python3.10/site-packages/pydantic/plugin/_schema_validator.py:133
pydantic_js_functions,extraction_output_field,BN_graphical,1,13,BN_graphical/backups/broken_venvs/bn_venv_20260213_092600/lib/python3.12/site-packages/pydantic/_internal/_std_types_schema.py:136; BN_graphical/backups/broken_venvs/bn_venv_20260213_092600/lib/python3.12/site-packages/pydantic/_internal/_std_types_schema.py:82; BN_graphical/bn_venv/lib/python3.14/site-packages/pydantic/_internal/_generate_schema.py:1696; BN_graphical/bn_venv/lib/python3.14/site-packages/pydantic/_internal/_generate_schema.py:1779
pydantic_js_prefer_positional_arguments,extraction_output_field,BN_graphical,1,1,BN_graphical/bn_venv/lib/python3.14/site-packages/pydantic/_internal/_generate_schema.py:1555
pyproject.toml,extraction_output_field,BN_graphical,1,28,BN_graphical/backups/broken_venvs/bn_venv_20260213_092600/lib/python3.12/site-packages/setuptools/tests/test_editable_install.py:159; BN_graphical/backups/broken_venvs/bn_venv_20260213_092600/lib/python3.12/site-packages/setuptools/tests/test_editable_install.py:199; BN_graphical/backups/broken_venvs/bn_venv_20260213_092600/lib/python3.12/site-packages/setuptools/tests/test_editable_install.py:320; BN_graphical/backups/broken_venvs/bn_venv_20260213_092600/lib/python3.12/site-packages/setuptools/tests/test_editable_install.py:358
qCurveTo,extraction_output_field,BN_graphical,1,3,BN_graphical/backups/broken_venvs/bn_venv_20260213_092600/lib/python3.12/site-packages/fontTools/varLib/interpolatablePlot.py:964; BN_graphical/bn_venv_py311/lib/python3.11/site-packages/fontTools/varLib/interpolatablePlot.py:964; BN_graphical/test_venv_310/lib/python3.10/site-packages/fontTools/varLib/interpolatablePlot.py:964
quad_eps,extraction_output_field,BN_graphical,1,8,BN_graphical/backups/broken_venvs/bn_venv_20260213_092600/lib/python3.12/site-packages/scipy/stats/_levy_stable/__init__.py:1068; BN_graphical/backups/broken_venvs/bn_venv_20260213_092600/lib/python3.12/site-packages/scipy/stats/_levy_stable/__init__.py:928; BN_graphical/bn_venv/lib/python3.14/site-packages/scipy/stats/_levy_stable/__init__.py:1074; BN_graphical/bn_venv/lib/python3.14/site-packages/scipy/stats/_levy_stable/__init__.py:934
qual_analysis,extraction_output_field,Outcome_Contractor,1,1,Outcome_Contractor/article_finder/type_specific_extractor.py:480
qual_findings,extraction_output_field,Outcome_Contractor,1,1,Outcome_Contractor/article_finder/type_specific_extractor.py:481
qual_method,extraction_output_field,Outcome_Contractor,1,1,Outcome_Contractor/article_finder/type_specific_extractor.py:479
qual_participants,extraction_output_field,Outcome_Contractor,1,1,Outcome_Contractor/article_finder/type_specific_extractor.py:478
qualitative_finding,enum_value,Article_Eater_PostQuinean_v1,1,1,Article_Eater_PostQuinean_v1/src/epistemic/node_types.py:64
quality_effects,extraction_output_field,Outcome_Contractor,1,1,Outcome_Contractor/article_finder/type_specific_extractor.py:543
quality_issues,extraction_output_field,Article_Eater_PostQuinean_v1,1,1,Article_Eater_PostQuinean_v1/tests/test_sprint6c_ingestion.py:280
quality_penalty,extraction_output_field,BN_graphical,1,1,BN_graphical/src/schemas/population_qualifier.py:263
quality_rating,extraction_output_field,Article_Eater_PostQuinean_v1,1,1,Article_Eater_PostQuinean_v1/src/services/table_to_claims.py:323
quality_results,extraction_output_field,Outcome_Contractor,1,1,Outcome_Contractor/article_finder/type_specific_extractor.py:576
quality_score,extraction_output_field,Article_Eater_PostQuinean_v1,1,6,Article_Eater_PostQuinean_v1/contracts/vocab/institution_tiers.json:22; Article_Eater_PostQuinean_v1/contracts/vocab/institution_tiers.json:27; Article_Eater_PostQuinean_v1/contracts/vocab/institution_tiers.json:32; Article_Eater_PostQuinean_v1/contracts/vocab/institution_tiers.json:37
quality_tool,extraction_output_field,Outcome_Contractor,1,1,Outcome_Contractor/article_finder/type_specific_extractor.py:575
quan_analysis,extraction_output_field,Outcome_Contractor,1,1,Outcome_Contractor/article_finder/type_specific_extractor.py:475
quan_findings,extraction_output_field,Outcome_Contractor,1,1,Outcome_Contractor/article_finder/type_specific_extractor.py:476
quan_measures,extraction_output_field,Outcome_Contractor,1,1,Outcome_Contractor/article_finder/type_specific_extractor.py:474
quan_sample,extraction_output_field,Outcome_Contractor,1,1,Outcome_Contractor/article_finder/type_specific_extractor.py:473
quantitative_ci_lower,database_column;extraction_output_field,Article_Eater_PostQuinean_v1,1,3,Article_Eater_PostQuinean_v1/db/sql/017_theories.sql:154; Article_Eater_PostQuinean_v1/ruthless_bundle_2026-02-08/src/services/extraction_to_web.py:1486; Article_Eater_PostQuinean_v1/src/services/extraction_to_web.py:1610
quantitative_ci_upper,database_column;extraction_output_field,Article_Eater_PostQuinean_v1,1,3,Article_Eater_PostQuinean_v1/db/sql/017_theories.sql:155; Article_Eater_PostQuinean_v1/ruthless_bundle_2026-02-08/src/services/extraction_to_web.py:1487; Article_Eater_PostQuinean_v1/src/services/extraction_to_web.py:1611
quantitative_point_estimate,database_column;extraction_output_field,Article_Eater_PostQuinean_v1,1,3,Article_Eater_PostQuinean_v1/db/sql/017_theories.sql:153; Article_Eater_PostQuinean_v1/ruthless_bundle_2026-02-08/src/services/extraction_to_web.py:1485; Article_Eater_PostQuinean_v1/src/services/extraction_to_web.py:1609
quantitative_precision,database_column,Article_Eater_PostQuinean_v1,1,1,Article_Eater_PostQuinean_v1/db/sql/017_theories.sql:52
quantitative_result,extraction_output_field,Article_Eater_PostQuinean_v1,1,1,Article_Eater_PostQuinean_v1/contracts/schemas/experiential_claim.v1.schema.json:127
quasi_experiment,enum_value,Outcome_Contractor,1,2,Outcome_Contractor/article_finder/article_type_classifier.py:17; Outcome_Contractor/contracts/article_extraction_contracts.py:26
quasi_experimental,enum_value;extraction_output_field,Article_Eater_PostQuinean_v1,1,3,Article_Eater_PostQuinean_v1/ruthless_bundle_2026-02-08/src/services/scope_extractor.py:465; Article_Eater_PostQuinean_v1/src/epistemic/extraction/source_quality_metadata.py:30; Article_Eater_PostQuinean_v1/src/services/scope_extractor.py:465
query_id,extraction_output_field,Article_Eater_PostQuinean_v1,1,7,Article_Eater_PostQuinean_v1/contracts/ae_af/schemas/ae.gap_report.v1.schema.json:34; Article_Eater_PostQuinean_v1/contracts/ae_af/schemas/ae.query_request.v1.schema.json:18; Article_Eater_PostQuinean_v1/contracts/ae_af/schemas/ae.query_response.v1.schema.json:19; Article_Eater_PostQuinean_v1/docs/MVP_CONTRACTS.md:147
query_results,enum_value,Article_Eater_PostQuinean_v1,1,1,Article_Eater_PostQuinean_v1/src/services/export_audit.py:46
query_text,extraction_output_field,Article_Eater_PostQuinean_v1,1,4,Article_Eater_PostQuinean_v1/contracts/ae_af/schemas/ae.query_request.v1.schema.json:23; Article_Eater_PostQuinean_v1/contracts/ae_af/schemas/ae.query_response.v1.schema.json:383; Article_Eater_PostQuinean_v1/docs/MVP_CONTRACTS.md:148; Article_Eater_PostQuinean_v1/docs/MVP_CONTRACTS.md:349
query_type,extraction_output_field,Article_Eater_PostQuinean_v1,1,2,Article_Eater_PostQuinean_v1/contracts/ae_af/schemas/ae.query_response.v1.schema.json:106; Article_Eater_PostQuinean_v1/docs/MVP_CONTRACTS.md:238
query_type_hint,extraction_output_field,Article_Eater_PostQuinean_v1,1,1,Article_Eater_PostQuinean_v1/contracts/ae_af/schemas/ae.query_request.v1.schema.json:35
questions_raised,extraction_output_field,Outcome_Contractor,1,1,Outcome_Contractor/article_finder/type_specific_extractor.py:698
queued_at,extraction_output_field,Article_Eater_PostQuinean_v1,1,1,Article_Eater_PostQuinean_v1/scripts/run_realtime_table_rule_intake.py:923
queued_for_manual,extraction_output_field,BN_graphical,1,1,BN_graphical/src/ai_extraction/extraction_pipeline.py:164
queued_for_verification,extraction_output_field,BN_graphical,1,1,BN_graphical/src/ai_extraction/extraction_pipeline.py:163
queued_items,extraction_output_field,BN_graphical,1,1,BN_graphical/src/ai_extraction/extraction_pipeline.py:100
radius_final,enum_value,BN_graphical,1,1,BN_graphical/bn_venv/lib/python3.14/site-packages/scipy/_lib/cobyqa/settings.py:37
radius_init,enum_value,BN_graphical,1,1,BN_graphical/bn_venv/lib/python3.14/site-packages/scipy/_lib/cobyqa/settings.py:36
random_seed,extraction_output_field,Article_Eater_PostQuinean_v1,1,3,Article_Eater_PostQuinean_v1/contracts/ae_af/schemas/gallery_selection_config.v1.schema.json:152; Article_Eater_PostQuinean_v1/contracts/ae_af/schemas/selection_log.v1.schema.json:27; Article_Eater_PostQuinean_v1/src/services/claim_gallery_builder.py:687
random_state,extraction_output_field,BN_graphical,1,6,BN_graphical/backups/broken_venvs/bn_venv_20260213_092600/lib/python3.12/site-packages/sklearn/feature_extraction/image.py:365; BN_graphical/backups/broken_venvs/bn_venv_20260213_092600/lib/python3.12/site-packages/sklearn/feature_extraction/image.py:574; BN_graphical/bn_venv_py311/lib/python3.11/site-packages/sklearn/feature_extraction/image.py:365; BN_graphical/bn_venv_py311/lib/python3.11/site-packages/sklearn/feature_extraction/image.py:574
randomized_experiment,enum_value,Outcome_Contractor,1,2,Outcome_Contractor/article_finder/article_type_classifier.py:16; Outcome_Contractor/contracts/article_extraction_contracts.py:25
rank_history,extraction_output_field,Article_Eater_PostQuinean_v1,1,1,Article_Eater_PostQuinean_v1/contracts/schemas/epistemic_status.v1.schema.json:71
rate_limit_base_delay,extraction_output_field,Outcome_Contractor,1,1,Outcome_Contractor/contracts/search_retrieve_minimodule_contract.md:158
rate_limited,enum_value,Article_Eater_PostQuinean_v1,1,2,Article_Eater_PostQuinean_v1/src/services/discovery_funnel.py:74; Article_Eater_PostQuinean_v1/src/services/paper_fetcher.py:48
ravens_progressive_matrices,extraction_output_field,Article_Eater_PostQuinean_v1,1,1,Article_Eater_PostQuinean_v1/contracts/vocab/task_taxonomy.json:239
raw_abstract,extraction_output_field,Article_Eater_PostQuinean_v1,1,2,Article_Eater_PostQuinean_v1/prompts/seven_panel_schema.json:24; Article_Eater_PostQuinean_v1/schemas/panel_findings_v2.schema.json:36
raw_html,database_column,Article_Finder_v3_2_3,1,1,Article_Finder_v3_2_3/core/database.py:289
raw_tables,extraction_output_field,Outcome_Contractor,1,1,Outcome_Contractor/article_finder/bn_table_extractor.py:366
raw_term,extraction_output_field,Article_Eater_PostQuinean_v1,1,8,Article_Eater_PostQuinean_v1/scripts/run_realtime_table_rule_intake.py:327; Article_Eater_PostQuinean_v1/scripts/run_realtime_table_rule_intake.py:368; Article_Eater_PostQuinean_v1/scripts/run_realtime_table_rule_intake.py:385; Article_Eater_PostQuinean_v1/scripts/run_realtime_table_rule_intake.py:394
raw_text_lower,database_column,Outcome_Contractor,1,2,Outcome_Contractor/core/database.py:108; Outcome_Contractor/core/database.py:76
real_date,extraction_output_field,BN_graphical,1,8,BN_graphical/backups/broken_venvs/bn_venv_20260213_092600/lib/python3.12/site-packages/pandas/tests/io/pytables/test_select.py:970; BN_graphical/backups/broken_venvs/bn_venv_20260213_092600/lib/python3.12/site-packages/pandas/tests/io/pytables/test_select.py:997; BN_graphical/bn_venv/lib/python3.14/site-packages/pandas/tests/io/pytables/test_select.py:965; BN_graphical/bn_venv/lib/python3.14/site-packages/pandas/tests/io/pytables/test_select.py:991
real_task_controlled,enum_value,Article_Eater_PostQuinean_v1,1,1,Article_Eater_PostQuinean_v1/src/methods/task_ecology.py:37
real_world_analog,extraction_output_field,Article_Eater_PostQuinean_v1,1,1,Article_Eater_PostQuinean_v1/contracts/vocab/task_taxonomy.json:147
reason_codes,extraction_output_field,Article_Eater_PostQuinean_v1,1,2,Article_Eater_PostQuinean_v1/contracts/ae_af/schemas/selection_log.v1.schema.json:147; Article_Eater_PostQuinean_v1/src/services/claim_gallery_builder.py:502
reason_text,extraction_output_field,Article_Eater_PostQuinean_v1,1,2,Article_Eater_PostQuinean_v1/contracts/ae_af/schemas/selection_log.v1.schema.json:151; Article_Eater_PostQuinean_v1/src/services/claim_gallery_builder.py:503
recency_weighted_accuracy,extraction_output_field,Article_Eater_PostQuinean_v1,1,2,Article_Eater_PostQuinean_v1/contracts/schemas/social_epistemology.v1.schema.json:111; Article_Eater_PostQuinean_v1/ruthless_bundle_2026-02-08/contracts/schemas/social_epistemology.v1.schema.json:111
recipe_id,extraction_output_field,Tagging_Contractor,1,848,Tagging_Contractor/Archive 2/core/trs-core/v0.2.8/contracts/image_tagger_contract_v0.2.8.json:1009; Tagging_Contractor/Archive 2/core/trs-core/v0.2.8/contracts/image_tagger_contract_v0.2.8.json:1026; Tagging_Contractor/Archive 2/core/trs-core/v0.2.8/contracts/image_tagger_contract_v0.2.8.json:1043; Tagging_Contractor/Archive 2/core/trs-core/v0.2.8/contracts/image_tagger_contract_v0.2.8.json:1060
recommender_id,extraction_output_field,BN_graphical,1,4,BN_graphical/backups/broken_venvs/bn_venv_20260213_092600/lib/python3.12/site-packages/pandas/tests/io/json/test_json_table_schema.py:263; BN_graphical/bn_venv/lib/python3.14/site-packages/pandas/tests/io/json/test_json_table_schema.py:263; BN_graphical/bn_venv_py311/lib/python3.11/site-packages/pandas/tests/io/json/test_json_table_schema.py:263; BN_graphical/test_venv_310/lib/python3.10/site-packages/pandas/tests/io/json/test_json_table_schema.py:263
recommender_name_en,extraction_output_field,BN_graphical,1,4,BN_graphical/backups/broken_venvs/bn_venv_20260213_092600/lib/python3.12/site-packages/pandas/tests/io/json/test_json_table_schema.py:265; BN_graphical/bn_venv/lib/python3.14/site-packages/pandas/tests/io/json/test_json_table_schema.py:265; BN_graphical/bn_venv_py311/lib/python3.11/site-packages/pandas/tests/io/json/test_json_table_schema.py:265; BN_graphical/test_venv_310/lib/python3.10/site-packages/pandas/tests/io/json/test_json_table_schema.py:265
recommender_name_jp,extraction_output_field,BN_graphical,1,4,BN_graphical/backups/broken_venvs/bn_venv_20260213_092600/lib/python3.12/site-packages/pandas/tests/io/json/test_json_table_schema.py:264; BN_graphical/bn_venv/lib/python3.14/site-packages/pandas/tests/io/json/test_json_table_schema.py:264; BN_graphical/bn_venv_py311/lib/python3.11/site-packages/pandas/tests/io/json/test_json_table_schema.py:264; BN_graphical/test_venv_310/lib/python3.10/site-packages/pandas/tests/io/json/test_json_table_schema.py:264
record_found,enum_value,Outcome_Contractor,1,1,Outcome_Contractor/article_finder/prisma/audit_trail.py:22
record_type,extraction_output_field,Article_Eater_PostQuinean_v1,1,1,Article_Eater_PostQuinean_v1/scripts/run_realtime_table_rule_intake.py:781
recruitment_method,database_column;extraction_output_field,BN_graphical,1,5,BN_graphical/migrations/005_sprint1_schemas.sql:57; BN_graphical/src/ai_extraction/field_thresholds.py:156; BN_graphical/src/ai_extraction/population_extractor.py:137; BN_graphical/src/ai_extraction/population_extractor.py:169
reference_count,extraction_output_field,Article_Finder_v3_2_3,1,1,Article_Finder_v3_2_3/ingest/doi_resolver.py:290
referenced_works,extraction_output_field,Article_Finder_v3_2_3,1,1,Article_Finder_v3_2_3/ingest/doi_resolver.py:444
region_a,extraction_output_field,Tagging_Contractor,1,2,Tagging_Contractor/contracts/localized_image_tags.schema.json:126; Tagging_Contractor/contracts/localized_image_tags.schema.json:137
region_b,extraction_output_field,Tagging_Contractor,1,2,Tagging_Contractor/contracts/localized_image_tags.schema.json:127; Tagging_Contractor/contracts/localized_image_tags.schema.json:138
region_id,extraction_output_field,Tagging_Contractor,1,1,Tagging_Contractor/contracts/localized_image_tags.schema.json:86
region_label,extraction_output_field,Tagging_Contractor,1,1,Tagging_Contractor/contracts/localized_image_tags.schema.json:87
region_relationships,extraction_output_field,Tagging_Contractor,1,1,Tagging_Contractor/contracts/localized_image_tags.schema.json:15
region_support,extraction_output_field,Tagging_Contractor,1,850,Tagging_Contractor/Archive 2/core/trs-core/v0.2.8/contracts/image_tagger_contract_v0.2.8.json:1003; Tagging_Contractor/Archive 2/core/trs-core/v0.2.8/contracts/image_tagger_contract_v0.2.8.json:102; Tagging_Contractor/Archive 2/core/trs-core/v0.2.8/contracts/image_tagger_contract_v0.2.8.json:1020; Tagging_Contractor/Archive 2/core/trs-core/v0.2.8/contracts/image_tagger_contract_v0.2.8.json:1037
registry_sha256,database_column;extraction_output_field,Tagging_Contractor,1,16,Tagging_Contractor/Archive 2/backend/app/db/database.py:161; Tagging_Contractor/Archive 2/backend/app/db/schema.sql:50; Tagging_Contractor/Archive 2/core/trs-core/v0.2.8/contracts/article_eater_contract_v0.2.8.json:3; Tagging_Contractor/Archive 2/core/trs-core/v0.2.8/contracts/bn_contract_v0.2.8.json:3
regression_results,extraction_output_field,Outcome_Contractor,1,1,Outcome_Contractor/article_finder/type_specific_extractor.py:171
regulatory_state,extraction_output_field,Article_Eater_PostQuinean_v1,1,1,Article_Eater_PostQuinean_v1/contracts/vocab/task_taxonomy.json:112
reinstatement_chain,extraction_output_field,Article_Eater_PostQuinean_v1,1,1,Article_Eater_PostQuinean_v1/contracts/schemas/epistemic_status.v1.schema.json:66
rejection_reason,database_column,Article_Finder_v3_2_3,1,1,Article_Finder_v3_2_3/core/database.py:176
related_gaps,extraction_output_field,Article_Eater_PostQuinean_v1,1,1,Article_Eater_PostQuinean_v1/contracts/ae_af/schemas/ae.gap_report.v1.schema.json:181
related_measure_1,extraction_output_field,BN_graphical,1,1,BN_graphical/docs/research/ARTICLE_TYPE_ARGUMENT_TABLES.md:1080
related_measure_2,extraction_output_field,BN_graphical,1,1,BN_graphical/docs/research/ARTICLE_TYPE_ARGUMENT_TABLES.md:1080
related_outcomes,database_column;extraction_output_field,BN_graphical,1,2,BN_graphical/migrations/005_sprint1_schemas.sql:132; BN_graphical/src/schemas/outcome_taxonomy.py:219
relation_count,extraction_output_field,Tagging_Contractor,1,3,Tagging_Contractor/tools/tag_extractability_matrix.py:179; Tagging_Contractor/tools/tag_extraction_plan.py:256; Tagging_Contractor/tools/tag_extraction_plan.py:271
relation_type,database_column;extraction_output_field,Article_Eater_PostQuinean_v1,1,4,Article_Eater_PostQuinean_v1/db/sql/017_theories.sql:146; Article_Eater_PostQuinean_v1/ruthless_bundle_2026-02-08/src/services/extraction_to_web.py:1482; Article_Eater_PostQuinean_v1/schemas/rule_graph.schema.json:376; Article_Eater_PostQuinean_v1/src/services/extraction_to_web.py:1606
relationship_semantics,extraction_output_field,Outcome_Contractor,1,1,Outcome_Contractor/contracts/oc_export/bn_outcome_nodes.json:17833
relationship_type,extraction_output_field,Tagging_Contractor,1,1,Tagging_Contractor/contracts/localized_image_tags.schema.json:125
release_notes,database_column,Tagging_Contractor,1,4,Tagging_Contractor/Archive 2/backend/app/db/database.py:166; Tagging_Contractor/Archive 2/backend/app/db/schema.sql:55; Tagging_Contractor/backend/app/db/database.py:166; Tagging_Contractor/backend/app/db/schema.sql:55
released_by,database_column,Tagging_Contractor,1,4,Tagging_Contractor/Archive 2/backend/app/db/database.py:165; Tagging_Contractor/Archive 2/backend/app/db/schema.sql:54; Tagging_Contractor/backend/app/db/database.py:165; Tagging_Contractor/backend/app/db/schema.sql:54
relevance_score,database_column,Article_Eater_PostQuinean_v1,1,1,Article_Eater_PostQuinean_v1/db/sql/015_complete_schema.sql:192
relevance_tags,extraction_output_field,Article_Eater_PostQuinean_v1,1,1,Article_Eater_PostQuinean_v1/schemas/panel_context.schema.json:64
relevance_to_gap,database_column,Article_Eater_PostQuinean_v1,1,1,Article_Eater_PostQuinean_v1/migrations/006_discovery_funnel.sql:181
remote_associates_test,extraction_output_field,Article_Eater_PostQuinean_v1,1,1,Article_Eater_PostQuinean_v1/contracts/vocab/task_taxonomy.json:202
removal_version,extraction_output_field,BN_graphical,1,1,BN_graphical/contracts/bn.api.v2.schema.json:669
replicates_claim_id,extraction_output_field,BN_graphical,1,1,BN_graphical/src/schemas/enhanced_edge.py:220
replication_conceptual,enum_value,Outcome_Contractor,1,1,Outcome_Contractor/core/argument_taxonomy.py:74
replication_count,extraction_output_field,BN_graphical,1,1,BN_graphical/src/schemas/enhanced_edge.py:575
replication_direct,enum_value,Outcome_Contractor,1,1,Outcome_Contractor/core/argument_taxonomy.py:71
replication_notes,extraction_output_field,Outcome_Contractor,1,2,Outcome_Contractor/article_finder/seven_panel_extractor.py:1403; Outcome_Contractor/article_finder/seven_panel_extractor.py:227
replication_partial,enum_value,Outcome_Contractor,1,1,Outcome_Contractor/core/argument_taxonomy.py:77
replication_rate,extraction_output_field,BN_graphical,1,1,BN_graphical/src/schemas/enhanced_edge.py:576
replication_result,extraction_output_field,BN_graphical,1,1,BN_graphical/src/schemas/enhanced_edge.py:221
replication_success,enum_value;extraction_output_field,BN_graphical,1,2,BN_graphical/src/schemas/enhanced_edge.py:38; BN_graphical/src/schemas/enhanced_edge.py:90
replication_type,extraction_output_field,Article_Eater_PostQuinean_v1,1,1,Article_Eater_PostQuinean_v1/src/epistemic/extraction/argumentative.py:128
report_id,extraction_output_field,Article_Eater_PostQuinean_v1,1,2,Article_Eater_PostQuinean_v1/contracts/ae_af/schemas/ae.gap_report.v1.schema.json:20; Article_Eater_PostQuinean_v1/docs/MVP_CONTRACTS.md:270
report_separately,enum_value,Article_Eater_PostQuinean_v1,1,2,Article_Eater_PostQuinean_v1/ruthless_bundle_2026-02-08/src/services/social_epistemology.py:94; Article_Eater_PostQuinean_v1/src/services/social_epistemology.py:94
reporting_completeness,extraction_output_field,BN_graphical,1,1,BN_graphical/src/schemas/population_qualifier.py:262
request_data,extraction_output_field,BN_graphical,1,1,BN_graphical/contracts/bn.api.v2.schema.json:513
required_structure,extraction_output_field,Outcome_Contractor,1,10,Outcome_Contractor/article_finder/exemplary_extraction_tables.md:632; Outcome_Contractor/article_finder/exemplary_extraction_tables.md:637; Outcome_Contractor/article_finder/exemplary_extraction_tables.md:644; Outcome_Contractor/article_finder/exemplary_extraction_tables.md:650
requires_pdf_confirmation,extraction_output_field,Article_Eater_PostQuinean_v1,1,5,Article_Eater_PostQuinean_v1/scripts/build_table_gold_pack.py:198; Article_Eater_PostQuinean_v1/scripts/convert_findings_to_rules.py:299; Article_Eater_PostQuinean_v1/scripts/run_realtime_table_rule_intake.py:818; Article_Eater_PostQuinean_v1/scripts/run_realtime_table_rule_intake.py:865
research_brief,enum_value,Article_Eater_PostQuinean_v1,1,2,Article_Eater_PostQuinean_v1/src/services/export_audit.py:41; Article_Eater_PostQuinean_v1/src/services/report_generator.py:45
research_question,extraction_output_field,Outcome_Contractor,1,8,Outcome_Contractor/article_finder/seven_panel_extractor.py:1375; Outcome_Contractor/article_finder/seven_panel_extractor.py:1465; Outcome_Contractor/article_finder/seven_panel_extractor.py:1586; Outcome_Contractor/article_finder/type_specific_extractor.py:272
research_questions,extraction_output_field,Outcome_Contractor,1,1,Outcome_Contractor/article_finder/type_specific_extractor.py:468
researcher_role,extraction_output_field,Outcome_Contractor,1,1,Outcome_Contractor/article_finder/type_specific_extractor.py:316
resolution_approach,extraction_output_field,Article_Eater_PostQuinean_v1,1,2,Article_Eater_PostQuinean_v1/contracts/ae_af/schemas/ae.gap_report.v1.schema.json:177; Article_Eater_PostQuinean_v1/docs/MVP_CONTRACTS.md:295
resolution_date,extraction_output_field,Article_Eater_PostQuinean_v1,1,4,Article_Eater_PostQuinean_v1/contracts/schemas/social_epistemology.schema.json:301; Article_Eater_PostQuinean_v1/contracts/schemas/social_epistemology.v1.schema.json:301; Article_Eater_PostQuinean_v1/ruthless_bundle_2026-02-08/contracts/schemas/social_epistemology.schema.json:301; Article_Eater_PostQuinean_v1/ruthless_bundle_2026-02-08/contracts/schemas/social_epistemology.v1.schema.json:301
resolution_description,extraction_output_field,Article_Eater_PostQuinean_v1,1,4,Article_Eater_PostQuinean_v1/contracts/schemas/social_epistemology.schema.json:306; Article_Eater_PostQuinean_v1/contracts/schemas/social_epistemology.v1.schema.json:305; Article_Eater_PostQuinean_v1/ruthless_bundle_2026-02-08/contracts/schemas/social_epistemology.schema.json:306; Article_Eater_PostQuinean_v1/ruthless_bundle_2026-02-08/contracts/schemas/social_epistemology.v1.schema.json:305
resolution_factor,enum_value,BN_graphical,1,1,BN_graphical/bn_venv/lib/python3.14/site-packages/scipy/_lib/cobyqa/settings.py:67
resolve_fks,extraction_output_field,BN_graphical,1,4,BN_graphical/backups/broken_venvs/bn_venv_20260213_092600/lib/python3.12/site-packages/sqlalchemy/sql/schema.py:5723; BN_graphical/bn_venv/lib/python3.14/site-packages/sqlalchemy/sql/schema.py:5822; BN_graphical/bn_venv_py311/lib/python3.11/site-packages/sqlalchemy/sql/schema.py:5723; BN_graphical/test_venv_310/lib/python3.10/site-packages/sqlalchemy/sql/schema.py:5723
resolved_pdf_path,extraction_output_field,Article_Eater_PostQuinean_v1,1,3,Article_Eater_PostQuinean_v1/scripts/build_table_gold_pack.py:152; Article_Eater_PostQuinean_v1/scripts/build_table_gold_pack.py:207; Article_Eater_PostQuinean_v1/scripts/build_table_gold_pack.py:221
resource_file.txt,extraction_output_field,BN_graphical,1,3,BN_graphical/backups/broken_venvs/bn_venv_20260213_092600/lib/python3.12/site-packages/setuptools/tests/test_editable_install.py:856; BN_graphical/bn_venv_py311/lib/python3.11/site-packages/setuptools/tests/test_editable_install.py:856; BN_graphical/test_venv_310/lib/python3.10/site-packages/setuptools/tests/test_editable_install.py:857
response_mode,extraction_output_field,Article_Eater_PostQuinean_v1,1,4,Article_Eater_PostQuinean_v1/contracts/ae_af/schemas/ae.query_request.v1.schema.json:29; Article_Eater_PostQuinean_v1/contracts/ae_af/schemas/ae.query_response.v1.schema.json:28; Article_Eater_PostQuinean_v1/docs/MVP_CONTRACTS.md:149; Article_Eater_PostQuinean_v1/docs/MVP_CONTRACTS.md:187
response_rate,extraction_output_field,Outcome_Contractor,1,1,Outcome_Contractor/article_finder/type_specific_extractor.py:159
restorative_patterns,extraction_output_field,Article_Eater_PostQuinean_v1,1,1,Article_Eater_PostQuinean_v1/contracts/vocab/task_taxonomy.json:313
result_data,database_column,Article_Eater_PostQuinean_v1,1,1,Article_Eater_PostQuinean_v1/db/sql/015_complete_schema.sql:169
retrieval_attempted,enum_value,Outcome_Contractor,1,1,Outcome_Contractor/article_finder/prisma/audit_trail.py:34
retrieval_failed,enum_value,Outcome_Contractor,1,1,Outcome_Contractor/article_finder/prisma/audit_trail.py:36
retrieval_succeeded,enum_value,Outcome_Contractor,1,1,Outcome_Contractor/article_finder/prisma/audit_trail.py:35
retry_after,database_column,Article_Eater_PostQuinean_v1,1,1,Article_Eater_PostQuinean_v1/migrations/006_discovery_funnel.sql:142
return_as,extraction_output_field,BN_graphical,1,6,BN_graphical/backups/broken_venvs/bn_venv_20260213_092600/lib/python3.12/site-packages/sklearn/feature_extraction/image.py:146; BN_graphical/backups/broken_venvs/bn_venv_20260213_092600/lib/python3.12/site-packages/sklearn/feature_extraction/image.py:198; BN_graphical/bn_venv_py311/lib/python3.11/site-packages/sklearn/feature_extraction/image.py:146; BN_graphical/bn_venv_py311/lib/python3.11/site-packages/sklearn/feature_extraction/image.py:198
reverse_causation,enum_value,Outcome_Contractor,1,1,Outcome_Contractor/core/argument_taxonomy.py:217
reverse_constraints,extraction_output_field,BN_graphical,1,1,BN_graphical/contracts/bn.epistemology.v1.schema.json:374
review_notes,database_column,Outcome_Contractor,1,1,Outcome_Contractor/core/database.py:118
review_recommended,extraction_output_field,Article_Eater_PostQuinean_v1,1,2,Article_Eater_PostQuinean_v1/ruthless_bundle_2026-02-08/src/services/extraction_to_web.py:251; Article_Eater_PostQuinean_v1/src/services/extraction_to_web.py:264
review_schedule,extraction_output_field,Article_Eater_PostQuinean_v1,1,1,Article_Eater_PostQuinean_v1/contracts/vocab/institution_tiers.json:103
review_synthesis,enum_value,Article_Eater_PostQuinean_v1,1,1,Article_Eater_PostQuinean_v1/src/epistemic/edge_types.py:22
reviewed_by,database_column,Outcome_Contractor,1,1,Outcome_Contractor/core/database.py:116
reviewer_id,extraction_output_field,BN_graphical,1,1,BN_graphical/src/ai_extraction/verification_queue.py:150
reviewer_interpretation,enum_value,Article_Eater_PostQuinean_v1,1,1,Article_Eater_PostQuinean_v1/src/epistemic/contracts/edge_v2.py:19
reviewer_notes,database_column,Article_Finder_v3_2_3,1,1,Article_Finder_v3_2_3/core/database.py:306
revise_belief,enum_value,BN_graphical,1,1,BN_graphical/src/coherence/belief_conflict_handler.py:96
revise_prediction,enum_value,BN_graphical,1,1,BN_graphical/src/coherence/belief_conflict_handler.py:95
revised_beliefs,extraction_output_field,BN_graphical,1,1,BN_graphical/contracts/bn.epistemology.v1.schema.json:143
revision_resistance,extraction_output_field,BN_graphical,1,1,BN_graphical/contracts/bn.epistemology.v1.schema.json:176
revision_suggestions,extraction_output_field,BN_graphical,1,1,BN_graphical/contracts/bn.api.v2.schema.json:305
revision_type,extraction_output_field,BN_graphical,1,1,BN_graphical/contracts/bn.epistemology.v1.schema.json:255
revoked_at,database_column,Tagging_Contractor,1,4,Tagging_Contractor/Archive 2/backend/app/db/database.py:192; Tagging_Contractor/Archive 2/backend/app/db/schema.sql:93; Tagging_Contractor/backend/app/db/database.py:192; Tagging_Contractor/backend/app/db/schema.sql:93
risk_threshold,extraction_output_field,Article_Eater_PostQuinean_v1,1,1,Article_Eater_PostQuinean_v1/contracts/ae_af/schemas/gallery_selection_config.v1.schema.json:102
routine_def,extraction_output_field,BN_graphical,1,20,BN_graphical/backups/broken_venvs/bn_venv_20260213_092600/lib/python3.12/site-packages/numpy/f2py/rules.py:409; BN_graphical/backups/broken_venvs/bn_venv_20260213_092600/lib/python3.12/site-packages/numpy/f2py/rules.py:444; BN_graphical/backups/broken_venvs/bn_venv_20260213_092600/lib/python3.12/site-packages/numpy/f2py/rules.py:488; BN_graphical/backups/broken_venvs/bn_venv_20260213_092600/lib/python3.12/site-packages/numpy/f2py/rules.py:549
routine_defs,extraction_output_field,BN_graphical,1,8,BN_graphical/backups/broken_venvs/bn_venv_20260213_092600/lib/python3.12/site-packages/numpy/f2py/rules.py:262; BN_graphical/backups/broken_venvs/bn_venv_20260213_092600/lib/python3.12/site-packages/numpy/f2py/rules.py:330; BN_graphical/bn_venv/lib/python3.14/site-packages/numpy/f2py/rules.py:322; BN_graphical/bn_venv/lib/python3.14/site-packages/numpy/f2py/rules.py:390
row_0,extraction_output_field,BN_graphical,1,28,BN_graphical/backups/broken_venvs/bn_venv_20260213_092600/lib/python3.12/site-packages/pandas/tests/io/json/test_json_table_schema.py:261; BN_graphical/backups/broken_venvs/bn_venv_20260213_092600/lib/python3.12/site-packages/pandas/tests/io/json/test_json_table_schema.py:262; BN_graphical/backups/broken_venvs/bn_venv_20260213_092600/lib/python3.12/site-packages/pandas/tests/io/json/test_json_table_schema.py:263; BN_graphical/backups/broken_venvs/bn_venv_20260213_092600/lib/python3.12/site-packages/pandas/tests/io/json/test_json_table_schema.py:264
row_count,extraction_output_field,Outcome_Contractor,1,1,Outcome_Contractor/article_finder/bn_table_extractor.py:391
row_data,extraction_output_field,Article_Eater_PostQuinean_v1,1,2,Article_Eater_PostQuinean_v1/src/services/table_to_claims.py:290; Article_Eater_PostQuinean_v1/src/services/table_to_claims.py:346
row_index,extraction_output_field,Article_Eater_PostQuinean_v1,1,1,Article_Eater_PostQuinean_v1/scripts/build_table_gold_pack.py:180
row_sample,extraction_output_field,Article_Finder_v3_2_3,1,2,Article_Finder_v3_2_3/ingest/smart_importer.py:595; Article_Finder_v3_2_3/ingest/smart_importer.py:614
rule_a_id,database_column,Article_Eater_PostQuinean_v1,1,1,Article_Eater_PostQuinean_v1/db/sql/016_rule_interactions.sql:3
rule_b_id,database_column,Article_Eater_PostQuinean_v1,1,1,Article_Eater_PostQuinean_v1/db/sql/016_rule_interactions.sql:4
rule_interaction,extraction_output_field,Article_Eater_PostQuinean_v1,1,1,Article_Eater_PostQuinean_v1/archive/docs/handoffs/_ontology_rule_system_summary_a bit ago.md:533
rule_text,extraction_output_field,Article_Eater_PostQuinean_v1,1,3,Article_Eater_PostQuinean_v1/docs/BN_EXPORT_SCHEMA_v0_1.md:229; Article_Eater_PostQuinean_v1/schemas/rule_graph.schema.json:395; Article_Eater_PostQuinean_v1/src/services/rulegraph_v2_builder.py:114
rulegraph_ui,extraction_output_field,Article_Eater_PostQuinean_v1,1,1,Article_Eater_PostQuinean_v1/contracts/ports.json:17
rules_admin_protected,extraction_output_field,Article_Eater_PostQuinean_v1,1,1,Article_Eater_PostQuinean_v1/apps/user_rules_gui/app.py:38
rules_count,extraction_output_field,Article_Eater_PostQuinean_v1,1,2,Article_Eater_PostQuinean_v1/archive/docs/releases/RELEASE_NOTES_v20_7_8_admin_rulegraph_filters_modal.md:106; Article_Eater_PostQuinean_v1/docs/BN_EXPORT_SCHEMA_v0_1.md:28
rules_processed,extraction_output_field,Article_Eater_PostQuinean_v1,1,2,Article_Eater_PostQuinean_v1/ruthless_bundle_2026-02-08/src/services/extraction_to_web.py:283; Article_Eater_PostQuinean_v1/src/services/extraction_to_web.py:299
rules_success,extraction_output_field,Article_Eater_PostQuinean_v1,1,2,Article_Eater_PostQuinean_v1/ruthless_bundle_2026-02-08/src/services/extraction_to_web.py:284; Article_Eater_PostQuinean_v1/src/services/extraction_to_web.py:300
runner_up,extraction_output_field,Article_Eater_PostQuinean_v1,1,1,Article_Eater_PostQuinean_v1/scripts/run_realtime_table_rule_intake.py:126
sCapHeight,extraction_output_field,BN_graphical,1,3,BN_graphical/backups/broken_venvs/bn_venv_20260213_092600/lib/python3.12/site-packages/fontTools/merge/tables.py:156; BN_graphical/bn_venv_py311/lib/python3.11/site-packages/fontTools/merge/tables.py:156; BN_graphical/test_venv_310/lib/python3.10/site-packages/fontTools/merge/tables.py:156
sTypoAscender,extraction_output_field,BN_graphical,1,3,BN_graphical/backups/broken_venvs/bn_venv_20260213_092600/lib/python3.12/site-packages/fontTools/merge/tables.py:146; BN_graphical/bn_venv_py311/lib/python3.11/site-packages/fontTools/merge/tables.py:146; BN_graphical/test_venv_310/lib/python3.10/site-packages/fontTools/merge/tables.py:146
sTypoDescender,extraction_output_field,BN_graphical,1,3,BN_graphical/backups/broken_venvs/bn_venv_20260213_092600/lib/python3.12/site-packages/fontTools/merge/tables.py:147; BN_graphical/bn_venv_py311/lib/python3.11/site-packages/fontTools/merge/tables.py:147; BN_graphical/test_venv_310/lib/python3.10/site-packages/fontTools/merge/tables.py:147
sTypoLineGap,extraction_output_field,BN_graphical,1,3,BN_graphical/backups/broken_venvs/bn_venv_20260213_092600/lib/python3.12/site-packages/fontTools/merge/tables.py:148; BN_graphical/bn_venv_py311/lib/python3.11/site-packages/fontTools/merge/tables.py:148; BN_graphical/test_venv_310/lib/python3.10/site-packages/fontTools/merge/tables.py:148
sample_age,extraction_output_field,Outcome_Contractor,1,1,Outcome_Contractor/article_finder/seven_panel_extractor.py:1418
sample_description,extraction_output_field,Outcome_Contractor,1,1,Outcome_Contractor/article_finder/seven_panel_extractor.py:1417
sample_gender,extraction_output_field,Outcome_Contractor,1,1,Outcome_Contractor/article_finder/seven_panel_extractor.py:1419
sample_results,extraction_output_field,Outcome_Contractor,1,1,Outcome_Contractor/article_finder/table_extractor.py:266
sample_rows,extraction_output_field,Article_Finder_v3_2_3,1,1,Article_Finder_v3_2_3/ingest/smart_importer.py:319
sample_size_baseline,extraction_output_field,Outcome_Contractor,1,1,Outcome_Contractor/article_finder/type_specific_extractor.py:197
sample_size_final,extraction_output_field,Outcome_Contractor,1,1,Outcome_Contractor/article_finder/type_specific_extractor.py:198
sample_sizes_found,extraction_output_field,Article_Eater_PostQuinean_v1,1,1,Article_Eater_PostQuinean_v1/src/epistemic/extraction/source_quality_metadata.py:192
sampling_method,extraction_output_field,Outcome_Contractor,1,1,Outcome_Contractor/article_finder/type_specific_extractor.py:158
sampling_strategy,extraction_output_field,Outcome_Contractor,1,1,Outcome_Contractor/article_finder/type_specific_extractor.py:239
sbitLineMetrics,extraction_output_field,BN_graphical,1,3,BN_graphical/backups/broken_venvs/bn_venv_20260213_092600/lib/python3.12/site-packages/fontTools/ttLib/tables/E_B_L_C_.py:332; BN_graphical/bn_venv_py311/lib/python3.11/site-packages/fontTools/ttLib/tables/E_B_L_C_.py:332; BN_graphical/test_venv_310/lib/python3.10/site-packages/fontTools/ttLib/tables/E_B_L_C_.py:332
science.organized_complexity,extraction_output_field,Article_Eater_PostQuinean_v1,1,2,Article_Eater_PostQuinean_v1/contracts/vocab/environment_lookup.json:1408; Article_Eater_PostQuinean_v1/contracts/vocab/environment_lookup.json:4151
science.organized_complexity_bin,extraction_output_field,Article_Eater_PostQuinean_v1,1,2,Article_Eater_PostQuinean_v1/contracts/vocab/environment_lookup.json:1410; Article_Eater_PostQuinean_v1/contracts/vocab/environment_lookup.json:4158
science.visual_richness,extraction_output_field,Article_Eater_PostQuinean_v1,1,2,Article_Eater_PostQuinean_v1/contracts/vocab/environment_lookup.json:1412; Article_Eater_PostQuinean_v1/contracts/vocab/environment_lookup.json:4165
science.visual_richness_bin,extraction_output_field,Article_Eater_PostQuinean_v1,1,2,Article_Eater_PostQuinean_v1/contracts/vocab/environment_lookup.json:1414; Article_Eater_PostQuinean_v1/contracts/vocab/environment_lookup.json:4172
scipy.linalg,extraction_output_field,BN_graphical,1,1,BN_graphical/bn_venv/lib/python3.14/site-packages/scipy/_lib/_array_api_docs_tables.py:21
scipy.ndimage,extraction_output_field,BN_graphical,1,1,BN_graphical/bn_venv/lib/python3.14/site-packages/scipy/_lib/_array_api_docs_tables.py:25
scipy.special,extraction_output_field,BN_graphical,1,1,BN_graphical/bn_venv/lib/python3.14/site-packages/scipy/_lib/_array_api_docs_tables.py:29
scope_assessment,enum_value,Article_Eater_PostQuinean_v1,1,1,Article_Eater_PostQuinean_v1/src/services/export_checklists.py:31
scope_boundaries,extraction_output_field,BN_graphical,1,1,BN_graphical/src/mechanisms/mechanism_schema.py:404
scope_boundary,enum_value,Article_Eater_PostQuinean_v1,1,2,Article_Eater_PostQuinean_v1/ruthless_bundle_2026-02-08/src/services/web_persistence.py:98; Article_Eater_PostQuinean_v1/src/services/web_persistence.py:98
scope_conditions,extraction_output_field,Article_Eater_PostQuinean_v1,1,3,Article_Eater_PostQuinean_v1/contracts/ae_af/schemas/ae.query_response.v1.schema.json:164; Article_Eater_PostQuinean_v1/docs/MVP_CONTRACTS.md:203; Article_Eater_PostQuinean_v1/src/epistemic/contracts/claim_v2.py:130
scope_description,database_column,Article_Eater_PostQuinean_v1,1,1,Article_Eater_PostQuinean_v1/db/sql/017_theories.sql:46
scope_error,enum_value,Article_Eater_PostQuinean_v1,1,1,Article_Eater_PostQuinean_v1/src/services/credibility_feedback.py:50
scope_extension,enum_value,Article_Eater_PostQuinean_v1,1,1,Article_Eater_PostQuinean_v1/src/theories/learning_agent.py:27
scope_limit,enum_value,Outcome_Contractor,1,1,Outcome_Contractor/core/argument_taxonomy.py:240
scope_limitation,enum_value,Article_Eater_PostQuinean_v1,1,1,Article_Eater_PostQuinean_v1/src/services/evidence_summarizer.py:44
scope_report,enum_value,Article_Eater_PostQuinean_v1,1,1,Article_Eater_PostQuinean_v1/src/services/query_response.py:46
scope_specified,extraction_output_field,Article_Eater_PostQuinean_v1,1,3,Article_Eater_PostQuinean_v1/tests/test_ingestion_routes.py:187; Article_Eater_PostQuinean_v1/tests/test_ingestion_routes.py:469; Article_Eater_PostQuinean_v1/tests/test_ingestion_routes.py:536
scope_violations,extraction_output_field,BN_graphical,1,2,BN_graphical/contracts/bn.api.v2.schema.json:192; BN_graphical/contracts/bn.prediction.v1.schema.json:58
score_function,extraction_output_field,Article_Eater_PostQuinean_v1,1,1,Article_Eater_PostQuinean_v1/contracts/vocab/institution_tiers.json:98
screening_decision,enum_value,Outcome_Contractor,1,1,Outcome_Contractor/article_finder/prisma/audit_trail.py:31
screening_process,extraction_output_field,Outcome_Contractor,1,1,Outcome_Contractor/article_finder/type_specific_extractor.py:572
script_name,extraction_output_field,BN_graphical,1,6,BN_graphical/backups/broken_venvs/bn_venv_20260213_092600/lib/python3.12/site-packages/setuptools/tests/test_editable_install.py:549; BN_graphical/backups/broken_venvs/bn_venv_20260213_092600/lib/python3.12/site-packages/setuptools/tests/test_editable_install.py:976; BN_graphical/bn_venv_py311/lib/python3.11/site-packages/setuptools/tests/test_editable_install.py:549; BN_graphical/bn_venv_py311/lib/python3.11/site-packages/setuptools/tests/test_editable_install.py:976
search_domain,extraction_output_field,Article_Eater_PostQuinean_v1,1,2,Article_Eater_PostQuinean_v1/contracts/ae_af/schemas/ae.gap_report.v1.schema.json:229; Article_Eater_PostQuinean_v1/docs/MVP_CONTRACTS.md:308
search_executed,enum_value,Outcome_Contractor,1,1,Outcome_Contractor/article_finder/prisma/audit_trail.py:20
search_failed,enum_value,Outcome_Contractor,1,1,Outcome_Contractor/article_finder/prisma/audit_trail.py:21
search_id,database_column;extraction_output_field,Article_Eater_PostQuinean_v1,1,4,Article_Eater_PostQuinean_v1/contracts/ae_af/schemas/ae.gap_report.v1.schema.json:209; Article_Eater_PostQuinean_v1/docs/MVP_CONTRACTS.md:304; Article_Eater_PostQuinean_v1/migrations/006_discovery_funnel.sql:123; Article_Eater_PostQuinean_v1/migrations/006_discovery_funnel.sql:72
search_query,extraction_output_field,Outcome_Contractor,1,1,Outcome_Contractor/contracts/search_retrieve_minimodule_contract.md:381
search_strategy,extraction_output_field,Outcome_Contractor,1,1,Outcome_Contractor/article_finder/type_specific_extractor.py:566
search_type,database_column,Article_Eater_PostQuinean_v1,1,1,Article_Eater_PostQuinean_v1/migrations/006_discovery_funnel.sql:78
searched_and_found,enum_value,Outcome_Contractor,1,1,Outcome_Contractor/contracts/article_finder_contracts.py:23
searched_complete,enum_value,Outcome_Contractor,1,1,Outcome_Contractor/article_finder/search_retrieve/target_parser.py:32
searched_needs_more,enum_value,Outcome_Contractor,1,1,Outcome_Contractor/article_finder/search_retrieve/target_parser.py:31
searched_not_found,enum_value,Outcome_Contractor,1,1,Outcome_Contractor/contracts/article_finder_contracts.py:24
searched_partial,enum_value,Outcome_Contractor,1,1,Outcome_Contractor/article_finder/search_retrieve/target_parser.py:30
section_headings,extraction_output_field,Article_Eater_PostQuinean_v1,1,1,Article_Eater_PostQuinean_v1/src/epistemic/extraction/paper_classifier.py:684
seek_equilibrium,extraction_output_field,Article_Eater_PostQuinean_v1,1,2,Article_Eater_PostQuinean_v1/app/cli/article_eater_contract_cli.py:177; Article_Eater_PostQuinean_v1/contracts/ae_af/schemas/ae.web_state.v1.schema.json:196
seek_evidence,enum_value,BN_graphical,1,1,BN_graphical/src/coherence/belief_conflict_handler.py:97
selection_bias,enum_value;extraction_output_field,Outcome_Contractor,1,2,Outcome_Contractor/article_finder/type_specific_extractor.py:133; Outcome_Contractor/core/argument_taxonomy.py:213
selection_criteria,extraction_output_field,Outcome_Contractor,1,1,Outcome_Contractor/article_finder/type_specific_extractor.py:275
selection_entry,extraction_output_field,Article_Eater_PostQuinean_v1,1,1,Article_Eater_PostQuinean_v1/contracts/ae_af/schemas/selection_log.v1.schema.json:137
selection_method,extraction_output_field,Article_Eater_PostQuinean_v1,1,3,Article_Eater_PostQuinean_v1/contracts/ae_af/schemas/claim_gallery.v1.schema.json:133; Article_Eater_PostQuinean_v1/contracts/schemas/experiential_claim.v1.schema.json:74; Article_Eater_PostQuinean_v1/src/services/claim_gallery_builder.py:443
selection_reason,extraction_output_field,Article_Eater_PostQuinean_v1,1,4,Article_Eater_PostQuinean_v1/contracts/ae_af/schemas/claim_gallery.v1.schema.json:178; Article_Eater_PostQuinean_v1/contracts/ae_af/schemas/image_feedback.v1.schema.json:121; Article_Eater_PostQuinean_v1/scripts/build_table_extraction_queue.py:357; Article_Eater_PostQuinean_v1/src/services/claim_gallery_builder.py:250
selective_coding,extraction_output_field,Outcome_Contractor,1,1,Outcome_Contractor/article_finder/type_specific_extractor.py:361
self_construal_profile,extraction_output_field,Article_Eater_PostQuinean_v1,1,2,Article_Eater_PostQuinean_v1/schemas/panel_subjects.schema.json:102; Article_Eater_PostQuinean_v1/schemas/rule_graph.schema.json:152
self_paced,extraction_output_field,Article_Eater_PostQuinean_v1,1,1,Article_Eater_PostQuinean_v1/contracts/vocab/task_taxonomy.json:94
self_report,enum_value,Article_Eater_PostQuinean_v1,1,2,Article_Eater_PostQuinean_v1/src/methods/registry.py:28; Article_Eater_PostQuinean_v1/src/services/outcome_taxonomy.py:87
semantic_match,enum_value,BN_graphical,1,1,BN_graphical/src/bn_integration/claim_mapper.py:35
semantic_regions,extraction_output_field,Tagging_Contractor,1,1,Tagging_Contractor/contracts/localized_image_tags.schema.json:13
sentinel_default,enum_value,BN_graphical,1,4,BN_graphical/backups/broken_venvs/bn_venv_20260213_092600/lib/python3.12/site-packages/sqlalchemy/sql/base.py:1337; BN_graphical/bn_venv/lib/python3.14/site-packages/sqlalchemy/sql/base.py:1372; BN_graphical/bn_venv_py311/lib/python3.11/site-packages/sqlalchemy/sql/base.py:1337; BN_graphical/test_venv_310/lib/python3.10/site-packages/sqlalchemy/sql/base.py:1337
serialization_alias,extraction_output_field,BN_graphical,1,3,BN_graphical/backups/broken_venvs/bn_venv_20260213_092600/lib/python3.12/site-packages/pydantic/_internal/_generate_schema.py:2142; BN_graphical/bn_venv_py311/lib/python3.11/site-packages/pydantic/_internal/_generate_schema.py:2142; BN_graphical/test_venv_310/lib/python3.10/site-packages/pydantic/_internal/_generate_schema.py:2142
serialization_exclude,extraction_output_field,BN_graphical,1,3,BN_graphical/backups/broken_venvs/bn_venv_20260213_092600/lib/python3.12/site-packages/pydantic/_internal/_generate_schema.py:2143; BN_graphical/bn_venv_py311/lib/python3.11/site-packages/pydantic/_internal/_generate_schema.py:2143; BN_graphical/test_venv_310/lib/python3.10/site-packages/pydantic/_internal/_generate_schema.py:2143
series_table,extraction_output_field,BN_graphical,1,4,BN_graphical/backups/broken_venvs/bn_venv_20260213_092600/lib/python3.12/site-packages/pandas/io/pytables.py:1782; BN_graphical/bn_venv/lib/python3.14/site-packages/pandas/io/pytables.py:1881; BN_graphical/bn_venv_py311/lib/python3.11/site-packages/pandas/io/pytables.py:1782; BN_graphical/test_venv_310/lib/python3.10/site-packages/pandas/io/pytables.py:1782
session_id,extraction_output_field,Article_Eater_PostQuinean_v1,1,2,Article_Eater_PostQuinean_v1/contracts/ae_af/schemas/ae.query_request.v1.schema.json:128; Article_Eater_PostQuinean_v1/contracts/ae_af/schemas/image_feedback.v1.schema.json:33
setting.classroom,extraction_output_field,Outcome_Contractor,1,1,Outcome_Contractor/article_finder/ae_claim_extractor.py:248
setting.field,extraction_output_field,Outcome_Contractor,1,1,Outcome_Contractor/article_finder/ae_claim_extractor.py:246
setting.hospital,extraction_output_field,Outcome_Contractor,1,1,Outcome_Contractor/article_finder/ae_claim_extractor.py:249
setting.lab,extraction_output_field,Outcome_Contractor,1,1,Outcome_Contractor/article_finder/ae_claim_extractor.py:245
setting.office,extraction_output_field,Outcome_Contractor,1,1,Outcome_Contractor/article_finder/ae_claim_extractor.py:247
setting.residential,extraction_output_field,Outcome_Contractor,1,1,Outcome_Contractor/article_finder/ae_claim_extractor.py:251
setting.vr,extraction_output_field,Outcome_Contractor,1,1,Outcome_Contractor/article_finder/ae_claim_extractor.py:250
setting_category,extraction_output_field,Article_Eater_PostQuinean_v1,1,2,Article_Eater_PostQuinean_v1/ruthless_bundle_2026-02-08/src/services/scope_extractor.py:260; Article_Eater_PostQuinean_v1/src/services/scope_extractor.py:260
setting_synthesis,extraction_output_field,Outcome_Contractor,1,1,Outcome_Contractor/article_finder/exemplary_extraction_tables.md:2606
settings_included,extraction_output_field,Outcome_Contractor,1,1,Outcome_Contractor/article_finder/exemplary_extraction_tables.md:2607
setup.cfg,extraction_output_field,BN_graphical,1,1,BN_graphical/test_venv_310/lib/python3.10/site-packages/setuptools/tests/test_editable_install.py:1089
setup.py,extraction_output_field,BN_graphical,1,7,BN_graphical/backups/broken_venvs/bn_venv_20260213_092600/lib/python3.12/site-packages/setuptools/tests/test_editable_install.py:1103; BN_graphical/backups/broken_venvs/bn_venv_20260213_092600/lib/python3.12/site-packages/setuptools/tests/test_editable_install.py:127; BN_graphical/bn_venv_py311/lib/python3.11/site-packages/setuptools/tests/test_editable_install.py:1103; BN_graphical/bn_venv_py311/lib/python3.11/site-packages/setuptools/tests/test_editable_install.py:127
severity_ratio,extraction_output_field,BN_graphical,1,1,BN_graphical/src/mechanisms/mechanism_schema.py:315
sex_gender_distribution,extraction_output_field,Article_Eater_PostQuinean_v1,1,2,Article_Eater_PostQuinean_v1/schemas/panel_subjects.schema.json:177; Article_Eater_PostQuinean_v1/schemas/rule_graph.schema.json:227
shared_evidence,enum_value,Article_Eater_PostQuinean_v1,1,2,Article_Eater_PostQuinean_v1/ruthless_bundle_2026-02-08/src/services/web_of_belief.py:119; Article_Eater_PostQuinean_v1/src/services/web_of_belief.py:119
short_delay,extraction_output_field,Article_Eater_PostQuinean_v1,1,2,Article_Eater_PostQuinean_v1/ruthless_bundle_2026-02-08/src/services/scope_extractor.py:204; Article_Eater_PostQuinean_v1/src/services/scope_extractor.py:204
short_step_threshold,enum_value,BN_graphical,1,1,BN_graphical/bn_venv/lib/python3.14/site-packages/scipy/_lib/cobyqa/settings.py:61
short_term,enum_value,Article_Eater_PostQuinean_v1,1,2,Article_Eater_PostQuinean_v1/ruthless_bundle_2026-02-08/src/services/scope_extractor.py:88; Article_Eater_PostQuinean_v1/src/services/scope_extractor.py:88
should_exclude,enum_value,Article_Eater_PostQuinean_v1,1,1,Article_Eater_PostQuinean_v1/src/theories/learning_agent.py:26
should_include,enum_value,Article_Eater_PostQuinean_v1,1,1,Article_Eater_PostQuinean_v1/src/theories/learning_agent.py:25
should_stop,extraction_output_field,Article_Eater_PostQuinean_v1,1,1,Article_Eater_PostQuinean_v1/src/services/stopping_rules.py:63
significant_moderators,extraction_output_field,Outcome_Contractor,1,2,Outcome_Contractor/article_finder/seven_panel_extractor.py:1473; Outcome_Contractor/article_finder/type_specific_extractor.py:534
similar_claims,enum_value,Article_Finder_v3_2_3,1,1,Article_Finder_v3_2_3/knowledge/query_engine.py:32
similarity_metric,extraction_output_field,Article_Eater_PostQuinean_v1,1,1,Article_Eater_PostQuinean_v1/contracts/ae_af/schemas/gallery_selection_config.v1.schema.json:119
simulated_ecological,enum_value,Article_Eater_PostQuinean_v1,1,1,Article_Eater_PostQuinean_v1/src/methods/task_ecology.py:36
single_lab_support,enum_value,Article_Eater_PostQuinean_v1,1,1,Article_Eater_PostQuinean_v1/src/epistemic/monitors/theory_monitor.py:41
single_source,enum_value,Article_Eater_PostQuinean_v1,1,1,Article_Eater_PostQuinean_v1/src/epistemic/monitors/bias_detection.py:29
sizeTableOffset,extraction_output_field,BN_graphical,1,3,BN_graphical/backups/broken_venvs/bn_venv_20260213_092600/lib/python3.12/site-packages/fontTools/ttLib/tables/_t_r_a_k.py:144; BN_graphical/bn_venv_py311/lib/python3.11/site-packages/fontTools/ttLib/tables/_t_r_a_k.py:144; BN_graphical/test_venv_310/lib/python3.10/site-packages/fontTools/ttLib/tables/_t_r_a_k.py:144
size_exceeded,enum_value,Article_Eater_PostQuinean_v1,1,1,Article_Eater_PostQuinean_v1/src/services/discovery_funnel.py:78
skill_level,extraction_output_field,Article_Eater_PostQuinean_v1,1,1,Article_Eater_PostQuinean_v1/contracts/vocab/task_taxonomy.json:62
skipped_bn_metadata,extraction_output_field,Article_Eater_PostQuinean_v1,1,1,Article_Eater_PostQuinean_v1/src/epistemic/extraction/rule_to_claim_mapper.py:300
skipped_missing_file,extraction_output_field,Article_Finder_v3_2_3,1,1,Article_Finder_v3_2_3/ingest/prepare_for_ae.py:93
skipped_no_pdf,extraction_output_field,Article_Finder_v3_2_3,1,1,Article_Finder_v3_2_3/ingest/prepare_for_ae.py:92
slot_log,extraction_output_field,Article_Eater_PostQuinean_v1,1,1,Article_Eater_PostQuinean_v1/contracts/ae_af/schemas/selection_log.v1.schema.json:108
slot_role,extraction_output_field,Article_Eater_PostQuinean_v1,1,2,Article_Eater_PostQuinean_v1/contracts/ae_af/schemas/image_feedback.v1.schema.json:107; Article_Eater_PostQuinean_v1/contracts/ae_af/schemas/image_feedback.v1.schema.json:44
slot_target,extraction_output_field,Article_Eater_PostQuinean_v1,1,1,Article_Eater_PostQuinean_v1/contracts/ae_af/schemas/gallery_selection_config.v1.schema.json:165
slot_targets,extraction_output_field,Article_Eater_PostQuinean_v1,1,1,Article_Eater_PostQuinean_v1/contracts/ae_af/schemas/gallery_selection_config.v1.schema.json:32
slots_coverage,extraction_output_field,Article_Eater_PostQuinean_v1,1,2,Article_Eater_PostQuinean_v1/contracts/ae_af/schemas/selection_log.v1.schema.json:75; Article_Eater_PostQuinean_v1/src/services/claim_gallery_builder.py:1065
small_group,extraction_output_field,Article_Eater_PostQuinean_v1,1,1,Article_Eater_PostQuinean_v1/contracts/vocab/task_taxonomy.json:52
smell.concentration_dfa_exponent,extraction_output_field,Article_Eater_PostQuinean_v1,1,2,Article_Eater_PostQuinean_v1/contracts/vocab/environment_lookup.json:1416; Article_Eater_PostQuinean_v1/contracts/vocab/environment_lookup.json:4179
smell.intensity_rating,extraction_output_field,Article_Eater_PostQuinean_v1,1,2,Article_Eater_PostQuinean_v1/contracts/vocab/environment_lookup.json:1418; Article_Eater_PostQuinean_v1/contracts/vocab/environment_lookup.json:4186
smell.pleasantness_rating,extraction_output_field,Article_Eater_PostQuinean_v1,1,2,Article_Eater_PostQuinean_v1/contracts/vocab/environment_lookup.json:1420; Article_Eater_PostQuinean_v1/contracts/vocab/environment_lookup.json:4193
smooth_idf,extraction_output_field,BN_graphical,1,6,BN_graphical/backups/broken_venvs/bn_venv_20260213_092600/lib/python3.12/site-packages/sklearn/feature_extraction/text.py:1634; BN_graphical/backups/broken_venvs/bn_venv_20260213_092600/lib/python3.12/site-packages/sklearn/feature_extraction/text.py:1980; BN_graphical/bn_venv_py311/lib/python3.11/site-packages/sklearn/feature_extraction/text.py:1634; BN_graphical/bn_venv_py311/lib/python3.11/site-packages/sklearn/feature_extraction/text.py:1980
snapshot_hash,extraction_output_field,Article_Eater_PostQuinean_v1,1,3,Article_Eater_PostQuinean_v1/contracts/ae_af/schemas/claim_gallery.v1.schema.json:136; Article_Eater_PostQuinean_v1/contracts/ae_af/schemas/selection_log.v1.schema.json:25; Article_Eater_PostQuinean_v1/src/services/claim_gallery_builder.py:685
snapshot_id,database_column;extraction_output_field,Article_Eater_PostQuinean_v1,1,3,Article_Eater_PostQuinean_v1/contracts/ae_af/schemas/selection_log.v1.schema.json:24; Article_Eater_PostQuinean_v1/migrations/005_add_entrenchment_tracker.sql:21; Article_Eater_PostQuinean_v1/src/services/claim_gallery_builder.py:684
social.collaboration.collective_intelligence,extraction_output_field,Outcome_Contractor,1,2,Outcome_Contractor/contracts/oc_export/ae_outcome_lookup.json:5687; Outcome_Contractor/contracts/oc_export/constitutive_bridges.json:23505
social.collaboration.communication,extraction_output_field,Outcome_Contractor,1,2,Outcome_Contractor/contracts/oc_export/ae_outcome_lookup.json:5692; Outcome_Contractor/contracts/oc_export/constitutive_bridges.json:23513
social.collaboration.communication.clarity,extraction_output_field,Outcome_Contractor,1,2,Outcome_Contractor/contracts/oc_export/ae_outcome_lookup.json:5697; Outcome_Contractor/contracts/oc_export/constitutive_bridges.json:23521
social.collaboration.communication.frequency,extraction_output_field,Outcome_Contractor,1,2,Outcome_Contractor/contracts/oc_export/ae_outcome_lookup.json:5702; Outcome_Contractor/contracts/oc_export/constitutive_bridges.json:23530
social.collaboration.communication.openness,extraction_output_field,Outcome_Contractor,1,2,Outcome_Contractor/contracts/oc_export/ae_outcome_lookup.json:5707; Outcome_Contractor/contracts/oc_export/constitutive_bridges.json:23539
social.collaboration.creative_collaboration,extraction_output_field,Outcome_Contractor,1,2,Outcome_Contractor/contracts/oc_export/ae_outcome_lookup.json:5712; Outcome_Contractor/contracts/oc_export/constitutive_bridges.json:23548
social.collaboration.knowledge_sharing,extraction_output_field,Outcome_Contractor,1,2,Outcome_Contractor/contracts/oc_export/ae_outcome_lookup.json:5717; Outcome_Contractor/contracts/oc_export/constitutive_bridges.json:23556
social.collaboration.knowledge_sharing.explicit,extraction_output_field,Outcome_Contractor,1,2,Outcome_Contractor/contracts/oc_export/ae_outcome_lookup.json:5722; Outcome_Contractor/contracts/oc_export/constitutive_bridges.json:23564
social.collaboration.knowledge_sharing.tacit,extraction_output_field,Outcome_Contractor,1,2,Outcome_Contractor/contracts/oc_export/ae_outcome_lookup.json:5727; Outcome_Contractor/contracts/oc_export/constitutive_bridges.json:23573
social.collaboration.teamwork,extraction_output_field,Outcome_Contractor,1,2,Outcome_Contractor/contracts/oc_export/ae_outcome_lookup.json:5732; Outcome_Contractor/contracts/oc_export/constitutive_bridges.json:23582
social.collaboration.teamwork.cohesion,extraction_output_field,Outcome_Contractor,1,2,Outcome_Contractor/contracts/oc_export/ae_outcome_lookup.json:5737; Outcome_Contractor/contracts/oc_export/constitutive_bridges.json:23590
social.collaboration.teamwork.cooperation,extraction_output_field,Outcome_Contractor,1,2,Outcome_Contractor/contracts/oc_export/ae_outcome_lookup.json:5742; Outcome_Contractor/contracts/oc_export/constitutive_bridges.json:23599
social.collaboration.teamwork.coordination,extraction_output_field,Outcome_Contractor,1,2,Outcome_Contractor/contracts/oc_export/ae_outcome_lookup.json:5747; Outcome_Contractor/contracts/oc_export/constitutive_bridges.json:23608
social.communication,extraction_output_field,Outcome_Contractor,1,2,Outcome_Contractor/contracts/oc_export/ae_outcome_lookup.json:5752; Outcome_Contractor/contracts/oc_export/constitutive_bridges.json:23617
social.community,extraction_output_field,Outcome_Contractor,1,2,Outcome_Contractor/contracts/oc_export/ae_outcome_lookup.json:5757; Outcome_Contractor/contracts/oc_export/constitutive_bridges.json:23624
social.community.collective_efficacy,extraction_output_field,Outcome_Contractor,1,2,Outcome_Contractor/contracts/oc_export/ae_outcome_lookup.json:5762; Outcome_Contractor/contracts/oc_export/constitutive_bridges.json:23631
social.community.neighboring,extraction_output_field,Outcome_Contractor,1,2,Outcome_Contractor/contracts/oc_export/ae_outcome_lookup.json:5767; Outcome_Contractor/contracts/oc_export/constitutive_bridges.json:23639
social.community.neighboring.greeting,extraction_output_field,Outcome_Contractor,1,2,Outcome_Contractor/contracts/oc_export/ae_outcome_lookup.json:5772; Outcome_Contractor/contracts/oc_export/constitutive_bridges.json:23647
social.community.neighboring.recognition,extraction_output_field,Outcome_Contractor,1,2,Outcome_Contractor/contracts/oc_export/ae_outcome_lookup.json:5777; Outcome_Contractor/contracts/oc_export/constitutive_bridges.json:23656
social.community.neighboring.support,extraction_output_field,Outcome_Contractor,1,2,Outcome_Contractor/contracts/oc_export/ae_outcome_lookup.json:5782; Outcome_Contractor/contracts/oc_export/constitutive_bridges.json:23665
social.community.sense_of_community,extraction_output_field,Outcome_Contractor,1,2,Outcome_Contractor/contracts/oc_export/ae_outcome_lookup.json:5787; Outcome_Contractor/contracts/oc_export/constitutive_bridges.json:23674
social.community.sense_of_community.connection,extraction_output_field,Outcome_Contractor,1,2,Outcome_Contractor/contracts/oc_export/ae_outcome_lookup.json:5792; Outcome_Contractor/contracts/oc_export/constitutive_bridges.json:23682
social.community.sense_of_community.influence,extraction_output_field,Outcome_Contractor,1,2,Outcome_Contractor/contracts/oc_export/ae_outcome_lookup.json:5797; Outcome_Contractor/contracts/oc_export/constitutive_bridges.json:23691
social.community.sense_of_community.integration,extraction_output_field,Outcome_Contractor,1,2,Outcome_Contractor/contracts/oc_export/ae_outcome_lookup.json:5802; Outcome_Contractor/contracts/oc_export/constitutive_bridges.json:23700
social.community.sense_of_community.membership,extraction_output_field,Outcome_Contractor,1,2,Outcome_Contractor/contracts/oc_export/ae_outcome_lookup.json:5807; Outcome_Contractor/contracts/oc_export/constitutive_bridges.json:23709
social.community.social_capital,extraction_output_field,Outcome_Contractor,1,2,Outcome_Contractor/contracts/oc_export/ae_outcome_lookup.json:5812; Outcome_Contractor/contracts/oc_export/constitutive_bridges.json:23718
social.community.social_capital.bonding,extraction_output_field,Outcome_Contractor,1,2,Outcome_Contractor/contracts/oc_export/ae_outcome_lookup.json:5817; Outcome_Contractor/contracts/oc_export/constitutive_bridges.json:23726
social.community.social_capital.bridging,extraction_output_field,Outcome_Contractor,1,2,Outcome_Contractor/contracts/oc_export/ae_outcome_lookup.json:5822; Outcome_Contractor/contracts/oc_export/constitutive_bridges.json:23735
social.community.social_cohesion,extraction_output_field,Outcome_Contractor,1,2,Outcome_Contractor/contracts/oc_export/ae_outcome_lookup.json:5827; Outcome_Contractor/contracts/oc_export/constitutive_bridges.json:23744
social.conflict,extraction_output_field,Outcome_Contractor,1,2,Outcome_Contractor/contracts/oc_export/ae_outcome_lookup.json:5832; Outcome_Contractor/contracts/oc_export/constitutive_bridges.json:23752
social.conflict.interpersonal,extraction_output_field,Outcome_Contractor,1,2,Outcome_Contractor/contracts/oc_export/ae_outcome_lookup.json:5837; Outcome_Contractor/contracts/oc_export/constitutive_bridges.json:23759
social.conflict.resolution,extraction_output_field,Outcome_Contractor,1,2,Outcome_Contractor/contracts/oc_export/ae_outcome_lookup.json:5842; Outcome_Contractor/contracts/oc_export/constitutive_bridges.json:23767
social.conflict.resource,extraction_output_field,Outcome_Contractor,1,2,Outcome_Contractor/contracts/oc_export/ae_outcome_lookup.json:5847; Outcome_Contractor/contracts/oc_export/constitutive_bridges.json:23775
social.conflict.territorial,extraction_output_field,Outcome_Contractor,1,2,Outcome_Contractor/contracts/oc_export/ae_outcome_lookup.json:5852; Outcome_Contractor/contracts/oc_export/constitutive_bridges.json:23783
social.conformity,extraction_output_field,Outcome_Contractor,1,2,Outcome_Contractor/contracts/oc_export/ae_outcome_lookup.json:5857; Outcome_Contractor/contracts/oc_export/constitutive_bridges.json:23791
social.conformity.informational,extraction_output_field,Outcome_Contractor,1,2,Outcome_Contractor/contracts/oc_export/ae_outcome_lookup.json:5862; Outcome_Contractor/contracts/oc_export/constitutive_bridges.json:23798
social.conformity.normative,extraction_output_field,Outcome_Contractor,1,2,Outcome_Contractor/contracts/oc_export/ae_outcome_lookup.json:5867; Outcome_Contractor/contracts/oc_export/constitutive_bridges.json:23806
social.conformity.peer_influence,extraction_output_field,Outcome_Contractor,1,2,Outcome_Contractor/contracts/oc_export/ae_outcome_lookup.json:5872; Outcome_Contractor/contracts/oc_export/constitutive_bridges.json:23814
social.crowding,extraction_output_field,Outcome_Contractor,1,2,Outcome_Contractor/contracts/oc_export/ae_outcome_lookup.json:5877; Outcome_Contractor/contracts/oc_export/constitutive_bridges.json:23822
social.crowding.behavioral_constraint,extraction_output_field,Outcome_Contractor,1,2,Outcome_Contractor/contracts/oc_export/ae_outcome_lookup.json:5882; Outcome_Contractor/contracts/oc_export/constitutive_bridges.json:23829
social.crowding.coping,extraction_output_field,Outcome_Contractor,1,2,Outcome_Contractor/contracts/oc_export/ae_outcome_lookup.json:5887; Outcome_Contractor/contracts/oc_export/constitutive_bridges.json:23837
social.crowding.perceived_density,extraction_output_field,Outcome_Contractor,1,2,Outcome_Contractor/contracts/oc_export/ae_outcome_lookup.json:5892; Outcome_Contractor/contracts/oc_export/constitutive_bridges.json:23845
social.crowding.perceived_density.social,extraction_output_field,Outcome_Contractor,1,2,Outcome_Contractor/contracts/oc_export/ae_outcome_lookup.json:5897; Outcome_Contractor/contracts/oc_export/constitutive_bridges.json:23853
social.crowding.perceived_density.spatial,extraction_output_field,Outcome_Contractor,1,2,Outcome_Contractor/contracts/oc_export/ae_outcome_lookup.json:5902; Outcome_Contractor/contracts/oc_export/constitutive_bridges.json:23862
social.crowding.stress,extraction_output_field,Outcome_Contractor,1,2,Outcome_Contractor/contracts/oc_export/ae_outcome_lookup.json:5907; Outcome_Contractor/contracts/oc_export/constitutive_bridges.json:23871
social.interaction.duration,extraction_output_field,Outcome_Contractor,1,2,Outcome_Contractor/contracts/oc_export/ae_outcome_lookup.json:5917; Outcome_Contractor/contracts/oc_export/constitutive_bridges.json:23886
social.interaction.duration.brief,extraction_output_field,Outcome_Contractor,1,2,Outcome_Contractor/contracts/oc_export/ae_outcome_lookup.json:5922; Outcome_Contractor/contracts/oc_export/constitutive_bridges.json:23894
social.interaction.duration.extended,extraction_output_field,Outcome_Contractor,1,2,Outcome_Contractor/contracts/oc_export/ae_outcome_lookup.json:5927; Outcome_Contractor/contracts/oc_export/constitutive_bridges.json:23903
social.interaction.duration.sustained,extraction_output_field,Outcome_Contractor,1,2,Outcome_Contractor/contracts/oc_export/ae_outcome_lookup.json:5932; Outcome_Contractor/contracts/oc_export/constitutive_bridges.json:23912
social.interaction.formality,extraction_output_field,Outcome_Contractor,1,2,Outcome_Contractor/contracts/oc_export/ae_outcome_lookup.json:5937; Outcome_Contractor/contracts/oc_export/constitutive_bridges.json:23921
social.interaction.formality.formal,extraction_output_field,Outcome_Contractor,1,2,Outcome_Contractor/contracts/oc_export/ae_outcome_lookup.json:5942; Outcome_Contractor/contracts/oc_export/constitutive_bridges.json:23929
social.interaction.formality.informal,extraction_output_field,Outcome_Contractor,1,2,Outcome_Contractor/contracts/oc_export/ae_outcome_lookup.json:5947; Outcome_Contractor/contracts/oc_export/constitutive_bridges.json:23938
social.interaction.formality.semiformal,extraction_output_field,Outcome_Contractor,1,2,Outcome_Contractor/contracts/oc_export/ae_outcome_lookup.json:5952; Outcome_Contractor/contracts/oc_export/constitutive_bridges.json:23947
social.interaction.initiation,extraction_output_field,Outcome_Contractor,1,2,Outcome_Contractor/contracts/oc_export/ae_outcome_lookup.json:5957; Outcome_Contractor/contracts/oc_export/constitutive_bridges.json:23956
social.interaction.initiation.chance_encounter,extraction_output_field,Outcome_Contractor,1,2,Outcome_Contractor/contracts/oc_export/ae_outcome_lookup.json:5962; Outcome_Contractor/contracts/oc_export/constitutive_bridges.json:23964
social.interaction.initiation.planned,extraction_output_field,Outcome_Contractor,1,2,Outcome_Contractor/contracts/oc_export/ae_outcome_lookup.json:5967; Outcome_Contractor/contracts/oc_export/constitutive_bridges.json:23973
social.interaction.initiation.spontaneous,extraction_output_field,Outcome_Contractor,1,2,Outcome_Contractor/contracts/oc_export/ae_outcome_lookup.json:5972; Outcome_Contractor/contracts/oc_export/constitutive_bridges.json:23982
social.interaction.participant_count,extraction_output_field,Outcome_Contractor,1,2,Outcome_Contractor/contracts/oc_export/ae_outcome_lookup.json:5977; Outcome_Contractor/contracts/oc_export/constitutive_bridges.json:23991
social.interaction.participant_count.dyadic,extraction_output_field,Outcome_Contractor,1,2,Outcome_Contractor/contracts/oc_export/ae_outcome_lookup.json:5982; Outcome_Contractor/contracts/oc_export/constitutive_bridges.json:23999
social.interaction.participant_count.large_group,extraction_output_field,Outcome_Contractor,1,2,Outcome_Contractor/contracts/oc_export/ae_outcome_lookup.json:5987; Outcome_Contractor/contracts/oc_export/constitutive_bridges.json:24008
social.interaction.participant_count.small_group,extraction_output_field,Outcome_Contractor,1,2,Outcome_Contractor/contracts/oc_export/ae_outcome_lookup.json:5992; Outcome_Contractor/contracts/oc_export/constitutive_bridges.json:24017
social.interaction.purpose,extraction_output_field,Outcome_Contractor,1,2,Outcome_Contractor/contracts/oc_export/ae_outcome_lookup.json:5997; Outcome_Contractor/contracts/oc_export/constitutive_bridges.json:24026
social.interaction.purpose.incidental,extraction_output_field,Outcome_Contractor,1,2,Outcome_Contractor/contracts/oc_export/ae_outcome_lookup.json:6002; Outcome_Contractor/contracts/oc_export/constitutive_bridges.json:24034
social.interaction.purpose.informational,extraction_output_field,Outcome_Contractor,1,2,Outcome_Contractor/contracts/oc_export/ae_outcome_lookup.json:6007; Outcome_Contractor/contracts/oc_export/constitutive_bridges.json:24043
social.interaction.purpose.social_emotional,extraction_output_field,Outcome_Contractor,1,2,Outcome_Contractor/contracts/oc_export/ae_outcome_lookup.json:6012; Outcome_Contractor/contracts/oc_export/constitutive_bridges.json:24052
social.interaction.purpose.task_oriented,extraction_output_field,Outcome_Contractor,1,2,Outcome_Contractor/contracts/oc_export/ae_outcome_lookup.json:6017; Outcome_Contractor/contracts/oc_export/constitutive_bridges.json:24061
social.interaction.quality,extraction_output_field,Outcome_Contractor,1,2,Outcome_Contractor/contracts/oc_export/ae_outcome_lookup.json:6022; Outcome_Contractor/contracts/oc_export/constitutive_bridges.json:24070
social.interaction.quality.depth,extraction_output_field,Outcome_Contractor,1,2,Outcome_Contractor/contracts/oc_export/ae_outcome_lookup.json:6027; Outcome_Contractor/contracts/oc_export/constitutive_bridges.json:24078
social.interaction.quality.reciprocity,extraction_output_field,Outcome_Contractor,1,2,Outcome_Contractor/contracts/oc_export/ae_outcome_lookup.json:6032; Outcome_Contractor/contracts/oc_export/constitutive_bridges.json:24087
social.interaction.quality.satisfaction,extraction_output_field,Outcome_Contractor,1,2,Outcome_Contractor/contracts/oc_export/ae_outcome_lookup.json:6037; Outcome_Contractor/contracts/oc_export/constitutive_bridges.json:24096
social.interaction.type,extraction_output_field,Outcome_Contractor,1,2,Outcome_Contractor/contracts/oc_export/ae_outcome_lookup.json:6042; Outcome_Contractor/contracts/oc_export/constitutive_bridges.json:24105
social.interaction.type.digital,extraction_output_field,Outcome_Contractor,1,2,Outcome_Contractor/contracts/oc_export/ae_outcome_lookup.json:6047; Outcome_Contractor/contracts/oc_export/constitutive_bridges.json:24113
social.interaction.type.nonverbal,extraction_output_field,Outcome_Contractor,1,2,Outcome_Contractor/contracts/oc_export/ae_outcome_lookup.json:6052; Outcome_Contractor/contracts/oc_export/constitutive_bridges.json:24122
social.interaction.type.nonverbal.eye_contact,extraction_output_field,Outcome_Contractor,1,2,Outcome_Contractor/contracts/oc_export/ae_outcome_lookup.json:6057; Outcome_Contractor/contracts/oc_export/constitutive_bridges.json:24131
social.interaction.type.nonverbal.gesture,extraction_output_field,Outcome_Contractor,1,2,Outcome_Contractor/contracts/oc_export/ae_outcome_lookup.json:6062; Outcome_Contractor/contracts/oc_export/constitutive_bridges.json:24141
social.interaction.type.nonverbal.posture,extraction_output_field,Outcome_Contractor,1,2,Outcome_Contractor/contracts/oc_export/ae_outcome_lookup.json:6067; Outcome_Contractor/contracts/oc_export/constitutive_bridges.json:24151
social.interaction.type.verbal,extraction_output_field,Outcome_Contractor,1,2,Outcome_Contractor/contracts/oc_export/ae_outcome_lookup.json:6072; Outcome_Contractor/contracts/oc_export/constitutive_bridges.json:24161
social.interaction.type.verbal.conversation,extraction_output_field,Outcome_Contractor,1,2,Outcome_Contractor/contracts/oc_export/ae_outcome_lookup.json:6077; Outcome_Contractor/contracts/oc_export/constitutive_bridges.json:24170
social.interaction.type.verbal.discussion,extraction_output_field,Outcome_Contractor,1,2,Outcome_Contractor/contracts/oc_export/ae_outcome_lookup.json:6082; Outcome_Contractor/contracts/oc_export/constitutive_bridges.json:24180
social.interaction.type.verbal.greeting,extraction_output_field,Outcome_Contractor,1,2,Outcome_Contractor/contracts/oc_export/ae_outcome_lookup.json:6087; Outcome_Contractor/contracts/oc_export/constitutive_bridges.json:24190
social.occupancy,extraction_output_field,Article_Eater_PostQuinean_v1,1,2,Article_Eater_PostQuinean_v1/contracts/vocab/environment_lookup.json:1422; Article_Eater_PostQuinean_v1/contracts/vocab/environment_lookup.json:4200
social.personal_space,extraction_output_field,Outcome_Contractor,1,2,Outcome_Contractor/contracts/oc_export/ae_outcome_lookup.json:6092; Outcome_Contractor/contracts/oc_export/constitutive_bridges.json:24200
social.personal_space.intimate_zone,extraction_output_field,Outcome_Contractor,1,2,Outcome_Contractor/contracts/oc_export/ae_outcome_lookup.json:6097; Outcome_Contractor/contracts/oc_export/constitutive_bridges.json:24207
social.personal_space.personal_zone,extraction_output_field,Outcome_Contractor,1,2,Outcome_Contractor/contracts/oc_export/ae_outcome_lookup.json:6102; Outcome_Contractor/contracts/oc_export/constitutive_bridges.json:24215
social.personal_space.public_zone,extraction_output_field,Outcome_Contractor,1,2,Outcome_Contractor/contracts/oc_export/ae_outcome_lookup.json:6107; Outcome_Contractor/contracts/oc_export/constitutive_bridges.json:24223
social.personal_space.social_zone,extraction_output_field,Outcome_Contractor,1,2,Outcome_Contractor/contracts/oc_export/ae_outcome_lookup.json:6112; Outcome_Contractor/contracts/oc_export/constitutive_bridges.json:24231
social.personal_space.violations,extraction_output_field,Outcome_Contractor,1,2,Outcome_Contractor/contracts/oc_export/ae_outcome_lookup.json:6117; Outcome_Contractor/contracts/oc_export/constitutive_bridges.json:24239
social.place_attachment,extraction_output_field,Outcome_Contractor,1,2,Outcome_Contractor/contracts/oc_export/ae_outcome_lookup.json:6122; Outcome_Contractor/contracts/oc_export/constitutive_bridges.json:24247
social.place_attachment.nature_bonding,extraction_output_field,Outcome_Contractor,1,2,Outcome_Contractor/contracts/oc_export/ae_outcome_lookup.json:6127; Outcome_Contractor/contracts/oc_export/constitutive_bridges.json:24254
social.place_attachment.place_dependence,extraction_output_field,Outcome_Contractor,1,2,Outcome_Contractor/contracts/oc_export/ae_outcome_lookup.json:6132; Outcome_Contractor/contracts/oc_export/constitutive_bridges.json:24262
social.place_attachment.place_identity,extraction_output_field,Outcome_Contractor,1,2,Outcome_Contractor/contracts/oc_export/ae_outcome_lookup.json:6137; Outcome_Contractor/contracts/oc_export/constitutive_bridges.json:24270
social.place_attachment.social_bonding,extraction_output_field,Outcome_Contractor,1,2,Outcome_Contractor/contracts/oc_export/ae_outcome_lookup.json:6142; Outcome_Contractor/contracts/oc_export/constitutive_bridges.json:24278
social.privacy.acoustic,extraction_output_field,Outcome_Contractor,1,2,Outcome_Contractor/contracts/oc_export/ae_outcome_lookup.json:6152; Outcome_Contractor/contracts/oc_export/constitutive_bridges.json:24293
social.privacy.acoustic.being_heard,extraction_output_field,Outcome_Contractor,1,2,Outcome_Contractor/contracts/oc_export/ae_outcome_lookup.json:6157; Outcome_Contractor/contracts/oc_export/constitutive_bridges.json:24301
social.privacy.acoustic.overhearing,extraction_output_field,Outcome_Contractor,1,2,Outcome_Contractor/contracts/oc_export/ae_outcome_lookup.json:6162; Outcome_Contractor/contracts/oc_export/constitutive_bridges.json:24310
social.privacy.control,extraction_output_field,Outcome_Contractor,1,2,Outcome_Contractor/contracts/oc_export/ae_outcome_lookup.json:6167; Outcome_Contractor/contracts/oc_export/constitutive_bridges.json:24319
social.privacy.control.accessibility,extraction_output_field,Outcome_Contractor,1,2,Outcome_Contractor/contracts/oc_export/ae_outcome_lookup.json:6172; Outcome_Contractor/contracts/oc_export/constitutive_bridges.json:24327
social.privacy.control.boundary_regulation,extraction_output_field,Outcome_Contractor,1,2,Outcome_Contractor/contracts/oc_export/ae_outcome_lookup.json:6177; Outcome_Contractor/contracts/oc_export/constitutive_bridges.json:24336
social.privacy.informational,extraction_output_field,Outcome_Contractor,1,2,Outcome_Contractor/contracts/oc_export/ae_outcome_lookup.json:6182; Outcome_Contractor/contracts/oc_export/constitutive_bridges.json:24345
social.privacy.psychological,extraction_output_field,Outcome_Contractor,1,2,Outcome_Contractor/contracts/oc_export/ae_outcome_lookup.json:6187; Outcome_Contractor/contracts/oc_export/constitutive_bridges.json:24353
social.privacy.psychological.anonymity,extraction_output_field,Outcome_Contractor,1,2,Outcome_Contractor/contracts/oc_export/ae_outcome_lookup.json:6192; Outcome_Contractor/contracts/oc_export/constitutive_bridges.json:24361
social.privacy.psychological.intimacy,extraction_output_field,Outcome_Contractor,1,2,Outcome_Contractor/contracts/oc_export/ae_outcome_lookup.json:6197; Outcome_Contractor/contracts/oc_export/constitutive_bridges.json:24370
social.privacy.psychological.reserve,extraction_output_field,Outcome_Contractor,1,2,Outcome_Contractor/contracts/oc_export/ae_outcome_lookup.json:6202; Outcome_Contractor/contracts/oc_export/constitutive_bridges.json:24379
social.privacy.psychological.solitude,extraction_output_field,Outcome_Contractor,1,2,Outcome_Contractor/contracts/oc_export/ae_outcome_lookup.json:6207; Outcome_Contractor/contracts/oc_export/constitutive_bridges.json:24388
social.privacy.visual,extraction_output_field,Outcome_Contractor,1,2,Outcome_Contractor/contracts/oc_export/ae_outcome_lookup.json:6212; Outcome_Contractor/contracts/oc_export/constitutive_bridges.json:24397
social.privacy.visual.being_seen,extraction_output_field,Outcome_Contractor,1,2,Outcome_Contractor/contracts/oc_export/ae_outcome_lookup.json:6217; Outcome_Contractor/contracts/oc_export/constitutive_bridges.json:24405
social.privacy.visual.seeing_others,extraction_output_field,Outcome_Contractor,1,2,Outcome_Contractor/contracts/oc_export/ae_outcome_lookup.json:6222; Outcome_Contractor/contracts/oc_export/constitutive_bridges.json:24414
social.social_facilitation,extraction_output_field,Outcome_Contractor,1,2,Outcome_Contractor/contracts/oc_export/ae_outcome_lookup.json:6227; Outcome_Contractor/contracts/oc_export/constitutive_bridges.json:24423
social.social_facilitation.audience_effects,extraction_output_field,Outcome_Contractor,1,2,Outcome_Contractor/contracts/oc_export/ae_outcome_lookup.json:6232; Outcome_Contractor/contracts/oc_export/constitutive_bridges.json:24430
social.social_facilitation.coaction_effects,extraction_output_field,Outcome_Contractor,1,2,Outcome_Contractor/contracts/oc_export/ae_outcome_lookup.json:6237; Outcome_Contractor/contracts/oc_export/constitutive_bridges.json:24438
social.social_facilitation.evaluation_apprehension,extraction_output_field,Outcome_Contractor,1,2,Outcome_Contractor/contracts/oc_export/ae_outcome_lookup.json:6242; Outcome_Contractor/contracts/oc_export/constitutive_bridges.json:24446
social.social_support,extraction_output_field,Outcome_Contractor,1,2,Outcome_Contractor/contracts/oc_export/ae_outcome_lookup.json:6247; Outcome_Contractor/contracts/oc_export/constitutive_bridges.json:24454
social.social_support.appraisal,extraction_output_field,Outcome_Contractor,1,2,Outcome_Contractor/contracts/oc_export/ae_outcome_lookup.json:6252; Outcome_Contractor/contracts/oc_export/constitutive_bridges.json:24461
social.social_support.emotional,extraction_output_field,Outcome_Contractor,1,2,Outcome_Contractor/contracts/oc_export/ae_outcome_lookup.json:6257; Outcome_Contractor/contracts/oc_export/constitutive_bridges.json:24469
social.social_support.informational,extraction_output_field,Outcome_Contractor,1,2,Outcome_Contractor/contracts/oc_export/ae_outcome_lookup.json:6262; Outcome_Contractor/contracts/oc_export/constitutive_bridges.json:24477
social.social_support.instrumental,extraction_output_field,Outcome_Contractor,1,2,Outcome_Contractor/contracts/oc_export/ae_outcome_lookup.json:6267; Outcome_Contractor/contracts/oc_export/constitutive_bridges.json:24485
social.sociopetal,extraction_output_field,Article_Eater_PostQuinean_v1,1,2,Article_Eater_PostQuinean_v1/contracts/vocab/environment_lookup.json:1426; Article_Eater_PostQuinean_v1/contracts/vocab/environment_lookup.json:4214
social.territoriality,extraction_output_field,Outcome_Contractor,1,2,Outcome_Contractor/contracts/oc_export/ae_outcome_lookup.json:6272; Outcome_Contractor/contracts/oc_export/constitutive_bridges.json:24493
social.territoriality.defense,extraction_output_field,Outcome_Contractor,1,2,Outcome_Contractor/contracts/oc_export/ae_outcome_lookup.json:6277; Outcome_Contractor/contracts/oc_export/constitutive_bridges.json:24500
social.territoriality.invasion,extraction_output_field,Outcome_Contractor,1,2,Outcome_Contractor/contracts/oc_export/ae_outcome_lookup.json:6282; Outcome_Contractor/contracts/oc_export/constitutive_bridges.json:24508
social.territoriality.personalization,extraction_output_field,Outcome_Contractor,1,2,Outcome_Contractor/contracts/oc_export/ae_outcome_lookup.json:6287; Outcome_Contractor/contracts/oc_export/constitutive_bridges.json:24516
social.territoriality.personalization.markers,extraction_output_field,Outcome_Contractor,1,2,Outcome_Contractor/contracts/oc_export/ae_outcome_lookup.json:6292; Outcome_Contractor/contracts/oc_export/constitutive_bridges.json:24524
social.territoriality.personalization.modifications,extraction_output_field,Outcome_Contractor,1,2,Outcome_Contractor/contracts/oc_export/ae_outcome_lookup.json:6297; Outcome_Contractor/contracts/oc_export/constitutive_bridges.json:24533
social.territoriality.primary,extraction_output_field,Outcome_Contractor,1,2,Outcome_Contractor/contracts/oc_export/ae_outcome_lookup.json:6302; Outcome_Contractor/contracts/oc_export/constitutive_bridges.json:24542
social.territoriality.public,extraction_output_field,Outcome_Contractor,1,2,Outcome_Contractor/contracts/oc_export/ae_outcome_lookup.json:6307; Outcome_Contractor/contracts/oc_export/constitutive_bridges.json:24550
social.territoriality.secondary,extraction_output_field,Outcome_Contractor,1,2,Outcome_Contractor/contracts/oc_export/ae_outcome_lookup.json:6312; Outcome_Contractor/contracts/oc_export/constitutive_bridges.json:24558
social_PE,bn_node_definition,Article_Eater_PostQuinean_v1,1,1,Article_Eater_PostQuinean_v1/src/epistemic/bn_nodes.py:142
social_organization,extraction_output_field,Outcome_Contractor,1,1,Outcome_Contractor/article_finder/type_specific_extractor.py:324
social_pe,enum_value;extraction_output_field,Article_Eater_PostQuinean_v1,1,3,Article_Eater_PostQuinean_v1/src/epistemic/extraction/pe_classifier.py:267; Article_Eater_PostQuinean_v1/src/epistemic/extraction/pe_classifier.py:307; Article_Eater_PostQuinean_v1/src/services/web_of_belief.py:308
social_score,extraction_output_field,Article_Eater_PostQuinean_v1,1,1,Article_Eater_PostQuinean_v1/src/epistemic/extraction/pe_classifier.py:203
social_structure,extraction_output_field,Article_Eater_PostQuinean_v1,1,15,Article_Eater_PostQuinean_v1/contracts/vocab/task_taxonomy.json:190; Article_Eater_PostQuinean_v1/contracts/vocab/task_taxonomy.json:198; Article_Eater_PostQuinean_v1/contracts/vocab/task_taxonomy.json:205; Article_Eater_PostQuinean_v1/contracts/vocab/task_taxonomy.json:213
socioeconomic_status,extraction_output_field,BN_graphical,1,1,BN_graphical/src/schemas/population_qualifier.py:254
sos_id,extraction_output_field,Article_Eater_PostQuinean_v1,1,1,Article_Eater_PostQuinean_v1/schemas/set_of_support.schema.json:11
sos_ids,extraction_output_field,Article_Eater_PostQuinean_v1,1,1,Article_Eater_PostQuinean_v1/schemas/rule_graph.schema.json:398
sound.amplitude_fractal_dimension,extraction_output_field,Article_Eater_PostQuinean_v1,1,2,Article_Eater_PostQuinean_v1/contracts/vocab/environment_lookup.json:1428; Article_Eater_PostQuinean_v1/contracts/vocab/environment_lookup.json:4221
sound.noise_color_beta,extraction_output_field,Article_Eater_PostQuinean_v1,1,2,Article_Eater_PostQuinean_v1/contracts/vocab/environment_lookup.json:1430; Article_Eater_PostQuinean_v1/contracts/vocab/environment_lookup.json:4228
sound.one_over_f_slope,extraction_output_field,Article_Eater_PostQuinean_v1,1,2,Article_Eater_PostQuinean_v1/contracts/vocab/environment_lookup.json:1432; Article_Eater_PostQuinean_v1/contracts/vocab/environment_lookup.json:4235
sound.reverberation_rt60,extraction_output_field,Article_Eater_PostQuinean_v1,1,2,Article_Eater_PostQuinean_v1/contracts/vocab/environment_lookup.json:1434; Article_Eater_PostQuinean_v1/contracts/vocab/environment_lookup.json:4242
source_beliefs,extraction_output_field,Article_Eater_PostQuinean_v1,1,1,Article_Eater_PostQuinean_v1/contracts/ae_af/schemas/ae.bridge.v1.schema.json:55
source_citation,database_column;extraction_output_field,BN_graphical,1,2,BN_graphical/migrations/006_sprint2_enhanced_edges.sql:69; BN_graphical/src/schemas/enhanced_edge.py:212
source_claim_id,database_column,Outcome_Contractor,1,1,Outcome_Contractor/core/database.py:110
source_depth,extraction_output_field,Article_Eater_PostQuinean_v1,1,17,Article_Eater_PostQuinean_v1/app/routes/ingestion.py:226; Article_Eater_PostQuinean_v1/contracts/ae_af/schemas/ae.query_response.v1.schema.json:290; Article_Eater_PostQuinean_v1/docs/MVP_CONTRACTS.md:197; Article_Eater_PostQuinean_v1/tests/test_ingestion_routes.py:104
source_domain,database_column;extraction_output_field,Article_Eater_PostQuinean_v1,1,2,Article_Eater_PostQuinean_v1/contracts/ae_af/schemas/ae.bridge.v1.schema.json:18; Article_Eater_PostQuinean_v1/migrations/006_discovery_funnel.sql:127
source_node,extraction_output_field,Article_Eater_PostQuinean_v1,1,1,Article_Eater_PostQuinean_v1/contracts/schemas/integration.edge_justification.v1.schema.json:124
source_node_id,extraction_output_field,Article_Eater_PostQuinean_v1,1,1,Article_Eater_PostQuinean_v1/src/epistemic/contracts/edge_v2.py:52
source_page_end,extraction_output_field,Article_Eater_PostQuinean_v1,1,1,Article_Eater_PostQuinean_v1/src/epistemic/contracts/claim_v2.py:119
source_page_start,extraction_output_field,Article_Eater_PostQuinean_v1,1,1,Article_Eater_PostQuinean_v1/src/epistemic/contracts/claim_v2.py:118
source_paper_ids,database_column;extraction_output_field,BN_graphical,1,3,BN_graphical/contracts/ae_bn_bridge.v1.schema.json:124; BN_graphical/migrations/005_sprint1_schemas.sql:217; BN_graphical/src/schemas/mechanism_specification.py:337
source_paper_title,extraction_output_field,Article_Eater_PostQuinean_v1,1,2,Article_Eater_PostQuinean_v1/src/epistemic/extraction/synthesis_ingester.py:337; Article_Eater_PostQuinean_v1/src/epistemic/extraction/theoretical_extractor.py:309
source_path,extraction_output_field,Tagging_Contractor,1,1,Tagging_Contractor/contracts/localized_image_tags.schema.json:25
source_quality,bn_node_definition,Article_Eater_PostQuinean_v1,1,1,Article_Eater_PostQuinean_v1/src/epistemic/bn_nodes.py:154
source_quote,extraction_output_field,Article_Eater_PostQuinean_v1,1,1,Article_Eater_PostQuinean_v1/src/epistemic/contracts/claim_v2.py:120
source_quote_hash,extraction_output_field,Article_Eater_PostQuinean_v1,1,1,Article_Eater_PostQuinean_v1/src/epistemic/contracts/claim_v2.py:121
source_registry,extraction_output_field,Tagging_Contractor,1,3,Tagging_Contractor/Archive 2/core/trs-core/v0.2.8/contracts/article_eater_contract_v0.2.8.json:8; Tagging_Contractor/core/trs-core/v0.2.8/contracts/article_eater_contract_v0.2.8.json:8; Tagging_Contractor/scripts/generate_contracts.py:104
source_reliability,extraction_output_field,BN_graphical,1,1,BN_graphical/contracts/bn.api.v2.schema.json:383
source_section,extraction_output_field,Article_Eater_PostQuinean_v1,1,1,Article_Eater_PostQuinean_v1/src/epistemic/contracts/claim_v2.py:117
source_system,extraction_output_field,BN_graphical,1,2,BN_graphical/contracts/bn.prediction.v1.schema.json:42; BN_graphical/contracts/bn.prediction.v1.schema.json:99
source_terms,extraction_output_field,Outcome_Contractor,1,1,Outcome_Contractor/contracts/article_finder_contracts.py:101
source_theory_id,database_column;extraction_output_field,Article_Eater_PostQuinean_v1,1,3,Article_Eater_PostQuinean_v1/db/sql/017_theories.sql:129; Article_Eater_PostQuinean_v1/ruthless_bundle_2026-02-08/src/services/extraction_to_web.py:1471; Article_Eater_PostQuinean_v1/src/services/extraction_to_web.py:1595
source_zone,extraction_output_field,Article_Eater_PostQuinean_v1,1,3,Article_Eater_PostQuinean_v1/contracts/ae_af/schemas/ae.claim.v2.schema.json:192; Article_Eater_PostQuinean_v1/scripts/run_realtime_table_rule_intake.py:825; Article_Eater_PostQuinean_v1/src/epistemic/contracts/claim_v2.py:144
south_asian,enum_value,BN_graphical,1,1,BN_graphical/src/schemas/population_qualifier.py:51
space_syntax,extraction_output_field,Outcome_Contractor,1,1,Outcome_Contractor/article_finder/seven_panel_extractor.py:457
spatial.ceiling,extraction_output_field,Outcome_Contractor,1,1,Outcome_Contractor/article_finder/ae_claim_extractor.py:172
spatial.central_openness,extraction_output_field,Article_Eater_PostQuinean_v1,1,2,Article_Eater_PostQuinean_v1/contracts/vocab/environment_lookup.json:1436; Article_Eater_PostQuinean_v1/contracts/vocab/environment_lookup.json:4249
spatial.density,extraction_output_field,Outcome_Contractor,1,1,Outcome_Contractor/article_finder/ae_claim_extractor.py:174
spatial.depth_contrast,extraction_output_field,Article_Eater_PostQuinean_v1,1,2,Article_Eater_PostQuinean_v1/contracts/vocab/environment_lookup.json:1438; Article_Eater_PostQuinean_v1/contracts/vocab/environment_lookup.json:4256
spatial.depth_mean,extraction_output_field,Article_Eater_PostQuinean_v1,1,2,Article_Eater_PostQuinean_v1/contracts/vocab/environment_lookup.json:1440; Article_Eater_PostQuinean_v1/contracts/vocab/environment_lookup.json:4263
spatial.isovist_openness,extraction_output_field,Article_Eater_PostQuinean_v1,1,2,Article_Eater_PostQuinean_v1/contracts/vocab/environment_lookup.json:1442; Article_Eater_PostQuinean_v1/contracts/vocab/environment_lookup.json:4270
spatial.layout,extraction_output_field,Outcome_Contractor,1,1,Outcome_Contractor/article_finder/ae_claim_extractor.py:175
spatial.openness,extraction_output_field,Outcome_Contractor,1,1,Outcome_Contractor/article_finder/ae_claim_extractor.py:173
spatial.refuge_quality,extraction_output_field,Article_Eater_PostQuinean_v1,1,2,Article_Eater_PostQuinean_v1/contracts/vocab/environment_lookup.json:1444; Article_Eater_PostQuinean_v1/contracts/vocab/environment_lookup.json:4277
spatial.room_function.bathroom,extraction_output_field,Article_Eater_PostQuinean_v1,1,2,Article_Eater_PostQuinean_v1/contracts/vocab/environment_lookup.json:1446; Article_Eater_PostQuinean_v1/contracts/vocab/environment_lookup.json:4284
spatial.room_function.bedroom,extraction_output_field,Article_Eater_PostQuinean_v1,1,2,Article_Eater_PostQuinean_v1/contracts/vocab/environment_lookup.json:1448; Article_Eater_PostQuinean_v1/contracts/vocab/environment_lookup.json:4291
spatial.room_function.home_office,extraction_output_field,Article_Eater_PostQuinean_v1,1,2,Article_Eater_PostQuinean_v1/contracts/vocab/environment_lookup.json:1450; Article_Eater_PostQuinean_v1/contracts/vocab/environment_lookup.json:4298
spatial.room_function.kitchen,extraction_output_field,Article_Eater_PostQuinean_v1,1,2,Article_Eater_PostQuinean_v1/contracts/vocab/environment_lookup.json:1452; Article_Eater_PostQuinean_v1/contracts/vocab/environment_lookup.json:4305
spatial.room_function.living_room,extraction_output_field,Article_Eater_PostQuinean_v1,1,2,Article_Eater_PostQuinean_v1/contracts/vocab/environment_lookup.json:1454; Article_Eater_PostQuinean_v1/contracts/vocab/environment_lookup.json:4312
spatial.visual_clutter,extraction_output_field,Article_Eater_PostQuinean_v1,1,2,Article_Eater_PostQuinean_v1/contracts/vocab/environment_lookup.json:1456; Article_Eater_PostQuinean_v1/contracts/vocab/environment_lookup.json:4319
spatial_layout,extraction_output_field,Article_Eater_PostQuinean_v1,1,2,Article_Eater_PostQuinean_v1/scripts/build_abstract_reduced_tables.py:38; Article_Eater_PostQuinean_v1/scripts/run_realtime_table_rule_intake.py:74
spatial_unit,extraction_output_field,Outcome_Contractor,1,1,Outcome_Contractor/article_finder/exemplary_extraction_tables.md:2184
specification_date,database_column,BN_graphical,1,2,BN_graphical/database/05_provenance_tables.sql:110; BN_graphical/database/schema.sql:855
spot_check,enum_value,BN_graphical,1,1,BN_graphical/src/ai_extraction/verification_queue.py:45
spot_check_rate,extraction_output_field,BN_graphical,1,1,BN_graphical/src/ai_extraction/field_thresholds.py:410
spot_checks,extraction_output_field,BN_graphical,1,2,BN_graphical/src/ai_extraction/verification_queue.py:535; BN_graphical/src/ai_extraction/verification_queue.py:574
stability_threshold,extraction_output_field,BN_graphical,1,1,BN_graphical/contracts/bn.epistemology.v1.schema.json:170
stability_vs_change,extraction_output_field,Outcome_Contractor,1,1,Outcome_Contractor/article_finder/type_specific_extractor.py:219
stable_sort_keys,extraction_output_field,Article_Eater_PostQuinean_v1,1,1,Article_Eater_PostQuinean_v1/contracts/ae_af/schemas/gallery_selection_config.v1.schema.json:153
stale_evidence,enum_value,Article_Eater_PostQuinean_v1,1,1,Article_Eater_PostQuinean_v1/src/services/query_alerts.py:64
startGlyphID,extraction_output_field,BN_graphical,1,3,BN_graphical/backups/broken_venvs/bn_venv_20260213_092600/lib/python3.12/site-packages/fontTools/ttLib/tables/S_V_G_.py:168; BN_graphical/bn_venv_py311/lib/python3.11/site-packages/fontTools/ttLib/tables/S_V_G_.py:168; BN_graphical/test_venv_310/lib/python3.10/site-packages/fontTools/ttLib/tables/S_V_G_.py:168
start_date,database_column,BN_graphical,1,2,BN_graphical/database/04_experiment_tables.sql:16; BN_graphical/database/schema.sql:558
state_file,extraction_output_field,Article_Finder_v3_2_3,1,1,Article_Finder_v3_2_3/ingest/zotero_connector.py:527
state_id,extraction_output_field,BN_graphical,1,1,BN_graphical/contracts/bn.api.v2.schema.json:337
state_patch,extraction_output_field,Article_Eater_PostQuinean_v1,1,1,Article_Eater_PostQuinean_v1/contracts/ae_af/schemas/image_feedback.v1.schema.json:102
stated_perspective,extraction_output_field,Article_Eater_PostQuinean_v1,1,1,Article_Eater_PostQuinean_v1/tests/test_sprint6c_ingestion.py:296
statistic_type,extraction_output_field,Article_Eater_PostQuinean_v1,1,1,Article_Eater_PostQuinean_v1/contracts/schemas/experiential_claim.v1.schema.json:132
statistical_critique,enum_value,Outcome_Contractor,1,1,Outcome_Contractor/core/argument_taxonomy.py:119
statistical_error,enum_value,Article_Eater_PostQuinean_v1,1,1,Article_Eater_PostQuinean_v1/src/services/credibility_feedback.py:52
statistical_issues,enum_value,Outcome_Contractor,1,1,Outcome_Contractor/core/argument_taxonomy.py:279
statistical_test,extraction_output_field,Outcome_Contractor,1,1,Outcome_Contractor/article_finder/type_specific_extractor.py:85
stats_effect_sizes,extraction_output_field,Article_Eater_PostQuinean_v1,1,1,Article_Eater_PostQuinean_v1/schemas/seven_panel.schema.json:34
stats_summary,extraction_output_field,Article_Eater_PostQuinean_v1,1,1,Article_Eater_PostQuinean_v1/schemas/panel_heterogeneity.schema.json:59
status_change,enum_value,Article_Eater_PostQuinean_v1,1,1,Article_Eater_PostQuinean_v1/src/services/query_alerts.py:62
status_code,database_column,Article_Eater_PostQuinean_v1,1,1,Article_Eater_PostQuinean_v1/db/sql/014_security.sql:30
status_v1,extraction_output_field,BN_graphical,1,1,BN_graphical/contracts/ae_bn_bridge.v1.schema.json:116
status_v2,extraction_output_field,BN_graphical,1,1,BN_graphical/contracts/ae_bn_bridge.v1.schema.json:120
stimuli_details,extraction_output_field,Outcome_Contractor,1,1,Outcome_Contractor/article_finder/seven_panel_extractor.py:709
stimulus_id,extraction_output_field,Outcome_Contractor,1,1,Outcome_Contractor/docs/PANEL_CONSULTATION_EXTRACTION_TABLES_2026_02_08.md:157
stimulus_type,extraction_output_field,Outcome_Contractor,1,1,Outcome_Contractor/docs/PANEL_CONSULTATION_EXTRACTION_TABLES_2026_02_08.md:158
stop_words,extraction_output_field,BN_graphical,1,6,BN_graphical/backups/broken_venvs/bn_venv_20260213_092600/lib/python3.12/site-packages/sklearn/feature_extraction/text.py:1147; BN_graphical/backups/broken_venvs/bn_venv_20260213_092600/lib/python3.12/site-packages/sklearn/feature_extraction/text.py:757; BN_graphical/bn_venv_py311/lib/python3.11/site-packages/sklearn/feature_extraction/text.py:1147; BN_graphical/bn_venv_py311/lib/python3.11/site-packages/sklearn/feature_extraction/text.py:757
storage_dir_exists,extraction_output_field,Article_Finder_v3_2_3,1,1,Article_Finder_v3_2_3/ingest/zotero_bridge.py:314
storage_key,extraction_output_field,Tagging_Contractor,1,1,Tagging_Contractor/contracts/localized_image_tags.schema.json:65
storage_path,extraction_output_field,Article_Finder_v3_2_3,1,1,Article_Finder_v3_2_3/ingest/zotero_connector.py:398
storage_uri,extraction_output_field,Tagging_Contractor,1,1,Tagging_Contractor/contracts/localized_image_tags.schema.json:113
store_history,enum_value,BN_graphical,1,1,BN_graphical/bn_venv/lib/python3.14/site-packages/scipy/_lib/cobyqa/settings.py:39
straight_lining_flag,database_column,BN_graphical,1,2,BN_graphical/database/02_rating_tables.sql:49; BN_graphical/database/schema.sql:201
strarglens_nm,extraction_output_field,BN_graphical,1,8,BN_graphical/backups/broken_venvs/bn_venv_20260213_092600/lib/python3.12/site-packages/numpy/f2py/cb_rules.py:213; BN_graphical/backups/broken_venvs/bn_venv_20260213_092600/lib/python3.12/site-packages/numpy/f2py/cb_rules.py:375; BN_graphical/bn_venv/lib/python3.14/site-packages/numpy/f2py/cb_rules.py:236; BN_graphical/bn_venv/lib/python3.14/site-packages/numpy/f2py/cb_rules.py:398
strarglens_td,extraction_output_field,BN_graphical,1,8,BN_graphical/backups/broken_venvs/bn_venv_20260213_092600/lib/python3.12/site-packages/numpy/f2py/cb_rules.py:212; BN_graphical/backups/broken_venvs/bn_venv_20260213_092600/lib/python3.12/site-packages/numpy/f2py/cb_rules.py:373; BN_graphical/bn_venv/lib/python3.14/site-packages/numpy/f2py/cb_rules.py:235; BN_graphical/bn_venv/lib/python3.14/site-packages/numpy/f2py/cb_rules.py:396
strength_kind,database_column,Article_Finder_v3_2_3,1,1,Article_Finder_v3_2_3/core/database.py:238
strength_score,extraction_output_field,Article_Eater_PostQuinean_v1,1,1,Article_Eater_PostQuinean_v1/schemas/set_of_support.schema.json:29
strength_type,database_column,Article_Finder_v3_2_3,1,1,Article_Finder_v3_2_3/core/database.py:239
strength_value,database_column,Article_Finder_v3_2_3,1,1,Article_Finder_v3_2_3/core/database.py:240
strip_accents,extraction_output_field,BN_graphical,1,9,BN_graphical/backups/broken_venvs/bn_venv_20260213_092600/lib/python3.12/site-packages/sklearn/feature_extraction/text.py:1143; BN_graphical/backups/broken_venvs/bn_venv_20260213_092600/lib/python3.12/site-packages/sklearn/feature_extraction/text.py:347; BN_graphical/backups/broken_venvs/bn_venv_20260213_092600/lib/python3.12/site-packages/sklearn/feature_extraction/text.py:753; BN_graphical/bn_venv_py311/lib/python3.11/site-packages/sklearn/feature_extraction/text.py:1143
strong_tension,enum_value,Article_Eater_PostQuinean_v1,1,2,Article_Eater_PostQuinean_v1/ruthless_bundle_2026-02-08/src/services/web_of_belief.py:118; Article_Eater_PostQuinean_v1/src/services/web_of_belief.py:118
strongest_predictor,extraction_output_field,Outcome_Contractor,1,1,Outcome_Contractor/article_finder/type_specific_extractor.py:174
strongly_supported,enum_value,Article_Eater_PostQuinean_v1,1,1,Article_Eater_PostQuinean_v1/src/models/theory_models.py:122
stroop_task,extraction_output_field,Article_Eater_PostQuinean_v1,1,1,Article_Eater_PostQuinean_v1/contracts/vocab/task_taxonomy.json:195
structured_json,database_column,Article_Finder_v3_2_3,1,1,Article_Finder_v3_2_3/core/database.py:290
stub_list,extraction_output_field,Article_Eater_PostQuinean_v1,1,2,Article_Eater_PostQuinean_v1/ruthless_bundle_2026-02-08/src/services/extraction_to_web.py:1366; Article_Eater_PostQuinean_v1/src/services/extraction_to_web.py:1451
stub_reason,extraction_output_field,Article_Eater_PostQuinean_v1,1,3,Article_Eater_PostQuinean_v1/contracts/ae_af/schemas/ae.extended_outcome_lookup.v1.schema.json:71; Article_Eater_PostQuinean_v1/ruthless_bundle_2026-02-08/src/services/extraction_to_web.py:240; Article_Eater_PostQuinean_v1/src/services/extraction_to_web.py:253
stub_reasons,extraction_output_field,Article_Eater_PostQuinean_v1,1,3,Article_Eater_PostQuinean_v1/contracts/ae_af/schemas/ae.coherence_summary.v1.schema.json:103; Article_Eater_PostQuinean_v1/ruthless_bundle_2026-02-08/src/services/extraction_to_web.py:291; Article_Eater_PostQuinean_v1/src/services/extraction_to_web.py:307
stubs_count,extraction_output_field,Article_Eater_PostQuinean_v1,1,1,Article_Eater_PostQuinean_v1/contracts/ae_af/schemas/ae.extended_outcome_lookup.v1.schema.json:125
studies_included,extraction_output_field,Outcome_Contractor,1,2,Outcome_Contractor/article_finder/seven_panel_extractor.py:1467; Outcome_Contractor/article_finder/type_specific_extractor.py:573
study_characteristics,enum_value,Article_Eater_PostQuinean_v1,1,1,Article_Eater_PostQuinean_v1/src/services/table_extractor.py:34
study_count,extraction_output_field,BN_graphical,1,2,BN_graphical/src/schemas/enhanced_edge.py:571; BN_graphical/src/schemas/population_qualifier.py:491
study_types,extraction_output_field,Article_Eater_PostQuinean_v1,1,1,Article_Eater_PostQuinean_v1/contracts/schemas/integration.edge_justification.v1.schema.json:104
style.bohemian,extraction_output_field,Article_Eater_PostQuinean_v1,1,2,Article_Eater_PostQuinean_v1/contracts/vocab/environment_lookup.json:1458; Article_Eater_PostQuinean_v1/contracts/vocab/environment_lookup.json:4326
style.farmhouse,extraction_output_field,Article_Eater_PostQuinean_v1,1,2,Article_Eater_PostQuinean_v1/contracts/vocab/environment_lookup.json:1460; Article_Eater_PostQuinean_v1/contracts/vocab/environment_lookup.json:4333
style.industrial,extraction_output_field,Article_Eater_PostQuinean_v1,1,2,Article_Eater_PostQuinean_v1/contracts/vocab/environment_lookup.json:1462; Article_Eater_PostQuinean_v1/contracts/vocab/environment_lookup.json:4340
style.japandi,extraction_output_field,Article_Eater_PostQuinean_v1,1,2,Article_Eater_PostQuinean_v1/contracts/vocab/environment_lookup.json:1464; Article_Eater_PostQuinean_v1/contracts/vocab/environment_lookup.json:4347
style.mid_century_modern,extraction_output_field,Article_Eater_PostQuinean_v1,1,2,Article_Eater_PostQuinean_v1/contracts/vocab/environment_lookup.json:1466; Article_Eater_PostQuinean_v1/contracts/vocab/environment_lookup.json:4354
style.minimalist,extraction_output_field,Article_Eater_PostQuinean_v1,1,2,Article_Eater_PostQuinean_v1/contracts/vocab/environment_lookup.json:1468; Article_Eater_PostQuinean_v1/contracts/vocab/environment_lookup.json:4361
style.modern,extraction_output_field,Article_Eater_PostQuinean_v1,1,2,Article_Eater_PostQuinean_v1/contracts/vocab/environment_lookup.json:1470; Article_Eater_PostQuinean_v1/contracts/vocab/environment_lookup.json:4368
style.modernity,extraction_output_field,Article_Eater_PostQuinean_v1,1,2,Article_Eater_PostQuinean_v1/contracts/vocab/environment_lookup.json:1472; Article_Eater_PostQuinean_v1/contracts/vocab/environment_lookup.json:4375
style.rustic,extraction_output_field,Article_Eater_PostQuinean_v1,1,2,Article_Eater_PostQuinean_v1/contracts/vocab/environment_lookup.json:1474; Article_Eater_PostQuinean_v1/contracts/vocab/environment_lookup.json:4382
style.scandinavian,extraction_output_field,Article_Eater_PostQuinean_v1,1,2,Article_Eater_PostQuinean_v1/contracts/vocab/environment_lookup.json:1476; Article_Eater_PostQuinean_v1/contracts/vocab/environment_lookup.json:4389
style.traditional,extraction_output_field,Article_Eater_PostQuinean_v1,1,2,Article_Eater_PostQuinean_v1/contracts/vocab/environment_lookup.json:1478; Article_Eater_PostQuinean_v1/contracts/vocab/environment_lookup.json:4396
subject_moderators,extraction_output_field,Article_Eater_PostQuinean_v1,1,3,Article_Eater_PostQuinean_v1/docs/BN_EXPORT_SCHEMA_v0_1.md:231; Article_Eater_PostQuinean_v1/schemas/rule_graph.schema.json:412; Article_Eater_PostQuinean_v1/src/services/rulegraph_v2_builder.py:127
subject_scope,extraction_output_field,Article_Eater_PostQuinean_v1,1,3,Article_Eater_PostQuinean_v1/docs/BN_EXPORT_SCHEMA_v0_1.md:230; Article_Eater_PostQuinean_v1/schemas/rule_graph.schema.json:421; Article_Eater_PostQuinean_v1/src/services/rulegraph_v2_builder.py:126
subject_scope_summary,extraction_output_field,Article_Eater_PostQuinean_v1,1,1,Article_Eater_PostQuinean_v1/docs/BN_EXPORT_SCHEMA_v0_1.md:232
subject_terms,extraction_output_field,Article_Eater_PostQuinean_v1,1,1,Article_Eater_PostQuinean_v1/contracts/ae_af/schemas/ae.query_request.v1.schema.json:66
sublinear_tf,extraction_output_field,BN_graphical,1,6,BN_graphical/backups/broken_venvs/bn_venv_20260213_092600/lib/python3.12/site-packages/sklearn/feature_extraction/text.py:1635; BN_graphical/backups/broken_venvs/bn_venv_20260213_092600/lib/python3.12/site-packages/sklearn/feature_extraction/text.py:1981; BN_graphical/bn_venv_py311/lib/python3.11/site-packages/sklearn/feature_extraction/text.py:1635; BN_graphical/bn_venv_py311/lib/python3.11/site-packages/sklearn/feature_extraction/text.py:1981
subpersonal_score,extraction_output_field,Article_Eater_PostQuinean_v1,1,1,Article_Eater_PostQuinean_v1/src/epistemic/extraction/pathway_classifier.py:152
subsumes_theory,enum_value,Article_Eater_PostQuinean_v1,1,1,Article_Eater_PostQuinean_v1/src/epistemic/edge_types.py:76
suggested_action,extraction_output_field,BN_graphical,1,1,BN_graphical/contracts/bn.api.v2.schema.json:314
suggested_canonical,database_column,Outcome_Contractor,1,1,Outcome_Contractor/core/database.py:112
suggested_confidence,database_column,Outcome_Contractor,1,1,Outcome_Contractor/core/database.py:113
suggested_revision,extraction_output_field,Article_Eater_PostQuinean_v1,1,1,Article_Eater_PostQuinean_v1/contracts/ae_af/schemas/ae.bridge.v1.schema.json:93
suggested_search,extraction_output_field,Article_Eater_PostQuinean_v1,1,2,Article_Eater_PostQuinean_v1/contracts/ae_af/schemas/ae.gap_report.v1.schema.json:204; Article_Eater_PostQuinean_v1/contracts/ae_af/schemas/ae.query_response.v1.schema.json:354
suggested_searches,extraction_output_field,Article_Eater_PostQuinean_v1,1,2,Article_Eater_PostQuinean_v1/contracts/ae_af/schemas/ae.gap_report.v1.schema.json:97; Article_Eater_PostQuinean_v1/docs/MVP_CONTRACTS.md:302
summary_response,extraction_output_field,Article_Eater_PostQuinean_v1,1,1,Article_Eater_PostQuinean_v1/contracts/ae_af/schemas/ae.query_response.v1.schema.json:142
summary_statements,extraction_output_field,Article_Eater_PostQuinean_v1,1,1,Article_Eater_PostQuinean_v1/tests/test_sprint6c_ingestion.py:305
support_confidence,extraction_output_field,Article_Eater_PostQuinean_v1,1,1,Article_Eater_PostQuinean_v1/src/epistemic/extraction/argumentative.py:129
supported_by,extraction_output_field,Article_Eater_PostQuinean_v1,1,1,Article_Eater_PostQuinean_v1/contracts/schemas/provenance.v1.schema.json:56
supporting_theories,extraction_output_field,Article_Eater_PostQuinean_v1,1,1,Article_Eater_PostQuinean_v1/src/epistemic/extraction/argumentative.py:131
supports_hypothesis,database_column,BN_graphical,1,2,BN_graphical/database/04_experiment_tables.sql:167; BN_graphical/database/schema.sql:709
svc__loss,extraction_output_field,BN_graphical,1,6,BN_graphical/backups/broken_venvs/bn_venv_20260213_092600/lib/python3.12/site-packages/sklearn/feature_extraction/tests/test_text.py:944; BN_graphical/backups/broken_venvs/bn_venv_20260213_092600/lib/python3.12/site-packages/sklearn/feature_extraction/tests/test_text.py:981; BN_graphical/bn_venv_py311/lib/python3.11/site-packages/sklearn/feature_extraction/tests/test_text.py:944; BN_graphical/bn_venv_py311/lib/python3.11/site-packages/sklearn/feature_extraction/tests/test_text.py:981
synced_at,extraction_output_field,Article_Finder_v3_2_3,1,1,Article_Finder_v3_2_3/ingest/zotero_connector.py:512
synthesis_conclusion,enum_value,Article_Eater_PostQuinean_v1,1,1,Article_Eater_PostQuinean_v1/src/epistemic/node_types.py:63
synthesis_method,extraction_output_field,Outcome_Contractor,1,1,Outcome_Contractor/article_finder/type_specific_extractor.py:579
synthesis_primary,enum_value,Article_Eater_PostQuinean_v1,1,1,Article_Eater_PostQuinean_v1/src/epistemic/monitors/cross_type_coherence.py:30
synthesizes_as,enum_value,Article_Eater_PostQuinean_v1,1,1,Article_Eater_PostQuinean_v1/src/epistemic/edge_types.py:67
system_error,enum_value,Article_Eater_PostQuinean_v1,1,1,Article_Eater_PostQuinean_v1/src/services/credibility_feedback.py:49
tCenterX,extraction_output_field,BN_graphical,1,3,BN_graphical/backups/broken_venvs/bn_venv_20260213_092600/lib/python3.12/site-packages/fontTools/ttLib/tables/otTables.py:96; BN_graphical/bn_venv_py311/lib/python3.11/site-packages/fontTools/ttLib/tables/otTables.py:96; BN_graphical/test_venv_310/lib/python3.10/site-packages/fontTools/ttLib/tables/otTables.py:96
tCenterY,extraction_output_field,BN_graphical,1,3,BN_graphical/backups/broken_venvs/bn_venv_20260213_092600/lib/python3.12/site-packages/fontTools/ttLib/tables/otTables.py:97; BN_graphical/bn_venv_py311/lib/python3.11/site-packages/fontTools/ttLib/tables/otTables.py:97; BN_graphical/test_venv_310/lib/python3.10/site-packages/fontTools/ttLib/tables/otTables.py:97
table_context,extraction_output_field,Outcome_Contractor,1,8,Outcome_Contractor/article_finder/corpus/bn_extracted_data.json:104; Outcome_Contractor/article_finder/corpus/bn_extracted_data.json:121; Outcome_Contractor/article_finder/corpus/bn_extracted_data.json:138; Outcome_Contractor/article_finder/corpus/bn_extracted_data.json:19
table_figure,extraction_output_field,Article_Eater_PostQuinean_v1,1,1,Article_Eater_PostQuinean_v1/contracts/schemas/experiential_claim.v1.schema.json:155
table_kind,extraction_output_field,Article_Eater_PostQuinean_v1,1,1,Article_Eater_PostQuinean_v1/scripts/run_realtime_table_rule_intake.py:782
table_number,database_column,Article_Finder_v3_2_3,1,1,Article_Finder_v3_2_3/core/database.py:284
table_title,extraction_output_field,Article_Eater_PostQuinean_v1,1,10,Article_Eater_PostQuinean_v1/src/services/table_extractor.py:173; Article_Eater_PostQuinean_v1/src/services/table_extractor.py:192; Article_Eater_PostQuinean_v1/src/services/table_extractor.py:217; Article_Eater_PostQuinean_v1/src/services/table_extractor.py:237
tables_by_type,extraction_output_field,Outcome_Contractor,1,1,Outcome_Contractor/article_finder/table_extractor.py:265
tables_found,extraction_output_field,Outcome_Contractor,1,3,Outcome_Contractor/article_finder/bn_table_extractor.py:432; Outcome_Contractor/article_finder/corpus/bn_extracted_data.json:144; Outcome_Contractor/article_finder/table_extractor.py:282
tables_with_stats,extraction_output_field,Outcome_Contractor,1,1,Outcome_Contractor/article_finder/table_extractor.py:264
tag.evidence_pointer,extraction_output_field,Article_Eater_PostQuinean_v1,1,2,Article_Eater_PostQuinean_v1/contracts/vocab/environment_lookup.json:1480; Article_Eater_PostQuinean_v1/contracts/vocab/environment_lookup.json:4403
tag.request_source,extraction_output_field,Article_Eater_PostQuinean_v1,1,2,Article_Eater_PostQuinean_v1/contracts/vocab/environment_lookup.json:1482; Article_Eater_PostQuinean_v1/contracts/vocab/environment_lookup.json:4410
tag_id,database_column;extraction_output_field,Tagging_Contractor,1,3409,Tagging_Contractor/Archive 2/backend/app/db/database.py:137; Tagging_Contractor/Archive 2/backend/app/db/schema.sql:14; Tagging_Contractor/Archive 2/core/trs-core/v0.2.8/contracts/article_eater_contract_v0.2.8.json:1008; Tagging_Contractor/Archive 2/core/trs-core/v0.2.8/contracts/article_eater_contract_v0.2.8.json:102
tag_vector,extraction_output_field,BN_graphical,1,1,BN_graphical/contracts/bn.api.v2.schema.json:118
tags_added,database_column,Tagging_Contractor,1,4,Tagging_Contractor/Archive 2/backend/app/db/database.py:162; Tagging_Contractor/Archive 2/backend/app/db/schema.sql:51; Tagging_Contractor/backend/app/db/database.py:162; Tagging_Contractor/backend/app/db/schema.sql:51
tags_count,extraction_output_field,Article_Eater_PostQuinean_v1,1,1,Article_Eater_PostQuinean_v1/contracts/vocab/environment_lookup.json:4468
tags_modified,database_column,Tagging_Contractor,1,4,Tagging_Contractor/Archive 2/backend/app/db/database.py:164; Tagging_Contractor/Archive 2/backend/app/db/schema.sql:53; Tagging_Contractor/backend/app/db/database.py:164; Tagging_Contractor/backend/app/db/schema.sql:53
tags_removed,database_column,Tagging_Contractor,1,4,Tagging_Contractor/Archive 2/backend/app/db/database.py:163; Tagging_Contractor/Archive 2/backend/app/db/schema.sql:52; Tagging_Contractor/backend/app/db/database.py:163; Tagging_Contractor/backend/app/db/schema.sql:52
target_article_types,database_column,Article_Eater_PostQuinean_v1,1,1,Article_Eater_PostQuinean_v1/migrations/006_discovery_funnel.sql:41
target_beliefs,extraction_output_field,Article_Eater_PostQuinean_v1,1,1,Article_Eater_PostQuinean_v1/contracts/ae_af/schemas/ae.bridge.v1.schema.json:60
target_community_id,extraction_output_field,Article_Eater_PostQuinean_v1,1,4,Article_Eater_PostQuinean_v1/contracts/schemas/social_epistemology.schema.json:276; Article_Eater_PostQuinean_v1/contracts/schemas/social_epistemology.v1.schema.json:280; Article_Eater_PostQuinean_v1/ruthless_bundle_2026-02-08/contracts/schemas/social_epistemology.schema.json:276; Article_Eater_PostQuinean_v1/ruthless_bundle_2026-02-08/contracts/schemas/social_epistemology.v1.schema.json:280
target_domain,extraction_output_field,Article_Eater_PostQuinean_v1,1,1,Article_Eater_PostQuinean_v1/contracts/ae_af/schemas/ae.bridge.v1.schema.json:22
target_gaps,extraction_output_field,Article_Eater_PostQuinean_v1,1,2,Article_Eater_PostQuinean_v1/contracts/ae_af/schemas/ae.gap_report.v1.schema.json:216; Article_Eater_PostQuinean_v1/docs/MVP_CONTRACTS.md:306
target_level,extraction_output_field,Article_Eater_PostQuinean_v1,1,1,Article_Eater_PostQuinean_v1/archive/docs/handoffs/_ontology_rule_system_summary_a bit ago.md:519
target_node,extraction_output_field,Article_Eater_PostQuinean_v1,1,1,Article_Eater_PostQuinean_v1/contracts/schemas/integration.edge_justification.v1.schema.json:128
target_node_id,extraction_output_field,Article_Eater_PostQuinean_v1,1,1,Article_Eater_PostQuinean_v1/src/epistemic/contracts/edge_v2.py:53
target_papers,extraction_output_field,Article_Eater_PostQuinean_v1,1,4,Article_Eater_PostQuinean_v1/contracts/schemas/social_epistemology.schema.json:292; Article_Eater_PostQuinean_v1/contracts/schemas/social_epistemology.v1.schema.json:293; Article_Eater_PostQuinean_v1/ruthless_bundle_2026-02-08/contracts/schemas/social_epistemology.schema.json:292; Article_Eater_PostQuinean_v1/ruthless_bundle_2026-02-08/contracts/schemas/social_epistemology.v1.schema.json:293
target_sources,database_column,Article_Eater_PostQuinean_v1,1,1,Article_Eater_PostQuinean_v1/migrations/006_discovery_funnel.sql:42
targeted_search,enum_value,Article_Finder_v3_2_3,1,1,Article_Finder_v3_2_3/search/discovery_orchestrator.py:41
task.aut,extraction_output_field,Outcome_Contractor,1,1,Outcome_Contractor/article_finder/ae_claim_extractor.py:231
task.cpt,extraction_output_field,Outcome_Contractor,1,1,Outcome_Contractor/article_finder/ae_claim_extractor.py:228
task.digit_span,extraction_output_field,Outcome_Contractor,1,1,Outcome_Contractor/article_finder/ae_claim_extractor.py:235
task.mental_rotation,extraction_output_field,Outcome_Contractor,1,1,Outcome_Contractor/article_finder/ae_claim_extractor.py:233
task.nasatlx,extraction_output_field,Outcome_Contractor,1,1,Outcome_Contractor/article_finder/ae_claim_extractor.py:240
task.nback,extraction_output_field,Outcome_Contractor,1,1,Outcome_Contractor/article_finder/ae_claim_extractor.py:230
task.panas,extraction_output_field,Outcome_Contractor,1,1,Outcome_Contractor/article_finder/ae_claim_extractor.py:237
task.pss,extraction_output_field,Outcome_Contractor,1,1,Outcome_Contractor/article_finder/ae_claim_extractor.py:239
task.rat,extraction_output_field,Outcome_Contractor,1,1,Outcome_Contractor/article_finder/ae_claim_extractor.py:232
task.reading,extraction_output_field,Outcome_Contractor,1,1,Outcome_Contractor/article_finder/ae_claim_extractor.py:236
task.stai,extraction_output_field,Outcome_Contractor,1,1,Outcome_Contractor/article_finder/ae_claim_extractor.py:238
task.stroop,extraction_output_field,Outcome_Contractor,1,1,Outcome_Contractor/article_finder/ae_claim_extractor.py:229
task.trail_making,extraction_output_field,Outcome_Contractor,1,1,Outcome_Contractor/article_finder/ae_claim_extractor.py:234
task_context,extraction_output_field,Article_Eater_PostQuinean_v1,1,2,Article_Eater_PostQuinean_v1/contracts/ae_af/schemas/claim_gallery.v1.schema.json:99; Article_Eater_PostQuinean_v1/src/services/claim_gallery_builder.py:419
task_general,extraction_output_field,Article_Eater_PostQuinean_v1,1,1,Article_Eater_PostQuinean_v1/contracts/vocab/task_taxonomy.json:174
task_id,extraction_output_field,Article_Eater_PostQuinean_v1,1,3,Article_Eater_PostQuinean_v1/schemas/panel_context.schema.json:87; Article_Eater_PostQuinean_v1/schemas/panel_findings_v2.schema.json:94; Article_Eater_PostQuinean_v1/src/services/rulegraph_v2_builder.py:105
task_specificity,extraction_output_field,Article_Eater_PostQuinean_v1,1,1,Article_Eater_PostQuinean_v1/contracts/vocab/task_taxonomy.json:161
taxonomy_match,enum_value,BN_graphical,1,1,BN_graphical/src/bn_integration/claim_mapper.py:36
teaching_materials,enum_value,Article_Eater_PostQuinean_v1,1,1,Article_Eater_PostQuinean_v1/src/services/export_bundles.py:69
technical_report,enum_value,Article_Eater_PostQuinean_v1,1,2,Article_Eater_PostQuinean_v1/src/services/export_audit.py:42; Article_Eater_PostQuinean_v1/src/services/report_generator.py:46
template_version,extraction_output_field,Article_Eater_PostQuinean_v1,1,2,Article_Eater_PostQuinean_v1/scripts/run_realtime_table_rule_intake.py:822; Article_Eater_PostQuinean_v1/src/epistemic/contracts/claim_v2.py:146
temporal_lag_between_levels,extraction_output_field,Article_Eater_PostQuinean_v1,1,1,Article_Eater_PostQuinean_v1/archive/docs/handoffs/_ontology_rule_system_summary_a bit ago.md:522
temporal_limit,enum_value,Outcome_Contractor,1,1,Outcome_Contractor/core/argument_taxonomy.py:244
temporal_order,extraction_output_field,Article_Eater_PostQuinean_v1,1,2,Article_Eater_PostQuinean_v1/tests/test_ingestion_routes.py:191; Article_Eater_PostQuinean_v1/tests/test_ingestion_routes.py:489
temporal_structure,extraction_output_field,Outcome_Contractor,1,1,Outcome_Contractor/article_finder/exemplary_extraction_tables.md:2170
tensions_remaining,extraction_output_field,BN_graphical,1,1,BN_graphical/contracts/bn.epistemology.v1.schema.json:322
tensions_resolved,extraction_output_field,BN_graphical,1,1,BN_graphical/contracts/bn.epistemology.v1.schema.json:318
terms_with_parents,extraction_output_field,Outcome_Contractor,1,1,Outcome_Contractor/contracts/oc_export/constitutive_bridges.json:24569
test.txt,extraction_output_field,BN_graphical,1,1,BN_graphical/test_venv_310/lib/python3.10/site-packages/setuptools/tests/test_editable_install.py:1103
test_mediator,extraction_output_field,BN_graphical,1,3,BN_graphical/tests/test_contracts.py:112; BN_graphical/tests/test_contracts.py:117; BN_graphical/tests/test_contracts.py:92
test_retest,extraction_output_field,Article_Eater_PostQuinean_v1,1,1,Article_Eater_PostQuinean_v1/contracts/schemas/experiential_claim.v1.schema.json:120
test_statistic,extraction_output_field,Outcome_Contractor,1,8,Outcome_Contractor/article_finder/corpus/bn_extracted_data.json:116; Outcome_Contractor/article_finder/corpus/bn_extracted_data.json:133; Outcome_Contractor/article_finder/corpus/bn_extracted_data.json:14; Outcome_Contractor/article_finder/corpus/bn_extracted_data.json:31
test_strength,database_column,Article_Eater_PostQuinean_v1,1,1,Article_Eater_PostQuinean_v1/db/sql/017_theories.sql:206
test_summary,database_column;extraction_output_field,Article_Eater_PostQuinean_v1,1,3,Article_Eater_PostQuinean_v1/db/sql/017_theories.sql:167; Article_Eater_PostQuinean_v1/ruthless_bundle_2026-02-08/src/services/extraction_to_web.py:1495; Article_Eater_PostQuinean_v1/src/services/extraction_to_web.py:1619
test_type,database_column,Article_Eater_PostQuinean_v1,1,1,Article_Eater_PostQuinean_v1/db/sql/017_theories.sql:204
testable_prediction,extraction_output_field,BN_graphical,1,1,BN_graphical/src/ai_extraction/field_thresholds.py:232
testable_via,extraction_output_field,Article_Eater_PostQuinean_v1,1,1,Article_Eater_PostQuinean_v1/tests/test_sprint6c_ingestion.py:179
testing_status,database_column;extraction_output_field,Article_Eater_PostQuinean_v1,1,3,Article_Eater_PostQuinean_v1/db/sql/017_theories.sql:165; Article_Eater_PostQuinean_v1/ruthless_bundle_2026-02-08/src/services/extraction_to_web.py:1493; Article_Eater_PostQuinean_v1/src/services/extraction_to_web.py:1617
tests_explicitly,database_column,Article_Eater_PostQuinean_v1,1,1,Article_Eater_PostQuinean_v1/db/sql/017_theories.sql:257
text.txt,extraction_output_field,BN_graphical,1,3,BN_graphical/backups/broken_venvs/bn_venv_20260213_092600/lib/python3.12/site-packages/setuptools/tests/test_editable_install.py:485; BN_graphical/bn_venv_py311/lib/python3.11/site-packages/setuptools/tests/test_editable_install.py:485; BN_graphical/test_venv_310/lib/python3.10/site-packages/setuptools/tests/test_editable_install.py:486
text_filter,extraction_output_field,Article_Eater_PostQuinean_v1,1,1,Article_Eater_PostQuinean_v1/docs/BN_EXPORT_SCHEMA_v0_1.md:23
text_hash,database_column,Article_Finder_v3_2_3,1,1,Article_Finder_v3_2_3/core/database.py:267
text_length,database_column,Article_Eater_PostQuinean_v1,1,5,Article_Eater_PostQuinean_v1/db/sql/015_complete_schema.sql:39; Article_Eater_PostQuinean_v1/db/sql/015_core_tables.sql:36; Article_Eater_PostQuinean_v1/db/sql/018_paper_lifecycle.sql:145; Article_Eater_PostQuinean_v1/db/sql/018_paper_lifecycle.sql:57
text_preview,extraction_output_field,BN_graphical,1,1,BN_graphical/src/ai_extraction/verification_queue.py:112
text_source,database_column,Article_Eater_PostQuinean_v1,1,2,Article_Eater_PostQuinean_v1/db/sql/018_paper_lifecycle.sql:144; Article_Eater_PostQuinean_v1/db/sql/018_paper_lifecycle.sql:56
text_special,extraction_output_field,BN_graphical,1,1,BN_graphical/backups/broken_venvs/bn_venv_20260213_092600/lib/python3.12/site-packages/markdown_it/rules_core/text_join.py:25
texture.macro.contrast,extraction_output_field,Article_Eater_PostQuinean_v1,1,2,Article_Eater_PostQuinean_v1/contracts/vocab/environment_lookup.json:1484; Article_Eater_PostQuinean_v1/contracts/vocab/environment_lookup.json:4417
texture.macro.homogeneity,extraction_output_field,Article_Eater_PostQuinean_v1,1,2,Article_Eater_PostQuinean_v1/contracts/vocab/environment_lookup.json:1486; Article_Eater_PostQuinean_v1/contracts/vocab/environment_lookup.json:4424
texture.micro.contrast,extraction_output_field,Article_Eater_PostQuinean_v1,1,2,Article_Eater_PostQuinean_v1/contracts/vocab/environment_lookup.json:1488; Article_Eater_PostQuinean_v1/contracts/vocab/environment_lookup.json:4431
texture.micro.homogeneity,extraction_output_field,Article_Eater_PostQuinean_v1,1,2,Article_Eater_PostQuinean_v1/contracts/vocab/environment_lookup.json:1489; Article_Eater_PostQuinean_v1/contracts/vocab/environment_lookup.json:4438
theme_descriptions,extraction_output_field,Outcome_Contractor,1,1,Outcome_Contractor/article_finder/type_specific_extractor.py:287
theme_prevalence,extraction_output_field,Outcome_Contractor,1,1,Outcome_Contractor/article_finder/type_specific_extractor.py:443
themes_identified,extraction_output_field,Outcome_Contractor,1,1,Outcome_Contractor/article_finder/type_specific_extractor.py:286
theoretical_basis,extraction_output_field,Outcome_Contractor,1,2,Outcome_Contractor/article_finder/seven_panel_extractor.py:134; Outcome_Contractor/article_finder/seven_panel_extractor.py:1382
theoretical_commitment,bn_node_definition,Article_Eater_PostQuinean_v1,1,1,Article_Eater_PostQuinean_v1/src/epistemic/bn_nodes.py:205
theoretical_contribution,extraction_output_field,Outcome_Contractor,1,1,Outcome_Contractor/article_finder/type_specific_extractor.py:663
theoretical_critique,enum_value,Outcome_Contractor,1,1,Outcome_Contractor/core/argument_taxonomy.py:116
theoretical_framework,database_column;extraction_output_field,BN_graphical,1,2,BN_graphical/migrations/005_sprint1_schemas.sql:129; BN_graphical/src/schemas/outcome_taxonomy.py:218
theoretical_integration,enum_value,Outcome_Contractor,1,1,Outcome_Contractor/core/argument_taxonomy.py:129
theoretical_proposition,enum_value,Article_Eater_PostQuinean_v1,1,1,Article_Eater_PostQuinean_v1/src/epistemic/node_types.py:67
theoretical_proposition_coverage,extraction_output_field,Article_Eater_PostQuinean_v1,1,1,Article_Eater_PostQuinean_v1/config/table_extraction_quality_thresholds.json:21
theoretical_propositions,extraction_output_field,Outcome_Contractor,1,1,Outcome_Contractor/article_finder/type_specific_extractor.py:368
theoretical_sampling,extraction_output_field,Outcome_Contractor,1,1,Outcome_Contractor/article_finder/type_specific_extractor.py:353
theoretically_predicts,enum_value,Article_Eater_PostQuinean_v1,1,1,Article_Eater_PostQuinean_v1/src/epistemic/edge_types.py:72
theories_involved,extraction_output_field,Article_Eater_PostQuinean_v1,1,1,Article_Eater_PostQuinean_v1/contracts/ae_af/schemas/ae.query_response.v1.schema.json:203
theories_mentioned,extraction_output_field,Outcome_Contractor,1,1,Outcome_Contractor/article_finder/seven_panel_extractor.py:1449
theories_referenced,extraction_output_field,Article_Eater_PostQuinean_v1,1,1,Article_Eater_PostQuinean_v1/src/services/pdf_extraction.py:113
theory_alignment,extraction_output_field,BN_graphical,1,2,BN_graphical/contracts/bn.prediction.v1.schema.json:62; BN_graphical/src/mechanisms/mechanism_schema.py:406
theory_beliefs,extraction_output_field,Article_Eater_PostQuinean_v1,1,1,Article_Eater_PostQuinean_v1/scripts/migrate_rules_to_web.py:502
theory_commitment,enum_value,Article_Eater_PostQuinean_v1,1,2,Article_Eater_PostQuinean_v1/ruthless_bundle_2026-02-08/src/services/social_epistemology.py:63; Article_Eater_PostQuinean_v1/src/services/social_epistemology.py:63
theory_commitment_revise,enum_value,BN_graphical,1,1,BN_graphical/src/epistemology/reflective_equilibrium.py:72
theory_confidence,extraction_output_field,Article_Eater_PostQuinean_v1,1,2,Article_Eater_PostQuinean_v1/ruthless_bundle_2026-02-08/src/services/extraction_to_web.py:245; Article_Eater_PostQuinean_v1/src/services/extraction_to_web.py:258
theory_constraints,extraction_output_field,BN_graphical,1,1,BN_graphical/contracts/bn.epistemology.v1.schema.json:235
theory_contested,enum_value,Article_Eater_PostQuinean_v1,1,1,Article_Eater_PostQuinean_v1/src/services/query_alerts.py:72
theory_contribution,database_column;extraction_output_field,Article_Eater_PostQuinean_v1,1,3,Article_Eater_PostQuinean_v1/db/sql/017_theories.sql:172; Article_Eater_PostQuinean_v1/ruthless_bundle_2026-02-08/src/services/extraction_to_web.py:1498; Article_Eater_PostQuinean_v1/src/services/extraction_to_web.py:1622
theory_distribution,extraction_output_field,Article_Eater_PostQuinean_v1,1,1,Article_Eater_PostQuinean_v1/contracts/ae_af/schemas/ae.coherence_summary.v1.schema.json:93
theory_evidence,enum_value,Article_Eater_PostQuinean_v1,1,1,Article_Eater_PostQuinean_v1/src/epistemic/monitors/cross_type_coherence.py:29
theory_filter,extraction_output_field,Article_Eater_PostQuinean_v1,1,2,Article_Eater_PostQuinean_v1/contracts/ae_af/schemas/ae.gap_report.v1.schema.json:42; Article_Eater_PostQuinean_v1/contracts/ae_af/schemas/ae.query_request.v1.schema.json:114
theory_ids,extraction_output_field,Article_Eater_PostQuinean_v1,1,2,Article_Eater_PostQuinean_v1/ruthless_bundle_2026-02-08/src/services/extraction_to_web.py:237; Article_Eater_PostQuinean_v1/src/services/extraction_to_web.py:250
theory_inference_method,extraction_output_field,Article_Eater_PostQuinean_v1,1,2,Article_Eater_PostQuinean_v1/ruthless_bundle_2026-02-08/src/services/extraction_to_web.py:244; Article_Eater_PostQuinean_v1/src/services/extraction_to_web.py:257
theory_inferences,extraction_output_field,Article_Eater_PostQuinean_v1,1,2,Article_Eater_PostQuinean_v1/ruthless_bundle_2026-02-08/src/services/extraction_to_web.py:236; Article_Eater_PostQuinean_v1/src/services/extraction_to_web.py:249
theory_link_has_relation_type,extraction_output_field,Article_Eater_PostQuinean_v1,1,1,Article_Eater_PostQuinean_v1/config/table_extraction_quality_thresholds.json:25
theory_only,enum_value,BN_graphical,1,1,BN_graphical/src/goldilocks_refinement/functional_form.py:79
theory_outcome_relevance,extraction_output_field,Article_Eater_PostQuinean_v1,1,1,Article_Eater_PostQuinean_v1/contracts/ae_af/schemas/ae.extended_outcome_lookup.v1.schema.json:99
theory_references,extraction_output_field,Article_Eater_PostQuinean_v1,1,1,Article_Eater_PostQuinean_v1/src/services/pdf_extraction.py:529
theory_relevance,extraction_output_field,Article_Eater_PostQuinean_v1,1,1,Article_Eater_PostQuinean_v1/contracts/ae_af/schemas/ae.extended_outcome_lookup.v1.schema.json:58
theory_review_reason,extraction_output_field,Article_Eater_PostQuinean_v1,1,2,Article_Eater_PostQuinean_v1/ruthless_bundle_2026-02-08/src/services/extraction_to_web.py:247; Article_Eater_PostQuinean_v1/src/services/extraction_to_web.py:260
theory_shift,enum_value,Article_Eater_PostQuinean_v1,1,1,Article_Eater_PostQuinean_v1/src/services/query_alerts.py:71
theory_tags,extraction_output_field,Article_Eater_PostQuinean_v1,1,1,Article_Eater_PostQuinean_v1/contracts/schemas/integration.edge_justification.v1.schema.json:47
theory_tension,enum_value,Article_Eater_PostQuinean_v1,1,1,Article_Eater_PostQuinean_v1/src/epistemic/edge_types.py:77
theory_update_direction,database_column,Article_Eater_PostQuinean_v1,1,1,Article_Eater_PostQuinean_v1/db/sql/017_theories.sql:262
theory_update_magnitude,database_column,Article_Eater_PostQuinean_v1,1,1,Article_Eater_PostQuinean_v1/db/sql/017_theories.sql:263
thermal.humidity,extraction_output_field,Outcome_Contractor,1,1,Outcome_Contractor/article_finder/ae_claim_extractor.py:185
thermal.temperature,extraction_output_field,Outcome_Contractor,1,1,Outcome_Contractor/article_finder/ae_claim_extractor.py:184
thick_description,extraction_output_field,Outcome_Contractor,1,1,Outcome_Contractor/article_finder/type_specific_extractor.py:328
three.py,extraction_output_field,BN_graphical,1,3,BN_graphical/backups/broken_venvs/bn_venv_20260213_092600/lib/python3.12/site-packages/setuptools/tests/test_editable_install.py:582; BN_graphical/bn_venv_py311/lib/python3.11/site-packages/setuptools/tests/test_editable_install.py:582; BN_graphical/test_venv_310/lib/python3.10/site-packages/setuptools/tests/test_editable_install.py:583
threshold_ratio_constraints,enum_value,BN_graphical,1,1,BN_graphical/bn_venv/lib/python3.14/site-packages/scipy/_lib/cobyqa/settings.py:64
threshold_too_strict,enum_value,Article_Eater_PostQuinean_v1,1,1,Article_Eater_PostQuinean_v1/src/services/credibility_feedback.py:58
thumbnail_uri,extraction_output_field,Article_Eater_PostQuinean_v1,1,1,Article_Eater_PostQuinean_v1/contracts/ae_af/schemas/claim_gallery.v1.schema.json:176
tier_1,extraction_output_field,Article_Eater_PostQuinean_v1,1,1,Article_Eater_PostQuinean_v1/contracts/vocab/institution_tiers.json:47
tier_2,extraction_output_field,Article_Eater_PostQuinean_v1,1,1,Article_Eater_PostQuinean_v1/contracts/vocab/institution_tiers.json:61
tier_3,extraction_output_field,Article_Eater_PostQuinean_v1,1,1,Article_Eater_PostQuinean_v1/contracts/vocab/institution_tiers.json:79
tier_definitions,extraction_output_field,Article_Eater_PostQuinean_v1,1,1,Article_Eater_PostQuinean_v1/contracts/vocab/institution_tiers.json:18
time_critical,extraction_output_field,Article_Eater_PostQuinean_v1,1,1,Article_Eater_PostQuinean_v1/contracts/vocab/task_taxonomy.json:102
time_pressure,extraction_output_field,Article_Eater_PostQuinean_v1,1,1,Article_Eater_PostQuinean_v1/contracts/vocab/task_taxonomy.json:90
time_span,extraction_output_field,Outcome_Contractor,1,1,Outcome_Contractor/article_finder/type_specific_extractor.py:202
time_span_years,extraction_output_field,Outcome_Contractor,1,1,Outcome_Contractor/article_finder/exemplary_extraction_tables.md:2172
time_varying_predictors,extraction_output_field,Outcome_Contractor,1,1,Outcome_Contractor/article_finder/type_specific_extractor.py:208
timeline_type,database_column,Article_Eater_PostQuinean_v1,1,2,Article_Eater_PostQuinean_v1/migrations/005_add_entrenchment_tracker.sql:25; Article_Eater_PostQuinean_v1/migrations/005_add_entrenchment_tracker.sql:49
to_layer,extraction_output_field,BN_graphical,1,2,BN_graphical/src/mechanisms/mechanism_schema.py:400; BN_graphical/src/schemas/enhanced_edge.py:558
to_level,extraction_output_field,BN_graphical,1,2,BN_graphical/contracts/bn.epistemology.v1.schema.json:336; BN_graphical/contracts/bn.epistemology.v1.schema.json:406
to_node,extraction_output_field,BN_graphical,1,2,BN_graphical/src/mechanisms/mechanism_schema.py:398; BN_graphical/src/schemas/enhanced_edge.py:556
token_pattern,extraction_output_field,BN_graphical,1,6,BN_graphical/backups/broken_venvs/bn_venv_20260213_092600/lib/python3.12/site-packages/sklearn/feature_extraction/text.py:1148; BN_graphical/backups/broken_venvs/bn_venv_20260213_092600/lib/python3.12/site-packages/sklearn/feature_extraction/text.py:758; BN_graphical/bn_venv_py311/lib/python3.11/site-packages/sklearn/feature_extraction/text.py:1148; BN_graphical/bn_venv_py311/lib/python3.11/site-packages/sklearn/feature_extraction/text.py:758
tokens_in,extraction_output_field,Article_Eater_PostQuinean_v1,1,1,Article_Eater_PostQuinean_v1/schemas/api_usage.schema.json:34
tokens_out,extraction_output_field,Article_Eater_PostQuinean_v1,1,1,Article_Eater_PostQuinean_v1/schemas/api_usage.schema.json:37
too_fast_flag,database_column,BN_graphical,1,2,BN_graphical/database/02_rating_tables.sql:51; BN_graphical/database/schema.sql:203
top_citations,extraction_output_field,Article_Eater_PostQuinean_v1,1,1,Article_Eater_PostQuinean_v1/contracts/ae_af/schemas/claim_gallery.v1.schema.json:77
top_gaps,extraction_output_field,Article_Eater_PostQuinean_v1,1,1,Article_Eater_PostQuinean_v1/contracts/ae_af/schemas/ae.query_response.v1.schema.json:338
top_results,database_column,Article_Eater_PostQuinean_v1,1,1,Article_Eater_PostQuinean_v1/migrations/006_discovery_funnel.sql:85
topic_bucket,extraction_output_field,Article_Eater_PostQuinean_v1,1,4,Article_Eater_PostQuinean_v1/scripts/build_abstract_reduced_tables.py:508; Article_Eater_PostQuinean_v1/scripts/build_abstract_reduced_tables.py:576; Article_Eater_PostQuinean_v1/scripts/build_table_extraction_queue.py:354; Article_Eater_PostQuinean_v1/scripts/build_table_gold_pack.py:178
topic_score,database_column,Article_Finder_v3_2_3,1,1,Article_Finder_v3_2_3/core/database.py:70
topic_stage,database_column,Article_Finder_v3_2_3,1,1,Article_Finder_v3_2_3/core/database.py:72
total_analyzed,extraction_output_field,Outcome_Contractor,1,1,Outcome_Contractor/article_finder/table_extractor.py:262
total_beliefs,extraction_output_field,Article_Eater_PostQuinean_v1,1,1,Article_Eater_PostQuinean_v1/scripts/migrate_rules_to_web.py:503
total_bridges,extraction_output_field,Outcome_Contractor,1,1,Outcome_Contractor/contracts/oc_export/constitutive_bridges.json:24568
total_candidates,extraction_output_field,Article_Eater_PostQuinean_v1,1,2,Article_Eater_PostQuinean_v1/contracts/ae_af/schemas/selection_log.v1.schema.json:73; Article_Eater_PostQuinean_v1/src/services/claim_gallery_builder.py:1063
total_effect_sizes,extraction_output_field,Article_Eater_PostQuinean_v1,1,1,Article_Eater_PostQuinean_v1/src/services/pdf_extraction.py:530
total_extractions,extraction_output_field,BN_graphical,1,1,BN_graphical/src/ai_extraction/extraction_pipeline.py:161
total_items,extraction_output_field,Article_Finder_v3_2_3,1,1,Article_Finder_v3_2_3/ingest/zotero_bridge.py:308
total_participants,extraction_output_field,Outcome_Contractor,1,1,Outcome_Contractor/article_finder/seven_panel_extractor.py:1468
total_pdf_files,extraction_output_field,Article_Finder_v3_2_3,1,1,Article_Finder_v3_2_3/ingest/zotero_bridge.py:311
total_pdf_size_mb,extraction_output_field,Article_Finder_v3_2_3,1,1,Article_Finder_v3_2_3/ingest/pdf_downloader.py:231
total_pdfs,extraction_output_field,Article_Finder_v3_2_3,1,1,Article_Finder_v3_2_3/ingest/pdf_cataloger.py:390
total_predictions,extraction_output_field,BN_graphical,1,1,BN_graphical/contracts/bn.prediction.v1.schema.json:116
total_processing_time_seconds,database_column,Article_Eater_PostQuinean_v1,1,1,Article_Eater_PostQuinean_v1/db/sql/018_paper_lifecycle.sql:139
total_rows,extraction_output_field,Article_Finder_v3_2_3,1,2,Article_Finder_v3_2_3/ingest/smart_importer.py:265; Article_Finder_v3_2_3/ingest/smart_importer.py:315
total_rules,extraction_output_field,Article_Eater_PostQuinean_v1,1,1,Article_Eater_PostQuinean_v1/scripts/migrate_rules_to_web.py:499
total_sample_size,database_column,Article_Eater_PostQuinean_v1,1,1,Article_Eater_PostQuinean_v1/migrations/001_refactor_rules_to_findings.sql:74
total_selected,extraction_output_field,Article_Eater_PostQuinean_v1,1,2,Article_Eater_PostQuinean_v1/contracts/ae_af/schemas/selection_log.v1.schema.json:74; Article_Eater_PostQuinean_v1/src/services/claim_gallery_builder.py:1064
total_stubs,extraction_output_field,Article_Eater_PostQuinean_v1,1,2,Article_Eater_PostQuinean_v1/ruthless_bundle_2026-02-08/src/services/extraction_to_web.py:1363; Article_Eater_PostQuinean_v1/src/services/extraction_to_web.py:1448
total_tables,extraction_output_field,Outcome_Contractor,1,1,Outcome_Contractor/article_finder/table_extractor.py:263
total_temporal_params,extraction_output_field,Article_Eater_PostQuinean_v1,1,1,Article_Eater_PostQuinean_v1/src/services/pdf_extraction.py:531
total_tokens,extraction_output_field,BN_graphical,1,2,BN_graphical/src/ai_extraction/llm_client.py:278; BN_graphical/src/ai_extraction/llm_client.py:355
total_verified,extraction_output_field,BN_graphical,1,1,BN_graphical/src/ai_extraction/verification_queue.py:256
touch.haptic_fractal_dimension,extraction_output_field,Article_Eater_PostQuinean_v1,1,2,Article_Eater_PostQuinean_v1/contracts/vocab/environment_lookup.json:1490; Article_Eater_PostQuinean_v1/contracts/vocab/environment_lookup.json:4445
touch.hardness_rating,extraction_output_field,Article_Eater_PostQuinean_v1,1,2,Article_Eater_PostQuinean_v1/contracts/vocab/environment_lookup.json:1492; Article_Eater_PostQuinean_v1/contracts/vocab/environment_lookup.json:4452
touch.surface_roughness_spectrum_slope,extraction_output_field,Article_Eater_PostQuinean_v1,1,2,Article_Eater_PostQuinean_v1/contracts/vocab/environment_lookup.json:1494; Article_Eater_PostQuinean_v1/contracts/vocab/environment_lookup.json:4459
trail_making_test,extraction_output_field,Article_Eater_PostQuinean_v1,1,1,Article_Eater_PostQuinean_v1/contracts/vocab/task_taxonomy.json:246
training_date,database_column,BN_graphical,1,2,BN_graphical/database/03_model_tables.sql:14; BN_graphical/database/schema.sql:375
traits_measured,extraction_output_field,Article_Eater_PostQuinean_v1,1,2,Article_Eater_PostQuinean_v1/schemas/panel_subjects.schema.json:199; Article_Eater_PostQuinean_v1/schemas/rule_graph.schema.json:245
trajectory_shape,extraction_output_field,Outcome_Contractor,1,1,Outcome_Contractor/article_finder/type_specific_extractor.py:211
transfer_warning,extraction_output_field,Article_Eater_PostQuinean_v1,1,1,Article_Eater_PostQuinean_v1/contracts/vocab/task_taxonomy.json:145
transformVarIndex,extraction_output_field,BN_graphical,1,3,BN_graphical/backups/broken_venvs/bn_venv_20260213_092600/lib/python3.12/site-packages/fontTools/ttLib/tables/otTables.py:359; BN_graphical/bn_venv_py311/lib/python3.11/site-packages/fontTools/ttLib/tables/otTables.py:359; BN_graphical/test_venv_310/lib/python3.10/site-packages/fontTools/ttLib/tables/otTables.py:359
transportability_status,extraction_output_field,BN_graphical,1,1,BN_graphical/contracts/bn.api.v2.schema.json:320
treatment_value,extraction_output_field,BN_graphical,1,1,BN_graphical/contracts/bn.api.v2.schema.json:19
triage_rationale,database_column,Article_Eater_PostQuinean_v1,1,1,Article_Eater_PostQuinean_v1/db/sql/015_complete_schema.sql:194
triage_reasons,database_column,Article_Finder_v3_2_3,1,1,Article_Finder_v3_2_3/core/database.py:54
triage_score,database_column,Article_Finder_v3_2_3,1,1,Article_Finder_v3_2_3/core/database.py:52
triangulation_score,database_column;extraction_output_field,Article_Eater_PostQuinean_v1,1,4,Article_Eater_PostQuinean_v1/db/sql/015_complete_schema.sql:89; Article_Eater_PostQuinean_v1/db/sql/015_core_tables.sql:84; Article_Eater_PostQuinean_v1/init_database.py:99; Article_Eater_PostQuinean_v1/schemas/rule_graph.schema.json:440
triggered_by,database_column,Article_Eater_PostQuinean_v1,1,3,Article_Eater_PostQuinean_v1/db/sql/017_theories.sql:289; Article_Eater_PostQuinean_v1/db/sql/017_theories.sql:306; Article_Eater_PostQuinean_v1/db/sql/018_paper_lifecycle.sql:45
triggering_papers,extraction_output_field,Article_Eater_PostQuinean_v1,1,4,Article_Eater_PostQuinean_v1/contracts/schemas/social_epistemology.schema.json:86; Article_Eater_PostQuinean_v1/contracts/schemas/social_epistemology.v1.schema.json:85; Article_Eater_PostQuinean_v1/ruthless_bundle_2026-02-08/contracts/schemas/social_epistemology.schema.json:86; Article_Eater_PostQuinean_v1/ruthless_bundle_2026-02-08/contracts/schemas/social_epistemology.v1.schema.json:85
trim_and_fill,extraction_output_field,Outcome_Contractor,1,1,Outcome_Contractor/article_finder/type_specific_extractor.py:540
true_positive,enum_value,Article_Eater_PostQuinean_v1,1,1,Article_Eater_PostQuinean_v1/src/services/credibility_feedback.py:39
tupleVariationCount,extraction_output_field,BN_graphical,1,3,BN_graphical/backups/broken_venvs/bn_venv_20260213_092600/lib/python3.12/site-packages/fontTools/ttLib/tables/_c_v_a_r.py:53; BN_graphical/bn_venv_py311/lib/python3.11/site-packages/fontTools/ttLib/tables/_c_v_a_r.py:53; BN_graphical/test_venv_310/lib/python3.10/site-packages/fontTools/ttLib/tables/_c_v_a_r.py:53
two.py,extraction_output_field,BN_graphical,1,3,BN_graphical/backups/broken_venvs/bn_venv_20260213_092600/lib/python3.12/site-packages/setuptools/tests/test_editable_install.py:581; BN_graphical/bn_venv_py311/lib/python3.11/site-packages/setuptools/tests/test_editable_install.py:581; BN_graphical/test_venv_310/lib/python3.10/site-packages/setuptools/tests/test_editable_install.py:582
type_hint,extraction_output_field,Article_Eater_PostQuinean_v1,1,2,Article_Eater_PostQuinean_v1/src/services/table_extractor.py:492; Article_Eater_PostQuinean_v1/src/services/table_extractor.py:501
typical_duration,extraction_output_field,Article_Eater_PostQuinean_v1,1,1,Article_Eater_PostQuinean_v1/contracts/vocab/task_taxonomy.json:192
typical_schemes,extraction_output_field,Article_Eater_PostQuinean_v1,1,3,Article_Eater_PostQuinean_v1/contracts/vocab/argument_schemes.json:111; Article_Eater_PostQuinean_v1/contracts/vocab/argument_schemes.json:116; Article_Eater_PostQuinean_v1/contracts/vocab/argument_schemes.json:121
u_shaped,extraction_output_field,Article_Eater_PostQuinean_v1,1,5,Article_Eater_PostQuinean_v1/docs/CANDIDATE_ARTICLE_TABLE_VERIFICATION_2026_01_23.md:134; Article_Eater_PostQuinean_v1/ruthless_bundle_2026-02-08/src/services/extraction_to_web.py:147; Article_Eater_PostQuinean_v1/scripts/convert_findings_to_rules.py:97; Article_Eater_PostQuinean_v1/src/epistemic/extraction/rule_to_claim_mapper.py:127
ulCodePageRange1,extraction_output_field,BN_graphical,1,3,BN_graphical/backups/broken_venvs/bn_venv_20260213_092600/lib/python3.12/site-packages/fontTools/merge/tables.py:152; BN_graphical/bn_venv_py311/lib/python3.11/site-packages/fontTools/merge/tables.py:152; BN_graphical/test_venv_310/lib/python3.10/site-packages/fontTools/merge/tables.py:152
ulCodePageRange2,extraction_output_field,BN_graphical,1,3,BN_graphical/backups/broken_venvs/bn_venv_20260213_092600/lib/python3.12/site-packages/fontTools/merge/tables.py:153; BN_graphical/bn_venv_py311/lib/python3.11/site-packages/fontTools/merge/tables.py:153; BN_graphical/test_venv_310/lib/python3.10/site-packages/fontTools/merge/tables.py:153
ulUnicodeRange1,extraction_output_field,BN_graphical,1,3,BN_graphical/backups/broken_venvs/bn_venv_20260213_092600/lib/python3.12/site-packages/fontTools/merge/tables.py:140; BN_graphical/bn_venv_py311/lib/python3.11/site-packages/fontTools/merge/tables.py:140; BN_graphical/test_venv_310/lib/python3.10/site-packages/fontTools/merge/tables.py:140
ulUnicodeRange2,extraction_output_field,BN_graphical,1,3,BN_graphical/backups/broken_venvs/bn_venv_20260213_092600/lib/python3.12/site-packages/fontTools/merge/tables.py:141; BN_graphical/bn_venv_py311/lib/python3.11/site-packages/fontTools/merge/tables.py:141; BN_graphical/test_venv_310/lib/python3.10/site-packages/fontTools/merge/tables.py:141
ulUnicodeRange3,extraction_output_field,BN_graphical,1,3,BN_graphical/backups/broken_venvs/bn_venv_20260213_092600/lib/python3.12/site-packages/fontTools/merge/tables.py:142; BN_graphical/bn_venv_py311/lib/python3.11/site-packages/fontTools/merge/tables.py:142; BN_graphical/test_venv_310/lib/python3.10/site-packages/fontTools/merge/tables.py:142
ulUnicodeRange4,extraction_output_field,BN_graphical,1,3,BN_graphical/backups/broken_venvs/bn_venv_20260213_092600/lib/python3.12/site-packages/fontTools/merge/tables.py:143; BN_graphical/bn_venv_py311/lib/python3.11/site-packages/fontTools/merge/tables.py:143; BN_graphical/test_venv_310/lib/python3.10/site-packages/fontTools/merge/tables.py:143
uncertainty_reduction,database_column,Article_Eater_PostQuinean_v1,1,1,Article_Eater_PostQuinean_v1/migrations/006_discovery_funnel.sql:36
uncertainty_type,database_column;extraction_output_field,Article_Eater_PostQuinean_v1,1,3,Article_Eater_PostQuinean_v1/db/sql/017_theories.sql:175; Article_Eater_PostQuinean_v1/ruthless_bundle_2026-02-08/src/services/extraction_to_web.py:1501; Article_Eater_PostQuinean_v1/src/services/extraction_to_web.py:1625
unexpected_findings,extraction_output_field,Outcome_Contractor,1,1,Outcome_Contractor/article_finder/type_specific_extractor.py:175
ungrounded_theory,enum_value,Article_Eater_PostQuinean_v1,1,1,Article_Eater_PostQuinean_v1/src/epistemic/monitors/cross_type_coherence.py:39
uninterpreted_evidence,enum_value,Article_Eater_PostQuinean_v1,1,1,Article_Eater_PostQuinean_v1/src/epistemic/monitors/cross_type_coherence.py:40
unique_cited_papers,extraction_output_field,BN_graphical,1,1,BN_graphical/src/literature_integration/citation_extractor.py:111
unique_projects,extraction_output_field,Article_Eater_PostQuinean_v1,1,1,Article_Eater_PostQuinean_v1/contracts/ae_af/schemas/selection_log.v1.schema.json:89
unique_sources,extraction_output_field,Article_Eater_PostQuinean_v1,1,2,Article_Eater_PostQuinean_v1/contracts/ae_af/schemas/selection_log.v1.schema.json:90; Article_Eater_PostQuinean_v1/src/services/claim_gallery_builder.py:1067
unique_studies,extraction_output_field,Article_Eater_PostQuinean_v1,1,2,Article_Eater_PostQuinean_v1/contracts/ae_af/schemas/selection_log.v1.schema.json:91; Article_Eater_PostQuinean_v1/src/services/claim_gallery_builder.py:1068
unit_of_analysis,extraction_output_field,Outcome_Contractor,1,1,Outcome_Contractor/article_finder/type_specific_extractor.py:394
unit_of_measurement,extraction_output_field,BN_graphical,1,1,BN_graphical/src/schemas/outcome_taxonomy.py:215
unitsPerEm,extraction_output_field,BN_graphical,1,3,BN_graphical/backups/broken_venvs/bn_venv_20260213_092600/lib/python3.12/site-packages/fontTools/merge/tables.py:50; BN_graphical/bn_venv_py311/lib/python3.11/site-packages/fontTools/merge/tables.py:50; BN_graphical/test_venv_310/lib/python3.10/site-packages/fontTools/merge/tables.py:50
unjustified_edge,enum_value,Article_Eater_PostQuinean_v1,1,1,Article_Eater_PostQuinean_v1/src/services/gap_predictor.py:44
unknown_insufficient,enum_value,BN_graphical,1,1,BN_graphical/src/knowledge_query/epistemic_classifier.py:37
unknown_no_studies,enum_value,BN_graphical,1,1,BN_graphical/src/knowledge_query/epistemic_classifier.py:36
unmapped_claims,extraction_output_field,BN_graphical,1,1,BN_graphical/src/bn_integration/claim_mapper.py:128
unmapped_columns,extraction_output_field,Article_Finder_v3_2_3,1,1,Article_Finder_v3_2_3/ingest/smart_importer.py:62
unpaywall_email,extraction_output_field,Outcome_Contractor,1,1,Outcome_Contractor/contracts/search_retrieve_minimodule_contract.md:159
unseen_feature,extraction_output_field,BN_graphical,1,6,BN_graphical/backups/broken_venvs/bn_venv_20260213_092600/lib/python3.12/site-packages/sklearn/feature_extraction/_dict_vectorizer.py:91; BN_graphical/backups/broken_venvs/bn_venv_20260213_092600/lib/python3.12/site-packages/sklearn/feature_extraction/tests/test_dict_vectorizer.py:184; BN_graphical/bn_venv_py311/lib/python3.11/site-packages/sklearn/feature_extraction/_dict_vectorizer.py:91; BN_graphical/bn_venv_py311/lib/python3.11/site-packages/sklearn/feature_extraction/tests/test_dict_vectorizer.py:184
unspecified_outcome,extraction_output_field,Article_Eater_PostQuinean_v1,1,1,Article_Eater_PostQuinean_v1/scripts/build_abstract_reduced_tables.py:329
untested_hypothesis,enum_value,Article_Eater_PostQuinean_v1,1,1,Article_Eater_PostQuinean_v1/src/epistemic/monitors/cross_type_coherence.py:43
unusual_but_valid,enum_value,Article_Eater_PostQuinean_v1,1,1,Article_Eater_PostQuinean_v1/src/services/credibility_feedback.py:59
updated_by,database_column,Tagging_Contractor,1,4,Tagging_Contractor/Archive 2/backend/app/db/database.py:199; Tagging_Contractor/Archive 2/backend/app/db/schema.sql:106; Tagging_Contractor/backend/app/db/database.py:199; Tagging_Contractor/backend/app/db/schema.sql:106
updated_date,database_column,BN_graphical,1,2,BN_graphical/database/04_experiment_tables.sql:48; BN_graphical/database/schema.sql:590
upload_date,database_column,BN_graphical,1,2,BN_graphical/database/01_core_tables.sql:19; BN_graphical/database/schema.sql:19
upward_description,extraction_output_field,Outcome_Contractor,1,1,Outcome_Contractor/contracts/oc_export/constitutive_bridges.json:10
upward_inference,extraction_output_field,Outcome_Contractor,1,832,Outcome_Contractor/contracts/oc_export/bn_outcome_nodes.json:1000; Outcome_Contractor/contracts/oc_export/bn_outcome_nodes.json:10017; Outcome_Contractor/contracts/oc_export/bn_outcome_nodes.json:10037; Outcome_Contractor/contracts/oc_export/bn_outcome_nodes.json:10057
upward_valid,extraction_output_field,Outcome_Contractor,1,1,Outcome_Contractor/contracts/oc_export/constitutive_bridges.json:9
urban_green,extraction_output_field,Article_Eater_PostQuinean_v1,1,2,Article_Eater_PostQuinean_v1/ruthless_bundle_2026-02-08/src/services/scope_extractor.py:195; Article_Eater_PostQuinean_v1/src/services/scope_extractor.py:195
uri_or_path,extraction_output_field,Article_Eater_PostQuinean_v1,1,11,Article_Eater_PostQuinean_v1/contracts/ae_af/schemas/claim_gallery.v1.schema.json:175; Article_Eater_PostQuinean_v1/src/services/claim_gallery_builder.py:249; Article_Eater_PostQuinean_v1/tests/test_claim_gallery_builder.py:105; Article_Eater_PostQuinean_v1/tests/test_claim_gallery_builder.py:125
url_pdf,database_column;extraction_output_field,Article_Eater_PostQuinean_v1,1,4,Article_Eater_PostQuinean_v1/db/sql/015_complete_schema.sql:42; Article_Eater_PostQuinean_v1/db/sql/015_core_tables.sql:39; Article_Eater_PostQuinean_v1/init_database.py:64; Article_Eater_PostQuinean_v1/schemas/article.schema.json:64
usBreakChar,extraction_output_field,BN_graphical,1,3,BN_graphical/backups/broken_venvs/bn_venv_20260213_092600/lib/python3.12/site-packages/fontTools/merge/tables.py:158; BN_graphical/bn_venv_py311/lib/python3.11/site-packages/fontTools/merge/tables.py:158; BN_graphical/test_venv_310/lib/python3.10/site-packages/fontTools/merge/tables.py:158
usDefaultChar,extraction_output_field,BN_graphical,1,3,BN_graphical/backups/broken_venvs/bn_venv_20260213_092600/lib/python3.12/site-packages/fontTools/merge/tables.py:157; BN_graphical/bn_venv_py311/lib/python3.11/site-packages/fontTools/merge/tables.py:157; BN_graphical/test_venv_310/lib/python3.10/site-packages/fontTools/merge/tables.py:157
usLowerOpticalPointSize,extraction_output_field,BN_graphical,1,3,BN_graphical/backups/broken_venvs/bn_venv_20260213_092600/lib/python3.12/site-packages/fontTools/merge/tables.py:161; BN_graphical/bn_venv_py311/lib/python3.11/site-packages/fontTools/merge/tables.py:161; BN_graphical/test_venv_310/lib/python3.10/site-packages/fontTools/merge/tables.py:161
usMaxContext,extraction_output_field,BN_graphical,1,3,BN_graphical/backups/broken_venvs/bn_venv_20260213_092600/lib/python3.12/site-packages/fontTools/merge/tables.py:159; BN_graphical/bn_venv_py311/lib/python3.11/site-packages/fontTools/merge/tables.py:159; BN_graphical/test_venv_310/lib/python3.10/site-packages/fontTools/merge/tables.py:159
usUpperOpticalPointSize,extraction_output_field,BN_graphical,1,3,BN_graphical/backups/broken_venvs/bn_venv_20260213_092600/lib/python3.12/site-packages/fontTools/merge/tables.py:162; BN_graphical/bn_venv_py311/lib/python3.11/site-packages/fontTools/merge/tables.py:162; BN_graphical/test_venv_310/lib/python3.10/site-packages/fontTools/merge/tables.py:162
usWinAscent,extraction_output_field,BN_graphical,1,3,BN_graphical/backups/broken_venvs/bn_venv_20260213_092600/lib/python3.12/site-packages/fontTools/merge/tables.py:149; BN_graphical/bn_venv_py311/lib/python3.11/site-packages/fontTools/merge/tables.py:149; BN_graphical/test_venv_310/lib/python3.10/site-packages/fontTools/merge/tables.py:149
usWinDescent,extraction_output_field,BN_graphical,1,3,BN_graphical/backups/broken_venvs/bn_venv_20260213_092600/lib/python3.12/site-packages/fontTools/merge/tables.py:150; BN_graphical/bn_venv_py311/lib/python3.11/site-packages/fontTools/merge/tables.py:150; BN_graphical/test_venv_310/lib/python3.10/site-packages/fontTools/merge/tables.py:150
usage_count,database_column,Article_Eater_PostQuinean_v1,1,1,Article_Eater_PostQuinean_v1/db/sql/014_security.sql:14
use_bovens_hartmann,database_column;extraction_output_field,BN_graphical,1,2,BN_graphical/contracts/bn.epistemology.v1.schema.json:206; BN_graphical/migrations/003_add_epistemology.sql:59
use_idf,extraction_output_field,BN_graphical,1,6,BN_graphical/backups/broken_venvs/bn_venv_20260213_092600/lib/python3.12/site-packages/sklearn/feature_extraction/text.py:1633; BN_graphical/backups/broken_venvs/bn_venv_20260213_092600/lib/python3.12/site-packages/sklearn/feature_extraction/text.py:1979; BN_graphical/bn_venv_py311/lib/python3.11/site-packages/sklearn/feature_extraction/text.py:1633; BN_graphical/bn_venv_py311/lib/python3.11/site-packages/sklearn/feature_extraction/text.py:1979
use_theory_only,enum_value,BN_graphical,1,1,BN_graphical/src/goldilocks_refinement/functional_form.py:88
used_as_moderator,extraction_output_field,Article_Eater_PostQuinean_v1,1,2,Article_Eater_PostQuinean_v1/schemas/panel_subjects.schema.json:15; Article_Eater_PostQuinean_v1/schemas/rule_graph.schema.json:269
used_tag_ids,extraction_output_field,Tagging_Contractor,1,2,Tagging_Contractor/Archive 2/core/trs-core/v0.2.8/schemas/json_schema/manifests/consumer_manifest.schema.json:23; Tagging_Contractor/core/trs-core/v0.2.8/schemas/json_schema/manifests/consumer_manifest.schema.json:23
v1_call_count,database_column,BN_graphical,1,1,BN_graphical/migrations/004_panel_review_fixes.sql:99
v1_endpoints,extraction_output_field,BN_graphical,1,1,BN_graphical/contracts/bn.api.v2.schema.json:667
v2_call_count,database_column,BN_graphical,1,1,BN_graphical/migrations/004_panel_review_fixes.sql:100
valid_questionable,extraction_output_field,Article_Eater_PostQuinean_v1,1,1,Article_Eater_PostQuinean_v1/src/epistemic/extraction/theoretical_extractor.py:535
valid_supported,extraction_output_field,Article_Eater_PostQuinean_v1,1,1,Article_Eater_PostQuinean_v1/src/epistemic/extraction/theoretical_extractor.py:533
validation_alias,extraction_output_field,BN_graphical,1,3,BN_graphical/backups/broken_venvs/bn_venv_20260213_092600/lib/python3.12/site-packages/pydantic/_internal/_generate_schema.py:2141; BN_graphical/bn_venv_py311/lib/python3.11/site-packages/pydantic/_internal/_generate_schema.py:2141; BN_graphical/test_venv_310/lib/python3.10/site-packages/pydantic/_internal/_generate_schema.py:2141
validation_date,database_column,BN_graphical,1,2,BN_graphical/database/03_model_tables.sql:117; BN_graphical/database/schema.sql:478
validity_score,extraction_output_field,BN_graphical,1,1,BN_graphical/contracts/bn.api.v2.schema.json:424
value_1,extraction_output_field,BN_graphical,1,15,BN_graphical/backups/broken_venvs/bn_venv_20260213_092600/lib/python3.12/site-packages/fontTools/varLib/interpolatable.py:233; BN_graphical/backups/broken_venvs/bn_venv_20260213_092600/lib/python3.12/site-packages/fontTools/varLib/interpolatable.py:253; BN_graphical/backups/broken_venvs/bn_venv_20260213_092600/lib/python3.12/site-packages/fontTools/varLib/interpolatable.py:270; BN_graphical/backups/broken_venvs/bn_venv_20260213_092600/lib/python3.12/site-packages/fontTools/varLib/interpolatable.py:290
value_2,extraction_output_field,BN_graphical,1,15,BN_graphical/backups/broken_venvs/bn_venv_20260213_092600/lib/python3.12/site-packages/fontTools/varLib/interpolatable.py:234; BN_graphical/backups/broken_venvs/bn_venv_20260213_092600/lib/python3.12/site-packages/fontTools/varLib/interpolatable.py:254; BN_graphical/backups/broken_venvs/bn_venv_20260213_092600/lib/python3.12/site-packages/fontTools/varLib/interpolatable.py:271; BN_graphical/backups/broken_venvs/bn_venv_20260213_092600/lib/python3.12/site-packages/fontTools/varLib/interpolatable.py:291
value_max,extraction_output_field,Tagging_Contractor,1,1,Tagging_Contractor/contracts/localized_image_tags.schema.json:117
value_min,extraction_output_field,Tagging_Contractor,1,1,Tagging_Contractor/contracts/localized_image_tags.schema.json:116
value_type,extraction_output_field,Tagging_Contractor,1,1702,Tagging_Contractor/Archive 2/core/trs-core/v0.2.8/contracts/image_tagger_contract_v0.2.8.json:1014; Tagging_Contractor/Archive 2/core/trs-core/v0.2.8/contracts/image_tagger_contract_v0.2.8.json:1031; Tagging_Contractor/Archive 2/core/trs-core/v0.2.8/contracts/image_tagger_contract_v0.2.8.json:1048; Tagging_Contractor/Archive 2/core/trs-core/v0.2.8/contracts/image_tagger_contract_v0.2.8.json:1065
var_args,extraction_output_field,BN_graphical,1,1,BN_graphical/bn_venv/lib/python3.14/site-packages/pydantic/json_schema.py:1972
var_kwargs_uniform,extraction_output_field,BN_graphical,1,1,BN_graphical/bn_venv/lib/python3.14/site-packages/pydantic/json_schema.py:1974
variance_flag,database_column,BN_graphical,1,2,BN_graphical/database/02_rating_tables.sql:50; BN_graphical/database/schema.sql:202
vect__ngram_range,extraction_output_field,BN_graphical,1,6,BN_graphical/backups/broken_venvs/bn_venv_20260213_092600/lib/python3.12/site-packages/sklearn/feature_extraction/tests/test_text.py:943; BN_graphical/backups/broken_venvs/bn_venv_20260213_092600/lib/python3.12/site-packages/sklearn/feature_extraction/tests/test_text.py:979; BN_graphical/bn_venv_py311/lib/python3.11/site-packages/sklearn/feature_extraction/tests/test_text.py:943; BN_graphical/bn_venv_py311/lib/python3.11/site-packages/sklearn/feature_extraction/tests/test_text.py:979
vect__norm,extraction_output_field,BN_graphical,1,3,BN_graphical/backups/broken_venvs/bn_venv_20260213_092600/lib/python3.12/site-packages/sklearn/feature_extraction/tests/test_text.py:980; BN_graphical/bn_venv_py311/lib/python3.11/site-packages/sklearn/feature_extraction/tests/test_text.py:980; BN_graphical/test_venv_310/lib/python3.10/site-packages/sklearn/feature_extraction/tests/test_text.py:980
venues_added,extraction_output_field,Article_Finder_v3_2_3,1,2,Article_Finder_v3_2_3/ingest/enricher.py:149; Article_Finder_v3_2_3/ingest/enricher.py:38
verification_checklist,enum_value,Article_Eater_PostQuinean_v1,1,2,Article_Eater_PostQuinean_v1/src/services/export_audit.py:47; Article_Eater_PostQuinean_v1/src/services/report_generator.py:48
verification_date,database_column,BN_graphical,1,4,BN_graphical/database/01_core_tables.sql:132; BN_graphical/database/05_provenance_tables.sql:73; BN_graphical/database/schema.sql:132; BN_graphical/database/schema.sql:818
verified_at,database_column,BN_graphical,1,1,BN_graphical/migrations/006_sprint2_enhanced_edges.sql:92
verified_by,extraction_output_field,BN_graphical,1,3,BN_graphical/src/bn_integration/claim_mapper.py:94; BN_graphical/src/schemas/enhanced_edge.py:225; BN_graphical/src/schemas/population_qualifier.py:259
very_low,enum_value,BN_graphical,1,1,BN_graphical/src/knowledge_query/response_builder.py:38
very_low_ratio,enum_value,BN_graphical,1,1,BN_graphical/bn_venv/lib/python3.14/site-packages/scipy/_lib/cobyqa/settings.py:58
very_weak,enum_value,BN_graphical,1,1,BN_graphical/src/literature_integration/literature_linker.py:52
viewing_duration_sec,extraction_output_field,Outcome_Contractor,1,2,Outcome_Contractor/docs/PANEL_CONSULTATION_EXTRACTION_TABLES_2026_02_08.md:167; Outcome_Contractor/docs/PANEL_CONSULTATION_EXTRACTION_TABLES_2026_02_08.md:177
violation_consequence,database_column,Article_Eater_PostQuinean_v1,1,1,Article_Eater_PostQuinean_v1/db/sql/017_theories.sql:98
visual.color,extraction_output_field,Outcome_Contractor,1,1,Outcome_Contractor/article_finder/ae_claim_extractor.py:193
visual.complexity,extraction_output_field,Outcome_Contractor,1,1,Outcome_Contractor/article_finder/ae_claim_extractor.py:194
visual.order,extraction_output_field,Outcome_Contractor,1,1,Outcome_Contractor/article_finder/ae_claim_extractor.py:195
visual_complexity,extraction_output_field,Outcome_Contractor,1,1,Outcome_Contractor/docs/PANEL_CONSULTATION_EXTRACTION_TABLES_2026_02_08.md:543
visual_properties,extraction_output_field,Outcome_Contractor,1,1,Outcome_Contractor/article_finder/seven_panel_extractor.py:221
vocabulary_code,extraction_output_field,Tagging_Contractor,1,1,Tagging_Contractor/contracts/localized_image_tags.schema.json:88
vocabulary_expansions,extraction_output_field,Article_Eater_PostQuinean_v1,1,3,Article_Eater_PostQuinean_v1/contracts/ae_af/schemas/ae.gap_report.v1.schema.json:233; Article_Eater_PostQuinean_v1/contracts/ae_af/schemas/ae.query_response.v1.schema.json:110; Article_Eater_PostQuinean_v1/docs/MVP_CONTRACTS.md:309
vocabulary_stats,extraction_output_field,Outcome_Contractor,1,1,Outcome_Contractor/contracts/oc_export/VERSION_MANIFEST.json:7
voi_after,database_column,Article_Eater_PostQuinean_v1,1,1,Article_Eater_PostQuinean_v1/migrations/006_discovery_funnel.sql:175
voi_before,database_column,Article_Eater_PostQuinean_v1,1,1,Article_Eater_PostQuinean_v1/migrations/006_discovery_funnel.sql:174
voi_flag,extraction_output_field,Article_Eater_PostQuinean_v1,1,1,Article_Eater_PostQuinean_v1/contracts/ae_af/schemas/ae.bridge.v1.schema.json:125
voi_reduction,database_column,Article_Eater_PostQuinean_v1,1,1,Article_Eater_PostQuinean_v1/migrations/006_discovery_funnel.sql:176
voi_score,extraction_output_field,Article_Eater_PostQuinean_v1,1,2,Article_Eater_PostQuinean_v1/contracts/ae_af/schemas/ae.gap_report.v1.schema.json:158; Article_Eater_PostQuinean_v1/docs/MVP_CONTRACTS.md:293
warrant_statement,extraction_output_field,Article_Eater_PostQuinean_v1,1,1,Article_Eater_PostQuinean_v1/contracts/ae_af/schemas/ae.bridge.v1.schema.json:31
warrant_type,extraction_output_field,Article_Eater_PostQuinean_v1,1,1,Article_Eater_PostQuinean_v1/contracts/ae_af/schemas/ae.web_state.v1.schema.json:177
warrant_undercut,enum_value,Outcome_Contractor,1,1,Outcome_Contractor/core/argument_taxonomy.py:222
wave_intervals,extraction_output_field,Outcome_Contractor,1,1,Outcome_Contractor/article_finder/type_specific_extractor.py:204
wayfinding_success,bn_node_definition,Article_Eater_PostQuinean_v1,1,1,Article_Eater_PostQuinean_v1/src/epistemic/bn_edges.py:144
weak_evidence,enum_value,BN_graphical,1,1,BN_graphical/src/literature_integration/opportunity_scorer.py:34
weak_support,enum_value,Article_Eater_PostQuinean_v1,1,1,Article_Eater_PostQuinean_v1/src/services/discovery_funnel.py:44
web_id,database_column,Article_Eater_PostQuinean_v1,1,3,Article_Eater_PostQuinean_v1/migrations/005_add_entrenchment_tracker.sql:22; Article_Eater_PostQuinean_v1/migrations/005_add_entrenchment_tracker.sql:46; Article_Eater_PostQuinean_v1/migrations/006_discovery_funnel.sql:55
web_integration_succeeded,extraction_output_field,Article_Eater_PostQuinean_v1,1,1,Article_Eater_PostQuinean_v1/contracts/ae_af/schemas/ae.coherence_summary.v1.schema.json:35
web_snapshot_id,extraction_output_field,Article_Eater_PostQuinean_v1,1,1,Article_Eater_PostQuinean_v1/contracts/ae_af/schemas/image_feedback.v1.schema.json:57
weight_assigned,extraction_output_field,Article_Eater_PostQuinean_v1,1,1,Article_Eater_PostQuinean_v1/contracts/vocab/institution_tiers.json:14
weight_in_quality,extraction_output_field,Article_Eater_PostQuinean_v1,1,1,Article_Eater_PostQuinean_v1/contracts/vocab/institution_tiers.json:100
weighted_average,enum_value,BN_graphical,1,1,BN_graphical/src/bn_integration/bayesian_updater.py:44
weird_breakdown,extraction_output_field,Outcome_Contractor,1,1,Outcome_Contractor/article_finder/seven_panel_extractor.py:1431
weird_only_count,extraction_output_field,BN_graphical,1,1,BN_graphical/src/schemas/enhanced_edge.py:714
weird_range,extraction_output_field,BN_graphical,1,1,BN_graphical/src/schemas/population_qualifier.py:492
well_characterized,enum_value,Article_Eater_PostQuinean_v1,1,1,Article_Eater_PostQuinean_v1/src/methods/registry.py:42
well_supported,enum_value,Article_Eater_PostQuinean_v1,1,1,Article_Eater_PostQuinean_v1/src/epistemic/monitors/theory_monitor.py:28
well_tested,enum_value,Article_Eater_PostQuinean_v1,1,1,Article_Eater_PostQuinean_v1/src/models/theory_models.py:116
western_european,enum_value,BN_graphical,1,1,BN_graphical/src/schemas/population_qualifier.py:47
what_affects,enum_value,Article_Finder_v3_2_3,1,1,Article_Finder_v3_2_3/knowledge/query_engine.py:26
what_evidence,enum_value,Article_Eater_PostQuinean_v1,1,1,Article_Eater_PostQuinean_v1/src/services/query_parser.py:41
what_if,enum_value,BN_graphical,1,1,BN_graphical/src/simulate_query/counterfactual.py:37
what_is,enum_value,Article_Eater_PostQuinean_v1,1,1,Article_Eater_PostQuinean_v1/src/services/query_parser.py:35
what_know,enum_value,Article_Eater_PostQuinean_v1,1,1,Article_Eater_PostQuinean_v1/src/services/query_parser.py:40
what_unknown,enum_value,Article_Eater_PostQuinean_v1,1,1,Article_Eater_PostQuinean_v1/src/services/query_parser.py:53
when_does,enum_value,Article_Eater_PostQuinean_v1,1,1,Article_Eater_PostQuinean_v1/src/services/query_parser.py:56
where_mentioned,extraction_output_field,Outcome_Contractor,1,1,Outcome_Contractor/article_finder/seven_panel_extractor.py:906
which_better,enum_value,Article_Eater_PostQuinean_v1,1,1,Article_Eater_PostQuinean_v1/src/services/query_parser.py:45
why_believe,enum_value,Article_Eater_PostQuinean_v1,1,1,Article_Eater_PostQuinean_v1/src/services/query_parser.py:49
why_illuminating,extraction_output_field,Outcome_Contractor,1,2,Outcome_Contractor/article_finder/seven_panel_extractor.py:135; Outcome_Contractor/article_finder/seven_panel_extractor.py:1383
width_high,extraction_output_field,BN_graphical,1,1,BN_graphical/src/mechanisms/mechanism_schema.py:311
width_low,extraction_output_field,BN_graphical,1,1,BN_graphical/src/mechanisms/mechanism_schema.py:310
window_size,extraction_output_field,Tagging_Contractor,1,1,Tagging_Contractor/contracts/localized_image_tags.schema.json:114
with_authors,extraction_output_field,Article_Finder_v3_2_3,1,1,Article_Finder_v3_2_3/ingest/citation_parser.py:652
with_doi,extraction_output_field,Article_Finder_v3_2_3,1,2,Article_Finder_v3_2_3/ingest/citation_parser.py:649; Article_Finder_v3_2_3/ingest/pdf_cataloger.py:391
with_pdf,extraction_output_field,Article_Finder_v3_2_3,1,1,Article_Finder_v3_2_3/ingest/zotero_bridge.py:727
with_statistics,extraction_output_field,Outcome_Contractor,1,1,Outcome_Contractor/article_finder/table_extractor.py:283
with_ties,extraction_output_field,BN_graphical,1,4,BN_graphical/backups/broken_venvs/bn_venv_20260213_092600/lib/python3.12/site-packages/sqlalchemy/sql/selectable.py:4058; BN_graphical/bn_venv/lib/python3.14/site-packages/sqlalchemy/sql/selectable.py:4304; BN_graphical/bn_venv_py311/lib/python3.11/site-packages/sqlalchemy/sql/selectable.py:4058; BN_graphical/test_venv_310/lib/python3.10/site-packages/sqlalchemy/sql/selectable.py:4058
with_title,extraction_output_field,Article_Finder_v3_2_3,1,1,Article_Finder_v3_2_3/ingest/citation_parser.py:650
with_year,extraction_output_field,Article_Finder_v3_2_3,1,1,Article_Finder_v3_2_3/ingest/citation_parser.py:651
within_case_analysis,extraction_output_field,Outcome_Contractor,1,1,Outcome_Contractor/article_finder/type_specific_extractor.py:407
within_subjects,enum_value;extraction_output_field,Article_Eater_PostQuinean_v1,1,3,Article_Eater_PostQuinean_v1/ruthless_bundle_2026-02-08/src/services/scope_extractor.py:470; Article_Eater_PostQuinean_v1/src/epistemic/extraction/source_quality_metadata.py:31; Article_Eater_PostQuinean_v1/src/services/scope_extractor.py:470
without_pdf,extraction_output_field,Article_Finder_v3_2_3,1,1,Article_Finder_v3_2_3/ingest/zotero_bridge.py:728
without_pdf_but_has_doi,extraction_output_field,Article_Finder_v3_2_3,1,1,Article_Finder_v3_2_3/ingest/zotero_bridge.py:729
witness_testimony,enum_value,BN_graphical,1,1,BN_graphical/src/literature_integration/argument_structure.py:54
wood_coverage,extraction_output_field,BN_graphical,1,9,BN_graphical/docs/DATABASE_SCHEMA.md:1227; BN_graphical/docs/DATABASE_SCHEMA.md:1544; BN_graphical/docs/DATABASE_SCHEMA.md:346; BN_graphical/tests/test_contracts.py:188
wrong_outcome,extraction_output_field,BN_graphical,1,1,BN_graphical/docs/research/ARTICLE_TYPE_ARGUMENT_TABLES.md:630
wrong_population,extraction_output_field,BN_graphical,1,1,BN_graphical/docs/research/ARTICLE_TYPE_ARGUMENT_TABLES.md:630
wrong_start_point,enum_value,BN_graphical,1,3,BN_graphical/backups/broken_venvs/bn_venv_20260213_092600/lib/python3.12/site-packages/fontTools/varLib/interpolatableHelpers.py:24; BN_graphical/bn_venv_py311/lib/python3.11/site-packages/fontTools/varLib/interpolatableHelpers.py:24; BN_graphical/test_venv_310/lib/python3.10/site-packages/fontTools/varLib/interpolatableHelpers.py:24
xAvgCharWidth,extraction_output_field,BN_graphical,1,3,BN_graphical/backups/broken_venvs/bn_venv_20260213_092600/lib/python3.12/site-packages/fontTools/merge/tables.py:137; BN_graphical/bn_venv_py311/lib/python3.11/site-packages/fontTools/merge/tables.py:137; BN_graphical/test_venv_310/lib/python3.10/site-packages/fontTools/merge/tables.py:137
xMaxExtent,extraction_output_field,BN_graphical,1,3,BN_graphical/backups/broken_venvs/bn_venv_20260213_092600/lib/python3.12/site-packages/fontTools/merge/tables.py:74; BN_graphical/bn_venv_py311/lib/python3.11/site-packages/fontTools/merge/tables.py:74; BN_graphical/test_venv_310/lib/python3.10/site-packages/fontTools/merge/tables.py:74
x_axis,extraction_output_field,Article_Eater_PostQuinean_v1,1,1,Article_Eater_PostQuinean_v1/contracts/ae_af/schemas/ae.gap_report.v1.schema.json:251
yEndRatio,extraction_output_field,BN_graphical,1,3,BN_graphical/backups/broken_venvs/bn_venv_20260213_092600/lib/python3.12/site-packages/fontTools/ttLib/tables/V_D_M_X_.py:223; BN_graphical/bn_venv_py311/lib/python3.11/site-packages/fontTools/ttLib/tables/V_D_M_X_.py:223; BN_graphical/test_venv_310/lib/python3.10/site-packages/fontTools/ttLib/tables/V_D_M_X_.py:223
yMaxExtent,extraction_output_field,BN_graphical,1,3,BN_graphical/backups/broken_venvs/bn_venv_20260213_092600/lib/python3.12/site-packages/fontTools/merge/tables.py:91; BN_graphical/bn_venv_py311/lib/python3.11/site-packages/fontTools/merge/tables.py:91; BN_graphical/test_venv_310/lib/python3.10/site-packages/fontTools/merge/tables.py:91
yPelHeight,extraction_output_field,BN_graphical,1,3,BN_graphical/backups/broken_venvs/bn_venv_20260213_092600/lib/python3.12/site-packages/fontTools/ttLib/tables/V_D_M_X_.py:160; BN_graphical/bn_venv_py311/lib/python3.11/site-packages/fontTools/ttLib/tables/V_D_M_X_.py:160; BN_graphical/test_venv_310/lib/python3.10/site-packages/fontTools/ttLib/tables/V_D_M_X_.py:160
yStartRatio,extraction_output_field,BN_graphical,1,3,BN_graphical/backups/broken_venvs/bn_venv_20260213_092600/lib/python3.12/site-packages/fontTools/ttLib/tables/V_D_M_X_.py:222; BN_graphical/bn_venv_py311/lib/python3.11/site-packages/fontTools/ttLib/tables/V_D_M_X_.py:222; BN_graphical/test_venv_310/lib/python3.10/site-packages/fontTools/ttLib/tables/V_D_M_X_.py:222
y_axis,extraction_output_field,Article_Eater_PostQuinean_v1,1,1,Article_Eater_PostQuinean_v1/contracts/ae_af/schemas/ae.gap_report.v1.schema.json:255
year_introduced,database_column,Article_Eater_PostQuinean_v1,1,1,Article_Eater_PostQuinean_v1/db/sql/017_theories.sql:42
yet_another,extraction_output_field,BN_graphical,1,3,BN_graphical/backups/broken_venvs/bn_venv_20260213_092600/lib/python3.12/site-packages/setuptools/tests/test_editable_install.py:796; BN_graphical/bn_venv_py311/lib/python3.11/site-packages/setuptools/tests/test_editable_install.py:796; BN_graphical/test_venv_310/lib/python3.10/site-packages/setuptools/tests/test_editable_install.py:797
young_adults,enum_value,Article_Eater_PostQuinean_v1,1,2,Article_Eater_PostQuinean_v1/ruthless_bundle_2026-02-08/src/services/scope_extractor.py:61; Article_Eater_PostQuinean_v1/src/services/scope_extractor.py:61
zotero_added,extraction_output_field,Article_Finder_v3_2_3,1,1,Article_Finder_v3_2_3/ingest/zotero_connector.py:266
zotero_dir,extraction_output_field,Article_Finder_v3_2_3,1,1,Article_Finder_v3_2_3/ingest/zotero_bridge.py:313
zotero_item_id,extraction_output_field,Article_Finder_v3_2_3,1,1,Article_Finder_v3_2_3/ingest/zotero_connector.py:263
zotero_items_found,extraction_output_field,Article_Finder_v3_2_3,1,1,Article_Finder_v3_2_3/ingest/zotero_bridge.py:66
zotero_key,extraction_output_field,Article_Finder_v3_2_3,1,2,Article_Finder_v3_2_3/ingest/zotero_bridge.py:42; Article_Finder_v3_2_3/ingest/zotero_connector.py:264
zotero_modified,extraction_output_field,Article_Finder_v3_2_3,1,1,Article_Finder_v3_2_3/ingest/zotero_connector.py:267
zotero_pdfs_found,extraction_output_field,Article_Finder_v3_2_3,1,1,Article_Finder_v3_2_3/ingest/zotero_bridge.py:67
zotero_type,extraction_output_field,Article_Finder_v3_2_3,1,1,Article_Finder_v3_2_3/ingest/zotero_connector.py:265
